pattern,lag,stop_loss,take_profit,trailing_stop,position_size,holding_time,source,total_return,total_return_pct,win_rate,total_trades,max_drawdown,max_drawdown_pct,sharpe_ratio,profit_factor,avg_trade_duration_minutes,avg_trade_return_pct,final_value,risk_adjusted_return
btc_bullish,0,0.0075,0.05,0.0,0.05,45,high_frequency,0.007027808388141193,0.7027808388141192,0.23943661971830985,71,-0.016408525472645707,-1.6408525472645707,9.410316126257815,1.1226816573773148,1.7488262910798122e-10,0.20294648202005688,10070.278083881412,0.007027808388141193
btc_hl_breakout_9m,0,0.0125,0.02,0.0,0.05,30,high_frequency,0.010528027741793301,1.05280277417933,0.44285714285714284,70,-0.015365962045129189,-1.536596204512919,14.668865611023081,1.1964730715873675,1.5714285714285714e-10,0.30384950327813565,10105.280277417933,0.010528027741793301
btc_vol_breakout_9m,0,0.0125,0.02,0.0,0.2,20,high_frequency,0.02879735726964964,2.879735726964964,0.4666666666666667,45,-0.04755677937085401,-4.755677937085401,14.68636138923755,1.2222665486368125,1.662962962962963e-10,0.32924579785131464,10287.973572696497,0.02879735726964964
btc_vol_breakout_3m,0,0.03,0.04,0.0,0.05,5,high_frequency,0.010907047599548327,1.0907047599548327,0.5151515151515151,33,-0.014948950182737342,-1.4948950182737342,16.44843029006251,1.29330358823375,3.676767676767677e-10,0.6664041958029758,10109.070475995482,0.010907047599548327
btc_hl_breakout_4m,0,0.0175,0.04,0.0,0.25,30,high_frequency,0.03559285793241629,3.559285793241629,0.41304347826086957,46,-0.06661733534506908,-6.661733534506908,11.483743894756923,1.1502210269467752,2.757246376811594e-10,0.3326482152072437,10355.928579324163,0.03559285793241629
btc_vol_breakout_10m,0,0.005,0.05,0.0,0.05,30,high_frequency,0.0018062920187639294,0.18062920187639295,0.2222222222222222,45,-0.010719055322487292,-1.0719055322487292,3.656433992372987,1.0578048627977956,1.740740740740741e-10,0.08391815029792539,10018.06292018764,0.0018062920187639294
btc_hl_breakout_5m,0,0.025,0.045,0.0,0.1,90,high_frequency,0.012540617732795203,1.2540617732795203,0.425,40,-0.03733660091621538,-3.733660091621538,9.498591912864654,1.1383065729165767,3.2e-10,0.3256814617669514,10125.406177327952,0.012540617732795203
btc_small_up_9m,0,0.03,0.01,0.0,0.2,60,high_frequency,0.028773769645399194,2.8773769645399194,0.6938775510204082,49,-0.04030692889278398,-4.030692889278398,13.008413545438545,1.2158423235817701,1.9727891156462585e-10,0.3048303098512861,10287.737696453993,0.028773769645399194
btc_hl_breakout_6m,0,0.015,0.05,0.0,0.15,15,high_frequency,-0.011400541518676777,-1.1400541518676777,0.2857142857142857,42,-0.05208167952788412,-5.208167952788411,-5.362315538715479,0.9168409605877117,3e-10,-0.16240660924892306,9885.994584813232,-0.011400541518676777
btc_hl_breakout_3m,0,0.0125,0.035,0.0,0.1,10,high_frequency,0.022011259325528967,2.2011259325528965,0.41509433962264153,53,-0.027430682899862946,-2.7430682899862946,17.046437126009188,1.243948541854516,2.210691823899371e-10,0.42101730329576975,10220.11259325529,0.022011259325528967
btc_hl_breakout_10m,0,0.01,0.035,0.0,0.15,60,high_frequency,0.013140164875732534,1.3140164875732534,0.3103448275862069,58,-0.04948991774646572,-4.948991774646572,6.884022874481018,1.0860780932944787,1.8735632183908046e-10,0.16599142815787782,10131.401648757324,0.013140164875732534
btc_small_down_10m,0,0.005,0.01,0.0,0.25,20,high_frequency,0.01998085613164476,1.998085613164476,0.39080459770114945,87,-0.05786691114924969,-5.7866911149249685,9.755442318395556,1.1050108180521507,6.398467432950191e-11,0.09758053949283395,10199.808561316448,0.01998085613164476
btc_hl_breakout_7m,0,0.03,0.035,0.0,0.25,5,high_frequency,0.03857327629569018,3.8573276295690175,0.475,40,-0.10976733690137441,-10.976733690137442,11.46588257249766,1.1560982455591795,3.2375e-10,0.4178293071237937,10385.7327629569,0.03857327629569018
btc_hl_breakout_10m,0,0.005,0.03,0.0,0.2,30,high_frequency,0.005163983117614726,0.5163983117614726,0.26582278481012656,79,-0.1013716458506202,-10.13716458506202,2.6920118742235695,1.0232692485399955,1.219409282700422e-10,0.04736776756379912,10051.639831176148,0.005163983117614726
btc_alt_aligned,0,0.0125,0.015,0.0,0.25,60,high_frequency,0.03778278628369003,3.778278628369003,0.46875,96,-0.08537899845260455,-8.537899845260455,10.874859470863415,1.106143595776763,1.3489583333333333e-10,0.17265171929101675,10377.8278628369,0.03778278628369003
btc_hl_breakout_6m,0,0.015,0.06,0.0,0.15,60,high_frequency,-0.01898153604189254,-1.898153604189254,0.23076923076923078,39,-0.06768637870553551,-6.768637870553551,-9.130471108907278,0.8607553908202028,3.2179487179487177e-10,-0.30568584843843066,9810.184639581075,-0.01898153604189254
btc_hl_breakout_2m,0,0.02,0.035,0.0,0.25,15,high_frequency,0.05046247574219156,5.046247574219156,0.45652173913043476,46,-0.06621067599018726,-6.621067599018726,15.568309633590987,1.2147000036325575,2.8007246376811596e-10,0.45729535097995655,10504.624757421916,0.05046247574219156
btc_hl_breakout_4m,0,0.01,0.035,0.0,0.05,30,high_frequency,0.009137260264870786,0.9137260264870786,0.36666666666666664,60,-0.011996938275446123,-1.1996938275446123,14.48980451356627,1.1963242157481642,1.8694444444444444e-10,0.30775568575396123,10091.372602648707,0.009137260264870786
btc_small_up_9m,0,0.0075,0.06,0.0,0.2,45,high_frequency,0.010110845915541268,1.0110845915541269,0.21428571428571427,42,-0.055002535102879335,-5.5002535102879335,4.74161930597648,1.0703422790895583,2.2539682539682539e-10,0.14372933902121482,10101.108459155414,0.010110845915541268
btc_hl_breakout_1m,0,0.01,0.02,0.0,0.15,60,high_frequency,-0.0009585775272206547,-0.09585775272206547,0.40540540540540543,74,-0.05480461972189343,-5.480461972189343,0.05740007945330373,0.9942093696057103,1.3265765765765767e-10,0.0012846385655772765,9990.414224727794,-0.0009585775272206547
btc_alt_aligned,0,0.0075,0.02,0.0,0.1,30,high_frequency,0.004108890599966617,0.4108890599966617,0.36893203883495146,103,-0.035969866977122456,-3.5969866977122456,3.15509935081791,1.0288267362788377,1.2540453074433655e-10,0.04657458528884809,10041.088905999666,0.004108890599966617
btc_vol_breakout_10m,0,0.0175,0.06,0.0,0.1,15,high_frequency,0.012504001872769106,1.2504001872769106,0.32142857142857145,28,-0.021037556256860768,-2.1037556256860768,11.058851950884613,1.2171965886308314,3.660714285714286e-10,0.45811243679122293,10125.040018727692,0.012504001872769106
btc_hl_breakout_4m,0,0.005,0.02,0.0,0.2,15,high_frequency,-0.009848914202575975,-0.9848914202575976,0.313953488372093,86,-0.06823371069127282,-6.8233710691272815,-3.451948205409371,0.9532470294386908,1.0678294573643411e-10,-0.04738766150916533,9901.510857974241,-0.009848914202575975
btc_vol_breakout_9m,0,0.025,0.06,0.0,0.2,15,high_frequency,0.04434725051949651,4.434725051949651,0.38095238095238093,21,-0.04144298409225611,-4.144298409225611,19.219170704212157,1.456232685021931,5.119047619047619e-10,1.0757175954492029,10443.472505194964,0.04434725051949651
btc_hl_breakout_2m,0,0.015,0.035,0.0,0.15,15,high_frequency,0.020363438314493693,2.0363438314493694,0.39215686274509803,51,-0.04048442519713147,-4.048442519713147,11.072120378470277,1.1422174773746077,2.3431372549019606e-10,0.27918782422112765,10203.634383144938,0.020363438314493693
btc_hl_breakout_5m,0,0.015,0.02,0.0,0.05,20,high_frequency,-0.0005180649557819833,-0.05180649557819833,0.453125,64,-0.01699858193432735,-1.699858193432735,-0.6441746191127918,0.98988850882146,1.7239583333333333e-10,-0.012606981958370215,9994.81935044218,-0.0005180649557819833
btc_small_up_10m,0,0.025,0.045,0.0,0.15,45,high_frequency,0.05078849034710895,5.078849034710895,0.4722222222222222,36,-0.04152189377901294,-4.152189377901294,24.236970810065042,1.4445666683377651,2.972222222222222e-10,0.9424310936274337,10507.88490347109,0.05078849034710895
btc_small_up_9m,0,0.015,0.045,0.0,0.05,5,high_frequency,0.004404638490974202,0.4404638490974202,0.34146341463414637,41,-0.014091272891903928,-1.4091272891903928,7.412896879643427,1.1193849880806297,2.349593495934959e-10,0.21965663618162035,10044.046384909741,0.004404638490974202
btc_hl_breakout_10m,0,0.02,0.025,0.0,0.15,5,high_frequency,0.030211880835569492,3.0211880835569493,0.4807692307692308,52,-0.04224005271059961,-4.22400527105996,14.358658816568246,1.201110702239449,2.3173076923076923e-10,0.39975731194245456,10302.118808355695,0.030211880835569492
btc_vol_breakout_8m,0,0.035,0.04,0.0,0.05,5,high_frequency,0.007058117078030534,0.7058117078030535,0.5333333333333333,30,-0.0150321806498952,-1.50321806498952,11.384649828445307,1.1991604004781065,3.8611111111111114e-10,0.4770514895197582,10070.581170780306,0.007058117078030534
btc_alt_aligned,0,0.005,0.035,0.0,0.25,5,high_frequency,0.022757553981679484,2.2757553981679486,0.25806451612903225,93,-0.09607134936083717,-9.607134936083717,6.9704325485290655,1.0673811917424865,1.396057347670251e-10,0.11547566823101713,10227.575539816795,0.022757553981679484
btc_vol_breakout_9m,0,0.005,0.025,0.0,0.05,30,high_frequency,0.0010140156541528199,0.10140156541528199,0.2830188679245283,53,-0.014260991472954454,-1.4260991472954454,2.1766782571578673,1.0295622795713286,1.3584905660377358e-10,0.04126266857799315,10010.140156541529,0.0010140156541528199
btc_small_up_9m,0,0.0175,0.025,0.0,0.1,15,high_frequency,0.002671981620606937,0.2671981620606937,0.4222222222222222,45,-0.03150854003907477,-3.1508540039074773,2.5716517075075744,1.0338434503201133,2.0925925925925927e-10,0.06797881758552111,10026.719816206069,0.002671981620606937
btc_bullish,0,0.03,0.05,0.0,0.2,45,high_frequency,0.052423217004557134,5.242321700455713,0.4166666666666667,36,-0.06462555860508157,-6.462555860508157,17.58266947482023,1.2890637529761553,3.787037037037037e-10,0.7504110190108122,10524.232170045572,0.052423217004557134
btc_vol_breakout_2m,0,0.01,0.06,0.0,0.2,45,high_frequency,0.0103969497013009,1.03969497013009,0.2682926829268293,41,-0.06996447957918739,-6.996447957918739,4.641791789798055,1.0627307229262783,2.9471544715447154e-10,0.15610568671904923,10103.96949701301,0.0103969497013009
btc_hl_breakout_2m,0,0.01,0.05,0.0,0.05,10,high_frequency,0.006592444661786652,0.6592444661786652,0.2962962962962963,54,-0.018326737943512694,-1.8326737943512694,10.105896221872811,1.147950916708061,2.1944444444444443e-10,0.24902869685871132,10065.924446617866,0.006592444661786652
btc_vol_breakout_10m,0,0.0125,0.035,0.0,0.15,90,high_frequency,0.024011893420985416,2.4011893420985415,0.3684210526315789,38,-0.02990084955420802,-2.990084955420802,15.576902339024144,1.2640107324322405,2.1052631578947368e-10,0.42948226760002106,10240.118934209855,0.024011893420985416
btc_hl_breakout_8m,0,0.035,0.035,0.0,0.2,10,high_frequency,0.051464267628905484,5.146426762890548,0.5428571428571428,35,-0.0676040575593243,-6.76040575593243,17.768539377339483,1.2897954261376772,3.7238095238095234e-10,0.7541770629237736,10514.642676289055,0.051464267628905484
btc_small_down_10m,0,0.0175,0.03,0.0,0.15,10,high_frequency,0.01739953523425779,1.739953523425779,0.4444444444444444,45,-0.03345342412890118,-3.3453424128901177,9.983981726091068,1.1464170853945768,2.0888888888888887e-10,0.26960329661647886,10173.995352342577,0.01739953523425779
btc_hl_breakout_1m,0,0.03,0.01,0.0,0.05,5,high_frequency,0.0030470235633407185,0.30470235633407183,0.6610169491525424,59,-0.01734017661858489,-1.734017661858489,5.020547108051874,1.0689143768258738,1.8022598870056497e-10,0.10710167300874938,10030.470235633407,0.0030470235633407185
btc_small_up_10m,0,0.035,0.03,0.0,0.25,10,high_frequency,0.07803549684539197,7.803549684539197,0.5714285714285714,35,-0.07641120051074635,-7.641120051074635,21.47793367781298,1.3933213767096375,3.314285714285714e-10,0.9010729098269844,10780.35496845392,0.07803549684539197
btc_hl_breakout_7m,0,0.0075,0.06,0.0,0.2,30,high_frequency,-0.0019441596881144506,-0.19441596881144507,0.2,55,-0.10104357084444016,-10.104357084444015,0.2081723007295059,0.9905809117222686,2.2272727272727272e-10,0.008098180744319542,9980.558403118855,-0.0019441596881144506
btc_vol_breakout_9m,0,0.03,0.04,0.0,0.1,10,high_frequency,0.020190682231098447,2.0190682231098447,0.5517241379310345,29,-0.028988077281158486,-2.8988077281158486,16.426767520935663,1.3081277872748824,3.8333333333333335e-10,0.7053303566089169,10201.906822310984,0.020190682231098447
btc_hl_breakout_7m,0,0.015,0.035,0.0,0.15,20,high_frequency,0.026159104123955855,2.6159104123955856,0.37735849056603776,53,-0.05527442860426213,-5.527442860426213,12.691477909995001,1.1685877917402614,2.2547169811320756e-10,0.3431172656293449,10261.591041239559,0.026159104123955855
btc_hl_breakout_4m,0,0.015,0.015,0.0,0.15,20,high_frequency,0.035103859057750764,3.5103859057750766,0.5652173913043478,69,-0.0327036631617591,-3.27036631617591,18.26327087204009,1.244423014961068,1.4879227053140098e-10,0.3441851758354723,10351.038590577507,0.035103859057750764
btc_hl_breakout_10m,0,0.0125,0.01,0.0,0.1,60,high_frequency,0.009038406409397078,0.9038406409397077,0.5421686746987951,83,-0.027856716253589542,-2.785671625358954,6.9014983033033355,1.0849426262377713,1.1004016064257029e-10,0.11526362644180294,10090.38406409397,0.009038406409397078
btc_hl_breakout_9m,0,0.03,0.02,0.0,0.25,90,high_frequency,0.06692579767223569,6.692579767223569,0.574468085106383,47,-0.0809213779063056,-8.09213779063056,19.265204039719727,1.2856653789744705,2.471631205673759e-10,0.5827018264280724,10669.257976722358,0.06692579767223569
btc_hl_breakout_5m,0,0.02,0.03,0.0,0.25,20,high_frequency,0.012787963675593119,1.278796367559312,0.45098039215686275,51,-0.09710411618281767,-9.710411618281768,4.794114020917008,1.0483782911784414,2.480392156862745e-10,0.12546834664725087,10127.879636755932,0.012787963675593119
btc_vol_breakout_8m,0,0.0125,0.01,0.0,0.2,45,high_frequency,0.011286373037614589,1.128637303761459,0.5789473684210527,57,-0.03885218568919335,-3.8852185689193353,6.428205081976731,1.091829081977444,1.1286549707602339e-10,0.10740988200799613,10112.863730376146,0.011286373037614589
btc_hl_breakout_8m,0,0.015,0.05,0.0,0.25,60,high_frequency,0.03823834658484343,3.8238346584843432,0.32558139534883723,43,-0.08452405281345299,-8.4524052813453,11.248632599140315,1.161526904092182,2.949612403100775e-10,0.38986449917869964,10382.383465848434,0.03823834658484343
btc_vol_breakout_2m,0,0.035,0.035,0.0,0.2,60,high_frequency,0.04377031340665103,4.377031340665103,0.5675675675675675,37,-0.05869257752736712,-5.869257752736711,16.867265815088583,1.2635431667314665,3.5495495495495495e-10,0.6071856347709429,10437.70313406651,0.04377031340665103
btc_hl_breakout_1m,0,0.0125,0.015,0.0,0.15,20,high_frequency,0.0004963610330270968,0.04963610330270968,0.47368421052631576,76,-0.05494630149135171,-5.494630149135171,0.8175592176699821,1.0030112901115102,1.2346491228070175e-10,0.013899679232055324,10004.963610330271,0.0004963610330270968
btc_vol_breakout_10m,0,0.0175,0.035,0.0,0.2,5,high_frequency,0.005019213717577532,0.5019213717577532,0.40540540540540543,37,-0.06218453718155148,-6.218453718155148,2.7901245501103555,1.032705399146306,2.527027027027027e-10,0.09017816143820911,10050.192137175774,0.005019213717577532
btc_small_down_10m,0,0.005,0.01,0.0,0.2,45,high_frequency,0.01618285945389932,1.618285945389932,0.39080459770114945,87,-0.046518984196974644,-4.651898419697464,9.758958685287004,1.107339905478842,6.398467432950191e-11,0.09758053949283596,10161.828594538993,0.01618285945389932
btc_hl_breakout_4m,0,0.02,0.06,0.0,0.15,10,high_frequency,0.03792639399946111,3.7926393999461108,0.3783783783783784,37,-0.042532365819588525,-4.253236581958852,18.21756026320717,1.2943917433403112,3.5990990990990986e-10,0.6983039576329496,10379.263939994611,0.03792639399946111
btc_small_down_10m,0,0.0125,0.025,0.0,0.15,60,high_frequency,0.05810262855073977,5.810262855073977,0.48,50,-0.03065101612846688,-3.065101612846688,35.19666326247171,1.5933840785616864,1.7566666666666665e-10,0.7644576649426955,10581.026285507398,0.05810262855073977
btc_small_up_10m,0,0.0075,0.01,0.0,0.15,5,high_frequency,0.021627451150576484,2.1627451150576484,0.46153846153846156,78,-0.036813969873454644,-3.6813969873454644,11.485197517040744,1.1616445019850778,8.782051282051282e-11,0.19253853756148004,10216.274511505764,0.021627451150576484
btc_small_up_9m,0,0.0075,0.035,0.0,0.05,30,high_frequency,0.008133194734723787,0.8133194734723787,0.32653061224489793,49,-0.011494546758281099,-1.14945467582811,13.754062686113123,1.2331416751995041,1.826530612244898e-10,0.33499052270865354,10081.331947347238,0.008133194734723787
btc_hl_breakout_9m,0,0.025,0.015,0.0,0.1,5,high_frequency,0.02130980462821757,2.130980462821757,0.5714285714285714,56,-0.03409316559605169,-3.409316559605169,14.803374005482308,1.2193011801130278,2.0833333333333334e-10,0.3877690483089887,10213.098046282175,0.02130980462821757
btc_vol_breakout_8m,0,0.02,0.035,0.0,0.25,60,high_frequency,0.0210267272783346,2.1026727278334603,0.4444444444444444,36,-0.07047918165404377,-7.0479181654043765,7.703560339578231,1.110208055806427,3.0138888888888886e-10,0.26110616699200284,10210.267272783345,0.0210267272783346
btc_vol_breakout_3m,0,0.025,0.03,0.0,0.15,20,high_frequency,0.030460744537491542,3.046074453749154,0.5263157894736842,38,-0.03935308551653516,-3.935308551653516,15.638029673144766,1.2502723655284615,3.153508771929825e-10,0.5468900329541126,10304.607445374915,0.030460744537491542
btc_vol_breakout_8m,0,0.0125,0.035,0.0,0.25,30,high_frequency,0.046020410954644965,4.602041095464497,0.375,40,-0.04883287691340288,-4.883287691340287,17.706906095021807,1.2838505992198426,2.2583333333333335e-10,0.4713360275902674,10460.20410954645,0.046020410954644965
btc_vol_breakout_8m,0,0.0175,0.045,0.0,0.2,45,high_frequency,-0.007715607862001616,-0.7715607862001617,0.35294117647058826,34,-0.06323785854725017,-6.323785854725017,-2.52640148228771,0.9470899809647313,3.0784313725490195e-10,-0.09098711487847973,9922.843921379983,-0.007715607862001616
btc_vol_breakout_2m,0,0.0125,0.06,0.0,0.15,5,high_frequency,0.008093627791689824,0.8093627791689824,0.275,40,-0.05365071967749435,-5.365071967749435,4.562131843478102,1.0659273836070429,3.1458333333333336e-10,0.15586736299944703,10080.936277916899,0.008093627791689824
btc_hl_breakout_6m,0,0.0175,0.06,0.0,0.25,30,high_frequency,-0.048407741407099865,-4.8407741407099865,0.23076923076923078,39,-0.1250809355514605,-12.508093555146049,-14.534538059605561,0.8021599315997883,3.1965811965811965e-10,-0.4717439300327811,9515.922585929002,-0.048407741407099865
btc_small_up_9m,0,0.03,0.035,0.0,0.1,90,high_frequency,0.021438303748267926,2.1438303748267926,0.5151515151515151,33,-0.021538889462159982,-2.1538889462159982,17.597446372307278,1.3131539194959636,3.414141414141414e-10,0.6567086822561481,10214.38303748268,0.021438303748267926
btc_small_down_10m,0,0.005,0.05,0.0,0.25,5,high_frequency,0.025000157279201584,2.5000157279201582,0.22807017543859648,57,-0.05219406365427137,-5.219406365427137,8.736963091359836,1.1297492652724352,1.7923976608187134e-10,0.19187602777652593,10250.001572792016,0.025000157279201584
btc_vol_breakout_10m,0,0.02,0.04,0.0,0.2,60,high_frequency,0.025186705398181835,2.5186705398181837,0.45454545454545453,33,-0.05465514106733815,-5.465514106733815,10.892819507501542,1.1779003999918727,3.065656565656566e-10,0.40310494969522737,10251.867053981818,0.025186705398181835
btc_hl_breakout_1m,0,0.0075,0.045,0.0,0.05,5,high_frequency,-0.0010080968616034056,-0.10080968616034056,0.2631578947368421,57,-0.019871953092747918,-1.9871953092747918,-1.4169813776899693,0.9783438245559506,2.0701754385964912e-10,-0.031160603539871278,9989.919031383966,-0.0010080968616034056
btc_vol_breakout_9m,0,0.01,0.04,0.0,0.2,30,high_frequency,0.023216036527361848,2.3216036527361847,0.3170731707317073,41,-0.03858250540264874,-3.8582505402648737,11.544403665846804,1.1819480346654303,2.329268292682927e-10,0.29624759133770523,10232.16036527362,0.023216036527361848
btc_vol_breakout_9m,0,0.0175,0.03,0.0,0.25,45,high_frequency,0.02787134965947921,2.787134965947921,0.4166666666666667,36,-0.06215392865500313,-6.215392865500313,11.029660457346514,1.166218298601715,2.736111111111111e-10,0.32968239524061077,10278.713496594792,0.02787134965947921
btc_hl_breakout_8m,0,0.0175,0.04,0.0,0.25,60,high_frequency,0.029722471381765127,2.9722471381765128,0.375,48,-0.08752037312160377,-8.752037312160377,9.07392015931797,1.1122249685392966,2.6006944444444443e-10,0.27755589808886094,10297.224713817652,0.029722471381765127
btc_hl_breakout_2m,0,0.015,0.04,0.0,0.15,45,high_frequency,0.026053069820793327,2.6053069820793326,0.3829787234042553,47,-0.040484425197129914,-4.048442519712991,13.801566902602323,1.1954336872498195,2.7056737588652484e-10,0.3817168350876168,10260.530698207933,0.026053069820793327
btc_vol_breakout_9m,0,0.005,0.02,0.0,0.05,10,high_frequency,0.0025886658540367194,0.2588665854036719,0.35185185185185186,54,-0.012171552732685331,-1.2171552732685331,5.42580792427076,1.0782183935439615,1.1728395061728395e-10,0.0986192734943424,10025.886658540367,0.0025886658540367194
btc_hl_breakout_7m,0,0.025,0.02,0.0,0.2,15,high_frequency,0.07726276421766567,7.726276421766568,0.5849056603773585,53,-0.046066449480128724,-4.606644948012873,26.191014458775463,1.4039922240069553,2.2264150943396227e-10,0.7260883584387072,10772.627642176656,0.07726276421766567
btc_alt_aligned,0,0.025,0.05,0.0,0.15,45,high_frequency,0.035240643688463934,3.5240643688463935,0.4,40,-0.051287450809230806,-5.12874508092308,15.474212718455613,1.239374132834291,3.5e-10,0.6058818939399058,10352.40643688464,0.035240643688463934
btc_vol_breakout_3m,0,0.0075,0.01,0.0,0.2,90,high_frequency,-0.04110287178248034,-4.110287178248034,0.425,80,-0.08673375198162792,-8.673375198162791,-18.538736839073067,0.7871081106393448,8.708333333333333e-11,-0.253653154612314,9588.971282175196,-0.04110287178248034
btc_small_up_10m,0,0.02,0.015,0.0,0.2,90,high_frequency,0.03798036247256798,3.7980362472567983,0.5254237288135594,59,-0.060672006670763,-6.0672006670763,13.838555498304482,1.1900313441534016,1.5847457627118643e-10,0.33615965730358077,10379.80362472568,0.03798036247256798
btc_vol_breakout_3m,0,0.035,0.01,0.0,0.1,15,high_frequency,0.01983298470280382,1.983298470280382,0.7358490566037735,53,-0.023246889470883048,-2.3246889470883048,15.699366209693322,1.2629573066772204,1.9748427672955974e-10,0.37926846014957794,10198.329847028039,0.01983298470280382
btc_alt_aligned,0,0.03,0.025,0.0,0.1,30,high_frequency,0.024377360495942683,2.4377360495942684,0.5531914893617021,47,-0.03165452885509534,-3.1654528855095343,16.068001901481846,1.2355645491748555,2.971631205673759e-10,0.5281138754167103,10243.773604959428,0.024377360495942683
btc_small_up_9m,0,0.025,0.06,0.0,0.05,30,high_frequency,0.002224489231668605,0.2224489231668605,0.32142857142857145,28,-0.015960882179942737,-1.5960882179942737,3.6374712852963462,1.06172104268602,4.2023809523809523e-10,0.1686526686756719,10022.244892316687,0.002224489231668605
btc_vol_breakout_9m,0,0.025,0.05,0.0,0.1,10,high_frequency,0.021839478308232754,2.1839478308232754,0.43478260869565216,23,-0.020919162623408427,-2.0919162623408427,19.088985349352463,1.4579809416884462,4.862318840579711e-10,0.957514504135123,10218.394783082327,0.021839478308232754
btc_vol_breakout_9m,0,0.005,0.01,0.0,0.25,15,high_frequency,-0.025543521906446084,-2.5543521906446083,0.3968253968253968,63,-0.06618651381596352,-6.618651381596353,-10.345717265624252,0.8518736525173763,8.73015873015873e-11,-0.15406214278892738,9744.56478093554,-0.025543521906446084
btc_small_down_10m,0,0.02,0.03,0.0,0.15,90,high_frequency,0.02539506539176209,2.539506539176209,0.47619047619047616,42,-0.032712396708515556,-3.2712396708515556,14.125874688261497,1.2266178219213575,2.257936507936508e-10,0.41315089895709284,10253.950653917622,0.02539506539176209
btc_alt_aligned,0,0.015,0.04,0.0,0.05,10,high_frequency,0.011306154989690656,1.1306154989690655,0.36666666666666664,60,-0.016269794415339378,-1.6269794415339378,14.79783261255269,1.206621903523406,2.2833333333333332e-10,0.3808816265162306,10113.061549896907,0.011306154989690656
btc_small_down_10m,0,0.015,0.025,0.0,0.1,45,high_frequency,0.03278607407489884,3.278607407489884,0.48,50,-0.021933027651920622,-2.1933027651920622,29.648072361967763,1.4675750348355745,1.7633333333333334e-10,0.6534549907071991,10327.860740748989,0.03278607407489884
btc_vol_breakout_2m,0,0.0125,0.045,0.0,0.05,90,high_frequency,0.005616266456892197,0.5616266456892197,0.3469387755102041,49,-0.015042943050098567,-1.5042943050098567,8.769848431581405,1.1271659859895837,2.5068027210884354e-10,0.23392303231230252,10056.162664568921,0.005616266456892197
btc_hl_breakout_6m,0,0.0075,0.04,0.0,0.05,20,high_frequency,-0.004707539198786082,-0.47075391987860826,0.26666666666666666,60,-0.023245165296722936,-2.3245165296722936,-7.253581936120118,0.9079486704470126,1.9666666666666669e-10,-0.1532183925954387,9952.92460801214,-0.004707539198786082
btc_hl_breakout_1m,0,0.005,0.03,0.0,0.1,15,high_frequency,-0.0025845872641610526,-0.25845872641610523,0.28205128205128205,78,-0.04472163065791612,-4.472163065791612,-1.8062157992224486,0.9745731547487533,1.2393162393162394e-10,-0.027425684603085813,9974.15412735839,-0.0025845872641610526
btc_alt_aligned,0,0.01,0.04,0.0,0.15,15,high_frequency,0.03349702582806199,3.3497025828061986,0.3235294117647059,68,-0.05043123765182245,-5.043123765182244,14.921616807378978,1.1958968642646406,1.9926470588235293e-10,0.33832174753994904,10334.97025828062,0.03349702582806199
btc_hl_breakout_10m,0,0.015,0.045,0.0,0.15,90,high_frequency,0.02969997567853045,2.9699975678530453,0.37777777777777777,45,-0.045196982967924626,-4.519698296792463,13.925311276173323,1.208253007656436,2.7518518518518523e-10,0.4554863361770355,10296.999756785304,0.02969997567853045
btc_vol_breakout_8m,0,0.0125,0.03,0.0,0.15,60,high_frequency,0.029281209457096863,2.9281209457096864,0.40476190476190477,42,-0.033034914134673965,-3.3034914134673965,18.659374626147713,1.3002227610628376,2.1547619047619048e-10,0.47074998578043703,10292.812094570969,0.029281209457096863
btc_vol_breakout_8m,0,0.0075,0.035,0.0,0.25,10,high_frequency,0.015158501649830715,1.5158501649830716,0.30434782608695654,46,-0.06396375482610961,-6.396375482610961,6.47947134193507,1.0838134730906213,1.992753623188406e-10,0.14963096852262436,10151.585016498308,0.015158501649830715
btc_hl_breakout_8m,0,0.02,0.035,0.0,0.1,5,high_frequency,0.021400386139345768,2.1400386139345766,0.425531914893617,47,-0.031796090675965005,-3.1796090675965005,14.779653634861946,1.2197077319559557,2.7340425531914896e-10,0.4645845994305125,10214.003861393458,0.021400386139345768
btc_hl_breakout_2m,0,0.015,0.015,0.0,0.05,30,high_frequency,0.004474810420927838,0.4474810420927838,0.547945205479452,73,-0.012110580235657253,-1.2110580235657253,7.3980433071086535,1.0880965871676842,1.415525114155251e-10,0.12567835564111948,10044.748104209279,0.004474810420927838
btc_alt_aligned,0,0.0075,0.04,0.0,0.1,10,high_frequency,0.01365719617184726,1.3657196171847261,0.2911392405063291,79,-0.03787141460667198,-3.7871414606671983,9.246010358300573,1.108146085103063,1.6898734177215192e-10,0.18084808014913994,10136.571961718473,0.01365719617184726
btc_hl_breakout_1m,0,0.035,0.015,0.0,0.25,60,high_frequency,0.07901069559810203,7.901069559810203,0.6938775510204082,49,-0.06281940525908303,-6.281940525908302,24.11169835665764,1.4169492339899585,2.4693877551020407e-10,0.6437060827691258,10790.10695598102,0.07901069559810203
btc_hl_breakout_8m,0,0.015,0.04,0.0,0.15,10,high_frequency,0.03304176505407856,3.304176505407856,0.3829787234042553,47,-0.047939133123239164,-4.793913312323916,15.489611870433317,1.2316554655550567,2.673758865248227e-10,0.4817907884815154,10330.417650540785,0.03304176505407856
btc_alt_aligned,0,0.0125,0.04,0.0,0.25,20,high_frequency,0.055664789074630246,5.566478907463025,0.34375,64,-0.07506388669559827,-7.506388669559827,15.213227126374262,1.1891852324130738,2.1302083333333333e-10,0.365455591821191,10556.647890746302,0.055664789074630246
btc_hl_breakout_7m,0,0.015,0.04,0.0,0.15,15,high_frequency,0.025989598475914453,2.5989598475914453,0.3673469387755102,49,-0.05627306950635047,-5.627306950635047,12.52544296387699,1.1772248251513002,2.619047619047619e-10,0.36836944358392437,10259.895984759145,0.025989598475914453
btc_vol_breakout_10m,0,0.015,0.05,0.0,0.05,90,high_frequency,0.012563609441158412,1.2563609441158412,0.3793103448275862,29,-0.009454646783788934,-0.9454646783788934,23.193685904800198,1.5540910118946414,3.35632183908046e-10,0.8674118748502377,10125.636094411584,0.012563609441158412
btc_hl_breakout_1m,0,0.0075,0.025,0.0,0.05,45,high_frequency,-0.0019595553140695984,-0.19595553140695984,0.3382352941176471,68,-0.020738856955378138,-2.0738856955378138,-3.021744576926831,0.9616026503982047,1.5980392156862744e-10,-0.05430681719951711,9980.404446859304,-0.0019595553140695984
btc_alt_aligned,0,0.01,0.04,0.0,0.25,5,high_frequency,0.0546740872382064,5.467408723820641,0.3235294117647059,68,-0.08291786340476603,-8.291786340476603,14.942458341751008,1.185650571271576,1.9926470588235293e-10,0.3383217475399476,10546.740872382064,0.0546740872382064
btc_vol_breakout_8m,0,0.0125,0.025,0.0,0.25,15,high_frequency,0.04443675779242967,4.443675779242967,0.4318181818181818,44,-0.05951766258201896,-5.951766258201896,17.449129115442155,1.261806241893909,1.9886363636363636e-10,0.4143064467779554,10444.367577924297,0.04443675779242967
btc_vol_breakout_2m,0,0.02,0.06,0.0,0.1,60,high_frequency,0.020737637753362365,2.0737637753362366,0.3611111111111111,36,-0.03132473014092352,-3.132473014092352,15.303598982191364,1.2390837674982726,3.62962962962963e-10,0.5901888385370966,10207.376377533623,0.020737637753362365
btc_small_up_9m,0,0.035,0.06,0.0,0.15,30,high_frequency,0.03540842147307003,3.540842147307003,0.45454545454545453,22,-0.039650613036602333,-3.9650613036602333,17.966858630361525,1.4003925512849733,5.5e-10,1.0927993795983204,10354.084214730701,0.03540842147307003
btc_vol_breakout_3m,0,0.005,0.03,0.0,0.25,20,high_frequency,-0.03279961915956483,-3.279961915956483,0.2647058823529412,68,-0.11255127938921716,-11.255127938921717,-10.940390839457397,0.860121429692115,1.1740196078431373e-10,-0.18170242971330738,9672.003808404352,-0.03279961915956483
btc_small_up_9m,0,0.005,0.01,0.0,0.05,5,high_frequency,0.0021513155020869705,0.21513155020869706,0.43478260869565216,69,-0.008994271792166608,-0.8994271792166608,4.2926920559753645,1.0637794075757705,9.29951690821256e-11,0.06463373071861338,10021.51315502087,0.0021513155020869705
btc_small_down_10m,0,0.0175,0.02,0.0,0.15,10,high_frequency,0.02661892447751875,2.661892447751875,0.5306122448979592,49,-0.03140152342049196,-3.140152342049196,15.264463511180493,1.2323445212884347,1.7312925170068028e-10,0.3699302875607565,10266.189244775187,0.02661892447751875
btc_vol_breakout_8m,0,0.02,0.03,0.0,0.05,15,high_frequency,0.010439394227243026,1.0439394227243026,0.4722222222222222,36,-0.011460901366836196,-1.1460901366836196,18.96078875135681,1.335550586073116,2.9305555555555556e-10,0.582568005465162,10104.39394227243,0.010439394227243026
btc_hl_breakout_8m,0,0.03,0.03,0.0,0.15,60,high_frequency,0.028659843215198884,2.8659843215198886,0.5121951219512195,41,-0.04772702927447259,-4.772702927447259,13.376053819243024,1.1998243046830834,3.0975609756097563e-10,0.48365221150578724,10286.598432151988,0.028659843215198884
btc_vol_breakout_10m,0,0.02,0.015,0.0,0.2,90,high_frequency,0.004677975001321511,0.46779750013215105,0.5333333333333333,45,-0.050283525034151344,-5.028352503415134,2.865100273997203,1.0339355623806976,1.7962962962962963e-10,0.06537331595059102,10046.779750013215,0.004677975001321511
btc_hl_breakout_8m,0,0.03,0.06,0.0,0.05,30,high_frequency,0.009023365353773209,0.9023365353773208,0.375,32,-0.020909271790314543,-2.0909271790314543,11.886805664360658,1.1979195687991944,4.3072916666666665e-10,0.5748656821525252,10090.233653537733,0.009023365353773209
btc_small_up_9m,0,0.0075,0.02,0.0,0.05,60,high_frequency,0.01111587766167445,1.111587766167445,0.39655172413793105,58,-0.008337777111746436,-0.8337777111746436,22.356756800851276,1.3536895786752434,1.2902298850574712e-10,0.3841185043950029,10111.158776616745,0.01111587766167445
btc_hl_breakout_6m,0,0.02,0.05,0.0,0.25,10,high_frequency,-0.010315732281086867,-1.0315732281086867,0.34210526315789475,38,-0.0893967624498091,-8.939676244980909,-2.0089519315209268,0.9551432090451489,3.425438596491228e-10,-0.07197467859414011,9896.842677189132,-0.010315732281086867
btc_small_up_10m,0,0.025,0.03,0.0,0.05,90,high_frequency,0.008668039733675385,0.8668039733675384,0.475,40,-0.016331435896237978,-1.6331435896237978,12.36671935179289,1.2046727201958771,2.729166666666667e-10,0.43915940546577265,10086.680397336753,0.008668039733675385
btc_vol_breakout_3m,0,0.025,0.015,0.0,0.2,45,high_frequency,0.07492996270147227,7.492996270147227,0.66,50,-0.03307705246420323,-3.3077052464203227,31.59480369477651,1.5651488424375213,1.9266666666666667e-10,0.7379620763125737,10749.299627014723,0.07492996270147227
btc_vol_breakout_8m,0,0.0175,0.05,0.0,0.15,45,high_frequency,0.006490874394317507,0.6490874394317507,0.3548387096774194,31,-0.042970687644724226,-4.297068764472423,4.053199070842006,1.0633171638006953,3.5913978494623655e-10,0.1594828002500083,10064.908743943175,0.006490874394317507
btc_hl_breakout_3m,0,0.0125,0.06,0.0,0.25,5,high_frequency,0.03255661638976994,3.2556616389769943,0.2926829268292683,41,-0.08485153357140951,-8.485153357140952,10.352967778290347,1.1545119414277603,3.08130081300813e-10,0.3514891087172788,10325.5661638977,0.03255661638976994
btc_vol_breakout_3m,0,0.035,0.03,0.0,0.25,45,high_frequency,0.04608426495719805,4.608426495719805,0.5833333333333334,36,-0.07108157212501898,-7.108157212501897,14.493134146933919,1.2246862621831491,3.342592592592593e-10,0.5360664407855407,10460.84264957198,0.04608426495719805
btc_hl_breakout_9m,0,0.0125,0.06,0.0,0.25,5,high_frequency,0.052049824832860574,5.204982483286058,0.30952380952380953,42,-0.08431798290629089,-8.43179829062909,14.379286427821144,1.2303767615416756,3.0912698412698413e-10,0.5265835180740316,10520.498248328606,0.052049824832860574
btc_small_up_9m,0,0.025,0.04,0.0,0.25,45,high_frequency,0.07099493011293835,7.099493011293835,0.5,34,-0.054846212344156764,-5.484621234415677,23.415169694627203,1.4126351199216198,3.068627450980392e-10,0.83990117933291,10709.949301129383,0.07099493011293835
btc_small_up_9m,0,0.015,0.035,0.0,0.05,30,high_frequency,0.00555576606149042,0.5555766061490419,0.37209302325581395,43,-0.01268513699942364,-1.268513699942364,9.391709041306767,1.1508751543047346,2.2906976744186046e-10,0.2626378719199923,10055.557660614904,0.00555576606149042
btc_hl_breakout_5m,0,0.0075,0.05,0.0,0.15,45,high_frequency,-0.005050298732557599,-0.5050298732557599,0.2545454545454545,55,-0.059466258415143414,-5.946625841514342,-2.0116762116672993,0.9665742714594229,2.2636363636363636e-10,-0.045156480203949884,9949.497012674425,-0.005050298732557599
btc_hl_breakout_6m,0,0.0125,0.015,0.0,0.05,15,high_frequency,-0.00012343108368232834,-0.012343108368232833,0.4868421052631579,76,-0.015312451707842012,-1.5312451707842012,-0.005519845301025418,0.9977017749698165,1.3267543859649123e-10,-0.00010406694418743856,9998.765689163176,-0.00012343108368232834
btc_hl_breakout_4m,0,0.0125,0.015,0.0,0.25,20,high_frequency,0.0480266884502963,4.80266884502963,0.5416666666666666,72,-0.05966954547215553,-5.966954547215552,15.539274730847863,1.1931486703926995,1.365740740740741e-10,0.27732343390794084,10480.266884502962,0.0480266884502963
btc_small_down_10m,0,0.0125,0.03,0.0,0.15,60,high_frequency,0.05015969260303334,5.015969260303334,0.4375,48,-0.03219533953362175,-3.2195339533621747,30.076736754117455,1.5135059243662135,1.9131944444444443e-10,0.6912681110938728,10501.596926030334,0.05015969260303334
btc_hl_breakout_10m,0,0.0175,0.035,0.0,0.2,45,high_frequency,0.03843764035439272,3.8437640354392717,0.4,50,-0.0682886784341582,-6.82886784341582,13.67298554664582,1.181237661012318,2.4566666666666665e-10,0.40367840277494105,10384.376403543927,0.03843764035439272
btc_vol_breakout_2m,0,0.025,0.02,0.0,0.15,10,high_frequency,0.010941592651915698,1.09415926519157,0.5490196078431373,51,-0.038688084835284076,-3.8688084835284076,6.125065750782111,1.076474844564766,2.349673202614379e-10,0.1564636084425244,10109.415926519157,0.010941592651915698
btc_hl_breakout_5m,0,0.0125,0.01,0.0,0.1,90,high_frequency,0.007228366615764651,0.7228366615764651,0.5833333333333334,84,-0.03151793625163024,-3.151793625163024,6.1499596602345346,1.0728428669352523,1.0892857142857143e-10,0.09119154682835642,10072.283666157646,0.007228366615764651
btc_vol_breakout_8m,0,0.015,0.04,0.0,0.2,90,high_frequency,0.05148414630278455,5.148414630278455,0.4166666666666667,36,-0.034988481618324685,-3.4988481618324685,23.361783070159547,1.4341345675055983,2.912037037037037e-10,0.7170836403734832,10514.841463027846,0.05148414630278455
btc_hl_breakout_3m,0,0.03,0.03,0.0,0.1,30,high_frequency,0.019568863931805357,1.9568863931805358,0.575,40,-0.027956514065130333,-2.7956514065130333,14.709570097692305,1.227830685091871,3.1958333333333334e-10,0.498099568114067,10195.688639318054,0.019568863931805357
btc_hl_breakout_8m,0,0.035,0.05,0.0,0.15,30,high_frequency,0.022462878626253336,2.2462878626253335,0.45161290322580644,31,-0.06216437656936025,-6.216437656936025,10.380887891379583,1.168159769294865,4.306451612903226e-10,0.5125213658498741,10224.628786262534,0.022462878626253336
btc_vol_breakout_3m,0,0.01,0.06,0.0,0.2,45,high_frequency,-0.01510657792208881,-1.5106577922088809,0.2222222222222222,36,-0.07231333815372876,-7.231333815372876,-5.103989343685058,0.9019258756761108,3.12962962962963e-10,-0.1806302829618207,9848.934220779112,-0.01510657792208881
btc_hl_breakout_9m,0,0.0175,0.025,0.0,0.05,20,high_frequency,0.006311842511648712,0.6311842511648712,0.4482758620689655,58,-0.021735589140199796,-2.1735589140199796,9.075075623002139,1.1196153695221813,1.9770114942528737e-10,0.22245019906043606,10063.118425116487,0.006311842511648712
btc_small_down_10m,0,0.03,0.03,0.0,0.15,5,high_frequency,0.028008462456790402,2.80084624567904,0.5675675675675675,37,-0.0320577318528279,-3.2057731852827898,15.347763501597921,1.256284506410819,2.9144144144144145e-10,0.5156648665654964,10280.084624567904,0.028008462456790402
btc_hl_breakout_5m,0,0.02,0.03,0.0,0.2,20,high_frequency,0.010746017999689274,1.0746017999689275,0.45098039215686275,51,-0.07812778538101173,-7.812778538101172,4.795556155640835,1.0515217641504437,2.480392156862745e-10,0.12546834664725032,10107.460179996893,0.010746017999689274
btc_hl_breakout_5m,0,0.035,0.05,0.0,0.05,30,high_frequency,0.005259075775547643,0.5259075775547642,0.4666666666666667,30,-0.018063151149427137,-1.8063151149427137,7.654365646742754,1.1308292722728,4.6333333333333334e-10,0.3599630137543593,10052.590757755477,0.005259075775547643
btc_vol_breakout_10m,0,0.025,0.03,0.0,0.05,60,high_frequency,0.014190858619969281,1.4190858619969282,0.5483870967741935,31,-0.008401541438289528,-0.8401541438289528,25.557308392476003,1.5248175071562569,2.9892473118279566e-10,0.9158463177841424,10141.908586199694,0.014190858619969281
btc_hl_breakout_7m,0,0.005,0.04,0.0,0.15,15,high_frequency,0.019594847820072755,1.9594847820072754,0.2571428571428571,70,-0.07039656530674054,-7.039656530674055,9.761612511525223,1.124491843775809,1.5952380952380952e-10,0.19841677056296994,10195.948478200728,0.019594847820072755
btc_hl_breakout_9m,0,0.0075,0.02,0.0,0.05,30,high_frequency,0.0009841565658174544,0.09841565658174545,0.3670886075949367,79,-0.02395541105518728,-2.395541105518728,1.6168849669469931,1.0171822092651919,1.2426160337552743e-10,0.028647504558600607,10009.841565658175,0.0009841565658174544
btc_hl_breakout_3m,0,0.02,0.03,0.0,0.25,60,high_frequency,0.041964622801303586,4.196462280130358,0.4782608695652174,46,-0.06857872366784878,-6.857872366784878,13.354688205129834,1.1791485721684734,2.731884057971014e-10,0.3849681922685322,10419.646228013036,0.041964622801303586
btc_small_up_10m,0,0.0075,0.035,0.0,0.1,90,high_frequency,0.018566943020796953,1.8566943020796953,0.3157894736842105,57,-0.027980918918471542,-2.7980918918471542,13.527531221823542,1.2094822355914714,1.5087719298245615e-10,0.3328847443779157,10185.66943020797,0.018566943020796953
btc_hl_breakout_4m,0,0.01,0.03,0.0,0.05,10,high_frequency,0.008744676650829324,0.8744676650829324,0.38095238095238093,63,-0.011728858282214372,-1.1728858282214372,13.942329135335672,1.185455626200532,1.7566137566137566e-10,0.2806407765251753,10087.446766508294,0.008744676650829324
btc_vol_breakout_9m,0,0.03,0.04,0.0,0.1,60,high_frequency,0.020190682231098447,2.0190682231098447,0.5517241379310345,29,-0.028988077281158486,-2.8988077281158486,16.426767520935663,1.3081277872748824,3.8333333333333335e-10,0.7053303566089169,10201.906822310984,0.020190682231098447
btc_hl_breakout_3m,0,0.025,0.04,0.0,0.05,15,high_frequency,0.016469216619254348,1.6469216619254348,0.5263157894736842,38,-0.014176917714768034,-1.4176917714768034,24.39659578192441,1.4326979751398181,3.4605263157894737e-10,0.8675010315045217,10164.692166192544,0.016469216619254348
btc_hl_breakout_4m,0,0.015,0.04,0.0,0.05,90,high_frequency,0.013022658226373966,1.3022658226373967,0.4166666666666667,48,-0.012832909179038565,-1.2832909179038565,19.553377840781664,1.3073632498905572,2.6354166666666665e-10,0.5450781204799086,10130.22658226374,0.013022658226373966
btc_hl_breakout_9m,0,0.0075,0.045,0.0,0.25,45,high_frequency,-0.0019808657567712542,-0.19808657567712543,0.26229508196721313,61,-0.12474832381716905,-12.474832381716904,0.4760081735938467,0.9928754082130734,1.8934426229508198e-10,0.012294079507461645,9980.191342432288,-0.0019808657567712542
btc_vol_breakout_9m,0,0.015,0.025,0.0,0.15,30,high_frequency,0.03324026076987868,3.3240260769878684,0.45,40,-0.030014667974028963,-3.0014667974028963,21.259018151353263,1.3604078998270284,2.2583333333333335e-10,0.5580310424021943,10332.402607698787,0.03324026076987868
btc_hl_breakout_1m,0,0.005,0.035,0.0,0.05,90,high_frequency,0.0032766945132739807,0.32766945132739805,0.2714285714285714,70,-0.01910080357421362,-1.910080357421362,5.506124136774395,1.0695145456454338,1.4452380952380952e-10,0.09701715968236412,10032.76694513274,0.0032766945132739807
btc_vol_breakout_9m,0,0.0075,0.04,0.0,0.2,45,high_frequency,0.012057182432727768,1.2057182432727769,0.29545454545454547,44,-0.051192478101471206,-5.119247810147121,6.296550038941136,1.0869350427666586,2.1325757575757574e-10,0.15176193521381742,10120.571824327279,0.012057182432727768
btc_hl_breakout_1m,0,0.02,0.045,0.0,0.25,30,high_frequency,0.02440383047838327,2.440383047838327,0.3902439024390244,41,-0.08186670441422539,-8.186670441422539,8.051810416180551,1.110002455298451,3.113821138211382e-10,0.2656167048163753,10244.038304783833,0.02440383047838327
btc_hl_breakout_9m,0,0.025,0.045,0.0,0.2,20,high_frequency,0.05960862614479711,5.960862614479711,0.46153846153846156,39,-0.06271054010384891,-6.271054010384891,20.103427567212204,1.3295981998143473,3.188034188034188e-10,0.7753711952961386,10596.08626144797,0.05960862614479711
btc_bullish,0,0.025,0.045,0.0,0.1,90,high_frequency,0.03237077238498448,3.237077238498448,0.4523809523809524,42,-0.02813275012336025,-2.813275012336025,21.406017758163223,1.3688020442102267,3.1507936507936506e-10,0.7742877634233362,10323.707723849844,0.03237077238498448
btc_hl_breakout_10m,0,0.005,0.025,0.0,0.25,10,high_frequency,0.0028512003773696506,0.28512003773696504,0.27906976744186046,86,-0.12335567825474858,-12.335567825474858,1.8300163281638826,1.009846048053791,1.0930232558139535e-10,0.029971743958568855,10028.512003773696,0.0028512003773696506
btc_vol_breakout_10m,0,0.025,0.045,0.0,0.15,60,high_frequency,0.03835398426312236,3.835398426312236,0.5,26,-0.031230048363352192,-3.123004836335219,22.85408525085625,1.5159919813363094,3.6025641025641026e-10,0.9853475449536936,10383.539842631224,0.03835398426312236
btc_hl_breakout_9m,0,0.01,0.01,0.0,0.25,5,high_frequency,-0.0023792901877741314,-0.23792901877741313,0.4782608695652174,92,-0.1022990473417198,-10.22990473417198,0.31501032947463026,0.9921044063699545,9.909420289855074e-11,0.0049140174543576,9976.207098122259,-0.0023792901877741314
btc_vol_breakout_3m,0,0.0125,0.04,0.0,0.25,20,high_frequency,0.01868832132759003,1.868832132759003,0.3695652173913043,46,-0.07082100094131216,-7.082100094131216,6.674317461354189,1.083699591279971,2.355072463768116e-10,0.18765005435872759,10186.8832132759,0.01868832132759003
btc_vol_breakout_8m,0,0.01,0.02,0.0,0.15,60,high_frequency,0.009888041520915635,0.9888041520915636,0.4,50,-0.035601573228448924,-3.5601573228448924,7.064934157013994,1.095823805839344,1.4366666666666666e-10,0.1404678773302478,10098.880415209156,0.009888041520915635
btc_hl_breakout_2m,0,0.0125,0.035,0.0,0.2,45,high_frequency,0.03655578002240047,3.6555780022400475,0.39622641509433965,53,-0.049006782602351695,-4.9006782602351695,14.85627812895064,1.196951090763355,2.2264150943396227e-10,0.35835550445109515,10365.557800224005,0.03655578002240047
btc_hl_breakout_9m,0,0.0075,0.035,0.0,0.25,60,high_frequency,0.0010491050517461645,0.10491050517461645,0.28125,64,-0.126505851815102,-12.650585181510198,1.3349540486112204,1.0036695586914128,1.8072916666666666e-10,0.030781183147598035,10010.491050517461,0.0010491050517461645
btc_hl_breakout_4m,0,0.025,0.035,0.0,0.1,45,high_frequency,0.03266888746626761,3.2668887466267607,0.5238095238095238,42,-0.02211994743861745,-2.211994743861745,24.05847061500282,1.4021412693366637,3.1468253968253965e-10,0.7785580087182924,10326.688874662676,0.03266888746626761
btc_hl_breakout_6m,0,0.0125,0.01,0.0,0.05,30,high_frequency,-0.0017290308387182336,-0.17290308387182338,0.5529411764705883,85,-0.017077558772050083,-1.7077558772050083,-2.613203272167723,0.9667285030797854,1.1e-10,-0.038144824990602226,9982.709691612818,-0.0017290308387182336
btc_vol_breakout_8m,0,0.015,0.04,0.0,0.05,20,high_frequency,0.012890563933755272,1.2890563933755272,0.4166666666666667,36,-0.008836921687899624,-0.8836921687899624,23.32955280923719,1.4554016776640468,2.912037037037037e-10,0.7170836403734824,10128.905639337552,0.012890563933755272
btc_vol_breakout_8m,0,0.005,0.035,0.0,0.25,60,high_frequency,0.004762462265335534,0.4762462265335534,0.2641509433962264,53,-0.06242607878388695,-6.242607878388695,2.5963195773374377,1.0261697512346521,1.4654088050314466e-10,0.05135826572351501,10047.624622653355,0.004762462265335534
btc_bullish,0,0.015,0.01,0.0,0.25,20,high_frequency,0.020716252428950338,2.071625242895034,0.5490196078431373,102,-0.07299981994302995,-7.299981994302995,6.618704060136104,1.0602566422774302,1.1470588235294119e-10,0.0966761327542929,10207.162524289502,0.020716252428950338
btc_vol_breakout_2m,0,0.015,0.045,0.0,0.15,5,high_frequency,0.0173299852131134,1.7329985213113401,0.3617021276595745,47,-0.0435864592781563,-4.35864592781563,9.354386943333864,1.129844615556973,2.602836879432624e-10,0.2598826682177337,10173.299852131135,0.0173299852131134
btc_small_up_9m,0,0.0175,0.01,0.0,0.1,90,high_frequency,0.001999126472125795,0.1999126472125795,0.576271186440678,59,-0.02462270689413726,-2.462270689413726,2.131311696033238,1.0260755776805877,1.4209039548022599e-10,0.04008991288502247,10019.991264721259,0.001999126472125795
btc_hl_breakout_7m,0,0.035,0.06,0.0,0.25,30,high_frequency,0.04448862888375033,4.448862888375033,0.4,30,-0.10276078198532501,-10.2760781985325,12.393409287839406,1.1906110086186625,4.483333333333333e-10,0.6463473797410648,10444.886288837504,0.04448862888375033
btc_hl_breakout_10m,0,0.005,0.035,0.0,0.2,5,high_frequency,0.013583131441802607,1.3583131441802607,0.24324324324324326,74,-0.09277323417774463,-9.277323417774463,5.694265756205645,1.0625421429520685,1.3896396396396397e-10,0.10801651692962783,10135.831314418027,0.013583131441802607
btc_small_up_9m,0,0.005,0.015,0.0,0.2,20,high_frequency,0.01863486183951136,1.8634861839511359,0.36923076923076925,65,-0.03505084974683681,-3.505084974683681,9.113547322752366,1.1302488431630742,1.0564102564102563e-10,0.15278980258450792,10186.348618395114,0.01863486183951136
btc_vol_breakout_10m,0,0.0175,0.01,0.0,0.2,5,high_frequency,0.01014089167304569,1.0140891673045689,0.6,50,-0.04884063946628692,-4.884063946628691,5.657694468268902,1.0794491761115195,1.3733333333333332e-10,0.1123547938320425,10101.408916730457,0.01014089167304569
btc_hl_breakout_7m,0,0.01,0.06,0.0,0.2,10,high_frequency,0.022660394766793844,2.2660394766793845,0.23529411764705882,51,-0.07124169432977812,-7.124169432977812,8.41090441158445,1.1150425593554563,2.4019607843137255e-10,0.24848295725684594,10226.603947667938,0.022660394766793844
btc_hl_breakout_9m,0,0.035,0.045,0.0,0.15,5,high_frequency,0.03463902891163639,3.4639028911636385,0.5,34,-0.05609182011702263,-5.609182011702263,15.581949687460488,1.2505691824409415,3.803921568627451e-10,0.700148953108748,10346.390289116363,0.03463902891163639
btc_hl_breakout_6m,0,0.025,0.04,0.0,0.2,20,high_frequency,0.036376328901946496,3.6376328901946495,0.46153846153846156,39,-0.05767644779708636,-5.767644779708636,14.137189746074467,1.2066058317990054,3.311965811965812e-10,0.48575777271087145,10363.763289019465,0.036376328901946496
btc_bullish,0,0.035,0.025,0.0,0.1,5,high_frequency,0.027096522496143836,2.7096522496143836,0.5952380952380952,42,-0.03138054988187855,-3.138054988187855,18.146946170003723,1.3048100158853053,3.198412698412698e-10,0.6524460447625137,10270.96522496144,0.027096522496143836
btc_hl_breakout_7m,0,0.035,0.04,0.0,0.05,10,high_frequency,0.013052997740203302,1.3052997740203303,0.5,36,-0.01971569194250089,-1.971569194250089,17.159819334199565,1.2947326913112145,3.7175925925925927e-10,0.7312297487696938,10130.529977402033,0.013052997740203302
btc_small_up_9m,0,0.0125,0.05,0.0,0.25,5,high_frequency,0.018079793096916045,1.8079793096916046,0.2926829268292683,41,-0.07951192883744973,-7.951192883744973,6.680887214750763,1.0952132199910596,2.321138211382114e-10,0.20437850126568688,10180.79793096916,0.018079793096916045
btc_hl_breakout_7m,0,0.0075,0.045,0.0,0.05,60,high_frequency,0.003823754604621689,0.3823754604621689,0.2698412698412698,63,-0.023287157896667576,-2.3287157896667576,5.546726253630409,1.0733302519415464,1.9126984126984126e-10,0.1263410602382545,10038.237546046217,0.003823754604621689
btc_vol_breakout_9m,0,0.0075,0.025,0.0,0.2,45,high_frequency,0.009590322713686419,0.9590322713686419,0.3333333333333333,45,-0.057211238322616764,-5.721123832261677,5.2988687187106125,1.070520462880184,1.9037037037037038e-10,0.12032104728643121,10095.903227136863,0.009590322713686419
btc_hl_breakout_1m,0,0.035,0.025,0.0,0.25,90,high_frequency,0.07650369090281957,7.6503690902819566,0.631578947368421,38,-0.05611119427911604,-5.6111194279116035,23.184327940319246,1.4146292826151663,3.407894736842105e-10,0.8075481301140219,10765.036909028197,0.07650369090281957
btc_hl_breakout_10m,0,0.035,0.05,0.0,0.2,60,high_frequency,0.040764545638683786,4.076454563868379,0.46875,32,-0.07370074423782891,-7.37007442378289,13.99949139655967,1.2218767700867612,4.119791666666667e-10,0.6707738402833089,10407.645456386837,0.040764545638683786
btc_small_up_9m,0,0.025,0.04,0.0,0.05,90,high_frequency,0.014255052551934096,1.4255052551934095,0.5,34,-0.011175896755862613,-1.1175896755862613,23.393124113374604,1.4425667896574528,3.068627450980392e-10,0.83990117933291,10142.55052551934,0.014255052551934096
btc_hl_breakout_6m,0,0.02,0.02,0.0,0.25,5,high_frequency,0.013461161925969736,1.3461161925969736,0.5172413793103449,58,-0.08296107404793163,-8.296107404793162,5.047998622515772,1.051665971189815,1.9655172413793102e-10,0.11344533797072184,10134.611619259696,0.013461161925969736
btc_hl_breakout_7m,0,0.0075,0.025,0.0,0.05,20,high_frequency,0.0011305718100383046,0.11305718100383046,0.32,75,-0.025641107682162434,-2.5641107682162434,1.8161768533933602,1.0201318565540454,1.488888888888889e-10,0.03415966787106269,10011.305718100382,0.0011305718100383046
btc_alt_aligned,0,0.035,0.01,0.0,0.1,20,high_frequency,0.026865951511595255,2.6865951511595254,0.7123287671232876,73,-0.0291953198278464,-2.91953198278464,17.78337534773913,1.2580133910686828,1.8333333333333332e-10,0.3723325424979751,10268.659515115953,0.026865951511595255
btc_hl_breakout_9m,0,0.0175,0.02,0.0,0.05,45,high_frequency,0.005573375611164215,0.5573375611164215,0.46774193548387094,62,-0.021108467473241688,-2.1108467473241688,8.092974149891285,1.1029289232542563,1.7043010752688173e-10,0.18438161110392587,10055.733756111642,0.005573375611164215
btc_hl_breakout_3m,0,0.0075,0.05,0.0,0.25,45,high_frequency,-0.0099797424050088,-0.99797424050088,0.24074074074074073,54,-0.08748586003916337,-8.748586003916337,-2.221411990797602,0.9566495998353904,2.1296296296296298e-10,-0.04830547834991926,9900.202575949912,-0.0099797424050088
btc_vol_breakout_9m,0,0.02,0.03,0.0,0.15,10,high_frequency,0.02897151109689032,2.897151109689032,0.47058823529411764,34,-0.035723518023700995,-3.5723518023700995,17.854756139143767,1.312367047655338,3.044117647058824e-10,0.5761146387596372,10289.715110968904,0.02897151109689032
btc_hl_breakout_2m,0,0.0175,0.045,0.0,0.25,10,high_frequency,-0.025519853330381828,-2.551985333038183,0.3181818181818182,44,-0.11233229101750519,-11.233229101750519,-7.113588475278257,0.8957014203586816,2.8295454545454544e-10,-0.20732951898342158,9744.801466696183,-0.025519853330381828
btc_hl_breakout_9m,0,0.03,0.01,0.0,0.05,45,high_frequency,0.007524353000949389,0.7524353000949389,0.6557377049180327,61,-0.019841116352302124,-1.9841116352302124,10.77666634091825,1.1604246444108413,1.8961748633879782e-10,0.2507028191135054,10075.243530009493,0.007524353000949389
btc_vol_breakout_10m,0,0.0175,0.04,0.0,0.1,10,high_frequency,0.008855974044584162,0.8855974044584162,0.4166666666666667,36,-0.02898683987086792,-2.898683987086792,7.616839659439629,1.1209651998158023,2.6851851851851853e-10,0.25702383537280765,10088.559740445842,0.008855974044584162
btc_hl_breakout_1m,0,0.0125,0.015,0.0,0.25,60,high_frequency,-0.0003776070093970702,-0.03776070093970702,0.47368421052631576,76,-0.09022521450788168,-9.022521450788169,0.8046115044883237,0.99864584857816,1.2346491228070175e-10,0.013899679232057115,9996.22392990603,-0.0003776070093970702
btc_bullish,0,0.0175,0.025,0.0,0.2,60,high_frequency,0.03779325188398738,3.7793251883987384,0.4576271186440678,59,-0.054974746783276185,-5.4974746783276185,13.23085480611475,1.1688859773373703,2.1836158192090396e-10,0.33696909827482135,10377.932518839874,0.03779325188398738
btc_hl_breakout_10m,0,0.0125,0.06,0.0,0.25,90,high_frequency,0.051747377582401166,5.174737758240116,0.2926829268292683,41,-0.08431798290629122,-8.431798290629121,14.51331425581734,1.2310807666444263,3.08130081300813e-10,0.5367170845908816,10517.473775824012,0.051747377582401166
btc_alt_aligned,0,0.0075,0.03,0.0,0.25,45,high_frequency,0.021631161971776783,2.1631161971776782,0.3076923076923077,91,-0.1027541560089108,-10.27541560089108,6.68704213973785,1.0616165086728995,1.4395604395604394e-10,0.11298079783386467,10216.311619717768,0.021631161971776783
btc_hl_breakout_2m,0,0.0075,0.02,0.0,0.1,90,high_frequency,-0.008722481415369259,-0.8722481415369259,0.3625,80,-0.04366912308826654,-4.366912308826654,-6.825107278588713,0.9205679795984817,1.2125e-10,-0.1039150806191858,9912.775185846307,-0.008722481415369259
btc_vol_breakout_8m,0,0.01,0.02,0.0,0.05,20,high_frequency,0.003437719586876665,0.3437719586876665,0.4,50,-0.011984565220063081,-1.1984565220063081,7.081628509374331,1.1019797527244404,1.4366666666666666e-10,0.1404678773302462,10034.377195868767,0.003437719586876665
btc_hl_breakout_1m,0,0.01,0.06,0.0,0.05,90,high_frequency,0.004754957440113992,0.4754957440113992,0.26,50,-0.0181323028963003,-1.81323028963003,7.270074170786834,1.1007909765687842,2.3966666666666667e-10,0.1964989648637552,10047.54957440114,0.004754957440113992
btc_hl_breakout_7m,0,0.0075,0.01,0.0,0.2,45,high_frequency,-0.023085915338910103,-2.3085915338910104,0.4387755102040816,98,-0.10034892250955285,-10.034892250955284,-7.784138494393505,0.9047596416352262,9.404761904761906e-11,-0.10816463533104585,9769.140846610899,-0.023085915338910103
btc_hl_breakout_9m,0,0.005,0.03,0.0,0.15,20,high_frequency,0.004376720989379146,0.4376720989379146,0.25925925925925924,81,-0.08330375446801297,-8.330375446801296,2.717342022520034,1.0260271221612907,1.2037037037037037e-10,0.04697578142954258,10043.767209893791,0.004376720989379146
btc_vol_breakout_3m,0,0.0075,0.02,0.0,0.2,45,high_frequency,-0.02264188570738013,-2.264188570738013,0.36231884057971014,69,-0.09000547180128426,-9.000547180128427,-9.289135454170768,0.8854107196572322,1.1956521739130433e-10,-0.15460892624489367,9773.5811429262,-0.02264188570738013
btc_hl_breakout_3m,0,0.0075,0.015,0.0,0.2,45,high_frequency,-0.021247043372002714,-2.124704337200271,0.3902439024390244,82,-0.08197831623404817,-8.197831623404817,-8.081294490106435,0.903283136465869,1.119918699186992e-10,-0.12013503479640267,9787.529566279973,-0.021247043372002714
btc_hl_breakout_7m,0,0.0075,0.04,0.0,0.2,5,high_frequency,0.01767591058484195,1.767591058484195,0.28125,64,-0.09184093499083024,-9.184093499083023,6.936002397094234,1.080977207263594,1.8958333333333332e-10,0.15678987206285358,10176.75910584842,0.01767591058484195
btc_hl_breakout_6m,0,0.035,0.03,0.0,0.05,90,high_frequency,0.0025456564025799367,0.25456564025799366,0.5277777777777778,36,-0.017298534973936852,-1.7298534973936852,3.9793937831680455,1.0595121179389173,3.5925925925925927e-10,0.14853939733084137,10025.456564025799,0.0025456564025799367
btc_hl_breakout_2m,0,0.03,0.035,0.0,0.1,60,high_frequency,0.010325445681893483,1.0325445681893484,0.5,38,-0.03720959054100803,-3.720959054100803,8.185808449096044,1.1174668879539622,3.495614035087719e-10,0.2843550390839781,10103.254456818935,0.010325445681893483
btc_hl_breakout_7m,0,0.03,0.045,0.0,0.2,10,high_frequency,0.01669757902964925,1.669757902964925,0.42105263157894735,38,-0.09986462950052966,-9.986462950052966,6.484921076591101,1.0841663042913614,3.407894736842105e-10,0.25197706707263234,10166.975790296492,0.01669757902964925
btc_vol_breakout_10m,0,0.005,0.06,0.0,0.15,15,high_frequency,0.0014206403928989175,0.14206403928989175,0.19047619047619047,42,-0.03324400247795045,-3.324400247795045,1.3441788604116554,1.014730988391665,1.9880952380952382e-10,0.035614608906407275,10014.206403928989,0.0014206403928989175
btc_vol_breakout_8m,0,0.0125,0.03,0.0,0.05,30,high_frequency,0.009838466415277282,0.9838466415277282,0.40476190476190477,42,-0.011102000864233297,-1.1102000864233297,18.666662916338833,1.3123780602474249,2.1547619047619048e-10,0.47074998578043703,10098.384664152773,0.009838466415277282
btc_hl_breakout_1m,0,0.025,0.05,0.0,0.25,45,high_frequency,0.0418527527027291,4.18527527027291,0.4166666666666667,36,-0.09203256196560472,-9.203256196560472,12.877130651511083,1.1890238627718595,3.662037037037037e-10,0.49862253289700087,10418.52752702729,0.0418527527027291
btc_small_up_9m,0,0.03,0.01,0.0,0.1,10,high_frequency,0.01465909512483546,1.465909512483546,0.6938775510204082,49,-0.020318892310932646,-2.0318892310932646,12.994225205905881,1.2243993084273277,1.9727891156462585e-10,0.3048303098512862,10146.590951248354,0.01465909512483546
btc_vol_breakout_8m,0,0.0175,0.02,0.0,0.25,5,high_frequency,0.022886867382042646,2.2886867382042646,0.4883720930232558,43,-0.05709387505278973,-5.709387505278974,9.543584255911124,1.1309620551862316,1.8372093023255815e-10,0.22947367691177656,10228.868673820427,0.022886867382042646
btc_hl_breakout_5m,0,0.01,0.025,0.0,0.15,10,high_frequency,0.014848819144988647,1.4848819144988648,0.38571428571428573,70,-0.04597295607959817,-4.597295607959817,8.156343320372919,1.0916135961066957,1.488095238095238e-10,0.15180734549000144,10148.488191449887,0.014848819144988647
btc_vol_breakout_9m,0,0.01,0.045,0.0,0.1,60,high_frequency,0.006663093387927347,0.6663093387927347,0.28205128205128205,39,-0.019839187773978417,-1.9839187773978417,6.704431830104719,1.1127121216436895,2.423076923076923e-10,0.17825061430626693,10066.630933879274,0.006663093387927347
btc_hl_breakout_7m,0,0.0175,0.035,0.0,0.15,60,high_frequency,0.01336510572749346,1.336510572749346,0.37254901960784315,51,-0.06504734088870101,-6.5047340888701015,6.776324348704258,1.0832076773361958,2.477124183006536e-10,0.19228178090364348,10133.651057274934,0.01336510572749346
btc_vol_breakout_8m,0,0.03,0.035,0.0,0.2,60,high_frequency,0.03419867256705043,3.4198672567050425,0.53125,32,-0.05735183766422325,-5.735183766422325,14.235644658660506,1.2395064802516087,3.484375e-10,0.5539973514382237,10341.986725670504,0.03419867256705043
btc_hl_breakout_6m,0,0.01,0.015,0.0,0.1,30,high_frequency,-0.004036628466403999,-0.4036628466403999,0.43209876543209874,81,-0.033348883581882593,-3.3348883581882593,-2.7870040953999866,0.9637293697010819,1.2304526748971193e-10,-0.043986935791080053,9959.63371533596,-0.004036628466403999
btc_hl_breakout_9m,0,0.01,0.045,0.0,0.1,5,high_frequency,0.006710734453295379,0.6710734453295379,0.2857142857142857,56,-0.03978542056022005,-3.9785420560220053,5.06280767646144,1.0683881553643266,2.0922619047619048e-10,0.13023131196371496,10067.107344532953,0.006710734453295379
btc_hl_breakout_2m,0,0.015,0.04,0.0,0.2,10,high_frequency,0.03435357448438435,3.435357448438435,0.3829787234042553,47,-0.05372197846203852,-5.372197846203852,13.796696393360603,1.1907161183591286,2.7056737588652484e-10,0.38171683508761706,10343.535744843844,0.03435357448438435
btc_hl_breakout_10m,0,0.025,0.05,0.0,0.05,15,high_frequency,0.011303457694472274,1.1303457694472274,0.4117647058823529,34,-0.016795550671865667,-1.6795550671865667,14.973351927815006,1.27373558618875,3.9362745098039217e-10,0.672026675849925,10113.034576944723,0.011303457694472274
btc_hl_breakout_1m,0,0.03,0.06,0.0,0.1,20,high_frequency,0.009280547295236079,0.9280547295236079,0.36666666666666664,30,-0.03957802700463475,-3.9578027004634753,7.17441195110638,1.1107396635706697,4.4888888888888887e-10,0.3307320900227945,10092.805472952361,0.009280547295236079
btc_hl_breakout_9m,0,0.015,0.03,0.0,0.25,90,high_frequency,0.05192726340577401,5.192726340577401,0.42105263157894735,57,-0.08974082006973816,-8.974082006973816,15.253067929224976,1.1915569627104639,2.0204678362573099e-10,0.38186042857327374,10519.27263405774,0.05192726340577401
btc_bullish,0,0.005,0.04,0.0,0.05,90,high_frequency,0.01149240705624914,1.149240705624914,0.2619047619047619,84,-0.012545893668341357,-1.2545893668341357,15.412363253757574,1.2065089867954464,1.4107142857142855e-10,0.27630958766176833,10114.92407056249,0.01149240705624914
btc_bullish,0,0.035,0.01,0.0,0.05,60,high_frequency,0.016712536525201573,1.6712536525201573,0.7142857142857143,63,-0.013122732341626087,-1.3122732341626087,22.602492323354994,1.3921946107291556,2.0238095238095238e-10,0.5313048963912536,10167.125365252015,0.016712536525201573
btc_hl_breakout_7m,0,0.03,0.01,0.0,0.15,30,high_frequency,0.02186553762368992,2.186553762368992,0.65625,64,-0.06330709969408244,-6.330709969408243,10.776218972477244,1.1445898601037703,1.8046875e-10,0.23906482380629274,10218.655376236899,0.02186553762368992
btc_vol_breakout_9m,0,0.0075,0.02,0.0,0.1,5,high_frequency,0.0067895777463770745,0.6789577746377075,0.4,50,-0.025412384871889238,-2.5412384871889238,7.151520301336523,1.1007310895457825,1.35e-10,0.14157894346001393,10067.895777463771,0.0067895777463770745
btc_hl_breakout_10m,0,0.0175,0.04,0.0,0.25,10,high_frequency,0.04981908712466552,4.981908712466552,0.3958333333333333,48,-0.08441720180606727,-8.441720180606726,14.277339711159758,1.1898118228226209,2.5729166666666664e-10,0.4392708553754476,10498.190871246656,0.04981908712466552
btc_hl_breakout_1m,0,0.0075,0.03,0.0,0.25,30,high_frequency,0.0005694330812449152,0.056943308124491526,0.3333333333333333,66,-0.10247319814867739,-10.247319814867739,1.0962084550013307,1.002141827825176,1.7045454545454544e-10,0.02188030564628894,10005.69433081245,0.0005694330812449152
btc_hl_breakout_2m,0,0.03,0.02,0.0,0.05,5,high_frequency,0.007276042672012119,0.7276042672012119,0.574468085106383,47,-0.0145499420362446,-1.45499420362446,11.548591170722329,1.1663958740947942,2.539007092198582e-10,0.3139318397519817,10072.76042672012,0.007276042672012119
btc_bullish,0,0.01,0.02,0.0,0.1,20,high_frequency,0.04165261711479676,4.165261711479676,0.45121951219512196,82,-0.018856561602752953,-1.8856561602752953,30.05061792224881,1.4052810274252132,1.4410569105691058e-10,0.5050957253980667,10416.526171147967,0.04165261711479676
btc_small_up_10m,0,0.0075,0.03,0.0,0.2,15,high_frequency,0.03617304724073015,3.617304724073015,0.35,60,-0.05464491599671173,-5.464491599671173,13.70010523762653,1.2004030719589567,1.3333333333333334e-10,0.31399161504817164,10361.730472407302,0.03617304724073015
btc_vol_breakout_8m,0,0.005,0.01,0.0,0.2,5,high_frequency,-0.02714191761073132,-2.714191761073132,0.3880597014925373,67,-0.0561473329267651,-5.61473329267651,-13.99021453126036,0.8137446807675679,8.582089552238805e-11,-0.19762312587826286,9728.580823892687,-0.02714191761073132
btc_small_down_10m,0,0.015,0.06,0.0,0.2,10,high_frequency,0.03161969854979097,3.1619698549790973,0.3157894736842105,38,-0.05369440649284174,-5.369440649284174,12.428217700019799,1.2053279544798403,2.7894736842105265e-10,0.43725454045859613,10316.19698549791,0.03161969854979097
btc_vol_breakout_8m,0,0.01,0.03,0.0,0.15,5,high_frequency,0.021499509572510123,2.1499509572510123,0.35555555555555557,45,-0.030204449110725284,-3.0204449110725284,14.182298715487557,1.2151213039769353,1.9074074074074075e-10,0.3267308012987613,10214.995095725102,0.021499509572510123
btc_hl_breakout_5m,0,0.035,0.06,0.0,0.15,45,high_frequency,0.026226528302334462,2.622652830233446,0.42857142857142855,28,-0.053474506781633346,-5.347450678163335,12.749070689450525,1.2130783339563993,5.071428571428571e-10,0.6539346579827043,10262.265283023346,0.026226528302334462
btc_hl_breakout_5m,0,0.005,0.015,0.0,0.25,20,high_frequency,-0.0033251260668318537,-0.3325126066831854,0.3263157894736842,95,-0.11858667758073727,-11.858667758073727,0.02065167536171041,0.9886968687201658,9.43859649122807e-11,0.0005638306849266178,9966.74873933168,-0.0033251260668318537
btc_hl_breakout_3m,0,0.0175,0.015,0.0,0.15,5,high_frequency,-0.005485879106159154,-0.5485879106159154,0.515625,64,-0.04938680231692383,-4.938680231692382,-2.3013954149976725,0.9650708872814762,1.6223958333333334e-10,-0.0460427009239586,9945.141208938408,-0.005485879106159154
btc_vol_breakout_9m,0,0.03,0.05,0.0,0.15,10,high_frequency,0.0287894984338516,2.87894984338516,0.45454545454545453,22,-0.03271909197075418,-3.2719091970754177,16.79501730919109,1.3820030158581826,5.227272727272727e-10,0.8888834746707273,10287.894984338516,0.0287894984338516
btc_hl_breakout_9m,0,0.0075,0.015,0.0,0.25,15,high_frequency,-0.015893512766225512,-1.5893512766225513,0.37209302325581395,86,-0.12863331394073663,-12.863331394073663,-3.5893873762030113,0.9484809557117545,1.1007751937984496e-10,-0.05797236042408442,9841.064872337745,-0.015893512766225512
btc_vol_breakout_2m,0,0.0175,0.05,0.0,0.25,15,high_frequency,0.03101715403449275,3.101715403449275,0.3488372093023256,43,-0.06441185534559624,-6.441185534559624,10.27522994348742,1.1345289356428225,2.8410852713178295e-10,0.31915603860814973,10310.171540344927,0.03101715403449275
btc_vol_breakout_10m,0,0.005,0.04,0.0,0.05,5,high_frequency,0.004129584865879878,0.4129584865879878,0.2708333333333333,48,-0.01268351343694385,-1.268351343694385,8.102660207462202,1.1250217206269673,1.5625e-10,0.1754293618698891,10041.2958486588,0.004129584865879878
btc_hl_breakout_9m,0,0.0075,0.01,0.0,0.2,20,high_frequency,-0.025422089858091225,-2.5422089858091224,0.43157894736842106,95,-0.10192362781784803,-10.192362781784803,-8.627434187319583,0.8958345417478862,9.403508771929824e-11,-0.12413406189930425,9745.779101419088,-0.025422089858091225
btc_hl_breakout_9m,0,0.025,0.025,0.0,0.1,45,high_frequency,0.033456589609395015,3.3456589609395015,0.5319148936170213,47,-0.026192833574591345,-2.6192833574591345,22.692957722863806,1.369810548650232,2.698581560283688e-10,0.7142311322166724,10334.56589609395,0.033456589609395015
btc_hl_breakout_4m,0,0.03,0.035,0.0,0.15,5,high_frequency,0.03748676202514632,3.7486762025146323,0.5384615384615384,39,-0.042044182673164565,-4.2044182673164565,18.573781550077157,1.2993826931243952,3.452991452991453e-10,0.6497423779120772,10374.867620251463,0.03748676202514632
btc_bullish,0,0.0075,0.01,0.0,0.15,30,high_frequency,0.013137465087365808,1.3137465087365807,0.4596774193548387,124,-0.04206429881919549,-4.206429881919549,6.581365628067073,1.063283236605902,8.723118279569892e-11,0.077992139433195,10131.374650873659,0.013137465087365808
btc_hl_breakout_8m,0,0.02,0.02,0.0,0.2,15,high_frequency,0.04124221679547829,4.124221679547829,0.5087719298245614,57,-0.05872009526160282,-5.872009526160282,14.801657478858907,1.1973992325290128,2.04093567251462e-10,0.3762093709876473,10412.422167954783,0.04124221679547829
btc_vol_breakout_2m,0,0.035,0.02,0.0,0.25,60,high_frequency,0.04473294312682797,4.473294312682797,0.627906976744186,43,-0.06419447771483189,-6.419447771483188,14.418637359200442,1.2213842843947034,2.844961240310077e-10,0.43299407850746396,10447.32943126828,0.04473294312682797
btc_vol_breakout_2m,0,0.03,0.035,0.0,0.2,45,high_frequency,0.023142746645346393,2.3142746645346395,0.5121951219512195,41,-0.05692460809633515,-5.6924608096335145,9.33672073644114,1.124273391578189,3.138211382113821e-10,0.3049622839711503,10231.427466453464,0.023142746645346393
btc_hl_breakout_9m,0,0.02,0.025,0.0,0.15,15,high_frequency,0.034065110308400266,3.4065110308400266,0.48148148148148145,54,-0.05001652944488155,-5.001652944488155,15.80432558993228,1.2183363129042695,2.2623456790123456e-10,0.4315195027963521,10340.651103084003,0.034065110308400266
btc_vol_breakout_10m,0,0.005,0.015,0.0,0.2,5,high_frequency,-0.007103878404384295,-0.7103878404384295,0.3389830508474576,59,-0.05147006762267625,-5.147006762267625,-3.0729034680537892,0.9497932116926299,9.830508474576271e-11,-0.05070401410530868,9928.961215956157,-0.007103878404384295
btc_small_up_9m,0,0.0075,0.01,0.0,0.15,60,high_frequency,0.01236332436596067,1.236332436596067,0.484375,64,-0.026184652962561894,-2.6184652962561894,8.193158343419915,1.1203244711303668,1.0885416666666667e-10,0.13576385554630904,10123.633243659606,0.01236332436596067
btc_vol_breakout_10m,0,0.005,0.045,0.0,0.25,30,high_frequency,0.005205147509290327,0.5205147509290328,0.23404255319148937,47,-0.06086659608009215,-6.0866596080092155,2.777322334328248,1.0318217475158955,1.5709219858156028e-10,0.06075523732151748,10052.051475092903,0.005205147509290327
btc_hl_breakout_5m,0,0.025,0.03,0.0,0.05,5,high_frequency,0.0074436293760038385,0.7443629376003839,0.5106382978723404,47,-0.015621823250018596,-1.5621823250018596,11.18401053149031,1.157324102568452,2.6773049645390067e-10,0.3216786976769121,10074.436293760038,0.0074436293760038385
btc_hl_breakout_6m,0,0.035,0.015,0.0,0.05,60,high_frequency,0.0043637419985345614,0.43637419985345616,0.6304347826086957,46,-0.016012516938535448,-1.6012516938535448,6.824936396730172,1.1061678573574807,2.565217391304348e-10,0.19455166538144167,10043.637419985345,0.0043637419985345614
btc_vol_breakout_10m,0,0.025,0.05,0.0,0.2,30,high_frequency,0.044560091333383886,4.456009133338388,0.43478260869565216,23,-0.04144298409225555,-4.144298409225556,19.695404124511086,1.4566370740898784,4.5e-10,0.983270432013012,10445.60091333384,0.044560091333383886
btc_hl_breakout_2m,0,0.0175,0.02,0.0,0.2,10,high_frequency,-0.008465087223708315,-0.8465087223708315,0.46551724137931033,58,-0.08047992691672812,-8.047992691672812,-2.710952002673109,0.959093513710983,1.8017241379310343e-10,-0.057557424082679595,9915.349127762916,-0.008465087223708315
btc_hl_breakout_5m,0,0.01,0.01,0.0,0.2,60,high_frequency,0.011249327856583727,1.1249327856583728,0.5454545454545454,88,-0.06717517445669763,-6.717517445669763,5.225725023507223,1.0546268682712503,1.0208333333333333e-10,0.07405257146671204,10112.493278565837,0.011249327856583727
btc_hl_breakout_8m,0,0.0125,0.02,0.0,0.15,20,high_frequency,0.017370930172615023,1.7370930172615022,0.43283582089552236,67,-0.05249996715583294,-5.249996715583293,8.740520216479593,1.1077513813971738,1.5920398009950246e-10,0.18428995726484698,10173.70930172615,0.017370930172615023
btc_small_down_10m,0,0.005,0.02,0.0,0.2,30,high_frequency,0.05751982660046458,5.751982660046457,0.34615384615384615,78,-0.05176617531321026,-5.1766175313210265,27.06228276163191,1.3704420189306044,8.760683760683761e-11,0.36787080371357944,10575.198266004645,0.05751982660046458
btc_bullish,0,0.03,0.05,0.0,0.15,90,high_frequency,0.039622783178548775,3.9622783178548775,0.4166666666666667,36,-0.04881445720192157,-4.881445720192157,17.584025134182685,1.2960690124464402,3.787037037037037e-10,0.7504110190108114,10396.227831785487,0.039622783178548775
btc_hl_breakout_8m,0,0.0175,0.02,0.0,0.1,15,high_frequency,0.01384616993879033,1.3846169938790331,0.4745762711864407,59,-0.03237046067939764,-3.237046067939764,9.99859418880383,1.1300210822452847,1.8954802259887007e-10,0.24378051976603923,10138.461699387903,0.01384616993879033
btc_hl_breakout_4m,0,0.0075,0.03,0.0,0.15,60,high_frequency,0.004754117550575029,0.4754117550575029,0.3333333333333333,69,-0.05223223251725739,-5.22322325172574,3.047406113515518,1.0296343683422557,1.683574879227053e-10,0.05688748356935631,10047.54117550575,0.004754117550575029
btc_vol_breakout_2m,0,0.0125,0.01,0.0,0.2,15,high_frequency,0.010586743153037355,1.0586743153037355,0.5632183908045977,87,-0.06481241913501012,-6.481241913501012,5.037759398259117,1.0526560267402154,1.049808429118774e-10,0.07014728288337838,10105.867431530374,0.010586743153037355
btc_alt_aligned,0,0.0125,0.035,0.0,0.15,60,high_frequency,0.03179869878098234,3.179869878098234,0.35294117647058826,68,-0.04639269378815003,-4.639269378815003,14.249792106518782,1.1777981836757667,1.9950980392156863e-10,0.32245381147921015,10317.986987809823,0.03179869878098234
btc_alt_aligned,0,0.005,0.025,0.0,0.2,15,high_frequency,0.005730829819831797,0.5730829819831796,0.29310344827586204,116,-0.08130838836055287,-8.130838836055288,2.7629134479174184,1.0189215996621923,1.081896551724138e-10,0.0369658310741304,10057.308298198317,0.005730829819831797
btc_hl_breakout_9m,0,0.0175,0.04,0.0,0.25,20,high_frequency,0.021657104429071115,2.1657104429071117,0.3673469387755102,49,-0.1092637013485902,-10.92637013485902,7.006344004264067,1.0801423744171816,2.530612244897959e-10,0.20690258999076083,10216.571044290711,0.021657104429071115
btc_small_up_10m,0,0.0175,0.035,0.0,0.2,90,high_frequency,0.034325900999424085,3.4325900999424084,0.391304347826087,46,-0.06890303734481795,-6.890303734481796,12.754954496199154,1.1890609099582972,2.25e-10,0.39166145166584526,10343.25900999424,0.034325900999424085
btc_bullish,0,0.025,0.06,0.0,0.15,30,high_frequency,0.04656795382557578,4.656795382557577,0.3611111111111111,36,-0.04140784352183591,-4.140784352183591,20.451064765314722,1.3456719694708332,3.712962962962963e-10,0.8767296831956213,10465.679538255758,0.04656795382557578
btc_small_down_10m,0,0.03,0.02,0.0,0.15,5,high_frequency,0.04580049504668968,4.580049504668969,0.6341463414634146,41,-0.02620863081339142,-2.620863081339142,24.540920873762524,1.4413545389290554,2.483739837398374e-10,0.7443722571254061,10458.004950466897,0.04580049504668968
btc_vol_breakout_9m,0,0.01,0.06,0.0,0.2,30,high_frequency,-0.001276912156752701,-0.1276912156752701,0.2,35,-0.04760801519491753,-4.7608015194917535,0.05947877620893856,0.9895256590562002,2.780952380952381e-10,0.0015608204071563706,9987.230878432472,-0.001276912156752701
btc_small_up_10m,0,0.0075,0.05,0.0,0.05,90,high_frequency,0.010279255187876748,1.0279255187876748,0.2641509433962264,53,-0.0165344985427075,-1.6534498542707499,14.552011298175051,1.2483943192774816,1.6666666666666666e-10,0.39225113983398047,10102.792551878767,0.010279255187876748
btc_hl_breakout_1m,0,0.015,0.06,0.0,0.1,15,high_frequency,0.0137539727736592,1.37539727736592,0.3076923076923077,39,-0.030668440648615847,-3.0668440648615847,10.880335239046088,1.165627648703736,3.2435897435897436e-10,0.36641631678109526,10137.539727736592,0.0137539727736592
btc_small_up_9m,0,0.015,0.06,0.0,0.25,30,high_frequency,-0.006977968874006092,-0.6977968874006092,0.24324324324324326,37,-0.08466672649147178,-8.466672649147178,-1.2645666454265558,0.9648961085775477,2.86036036036036e-10,-0.04080668189576703,9930.220311259938,-0.006977968874006092
btc_hl_breakout_2m,0,0.01,0.045,0.0,0.05,15,high_frequency,0.004506743132426869,0.45067431324268686,0.3090909090909091,55,-0.018326737943514804,-1.8326737943514804,7.054433899064201,1.100076245939063,2.1484848484848485e-10,0.16830220098199755,10045.067431324269,0.004506743132426869
btc_vol_breakout_8m,0,0.0175,0.035,0.0,0.05,30,high_frequency,0.0007559810405604196,0.07559810405604196,0.39473684210526316,38,-0.015158365797984796,-1.5158365797984796,1.4322795057290005,1.0196799640636582,2.7192982456140346e-10,0.045354381045223886,10007.559810405604,0.0007559810405604196
btc_alt_aligned,0,0.02,0.035,0.0,0.25,15,high_frequency,0.03354885455567487,3.354885455567487,0.4107142857142857,56,-0.0905428127709893,-9.05428127709893,9.691407394582177,1.1097156394194643,2.470238095238095e-10,0.26677338435610354,10335.48854555675,0.03354885455567487
btc_vol_breakout_2m,0,0.025,0.01,0.0,0.15,90,high_frequency,0.044150938074980856,4.415093807498086,0.696969696969697,66,-0.022748453453609763,-2.2748453453609763,25.27080706481659,1.387173412350332,1.5126262626262626e-10,0.4450591843360385,10441.509380749809,0.044150938074980856
btc_hl_breakout_4m,0,0.0175,0.025,0.0,0.25,30,high_frequency,0.0017432956796933467,0.17432956796933466,0.44642857142857145,56,-0.08173582879306107,-8.173582879306107,1.487182615024731,1.0064492589395206,2.107142857142857e-10,0.03559328468543541,10017.432956796933,0.0017432956796933467
btc_hl_breakout_5m,0,0.0075,0.015,0.0,0.2,30,high_frequency,-0.030406159404522033,-3.040615940452203,0.3855421686746988,83,-0.09632287974126685,-9.632287974126685,-11.71240413865308,0.8671908363856139,1.1405622489959838e-10,-0.1752225135904089,9695.93840595478,-0.030406159404522033
btc_hl_breakout_4m,0,0.0125,0.06,0.0,0.05,60,high_frequency,0.007505760330729731,0.7505760330729732,0.3023255813953488,43,-0.015626155715275702,-1.5626155715275702,10.976999552597952,1.172730139493774,2.937984496124031e-10,0.35601048077516345,10075.057603307298,0.007505760330729731
btc_vol_breakout_8m,0,0.0075,0.02,0.0,0.1,30,high_frequency,0.004051304955220758,0.4051304955220758,0.38461538461538464,52,-0.027142306739867172,-2.7142306739867172,4.3584013553482555,1.0573139547351151,1.330128205128205e-10,0.0837828268339796,10040.513049552208,0.004051304955220758
btc_hl_breakout_4m,0,0.0175,0.06,0.0,0.15,60,high_frequency,0.005645467681302103,0.5645467681302103,0.3157894736842105,38,-0.04304653775789169,-4.304653775789169,3.4105315996105423,1.041105374113141,3.399122807017544e-10,0.12375656737139112,10056.45467681302,0.005645467681302103
btc_hl_breakout_7m,0,0.0075,0.035,0.0,0.2,30,high_frequency,0.015918698298075195,1.5918698298075196,0.2878787878787879,66,-0.09233120801344441,-9.233120801344441,6.339943651940955,1.0710896843570403,1.828282828282828e-10,0.13908399494698775,10159.186982980751,0.015918698298075195
btc_small_up_9m,0,0.0075,0.045,0.0,0.2,10,high_frequency,0.02635753790515828,2.6357537905158277,0.2978723404255319,47,-0.044423117648867194,-4.442311764886719,11.511847794768695,1.182239218291853,1.8404255319148935e-10,0.29431500159353874,10263.575379051583,0.02635753790515828
btc_vol_breakout_8m,0,0.025,0.015,0.0,0.05,90,high_frequency,0.009106874263934509,0.9106874263934509,0.6136363636363636,44,-0.008954537790527906,-0.8954537790527906,17.148079105744745,1.2984704772337528,2.0265151515151513e-10,0.41611432580604263,10091.068742639345,0.009106874263934509
btc_hl_breakout_10m,0,0.015,0.06,0.0,0.25,20,high_frequency,0.0493051797079334,4.93051797079334,0.3,40,-0.08588890249866454,-8.588890249866454,13.855676346613468,1.2149432841572823,3.225e-10,0.527739374976476,10493.051797079333,0.0493051797079334
btc_hl_breakout_7m,0,0.01,0.02,0.0,0.05,30,high_frequency,0.0010401127775823114,0.10401127775823114,0.36585365853658536,82,-0.02178367167956541,-2.178367167956541,1.6640794526104734,1.0176056503075421,1.2865853658536587e-10,0.029097710841579038,10010.401127775824,0.0010401127775823114
btc_hl_breakout_1m,0,0.005,0.05,0.0,0.2,30,high_frequency,-0.0024630276616747324,-0.24630276616747324,0.20634920634920634,63,-0.07798603856890096,-7.798603856890097,-0.2573136185611757,0.986543111631404,1.6772486772486772e-10,-0.002788780407471067,9975.369723383254,-0.0024630276616747324
btc_vol_breakout_3m,0,0.03,0.06,0.0,0.15,30,high_frequency,0.018544952255896648,1.8544952255896647,0.38461538461538464,26,-0.05915739657213359,-5.91573965721336,9.5025935267971,1.1619354556947885,4.929487179487179e-10,0.5094423351919278,10185.449522558967,0.018544952255896648
btc_hl_breakout_4m,0,0.0175,0.05,0.0,0.1,90,high_frequency,0.004407702433574115,0.44077024335741155,0.35,40,-0.028658036997854963,-2.8658036997854963,3.6541671415038683,1.0480954440100902,3.1583333333333333e-10,0.12504986203837845,10044.077024335742,0.004407702433574115
btc_small_up_9m,0,0.0125,0.035,0.0,0.1,10,high_frequency,0.014443039324202744,1.4443039324202744,0.37209302325581395,43,-0.02387787984597023,-2.387787984597023,12.29708753424598,1.2031981215961047,2.2286821705426357e-10,0.343036106851184,10144.430393242028,0.014443039324202744
btc_hl_breakout_7m,0,0.03,0.05,0.0,0.2,45,high_frequency,0.011776829286606517,1.1776829286606516,0.4,35,-0.0924975287860118,-9.24975287860118,4.772187371981952,1.0599102635210926,3.8857142857142857e-10,0.20859381086771023,10117.768292866065,0.011776829286606517
btc_vol_breakout_3m,0,0.005,0.04,0.0,0.05,30,high_frequency,-0.002506442636769225,-0.2506442636769225,0.25396825396825395,63,-0.02064072193509714,-2.064072193509714,-4.03526586462153,0.9426825052148522,1.341269841269841e-10,-0.07637575319877912,9974.935573632309,-0.002506442636769225
btc_small_up_10m,0,0.015,0.06,0.0,0.1,10,high_frequency,0.016256161189029786,1.6256161189029787,0.275,40,-0.03886884091696419,-3.8868840916964187,11.517021275453667,1.197815104656517,2.7083333333333333e-10,0.42008786688723115,10162.561611890298,0.016256161189029786
btc_hl_breakout_2m,0,0.005,0.045,0.0,0.25,60,high_frequency,0.001217571495829725,0.12175714958297248,0.23880597014925373,67,-0.10368964031180639,-10.368964031180639,1.295159944169313,1.0052486796485405,1.5074626865671643e-10,0.024211458421117507,10012.175714958297,0.001217571495829725
btc_hl_breakout_1m,0,0.02,0.06,0.0,0.2,10,high_frequency,0.035902814000634206,3.5902814000634207,0.35135135135135137,37,-0.06595388116699608,-6.595388116699608,13.499455705222891,1.2094142352560178,3.4414414414414416e-10,0.5107858161765071,10359.028140006341,0.035902814000634206
btc_hl_breakout_9m,0,0.015,0.05,0.0,0.2,5,high_frequency,0.03570441764812092,3.570441764812092,0.3488372093023256,43,-0.06178005335073522,-6.178005335073522,12.906144559383067,1.188374136297227,2.926356589147287e-10,0.44080574849770504,10357.04417648121,0.03570441764812092
btc_small_up_9m,0,0.035,0.015,0.0,0.15,45,high_frequency,0.03930286695615559,3.930286695615559,0.675,40,-0.030463425757764062,-3.046342575776406,21.25201818231725,1.4161922695242026,2.6208333333333333e-10,0.6582398489588254,10393.028669561556,0.03930286695615559
btc_hl_breakout_5m,0,0.03,0.045,0.0,0.05,90,high_frequency,-0.0005943680468847446,-0.05943680468847446,0.42105263157894735,38,-0.02565341293539869,-2.565341293539869,-0.6963110321920463,0.9873129063734841,3.416666666666667e-10,-0.02426236454973059,9994.056319531153,-0.0005943680468847446
btc_hl_breakout_2m,0,0.0075,0.035,0.0,0.1,30,high_frequency,-0.0006749541641897622,-0.06749541641897622,0.30303030303030304,66,-0.040520423172023645,-4.052042317202364,-0.1603112132963757,0.9934975332584199,1.7525252525252526e-10,-0.0024962571357376034,9993.250458358103,-0.0006749541641897622
btc_small_down_10m,0,0.01,0.045,0.0,0.15,60,high_frequency,0.0008641895777933314,0.08641895777933314,0.2653061224489796,49,-0.03887407166316592,-3.887407166316592,1.0139340126155796,1.007300303677862,2.0578231292517006e-10,0.023990018978540893,10008.641895777933,0.0008641895777933314
btc_vol_breakout_2m,0,0.015,0.03,0.0,0.1,30,high_frequency,0.013923713138921413,1.3923713138921414,0.41818181818181815,55,-0.02448951466862237,-2.448951466862237,11.298713014089804,1.1501065448081118,2.0363636363636365e-10,0.2604073932706326,10139.237131389214,0.013923713138921413
btc_small_up_10m,0,0.015,0.015,0.0,0.1,15,high_frequency,0.00730957339493126,0.730957339493126,0.4444444444444444,63,-0.02991777970353504,-2.991777970353504,5.829285530833433,1.0761605967273289,1.349206349206349e-10,0.12412883114065998,10073.095733949312,0.00730957339493126
btc_hl_breakout_2m,0,0.025,0.06,0.0,0.1,10,high_frequency,0.015525184614907187,1.5525184614907186,0.38235294117647056,34,-0.037734288238119196,-3.7734288238119196,11.358894564418922,1.1779938483865011,3.9362745098039217e-10,0.4733243338746397,10155.251846149073,0.015525184614907187
btc_alt_aligned,0,0.01,0.045,0.0,0.05,15,high_frequency,0.010160243168762167,1.0160243168762166,0.2923076923076923,65,-0.01689838509535857,-1.689838509535857,13.363161754747637,1.1924736165415657,2.0974358974358974e-10,0.3164878833794221,10101.602431687621,0.010160243168762167
btc_vol_breakout_10m,0,0.005,0.035,0.0,0.2,15,high_frequency,0.005005484940567453,0.5005484940567453,0.2653061224489796,49,-0.051946485757314975,-5.194648575731497,3.046355206961961,1.0365521559978137,1.414965986394558e-10,0.0640974004998442,10050.054849405675,0.005005484940567453
btc_hl_breakout_7m,0,0.0175,0.025,0.0,0.15,15,high_frequency,0.00256088670500269,0.256088670500269,0.4,55,-0.07452812235881412,-7.452812235881412,1.827096569657076,1.0153544422489897,2.2e-10,0.047625319026825264,10025.608867050027,0.00256088670500269
btc_hl_breakout_4m,0,0.0175,0.045,0.0,0.25,30,high_frequency,0.025855049485395284,2.5855049485395285,0.38636363636363635,44,-0.07057556351385286,-7.057556351385285,8.667719163987748,1.1090241024039094,2.875e-10,0.2624375109784238,10258.550494853953,0.025855049485395284
btc_small_down_10m,0,0.02,0.04,0.0,0.25,15,high_frequency,0.01187843399336457,1.187843399336457,0.38235294117647056,34,-0.05551511405174114,-5.551511405174114,4.651939794564819,1.0654436737983588,3.1372549019607844e-10,0.1694112890506279,10118.784339933645,0.01187843399336457
btc_small_up_10m,0,0.035,0.045,0.0,0.2,20,high_frequency,0.07218026540515725,7.218026540515725,0.5161290322580645,31,-0.06686334998414922,-6.686334998414923,24.44010628742854,1.4820309812889985,3.801075268817204e-10,1.166963341973703,10721.802654051573,0.07218026540515725
btc_hl_breakout_2m,0,0.0125,0.05,0.0,0.15,15,high_frequency,0.027592147331080945,2.7592147331080943,0.3404255319148936,47,-0.03690573240732653,-3.690573240732653,14.50886969304888,1.2131239756420304,2.6773049645390067e-10,0.4050022017687065,10275.92147331081,0.027592147331080945
btc_hl_breakout_7m,0,0.0125,0.04,0.0,0.25,60,high_frequency,0.05793283077494821,5.793283077494821,0.35185185185185186,54,-0.08217847414337875,-8.217847414337875,16.315542839905426,1.2220092884231326,2.339506172839506e-10,0.4477326017291886,10579.328307749482,0.05793283077494821
btc_hl_breakout_2m,0,0.015,0.045,0.0,0.05,20,high_frequency,0.0056818890531691695,0.5681889053169169,0.35555555555555557,45,-0.01438820853223155,-1.438820853223155,8.934934167838675,1.130751029634378,2.874074074074074e-10,0.25777933265450065,10056.818890531691,0.0056818890531691695
btc_hl_breakout_6m,0,0.0175,0.01,0.0,0.1,45,high_frequency,-0.028571217186340005,-2.8571217186340006,0.5342465753424658,73,-0.05267187175849797,-5.267187175849797,-23.75557532287673,0.7431341671598743,1.3333333333333334e-10,-0.39157493839763036,9714.2878281366,-0.028571217186340005
btc_hl_breakout_10m,0,0.0075,0.025,0.0,0.2,90,high_frequency,0.013177110835198165,1.3177110835198165,0.352112676056338,71,-0.08320839772393718,-8.320839772393718,5.557420662526924,1.0596617515966302,1.4741784037558688e-10,0.10861796097994066,10131.771108351983,0.013177110835198165
btc_vol_breakout_8m,0,0.0125,0.05,0.0,0.1,45,high_frequency,0.019488962209581483,1.9488962209581482,0.3333333333333333,36,-0.01979882193077398,-1.979882193077398,17.99804039440441,1.3312092807883096,2.851851851851852e-10,0.5464850545596407,10194.889622095814,0.019488962209581483
btc_alt_aligned,0,0.0175,0.06,0.0,0.25,15,high_frequency,0.04719519105918739,4.719519105918739,0.3125,48,-0.08734726984524632,-8.734726984524633,12.955413159430446,1.1654163011327174,2.8958333333333334e-10,0.42727183067120644,10471.951910591873,0.04719519105918739
btc_hl_breakout_5m,0,0.0125,0.06,0.0,0.05,10,high_frequency,0.004536160901448102,0.4536160901448102,0.2826086956521739,46,-0.017469635079381374,-1.7469635079381374,6.695434945659002,1.094724590431705,2.782608695652174e-10,0.20436601868045196,10045.36160901448,0.004536160901448102
btc_vol_breakout_9m,0,0.02,0.035,0.0,0.05,30,high_frequency,0.004065197466735668,0.4065197466735668,0.4411764705882353,34,-0.01470320639371836,-1.470320639371836,6.849681674515502,1.1149346684809,3.1323529411764704e-10,0.2450731904960652,10040.651974667357,0.004065197466735668
btc_vol_breakout_9m,0,0.005,0.035,0.0,0.15,10,high_frequency,0.0015629497302598794,0.15629497302598794,0.2549019607843137,51,-0.039177990928582984,-3.9177990928582984,1.4674680749973854,1.0150194191343225,1.4869281045751635e-10,0.029897707900732047,10015.629497302598,0.0015629497302598794
btc_alt_aligned,0,0.0075,0.025,0.0,0.1,20,high_frequency,0.008059787913935202,0.8059787913935202,0.3402061855670103,97,-0.041100787010107886,-4.110078701010789,5.681701292570591,1.0572000318013781,1.3436426116838488e-10,0.09022635707051802,10080.597879139352,0.008059787913935202
btc_vol_breakout_8m,0,0.02,0.06,0.0,0.05,20,high_frequency,0.0036710111145389986,0.36710111145389984,0.3076923076923077,26,-0.012682095692328255,-1.2682095692328255,6.467997020483838,1.128176596537653,4.237179487179487e-10,0.2894813977220601,10036.71011114539,0.0036710111145389986
btc_small_up_9m,0,0.025,0.01,0.0,0.2,45,high_frequency,0.02587338565265825,2.5873385652658247,0.6666666666666666,51,-0.04352058091509847,-4.352058091509847,11.861110153512929,1.1897932288292743,1.8169934640522875e-10,0.26498023379513075,10258.733856526582,0.02587338565265825
btc_vol_breakout_10m,0,0.0125,0.05,0.0,0.25,60,high_frequency,0.035842782648503865,3.5842782648503864,0.3235294117647059,34,-0.04883287691339988,-4.883287691339988,14.122255310523176,1.2463743150672135,2.6911764705882354e-10,0.4387024846312027,10358.427826485038,0.035842782648503865
btc_bullish,0,0.01,0.035,0.0,0.2,45,high_frequency,0.04983985593294558,4.983985593294558,0.3382352941176471,68,-0.05123435366096607,-5.123435366096607,17.14645224063301,1.2160843265004524,1.8137254901960786e-10,0.37788088978626566,10498.398559329456,0.04983985593294558
btc_alt_aligned,0,0.015,0.06,0.0,0.15,10,high_frequency,0.041375043842226934,4.1375043842226935,0.30612244897959184,49,-0.04608579599751872,-4.608579599751872,18.0307677165882,1.2695487351274977,2.840136054421769e-10,0.5764296758973114,10413.75043842227,0.041375043842226934
btc_hl_breakout_9m,0,0.03,0.035,0.0,0.15,10,high_frequency,0.029157300671047322,2.9157300671047324,0.48717948717948717,39,-0.06116471503319876,-6.116471503319875,13.819804609564368,1.2101823793248807,3.2649572649572653e-10,0.5157004540142464,10291.573006710474,0.029157300671047322
btc_hl_breakout_1m,0,0.035,0.035,0.0,0.2,60,high_frequency,0.05430033980875633,5.430033980875633,0.5714285714285714,35,-0.05946897951703689,-5.946897951703689,20.542099160019585,1.3593452017687346,3.7619047619047624e-10,0.7842330416646787,10543.003398087563,0.05430033980875633
btc_vol_breakout_8m,0,0.035,0.05,0.0,0.05,15,high_frequency,0.006220589347926074,0.6220589347926073,0.4583333333333333,24,-0.016091992830895796,-1.6091992830895796,9.728060034421642,1.195304044690585,5.083333333333333e-10,0.5282242915076747,10062.20589347926,0.006220589347926074
btc_vol_breakout_9m,0,0.015,0.06,0.0,0.15,60,high_frequency,0.023189505773455903,2.31895057734559,0.2962962962962963,27,-0.03161471275908434,-3.161471275908434,13.811407305295088,1.309161226197625,4.0123456790123455e-10,0.5860948943911127,10231.895057734559,0.023189505773455903
btc_hl_breakout_5m,0,0.0175,0.025,0.0,0.25,60,high_frequency,-0.043101483597272,-4.3101483597272,0.4,55,-0.1258860810876533,-12.588608108765332,-13.168402041948484,0.8451222835422212,2.196969696969697e-10,-0.29863601040199933,9568.98516402728,-0.043101483597272
btc_vol_breakout_10m,0,0.015,0.04,0.0,0.05,15,high_frequency,0.014324147264405514,1.4324147264405513,0.42857142857142855,35,-0.00883692168790029,-0.883692168790029,26.111191990366994,1.5269964871545576,2.738095238095238e-10,0.818486827527396,10143.241472644055,0.014324147264405514
btc_hl_breakout_2m,0,0.03,0.025,0.0,0.25,60,high_frequency,0.028864108960750128,2.886410896075013,0.5581395348837209,43,-0.07258908070401815,-7.258908070401815,9.755666085140222,1.1264748115699763,2.9767441860465116e-10,0.2936277449529901,10288.641089607501,0.028864108960750128
btc_small_down_10m,0,0.005,0.06,0.0,0.1,90,high_frequency,0.018597459369533397,1.8597459369533398,0.21052631578947367,57,-0.024785775713663027,-2.4785775713663027,14.244740203709956,1.2437340491467554,1.7426900584795323e-10,0.33266993387683785,10185.974593695333,0.018597459369533397
btc_hl_breakout_1m,0,0.0175,0.01,0.0,0.05,30,high_frequency,-0.006633305168770432,-0.6633305168770431,0.5405405405405406,74,-0.02360035313117914,-2.360035313117914,-10.83371427417648,0.8732518933905202,1.2905405405405404e-10,-0.17709180151577006,9933.666948312295,-0.006633305168770432
btc_hl_breakout_3m,0,0.035,0.03,0.0,0.25,5,high_frequency,0.06018421465993051,6.018421465993051,0.6052631578947368,38,-0.06883837709951146,-6.8838377099511465,18.285542126433555,1.2878602458808883,3.4210526315789475e-10,0.6493944306554849,10601.842146599305,0.06018421465993051
btc_small_up_10m,0,0.025,0.06,0.0,0.05,5,high_frequency,0.00994889380757994,0.994889380757994,0.3333333333333333,30,-0.019053539825319765,-1.9053539825319765,13.733973585444435,1.260801505419858,4.005555555555556e-10,0.6726603215208967,10099.4889380758,0.00994889380757994
btc_vol_breakout_8m,0,0.03,0.025,0.0,0.25,20,high_frequency,0.07333373181029956,7.333373181029956,0.5882352941176471,34,-0.05019259265977405,-5.019259265977405,26.151985058815377,1.4749945899377759,3.0784313725490195e-10,0.8606215601713334,10733.337318102997,0.07333373181029956
btc_hl_breakout_3m,0,0.02,0.015,0.0,0.05,45,high_frequency,0.005630034267342751,0.5630034267342752,0.5645161290322581,62,-0.0131226819416852,-1.31226819416852,8.779036012119889,1.1165708283668234,1.717741935483871e-10,0.18525123122229512,10056.300342673427,0.005630034267342751
btc_hl_breakout_8m,0,0.035,0.01,0.0,0.05,60,high_frequency,0.013853163976966471,1.3853163976966472,0.7241379310344828,58,-0.013377927221344788,-1.3377927221344788,19.13199840774058,1.3401512607595567,2.0775862068965516e-10,0.4797367864463991,10138.531639769664,0.013853163976966471
btc_small_down_10m,0,0.02,0.03,0.0,0.2,5,high_frequency,0.03357880499536859,3.357880499536859,0.47619047619047616,42,-0.04341910859837583,-4.341910859837583,14.141660742870426,1.2222353271611346,2.257936507936508e-10,0.4131508989570908,10335.788049953686,0.03357880499536859
btc_hl_breakout_2m,0,0.0125,0.045,0.0,0.15,10,high_frequency,0.023655364371187055,2.3655364371187053,0.3617021276595745,47,-0.03916427948621681,-3.9164279486216813,12.660247163277361,1.185098592333045,2.7198581560283685e-10,0.3479645248953861,10236.55364371187,0.023655364371187055
btc_vol_breakout_2m,0,0.035,0.035,0.0,0.25,45,high_frequency,0.05433513377954946,5.433513377954946,0.5675675675675675,37,-0.07298666038964663,-7.298666038964663,16.870726435117323,1.2583895999313963,3.5495495495495495e-10,0.6071856347709461,10543.351337795495,0.05433513377954946
btc_small_down_10m,0,0.0125,0.015,0.0,0.05,90,high_frequency,0.016838507986053543,1.6838507986053544,0.5245901639344263,61,-0.01048417455613393,-1.048417455613393,31.412924844140164,1.4867469459211158,1.1967213114754098e-10,0.5508917756704699,10168.385079860536,0.016838507986053543
btc_hl_breakout_7m,0,0.0075,0.06,0.0,0.25,5,high_frequency,-0.0033030467081599907,-0.33030467081599907,0.2,55,-0.12506528954830565,-12.506528954830564,0.1853988911025343,0.9873465634727264,2.2272727272727272e-10,0.008098180744318968,9966.9695329184,-0.0033030467081599907
btc_hl_breakout_8m,0,0.015,0.01,0.0,0.25,90,high_frequency,0.02531242081912951,2.531242081912951,0.569620253164557,79,-0.07622948479104241,-7.622948479104242,8.155850012763857,1.0931902921568575,1.2362869198312235e-10,0.14426730768259205,10253.124208191295,0.02531242081912951
btc_hl_breakout_5m,0,0.005,0.03,0.0,0.05,90,high_frequency,0.004028677550445718,0.40286775504457184,0.2804878048780488,82,-0.024405081385342253,-2.4405081385342253,6.065383613619164,1.0749159489582671,1.2154471544715447e-10,0.10175005591799113,10040.286775504457,0.004028677550445718
btc_hl_breakout_9m,0,0.015,0.035,0.0,0.05,15,high_frequency,0.009180787383131422,0.9180787383131421,0.38461538461538464,52,-0.018370946847440672,-1.8370946847440672,13.017300325921337,1.184496311527632,2.2532051282051283e-10,0.3579748767868103,10091.807873831314,0.009180787383131422
btc_hl_breakout_5m,0,0.01,0.035,0.0,0.1,10,high_frequency,0.014399413284290211,1.439941328429021,0.3442622950819672,61,-0.030051736883510816,-3.0051736883510816,11.207871092165819,1.1414162483032309,1.8278688524590164e-10,0.2437977297373281,10143.994132842901,0.014399413284290211
btc_hl_breakout_1m,0,0.035,0.03,0.0,0.25,45,high_frequency,0.0666162494733218,6.6616249473321805,0.5945945945945946,37,-0.06942836623459392,-6.942836623459392,20.199926515122243,1.3358504415493813,3.4819819819819817e-10,0.7320922785912435,10666.162494733218,0.0666162494733218
btc_hl_breakout_4m,0,0.025,0.045,0.0,0.1,90,high_frequency,0.025528655341898868,2.5528655341898867,0.47368421052631576,38,-0.030487836586581496,-3.0487836586581496,18.702849976326117,1.3105182411964582,3.4692982456140346e-10,0.6784215827278214,10255.286553418988,0.025528655341898868
btc_small_up_9m,0,0.025,0.01,0.0,0.25,20,high_frequency,0.03197611554174669,3.197611554174669,0.6666666666666666,51,-0.054152113272658786,-5.415211327265879,11.868227742755536,1.1859443232705835,1.8169934640522875e-10,0.2649802337951298,10319.761155417467,0.03197611554174669
btc_vol_breakout_8m,0,0.015,0.035,0.0,0.25,10,high_frequency,0.06730025753424752,6.730025753424752,0.425,40,-0.04358681924858654,-4.358681924858654,24.81286158398828,1.4156130605849606,2.3875e-10,0.6742925001322111,10673.002575342474,0.06730025753424752
btc_vol_breakout_9m,0,0.0125,0.035,0.0,0.05,20,high_frequency,0.008775928034527697,0.8775928034527697,0.3684210526315789,38,-0.010036774739970777,-1.0036774739970777,16.717558994729124,1.297256837929301,2.3289473684210523e-10,0.46468551679028725,10087.759280345277,0.008775928034527697
btc_vol_breakout_2m,0,0.0075,0.035,0.0,0.2,30,high_frequency,-0.010274160964311567,-1.0274160964311567,0.2835820895522388,67,-0.06412666125840583,-6.412666125840582,-3.581982898098256,0.9484561250558097,1.63681592039801e-10,-0.06395342196456438,9897.258390356885,-0.010274160964311567
btc_hl_breakout_9m,0,0.02,0.015,0.0,0.2,20,high_frequency,0.02660410509679575,2.660410509679575,0.5303030303030303,66,-0.07607673127601267,-7.607673127601267,9.867793656369221,1.1180044334241561,1.6287878787878788e-10,0.2175484383150668,10266.041050967957,0.02660410509679575
btc_hl_breakout_10m,0,0.025,0.045,0.0,0.15,90,high_frequency,0.03972893502344894,3.9728935023448937,0.4594594594594595,37,-0.045552331271092594,-4.555233127109259,17.92266563754255,1.3089380430351942,3.4414414414414416e-10,0.72785442927715,10397.289350234489,0.03972893502344894
btc_hl_breakout_3m,0,0.02,0.05,0.0,0.05,20,high_frequency,0.005276472796075945,0.5276472796075945,0.3783783783783784,37,-0.016969309304391222,-1.6969309304391222,7.794110386087142,1.127516763476606,3.5045045045045046e-10,0.2924991864393677,10052.764727960759,0.005276472796075945
btc_vol_breakout_10m,0,0.0125,0.06,0.0,0.15,15,high_frequency,0.01885472227009036,1.885472227009036,0.28125,32,-0.033133296851139415,-3.3133296851139415,11.56506223008478,1.2165721451148928,3.0208333333333335e-10,0.40688886692983744,10188.547222700903,0.01885472227009036
btc_small_down_10m,0,0.01,0.06,0.0,0.1,60,high_frequency,0.009749294491985257,0.9749294491985256,0.2391304347826087,46,-0.02820603881063577,-2.820603881063577,7.701837177678384,1.124748103398437,2.1884057971014492e-10,0.2221704304355424,10097.492944919853,0.009749294491985257
btc_vol_breakout_10m,0,0.035,0.015,0.0,0.05,10,high_frequency,0.0021143521971833707,0.21143521971833706,0.6410256410256411,39,-0.013264368624378298,-1.3264368624378298,3.7300553777231933,1.0599557349325082,2.478632478632479e-10,0.11362522731927689,10021.143521971833,0.0021143521971833707
btc_vol_breakout_10m,0,0.0075,0.02,0.0,0.05,20,high_frequency,-0.0008552669192788528,-0.08552669192788528,0.3829787234042553,47,-0.014814412101395669,-1.4814412101395669,-1.724298374049167,0.9736282325538331,1.3900709219858158e-10,-0.03360322361913424,9991.447330807212,-0.0008552669192788528
btc_vol_breakout_9m,0,0.005,0.015,0.0,0.2,15,high_frequency,-0.007058981930493678,-0.7058981930493679,0.3389830508474576,59,-0.04995552018928795,-4.9955520189287945,-3.0572642478932566,0.9499641556671327,1.0112994350282486e-10,-0.05035492588829402,9929.410180695064,-0.007058981930493678
btc_hl_breakout_7m,0,0.0175,0.015,0.0,0.25,90,high_frequency,0.018625591867607136,1.8625591867607136,0.5142857142857142,70,-0.10043455191971051,-10.043455191971052,6.257211910868017,1.0633440057385757,1.5571428571428572e-10,0.12697335382024066,10186.255918676072,0.018625591867607136
btc_hl_breakout_7m,0,0.01,0.035,0.0,0.1,45,high_frequency,0.016627244122551506,1.6627244122551506,0.31746031746031744,63,-0.03275912789816893,-3.2759127898168927,11.7717312661421,1.156803092217107,1.7883597883597883e-10,0.27246932047458694,10166.272441225516,0.016627244122551506
btc_vol_breakout_9m,0,0.03,0.04,0.0,0.15,20,high_frequency,0.030095420551821326,3.009542055182133,0.5517241379310345,29,-0.043247437358518104,-4.32474373585181,16.433336377021337,1.302408572235225,3.8333333333333335e-10,0.70533035660892,10300.954205518214,0.030095420551821326
btc_hl_breakout_4m,0,0.005,0.045,0.0,0.25,5,high_frequency,-0.0035498189510341943,-0.35498189510341943,0.23076923076923078,65,-0.08611329052204386,-8.611329052204386,-0.2386922201419665,0.9851278977956708,1.6333333333333334e-10,-0.003469740374963886,9964.501810489659,-0.0035498189510341943
btc_small_up_9m,0,0.035,0.06,0.0,0.1,10,high_frequency,0.023747454084323442,2.3747454084323443,0.45454545454545453,22,-0.026556735411607302,-2.65567354116073,17.96785392014581,1.4081497485760317,5.5e-10,1.0927993795983177,10237.474540843234,0.023747454084323442
btc_hl_breakout_2m,0,0.03,0.02,0.0,0.2,45,high_frequency,0.02794056207373094,2.794056207373094,0.574468085106383,47,-0.057966777580773954,-5.796677758077395,11.549494547727438,1.1528883886845436,2.539007092198582e-10,0.31393183975198247,10279.405620737309,0.02794056207373094
btc_vol_breakout_8m,0,0.005,0.045,0.0,0.2,60,high_frequency,-0.0029867366196610875,-0.2986736619661087,0.22,50,-0.05343955941165546,-5.343955941165546,-0.8476466633987653,0.9782010563851041,1.6166666666666665e-10,-0.017405269814053038,9970.132633803389,-0.0029867366196610875
btc_hl_breakout_10m,0,0.025,0.015,0.0,0.25,5,high_frequency,0.058766188717968224,5.876618871796822,0.5925925925925926,54,-0.07190618269143578,-7.190618269143578,16.864025002634857,1.2444441619581748,2.117283950617284e-10,0.45055345414885295,10587.661887179682,0.058766188717968224
btc_hl_breakout_3m,0,0.025,0.03,0.0,0.15,5,high_frequency,0.03408322035432175,3.408322035432175,0.5348837209302325,43,-0.03948650512370855,-3.948650512370855,17.210241598925425,1.2620730142509764,2.9612403100775194e-10,0.5379361014674442,10340.832203543217,0.03408322035432175
btc_hl_breakout_7m,0,0.01,0.02,0.0,0.2,90,high_frequency,0.002344066494244544,0.23440664942445438,0.36585365853658536,82,-0.08534708259154822,-8.534708259154822,1.654990732367617,1.009556761031464,1.2865853658536587e-10,0.02909771084157946,10023.440664942445,0.002344066494244544
btc_hl_breakout_8m,0,0.01,0.02,0.0,0.1,10,high_frequency,-0.0027859718909290223,-0.2785971890929022,0.36619718309859156,71,-0.04118670527905466,-4.118670527905466,-1.6372953486783424,0.9746124863771815,1.4906103286384976e-10,-0.031480437578576735,9972.14028109071,-0.0027859718909290223
btc_vol_breakout_10m,0,0.035,0.035,0.0,0.15,15,high_frequency,0.021068883252395334,2.106888325239533,0.5517241379310345,29,-0.044590404604852085,-4.459040460485209,11.821109751890244,1.204304148533408,3.4942528735632183e-10,0.502707119775699,10210.688832523952,0.021068883252395334
btc_hl_breakout_7m,0,0.02,0.02,0.0,0.05,60,high_frequency,0.011214664742357234,1.1214664742357234,0.5166666666666667,60,-0.01571733186154045,-1.5717331861540451,15.548074569045449,1.2203347847445132,1.886111111111111e-10,0.37724414404025985,10112.146647423573,0.011214664742357234
btc_hl_breakout_4m,0,0.0075,0.025,0.0,0.1,15,high_frequency,-0.003004003974403429,-0.3004003974403429,0.352112676056338,71,-0.037475073633861156,-3.7475073633861156,-2.051635781754567,0.9717706720605706,1.563380281690141e-10,-0.03559775357858687,9969.959960255967,-0.003004003974403429
btc_hl_breakout_10m,0,0.015,0.025,0.0,0.05,45,high_frequency,0.014642909466854695,1.4642909466854694,0.4666666666666667,60,-0.012415938160937667,-1.2415938160937667,20.41651493975918,1.297221660292867,1.8388888888888888e-10,0.49008686525531125,10146.429094668547,0.014642909466854695
btc_hl_breakout_2m,0,0.005,0.025,0.0,0.1,5,high_frequency,-0.009369911921676157,-0.9369911921676157,0.2839506172839506,81,-0.04336313127281288,-4.336313127281288,-7.641458503546822,0.9090705411424582,1.1234567901234567e-10,-0.1109387984737114,9906.300880783238,-0.009369911921676157
btc_small_up_9m,0,0.025,0.01,0.0,0.05,15,high_frequency,0.006681378900213605,0.6681378900213605,0.6666666666666666,51,-0.011030777129175107,-1.1030777129175107,11.83979355134679,1.2015954025188567,1.8169934640522875e-10,0.2649802337951308,10066.813789002135,0.006681378900213605
btc_small_up_9m,0,0.02,0.015,0.0,0.15,20,high_frequency,0.032190897241897616,3.219089724189762,0.5576923076923077,52,-0.026237149828391315,-2.6237149828391315,18.11840818009055,1.2857786030950897,1.730769230769231e-10,0.4183797726442423,10321.908972418976,0.032190897241897616
btc_hl_breakout_3m,0,0.01,0.04,0.0,0.2,60,high_frequency,0.014455215302181046,1.4455215302181046,0.34545454545454546,55,-0.06719889322407058,-6.719889322407058,6.419026141181017,1.0779988090825237,2.1151515151515152e-10,0.14821824142157314,10144.55215302181,0.014455215302181046
btc_small_down_10m,0,0.005,0.04,0.0,0.15,10,high_frequency,0.01370714247920489,1.370714247920489,0.2413793103448276,58,-0.03272556446523689,-3.272556446523689,7.753530624404978,1.1210311289209334,1.7155172413793103e-10,0.16706012953827215,10137.07142479205,0.01370714247920489
btc_small_up_9m,0,0.0175,0.03,0.0,0.15,45,high_frequency,0.01609869583724901,1.6098695837249009,0.4186046511627907,43,-0.03968662902143116,-3.9686629021431163,9.325617040813237,1.1390934770028076,2.3372093023255816e-10,0.2620372491455618,10160.98695837249,0.01609869583724901
btc_hl_breakout_7m,0,0.0175,0.01,0.0,0.05,90,high_frequency,-0.0037192195868299338,-0.3719219586829934,0.5454545454545454,77,-0.024675187565426193,-2.4675187565426193,-5.179280770107513,0.9344997040728017,1.3138528138528138e-10,-0.09322120629105131,9962.8078041317,-0.0037192195868299338
btc_vol_breakout_2m,0,0.035,0.02,0.0,0.05,45,high_frequency,0.00923279424261379,0.9232794242613789,0.627906976744186,43,-0.013033595256559005,-1.3033595256559005,14.334362823159836,1.239630728203274,2.844961240310077e-10,0.4329940785074644,10092.327942426138,0.00923279424261379
btc_hl_breakout_10m,0,0.015,0.015,0.0,0.15,5,high_frequency,0.023030391164789943,2.3030391164789945,0.5070422535211268,71,-0.04359545456407532,-4.359545456407532,11.314478524245395,1.1437526057127847,1.4295774647887323e-10,0.2263193096616782,10230.3039116479,0.023030391164789943
btc_hl_breakout_6m,0,0.03,0.045,0.0,0.25,90,high_frequency,-0.02887862616900088,-2.887862616900088,0.3888888888888889,36,-0.1291778423161728,-12.91778423161728,-7.967953650224883,0.8797771086769292,3.5e-10,-0.2899439776213559,9711.21373830999,-0.02887862616900088
btc_bullish,0,0.01,0.025,0.0,0.2,5,high_frequency,0.04361870053308487,4.361870053308487,0.3783783783783784,74,-0.054159392159988884,-5.415939215998888,15.371420115407451,1.1931668446432608,1.6509009009009008e-10,0.30556785637677586,10436.187005330848,0.04361870053308487
btc_hl_breakout_2m,0,0.0075,0.02,0.0,0.1,30,high_frequency,-0.008722481415369259,-0.8722481415369259,0.3625,80,-0.04366912308826654,-4.366912308826654,-6.825107278588713,0.9205679795984817,1.2125e-10,-0.1039150806191858,9912.775185846307,-0.008722481415369259
btc_vol_breakout_8m,0,0.035,0.05,0.0,0.15,15,high_frequency,0.017980689655375363,1.7980689655375364,0.4583333333333333,24,-0.04766554421542113,-4.7665544215421125,9.71728030609383,1.1844039727567226,5.083333333333333e-10,0.5282242915076715,10179.806896553753,0.017980689655375363
btc_hl_breakout_8m,0,0.015,0.04,0.0,0.05,5,high_frequency,0.011214421587462517,1.1214421587462517,0.3829787234042553,47,-0.016185785405097075,-1.6185785405097075,15.492165377003861,1.243668628373338,2.673758865248227e-10,0.4817907884815157,10112.144215874625,0.011214421587462517
btc_alt_aligned,0,0.015,0.02,0.0,0.05,60,high_frequency,0.013609740784706054,1.3609740784706055,0.4634146341463415,82,-0.011213495313408428,-1.1213495313408428,19.17289239736014,1.2282625969527257,1.621951219512195e-10,0.333888258551924,10136.09740784706,0.013609740784706054
btc_vol_breakout_10m,0,0.035,0.05,0.0,0.15,90,high_frequency,0.013090541554582545,1.3090541554582547,0.45454545454545453,22,-0.04766554421542046,-4.766554421542047,7.397929321305739,1.143830174725753,4.992424242424242e-10,0.42818379362112335,10130.905415545825,0.013090541554582545
btc_hl_breakout_9m,0,0.015,0.035,0.0,0.15,60,high_frequency,0.026819154591008212,2.6819154591008214,0.38461538461538464,52,-0.05458668899640562,-5.458668899640562,12.99404478250079,1.1735578179128565,2.2532051282051283e-10,0.3579748767868094,10268.191545910082,0.026819154591008212
btc_alt_aligned,0,0.025,0.045,0.0,0.1,10,high_frequency,0.026125671236152174,2.6125671236152175,0.4318181818181818,44,-0.03175626613355642,-3.175626613355642,17.068215210659922,1.2617219552807393,3.1780303030303026e-10,0.6025561177258898,10261.256712361523,0.026125671236152174
btc_alt_aligned,0,0.025,0.015,0.0,0.25,15,high_frequency,0.04230629789744844,4.230629789744844,0.5714285714285714,63,-0.0850932582150341,-8.50932582150341,11.955414509156277,1.1407643970708623,2.1693121693121693e-10,0.2904074891484941,10423.062978974485,0.04230629789744844
btc_hl_breakout_4m,0,0.01,0.015,0.0,0.2,20,high_frequency,0.018083468157514538,1.8083468157514537,0.4805194805194805,77,-0.05280366170671891,-5.280366170671891,7.9532005906294145,1.088689056065117,1.2380952380952382e-10,0.12837915462751517,10180.834681575145,0.018083468157514538
btc_small_down_10m,0,0.03,0.015,0.0,0.1,5,high_frequency,0.028270128319782782,2.827012831978278,0.6590909090909091,44,-0.01704041048504601,-1.704041048504601,22.895734702046624,1.4171401462254565,2.178030303030303e-10,0.6435117146257446,10282.701283197828,0.028270128319782782
btc_hl_breakout_10m,0,0.02,0.045,0.0,0.15,10,high_frequency,0.023459993120310378,2.345999312031038,0.40476190476190477,42,-0.04385088206257759,-4.385088206257759,11.1343404219791,1.163518713444231,2.972222222222222e-10,0.3910962917935207,10234.599931203104,0.023459993120310378
btc_vol_breakout_2m,0,0.035,0.03,0.0,0.15,90,high_frequency,0.02369341348930684,2.3693413489306843,0.5789473684210527,38,-0.04462724833062459,-4.46272483306246,12.26153447727134,1.190804782531645,3.473684210526316e-10,0.4307082105881011,10236.934134893068,0.02369341348930684
btc_hl_breakout_3m,0,0.0175,0.015,0.0,0.25,10,high_frequency,-0.010319314321636058,-1.0319314321636057,0.515625,64,-0.08184011853159168,-8.184011853159168,-2.30202442350461,0.9610876036412296,1.6223958333333334e-10,-0.046042700923957666,9896.80685678364,-0.010319314321636058
btc_hl_breakout_3m,0,0.01,0.03,0.0,0.1,90,high_frequency,0.006778290507341854,0.6778290507341853,0.375,64,-0.03097892721548756,-3.097892721548756,5.851655294847758,1.0694670276435994,1.6119791666666666e-10,0.11308133543745152,10067.782905073418,0.006778290507341854
btc_vol_breakout_10m,0,0.0125,0.01,0.0,0.1,10,high_frequency,0.0005492033123540068,0.054920331235400674,0.5471698113207547,53,-0.022980253918796656,-2.2980253918796656,0.8574795039637647,1.009025120317756,1.1415094339622641e-10,0.01511168019897384,10005.49203312354,0.0005492033123540068
btc_vol_breakout_2m,0,0.0175,0.02,0.0,0.1,15,high_frequency,0.007949971014000459,0.7949971014000459,0.4918032786885246,61,-0.02490723344875856,-2.490723344875856,6.627337567701564,1.0807646217138407,1.7868852459016393e-10,0.13750073990578335,10079.499710140004,0.007949971014000459
btc_vol_breakout_2m,0,0.03,0.03,0.0,0.1,10,high_frequency,0.011420079400520524,1.1420079400520524,0.5365853658536586,41,-0.02807848900492471,-2.807848900492471,8.896344211125312,1.1314078396992335,3.170731707317073e-10,0.2892416790124254,10114.200794005204,0.011420079400520524
btc_hl_breakout_8m,0,0.0125,0.015,0.0,0.1,10,high_frequency,0.012963800801949093,1.2963800801949092,0.4666666666666667,75,-0.0343210379398704,-3.4321037939870402,9.528752731306302,1.1193430817913543,1.331111111111111e-10,0.17969669109407824,10129.63800801949,0.012963800801949093
btc_hl_breakout_5m,0,0.025,0.025,0.0,0.25,15,high_frequency,0.03957088425504503,3.957088425504503,0.5306122448979592,49,-0.07188496168849101,-7.188496168849101,12.600047692379631,1.1604914979248513,2.574829931972789e-10,0.343773961715856,10395.70884255045,0.03957088425504503
btc_hl_breakout_6m,0,0.035,0.02,0.0,0.25,30,high_frequency,0.03426387539195639,3.426387539195639,0.6046511627906976,43,-0.06963540382758404,-6.963540382758405,11.20447210551023,1.1594065090388757,2.810077519379845e-10,0.3410951170941512,10342.638753919564,0.03426387539195639
btc_hl_breakout_8m,0,0.01,0.04,0.0,0.2,30,high_frequency,0.00913649840517146,0.913649840517146,0.2982456140350877,57,-0.07964242084266437,-7.964242084266438,4.063769921459863,1.0451532381578639,2.0350877192982457e-10,0.10034333272164991,10091.364984051714,0.00913649840517146
btc_hl_breakout_6m,0,0.0075,0.06,0.0,0.15,30,high_frequency,-0.030218722092927214,-3.0218722092927215,0.17307692307692307,52,-0.07928848146718392,-7.928848146718392,-14.963559784328883,0.796171296382077,2.326923076923077e-10,-0.3769066813769061,9697.812779070728,-0.030218722092927214
btc_hl_breakout_7m,0,0.03,0.035,0.0,0.05,90,high_frequency,0.008225384868030226,0.8225384868030227,0.475,40,-0.02266776031607809,-2.266776031607809,11.466790112272212,1.1789232796329998,3.2375e-10,0.41782930712379285,10082.253848680302,0.008225384868030226
btc_vol_breakout_3m,0,0.025,0.015,0.0,0.1,5,high_frequency,0.03716765206853574,3.7167652068535744,0.66,50,-0.01662317111898637,-1.6623171118986368,31.572778728615457,1.582626461629605,1.9266666666666667e-10,0.7379620763125769,10371.676520685358,0.03716765206853574
btc_vol_breakout_3m,0,0.01,0.06,0.0,0.1,15,high_frequency,-0.0070312159904110105,-0.703121599041101,0.2222222222222222,36,-0.036722896975769026,-3.6722896975769026,-5.045276452361893,0.9078952700021845,3.12962962962963e-10,-0.18063028296182126,9929.68784009589,-0.0070312159904110105
btc_hl_breakout_6m,0,0.0125,0.01,0.0,0.15,60,high_frequency,-0.005839873586823819,-0.5839873586823819,0.5529411764705883,85,-0.050872353052105024,-5.087235305210502,-2.6076436846107307,0.962811530776505,1.1e-10,-0.03814482499060171,9941.601264131761,-0.005839873586823819
btc_hl_breakout_9m,0,0.02,0.035,0.0,0.1,20,high_frequency,0.02216328773140175,2.216328773140175,0.42857142857142855,49,-0.03532145766738737,-3.532145766738737,15.141396561201693,1.2202383412985818,2.564625850340136e-10,0.46101792052887175,10221.632877314018,0.02216328773140175
btc_hl_breakout_1m,0,0.01,0.03,0.0,0.15,10,high_frequency,0.019567407330777498,1.9567407330777498,0.375,64,-0.046568638034749865,-4.6568638034749865,10.46735570995251,1.1255413810889474,1.7734375e-10,0.21411767884764518,10195.674073307775,0.019567407330777498
btc_bullish,0,0.03,0.05,0.0,0.05,15,high_frequency,0.013401672383815896,1.3401672383815895,0.4166666666666667,36,-0.01650461838164685,-1.6504618381646852,17.586731290190333,1.31050564946537,3.787037037037037e-10,0.7504110190108112,10134.016723838158,0.013401672383815896
btc_vol_breakout_3m,0,0.005,0.02,0.0,0.2,90,high_frequency,-0.02076051588692785,-2.0760515886927853,0.3287671232876712,73,-0.09055917319274909,-9.055917319274908,-8.547417308569827,0.8907592194358037,1.0251141552511416e-10,-0.1332182522108584,9792.394841130721,-0.02076051588692785
btc_alt_aligned,0,0.025,0.045,0.0,0.05,90,high_frequency,0.013154551152784239,1.315455115278424,0.4318181818181818,44,-0.015947566684772818,-1.5947566684772818,17.060775012470938,1.2684767537735988,3.1780303030303026e-10,0.6025561177258911,10131.545511527842,0.013154551152784239
btc_hl_breakout_1m,0,0.03,0.05,0.0,0.1,60,high_frequency,0.007364496308043101,0.7364496308043101,0.4117647058823529,34,-0.04040406336528024,-4.040406336528024,5.83535330155117,1.0852295408392183,3.9558823529411763e-10,0.2336639322939454,10073.64496308043,0.007364496308043101
btc_vol_breakout_10m,0,0.02,0.03,0.0,0.25,45,high_frequency,0.044375146038176036,4.437514603817603,0.47058823529411764,34,-0.05901108071640748,-5.901108071640748,16.760016411004514,1.2792345644828382,2.7941176470588236e-10,0.5367698308411049,10443.75146038176,0.044375146038176036
btc_small_up_10m,0,0.03,0.035,0.0,0.05,45,high_frequency,0.01159054034610495,1.159054034610495,0.4864864864864865,37,-0.015112838466239453,-1.5112838466239453,16.355666422021248,1.287092878796697,3.1126126126126127e-10,0.6314285375172283,10115.905403461049,0.01159054034610495
btc_hl_breakout_10m,0,0.0175,0.04,0.0,0.15,90,high_frequency,0.030595306575781547,3.0595306575781547,0.3958333333333333,48,-0.051023767252972974,-5.102376725297297,14.281807614158163,1.201272731992432,2.5729166666666664e-10,0.43927085537545,10305.953065757816,0.030595306575781547
btc_hl_breakout_3m,0,0.035,0.06,0.0,0.15,30,high_frequency,0.038234533589026475,3.8234533589026474,0.48148148148148145,27,-0.05095769346130419,-5.095769346130419,18.4827703500547,1.3381528760828023,5.074074074074074e-10,0.9648088058105418,10382.345335890264,0.038234533589026475
btc_hl_breakout_7m,0,0.0125,0.025,0.0,0.1,60,high_frequency,0.021104220936708943,2.1104220936708944,0.40298507462686567,67,-0.03251218527234867,-3.251218527234867,14.84550557868857,1.1954457607088174,1.691542288557214e-10,0.32122202283099927,10211.04220936709,0.021104220936708943
btc_hl_breakout_5m,0,0.035,0.06,0.0,0.1,10,high_frequency,0.017758110012762562,1.7758110012762562,0.42857142857142855,28,-0.03588740670855739,-3.588740670855739,12.776028422487494,1.21950330431876,5.071428571428571e-10,0.6539346579827048,10177.581100127625,0.017758110012762562
btc_hl_breakout_3m,0,0.015,0.05,0.0,0.1,90,high_frequency,0.016420405920213318,1.6420405920213317,0.36585365853658536,41,-0.02765521580071817,-2.765521580071817,12.51358578048987,1.1949267595634006,3.1016260162601627e-10,0.41206060316658816,10164.204059202133,0.016420405920213318
btc_hl_breakout_4m,0,0.025,0.05,0.0,0.05,90,high_frequency,0.008887654046703136,0.8887654046703136,0.42857142857142855,35,-0.015326367252069484,-1.5326367252069484,12.827599437521986,1.2142821197777305,3.8380952380952383e-10,0.5150059648160643,10088.876540467032,0.008887654046703136
btc_vol_breakout_3m,0,0.01,0.045,0.0,0.1,5,high_frequency,-0.003931906641788907,-0.39319066417889076,0.2916666666666667,48,-0.032185542310932735,-3.2185542310932735,-2.986172022554975,0.9521743271137327,2.1597222222222223e-10,-0.0734656927736464,9960.68093358211,-0.003931906641788907
btc_small_down_10m,0,0.02,0.03,0.0,0.2,20,high_frequency,0.03357880499536859,3.357880499536859,0.47619047619047616,42,-0.04341910859837583,-4.341910859837583,14.141660742870426,1.2222353271611346,2.257936507936508e-10,0.4131508989570908,10335.788049953686,0.03357880499536859
btc_hl_breakout_10m,0,0.0075,0.01,0.0,0.2,20,high_frequency,-0.022094626964504892,-2.209462696450489,0.44680851063829785,94,-0.09206070333021621,-9.206070333021621,-7.531072919369622,0.9058098548026542,9.25531914893617e-11,-0.10761783345280321,9779.053730354952,-0.022094626964504892
btc_small_up_9m,0,0.025,0.01,0.0,0.2,5,high_frequency,0.02587338565265825,2.5873385652658247,0.6666666666666666,51,-0.04352058091509847,-4.352058091509847,11.861110153512929,1.1897932288292743,1.8169934640522875e-10,0.26498023379513075,10258.733856526582,0.02587338565265825
btc_hl_breakout_1m,0,0.0125,0.05,0.0,0.05,15,high_frequency,0.004152860496485198,0.4152860496485198,0.29411764705882354,51,-0.01821769760822123,-1.8217697608221228,6.422073942424119,1.0859378286839843,2.352941176470588e-10,0.16879588726171474,10041.528604964851,0.004152860496485198
btc_hl_breakout_7m,0,0.005,0.01,0.0,0.05,30,high_frequency,-0.01210057963608565,-1.2100579636085649,0.37962962962962965,108,-0.032472890346827765,-3.2472890346827765,-19.566068249115894,0.7938146104505801,8.132716049382717e-11,-0.22361245037057167,9878.994203639144,-0.01210057963608565
btc_vol_breakout_8m,0,0.025,0.02,0.0,0.25,20,high_frequency,0.0695966464234019,6.959664642340189,0.5897435897435898,39,-0.0432455673040566,-4.32455673040566,26.04160672102469,1.456432262641721,2.1623931623931624e-10,0.7121061116936553,10695.96646423402,0.0695966464234019
btc_alt_aligned,0,0.03,0.05,0.0,0.25,10,high_frequency,0.05872454518034756,5.872454518034756,0.4358974358974359,39,-0.08449694638244898,-8.449694638244898,15.727151624910137,1.218753744339871,3.6025641025641026e-10,0.6370123760210711,10587.245451803476,0.05872454518034756
btc_vol_breakout_3m,0,0.0175,0.02,0.0,0.05,15,high_frequency,0.004732530792656013,0.47325307926560134,0.5,52,-0.0159266024120307,-1.59266024120307,7.707036023675924,1.1081903859676987,1.807692307692308e-10,0.1861179420314146,10047.32530792656,0.004732530792656013
btc_vol_breakout_9m,0,0.025,0.06,0.0,0.15,15,high_frequency,0.03341416686349873,3.341416686349873,0.38095238095238093,21,-0.031230048363350416,-3.1230048363350416,19.218367797654007,1.4642783900805294,5.119047619047619e-10,1.0757175954492013,10334.141668634988,0.03341416686349873
btc_hl_breakout_7m,0,0.01,0.04,0.0,0.15,45,high_frequency,0.02437166679757668,2.437166679757668,0.3050847457627119,59,-0.05001116127985161,-5.001116127985162,11.606032737976907,1.1593773853665292,2.0593220338983052e-10,0.28865177707043815,10243.716667975767,0.02437166679757668
btc_hl_breakout_9m,0,0.0175,0.02,0.0,0.25,60,high_frequency,0.025071828203144107,2.507182820314411,0.46774193548387094,62,-0.10272786081958529,-10.272786081958529,8.05720004648408,1.086766027642047,1.7043010752688173e-10,0.18438161110392753,10250.718282031441,0.025071828203144107
btc_hl_breakout_6m,0,0.03,0.02,0.0,0.15,20,high_frequency,0.005456775631588221,0.5456775631588221,0.5531914893617021,47,-0.05556829993770429,-5.556829993770429,3.431308781227106,1.0396070600373162,2.49290780141844e-10,0.09206886853920787,10054.567756315882,0.005456775631588221
btc_small_down_10m,0,0.005,0.04,0.0,0.1,20,high_frequency,0.009319875064084488,0.9319875064084487,0.2413793103448276,58,-0.021912066039860956,-2.1912066039860956,7.723520629820917,1.1245786723594358,1.7155172413793103e-10,0.1670601295382732,10093.198750640844,0.009319875064084488
btc_bullish,0,0.0125,0.06,0.0,0.1,5,high_frequency,0.028977830608117403,2.8977830608117405,0.29411764705882354,51,-0.02414325744066581,-2.414325744066581,19.355056872666054,1.2945993468280665,2.542483660130719e-10,0.5759809368844531,10289.778306081174,0.028977830608117403
btc_small_down_10m,0,0.025,0.04,0.0,0.2,45,high_frequency,0.027633079777195757,2.7633079777195757,0.4375,32,-0.04670735735811582,-4.670735735811582,11.287950637181886,1.1993169057030348,3.5208333333333333e-10,0.453134137068484,10276.330797771958,0.027633079777195757
btc_vol_breakout_8m,0,0.015,0.015,0.0,0.15,10,high_frequency,0.021655782302323724,2.1655782302323723,0.5283018867924528,53,-0.02529734142691864,-2.529734142691864,14.463064954153406,1.2203619489571993,1.449685534591195e-10,0.27806717592076813,10216.557823023237,0.021655782302323724
btc_vol_breakout_9m,0,0.01,0.05,0.0,0.2,30,high_frequency,0.01393319931063861,1.393319931063861,0.2631578947368421,38,-0.03931787756564098,-3.931787756564098,7.255960480340434,1.1172142480060718,2.565789473684211e-10,0.19888264206021966,10139.331993106385,0.01393319931063861
btc_alt_aligned,0,0.015,0.035,0.0,0.1,20,high_frequency,0.019916856526276148,1.9916856526276148,0.36923076923076925,65,-0.03233627823296559,-3.2336278232965587,13.242598531538958,1.16681421565299,2.0948717948717947e-10,0.3146054611948443,10199.168565262762,0.019916856526276148
btc_vol_breakout_8m,0,0.015,0.05,0.0,0.1,15,high_frequency,0.029848982388289664,2.984898238828966,0.3870967741935484,31,-0.018829031501033877,-1.8829031501033877,26.62009726756936,1.6151736630315259,3.505376344086021e-10,0.9607891589228817,10298.489823882897,0.029848982388289664
btc_vol_breakout_10m,0,0.0075,0.06,0.0,0.2,45,high_frequency,-0.015961871337219213,-1.5961871337219213,0.1891891891891892,37,-0.06102418405547039,-6.102418405547039,-7.019536051543499,0.8763093735597788,2.5045045045045044e-10,-0.19969071156118187,9840.381286627808,-0.015961871337219213
btc_hl_breakout_7m,0,0.0175,0.02,0.0,0.15,30,high_frequency,0.02054967728776135,2.054967728776135,0.4838709677419355,62,-0.058396882657436366,-5.839688265743637,10.223690213150444,1.1251407850969344,1.7741935483870967e-10,0.23353135235091727,10205.496772877614,0.02054967728776135
btc_hl_breakout_5m,0,0.025,0.05,0.0,0.05,15,high_frequency,0.005372249433664939,0.5372249433664938,0.40540540540540543,37,-0.01606091034866497,-1.606091034866497,7.85261384863403,1.1182910593587931,3.635135135135135e-10,0.29861447217964543,10053.72249433665,0.005372249433664939
btc_hl_breakout_1m,0,0.0175,0.04,0.0,0.05,90,high_frequency,0.004544929710696283,0.45449297106962827,0.37777777777777777,45,-0.016473011967988893,-1.6473011967988893,7.3398362770594465,1.1032688027246103,2.848148148148148e-10,0.2072923336540431,10045.449297106963,0.004544929710696283
btc_vol_breakout_2m,0,0.0075,0.015,0.0,0.05,10,high_frequency,-0.008629565871506753,-0.8629565871506752,0.39285714285714285,84,-0.021487126314236105,-2.1487126314236105,-15.074627493061213,0.8357323574790719,1.0297619047619048e-10,-0.20429212355343793,9913.704341284933,-0.008629565871506753
btc_small_up_10m,0,0.025,0.03,0.0,0.15,5,high_frequency,0.02534917747990171,2.5349177479901708,0.475,40,-0.04858128666835393,-4.858128666835393,12.381541495051687,1.193367370497845,2.729166666666667e-10,0.43915940546577065,10253.491774799017,0.02534917747990171
btc_small_up_9m,0,0.005,0.025,0.0,0.2,5,high_frequency,0.014050265922963467,1.4050265922963467,0.31666666666666665,60,-0.04119553010637622,-4.119553010637622,6.80713565220948,1.0951172509969256,1.2305555555555555e-10,0.1279832262913185,10140.502659229634,0.014050265922963467
btc_vol_breakout_3m,0,0.0175,0.03,0.0,0.25,90,high_frequency,0.023005300285858857,2.300530028585886,0.42857142857142855,42,-0.07251706484054277,-7.251706484054276,8.029109272917491,1.106006644743524,2.630952380952381e-10,0.24555200789108103,10230.053002858589,0.023005300285858857
btc_small_up_9m,0,0.02,0.03,0.0,0.25,10,high_frequency,0.055747143376752094,5.57471433767521,0.46511627906976744,43,-0.05080602765877773,-5.080602765877773,17.975733439906374,1.2841883485054297,2.4031007751937986e-10,0.5304036261957626,10557.471433767521,0.055747143376752094
btc_alt_aligned,0,0.015,0.035,0.0,0.05,5,high_frequency,0.010087772923020225,1.0087772923020224,0.36923076923076925,65,-0.016269794415339822,-1.6269794415339822,13.24247589597433,1.1716877050217516,2.0948717948717947e-10,0.31460546119484356,10100.877729230202,0.010087772923020225
btc_hl_breakout_10m,0,0.0175,0.05,0.0,0.25,30,high_frequency,0.04095766901693237,4.095766901693237,0.35714285714285715,42,-0.0773703554521411,-7.737035545214111,11.84069380580871,1.1656697033338592,3.015873015873016e-10,0.4248718348655739,10409.576690169324,0.04095766901693237
btc_vol_breakout_8m,0,0.025,0.02,0.0,0.15,10,high_frequency,0.04171258723960982,4.171258723960982,0.5897435897435898,39,-0.026074112520609316,-2.6074112520609316,26.044951249345,1.4701502594103661,2.1623931623931624e-10,0.7121061116936553,10417.125872396098,0.04171258723960982
btc_hl_breakout_2m,0,0.01,0.015,0.0,0.05,10,high_frequency,0.003932913074699957,0.3932913074699957,0.45,80,-0.018301461034823108,-1.8301461034823108,6.430618304749163,1.0757912103997864,1.1625e-10,0.10122349774303817,10039.329130746999,0.003932913074699957
btc_vol_breakout_2m,0,0.0175,0.015,0.0,0.25,10,high_frequency,0.01913071631196194,1.9130716311961942,0.5522388059701493,67,-0.05456387606577595,-5.456387606577595,6.939908602491879,1.0771826048533886,1.4800995024875621e-10,0.1295113654581516,10191.30716311962,0.01913071631196194
btc_alt_aligned,0,0.005,0.01,0.0,0.2,15,high_frequency,-0.02378905169973152,-2.378905169973152,0.375,152,-0.09512444438743495,-9.512444438743495,-7.062691060027718,0.928250701775321,7.763157894736842e-11,-0.07028177834404402,9762.109483002685,-0.02378905169973152
btc_hl_breakout_3m,0,0.015,0.045,0.0,0.25,15,high_frequency,0.0608501262822459,6.0850126282245895,0.4,45,-0.06812607775226498,-6.812607775226498,18.849196112510942,1.2784935144482865,2.825925925925926e-10,0.5548590687171487,10608.50126282246,0.0608501262822459
btc_hl_breakout_4m,0,0.005,0.01,0.0,0.05,30,high_frequency,-0.014552683517392114,-1.4552683517392113,0.40404040404040403,99,-0.025850123140020442,-2.5850123140020442,-28.59682933208729,0.7186414565457578,7.979797979797981e-11,-0.29490095480230016,9854.473164826079,-0.014552683517392114
btc_small_up_9m,0,0.025,0.035,0.0,0.2,20,high_frequency,0.048965784003859904,4.89657840038599,0.5,34,-0.04408207357620697,-4.408207357620697,20.27316637723714,1.3626825270413085,3.176470588235294e-10,0.7284781462064605,10489.657840038599,0.048965784003859904
btc_hl_breakout_1m,0,0.025,0.02,0.0,0.15,10,high_frequency,0.024667767721880385,2.4667767721880387,0.5416666666666666,48,-0.04002885361259578,-4.002885361259578,13.000425820155815,1.1830470663551103,2.3680555555555557e-10,0.3541817780349162,10246.677677218804,0.024667767721880385
btc_hl_breakout_2m,0,0.035,0.05,0.0,0.15,90,high_frequency,0.038914647520375684,3.8914647520375683,0.5333333333333333,30,-0.05007187166921889,-5.00718716692189,18.764804660784876,1.3393885341852032,4.5944444444444443e-10,0.8793725541788193,10389.146475203757,0.038914647520375684
btc_bullish,0,0.0175,0.01,0.0,0.2,30,high_frequency,0.01792876812975444,1.792876812975444,0.5833333333333334,96,-0.06467495512824672,-6.467495512824673,6.839535212307941,1.067374125763532,1.2430555555555555e-10,0.106423564543095,10179.287681297545,0.01792876812975444
btc_vol_breakout_10m,0,0.0125,0.05,0.0,0.05,10,high_frequency,0.007395610914959804,0.7395610914959804,0.3235294117647059,34,-0.009944187696516171,-0.9944187696516171,14.108173083968147,1.2657178353908456,2.6911764705882354e-10,0.4387024846312009,10073.956109149598,0.007395610914959804
btc_hl_breakout_1m,0,0.0125,0.04,0.0,0.05,30,high_frequency,0.005955878137358615,0.5955878137358616,0.34545454545454546,55,-0.01778589102504824,-1.778589102504824,9.215379425802503,1.1196587662841682,2.1696969696969696e-10,0.22130189287250934,10059.558781373586,0.005955878137358615
btc_hl_breakout_8m,0,0.02,0.045,0.0,0.2,60,high_frequency,0.01901188776551221,1.901188776551221,0.38095238095238093,42,-0.07005931598295534,-7.005931598295534,7.132162559618204,1.0993222299319159,3.055555555555555e-10,0.25307376762722883,10190.118877655123,0.01901188776551221
btc_vol_breakout_9m,0,0.03,0.04,0.0,0.05,10,high_frequency,0.01015709803132852,1.015709803132852,0.5517241379310345,29,-0.014572638738392985,-1.4572638738392985,16.42017779067771,1.313924381887358,3.8333333333333335e-10,0.7053303566089194,10101.570980313285,0.01015709803132852
btc_hl_breakout_6m,0,0.01,0.035,0.0,0.05,15,high_frequency,0.0011251055817488294,0.11251055817488294,0.3114754098360656,61,-0.01692757510159948,-1.692757510159948,1.9212349585382693,1.021712891520246,1.8114754098360656e-10,0.0413786886130192,10011.251055817489,0.0011251055817488294
btc_hl_breakout_6m,0,0.03,0.05,0.0,0.05,45,high_frequency,-0.006403773970525032,-0.6403773970525032,0.36363636363636365,33,-0.024880205952574563,-2.4880205952574563,-9.36089274549405,0.8613756539098085,4.0505050505050505e-10,-0.380902750949738,9935.96226029475,-0.006403773970525032
btc_hl_breakout_8m,0,0.025,0.05,0.0,0.1,20,high_frequency,0.018135787166086242,1.8135787166086241,0.4117647058823529,34,-0.03343846566149289,-3.343846566149289,12.251380188467166,1.2109818260474192,3.877450980392157e-10,0.5493246635957324,10181.357871660863,0.018135787166086242
btc_hl_breakout_6m,0,0.0175,0.06,0.0,0.15,20,high_frequency,-0.028481920364750453,-2.8481920364750453,0.23076923076923078,39,-0.07651865970927707,-7.651865970927707,-14.430299322928908,0.8046513022514047,3.1965811965811965e-10,-0.47174393003278037,9715.180796352495,-0.028481920364750453
btc_hl_breakout_1m,0,0.025,0.025,0.0,0.2,45,high_frequency,0.041444978913379484,4.144497891337949,0.5333333333333333,45,-0.04850204985156692,-4.850204985156692,16.09623416394432,1.2335372664988182,2.7555555555555557e-10,0.4742917363212202,10414.449789133794,0.041444978913379484
btc_vol_breakout_9m,0,0.0175,0.015,0.0,0.25,45,high_frequency,0.003551484999332251,0.3551484999332251,0.5217391304347826,46,-0.055063170102716885,-5.5063170102716885,2.142638075379992,1.0209377467809075,1.6304347826086957e-10,0.04670826701086598,10035.514849993322,0.003551484999332251
btc_hl_breakout_2m,0,0.03,0.02,0.0,0.05,10,high_frequency,0.007276042672012119,0.7276042672012119,0.574468085106383,47,-0.0145499420362446,-1.45499420362446,11.548591170722329,1.1663958740947942,2.539007092198582e-10,0.3139318397519817,10072.76042672012,0.007276042672012119
btc_hl_breakout_3m,0,0.01,0.045,0.0,0.05,45,high_frequency,0.0020771976775529766,0.20771976775529766,0.3076923076923077,52,-0.01760317950951451,-1.760317950951451,3.6272766590389396,1.0501521322499594,2.2564102564102563e-10,0.08408485769557995,10020.77197677553,0.0020771976775529766
btc_small_up_10m,0,0.035,0.03,0.0,0.05,15,high_frequency,0.01572972855744161,1.572972855744161,0.5714285714285714,35,-0.01564656957308408,-1.564656957308408,21.407264760435186,1.4251512591546993,3.314285714285714e-10,0.9010729098269854,10157.297285574416,0.01572972855744161
btc_hl_breakout_4m,0,0.015,0.02,0.0,0.25,60,high_frequency,0.052174589460060816,5.217458946006081,0.5079365079365079,63,-0.053235016328759266,-5.323501632875926,16.633440872403717,1.210295632458243,1.7645502645502646e-10,0.34270782229592217,10521.745894600608,0.052174589460060816
btc_vol_breakout_2m,0,0.03,0.06,0.0,0.2,30,high_frequency,0.03166613332005709,3.166613332005709,0.42857142857142855,28,-0.07590541934519157,-7.590541934519157,11.839503676788452,1.2007982068757894,4.732142857142857e-10,0.6041736174506941,10316.66133320057,0.03166613332005709
btc_hl_breakout_3m,0,0.015,0.025,0.0,0.15,20,high_frequency,0.028432863340884136,2.843286334088414,0.4642857142857143,56,-0.034312799227919744,-3.4312799227919744,14.98585327466646,1.195274707655994,2.0029761904761903e-10,0.3475703882688381,10284.32863340884,0.028432863340884136
btc_small_up_10m,0,0.015,0.04,0.0,0.1,30,high_frequency,0.019806086572667563,1.9806086572667563,0.3673469387755102,49,-0.03491911259483216,-3.491911259483216,14.314584178301507,1.2183923828393315,1.9421768707482996e-10,0.4125520950760921,10198.060865726675,0.019806086572667563
btc_hl_breakout_5m,0,0.0125,0.01,0.0,0.15,15,high_frequency,0.01052130614870689,1.052130614870689,0.5833333333333334,84,-0.04700792942911669,-4.700792942911669,6.151812523806158,1.0701972791847714,1.0892857142857143e-10,0.09119154682835637,10105.21306148707,0.01052130614870689
btc_small_up_9m,0,0.02,0.04,0.0,0.15,45,high_frequency,0.038858752722457306,3.8858752722457304,0.43902439024390244,41,-0.03064159567472524,-3.064159567472524,20.484735161190464,1.3404791675993961,2.4715447154471546e-10,0.6374328315871359,10388.587527224572,0.038858752722457306
btc_alt_aligned,0,0.025,0.02,0.0,0.15,45,high_frequency,0.02817252105688683,2.817252105688683,0.5454545454545454,55,-0.046407588615825945,-4.6407588615825945,12.8174647086034,1.1717488345400748,2.5090909090909093e-10,0.35544065052140866,10281.725210568868,0.02817252105688683
btc_vol_breakout_9m,0,0.0175,0.045,0.0,0.2,5,high_frequency,-0.003257359727940934,-0.3257359727940934,0.36363636363636365,33,-0.05902906709363065,-5.902906709363065,-0.6638088560781881,0.9769615728517231,3.1515151515151516e-10,-0.02587637384988735,9967.42640272059,-0.003257359727940934
btc_vol_breakout_9m,0,0.035,0.03,0.0,0.05,5,high_frequency,0.012509672413624594,1.2509672413624595,0.5862068965517241,29,-0.01001448189721832,-1.001448189721832,22.139942054187802,1.4277966607430719,3.649425287356322e-10,0.8650155879445004,10125.096724136245,0.012509672413624594
btc_hl_breakout_5m,0,0.035,0.015,0.0,0.25,45,high_frequency,0.051898554972944336,5.189855497294434,0.66,50,-0.06595507301704384,-6.595507301704384,16.141935254128835,1.2381301036254244,2.35e-10,0.42947819112314817,10518.985549729443,0.051898554972944336
btc_vol_breakout_2m,0,0.01,0.02,0.0,0.25,15,high_frequency,-0.032504926479258484,-3.2504926479258485,0.379746835443038,79,-0.09314746860533629,-9.31474686053363,-9.982727486726949,0.8852328197374533,1.2932489451476793e-10,-0.15371060699448913,9674.950735207414,-0.032504926479258484
btc_small_up_9m,0,0.0125,0.015,0.0,0.15,15,high_frequency,0.010964080988120076,1.0964080988120077,0.4727272727272727,55,-0.03561634164805405,-3.561634164805405,6.973425922068408,1.0962471267842928,1.4545454545454545e-10,0.1424703797719581,10109.6408098812,0.010964080988120076
btc_hl_breakout_8m,0,0.03,0.04,0.0,0.1,5,high_frequency,0.016275159925369813,1.6275159925369813,0.46153846153846156,39,-0.03937690639157465,-3.937690639157465,11.219458019757969,1.1710514994039125,3.2478632478632476e-10,0.43123882686561005,10162.751599253697,0.016275159925369813
btc_vol_breakout_8m,0,0.025,0.02,0.0,0.25,30,high_frequency,0.0695966464234019,6.959664642340189,0.5897435897435898,39,-0.0432455673040566,-4.32455673040566,26.04160672102469,1.456432262641721,2.1623931623931624e-10,0.7121061116936553,10695.96646423402,0.0695966464234019
btc_bullish,0,0.0125,0.04,0.0,0.05,90,high_frequency,0.011706558581747658,1.1706558581747657,0.3548387096774194,62,-0.013787351765052858,-1.3787351765052858,15.66509555008418,1.2158912643315474,2.032258064516129e-10,0.381303357643525,10117.065585817476,0.011706558581747658
btc_vol_breakout_9m,0,0.0075,0.03,0.0,0.25,5,high_frequency,0.018442500633886902,1.8442500633886902,0.3181818181818182,44,-0.06862131831308305,-6.862131831308305,7.791993355619343,1.1080825276993203,2.0265151515151513e-10,0.18500400306604492,10184.425006338868,0.018442500633886902
btc_hl_breakout_6m,0,0.01,0.04,0.0,0.1,45,high_frequency,0.0011947896331443643,0.11947896331443643,0.2982456140350877,57,-0.03444288586025057,-3.444288586025057,1.2956088598942295,1.0120797042099114,2.1023391812865497e-10,0.030188136715640374,10011.947896331443,0.0011947896331443643
btc_hl_breakout_4m,0,0.0075,0.025,0.0,0.1,45,high_frequency,-0.003004003974403429,-0.3004003974403429,0.352112676056338,71,-0.037475073633861156,-3.7475073633861156,-2.051635781754567,0.9717706720605706,1.563380281690141e-10,-0.03559775357858687,9969.959960255967,-0.003004003974403429
btc_vol_breakout_9m,0,0.005,0.01,0.0,0.25,5,high_frequency,-0.025543521906446084,-2.5543521906446083,0.3968253968253968,63,-0.06618651381596352,-6.618651381596353,-10.345717265624252,0.8518736525173763,8.73015873015873e-11,-0.15406214278892738,9744.56478093554,-0.025543521906446084
btc_hl_breakout_6m,0,0.035,0.03,0.0,0.05,15,high_frequency,0.0025456564025799367,0.25456564025799366,0.5277777777777778,36,-0.017298534973936852,-1.7298534973936852,3.9793937831680455,1.0595121179389173,3.5925925925925927e-10,0.14853939733084137,10025.456564025799,0.0025456564025799367
btc_small_down_10m,0,0.01,0.06,0.0,0.15,30,high_frequency,0.014275552969639239,1.4275552969639238,0.2391304347826087,46,-0.042090128212039946,-4.209012821203995,7.711263610523386,1.1205961209620154,2.1884057971014492e-10,0.22217043043554255,10142.755529696393,0.014275552969639239
btc_vol_breakout_8m,0,0.005,0.06,0.0,0.2,5,high_frequency,-0.01922131795402224,-1.9221317954022241,0.15555555555555556,45,-0.06413436998972666,-6.413436998972665,-8.281148438138743,0.8601710037421494,1.8629629629629628e-10,-0.2003696985625953,9807.786820459778,-0.01922131795402224
btc_small_up_9m,0,0.025,0.02,0.0,0.05,20,high_frequency,0.016390852150599853,1.6390852150599853,0.5853658536585366,41,-0.011030777129176106,-1.1030777129176106,30.548345368130068,1.5761666348326595,2.3252032520325204e-10,0.7979290088814637,10163.908521505999,0.016390852150599853
btc_hl_breakout_4m,0,0.0175,0.02,0.0,0.15,20,high_frequency,0.017272924271378658,1.7272924271378658,0.5166666666666667,60,-0.03945513449766613,-3.9455134497666133,9.442729493669232,1.1147594841130293,1.7777777777777778e-10,0.2028658878966477,10172.729242713787,0.017272924271378658
btc_vol_breakout_3m,0,0.0175,0.015,0.0,0.05,5,high_frequency,0.009624655758228328,0.9624655758228329,0.5689655172413793,58,-0.009275753483686588,-0.9275753483686588,17.04129088824081,1.2518765948210162,1.525862068965517e-10,0.3338241749650158,10096.246557582283,0.009624655758228328
btc_hl_breakout_4m,0,0.0175,0.015,0.0,0.05,60,high_frequency,0.004029340694533823,0.4029340694533823,0.5454545454545454,66,-0.013190267615733386,-1.3190267615733386,6.39868642780858,1.08032654998902,1.5782828282828282e-10,0.1256801074295825,10040.293406945339,0.004029340694533823
btc_small_up_9m,0,0.035,0.025,0.0,0.2,15,high_frequency,0.053853298807374134,5.385329880737413,0.6176470588235294,34,-0.03922206118723981,-3.922206118723981,21.530724677532284,1.4157509525632073,3.142156862745098e-10,0.796866822205196,10538.53298807374,0.053853298807374134
btc_hl_breakout_4m,0,0.01,0.025,0.0,0.2,20,high_frequency,0.00751069361519435,0.751069361519435,0.3787878787878788,66,-0.05711795905043404,-5.711795905043404,3.7680932682729007,1.0370955922864644,1.5934343434343435e-10,0.07101764811980177,10075.106936151944,0.00751069361519435
btc_hl_breakout_4m,0,0.015,0.02,0.0,0.25,45,high_frequency,0.052174589460060816,5.217458946006081,0.5079365079365079,63,-0.053235016328759266,-5.323501632875926,16.633440872403717,1.210295632458243,1.7645502645502646e-10,0.34270782229592217,10521.745894600608,0.052174589460060816
btc_hl_breakout_6m,0,0.02,0.045,0.0,0.05,60,high_frequency,-0.000990823897720321,-0.09908238977203211,0.35714285714285715,42,-0.020236175403609225,-2.0236175403609225,-1.2619958404610503,0.9783624383793256,3.027777777777778e-10,-0.04134700572720792,9990.091761022797,-0.000990823897720321
btc_hl_breakout_9m,0,0.025,0.045,0.0,0.25,10,high_frequency,0.07421830755774904,7.421830755774904,0.46153846153846156,39,-0.07815311851785733,-7.815311851785733,20.118046898910112,1.3218195320161417,3.188034188034188e-10,0.7753711952961395,10742.18307557749,0.07421830755774904
btc_hl_breakout_2m,0,0.015,0.04,0.0,0.05,30,high_frequency,0.00887087405195615,0.887087405195615,0.3829787234042553,47,-0.013624112263686983,-1.3624112263686983,13.811231593588179,1.2051099012620863,2.7056737588652484e-10,0.3817168350876192,10088.708740519562,0.00887087405195615
btc_vol_breakout_9m,0,0.015,0.045,0.0,0.25,45,high_frequency,0.05587283037459001,5.587283037459001,0.3939393939393939,33,-0.046476902914588836,-4.647690291458884,20.786107110069075,1.4115959294458371,3.146464646464646e-10,0.6835891833503831,10558.7283037459,0.05587283037459001
btc_vol_breakout_8m,0,0.0125,0.015,0.0,0.2,15,high_frequency,0.014893225729879805,1.4893225729879807,0.49056603773584906,53,-0.03911618439070297,-3.911618439070297,8.013705581957788,1.109627999595386,1.3490566037735848e-10,0.15036820098951628,10148.932257298799,0.014893225729879805
btc_alt_aligned,0,0.0175,0.015,0.0,0.25,45,high_frequency,0.043099573826475356,4.309957382647536,0.5301204819277109,83,-0.0830435036873346,-8.30435036873346,12.235575807158602,1.1244361799626381,1.6004016064257027e-10,0.22496323184870454,10430.995738264754,0.043099573826475356
btc_hl_breakout_4m,0,0.015,0.01,0.0,0.1,90,high_frequency,0.010450734077149889,1.0450734077149888,0.6052631578947368,76,-0.025537026506174065,-2.5537026506174065,8.701017165572562,1.1126737046718345,1.2412280701754386e-10,0.1426641746454047,10104.507340771499,0.010450734077149889
btc_vol_breakout_8m,0,0.005,0.01,0.0,0.2,90,high_frequency,-0.02714191761073132,-2.714191761073132,0.3880597014925373,67,-0.0561473329267651,-5.61473329267651,-13.99021453126036,0.8137446807675679,8.582089552238805e-11,-0.19762312587826286,9728.580823892687,-0.02714191761073132
btc_small_up_10m,0,0.035,0.045,0.0,0.25,60,high_frequency,0.0901525396184517,9.01525396184517,0.5161290322580645,31,-0.08299445071998546,-8.299445071998546,24.444745060585127,1.4731157735846903,3.801075268817204e-10,1.1669633419737,10901.525396184517,0.0901525396184517
btc_hl_breakout_7m,0,0.0125,0.02,0.0,0.2,60,high_frequency,0.02912462395326429,2.912462395326429,0.43243243243243246,74,-0.0706607098730071,-7.06607098730071,10.79769011867485,1.1262112326608251,1.4977477477477476e-10,0.21014043157696408,10291.246239532644,0.02912462395326429
btc_hl_breakout_2m,0,0.03,0.035,0.0,0.05,45,high_frequency,0.005280627758575497,0.5280627758575497,0.5,38,-0.018698320796885937,-1.8698320796885937,8.18906972192169,1.1218475971051114,3.495614035087719e-10,0.284355039083977,10052.806277585754,0.005280627758575497
btc_vol_breakout_3m,0,0.0125,0.06,0.0,0.05,15,high_frequency,0.0013260806565202927,0.13260806565202926,0.28125,32,-0.016334928637475432,-1.6334928637475432,2.2273516080281057,1.0395764615044636,3.625e-10,0.09081943425253214,10013.260806565202,0.0013260806565202927
btc_vol_breakout_2m,0,0.015,0.025,0.0,0.1,45,high_frequency,0.009963013454557643,0.9963013454557643,0.4406779661016949,59,-0.024361480947291403,-2.4361480947291403,8.276875798378738,1.102372306698906,1.903954802259887e-10,0.17627140331457994,10099.630134545576,0.009963013454557643
btc_hl_breakout_7m,0,0.0125,0.02,0.0,0.15,90,high_frequency,0.022215385929819264,2.2215385929819265,0.43243243243243246,74,-0.05324161246260162,-5.324161246260162,10.790648252273122,1.1304792599567475,1.4977477477477476e-10,0.21014043157696582,10222.153859298192,0.022215385929819264
btc_hl_breakout_7m,0,0.03,0.03,0.0,0.25,30,high_frequency,0.03703852389353492,3.7038523893534925,0.5121951219512195,41,-0.10593605193406741,-10.593605193406741,11.042234990580278,1.1460255833331396,3.0853658536585365e-10,0.39415167784911204,10370.385238935349,0.03703852389353492
btc_hl_breakout_7m,0,0.025,0.025,0.0,0.15,10,high_frequency,0.04888544037174038,4.888544037174038,0.5319148936170213,47,-0.04210251879839999,-4.2102518798399995,22.165288835041135,1.3517136640562508,2.7234042553191487e-10,0.6976170148584081,10488.854403717403,0.04888544037174038
btc_vol_breakout_10m,0,0.0175,0.01,0.0,0.2,20,high_frequency,0.01014089167304569,1.0140891673045689,0.6,50,-0.04884063946628692,-4.884063946628691,5.657694468268902,1.0794491761115195,1.3733333333333332e-10,0.1123547938320425,10101.408916730457,0.01014089167304569
btc_alt_aligned,0,0.035,0.03,0.0,0.2,5,high_frequency,0.05147950941338788,5.147950941338788,0.5476190476190477,42,-0.0682383072772571,-6.82383072772571,17.116210575279883,1.255567341628888,3.365079365079365e-10,0.631339350730105,10514.795094133879,0.05147950941338788
btc_hl_breakout_4m,0,0.0125,0.035,0.0,0.1,45,high_frequency,0.025726591727427056,2.5726591727427057,0.41818181818181815,55,-0.024831759389103758,-2.483175938910376,19.692796726325064,1.2830462649703958,2.0606060606060606e-10,0.47182766742643495,10257.265917274271,0.025726591727427056
btc_hl_breakout_8m,0,0.02,0.025,0.0,0.1,5,high_frequency,0.01605768256697586,1.605768256697586,0.46153846153846156,52,-0.03503390326877953,-3.503390326877953,11.409444775543196,1.1586516209987627,2.3878205128205127e-10,0.31856050830085686,10160.57682566976,0.01605768256697586
btc_hl_breakout_9m,0,0.03,0.035,0.0,0.15,45,high_frequency,0.029157300671047322,2.9157300671047324,0.48717948717948717,39,-0.06116471503319876,-6.116471503319875,13.819804609564368,1.2101823793248807,3.2649572649572653e-10,0.5157004540142464,10291.573006710474,0.029157300671047322
btc_hl_breakout_10m,0,0.025,0.035,0.0,0.2,5,high_frequency,0.06811726071075058,6.811726071075058,0.5,40,-0.05528026733591995,-5.528026733591995,23.265705143537847,1.3912236923917571,3.1583333333333333e-10,0.8555811173129858,10681.172607107506,0.06811726071075058
btc_small_down_10m,0,0.0075,0.06,0.0,0.25,15,high_frequency,0.04926418056205885,4.926418056205885,0.24489795918367346,49,-0.05168542084582095,-5.168542084582095,16.542244932131343,1.2592510535334036,1.9931972789115646e-10,0.41696831182140864,10492.641805620588,0.04926418056205885
btc_small_up_10m,0,0.025,0.045,0.0,0.15,60,high_frequency,0.05078849034710895,5.078849034710895,0.4722222222222222,36,-0.04152189377901294,-4.152189377901294,24.236970810065042,1.4445666683377651,2.972222222222222e-10,0.9424310936274337,10507.88490347109,0.05078849034710895
btc_vol_breakout_8m,0,0.005,0.04,0.0,0.1,10,high_frequency,0.004357997337309041,0.4357997337309041,0.2549019607843137,51,-0.02754240517889306,-2.754240517889306,4.469759464827116,1.0618429358290506,1.607843137254902e-10,0.09205587695962306,10043.579973373091,0.004357997337309041
btc_vol_breakout_9m,0,0.0075,0.015,0.0,0.25,15,high_frequency,0.0012361586570375494,0.12361586570375493,0.4074074074074074,54,-0.0649799112957562,-6.49799112957562,1.2208912705675297,1.0070111536991335,1.2160493827160495e-10,0.022693555383025435,10012.361586570376,0.0012361586570375494
btc_hl_breakout_4m,0,0.0125,0.02,0.0,0.25,60,high_frequency,0.03324263865910175,3.324263865910175,0.47761194029850745,67,-0.05484604533687509,-5.484604533687509,11.180293946122172,1.1320970590445674,1.6044776119402986e-10,0.21253889953221425,10332.426386591018,0.03324263865910175
btc_vol_breakout_3m,0,0.015,0.05,0.0,0.15,60,high_frequency,0.028048475451413264,2.8048475451413264,0.35714285714285715,42,-0.0419075516595796,-4.19075516595796,14.687963138604028,1.221254592578619,2.670634920634921e-10,0.4607171002273335,10280.484754514133,0.028048475451413264
btc_vol_breakout_3m,0,0.005,0.02,0.0,0.15,20,high_frequency,-0.01532561418338662,-1.532561418338662,0.3287671232876712,73,-0.06851717173859151,-6.851717173859151,-8.543377539868594,0.8916747052412104,1.0251141552511416e-10,-0.13321825221086006,9846.743858166134,-0.01532561418338662
btc_hl_breakout_2m,0,0.03,0.06,0.0,0.25,45,high_frequency,0.015252054251969412,1.5252054251969411,0.3870967741935484,31,-0.10243464748682829,-10.243464748682829,5.4278985492599645,1.0681337982570016,4.4301075268817206e-10,0.24767642695025868,10152.520542519695,0.015252054251969412
btc_small_up_10m,0,0.0125,0.02,0.0,0.25,20,high_frequency,0.03872734817518322,3.872734817518322,0.423728813559322,59,-0.07522442380398964,-7.522442380398964,12.142813033083105,1.1663943676008561,1.440677966101695e-10,0.27975371552898565,10387.273481751832,0.03872734817518322
btc_vol_breakout_3m,0,0.02,0.02,0.0,0.05,30,high_frequency,0.010215762402748914,1.0215762402748914,0.5490196078431373,51,-0.013107439727318537,-1.3107439727318537,16.07846993518056,1.2452999774006515,1.9281045751633987e-10,0.40350432707568606,10102.15762402749,0.010215762402748914
btc_hl_breakout_8m,0,0.01,0.045,0.0,0.1,45,high_frequency,-0.0016404834108751174,-0.16404834108751173,0.2545454545454545,55,-0.04298561243827903,-4.298561243827903,-0.7349633842083828,0.9825308120696774,2.084848484848485e-10,-0.019857573258386805,9983.595165891249,-0.0016404834108751174
btc_hl_breakout_4m,0,0.0125,0.02,0.0,0.05,20,high_frequency,0.007022694699142312,0.7022694699142312,0.47761194029850745,67,-0.011072342821574321,-1.1072342821574321,11.14304619703316,1.1465009361304515,1.6044776119402986e-10,0.21253889953221322,10070.226946991423,0.007022694699142312
btc_small_down_10m,0,0.01,0.025,0.0,0.2,20,high_frequency,0.06174809405365832,6.174809405365831,0.4166666666666667,60,-0.03895533597066703,-3.8955335970667027,28.35309652756039,1.4139032350156704,1.3777777777777778e-10,0.5118598302837618,10617.480940536583,0.06174809405365832
btc_small_up_10m,0,0.03,0.03,0.0,0.1,45,high_frequency,0.018790543209797284,1.8790543209797284,0.5,38,-0.030643540494208588,-3.0643540494208588,13.48254889865167,1.2242364742792995,3.0350877192982454e-10,0.505526935405622,10187.905432097972,0.018790543209797284
btc_hl_breakout_6m,0,0.0175,0.02,0.0,0.05,60,high_frequency,-0.008167990644360282,-0.8167990644360282,0.45,60,-0.023698009036671297,-2.3698009036671297,-13.188229470648906,0.8480783345143089,1.813888888888889e-10,-0.2698359274245909,9918.320093556396,-0.008167990644360282
btc_vol_breakout_8m,0,0.005,0.01,0.0,0.2,60,high_frequency,-0.02714191761073132,-2.714191761073132,0.3880597014925373,67,-0.0561473329267651,-5.61473329267651,-13.99021453126036,0.8137446807675679,8.582089552238805e-11,-0.19762312587826286,9728.580823892687,-0.02714191761073132
btc_small_up_10m,0,0.0125,0.01,0.0,0.1,10,high_frequency,0.018244123403366543,1.8244123403366543,0.527027027027027,74,-0.02601834592228469,-2.601834592228469,14.099092614336008,1.2068203082930957,1.0405405405405405e-10,0.251326621895808,10182.441234033666,0.018244123403366543
btc_vol_breakout_3m,0,0.03,0.025,0.0,0.15,60,high_frequency,0.03480359703601459,3.4803597036014593,0.5897435897435898,39,-0.0342654416142979,-3.42654416142979,17.825704635439823,1.3029763383538118,3.1111111111111114e-10,0.6036295006095315,10348.035970360146,0.03480359703601459
btc_hl_breakout_10m,0,0.025,0.02,0.0,0.15,45,high_frequency,0.05406507326308395,5.406507326308395,0.5882352941176471,51,-0.035860827479549995,-3.5860827479549995,24.922201301268437,1.4029037686510564,2.2777777777777776e-10,0.7064276267123765,10540.65073263084,0.05406507326308395
btc_small_up_10m,0,0.025,0.04,0.0,0.1,45,high_frequency,0.028707341564021556,2.870734156402156,0.46153846153846156,39,-0.03252590183164694,-3.252590183164694,20.401957340921005,1.348805788384905,2.7051282051282047e-10,0.7417291443922636,10287.073415640216,0.028707341564021556
btc_hl_breakout_3m,0,0.02,0.06,0.0,0.2,60,high_frequency,0.03907495156979378,3.907495156979378,0.3611111111111111,36,-0.06645409980605776,-6.645409980605777,14.581857722838446,1.2292564121184733,3.62962962962963e-10,0.5682536962696858,10390.749515697938,0.03907495156979378
btc_alt_aligned,0,0.0125,0.03,0.0,0.1,5,high_frequency,0.019913570037871853,1.9913570037871853,0.3717948717948718,78,-0.03360800493184335,-3.360800493184335,13.280141467084343,1.1556652360576594,1.7136752136752137e-10,0.2620857525638455,10199.135700378718,0.019913570037871853
btc_vol_breakout_8m,0,0.0175,0.06,0.0,0.1,10,high_frequency,-0.005932107345180907,-0.5932107345180907,0.27586206896551724,29,-0.03470013388503579,-3.470013388503579,-4.474047378088332,0.9159575058243079,3.741379310344827e-10,-0.19017027387597069,9940.678926548191,-0.005932107345180907
btc_bullish,0,0.015,0.025,0.0,0.25,10,high_frequency,0.06672528566131118,6.672528566131118,0.4444444444444444,63,-0.06471226334095803,-6.471226334095803,18.461224370711314,1.2427748968242813,2.0079365079365078e-10,0.4356117324941463,10667.252856613111,0.06672528566131118
btc_vol_breakout_3m,0,0.015,0.03,0.0,0.2,45,high_frequency,0.05125020858331668,5.125020858331668,0.44680851063829785,47,-0.04693924718521891,-4.693924718521892,20.237794637363404,1.311527675972346,2.2127659574468084e-10,0.5527069264018746,10512.502085833166,0.05125020858331668
btc_hl_breakout_10m,0,0.03,0.05,0.0,0.25,90,high_frequency,0.039237457023183105,3.9237457023183104,0.42857142857142855,35,-0.09052348527335818,-9.052348527335818,11.213276706478274,1.159311986008747,3.804761904761905e-10,0.49433920955198873,10392.37457023183,0.039237457023183105
btc_alt_aligned,0,0.0075,0.04,0.0,0.25,15,high_frequency,0.0317733180545084,3.17733180545084,0.2911392405063291,79,-0.09336836458330666,-9.336836458330666,9.245005018677409,1.096088735606788,1.6898734177215192e-10,0.18084808014913864,10317.733180545085,0.0317733180545084
btc_vol_breakout_10m,0,0.03,0.01,0.0,0.15,30,high_frequency,0.027705979155542786,2.7705979155542786,0.7045454545454546,44,-0.030830507894595516,-3.0830507894595516,18.274241595896346,1.3373489396143468,1.7916666666666667e-10,0.42446295757000124,10277.059791555428,0.027705979155542786
btc_small_up_9m,0,0.03,0.01,0.0,0.15,10,high_frequency,0.021786263178812236,2.1786263178812235,0.6938775510204082,49,-0.030354013184757056,-3.0354013184757056,13.001316519181781,1.220096126432805,1.9727891156462585e-10,0.3048303098512869,10217.862631788123,0.021786263178812236
btc_hl_breakout_5m,0,0.02,0.025,0.0,0.05,30,high_frequency,0.0026052615289912863,0.2605261528991286,0.4716981132075472,53,-0.01881350845590013,-1.881350845590013,4.120044592656827,1.051559772020252,2.361635220125786e-10,0.10319325031850596,10026.052615289913,0.0026052615289912863
btc_hl_breakout_8m,0,0.0175,0.035,0.0,0.1,15,high_frequency,0.011833556797595065,1.1833556797595064,0.38,50,-0.03574272358753938,-3.5742723587539382,8.471158534122628,1.1134208921074074,2.4833333333333335e-10,0.24843204377981942,10118.335567975952,0.011833556797595065
btc_hl_breakout_1m,0,0.025,0.06,0.0,0.15,30,high_frequency,0.024629377099508635,2.4629377099508636,0.36363636363636365,33,-0.056103677444866995,-5.6103677444867,12.234116035876584,1.1907802652697947,4e-10,0.5236096763317942,10246.293770995086,0.024629377099508635
btc_hl_breakout_1m,0,0.005,0.045,0.0,0.1,90,high_frequency,0.0012339711814129259,0.12339711814129259,0.23076923076923078,65,-0.04307968704814702,-4.3079687048147015,1.365070383804327,1.0136612191866272,1.582051282051282e-10,0.026144805311432918,10012.33971181413,0.0012339711814129259
btc_hl_breakout_9m,0,0.0075,0.045,0.0,0.05,60,high_frequency,0.00021947913048240935,0.021947913048240935,0.26229508196721313,61,-0.02598285635144626,-2.598285635144626,0.517675582645388,1.004168993957973,1.8934426229508198e-10,0.012294079507462653,10002.194791304824,0.00021947913048240935
btc_small_down_10m,0,0.03,0.03,0.0,0.2,20,high_frequency,0.03707241886366853,3.707241886366853,0.5675675675675675,37,-0.042634284447104265,-4.263428444710426,15.358522239018072,1.2516891286445497,2.9144144144144145e-10,0.5156648665654979,10370.724188636685,0.03707241886366853
btc_vol_breakout_3m,0,0.03,0.03,0.0,0.15,20,high_frequency,0.030933943910737276,3.0933943910737276,0.5555555555555556,36,-0.04176093978390705,-4.176093978390705,15.760021648081755,1.2608710127555554,3.4537037037037034e-10,0.5857474264544122,10309.339439107373,0.030933943910737276
btc_vol_breakout_2m,0,0.035,0.015,0.0,0.25,10,high_frequency,0.0512746917833671,5.1274691783367095,0.6862745098039216,51,-0.05649608063429479,-5.649608063429479,16.498285501413367,1.2557799264452878,2.238562091503268e-10,0.41297570528942457,10512.74691783367,0.0512746917833671
btc_hl_breakout_8m,0,0.025,0.035,0.0,0.05,20,high_frequency,0.01504511513919569,1.5045115139195688,0.4878048780487805,41,-0.01388769693366021,-1.388769693366021,20.472342771149467,1.3559169532004112,3.1178861788617884e-10,0.7367122703759834,10150.451151391957,0.01504511513919569
btc_hl_breakout_2m,0,0.015,0.04,0.0,0.1,90,high_frequency,0.017557048584834558,1.7557048584834558,0.3829787234042553,47,-0.02711869570847536,-2.711869570847536,13.806412009926445,1.2002310579102224,2.7056737588652484e-10,0.3817168350876172,10175.570485848346,0.017557048584834558
btc_bullish,0,0.025,0.04,0.0,0.05,10,high_frequency,0.016003836795424844,1.6003836795424844,0.4666666666666667,45,-0.015715082891528676,-1.5715082891528676,21.205204846638296,1.3435670948439626,2.9222222222222223e-10,0.7137717394654002,10160.038367954248,0.016003836795424844
btc_vol_breakout_8m,0,0.015,0.06,0.0,0.2,90,high_frequency,0.02607016399425488,2.607016399425488,0.2857142857142857,28,-0.041937032216899595,-4.19370322168996,11.841928115115786,1.2466157101442013,3.892857142857143e-10,0.48517573499064504,10260.701639942548,0.02607016399425488
btc_small_down_10m,0,0.0175,0.02,0.0,0.05,30,high_frequency,0.008995263757170602,0.8995263757170602,0.5306122448979592,49,-0.010535460596490909,-1.0535460596490909,15.248552375859337,1.240115758836843,1.7312925170068028e-10,0.36993028756075735,10089.952637571707,0.008995263757170602
btc_alt_aligned,0,0.0075,0.035,0.0,0.25,5,high_frequency,0.026743797696973933,2.6743797696973934,0.2962962962962963,81,-0.09634922582459016,-9.634922582459016,7.977413203494332,1.079630909546746,1.6440329218106997e-10,0.15212410361390422,10267.437976969739,0.026743797696973933
btc_hl_breakout_9m,0,0.03,0.015,0.0,0.1,30,high_frequency,0.013434878354975888,1.3434878354975888,0.5925925925925926,54,-0.04065507900988141,-4.065507900988141,9.770176155373516,1.1374852930448949,2.2438271604938273e-10,0.2583191169708527,10134.348783549758,0.013434878354975888
btc_hl_breakout_1m,0,0.025,0.05,0.0,0.1,20,high_frequency,0.017467540161847,1.7467540161847002,0.4166666666666667,36,-0.037701090647424995,-3.7701090647424995,12.913107020426047,1.205697854982961,3.662037037037037e-10,0.4986225328969998,10174.67540161847,0.017467540161847
btc_hl_breakout_5m,0,0.025,0.035,0.0,0.15,20,high_frequency,0.02609352294057653,2.6093522940576532,0.46511627906976744,43,-0.04770690329013183,-4.770690329013183,13.270869447773306,1.189873399442001,2.992248062015504e-10,0.4183631572295289,10260.935229405764,0.02609352294057653
btc_hl_breakout_10m,0,0.03,0.05,0.0,0.05,10,high_frequency,0.00848775371248737,0.848775371248737,0.42857142857142855,35,-0.018652674886682208,-1.8652674886682208,11.29704765427339,1.1814971164992136,3.804761904761905e-10,0.4943392095519891,10084.877537124874,0.00848775371248737
btc_hl_breakout_6m,0,0.035,0.02,0.0,0.05,5,high_frequency,0.00723458178997306,0.723458178997306,0.6046511627906976,43,-0.014133982903547726,-1.4133982903547726,11.15565892043326,1.1776680998888187,2.810077519379845e-10,0.34109511709415075,10072.34581789973,0.00723458178997306
btc_small_up_9m,0,0.035,0.025,0.0,0.15,5,high_frequency,0.04045117509054225,4.045117509054226,0.6176470588235294,34,-0.029479715289578934,-2.9479715289578934,21.513084116987685,1.421795143185926,3.142156862745098e-10,0.7968668222051931,10404.511750905422,0.04045117509054225
btc_small_up_10m,0,0.0175,0.02,0.0,0.15,5,high_frequency,0.01627127690345942,1.627127690345942,0.45454545454545453,55,-0.05226832944926896,-5.226832944926896,8.452422563915281,1.114904825849236,1.703030303030303e-10,0.21028103881596252,10162.712769034595,0.01627127690345942
btc_alt_aligned,0,0.01,0.025,0.0,0.2,30,high_frequency,0.031560526245087955,3.1560526245087956,0.37209302325581395,86,-0.06752997234991376,-6.752997234991376,11.132199550264538,1.1198859484710268,1.5426356589147287e-10,0.1965377126094668,10315.60526245088,0.031560526245087955
btc_hl_breakout_10m,0,0.015,0.015,0.0,0.1,60,high_frequency,0.015590054130305328,1.5590054130305329,0.5070422535211268,71,-0.029219253093297648,-2.921925309329765,11.312001655114932,1.1479716368712374,1.4295774647887323e-10,0.226319309661677,10155.900541303054,0.015590054130305328
btc_alt_aligned,0,0.0125,0.03,0.0,0.1,15,high_frequency,0.019913570037871853,1.9913570037871853,0.3717948717948718,78,-0.03360800493184335,-3.360800493184335,13.280141467084343,1.1556652360576594,1.7136752136752137e-10,0.2620857525638455,10199.135700378718,0.019913570037871853
btc_hl_breakout_3m,0,0.0075,0.06,0.0,0.05,10,high_frequency,-0.0022022867135620457,-0.22022867135620458,0.21153846153846154,52,-0.019946188786103214,-1.9946188786103214,-3.1480129293417547,0.952238857079834,2.2403846153846154e-10,-0.07889820514335467,9977.97713286438,-0.0022022867135620457
btc_hl_breakout_9m,0,0.0125,0.06,0.0,0.15,30,high_frequency,0.03201735715154657,3.201735715154657,0.30952380952380953,42,-0.05135880086536104,-5.135880086536105,14.383072804929755,1.2436016168315331,3.0912698412698413e-10,0.526583518074029,10320.173571515466,0.03201735715154657
btc_hl_breakout_7m,0,0.03,0.01,0.0,0.25,60,high_frequency,0.035221592781235996,3.5221592781235995,0.65625,64,-0.10404220010030374,-10.404220010030373,10.784325899556,1.134714437502679,1.8046875e-10,0.23906482380629065,10352.21592781236,0.035221592781235996
btc_hl_breakout_6m,0,0.01,0.015,0.0,0.05,30,high_frequency,-0.001899298471135603,-0.18992984711356029,0.43209876543209874,81,-0.016723769483970807,-1.6723769483970807,-2.784898516047416,0.9656745622810664,1.2304526748971193e-10,-0.043986935791081046,9981.007015288644,-0.001899298471135603
btc_vol_breakout_2m,0,0.025,0.03,0.0,0.25,90,high_frequency,0.04255195734400577,4.255195734400577,0.5333333333333333,45,-0.056242473016867134,-5.624247301686713,13.513459751419433,1.1851625426489691,2.877777777777778e-10,0.3985102503445994,10425.519573440059,0.04255195734400577
btc_vol_breakout_9m,0,0.025,0.02,0.0,0.2,30,high_frequency,0.06789818303497548,6.789818303497548,0.6216216216216216,37,-0.028302228296121057,-2.8302228296121057,31.744958352024486,1.6323551478726122,2.1441441441441443e-10,0.9060226226065768,10678.981830349754,0.06789818303497548
btc_hl_breakout_1m,0,0.0075,0.035,0.0,0.1,5,high_frequency,0.0035651605748680936,0.35651605748680937,0.3114754098360656,61,-0.03632631399907893,-3.632631399907893,3.194084230043454,1.0360293715586588,1.9207650273224045e-10,0.06673710201251194,10035.65160574868,0.0035651605748680936
btc_hl_breakout_10m,0,0.0075,0.02,0.0,0.15,60,high_frequency,0.0035238508311592567,0.35238508311592565,0.37662337662337664,77,-0.06500081532993285,-6.500081532993285,2.313050072460821,1.0207532700286635,1.2597402597402598e-10,0.041604654060417974,10035.238508311593,0.0035238508311592567
btc_hl_breakout_5m,0,0.0125,0.06,0.0,0.25,45,high_frequency,0.019451258607211003,1.9451258607211002,0.2826086956521739,46,-0.08504638347940541,-8.50463834794054,6.561946074264237,1.0779601426249836,2.782608695652174e-10,0.20436601868045057,10194.51258607211,0.019451258607211003
btc_hl_breakout_7m,0,0.03,0.015,0.0,0.05,10,high_frequency,0.00823097884747816,0.8230978847478161,0.5925925925925926,54,-0.02143243610008705,-2.143243610008705,11.68194860211339,1.1726295693041557,2.138888888888889e-10,0.30939970329162214,10082.309788474782,0.00823097884747816
btc_bullish,0,0.015,0.05,0.0,0.2,5,high_frequency,0.04363932803119303,4.363932803119304,0.32,50,-0.05155233943753157,-5.1552339437531565,14.910431209215961,1.2130911897185845,2.61e-10,0.4567459599879932,10436.39328031193,0.04363932803119303
btc_bullish,0,0.0125,0.03,0.0,0.05,20,high_frequency,0.009671369358592558,0.9671369358592558,0.36764705882352944,68,-0.013954515222128316,-1.3954515222128316,13.027054844597298,1.1702269486685217,1.8284313725490197e-10,0.2882912757276447,10096.713693585925,0.009671369358592558
btc_vol_breakout_9m,0,0.025,0.015,0.0,0.2,60,high_frequency,0.04382011244991329,4.382011244991329,0.6341463414634146,41,-0.03548193326067417,-3.548193326067417,20.92167978930255,1.3862346287628475,2.0243902439024392e-10,0.5383875503535003,10438.201124499134,0.04382011244991329
btc_hl_breakout_10m,0,0.015,0.04,0.0,0.05,10,high_frequency,0.012433803510761255,1.2433803510761254,0.3829787234042553,47,-0.015238581553116193,-1.5238581553116193,17.12541855963419,1.2712907512394,2.6382978723404256e-10,0.5332206232833263,10124.338035107612,0.012433803510761255
btc_small_down_10m,0,0.015,0.06,0.0,0.2,20,high_frequency,0.03161969854979097,3.1619698549790973,0.3157894736842105,38,-0.05369440649284174,-5.369440649284174,12.428217700019799,1.2053279544798403,2.7894736842105265e-10,0.43725454045859613,10316.19698549791,0.03161969854979097
btc_alt_aligned,0,0.02,0.03,0.0,0.1,90,high_frequency,0.020049940675498864,2.0049940675498865,0.43859649122807015,57,-0.03478423291707722,-3.478423291707722,13.3997158353433,1.1756356870756233,2.4269005847953215e-10,0.36063347073345736,10200.499406754989,0.020049940675498864
btc_hl_breakout_7m,0,0.03,0.04,0.0,0.15,15,high_frequency,0.020182159668590497,2.01821596685905,0.45,40,-0.07141859101603254,-7.141859101603254,9.661813503070874,1.135272129220118,3.2416666666666663e-10,0.35793347674439546,10201.821596685904,0.020182159668590497
btc_vol_breakout_3m,0,0.0125,0.02,0.0,0.05,45,high_frequency,0.0072034916287892084,0.7203491628789208,0.4745762711864407,59,-0.012393489374233457,-1.2393489374233457,11.483396766013223,1.1612295487629354,1.6186440677966102e-10,0.24736858714307636,10072.034916287892,0.0072034916287892084
btc_hl_breakout_7m,0,0.0125,0.045,0.0,0.15,15,high_frequency,0.03215282832514377,3.2152828325143767,0.33962264150943394,53,-0.04892993022094261,-4.892993022094261,14.986361546711528,1.2128760813862791,2.3679245283018867e-10,0.41702821653516386,10321.528283251439,0.03215282832514377
btc_hl_breakout_10m,0,0.01,0.045,0.0,0.1,15,high_frequency,0.009790288824790742,0.9790288824790742,0.3,50,-0.032428002565632164,-3.2428002565632164,7.380546264756917,1.1096566002042534,2.3333333333333335e-10,0.20657127025011265,10097.902888247907,0.009790288824790742
btc_hl_breakout_3m,0,0.025,0.02,0.0,0.2,90,high_frequency,0.040694828203659494,4.069482820365949,0.5714285714285714,49,-0.05424146074678782,-5.424146074678782,15.937379336949274,1.2246663052091689,2.360544217687075e-10,0.4274264934459761,10406.948282036596,0.040694828203659494
btc_hl_breakout_10m,0,0.03,0.035,0.0,0.25,5,high_frequency,0.06288474097844528,6.288474097844528,0.5,38,-0.07954882315662959,-7.9548823156629584,17.59707367640753,1.2696838192357933,3.337719298245614e-10,0.6848508416896569,10628.847409784452,0.06288474097844528
btc_hl_breakout_5m,0,0.0125,0.035,0.0,0.15,30,high_frequency,0.02131508887394832,2.131508887394832,0.37037037037037035,54,-0.04604107019897974,-4.604107019897974,11.203381190991337,1.1454905940234403,2.1265432098765432e-10,0.2755538078955595,10213.150888739483,0.02131508887394832
btc_vol_breakout_3m,0,0.03,0.025,0.0,0.25,15,high_frequency,0.057427017529279964,5.742701752927997,0.5897435897435898,39,-0.05669850682946176,-5.669850682946176,17.85769630346899,1.2916902980780756,3.1111111111111114e-10,0.603629500609532,10574.2701752928,0.057427017529279964
btc_vol_breakout_2m,0,0.025,0.035,0.0,0.25,45,high_frequency,0.03991810619834373,3.9918106198343732,0.4883720930232558,43,-0.06282523041915988,-6.282523041915988,12.715507181245052,1.1733117294785007,3.0038759689922475e-10,0.39428544128775317,10399.181061983438,0.03991810619834373
btc_hl_breakout_7m,0,0.03,0.03,0.0,0.2,20,high_frequency,0.030177680093509685,3.0177680093509682,0.5121951219512195,41,-0.08537673756800201,-8.537673756800201,11.048096873497292,1.1513187872826771,3.0853658536585365e-10,0.3941516778491108,10301.776800935097,0.030177680093509685
btc_hl_breakout_6m,0,0.035,0.03,0.0,0.15,15,high_frequency,0.006879338190112048,0.6879338190112048,0.5277777777777778,36,-0.05150273764054336,-5.150273764054337,3.9907167750818986,1.0524567364170387,3.5925925925925927e-10,0.1485393973308422,10068.79338190112,0.006879338190112048
btc_hl_breakout_7m,0,0.0075,0.04,0.0,0.15,60,high_frequency,0.01370603277662874,1.370603277662874,0.28125,64,-0.06946741199223727,-6.946741199223727,6.944132436493041,1.0850389599573929,1.8958333333333332e-10,0.15678987206285305,10137.060327766287,0.01370603277662874
btc_vol_breakout_2m,0,0.02,0.045,0.0,0.25,20,high_frequency,0.027475706108373424,2.7475706108373426,0.4146341463414634,41,-0.07902039854887133,-7.902039854887133,9.187835374994885,1.1248971680538646,3.113821138211382e-10,0.29480808947353104,10274.757061083734,0.027475706108373424
btc_hl_breakout_1m,0,0.0075,0.05,0.0,0.15,45,high_frequency,-0.004643743861679946,-0.4643743861679946,0.23636363636363636,55,-0.054931448232891866,-5.493144823289187,-1.8728855417724974,0.9667312772869494,2.1727272727272728e-10,-0.04151317037721074,9953.5625613832,-0.004643743861679946
btc_hl_breakout_7m,0,0.02,0.03,0.0,0.15,15,high_frequency,0.020800338641905523,2.0800338641905523,0.42,50,-0.05932839330678519,-5.932839330678519,9.98968834151376,1.1316951358921647,2.5333333333333334e-10,0.29401395574547706,10208.003386419055,0.020800338641905523
btc_small_up_9m,0,0.015,0.045,0.0,0.1,60,high_frequency,0.0086202798930492,0.8620279893049201,0.34146341463414637,41,-0.028102328092296402,-2.8102328092296402,7.424229616018846,1.1157845641498454,2.349593495934959e-10,0.21965663618161835,10086.202798930492,0.0086202798930492
btc_vol_breakout_2m,0,0.025,0.06,0.0,0.2,10,high_frequency,0.038958609712071074,3.8958609712071075,0.37142857142857144,35,-0.06255685930011134,-6.2556859300111345,14.376659955353912,1.216665944866905,3.7952380952380956e-10,0.5863602120233561,10389.586097120711,0.038958609712071074
btc_bullish,0,0.015,0.035,0.0,0.05,45,high_frequency,0.011195306771952164,1.1195306771952165,0.3770491803278688,61,-0.012622539913554776,-1.2622539913554776,14.99782913477139,1.2013967928509077,2.087431693989071e-10,0.3710582939798088,10111.953067719522,0.011195306771952164
btc_hl_breakout_3m,0,0.02,0.03,0.0,0.05,20,high_frequency,0.008758476351208822,0.8758476351208822,0.4782608695652174,46,-0.013767211644567956,-1.3767211644567956,13.320218941519833,1.199328347611654,2.731884057971014e-10,0.3849681922685328,10087.584763512088,0.008758476351208822
btc_hl_breakout_2m,0,0.03,0.015,0.0,0.05,10,high_frequency,0.005158210321664916,0.5158210321664916,0.6296296296296297,54,-0.015363777991671768,-1.5363777991671768,8.322455565271094,1.1156793363600797,2.1049382716049383e-10,0.19516243003565908,10051.58210321665,0.005158210321664916
btc_hl_breakout_9m,0,0.0125,0.04,0.0,0.15,90,high_frequency,0.03476546303370132,3.4765463033701325,0.36538461538461536,52,-0.04777970378886898,-4.777970378886898,16.078551351604403,1.2341471256323546,2.3685897435897435e-10,0.4570996933943818,10347.654630337012,0.03476546303370132
btc_hl_breakout_6m,0,0.0175,0.06,0.0,0.05,5,high_frequency,-0.009294247596193043,-0.9294247596193043,0.23076923076923078,39,-0.02599985621470302,-2.599985621470302,-14.325423930534615,0.8073371354440677,3.1965811965811965e-10,-0.47174393003278176,9907.05752403807,-0.009294247596193043
btc_hl_breakout_8m,0,0.015,0.02,0.0,0.2,5,high_frequency,0.06458201743861491,6.458201743861491,0.49206349206349204,63,-0.04216612625910132,-4.216612625910132,24.228294394394965,1.338155972551986,1.7513227513227512e-10,0.5137025711347958,10645.82017438615,0.06458201743861491
btc_small_up_10m,0,0.02,0.015,0.0,0.2,60,high_frequency,0.03798036247256798,3.7980362472567983,0.5254237288135594,59,-0.060672006670763,-6.0672006670763,13.838555498304482,1.1900313441534016,1.5847457627118643e-10,0.33615965730358077,10379.80362472568,0.03798036247256798
btc_alt_aligned,0,0.035,0.025,0.0,0.15,20,high_frequency,0.04800413930567422,4.800413930567422,0.6,45,-0.04395348942391286,-4.395348942391286,20.977883670456983,1.3341042078060492,3.125925925925926e-10,0.7178718629375815,10480.041393056743,0.04800413930567422
btc_small_up_10m,0,0.03,0.03,0.0,0.25,15,high_frequency,0.04539983521821182,4.539983521821182,0.5,38,-0.07592822177271674,-7.592822177271675,13.508383537528442,1.2066410743683103,3.0350877192982454e-10,0.5055269354056208,10453.998352182118,0.04539983521821182
btc_hl_breakout_5m,0,0.005,0.06,0.0,0.15,20,high_frequency,0.0198135876543412,1.98135876543412,0.21311475409836064,61,-0.06432662909048736,-6.432662909048736,9.590319728942092,1.1290951751751659,1.8961748633879782e-10,0.23297276949873583,10198.135876543412,0.0198135876543412
btc_small_up_10m,0,0.02,0.04,0.0,0.05,60,high_frequency,0.014063117695391423,1.4063117695391423,0.4222222222222222,45,-0.015083955411209327,-1.5083955411209327,19.273749052717775,1.3192953174328446,2.2407407407407407e-10,0.6281670506361374,10140.631176953913,0.014063117695391423
btc_alt_aligned,0,0.0075,0.06,0.0,0.25,60,high_frequency,0.03868598556909442,3.8685985569094417,0.22388059701492538,67,-0.09731423605482492,-9.731423605482492,10.869352628459339,1.1307215563019464,2.0248756218905473e-10,0.25616500511194445,10386.859855690944,0.03868598556909442
btc_small_up_9m,0,0.03,0.015,0.0,0.2,5,high_frequency,0.028910454257675428,2.8910454257675426,0.6190476190476191,42,-0.040925435660263076,-4.092543566026308,12.690515812769206,1.20322649016993,2.4444444444444444e-10,0.3587802027572392,10289.104542576755,0.028910454257675428
btc_vol_breakout_9m,0,0.035,0.04,0.0,0.05,90,high_frequency,0.008878205995906342,0.8878205995906342,0.5517241379310345,29,-0.0150321806498952,-1.50321806498952,14.319888435486234,1.2640585769342982,3.942528735632184e-10,0.6180471128912982,10088.782059959063,0.008878205995906342
btc_vol_breakout_3m,0,0.01,0.015,0.0,0.2,60,high_frequency,-0.00044367122045659924,-0.04436712204565992,0.45714285714285713,70,-0.05481774164714803,-5.481774164714803,0.5114307046795176,0.997688048149472,1.111904761904762e-10,0.008825959222768118,9995.563287795434,-0.00044367122045659924
btc_small_down_10m,0,0.01,0.025,0.0,0.1,60,high_frequency,0.03078277645854804,3.0782776458548042,0.4166666666666667,60,-0.019605623487620294,-1.9605623487620294,28.36734299399542,1.4261234129696818,1.3777777777777778e-10,0.511859830283764,10307.82776458548,0.03078277645854804
btc_hl_breakout_5m,0,0.015,0.025,0.0,0.25,90,high_frequency,0.005744156059323677,0.5744156059323677,0.43103448275862066,58,-0.08420514433015092,-8.420514433015091,2.75171109634842,1.0220308202532247,1.8936781609195404e-10,0.06025596638745369,10057.441560593237,0.005744156059323677
btc_small_up_9m,0,0.025,0.05,0.0,0.05,10,high_frequency,0.008851995260426316,0.8851995260426315,0.41935483870967744,31,-0.015524519451235785,-1.5524519451235785,14.061902869548831,1.2609539573460224,3.559139784946237e-10,0.5774203671297004,10088.519952604263,0.008851995260426316
btc_hl_breakout_7m,0,0.02,0.03,0.0,0.15,60,high_frequency,0.020800338641905523,2.0800338641905523,0.42,50,-0.05932839330678519,-5.932839330678519,9.98968834151376,1.1316951358921647,2.5333333333333334e-10,0.29401395574547706,10208.003386419055,0.020800338641905523
btc_vol_breakout_9m,0,0.025,0.045,0.0,0.25,45,high_frequency,0.06230031154772469,6.230031154772469,0.5,26,-0.051558845011549725,-5.155884501154972,22.28376623144776,1.4911754212858688,3.923076923076923e-10,0.9625634549078687,10623.003115477248,0.06230031154772469
btc_hl_breakout_1m,0,0.015,0.03,0.0,0.1,20,high_frequency,0.015763221926292294,1.5763221926292295,0.4230769230769231,52,-0.026727370095329772,-2.672737009532977,12.692604558781198,1.1739590435097154,2.429487179487179e-10,0.31032800087349705,10157.632219262923,0.015763221926292294
btc_alt_aligned,0,0.015,0.05,0.0,0.2,45,high_frequency,0.048319258928590555,4.831925892859055,0.3269230769230769,52,-0.061072924027088527,-6.107292402708852,16.107225601826077,1.2283165586115428,2.66025641025641e-10,0.48295080872457485,10483.192589285905,0.048319258928590555
btc_hl_breakout_9m,0,0.0075,0.015,0.0,0.2,30,high_frequency,-0.012173967790557481,-1.217396779055748,0.37209302325581395,86,-0.10401276769185885,-10.401276769185886,-3.587231219863559,0.9501012383440476,1.1007751937984496e-10,-0.057972360424085906,9878.260322094426,-0.012173967790557481
btc_bullish,0,0.01,0.045,0.0,0.05,30,high_frequency,0.011867241878708398,1.1867241878708399,0.31746031746031744,63,-0.01426613856129133,-1.426613856129133,15.91355186054226,1.23379257260288,1.986772486772487e-10,0.3800246180041488,10118.672418787084,0.011867241878708398
btc_hl_breakout_3m,0,0.025,0.04,0.0,0.05,90,high_frequency,0.016469216619254348,1.6469216619254348,0.5263157894736842,38,-0.014176917714768034,-1.4176917714768034,24.39659578192441,1.4326979751398181,3.4605263157894737e-10,0.8675010315045217,10164.692166192544,0.016469216619254348
btc_hl_breakout_10m,0,0.005,0.015,0.0,0.15,60,high_frequency,-0.0012345184232395014,-0.12345184232395014,0.3333333333333333,93,-0.07336565774938353,-7.336565774938353,-0.01878045421361909,0.9927154310370855,9.480286738351255e-11,-7.841100779330438e-07,9987.654815767604,-0.0012345184232395014
btc_small_up_9m,0,0.03,0.025,0.0,0.25,90,high_frequency,0.03761074993972215,3.7610749939722155,0.5555555555555556,36,-0.05017814557376299,-5.017814557376299,13.103228507314329,1.206449688860409,2.907407407407407e-10,0.4397957364563221,10376.107499397222,0.03761074993972215
btc_hl_breakout_5m,0,0.0125,0.01,0.0,0.05,30,high_frequency,0.003720565145072737,0.37205651450727373,0.5833333333333334,84,-0.015849007005013238,-1.5849007005013238,6.148109522447863,1.0755155568565278,1.0892857142857143e-10,0.0911915468283561,10037.205651450728,0.003720565145072737
btc_hl_breakout_5m,0,0.03,0.04,0.0,0.05,20,high_frequency,0.003576265269894333,0.3576265269894333,0.46153846153846156,39,-0.022491514120947076,-2.2491514120947076,5.587219332544397,1.0791543288702323,3.4017094017094016e-10,0.1899796376821805,10035.762652698942,0.003576265269894333
btc_small_down_10m,0,0.01,0.015,0.0,0.1,20,high_frequency,0.028087226226385077,2.808722622638508,0.4647887323943662,71,-0.023029524287288772,-2.302952428728877,25.889522599462705,1.3581814807968384,9.507042253521127e-11,0.39558281569565734,10280.87226226385,0.028087226226385077
btc_hl_breakout_6m,0,0.015,0.045,0.0,0.25,10,high_frequency,-0.018512567126586284,-1.8512567126586283,0.3111111111111111,45,-0.09536258825635491,-9.53625882563549,-4.968862984354029,0.9206760314984934,2.7518518518518523e-10,-0.14000166239156792,9814.874328734137,-0.018512567126586284
btc_alt_aligned,0,0.005,0.035,0.0,0.25,30,high_frequency,0.022757553981679484,2.2757553981679486,0.25806451612903225,93,-0.09607134936083717,-9.607134936083717,6.9704325485290655,1.0673811917424865,1.396057347670251e-10,0.11547566823101713,10227.575539816795,0.022757553981679484
btc_hl_breakout_3m,0,0.0075,0.01,0.0,0.25,60,high_frequency,-0.03815995094461441,-3.8159950944614414,0.4606741573033708,89,-0.10315556318178154,-10.315556318178153,-12.413866065878043,0.8552513330447811,9.250936329588015e-11,-0.1633996986977475,9618.400490553857,-0.03815995094461441
btc_vol_breakout_9m,0,0.0125,0.01,0.0,0.25,60,high_frequency,0.006894157727629636,0.6894157727629636,0.5660377358490566,53,-0.0527641211755524,-5.276412117555241,3.593516586001862,1.0455072095741957,1.1572327044025158e-10,0.06366225174081698,10068.941577276297,0.006894157727629636
btc_bullish,0,0.02,0.03,0.0,0.2,45,high_frequency,0.07964678334969612,7.964678334969612,0.4791666666666667,48,-0.037152735253736524,-3.7152735253736524,28.060015230072196,1.4393240035908959,2.715277777777778e-10,0.8233065670818394,10796.467833496961,0.07964678334969612
btc_hl_breakout_7m,0,0.01,0.03,0.0,0.2,90,high_frequency,0.028181743164270915,2.8181743164270916,0.3382352941176471,68,-0.06973166284882193,-6.973166284882193,10.434584605577696,1.1249203069769478,1.6740196078431374e-10,0.22329432142098476,10281.817431642708,0.028181743164270915
btc_vol_breakout_8m,0,0.015,0.025,0.0,0.1,10,high_frequency,0.024824011744211633,2.482401174421163,0.46511627906976744,43,-0.020008372874977587,-2.0008372874977587,23.29525237632921,1.3939238170100126,2.1589147286821706e-10,0.5787588128890717,10248.240117442116,0.024824011744211633
btc_hl_breakout_5m,0,0.03,0.03,0.0,0.2,15,high_frequency,0.005267358303635797,0.5267358303635796,0.5116279069767442,43,-0.08217132469296484,-8.217132469296484,2.7714700255843807,1.026820991684441,3.0271317829457364e-10,0.08537880927003806,10052.673583036358,0.005267358303635797
btc_hl_breakout_1m,0,0.0075,0.05,0.0,0.05,20,high_frequency,-0.001277156523683692,-0.1277156523683692,0.23636363636363636,55,-0.01846899951470249,-1.8468999514702489,-1.8147782213262595,0.9721749836083459,2.1727272727272728e-10,-0.04151317037720948,9987.228434763163,-0.001277156523683692
btc_small_up_9m,0,0.0175,0.035,0.0,0.15,45,high_frequency,0.013684579819453984,1.3684579819453984,0.3902439024390244,41,-0.040109415410136795,-4.010941541013679,7.986840740290673,1.1186917886684462,2.5e-10,0.2363563668081684,10136.84579819454,0.013684579819453984
btc_vol_breakout_10m,0,0.005,0.035,0.0,0.25,30,high_frequency,0.005860970585032373,0.5860970585032373,0.2653061224489796,49,-0.06457165901353012,-6.4571659013530125,3.0385725937180235,1.03394219386317,1.414965986394558e-10,0.0640974004998442,10058.609705850324,0.005860970585032373
btc_small_down_10m,0,0.0075,0.015,0.0,0.15,30,high_frequency,0.030485360564495658,3.048536056449566,0.42105263157894735,76,-0.0376451597746944,-3.7645159774694403,18.830529024457835,1.2366753192069848,8.530701754385965e-11,0.27096196088192126,10304.853605644956,0.030485360564495658
btc_small_up_10m,0,0.035,0.02,0.0,0.15,5,high_frequency,0.04748906400375651,4.748906400375652,0.6097560975609756,41,-0.046390471823815393,-4.639047182381539,21.89963304641699,1.4046937602300469,2.686991869918699e-10,0.7757019065849828,10474.890640037565,0.04748906400375651
btc_hl_breakout_8m,0,0.02,0.01,0.0,0.1,15,high_frequency,0.00936930261300431,0.936930261300431,0.589041095890411,73,-0.03827810887364902,-3.827810887364902,6.944890764007927,1.0883502702049586,1.4223744292237445e-10,0.13582487127675988,10093.693026130044,0.00936930261300431
btc_hl_breakout_4m,0,0.03,0.06,0.0,0.2,90,high_frequency,0.03768616796192846,3.768616796192846,0.43333333333333335,30,-0.07203725676802786,-7.203725676802786,13.838385652853988,1.223895753983224,4.661111111111111e-10,0.6638665982375215,10376.861679619284,0.03768616796192846
btc_hl_breakout_10m,0,0.03,0.04,0.0,0.05,45,high_frequency,0.011212923124988129,1.1212923124988128,0.47368421052631576,38,-0.01865267488668254,-1.865267488668254,15.103826656694464,1.2468427719646196,3.342105263157895e-10,0.5962897068472178,10112.12923124988,0.011212923124988129
btc_vol_breakout_3m,0,0.025,0.12,0.0,0.3,180,random,0.0451778409159981,4.51778409159981,0.3,20,-0.10843860267555294,-10.843860267555295,11.799720141813307,1.2364083279696576,6.433333333333334e-10,0.8531363340960973,10451.77840915998,0.0451778409159981
btc_vol_breakout_2m,0,0.08,0.02,0.0,0.25,1440,random,0.06140852656312332,6.140852656312331,0.7666666666666667,30,-0.07210987655418677,-7.210987655418677,17.51349616913405,1.3579700248436588,4.4055555555555557e-10,0.8417844645363378,10614.085265631233,0.06140852656312332
btc_vol_breakout_9m,0,0.1,0.035,0.0,0.3,480,random,0.030176872195621127,3.017687219562113,0.7,20,-0.0968506850597497,-9.68506850597497,8.886220416344017,1.1610584479176722,6.575000000000001e-10,0.5758457922942611,10301.76872195621,0.030176872195621127
btc_hl_breakout_8m,0,0.08,0.015,0.0,0.15,30,random,0.035096741070497935,3.5096741070497934,0.8,35,-0.045221268014517646,-4.522126801451765,16.508511134408433,1.3562892768369792,3.4285714285714286e-10,0.6806389174798158,10350.96741070498,0.035096741070497935
btc_hl_breakout_5m,0,0.025,0.01,0.0,0.25,45,random,0.0575301073332942,5.75301073332942,0.6956521739130435,69,-0.06503030820764011,-6.50303082076401,18.30029376055155,1.248067628336554,1.4855072463768116e-10,0.3416441319433687,10575.301073332943,0.0575301073332942
btc_hl_breakout_5m,0,0.1,0.025,0.0,0.05,45,random,0.013369381460888553,1.3369381460888552,0.76,25,-0.017660506491918415,-1.7660506491918415,18.113600950079956,1.4404996359214066,5.480000000000001e-10,1.0752104093315502,10133.693814608885,0.013369381460888553
btc_hl_breakout_7m,0,0.0125,0.03,0.0,0.3,720,random,0.07726239649256664,7.726239649256664,0.390625,64,-0.09520495119466643,-9.520495119466643,18.201341482570168,1.224428064960311,1.8411458333333333e-10,0.4176207695111094,10772.623964925666,0.07726239649256664
btc_hl_breakout_5m,0,0.04,0.04,0.0,0.5,15,random,0.07982435909229989,7.982435909229989,0.5294117647058824,34,-0.16351548507325964,-16.351548507325965,13.17737576533157,1.161658947638509,3.9901960784313726e-10,0.5417032787976407,10798.243590922999,0.07982435909229989
btc_hl_breakout_5m,0,0.02,0.01,0.0,0.05,45,random,0.0018777229462793798,0.18777229462793799,0.6027397260273972,73,-0.016209091101892836,-1.6209091101892836,3.1108631397245605,1.0380664300140532,1.360730593607306e-10,0.0546006655519799,10018.777229462794,0.0018777229462793798
btc_small_up_10m,0,0.05,0.1,0.0,0.2,720,random,0.06375407232281124,6.375407232281124,0.4444444444444444,18,-0.0711578701874237,-7.11578701874237,20.837378441279103,1.442071008401374,6.972222222222222e-10,1.8281752164649403,10637.540723228112,0.06375407232281124
btc_alt_aligned,0,0.0125,0.06,0.0,0.15,5,random,0.04003682737491056,4.003682737491056,0.2777777777777778,54,-0.04602387341647107,-4.602387341647107,17.51302837844171,1.2571221905038725,2.558641975308642e-10,0.5069416704041609,10400.368273749105,0.04003682737491056
btc_vol_breakout_10m,0,0.01,0.035,0.0,0.1,10,random,0.00427322883231966,0.427322883231966,0.3170731707317073,41,-0.024223754931701702,-2.42237549317017,4.730784288717352,1.0683160798095601,1.8699186991869918e-10,0.11126453737326193,10042.732288323197,0.00427322883231966
btc_hl_breakout_3m,0,0.015,0.3,0.0,0.4,360,random,0.11529886598387774,11.529886598387774,0.2,15,-0.13348101876166174,-13.348101876166174,20.17071914887529,1.609850133407334,9.477777777777779e-10,2.10301258900838,11152.988659838778,0.11529886598387774
btc_small_up_10m,0,0.025,0.04,0.0,0.15,180,random,0.04290479103613763,4.290479103613763,0.46153846153846156,39,-0.04858128666835648,-4.858128666835649,20.403141716359098,1.3415442517357947,2.7051282051282047e-10,0.7417291443922643,10429.047910361376,0.04290479103613763
btc_bullish,0,0.06,0.04,0.0,0.4,90,random,0.13454014025841943,13.454014025841943,0.625,32,-0.13208494165860774,-13.208494165860774,22.58004963662193,1.3535220916939705,4.265625e-10,1.0766795870799888,11345.401402584193,0.13454014025841943
btc_hl_breakout_4m,0,0.02,0.04,0.0,0.4,240,random,0.12502363103188205,12.502363103188205,0.4772727272727273,44,-0.08645161715405358,-8.645161715405358,23.296736089635864,1.3385854169942566,2.9318181818181814e-10,0.7175467488169599,11250.23631031882,0.12502363103188205
btc_vol_breakout_10m,0,0.0125,0.06,0.0,0.05,15,random,0.006431470631341256,0.6431470631341256,0.28125,32,-0.011164512442089491,-1.1164512442089491,11.552517027389234,1.2262104771041182,3.0208333333333335e-10,0.40688886692983567,10064.314706313413,0.006431470631341256
btc_hl_breakout_3m,0,0.06,0.15,0.0,0.3,120,random,0.09264586950326893,9.264586950326894,0.5,10,-0.10546840176667305,-10.546840176667304,20.098105153272584,1.6786402661708792,1.4333333333333333e-09,3.2014919758142537,10926.458695032688,0.09264586950326893
btc_vol_breakout_8m,0,0.06,0.015,0.0,0.4,30,random,-0.01144924589731686,-1.144924589731686,0.7222222222222222,36,-0.11615981361285865,-11.615981361285865,-0.9053623531362187,0.9619811824861033,3.0509259259259263e-10,-0.02893827775213481,9885.507541026831,-0.01144924589731686
btc_small_up_9m,0,0.03,0.025,0.0,0.1,480,random,0.015516019197874584,1.5516019197874584,0.5555555555555556,36,-0.020318892310930425,-2.0318892310930425,13.086249908386065,1.219871638044851,2.907407407407407e-10,0.43979573645632236,10155.160191978746,0.015516019197874584
btc_vol_breakout_8m,0,0.04,0.25,0.0,0.3,10,random,0.09334354552434607,9.334354552434606,0.3333333333333333,12,-0.09353140188119402,-9.353140188119403,22.068726415912153,1.5865836074157742,1.152777777777778e-09,2.779143996588615,10933.43545524346,0.09334354552434607
btc_small_up_10m,0,0.06,0.12,0.0,0.3,30,random,0.07958851492966433,7.958851492966433,0.4375,16,-0.10734922736314856,-10.734922736314855,18.42360160922699,1.3774360116703235,7.760416666666667e-10,1.7711591828095365,10795.885149296642,0.07958851492966433
btc_vol_breakout_9m,0,0.02,0.05,0.0,0.5,720,random,0.06344183391169982,6.344183391169982,0.38461538461538464,26,-0.10110038113701159,-10.110038113701158,12.581721986638664,1.2310934831341325,4.1217948717948717e-10,0.5356436296871308,10634.418339116997,0.06344183391169982
btc_alt_aligned,0,0.01,0.06,0.0,0.15,60,random,0.039077753138106804,3.9077753138106806,0.25862068965517243,58,-0.04999145270161098,-4.999145270161098,17.08385244657367,1.2494472881348397,2.367816091954023e-10,0.46132479550432104,10390.777531381067,0.039077753138106804
btc_vol_breakout_2m,0,0.0125,0.025,0.0,0.05,120,random,0.0068242820114281415,0.6824282011428141,0.4375,64,-0.01244583706795177,-1.244583706795177,10.955026353331712,1.1394894613194506,1.7682291666666667e-10,0.21650497631674975,10068.242820114281,0.0068242820114281415
btc_hl_breakout_6m,0,0.06,0.3,0.0,0.5,480,random,0.13471396562357513,13.471396562357512,0.6666666666666666,3,-0.1768300427778181,-17.683004277781812,17.952297104784147,4.3480753585081136,4.922222222222222e-09,9.195537292720175,11347.139656235751,0.13471396562357513
btc_hl_breakout_4m,0,0.0175,0.01,0.0,0.3,480,random,0.0018794561145060926,0.18794561145060926,0.5972222222222222,72,-0.08257804565944171,-8.257804565944172,1.602238032245881,1.0061716813102008,1.3287037037037037e-10,0.027574336399222882,10018.794561145061,0.0018794561145060926
btc_hl_breakout_4m,0,0.0075,0.04,0.0,0.4,1440,random,0.02328142564126142,2.328142564126142,0.3225806451612903,62,-0.11384263984492804,-11.384263984492804,5.98025613851067,1.0545091407619251,1.9381720430107526e-10,0.126217354699068,10232.814256412614,0.02328142564126142
btc_hl_breakout_5m,0,0.08,0.06,0.0,0.1,1440,random,0.034706549373126575,3.4706549373126574,0.625,16,-0.03440803233202061,-3.440803233202061,22.69617070972127,1.673757019425699,9.041666666666667e-10,2.174282100371181,10347.065493731267,0.034706549373126575
btc_hl_breakout_3m,0,0.1,0.06,0.0,0.3,1440,random,0.09011110238164328,9.011110238164328,0.6666666666666666,15,-0.09674069262631302,-9.674069262631303,20.50016824852379,1.5504696950238497,9.433333333333334e-10,2.0461892778014366,10901.111023816433,0.09011110238164328
btc_vol_breakout_10m,0,0.01,0.06,0.0,0.5,720,random,-0.011482783642967388,-1.1482783642967387,0.20588235294117646,34,-0.1195422918560799,-11.95422918560799,-0.6864150705976155,0.9615661758807007,2.823529411764706e-10,-0.02185627959667573,9885.172163570325,-0.011482783642967388
btc_hl_breakout_4m,0,0.03,0.01,0.0,0.15,240,random,0.04369856662283844,4.369856662283844,0.7213114754098361,61,-0.03136598201667318,-3.1365982016673177,22.64724902753186,1.3566320871836177,1.762295081967213e-10,0.47934391518912534,10436.985666228384,0.04369856662283844
btc_hl_breakout_3m,0,0.035,0.01,0.0,0.1,360,random,0.02617537966468194,2.617537966468194,0.7321428571428571,56,-0.023069157853752964,-2.3069157853752964,20.193211022289542,1.3344704547356263,1.9970238095238096e-10,0.47020272256891305,10261.753796646819,0.02617537966468194
btc_alt_aligned,0,0.015,0.03,0.0,0.25,180,random,0.048659679444653055,4.8659679444653055,0.3787878787878788,66,-0.07637785921171891,-7.637785921171892,13.499380012890377,1.1561019781470465,2.0656565656565657e-10,0.3146547241762061,10486.59679444653,0.048659679444653055
btc_small_up_10m,0,0.025,0.05,0.0,0.3,30,random,0.053763788374514704,5.376378837451471,0.38235294117647056,34,-0.11133630167549946,-11.133630167549946,13.292400339994751,1.2084888244863812,3.4558823529411765e-10,0.570897334898787,10537.637883745147,0.053763788374514704
btc_hl_breakout_7m,0,0.0175,0.3,0.0,0.25,720,random,0.1013535286728254,10.13535286728254,0.2,15,-0.08974328119465225,-8.974328119465225,24.23838188751173,1.8980185498696058,9.4e-10,2.811461776630682,11013.535286728255,0.1013535286728254
btc_small_up_9m,0,0.0175,0.045,0.0,0.25,45,random,0.015967842661669646,1.5967842661669644,0.358974358974359,39,-0.07422092427898297,-7.422092427898297,6.064553324442519,1.0819770254234957,2.5726495726495726e-10,0.18982319564158,10159.678426616696,0.015967842661669646
btc_vol_breakout_8m,0,0.015,0.03,0.0,0.5,15,random,0.13122769723384026,13.122769723384026,0.43902439024390244,41,-0.08796263833029427,-8.796263833029428,24.38825218335561,1.3700142271069378,2.3373983739837395e-10,0.6446010902141053,11312.276972338403,0.13122769723384026
btc_hl_breakout_6m,0,0.0075,0.05,0.0,0.25,720,random,-0.027420147760660346,-2.7420147760660347,0.23636363636363636,55,-0.10283528664243913,-10.283528664243914,-7.758791713773792,0.8914592968960116,2.209090909090909e-10,-0.17649354206299106,9725.798522393397,-0.027420147760660346
btc_small_down_10m,0,0.0075,0.03,0.0,0.15,10,random,0.02086623932509392,2.086623932509392,0.3559322033898305,59,-0.035016930170099436,-3.5016930170099436,11.770539005015669,1.1650381389837507,1.446327683615819e-10,0.24412393344824648,10208.66239325094,0.02086623932509392
btc_hl_breakout_9m,0,0.08,0.06,0.0,0.05,240,random,0.016866768439871116,1.6866768439871116,0.625,16,-0.01731514097188447,-1.7315140971884468,22.045102671012653,1.6696943044726829,9.09375e-10,2.112558606050437,10168.667684398712,0.016866768439871116
btc_vol_breakout_2m,0,0.025,0.04,0.0,0.4,5,random,0.02226604691727057,2.226604691727057,0.43902439024390244,41,-0.12612479879914007,-12.612479879914007,5.659509528843898,1.059357414093681,3.060975609756098e-10,0.18223011788940183,10222.660469172706,0.02226604691727057
btc_hl_breakout_9m,0,0.005,0.25,0.0,0.3,10,random,0.06884588685141166,6.884588685141166,0.08333333333333333,36,-0.1266407487957315,-12.66407487957315,15.363894950155021,1.3577589588844061,3.412037037037037e-10,0.7148947680207013,10688.458868514117,0.06884588685141166
btc_hl_breakout_6m,0,0.01,0.03,0.0,0.15,240,random,0.0008129467095021255,0.08129467095021255,0.3384615384615385,65,-0.051483602351733326,-5.148360235173333,0.9885892750682264,1.0050566738236177,1.6871794871794872e-10,0.020366372944021435,10008.129467095021,0.0008129467095021255
btc_hl_breakout_5m,0,0.02,0.2,0.0,0.25,20,random,0.10205939836904536,10.205939836904536,0.29411764705882354,17,-0.07152559021816862,-7.152559021816862,25.85523692131896,1.7727779987796637,8.509803921568628e-10,2.4401477970131507,11020.593983690454,0.10205939836904536
btc_hl_breakout_2m,0,0.015,0.2,0.0,0.1,120,random,0.010988163524948835,1.0988163524948835,0.19047619047619047,21,-0.034425419961406134,-3.4425419961406134,8.386791061064843,1.1948468260538734,6.626984126984126e-10,0.560897721126311,10109.881635249489,0.010988163524948835
btc_hl_breakout_9m,0,0.035,0.035,0.0,0.5,45,random,0.13565033756447165,13.565033756447164,0.5555555555555556,36,-0.16142716661783096,-16.142716661783098,19.12125115182611,1.2676959819324172,3.5925925925925927e-10,0.795212969548029,11356.503375644716,0.13565033756447165
btc_small_down_10m,0,0.1,0.02,0.0,0.3,60,random,0.11413965719520638,11.413965719520638,0.8076923076923077,26,-0.07346817096337865,-7.346817096337865,26.83868548029229,1.7226125806370587,4.282051282051282e-10,1.4413428321819977,11141.396571952064,0.11413965719520638
btc_small_up_10m,0,0.015,0.08,0.0,0.3,720,random,0.06627768912968982,6.627768912968982,0.2727272727272727,33,-0.109012624560347,-10.901262456034699,16.04526200372767,1.289762357771998,3.3282828282828284e-10,0.709894101617378,10662.776891296899,0.06627768912968982
btc_small_down_10m,0,0.06,0.2,0.0,0.5,60,random,0.1468994922100869,14.68994922100869,0.4444444444444444,9,-0.17505327398452353,-17.50532739845235,19.77285104624117,1.652026427608247,1.55e-09,3.541692719012573,11468.994922100868,0.1468994922100869
btc_vol_breakout_8m,0,0.035,0.02,0.0,0.15,30,random,0.041659308928258545,4.1659308928258545,0.6571428571428571,35,-0.03021970009254482,-3.021970009254482,25.72718938377339,1.4999820683256304,2.6095238095238093e-10,0.7921559727974788,10416.593089282585,0.041659308928258545
btc_hl_breakout_2m,0,0.08,0.03,0.0,0.5,360,random,0.23680830099024505,23.680830099024504,0.76,25,-0.11470261408674598,-11.470261408674599,30.556658153561436,1.7222244339324306,5.52e-10,1.809750256706848,12368.08300990245,0.23680830099024505
btc_small_up_9m,0,0.05,0.045,0.0,0.15,180,random,0.025519369878152294,2.5519369878152296,0.5769230769230769,26,-0.03916693820302708,-3.916693820302708,13.051807803583737,1.2271326676861682,4.544871794871795e-10,0.6814257854541246,10255.193698781522,0.025519369878152294
btc_hl_breakout_8m,0,0.0125,0.1,0.0,0.5,720,random,0.09793350131625166,9.793350131625166,0.25,36,-0.18026467888426978,-18.02646788842698,14.573612269093532,1.222853715268719,3.6805555555555556e-10,0.6220938109122016,10979.335013162516,0.09793350131625166
btc_small_up_10m,0,0.0075,0.035,0.0,0.3,480,random,0.05323898245044375,5.323898245044375,0.3157894736842105,57,-0.08294776977043372,-8.294776977043373,13.566270676268912,1.1892584029408306,1.5087719298245615e-10,0.3328847443779137,10532.389824504437,0.05323898245044375
btc_vol_breakout_8m,0,0.08,0.12,0.0,0.1,45,random,0.02497429671068753,2.497429671068753,0.45454545454545453,11,-0.03416102089904971,-3.416102089904971,18.10947375644922,1.4822513247628069,1.2848484848484848e-09,2.3242485976988436,10249.742967106875,0.02497429671068753
btc_small_down_10m,0,0.0175,0.1,0.0,0.3,10,random,0.08211160568743243,8.211160568743244,0.3103448275862069,29,-0.09587622069308133,-9.587622069308132,20.494783755173014,1.3796208655644167,4.373563218390805e-10,0.9792822510863762,10821.116056874325,0.08211160568743243
btc_bullish,0,0.04,0.04,0.0,0.3,15,random,0.13744161688414055,13.744161688414055,0.5882352941176471,34,-0.08763219398075017,-8.763219398075018,29.78843005037348,1.5451544176340244,3.970588235294118e-10,1.3256430288441092,11374.416168841406,0.13744161688414055
btc_hl_breakout_4m,0,0.03,0.015,0.0,0.2,1440,random,0.04341299858207401,4.3412998582074005,0.6296296296296297,54,-0.050844979484931274,-5.084497948493127,16.78076031722067,1.2368451265486193,2.0864197530864197e-10,0.41240845256971836,10434.12998582074,0.04341299858207401
btc_vol_breakout_8m,0,0.015,0.02,0.0,0.5,90,random,0.08889228463129156,8.889228463129156,0.4782608695652174,46,-0.10069296716641263,-10.069296716641263,17.888722709228087,1.2473614780921745,1.7934782608695651e-10,0.40494831400708,10888.922846312915,0.08889228463129156
btc_hl_breakout_8m,0,0.08,0.05,0.0,0.2,45,random,0.04765337445890557,4.765337445890557,0.625,16,-0.06793523275287738,-6.793523275287738,16.314184621381962,1.4521003234931324,8.895833333333333e-10,1.5269249190864211,10476.533744589056,0.04765337445890557
btc_hl_breakout_9m,0,0.005,0.1,0.0,0.3,180,random,0.008672342319409335,0.8672342319409335,0.13559322033898305,59,-0.16183601570981865,-16.183601570981864,3.250940504070254,1.0282943535510305,1.9124293785310736e-10,0.08858295164610103,10086.723423194093,0.008672342319409335
btc_hl_breakout_1m,0,0.1,0.01,0.0,0.25,15,random,0.060886894792514294,6.088689479251429,0.8333333333333334,36,-0.08173620047785046,-8.173620047785047,17.1752643658069,1.3553713039296358,3.398148148148148e-10,0.699108856697422,10608.868947925142,0.060886894792514294
btc_hl_breakout_2m,0,0.06,0.06,0.0,0.2,60,random,0.06568347122393885,6.5683471223938845,0.5882352941176471,17,-0.07133284216728208,-7.1332842167282084,21.720079563761672,1.60181015414279,8.088235294117647e-10,1.9440079076174344,10656.834712239388,0.06568347122393885
btc_vol_breakout_10m,0,0.06,0.02,0.0,0.3,5,random,0.05652300122920215,5.652300122920215,0.7241379310344828,29,-0.0652396876857525,-6.52396876857525,17.687365355944856,1.3323634156649198,3.293103448275862e-10,0.6696681311596986,10565.23001229202,0.05652300122920215
btc_hl_breakout_1m,0,0.02,0.12,0.0,0.05,45,random,0.012666618025302398,1.2666618025302399,0.2692307692307692,26,-0.016839252338634036,-1.6839252338634036,17.863934238213012,1.3800391294384189,5.006410256410256e-10,0.9860719539260293,10126.666180253023,0.012666618025302398
btc_small_down_10m,0,0.02,0.05,0.0,0.15,180,random,0.006692700324973658,0.6692700324973657,0.35294117647058826,34,-0.040675315301351045,-4.0675315301351045,3.9924642362073635,1.060691392358066,3.2352941176470585e-10,0.14984255079944062,10066.927003249737,0.006692700324973658
btc_small_up_10m,0,0.0175,0.04,0.0,0.05,45,random,0.011272842112029407,1.1272842112029406,0.391304347826087,46,-0.017500996996593465,-1.7500996996593465,16.070350416923993,1.259229608026833,2.1739130434782608e-10,0.49423946329988117,10112.728421120293,0.011272842112029407
btc_alt_aligned,0,0.035,0.1,0.0,0.5,720,random,0.14103525782497126,14.103525782497126,0.36363636363636365,22,-0.17226990218627247,-17.226990218627247,19.00606140013132,1.3331559089200804,6.560606060606061e-10,1.4127505553099087,11410.352578249713,0.14103525782497126
btc_vol_breakout_10m,0,0.05,0.04,0.0,0.15,5,random,0.015237111345941912,1.5237111345941912,0.5714285714285714,28,-0.05110507070942172,-5.110507070942171,8.518157574789624,1.1312634136061146,3.898809523809524e-10,0.38901068861663013,10152.37111345942,0.015237111345941912
btc_hl_breakout_5m,0,0.01,0.01,0.0,0.1,60,random,0.006069582291720712,0.6069582291720712,0.5454545454545454,88,-0.03402496931660848,-3.4024969316608478,5.228665336379968,1.059707376652598,1.0208333333333333e-10,0.07405257146671229,10060.695822917207,0.006069582291720712
btc_hl_breakout_7m,0,0.025,0.025,0.0,0.25,15,random,0.08111798975805246,8.111798975805245,0.5319148936170213,47,-0.07000936986985684,-7.000936986985684,22.175087354598226,1.3349788217046745,2.7234042553191487e-10,0.6976170148584095,10811.179897580525,0.08111798975805246
btc_alt_aligned,0,0.02,0.06,0.0,0.3,20,random,0.06936189677418683,6.9361896774186835,0.3333333333333333,42,-0.10044680748699253,-10.044680748699253,15.692487475742169,1.2126763651133359,3.3531746031746033e-10,0.5920108137673925,10693.618967741868,0.06936189677418683
btc_vol_breakout_10m,0,0.05,0.3,0.0,0.3,480,random,0.024056525385542135,2.4056525385542136,0.3333333333333333,6,-0.10161607459223365,-10.161607459223365,6.81362568141252,1.2456589585968023,2.3694444444444443e-09,1.637072299711707,10240.56525385542,0.024056525385542135
btc_vol_breakout_3m,0,0.0175,0.1,0.0,0.5,20,random,0.10901369771095978,10.901369771095979,0.32,25,-0.1585385916443932,-15.85385916443932,17.576902877435973,1.322878226915739,4.793333333333333e-10,0.9519106917722958,11090.136977109598,0.10901369771095978
btc_hl_breakout_7m,0,0.01,0.08,0.0,0.2,90,random,0.037446260492874126,3.7446260492874126,0.24444444444444444,45,-0.0672085674655366,-6.720856746553661,13.708119836312761,1.2262381123345907,2.7185185185185186e-10,0.43733198002489865,10374.462604928742,0.037446260492874126
btc_hl_breakout_10m,0,0.04,0.035,0.0,0.2,15,random,0.04787148697745172,4.787148697745172,0.5428571428571428,35,-0.06595735215825405,-6.595735215825405,16.577392990763,1.2606332413906483,3.771428571428572e-10,0.7063835040858784,10478.714869774518,0.04787148697745172
btc_hl_breakout_8m,0,0.04,0.15,0.0,0.1,20,random,0.03114337722442742,3.114337722442742,0.4166666666666667,12,-0.03629532726274409,-3.6295327262744093,19.94543951971876,1.686493438955114,1.1763888888888887e-09,2.6310578111161926,10311.433772244274,0.03114337722442742
btc_hl_breakout_7m,0,0.05,0.04,0.0,0.4,30,random,0.08549401305331185,8.549401305331186,0.5625,32,-0.1566478838899661,-15.664788388996609,15.112050084437747,1.2135966712548443,4.234375e-10,0.7366154160575894,10854.94013053312,0.08549401305331185
btc_vol_breakout_9m,0,0.03,0.15,0.0,0.05,240,random,0.01164866619004685,1.164866619004685,0.36363636363636365,11,-0.01101082574624257,-1.101082574624257,18.777503375732422,1.7344721211046725,1.2030303030303032e-09,2.134514495609236,10116.486661900468,0.01164866619004685
btc_vol_breakout_2m,0,0.0175,0.25,0.0,0.1,1440,random,0.022874032075969136,2.2874032075969137,0.2,20,-0.03508876746243683,-3.508876746243683,15.59762063479763,1.3845872702958153,6.766666666666667e-10,1.1939749384780418,10228.74032075969,0.022874032075969136
btc_hl_breakout_2m,0,0.02,0.045,0.0,0.05,45,random,0.00608215188057049,0.608215188057049,0.3902439024390244,41,-0.01660449862564728,-1.660449862564728,8.976557071131785,1.1431131785396706,3.1788617886178864e-10,0.3023059530233024,10060.821518805706,0.00608215188057049
btc_vol_breakout_8m,0,0.0075,0.3,0.0,0.3,1440,random,0.06854065302136346,6.854065302136346,0.18181818181818182,11,-0.062369764266619554,-6.236976426661956,17.997113316096925,2.224902040090937,1.1969696969696968e-09,2.1519762262080357,10685.406530213635,0.06854065302136346
btc_vol_breakout_8m,0,0.05,0.015,0.0,0.05,180,random,-0.0018691922606233276,-0.18691922606233277,0.6842105263157895,38,-0.01718481425436036,-1.7184814254360359,-2.8438686543904,0.9528554774791543,3.0657894736842106e-10,-0.09217485673438015,9981.308077393767,-0.0018691922606233276
btc_hl_breakout_4m,0,0.02,0.05,0.0,0.5,720,random,0.06838254265188425,6.838254265188424,0.39473684210526316,38,-0.1368364512636866,-13.68364512636866,11.54600804867119,1.1471414742659964,3.4385964912280705e-10,0.426258646366538,10683.825426518843,0.06838254265188425
btc_hl_breakout_2m,0,0.0075,0.06,0.0,0.25,5,random,-0.01971451512192107,-1.9714515121921068,0.21428571428571427,56,-0.11135752837001156,-11.135752837001156,-5.063929901408988,0.9204248866607906,2.1101190476190478e-10,-0.1156794449360029,9802.85484878079,-0.01971451512192107
btc_hl_breakout_10m,0,0.02,0.015,0.0,0.25,90,random,0.024579718483645138,2.457971848364514,0.53125,64,-0.08239753766303815,-8.239753766303814,7.841042608596708,1.0892508387791116,1.6614583333333332e-10,0.17508727211985387,10245.79718483645,0.024579718483645138
btc_bullish,0,0.01,0.3,0.0,0.05,240,random,0.016127371936898168,1.6127371936898167,0.4,5,-0.017842240383862507,-1.7842240383862507,18.831646056049635,5.035701838629334,2.9233333333333334e-09,6.4578782837801345,10161.27371936898,0.016127371936898168
btc_hl_breakout_2m,0,0.0075,0.04,0.0,0.5,360,random,0.002982721655604291,0.2982721655604291,0.296875,64,-0.1812096637613353,-18.12096637613353,2.3355330623010273,1.0054701265991932,1.8307291666666668e-10,0.04968954416033871,10029.827216556043,0.002982721655604291
btc_vol_breakout_10m,0,0.04,0.03,0.0,0.05,5,random,0.0105218447782216,1.05218447782216,0.5862068965517241,29,-0.010637214272329998,-1.0637214272329998,18.681330407040726,1.3445707353607257,3.442528735632184e-10,0.7294549763459661,10105.218447782216,0.0105218447782216
btc_hl_breakout_9m,0,0.05,0.045,0.0,0.5,30,random,0.07983424412057957,7.983424412057957,0.5333333333333333,30,-0.19180715959156525,-19.180715959156526,12.24385406434258,1.1587639795637437,4.533333333333333e-10,0.6381633824076789,10798.342441205796,0.07983424412057957
btc_vol_breakout_10m,0,0.01,0.25,0.0,0.4,720,random,0.13205829015195558,13.205829015195558,0.125,24,-0.09037092372858313,-9.037092372858313,25.79713004637333,1.641027153074068,4.625e-10,1.4647653181492812,11320.582901519556,0.13205829015195558
btc_small_up_10m,0,0.08,0.25,0.0,0.05,360,random,0.014126594208531662,1.4126594208531662,0.5,6,-0.020364583552195836,-2.0364583552195836,17.646615866227265,2.0084829530930017,2.3166666666666667e-09,4.751597950395929,10141.265942085316,0.014126594208531662
btc_hl_breakout_10m,0,0.02,0.25,0.0,0.1,120,random,0.03550602323881685,3.5506023238816855,0.23529411764705882,17,-0.03566114354298533,-3.566114354298533,21.8236890682365,1.7371620108519226,8.343137254901962e-10,2.1223415558930077,10355.060232388169,0.03550602323881685
btc_vol_breakout_9m,0,0.005,0.025,0.0,0.15,60,random,0.002572942392704567,0.2572942392704567,0.2830188679245283,53,-0.042246691569318706,-4.224669156931871,2.154443995101987,1.0245533917369254,1.3584905660377358e-10,0.041262668577993274,10025.729423927045,0.002572942392704567
btc_hl_breakout_2m,0,0.035,0.04,0.0,0.15,120,random,0.05027607172084645,5.027607172084645,0.5714285714285714,35,-0.043521698155830624,-4.352169815583062,24.31180737875208,1.4217161180823448,3.8857142857142857e-10,0.9606982047822556,10502.760717208464,0.05027607172084645
btc_vol_breakout_3m,0,0.04,0.035,0.0,0.5,60,random,0.07873488559768194,7.873488559768194,0.5588235294117647,34,-0.14616538100781706,-14.616538100781707,13.29051757010237,1.1727655805747075,3.6862745098039216e-10,0.5234933818267723,10787.34885597682,0.07873488559768194
btc_vol_breakout_8m,0,0.015,0.04,0.0,0.05,90,random,0.012890563933755272,1.2890563933755272,0.4166666666666667,36,-0.008836921687899624,-0.8836921687899624,23.32955280923719,1.4554016776640468,2.912037037037037e-10,0.7170836403734824,10128.905639337552,0.012890563933755272
btc_vol_breakout_9m,0,0.05,0.01,0.0,0.5,20,random,0.04145414564326948,4.1454145643269475,0.7560975609756098,41,-0.0998721155597374,-9.98721155597374,9.203024928238948,1.1295446372925988,2.178861788617886e-10,0.2411578946777454,10414.541456432695,0.04145414564326948
btc_vol_breakout_3m,0,0.015,0.3,0.0,0.05,480,random,0.0158034220412332,1.58034220412332,0.4,5,-0.01842646821397842,-1.842646821397842,18.45153984528785,4.283717397745569,2.92e-09,6.331683474511333,10158.034220412332,0.0158034220412332
btc_small_up_9m,0,0.1,0.1,0.0,0.3,90,random,0.09472627691701618,9.472627691701618,0.6153846153846154,13,-0.10093549967468318,-10.093549967468318,21.10510106459821,1.5182082124139753,1.0153846153846153e-09,2.514981110098134,10947.262769170162,0.09472627691701618
btc_small_up_9m,0,0.0075,0.04,0.0,0.2,30,random,0.042113280551662594,4.211328055166259,0.3333333333333333,48,-0.044423117648867305,-4.44231176488673,18.056654247617917,1.2950051234406517,1.8055555555555556e-10,0.44722401327754163,10421.132805516627,0.042113280551662594
btc_vol_breakout_2m,0,0.035,0.08,0.0,0.3,180,random,0.03781680940550864,3.781680940550864,0.375,24,-0.1148487665809721,-11.48487665809721,9.96904751653144,1.160656361895329,5.701388888888889e-10,0.598184529728754,10378.168094055087,0.03781680940550864
btc_vol_breakout_3m,0,0.03,0.06,0.0,0.2,45,random,0.0241368747212226,2.4136874721222603,0.38461538461538464,26,-0.07821916984535937,-7.821916984535937,9.473665897458744,1.1564491165512372,4.929487179487179e-10,0.5094423351919318,10241.368747212226,0.0241368747212226
btc_vol_breakout_2m,0,0.025,0.15,0.0,0.3,180,random,0.06389349778739838,6.389349778739837,0.29411764705882354,17,-0.10052967694674209,-10.052967694674209,15.955090972649284,1.394225866486197,8.245098039215686e-10,1.3557176689630523,10638.934977873983,0.06389349778739838
btc_hl_breakout_6m,0,0.035,0.25,0.0,0.2,120,random,0.03276666218541918,3.2766662185419184,0.26666666666666666,15,-0.08206849960893037,-8.206849960893036,11.916303573700068,1.2549284232021185,9.433333333333334e-10,1.2351540698198573,10327.666621854192,0.03276666218541918
btc_vol_breakout_9m,0,0.0175,0.15,0.0,0.25,60,random,0.013087126052758958,1.3087126052758957,0.17647058823529413,17,-0.0707806824431112,-7.07806824431112,4.963768854689689,1.1056781966397937,7.549019607843137e-10,0.3994992067717409,10130.87126052759,0.013087126052758958
btc_hl_breakout_6m,0,0.08,0.015,0.0,0.15,480,random,0.039153197905463205,3.9153197905463206,0.8,35,-0.0452212680145182,-4.5221268014518206,18.267825702265252,1.403157984054246,3.585714285714286e-10,0.7552498161100231,10391.531979054633,0.039153197905463205
btc_small_up_9m,0,0.03,0.25,0.0,0.3,20,random,0.12838874542516018,12.838874542516018,0.4,10,-0.0837314463431984,-8.37314463431984,27.0537787807924,2.120515787004448,1.3666666666666667e-09,4.346924281716687,11283.887454251602,0.12838874542516018
btc_hl_breakout_1m,0,0.06,0.015,0.0,0.3,10,random,0.13167078272875515,13.167078272875516,0.8048780487804879,41,-0.0697451294353928,-6.974512943539279,29.314006843268192,1.6506501195129362,3.08130081300813e-10,1.0439987342470873,11316.707827287551,0.13167078272875515
btc_vol_breakout_2m,0,0.0075,0.3,0.0,0.15,90,random,0.06217043011702792,6.217043011702792,0.14285714285714285,21,-0.05052182430577379,-5.052182430577378,24.248078487557727,1.9706566439099515,6.595238095238095e-10,2.018240062079466,10621.704301170279,0.06217043011702792
btc_vol_breakout_3m,0,0.02,0.05,0.0,0.1,20,random,0.006806163621854784,0.6806163621854784,0.35294117647058826,34,-0.03382114094257438,-3.382114094257438,5.445716786093709,1.086269210641285,3.421568627450981e-10,0.21577188650926002,10068.061636218548,0.006806163621854784
btc_hl_breakout_5m,0,0.015,0.05,0.0,0.15,15,random,0.0015795267002023821,0.15795267002023822,0.3181818181818182,44,-0.04658892510708457,-4.658892510708457,1.380006957838721,1.0109933599828524,2.9166666666666664e-10,0.04443445603733434,10015.795267002024,0.0015795267002023821
btc_vol_breakout_2m,0,0.0175,0.25,0.0,0.5,180,random,0.0941700149784303,9.41700149784303,0.2,20,-0.1655025858660032,-16.550258586600318,14.529134032823807,1.282124158523973,6.766666666666667e-10,1.1939749384780414,10941.700149784303,0.0941700149784303
btc_small_up_10m,0,0.03,0.15,0.0,0.15,60,random,0.02969369543285011,2.969369543285011,0.29411764705882354,17,-0.049187351806629254,-4.918735180662925,13.761786742470585,1.337027327395888,7.843137254901961e-10,1.2255523062127036,10296.936954328501,0.02969369543285011
btc_bullish,0,0.06,0.045,0.0,0.25,180,random,0.07974907484218342,7.974907484218343,0.6296296296296297,27,-0.08214935692342329,-8.21493569234233,21.325147978942585,1.3966032358938232,5.135802469135802e-10,1.2022128734301252,10797.490748421835,0.07974907484218342
btc_hl_breakout_9m,0,0.035,0.03,0.0,0.2,480,random,0.052871354326104826,5.287135432610483,0.5789473684210527,38,-0.06404781535593285,-6.404781535593285,17.986082177434497,1.2897617639827146,3.425438596491228e-10,0.7122614550372469,10528.713543261048,0.052871354326104826
btc_bullish,0,0.0125,0.015,0.0,0.5,5,random,0.07721270498149033,7.721270498149033,0.4883720930232558,86,-0.1272723632885232,-12.727236328852321,12.178535183194075,1.1131251135115,1.3972868217054264e-10,0.21064665185624482,10772.127049814902,0.07721270498149033
btc_hl_breakout_6m,0,0.1,0.01,0.0,0.15,1440,random,0.030279961843248042,3.027996184324804,0.8378378378378378,37,-0.050133777206613384,-5.013377720661339,14.396189613889574,1.326953698994793,3.2837837837837835e-10,0.5597931012528209,10302.79961843248,0.030279961843248042
btc_vol_breakout_8m,0,0.0075,0.02,0.0,0.5,480,random,0.014223147493423311,1.4223147493423312,0.38461538461538464,52,-0.12956575885924693,-12.956575885924693,4.283719805660615,1.0372934592713647,1.330128205128205e-10,0.0837828268339777,10142.231474934233,0.014223147493423311
btc_hl_breakout_5m,0,0.015,0.25,0.0,0.2,180,random,0.057380171651149905,5.73801716511499,0.2,20,-0.06974091334715182,-6.974091334715182,19.698955062304357,1.4889328667183275,7.025e-10,1.5229565705648869,10573.8017165115,0.057380171651149905
btc_vol_breakout_10m,0,0.025,0.12,0.0,0.1,20,random,0.040230272459768686,4.023027245976869,0.3125,16,-0.020919162623408538,-2.091916262340854,31.142578402715856,2.0864860772637117,7.770833333333334e-10,2.5107788507124353,10402.302724597686,0.040230272459768686
btc_bullish,0,0.0125,0.3,0.0,0.1,360,random,0.03126848040099791,3.126848040099791,0.4,5,-0.03611477312462208,-3.611477312462208,18.488627663093723,4.445023718649001,2.9266666666666665e-09,6.2674450477348955,10312.68480400998,0.03126848040099791
btc_vol_breakout_3m,0,0.005,0.2,0.0,0.4,720,random,0.07365717610994917,7.365717610994917,0.1282051282051282,39,-0.15176443042960275,-15.176443042960274,13.984189271790259,1.2417737353586662,2.7307692307692306e-10,0.5623225394294268,10736.57176109949,0.07365717610994917
btc_hl_breakout_5m,0,0.06,0.03,0.0,0.15,240,random,0.0542091495780227,5.420914957802269,0.6896551724137931,29,-0.0476029661238343,-4.76029661238343,24.15537018602792,1.551954043108078,4.67816091954023e-10,1.2423553513262537,10542.091495780227,0.0542091495780227
btc_hl_breakout_2m,0,0.1,0.06,0.0,0.4,30,random,0.1516553702196151,15.165537021961509,0.6666666666666666,15,-0.1274254574927931,-12.74254574927931,24.806663280014256,1.6967569672095004,9.222222222222223e-10,2.529616547538412,11516.55370219615,0.1516553702196151
btc_hl_breakout_7m,0,0.01,0.2,0.0,0.2,720,random,0.0667346799423459,6.67346799423459,0.20833333333333334,24,-0.06720856746553705,-6.7208567465537055,21.468143728221726,1.5675411608306042,5.784722222222223e-10,1.433987635620705,10667.34679942346,0.0667346799423459
btc_vol_breakout_10m,0,0.06,0.015,0.0,0.2,720,random,-0.011558879857418923,-1.1558879857418924,0.7058823529411765,34,-0.05923303322319984,-5.923303322319984,-4.071235935307274,0.9215033560700161,2.9852941176470584e-10,-0.14437061944372928,9884.41120142581,-0.011558879857418923
btc_vol_breakout_10m,0,0.01,0.05,0.0,0.5,240,random,0.0026436503659935623,0.26436503659935623,0.25,36,-0.10619772936114469,-10.619772936114469,1.9583152411613007,1.008969268043029,2.5277777777777775e-10,0.05291472460221124,10026.436503659936,0.0026436503659935623
btc_hl_breakout_10m,0,0.04,0.3,0.0,0.1,120,random,0.027986873432068626,2.7986873432068626,0.5,4,-0.03992911466465998,-3.992911466465998,16.517601610464673,3.1665324533577457,3.6791666666666665e-09,7.044716829217862,10279.868734320686,0.027986873432068626
btc_vol_breakout_8m,0,0.015,0.12,0.0,0.4,180,random,0.1459733452292735,14.59733452292735,0.23809523809523808,21,-0.08217691449388942,-8.217691449388942,28.332222102352816,1.8110448827651868,5.873015873015873e-10,1.749668216461187,11459.733452292734,0.1459733452292735
btc_hl_breakout_1m,0,0.06,0.25,0.0,0.4,60,random,0.14212663494353991,14.212663494353992,0.5,6,-0.13861408002538378,-13.861408002538377,22.35529135057534,2.087885358174694,2.45e-09,6.206795804056573,11421.266349435398,0.14212663494353991
btc_bullish,0,0.08,0.015,0.0,0.2,180,random,0.05047853136836468,5.047853136836468,0.7948717948717948,39,-0.05683033571174767,-5.683033571174767,17.412973454594315,1.3198177662986303,3.4914529914529917e-10,0.66508994072321,10504.785313683647,0.05047853136836468
btc_hl_breakout_5m,0,0.1,0.035,0.0,0.15,45,random,0.043065599106433296,4.30655991064333,0.7391304347826086,23,-0.055107981707436804,-5.51079817074368,19.41886326807155,1.4560349015993628,5.992753623188406e-10,1.262381588635264,10430.655991064334,0.043065599106433296
btc_hl_breakout_4m,0,0.1,0.045,0.0,0.15,15,random,0.03418569984553505,3.418569984553505,0.7058823529411765,17,-0.05252029354486354,-5.252029354486353,15.730257402906625,1.455260693857201,8.450980392156862e-10,1.3636491432592226,10341.85699845535,0.03418569984553505
btc_hl_breakout_3m,0,0.02,0.015,0.0,0.15,10,random,0.01623689861560433,1.6236898615604332,0.5645161290322581,62,-0.03903262802056351,-3.903262802056351,8.786144550869167,1.109489577900938,1.717741935483871e-10,0.18525123122229606,10162.368986156043,0.01623689861560433
btc_vol_breakout_2m,0,0.0125,0.03,0.0,0.05,30,random,0.008895940190537698,0.8895940190537698,0.4166666666666667,60,-0.012510864675153832,-1.2510864675153832,14.075425727857112,1.1907153972582671,1.8805555555555556e-10,0.2995645859634348,10088.959401905377,0.008895940190537698
btc_small_down_10m,0,0.0175,0.1,0.0,0.25,5,random,0.06888078547514852,6.888078547514851,0.3103448275862069,29,-0.08044135050981105,-8.044135050981104,20.52851283079341,1.3875182953305896,4.373563218390805e-10,0.9792822510863756,10688.807854751485,0.06888078547514852
btc_bullish,0,0.015,0.045,0.0,0.5,720,random,0.1121411342196926,11.21411342196926,0.3584905660377358,53,-0.12660155806229623,-12.660155806229623,16.27700395335377,1.2042943187600414,2.433962264150943e-10,0.46031900792061875,11121.411342196927,0.1121411342196926
btc_hl_breakout_10m,0,0.06,0.01,0.0,0.15,45,random,0.048358556142768086,4.8358556142768085,0.8048780487804879,41,-0.03765950571922183,-3.765950571922183,22.28751713902285,1.5189031896476441,3.154471544715447e-10,0.7863592166743202,10483.58556142768,0.048358556142768086
btc_hl_breakout_9m,0,0.005,0.01,0.0,0.3,240,random,-0.03518173001883602,-3.5181730018836017,0.37962962962962965,108,-0.15618220835059415,-15.618220835059414,-7.740780482658951,0.9040262828809061,7.700617283950617e-11,-0.09624162453048296,9648.18269981164,-0.03518173001883602
btc_hl_breakout_6m,0,0.025,0.02,0.0,0.4,480,random,0.060768432126427845,6.0768432126427845,0.5686274509803921,51,-0.10140460606306145,-10.140460606306146,12.779386647055388,1.1546007601517838,2.3169934640522876e-10,0.3279489900292173,10607.684321264278,0.060768432126427845
btc_small_down_10m,0,0.01,0.045,0.0,0.1,5,random,0.000775191854187301,0.0775191854187301,0.2653061224489796,49,-0.026050112725237273,-2.6050112725237273,0.9811469132434317,1.0098850506509371,2.0578231292517006e-10,0.023990018978544667,10007.751918541873,0.000775191854187301
btc_bullish,0,0.06,0.015,0.0,0.5,10,random,0.10733314894278984,10.733314894278983,0.7333333333333333,45,-0.15875315249327338,-15.875315249327338,15.741775627266989,1.2176175123176156,2.948148148148148e-10,0.5220236265349903,11073.3314894279,0.10733314894278984
btc_small_up_9m,0,0.08,0.04,0.0,0.25,180,random,0.11259003433093963,11.259003433093962,0.7272727272727273,22,-0.06038661805361445,-6.0386618053614445,30.226416771606917,1.8025267963726712,5.643939393939395e-10,2.00882311904757,11125.900343309397,0.11259003433093963
btc_hl_breakout_6m,0,0.03,0.3,0.0,0.25,15,random,0.06540901226858173,6.540901226858173,0.4,5,-0.09747118994957338,-9.747118994957338,16.309984432456567,2.7490967382371716,2.93e-09,5.339330242405847,10654.090122685817,0.06540901226858173
btc_hl_breakout_7m,0,0.05,0.03,0.0,0.1,45,random,0.02379828473878598,2.379828473878598,0.6,35,-0.03705948915659085,-3.7059489156590852,16.034084651525287,1.2678862559835584,3.804761904761905e-10,0.6919671553903151,10237.98284738786,0.02379828473878598
btc_hl_breakout_10m,0,0.0175,0.2,0.0,0.25,45,random,0.08467746893912267,8.467746893912267,0.25,20,-0.07737035545214144,-7.737035545214144,22.062669407568116,1.5617390764779944,6.975e-10,1.761323630411717,10846.774689391226,0.08467746893912267
btc_hl_breakout_9m,0,0.015,0.045,0.0,0.4,120,random,0.072850125405243,7.285012540524299,0.3695652173913043,46,-0.13520156753696222,-13.520156753696222,13.959080016420293,1.1783166891213483,2.6956521739130436e-10,0.43612880204394255,10728.50125405243,0.072850125405243
btc_hl_breakout_8m,0,0.03,0.08,0.0,0.2,20,random,0.024163039298408854,2.4163039298408853,0.35714285714285715,28,-0.08140014666726758,-8.140014666726758,8.736006569629835,1.1351110127932416,4.6071428571428573e-10,0.483135272205242,10241.630392984089,0.024163039298408854
btc_hl_breakout_6m,0,0.1,0.3,0.0,0.4,15,random,0.10860310811253712,10.860310811253711,0.6666666666666666,3,-0.14579877869236746,-14.579877869236746,17.49841612435666,2.9068499717285468,4.916666666666667e-09,9.354923630089381,11086.031081125371,0.10860310811253712
btc_hl_breakout_9m,0,0.04,0.015,0.0,0.2,60,random,0.042801231284090295,4.28012312840903,0.6530612244897959,49,-0.06318836638318948,-6.318836638318947,15.027193343761184,1.2252817820753203,2.6054421768707484e-10,0.4530120221137429,10428.012312840903,0.042801231284090295
btc_hl_breakout_1m,0,0.005,0.03,0.0,0.5,5,random,-0.021667419592747955,-2.1667419592747956,0.28205128205128205,78,-0.20953360042158053,-20.953360042158053,-1.9033386539006838,0.9606567652820286,1.2393162393162394e-10,-0.027425684603085167,9783.32580407252,-0.021667419592747955
btc_hl_breakout_10m,0,0.0075,0.04,0.0,0.15,360,random,0.012458303209613109,1.2458303209613109,0.288135593220339,59,-0.06191275611848812,-6.191275611848813,6.462336149925643,1.081053409716507,1.9661016949152542e-10,0.15575912893682045,10124.58303209613,0.012458303209613109
btc_small_down_10m,0,0.035,0.045,0.0,0.15,90,random,0.0064745769244160785,0.6474576924416079,0.46153846153846156,26,-0.049709327728411634,-4.970932772841163,3.8711507340536224,1.0618501777195808,4.519230769230769e-10,0.19245752650903578,10064.74576924416,0.0064745769244160785
btc_vol_breakout_9m,0,0.0175,0.035,0.0,0.1,360,random,0.00024244347187118366,0.024244347187118365,0.3888888888888889,36,-0.03127526037807404,-3.1275260378074043,0.5540808054086293,1.0032255762709068,2.814814814814815e-10,0.01822591513535268,10002.424434718712,0.00024244347187118366
btc_hl_breakout_8m,0,0.05,0.045,0.0,0.1,480,random,0.018256367645711792,1.8256367645711793,0.5185185185185185,27,-0.03989147974312046,-3.989147974312046,12.31045889389134,1.2295006655415741,4.962962962962963e-10,0.696775642597906,10182.563676457117,0.018256367645711792
btc_hl_breakout_5m,0,0.0175,0.035,0.0,0.3,180,random,-0.03332275459144266,-3.3322754591442663,0.3469387755102041,49,-0.1378863391516355,-13.788633915163551,-7.679739551505955,0.8947485431997255,2.5680272108843537e-10,-0.20047827767096832,9666.772454085574,-0.03332275459144266
btc_hl_breakout_8m,0,0.05,0.02,0.0,0.4,240,random,0.09727934974910436,9.727934974910436,0.675,40,-0.11935320119754378,-11.935320119754378,17.45170965252973,1.2598341215734037,3.2291666666666666e-10,0.6436624659479103,10972.793497491044,0.09727934974910436
btc_bullish,0,0.04,0.25,0.0,0.25,120,random,0.10487186051209947,10.487186051209948,0.36363636363636365,11,-0.08597234806651555,-8.597234806651555,25.959693856756424,2.059681791448872,1.2969696969696969e-09,3.869627772952497,11048.718605120994,0.10487186051209947
btc_small_down_10m,0,0.02,0.02,0.0,0.4,720,random,0.10883016971839747,10.883016971839748,0.5652173913043478,46,-0.06434782960299468,-6.434782960299468,22.851603046683916,1.3590938678834321,1.9492753623188405e-10,0.5970542920510562,11088.301697183975,0.10883016971839747
btc_vol_breakout_8m,0,0.04,0.25,0.0,0.05,720,random,0.01648449833542044,1.648449833542044,0.3333333333333333,12,-0.016091992830897572,-1.6091992830897572,22.69376010889808,1.6810050335742952,1.152777777777778e-09,2.779143996588619,10164.844983354204,0.01648449833542044
btc_small_down_10m,0,0.1,0.045,0.0,0.3,90,random,0.03923822643946269,3.923822643946269,0.6666666666666666,15,-0.10310956365285662,-10.310956365285662,9.9615976500723,1.2460961847942849,8.277777777777778e-10,0.9574695880051479,10392.382264394626,0.03923822643946269
btc_hl_breakout_9m,0,0.005,0.045,0.0,0.25,360,random,-0.0022011714056125583,-0.22011714056125584,0.2112676056338028,71,-0.13878719777100967,-13.878719777100967,0.3778626401388482,0.9918109514150136,1.4577464788732394e-10,0.00834872759504309,9977.988285943875,-0.0022011714056125583
btc_vol_breakout_9m,0,0.005,0.25,0.0,0.05,60,random,0.01407979218649147,1.407979218649147,0.09375,32,-0.014690864662393999,-1.4690864662393999,21.50632290170851,1.5479235728270173,3.3541666666666667e-10,0.8918179663248238,10140.797921864914,0.01407979218649147
btc_small_up_9m,0,0.035,0.035,0.0,0.25,720,random,0.08276108001443362,8.276108001443362,0.5806451612903226,31,-0.04892171718974925,-4.892171718974925,25.75834138544529,1.516200827791272,3.704301075268817e-10,1.0623294179678047,10827.610800144335,0.08276108001443362
btc_small_down_10m,0,0.035,0.025,0.0,0.1,180,random,0.033062389286097914,3.3062389286097913,0.6410256410256411,39,-0.018908964200960554,-1.8908964200960554,26.205726699700513,1.4961065591907317,2.55982905982906e-10,0.84590331664104,10330.623892860978,0.033062389286097914
btc_vol_breakout_10m,0,0.1,0.01,0.0,0.1,1440,random,0.011281841365413527,1.1281841365413527,0.8387096774193549,31,-0.023080300718758107,-2.3080300718758107,10.478162608179314,1.2348845846418228,3.704301075268817e-10,0.3750409658869008,10112.818413654135,0.011281841365413527
btc_bullish,0,0.035,0.03,0.0,0.05,5,random,0.014350453754247615,1.4350453754247614,0.575,40,-0.015243490568525586,-1.5243490568525586,19.051278392337434,1.3230573620236186,3.333333333333333e-10,0.7214673346270376,10143.504537542476,0.014350453754247615
btc_small_up_9m,0,0.06,0.1,0.0,0.25,15,random,0.06437229239542898,6.437229239542898,0.5,18,-0.07660795839835599,-7.660795839835599,18.164838805955185,1.347820594860866,6.814814814814814e-10,1.501086057102084,10643.72292395429,0.06437229239542898
btc_vol_breakout_8m,0,0.0175,0.12,0.0,0.25,180,random,0.05590456423601899,5.590456423601899,0.23809523809523808,21,-0.07078068244310853,-7.078068244310853,17.136586247182006,1.3996990033121848,5.968253968253968e-10,1.125635376887906,10559.04564236019,0.05590456423601899
btc_vol_breakout_3m,0,0.0125,0.05,0.0,0.1,240,random,0.013529320570665016,1.3529320570665015,0.3333333333333333,45,-0.028780088988171193,-2.8780088988171193,10.675455915300736,1.1534320309246986,2.403703703703704e-10,0.31212279607179905,10135.29320570665,0.013529320570665016
btc_hl_breakout_10m,0,0.0125,0.08,0.0,0.5,60,random,0.14182106445801493,14.182106445801493,0.30303030303030304,33,-0.16244084605201126,-16.244084605201124,19.75060660383858,1.3368040887040762,3.919191919191919e-10,0.915666601984708,11418.21064458015,0.14182106445801493
btc_vol_breakout_2m,0,0.0075,0.015,0.0,0.05,5,random,-0.008629565871506753,-0.8629565871506752,0.39285714285714285,84,-0.021487126314236105,-2.1487126314236105,-15.074627493061213,0.8357323574790719,1.0297619047619048e-10,-0.20429212355343793,9913.704341284933,-0.008629565871506753
btc_small_down_10m,0,0.03,0.025,0.0,0.4,30,random,0.13816915716865782,13.816915716865783,0.6341463414634146,41,-0.06787165170339016,-6.787165170339016,27.48377601175821,1.463898000983199,2.4715447154471546e-10,0.831939717280594,11381.691571686579,0.13816915716865782
btc_hl_breakout_10m,0,0.0175,0.02,0.0,0.1,60,random,0.020881992784075567,2.0881992784075565,0.5,64,-0.03349555074275423,-3.349555074275423,14.742328625249394,1.1920348438045858,1.6640625e-10,0.33301898590940215,10208.819927840756,0.020881992784075567
btc_vol_breakout_2m,0,0.025,0.02,0.0,0.5,120,random,0.028315285081423464,2.8315285081423465,0.5490196078431373,51,-0.12557766501718082,-12.557766501718081,6.1878177490105255,1.0560607117271126,2.349673202614379e-10,0.1564636084425237,10283.152850814235,0.028315285081423464
btc_bullish,0,0.01,0.035,0.0,0.1,120,random,0.025307284827563864,2.5307284827563863,0.3382352941176471,68,-0.02582550141900597,-2.582550141900597,17.152616313849915,1.2272756939938476,1.8137254901960786e-10,0.37788088978626644,10253.072848275639,0.025307284827563864
btc_vol_breakout_10m,0,0.04,0.01,0.0,0.05,45,random,0.007397973952134822,0.7397973952134822,0.7380952380952381,42,-0.011236609509731599,-1.1236609509731599,14.390752499468007,1.2735039390036917,2.0317460317460315e-10,0.35491396606377934,10073.979739521348,0.007397973952134822
btc_hl_breakout_8m,0,0.0125,0.025,0.0,0.15,120,random,0.0314048675958896,3.14048675958896,0.421875,64,-0.04426150213712643,-4.426150213712643,15.136911160813332,1.1992364129167519,1.6875e-10,0.3363278200049864,10314.048675958897,0.0314048675958896
btc_hl_breakout_5m,0,0.04,0.06,0.0,0.3,30,random,0.052175842962628755,5.217584296262875,0.4666666666666667,30,-0.1048304325651509,-10.48304325651509,13.209107832823253,1.1868348330605443,4.694444444444444e-10,0.6355781586772111,10521.758429626287,0.052175842962628755
btc_hl_breakout_10m,0,0.08,0.015,0.0,0.2,180,random,0.04002616061710503,4.002616061710503,0.7837837837837838,37,-0.059993084456577916,-5.999308445657792,14.314679124619863,1.2673635160142087,3.5135135135135137e-10,0.5620476560141754,10400.26160617105,0.04002616061710503
btc_hl_breakout_2m,0,0.08,0.2,0.0,0.1,45,random,0.02414512396593549,2.414512396593549,0.5,8,-0.03699269960785334,-3.699269960785334,15.644211056956532,1.624035646969537,1.8208333333333333e-09,3.0811395468157814,10241.451239659355,0.02414512396593549
btc_hl_breakout_1m,0,0.0125,0.08,0.0,0.4,60,random,0.039813738929930786,3.9813738929930786,0.2631578947368421,38,-0.14774946735241012,-14.774946735241013,9.021011561299032,1.1272236169043695,3.298245614035088e-10,0.3138365133626036,10398.137389299307,0.039813738929930786
btc_hl_breakout_3m,0,0.0175,0.08,0.0,0.3,480,random,0.05308643364769291,5.308643364769291,0.3333333333333333,30,-0.09875574380495411,-9.875574380495411,14.010032822606323,1.2387883643346098,4.3722222222222225e-10,0.634127856768569,10530.864336476929,0.05308643364769291
btc_small_up_10m,0,0.02,0.12,0.0,0.2,90,random,0.053466957116585306,5.346695711658531,0.28,25,-0.07203220757065687,-7.2032207570656865,17.853991312525547,1.3836145051188884,4.793333333333333e-10,1.1128250034023606,10534.669571165854,0.053466957116585306
btc_vol_breakout_2m,0,0.02,0.06,0.0,0.05,5,random,0.010492070209505579,1.049207020950558,0.3611111111111111,36,-0.015752401556686557,-1.5752401556686557,15.343324518477484,1.2452521362494446,3.62962962962963e-10,0.5901888385370965,10104.920702095056,0.010492070209505579
btc_small_up_10m,0,0.05,0.1,0.0,0.5,90,random,0.15049973743641304,15.049973743641305,0.4444444444444444,18,-0.17018137028476676,-17.018137028476676,20.437152305473564,1.3769854444118006,6.972222222222222e-10,1.82817521646494,11504.997374364131,0.15049973743641304
btc_bullish,0,0.015,0.2,0.0,0.5,15,random,0.13632366512984226,13.632366512984225,0.22727272727272727,22,-0.14745396042489578,-14.745396042489578,18.603645933474734,1.396584279453716,6.401515151515151e-10,1.3922702529487574,11363.236651298423,0.13632366512984226
btc_hl_breakout_10m,0,0.005,0.15,0.0,0.25,240,random,0.02436486878765868,2.436486878765868,0.13513513513513514,37,-0.10866062400785215,-10.866062400785214,7.4539887140451,1.1320356727935372,3.373873873873874e-10,0.32358955985624205,10243.648687876586,0.02436486878765868
btc_hl_breakout_4m,0,0.0075,0.02,0.0,0.1,360,random,-0.003740256257676276,-0.3740256257676276,0.37662337662337664,77,-0.03643676293240605,-3.6436762932406053,-2.6907430234620007,0.9649546943696563,1.2662337662337663e-10,-0.04271794908759378,9962.597437423237,-0.003740256257676276
btc_vol_breakout_9m,0,0.03,0.06,0.0,0.3,240,random,0.05829697017629724,5.829697017629724,0.4,20,-0.06451150515833592,-6.451150515833593,17.051304603559075,1.3747222909408507,5.525e-10,1.0123592665539072,10582.969701762973,0.05829697017629724
btc_vol_breakout_9m,0,0.05,0.02,0.0,0.2,20,random,0.03886203017251887,3.886203017251887,0.6875,32,-0.03854275816054442,-3.854275816054442,17.96322883640805,1.3109521232223467,3.0677083333333334e-10,0.620958894855015,10388.620301725188,0.03886203017251887
btc_hl_breakout_6m,0,0.0125,0.3,0.0,0.3,5,random,0.09335810834325507,9.335810834325507,0.4,5,-0.1032162239580795,-10.32162239580795,19.313635960051627,3.926394776456527,2.93e-09,6.263805056306762,10933.581083432551,0.09335810834325507
btc_vol_breakout_9m,0,0.0175,0.045,0.0,0.3,30,random,-0.0060385614330452425,-0.6038561433045242,0.36363636363636365,33,-0.08805041662338942,-8.805041662338942,-0.6391396827547298,0.9718173339417686,3.1515151515151516e-10,-0.025876373849887568,9939.614385669547,-0.0060385614330452425
btc_hl_breakout_9m,0,0.02,0.08,0.0,0.4,5,random,0.06778702292499593,6.7787022924995926,0.3142857142857143,35,-0.14854848404294696,-14.854848404294696,12.520536866012039,1.1721889343078118,3.633333333333333e-10,0.5564889938929349,10677.870229249958,0.06778702292499593
btc_hl_breakout_6m,0,0.015,0.045,0.0,0.4,1440,random,-0.03218887237265608,-3.218887237265608,0.3111111111111111,45,-0.14959073986926963,-14.959073986926963,-4.9739542440816225,0.9152389346700767,2.7518518518518523e-10,-0.1400016623915652,9678.11127627344,-0.03218887237265608
btc_hl_breakout_6m,0,0.0125,0.045,0.0,0.1,180,random,0.0014035888370337033,0.14035888370337032,0.3333333333333333,51,-0.033537641388889594,-3.3537641388889594,1.4551770695657953,1.0144437566541216,2.3627450980392157e-10,0.03785759641996681,10014.035888370337,0.0014035888370337033
btc_hl_breakout_10m,0,0.0075,0.12,0.0,0.1,240,random,0.018901583043925165,1.8901583043925165,0.1891891891891892,37,-0.03803459355496863,-3.803459355496863,12.830279959722963,1.2425236546904117,3.5045045045045046e-10,0.5320809343357705,10189.015830439252,0.018901583043925165
btc_bullish,0,0.08,0.035,0.0,0.5,30,random,0.14964743524038912,14.964743524038912,0.72,25,-0.13237614830574074,-13.237614830574074,20.671851460050032,1.3909853575906546,5.593333333333334e-10,1.2444463458447954,11496.474352403891,0.14964743524038912
btc_small_up_10m,0,0.015,0.04,0.0,0.25,90,random,0.04798019962020308,4.798019962020308,0.3673469387755102,49,-0.08589593595087919,-8.58959359508792,14.326147718683305,1.2023573116215123,1.9421768707482996e-10,0.41255209507609636,10479.80199620203,0.04798019962020308
btc_vol_breakout_3m,0,0.04,0.01,0.0,0.1,90,random,0.016334129485723634,1.6334129485723634,0.7358490566037735,53,-0.02330687948792276,-2.330687948792276,12.972126027799211,1.2091604326927152,2.0283018867924527e-10,0.314481844607791,10163.341294857237,0.016334129485723634
btc_vol_breakout_8m,0,0.02,0.06,0.0,0.5,720,random,0.028636543277009877,2.8636543277009876,0.3076923076923077,26,-0.122599735671577,-12.2599735671577,6.557029976011823,1.0914526353841862,4.237179487179487e-10,0.28948139772205794,10286.365432770099,0.028636543277009877
btc_vol_breakout_8m,0,0.05,0.04,0.0,0.5,5,random,0.022815699578860312,2.281569957886031,0.5555555555555556,27,-0.16256110055853568,-16.25611005585357,5.401521705152515,1.0569832987429713,4.660493827160494e-10,0.26191103536976307,10228.156995788602,0.022815699578860312
btc_vol_breakout_2m,0,0.0075,0.3,0.0,0.4,1440,random,0.15921502356986866,15.921502356986867,0.14285714285714285,21,-0.12980869810590778,-12.980869810590779,24.194165035410265,1.843219462981403,6.595238095238095e-10,2.018240062079461,11592.150235698686,0.15921502356986866
btc_vol_breakout_10m,0,0.015,0.1,0.0,0.5,240,random,0.19033316913460158,19.03331691346016,0.2916666666666667,24,-0.10168260817738128,-10.168260817738128,30.271473839811737,1.761785271673138,4.5763888888888887e-10,1.556836250794951,11903.331691346015,0.19033316913460158
btc_hl_breakout_9m,0,0.01,0.03,0.0,0.5,90,random,0.03905607208734664,3.905607208734664,0.34375,64,-0.18431408846538866,-18.431408846538865,7.4969977074150425,1.0669705845246997,1.7265625e-10,0.16578287006510736,10390.560720873465,0.03905607208734664
btc_vol_breakout_3m,0,0.08,0.25,0.0,0.4,30,random,0.11221126156903301,11.221126156903301,0.5,6,-0.14042363346786335,-14.042363346786335,18.5480639963711,1.9266281800751028,2.444444444444444e-09,4.948234209752544,11122.11261569033,0.11221126156903301
btc_bullish,0,0.025,0.15,0.0,0.5,240,random,0.16624378650434318,16.62437865043432,0.3333333333333333,15,-0.14059832213554857,-14.059832213554857,21.978447841111382,1.6779442832589395,9.455555555555555e-10,2.3074217796320995,11662.437865043432,0.16624378650434318
btc_bullish,0,0.025,0.1,0.0,0.15,120,random,0.0652953374054769,6.52953374054769,0.34615384615384615,26,-0.044115710865428315,-4.411571086542832,28.082505889380087,1.6448587534167556,5.256410256410257e-10,1.6756744007014293,10652.953374054769,0.0652953374054769
btc_vol_breakout_8m,0,0.025,0.05,0.0,0.3,720,random,0.07650585448954894,7.650585448954894,0.44,25,-0.061578498360222556,-6.1578498360222556,21.880200277338652,1.4649331684117042,4.6266666666666667e-10,1.0349023789127454,10765.05854489549,0.07650585448954894
btc_small_down_10m,0,0.0175,0.06,0.0,0.5,180,random,0.07071798256355569,7.071798256355569,0.3333333333333333,36,-0.13184027413765886,-13.184027413765886,12.434918481179544,1.1717036422957732,2.9907407407407407e-10,0.45297625136384007,10707.179825635558,0.07071798256355569
btc_small_down_10m,0,0.03,0.3,0.0,0.2,720,random,0.0929563306813779,9.295633068137791,0.3333333333333333,9,-0.05515612419559124,-5.515612419559124,29.172018873640187,2.5443613965581355,1.5648148148148147e-09,5.221751755366908,10929.56330681378,0.0929563306813779
btc_alt_aligned,0,0.025,0.12,0.0,0.4,360,random,0.15193256090227514,15.193256090227514,0.32,25,-0.12582639909151427,-12.582639909151428,24.306104052919185,1.4691039169838542,5.760000000000001e-10,1.5728414639786887,11519.325609022751,0.15193256090227514
btc_small_down_10m,0,0.01,0.12,0.0,0.2,180,random,0.04113145864231524,4.113145864231524,0.1875,32,-0.06729494579116324,-6.729494579116324,14.978522981929508,1.3414346722985144,3.911458333333333e-10,0.6771661009791293,10411.314586423152,0.04113145864231524
btc_vol_breakout_10m,0,0.0075,0.1,0.0,0.5,720,random,0.015332565155771864,1.5332565155771865,0.17142857142857143,35,-0.13631959772657964,-13.631959772657964,4.402551602759874,1.0470554481090668,2.714285714285714e-10,0.14696321516185026,10153.32565155772,0.015332565155771864
btc_hl_breakout_8m,0,0.005,0.03,0.0,0.2,15,random,0.003286822882801039,0.3286822882801039,0.2625,80,-0.10232647291519414,-10.232647291519415,2.0043326846070446,1.0147313682472094,1.2041666666666666e-10,0.03496582630664928,10032.86822882801,0.003286822882801039
btc_hl_breakout_7m,0,0.01,0.15,0.0,0.05,180,random,0.015805397850212448,1.5805397850212448,0.1935483870967742,31,-0.01717337710066069,-1.7173377100660692,20.22752914596698,1.4987225983984744,4.3763440860215055e-10,1.0292373852195125,10158.053978502125,0.015805397850212448
btc_small_down_10m,0,0.04,0.025,0.0,0.05,180,random,0.017597079340187827,1.7597079340187827,0.6842105263157895,38,-0.00853932689908432,-0.8539326899084321,27.959245309539607,1.5304977402157804,2.6798245614035085e-10,0.9249467791434272,10175.970793401879,0.017597079340187827
btc_hl_breakout_9m,0,0.0125,0.2,0.0,0.2,180,random,0.0686108144217181,6.86108144217181,0.23809523809523808,21,-0.06338425407543269,-6.338425407543269,22.034807960243345,1.612958385476564,6.611111111111111e-10,1.6805280668703775,10686.108144217182,0.0686108144217181
btc_small_down_10m,0,0.05,0.025,0.0,0.4,240,random,0.08659808451246026,8.659808451246025,0.6857142857142857,35,-0.08478356800420428,-8.478356800420428,18.218464494304587,1.2861017625241407,2.985714285714286e-10,0.6467081026113455,10865.980845124603,0.08659808451246026
btc_vol_breakout_10m,0,0.0075,0.2,0.0,0.3,15,random,0.054171513936790094,5.41715139367901,0.10714285714285714,28,-0.09825744796262859,-9.825744796262859,15.646815636783437,1.3068217871244148,3.886904761904762e-10,0.72908526766498,10541.715139367901,0.054171513936790094
btc_hl_breakout_8m,0,0.005,0.035,0.0,0.25,60,random,-0.003301403834945404,-0.3301403834945404,0.22666666666666666,75,-0.13343123315734307,-13.343123315734307,0.04201615048246493,0.9881932032033915,1.3755555555555555e-10,0.002280019043661883,9966.985961650546,-0.003301403834945404
btc_hl_breakout_9m,0,0.08,0.08,0.0,0.3,720,random,0.08761876754255991,8.761876754255992,0.5714285714285714,14,-0.10059778237141492,-10.059778237141492,19.563919924234735,1.4989839495007153,1.0273809523809525e-09,2.149713467321388,10876.187675425599,0.08761876754255991
btc_hl_breakout_3m,0,0.1,0.025,0.0,0.1,20,random,0.03508631905910817,3.508631905910817,0.7692307692307693,26,-0.031222661032604626,-3.1222661032604626,23.669490119720844,1.5785435211368342,5.262820512820513e-10,1.350196332504715,10350.863190591082,0.03508631905910817
btc_hl_breakout_6m,0,0.03,0.02,0.0,0.25,30,random,0.007943551577157041,0.7943551577157041,0.5531914893617021,47,-0.0916991786634388,-9.16991786634388,3.4346576217793845,1.0338157074407608,2.49290780141844e-10,0.09206886853920696,10079.43551577157,0.007943551577157041
btc_hl_breakout_8m,0,0.0075,0.15,0.0,0.15,720,random,0.0008629656467985569,0.08629656467985569,0.10810810810810811,37,-0.07623063392563634,-7.623063392563633,1.0450425052292225,1.0072913166980952,3.436936936936937e-10,0.053360378907804054,10008.629656467985,0.0008629656467985569
btc_vol_breakout_8m,0,0.0125,0.04,0.0,0.2,45,random,0.030228522793343062,3.0228522793343062,0.35135135135135137,37,-0.044111106151228374,-4.411110615122837,14.39845001289636,1.2479521225608659,2.7342342342342346e-10,0.4202175970122843,10302.285227933431,0.030228522793343062
btc_bullish,0,0.01,0.025,0.0,0.1,20,random,0.02220936825780807,2.220936825780807,0.3783783783783784,74,-0.027332844189317806,-2.7332844189317806,15.35775846132621,1.2027074738544326,1.6509009009009008e-10,0.3055678563767749,10222.093682578081,0.02220936825780807
btc_small_up_9m,0,0.0175,0.025,0.0,0.2,360,random,0.004574129862208224,0.4574129862208224,0.4222222222222222,45,-0.06250763083466171,-6.250763083466171,2.6041931683038357,1.0285522101022209,2.0925925925925927e-10,0.06797881758551917,10045.741298622082,0.004574129862208224
btc_hl_breakout_10m,0,0.035,0.025,0.0,0.25,30,random,0.07382493004546085,7.3824930045460855,0.6153846153846154,39,-0.06639075799205718,-6.6390757992057186,20.407257229363367,1.3429092086936523,3.2692307692307694e-10,0.7696096385728404,10738.249300454609,0.07382493004546085
btc_hl_breakout_6m,0,0.04,0.03,0.0,0.15,180,random,0.00690403485964514,0.690403485964514,0.5555555555555556,36,-0.049983053626614926,-4.998305362661492,4.002145125964852,1.051140011622501,3.597222222222222e-10,0.14959770637203376,10069.04034859645,0.00690403485964514
btc_bullish,0,0.02,0.15,0.0,0.5,120,random,0.12690380710391247,12.690380710391247,0.2777777777777778,18,-0.15045550337681135,-15.045550337681135,17.594578950974537,1.448707937194218,7.87037037037037e-10,1.5444741614361606,11269.038071039125,0.12690380710391247
btc_hl_breakout_7m,0,0.05,0.03,0.0,0.2,60,random,0.046752989623224675,4.675298962322468,0.6,35,-0.07305585003449155,-7.305585003449155,16.022641437592746,1.2533817494247128,3.804761904761905e-10,0.6919671553903147,10467.529896232247,0.046752989623224675
btc_hl_breakout_8m,0,0.01,0.03,0.0,0.2,45,random,0.0009737911277046123,0.09737911277046123,0.3230769230769231,65,-0.0809617726962254,-8.09617726962254,1.1594467986725006,1.0044766208452374,1.653846153846154e-10,0.02522750887799001,10009.737911277047,0.0009737911277046123
btc_hl_breakout_2m,0,0.035,0.15,0.0,0.4,20,random,0.16419540439996666,16.419540439996666,0.4,15,-0.13130310861911199,-13.130310861911198,26.061375804854116,1.7071927790096302,9.533333333333333e-10,2.789564751740138,11641.954043999667,0.16419540439996666
btc_hl_breakout_4m,0,0.01,0.03,0.0,0.2,360,random,0.03389613439265093,3.3896134392650925,0.38095238095238093,63,-0.046466555918543095,-4.6466555918543095,13.918360081355093,1.173078435228644,1.7566137566137566e-10,0.2806407765251733,10338.961343926509,0.03389613439265093
btc_hl_breakout_10m,0,0.0075,0.045,0.0,0.4,90,random,0.024060428709162168,2.4060428709162167,0.2807017543859649,57,-0.15774655289434714,-15.774655289434714,5.856488386472383,1.0568210163798473,2.0292397660818713e-10,0.14671798892735652,10240.60428709162,0.024060428709162168
btc_small_up_9m,0,0.06,0.12,0.0,0.25,1440,random,0.0750443772493832,7.50443772493832,0.4666666666666667,15,-0.07041675256432678,-7.041675256432677,20.855801591280027,1.4515784475514355,8.5e-10,2.090317603684599,10750.443772493833,0.0750443772493832
btc_vol_breakout_2m,0,0.025,0.025,0.0,0.25,360,random,0.04583674269099442,4.5836742690994425,0.5434782608695652,46,-0.05679841026126131,-5.679841026126131,14.646449982936517,1.2056640511189656,2.760869565217391e-10,0.415776031893623,10458.367426909945,0.04583674269099442
btc_hl_breakout_3m,0,0.01,0.04,0.0,0.5,240,random,0.02907921109511062,2.907921109511062,0.34545454545454546,55,-0.16108811974934956,-16.108811974934955,6.393477923303634,1.0597262311194868,2.1151515151515152e-10,0.1482182414215733,10290.792110951106,0.02907921109511062
btc_alt_aligned,0,0.025,0.02,0.0,0.2,15,random,0.03704470518826511,3.704470518826511,0.5454545454545454,55,-0.0617708438915785,-6.17708438915785,12.820181544097144,1.166757345827044,2.5090909090909093e-10,0.3554406505214088,10370.447051882651,0.03704470518826511
btc_hl_breakout_1m,0,0.05,0.05,0.0,0.05,1440,random,0.009792003060880114,0.9792003060880115,0.5555555555555556,27,-0.01857008942716032,-1.857008942716032,14.057763479217094,1.2424369787406098,5.129629629629629e-10,0.7351106427962949,10097.9200306088,0.009792003060880114
btc_hl_breakout_5m,0,0.0125,0.1,0.0,0.2,60,random,0.045552667162462035,4.555266716246203,0.2903225806451613,31,-0.06941697729108764,-6.941697729108764,16.596160387295818,1.3073801760082917,4.408602150537635e-10,0.7645399290528738,10455.52667162462,0.045552667162462035
btc_hl_breakout_3m,0,0.025,0.3,0.0,0.1,15,random,0.04463991020737505,4.463991020737505,0.2727272727272727,11,-0.03580249209948294,-3.580249209948294,26.206986259094204,2.1968155525267212,1.2772727272727272e-09,4.0993619839038296,10446.39910207375,0.04463991020737505
btc_small_up_9m,0,0.04,0.015,0.0,0.25,15,random,0.06210482736439239,6.210482736439239,0.6842105263157895,38,-0.048971917931183606,-4.897191793118361,20.278039860921716,1.3862285780203165,2.846491228070175e-10,0.662187137957894,10621.048273643924,0.06210482736439239
btc_vol_breakout_3m,0,0.1,0.06,0.0,0.15,45,random,0.03102088174915575,3.102088174915575,0.6363636363636364,11,-0.049261882642319454,-4.9261882642319454,14.442288815402229,1.4761395462552633,1.253030303030303e-09,1.9285811377644588,10310.208817491557,0.03102088174915575
btc_vol_breakout_9m,0,0.1,0.04,0.0,0.3,480,random,0.04268368166285081,4.268368166285081,0.7,20,-0.09685068505974892,-9.685068505974892,11.97824657115137,1.2306889854118708,6.583333333333333e-10,0.7780254626543149,10426.836816628507,0.04268368166285081
btc_hl_breakout_2m,0,0.035,0.15,0.0,0.2,5,random,0.08300371029983798,8.300371029983799,0.4,15,-0.0675314480880409,-6.75314480880409,26.1885291051547,1.7816599734408067,9.533333333333333e-10,2.7895647517401465,10830.03710299838,0.08300371029983798
btc_hl_breakout_4m,0,0.0175,0.3,0.0,0.2,480,random,0.06979348993126941,6.979348993126941,0.23076923076923078,13,-0.05944388760399599,-5.944388760399599,23.492950959273415,1.8846939513685907,1.0987179487179487e-09,2.76315577657225,10697.934899312695,0.06979348993126941
btc_hl_breakout_6m,0,0.035,0.045,0.0,0.4,120,random,0.004288649204289777,0.4288649204289777,0.45161290322580644,31,-0.15846869332702485,-15.846869332702484,2.3890637573032003,1.0120895341505725,4.2258064516129033e-10,0.10873251521449577,10042.886492042897,0.004288649204289777
btc_vol_breakout_9m,0,0.0175,0.05,0.0,0.15,30,random,-0.0012915429039206628,-0.12915429039206627,0.3448275862068966,29,-0.042970687644723005,-4.2970687644723,-0.18845811539498863,0.9868233983986788,3.735632183908046e-10,-0.009584106530810628,9987.084570960793,-0.0012915429039206628
btc_hl_breakout_5m,0,0.1,0.12,0.0,0.25,15,random,0.10120712715666118,10.120712715666118,0.5,12,-0.09059371614342793,-9.059371614342792,26.010797232874513,1.6468088850065659,1.2180555555555556e-09,3.4522469100403144,11012.071271566612,0.10120712715666118
btc_hl_breakout_2m,0,0.01,0.015,0.0,0.15,360,random,0.011120140802487867,1.1120140802487866,0.45,80,-0.0541280287937862,-5.41280287937862,6.420060531385462,1.0702773848536744,1.1625e-10,0.10122349774303843,10111.20140802488,0.011120140802487867
btc_alt_aligned,0,0.08,0.05,0.0,0.05,120,random,0.015882676313536168,1.5882676313536168,0.65,20,-0.01788517780904375,-1.788517780904375,20.658545182854883,1.5373182833616958,7.241666666666667e-10,1.5935431940020388,10158.826763135361,0.015882676313536168
btc_hl_breakout_4m,0,0.04,0.03,0.0,0.2,480,random,0.052182519598937736,5.218251959893774,0.6097560975609756,41,-0.05315618249466636,-5.315618249466636,19.34334953518737,1.286888456216481,3.2398373983739833e-10,0.6483703114301076,10521.825195989377,0.052182519598937736
btc_hl_breakout_7m,0,0.0075,0.035,0.0,0.2,90,random,0.015918698298075195,1.5918698298075196,0.2878787878787879,66,-0.09233120801344441,-9.233120801344441,6.339943651940955,1.0710896843570403,1.828282828282828e-10,0.13908399494698775,10159.186982980751,0.015918698298075195
btc_hl_breakout_5m,0,0.1,0.02,0.0,0.5,30,random,0.14166043011306956,14.166043011306956,0.7857142857142857,28,-0.16719552095654955,-16.719552095654954,19.98463193204641,1.3865118294501648,4.5119047619047624e-10,1.0514246210524425,11416.604301130696,0.14166043011306956
btc_hl_breakout_10m,0,0.005,0.06,0.0,0.05,720,random,0.0025507385640235612,0.25507385640235614,0.18333333333333332,60,-0.023597268705424446,-2.3597268705424446,3.749360545738604,1.0535341266797273,1.8666666666666664e-10,0.09088548166676318,10025.507385640236,0.0025507385640235612
btc_vol_breakout_2m,0,0.08,0.3,0.0,0.4,480,random,0.14847717370054905,14.847717370054905,0.42857142857142855,7,-0.1335576482394173,-13.35576482394173,22.78783143291959,1.8057979361824468,2.092857142857143e-09,5.724482940711633,11484.77173700549,0.14847717370054905
btc_vol_breakout_8m,0,0.01,0.05,0.0,0.3,30,random,0.01410577511582378,1.410577511582378,0.2564102564102564,39,-0.058442230841942,-5.8442230841942,5.377186043663503,1.0757361031179127,2.538461538461538e-10,0.14415457648690527,10141.057751158238,0.01410577511582378
btc_vol_breakout_8m,0,0.01,0.05,0.0,0.15,120,random,0.007739788283282269,0.773978828328227,0.2564102564102564,39,-0.029623207384410488,-2.962320738441049,5.365759089881565,1.0848227393720216,2.538461538461538e-10,0.144154576486907,10077.397882832822,0.007739788283282269
btc_hl_breakout_5m,0,0.03,0.08,0.0,0.25,15,random,0.020338143324255178,2.033814332425518,0.37037037037037035,27,-0.11662289827306771,-11.662289827306772,6.4506475117725826,1.0948101174174878,4.950617283950617e-10,0.36284273985068577,10203.381433242552,0.020338143324255178
btc_vol_breakout_10m,0,0.08,0.015,0.0,0.3,720,random,-0.023536865321159485,-2.3536865321159484,0.7419354838709677,31,-0.08847632378634684,-8.847632378634685,-5.54400774892086,0.8904969615323113,3.413978494623656e-10,-0.20860012013408707,9764.631346788405,-0.023536865321159485
btc_hl_breakout_7m,0,0.08,0.25,0.0,0.4,15,random,0.1435071572492865,14.35071572492865,0.4444444444444444,9,-0.1324116222788897,-13.24116222788897,22.605815766506492,1.6019224249493937,1.625925925925926e-09,4.37067827312512,11435.071572492865,0.1435071572492865
btc_hl_breakout_10m,0,0.04,0.045,0.0,0.1,90,random,0.020690562254452424,2.0690562254452423,0.5,32,-0.035675174019255684,-3.5675174019255684,13.87750119263379,1.2285205185878516,4.1510416666666666e-10,0.6639437503042838,10206.905622544524,0.020690562254452424
btc_hl_breakout_6m,0,0.035,0.15,0.0,0.1,60,random,0.020600152271761124,2.0600152271761125,0.3333333333333333,15,-0.04240485676637529,-4.240485676637529,13.41637146232371,1.3695446599262961,9.422222222222222e-10,1.4195898061713361,10206.001522717612,0.020600152271761124
btc_hl_breakout_5m,0,0.03,0.06,0.0,0.4,180,random,0.011067310415824386,1.1067310415824385,0.3870967741935484,31,-0.16535419370984128,-16.53541937098413,3.6158892254578925,1.0291326265139382,4.516129032258065e-10,0.17719600974820782,10110.673104158244,0.011067310415824386
btc_small_up_10m,0,0.005,0.12,0.0,0.4,20,random,0.07844773924175151,7.844773924175151,0.16216216216216217,37,-0.12301537372749372,-12.301537372749372,14.708376741657284,1.3000685075116114,2.6756756756756753e-10,0.5933097961327538,10784.477392417515,0.07844773924175151
btc_vol_breakout_3m,0,0.025,0.01,0.0,0.4,20,random,0.07384758153779508,7.384758153779508,0.6779661016949152,59,-0.09982758453314122,-9.982758453314123,15.457863933742976,1.2114052096189603,1.6751412429378532e-10,0.3323315794573923,10738.475815377951,0.07384758153779508
btc_vol_breakout_8m,0,0.035,0.15,0.0,0.5,15,random,0.05144327564251398,5.144327564251398,0.36363636363636365,11,-0.1519826609134447,-15.19826609134447,9.500085216344296,1.2290189299275662,1.2348484848484848e-09,1.2046310936046098,10514.43275642514,0.05144327564251398
btc_vol_breakout_8m,0,0.06,0.03,0.0,0.15,60,random,0.03752998181725329,3.752998181725329,0.68,25,-0.029366256340029206,-2.9366256340029206,21.94444020628657,1.471028276690326,4.5266666666666665e-10,1.0062127352461523,10375.299818172532,0.03752998181725329
btc_small_up_9m,0,0.01,0.02,0.0,0.5,480,random,0.09291758792090223,9.291758792090222,0.42592592592592593,54,-0.08791320077469345,-8.791320077469344,18.79929445487556,1.254146496010657,1.462962962962963e-10,0.35822713266491313,10929.175879209022,0.09291758792090223
btc_hl_breakout_10m,0,0.0175,0.1,0.0,0.2,90,random,0.040966486992797084,4.096648699279708,0.2727272727272727,33,-0.07218769054061569,-7.218769054061569,14.10772665189564,1.2515841063751307,3.9696969696969696e-10,0.6549128903250728,10409.66486992797,0.040966486992797084
btc_alt_aligned,0,0.025,0.035,0.0,0.15,15,random,0.027139150379948955,2.7139150379948953,0.45098039215686275,51,-0.05309473547892585,-5.309473547892585,12.248353237352102,1.155943210446448,2.725490196078431e-10,0.3716420914787224,10271.39150379949,0.027139150379948955
btc_hl_breakout_5m,0,0.0175,0.05,0.0,0.25,5,random,-0.02517871435961797,-2.517871435961797,0.30952380952380953,42,-0.10037457811539219,-10.03745781153922,-6.853698845836012,0.9008768402332291,3.0912698412698413e-10,-0.2075035289290895,9748.212856403821,-0.02517871435961797
btc_hl_breakout_9m,0,0.1,0.2,0.0,0.4,90,random,0.15839613179068807,15.839613179068806,0.5555555555555556,9,-0.14198949383128323,-14.198949383128323,25.29040934809043,1.7274095587488147,1.6296296296296296e-09,4.593071820496238,11583.96131790688,0.15839613179068807
btc_hl_breakout_5m,0,0.025,0.12,0.0,0.25,30,random,0.062354439073173396,6.2354439073173396,0.30434782608695654,23,-0.08312628072084172,-8.312628072084172,17.948664289001602,1.3507249395787164,6.130434782608695e-10,1.1496690960990283,10623.544390731735,0.062354439073173396
btc_hl_breakout_7m,0,0.03,0.045,0.0,0.1,90,random,0.008961129627190553,0.8961129627190553,0.42105263157894735,38,-0.05092568964122968,-5.092568964122968,6.4889345685571405,1.0931115679640602,3.407894736842105e-10,0.25197706707263473,10089.611296271905,0.008961129627190553
btc_bullish,0,0.08,0.05,0.0,0.1,180,random,0.028115175734726584,2.8115175734726585,0.631578947368421,19,-0.0345238000692808,-3.4523800069280797,18.628768631503505,1.487687185066049,7.526315789473683e-10,1.4929082108330245,10281.151757347267,0.028115175734726584
btc_small_up_9m,0,0.0175,0.3,0.0,0.5,360,random,0.13747330061089968,13.747330061089968,0.2857142857142857,7,-0.1545807415984919,-15.45807415984919,18.542305715974308,3.0457559252632875,1.992857142857143e-09,4.022302705619011,11374.733006108996,0.13747330061089968
btc_small_up_9m,0,0.1,0.045,0.0,0.2,45,random,0.07354732828606743,7.354732828606743,0.7222222222222222,18,-0.045081809094455916,-4.508180909445592,24.901618331679774,1.7043638963367322,7.148148148148147e-10,2.0401543005669103,10735.473282860674,0.07354732828606743
btc_vol_breakout_3m,0,0.05,0.01,0.0,0.3,360,random,0.0441509722252646,4.415097222526461,0.7551020408163265,49,-0.07982746554085685,-7.982746554085685,12.199731717542816,1.1782647256023673,2.2653061224489797e-10,0.3248253054136491,10441.509722252646,0.0441509722252646
btc_hl_breakout_3m,0,0.035,0.08,0.0,0.4,15,random,0.08003923462775214,8.003923462775214,0.45454545454545453,22,-0.1314191068891456,-13.14191068891456,15.378087415153255,1.2675990152511099,6.196969696969697e-10,0.9948825419737141,10800.392346277522,0.08003923462775214
btc_hl_breakout_6m,0,0.08,0.05,0.0,0.05,120,random,0.012594860253880711,1.259486025388071,0.625,16,-0.0173151409718868,-1.73151409718868,16.849130988258185,1.502188093782169,8.854166666666666e-10,1.5839886435509247,10125.948602538807,0.012594860253880711
btc_bullish,0,0.02,0.025,0.0,0.25,5,random,0.04992929908140163,4.992929908140163,0.4909090909090909,55,-0.0684137805149414,-6.84137805149414,14.092321339474855,1.1812625284413083,2.360606060606061e-10,0.38413025073553125,10499.292990814016,0.04992929908140163
btc_vol_breakout_9m,0,0.02,0.1,0.0,0.2,240,random,0.07238476118796357,7.238476118796357,0.3181818181818182,22,-0.041630676365496,-4.1630676365496,28.90841423676842,1.7740860248244064,5.363636363636364e-10,1.6373559729235962,10723.847611879635,0.07238476118796357
btc_hl_breakout_5m,0,0.06,0.025,0.0,0.4,720,random,0.12415415714148549,12.41541571414855,0.6875,32,-0.12144290885104225,-12.144290885104226,21.34085671514953,1.3848681344034668,4.1510416666666666e-10,0.9860591475181945,11241.541571414855,0.12415415714148549
btc_vol_breakout_2m,0,0.0125,0.05,0.0,0.1,1440,random,0.014107211038223613,1.4107211038223613,0.32608695652173914,46,-0.02991597865750706,-2.991597865750706,11.002797319634544,1.161582269211651,2.6702898550724637e-10,0.31755166493139914,10141.072110382236,0.014107211038223613
btc_hl_breakout_7m,0,0.005,0.03,0.0,0.15,1440,random,0.003908616721566409,0.3908616721566409,0.26506024096385544,83,-0.0774389569904761,-7.743895699047609,2.4829259249623163,1.022851618794922,1.2570281124497992e-10,0.042070365137877506,10039.086167215664,0.003908616721566409
btc_vol_breakout_8m,0,0.015,0.25,0.0,0.3,5,random,0.13857097927793743,13.857097927793744,0.17647058823529413,17,-0.062264627921729376,-6.226462792172938,33.983051636280834,2.1864123634399046,7.470588235294117e-10,2.7380006295177384,11385.709792779375,0.13857097927793743
btc_hl_breakout_5m,0,0.015,0.15,0.0,0.2,180,random,0.07100252071370426,7.100252071370426,0.24,25,-0.06543449222327313,-6.543449222327313,23.112973323598,1.553167918534799,5.62e-10,1.455195703030875,10710.025207137043,0.07100252071370426
btc_small_down_10m,0,0.03,0.15,0.0,0.3,480,random,0.04258995185469748,4.258995185469748,0.3333333333333333,12,-0.08762519952133851,-8.762519952133852,11.954298836557108,1.371853660600918,1.1388888888888888e-09,1.2849046153853931,10425.899518546976,0.04258995185469748
btc_vol_breakout_8m,0,0.025,0.03,0.0,0.15,480,random,0.04468456253706561,4.468456253706561,0.5454545454545454,33,-0.025466964712833495,-2.5466964712833495,26.339500462213014,1.498807826073303,3.1515151515151516e-10,0.9012524175764798,10446.845625370655,0.04468456253706561
btc_hl_breakout_5m,0,0.01,0.02,0.0,0.2,10,random,-0.011665681211014908,-1.1665681211014907,0.3815789473684211,76,-0.08156804468490231,-8.15680446849023,-3.8363815206642373,0.9492321609185878,1.350877192982456e-10,-0.06419899003018756,9883.343187889852,-0.011665681211014908
btc_hl_breakout_7m,0,0.035,0.12,0.0,0.1,20,random,0.02796249068425003,2.796249068425003,0.34782608695652173,23,-0.04164599286083681,-4.164599286083681,17.895248705987918,1.3461168398491574,6.115942028985507e-10,1.2464939793218905,10279.6249068425,0.02796249068425003
btc_vol_breakout_10m,0,0.035,0.25,0.0,0.25,60,random,0.07596611669416811,7.596611669416811,0.3333333333333333,12,-0.07843926805552137,-7.843926805552137,21.57690570143792,1.5903662739344284,1.0791666666666666e-09,2.683283189142852,10759.661166941682,0.07596611669416811
btc_hl_breakout_8m,0,0.08,0.12,0.0,0.15,360,random,0.052242963461819454,5.224296346181945,0.5,10,-0.0479169690077581,-4.79169690077581,22.880878764480613,1.771149398971104,1.455e-09,3.524221961304315,10522.429634618195,0.052242963461819454
btc_vol_breakout_3m,0,0.025,0.06,0.0,0.5,60,random,0.05656383922387822,5.656383922387822,0.35714285714285715,28,-0.17518328269202843,-17.518328269202843,10.095518785133683,1.1385334953983504,4.392857142857143e-10,0.5075628846513729,10565.638392238783,0.05656383922387822
btc_hl_breakout_10m,0,0.005,0.05,0.0,0.3,10,random,0.017263358604182166,1.7263358604182166,0.20967741935483872,62,-0.12872453063232547,-12.872453063232548,5.315764724465224,1.0584154012451878,1.7580645161290323e-10,0.12332181072428143,10172.633586041822,0.017263358604182166
btc_vol_breakout_2m,0,0.03,0.3,0.0,0.4,30,random,0.140400097750274,14.040009775027402,0.2727272727272727,11,-0.13849540789420955,-13.849540789420956,21.69802821537218,1.7319530750572334,1.3075757575757575e-09,3.459797165045348,11404.00097750274,0.140400097750274
btc_hl_breakout_6m,0,0.06,0.25,0.0,0.05,1440,random,0.013500577219813943,1.3500577219813943,0.42857142857142855,7,-0.02022931332791089,-2.022931332791089,16.793808263268755,1.9092370147479598,2.088095238095238e-09,3.892407439630844,10135.00577219814,0.013500577219813943
btc_hl_breakout_7m,0,0.01,0.3,0.0,0.05,120,random,0.02105794833042998,2.1057948330429976,0.15789473684210525,19,-0.01717337710065847,-1.7173377100658471,24.85638494444659,2.0266778259551286,7.280701754385965e-10,2.234203807725847,10210.5794833043,0.02105794833042998
btc_hl_breakout_3m,0,0.08,0.2,0.0,0.3,5,random,0.06987331845326039,6.98733184532604,0.5,8,-0.10705862692359314,-10.705862692359315,15.78057933613521,1.562401830625449,1.8291666666666667e-09,3.1010123908305647,10698.733184532604,0.06987331845326039
btc_small_down_10m,0,0.005,0.2,0.0,0.05,15,random,0.011067119285118327,1.1067119285118328,0.12903225806451613,31,-0.015324590132629656,-1.5324590132629656,15.741658810918917,1.4891961745936666,4.344086021505377e-10,0.7236104833520834,10110.671192851183,0.011067119285118327
btc_hl_breakout_2m,0,0.04,0.3,0.0,0.4,360,random,0.18526227720239152,18.526227720239152,0.375,8,-0.12243080967102482,-12.243080967102483,27.62330394108858,2.177238623023472,1.8208333333333333e-09,5.976670143948296,11852.622772023915,0.18526227720239152
btc_bullish,0,0.01,0.3,0.0,0.25,15,random,0.08059374368374442,8.059374368374442,0.4,5,-0.08451358991832014,-8.451358991832015,19.687386787615285,4.823281823688731,2.9233333333333334e-09,6.45787828378013,10805.937436837445,0.08059374368374442
btc_hl_breakout_6m,0,0.04,0.035,0.0,0.3,720,random,0.01515247658713638,1.5152476587136379,0.5294117647058824,34,-0.10351844056910875,-10.351844056910874,4.917500673746146,1.0558180344449364,3.8333333333333335e-10,0.19347771303807382,10151.524765871363,0.01515247658713638
btc_hl_breakout_5m,0,0.04,0.02,0.0,0.5,720,random,0.07144741364553583,7.1447413645535836,0.6363636363636364,44,-0.12744623375598363,-12.744623375598362,12.272754419290434,1.1452306151094762,2.7234848484848483e-10,0.372994869331106,10714.47413645536,0.07144741364553583
btc_small_up_10m,0,0.015,0.025,0.0,0.3,15,random,0.05256120811689443,5.256120811689443,0.41509433962264153,53,-0.10109636942852451,-10.10963694285245,13.507418950400098,1.1837774479114895,1.729559748427673e-10,0.3532227658367594,10525.612081168943,0.05256120811689443
btc_hl_breakout_1m,0,0.01,0.2,0.0,0.2,20,random,0.02741289502087452,2.741289502087452,0.16666666666666666,24,-0.07607992373081518,-7.607992373081518,10.671857814671048,1.2543790643218162,5.583333333333334e-10,0.6310463843096199,10274.128950208746,0.02741289502087452
btc_vol_breakout_2m,0,0.0175,0.06,0.0,0.15,20,random,0.004406540680749208,0.44065406807492086,0.3,40,-0.0511061759100877,-5.11061759100877,2.7716005821958354,1.0322397774897383,3.095833333333333e-10,0.09679782932083096,10044.065406807493,0.004406540680749208
btc_vol_breakout_8m,0,0.05,0.03,0.0,0.1,45,random,0.024242519206763267,2.4242519206763267,0.6206896551724138,29,-0.024401319186753145,-2.4401319186753145,21.007685192454016,1.3805726440479191,4.03448275862069e-10,0.8420052459295527,10242.425192067632,0.024242519206763267
btc_hl_breakout_9m,0,0.025,0.025,0.0,0.05,240,random,0.01674963187959032,1.674963187959032,0.5319148936170213,47,-0.013095006100197204,-1.3095006100197204,22.68856562103505,1.3787631913391512,2.698581560283688e-10,0.7142311322166717,10167.496318795904,0.01674963187959032
btc_vol_breakout_10m,0,0.02,0.035,0.0,0.15,5,random,0.009595095971247974,0.9595095971247974,0.4411764705882353,34,-0.04393622496574012,-4.393622496574013,5.799739666802841,1.0886338315801847,2.88235294117647e-10,0.2057283825775303,10095.95095971248,0.009595095971247974
btc_hl_breakout_6m,0,0.1,0.025,0.0,0.2,10,random,0.040230194835453606,4.023019483545361,0.75,24,-0.06937080039050858,-6.9370800390508585,14.267247795659205,1.314998267093909,5.645833333333333e-10,0.8699564745107364,10402.301948354536,0.040230194835453606
btc_bullish,0,0.06,0.01,0.0,0.25,10,random,0.06629247219276117,6.629247219276118,0.7884615384615384,52,-0.08629756870244809,-8.629756870244808,18.37857994084382,1.3055496498523755,2.5192307692307694e-10,0.5227602604752347,10662.924721927611,0.06629247219276117
btc_bullish,0,0.03,0.01,0.0,0.4,480,random,0.10713372722455689,10.713372722455688,0.676056338028169,71,-0.10205039633770607,-10.205039633770607,18.95080277145136,1.2446951253138663,1.76056338028169e-10,0.3935282939813366,11071.337272245568,0.10713372722455689
btc_vol_breakout_8m,0,0.035,0.01,0.0,0.5,720,random,0.07946718218825936,7.946718218825937,0.7391304347826086,46,-0.11438801136865373,-11.438801136865372,15.988072197543834,1.2543294120284751,2.0326086956521738e-10,0.36491940350001434,10794.671821882594,0.07946718218825936
btc_small_down_10m,0,0.05,0.025,0.0,0.3,120,random,0.0657485509995955,6.57485509995955,0.6857142857142857,35,-0.06387275383203317,-6.387275383203317,18.23405343374411,1.2961639426521225,2.985714285714286e-10,0.6467081026113456,10657.485509995955,0.0657485509995955
btc_hl_breakout_9m,0,0.0075,0.3,0.0,0.15,45,random,0.06564525433591747,6.564525433591747,0.1875,16,-0.05312520812105104,-5.312520812105104,26.016388073608894,2.447551021504827,8.90625e-10,2.747984319416309,10656.452543359175,0.06564525433591747
btc_hl_breakout_4m,0,0.1,0.25,0.0,0.1,1440,random,0.037953264529773295,3.7953264529773296,0.6,5,-0.03524481231319776,-3.524481231319776,23.057863081223594,2.5540928813377315,2.9633333333333336e-09,7.6676599551606035,10379.532645297733,0.037953264529773295
btc_vol_breakout_8m,0,0.04,0.06,0.0,0.2,60,random,-0.00016514393901406946,-0.016514393901406948,0.38095238095238093,21,-0.06315133820016927,-6.315133820016927,0.703957700989323,0.9987986738910997,5.833333333333333e-10,0.048460531284136396,9998.348560609858,-0.00016514393901406946
btc_hl_breakout_7m,0,0.0075,0.03,0.0,0.15,10,random,0.009737079779402984,0.9737079779402984,0.30985915492957744,71,-0.07539108120266014,-7.539108120266014,5.165813745961874,1.0574845766049425,1.6384976525821598e-10,0.10400443955443739,10097.37079779403,0.009737079779402984
btc_hl_breakout_3m,0,0.025,0.04,0.0,0.3,45,random,0.09866627618568564,9.866627618568565,0.5263157894736842,38,-0.08281140894277184,-8.281140894277183,24.432083096140527,1.396138540661568,3.4605263157894737e-10,0.8675010315045248,10986.662761856856,0.09866627618568564
btc_hl_breakout_8m,0,0.025,0.035,0.0,0.2,720,random,0.059597655370686765,5.959765537068677,0.4878048780487805,41,-0.05484317792071747,-5.484317792071747,20.49743198061746,1.3315419189033662,3.1178861788617884e-10,0.7367122703759864,10595.976553706867,0.059597655370686765
btc_hl_breakout_10m,0,0.035,0.05,0.0,0.1,10,random,0.020924063925689552,2.092406392568955,0.46875,32,-0.03741140805327403,-3.741140805327403,14.026723341576375,1.23421350624745,4.119791666666667e-10,0.6707738402833094,10209.240639256896,0.020924063925689552
btc_hl_breakout_5m,0,0.1,0.04,0.0,0.25,90,random,0.06532225088835389,6.532225088835389,0.7142857142857143,21,-0.09598681353279326,-9.598681353279325,17.703299888534485,1.3900189367036142,6.666666666666666e-10,1.2867218915129552,10653.222508883538,0.06532225088835389
btc_hl_breakout_5m,0,0.0075,0.03,0.0,0.1,360,random,-0.007341918908405444,-0.7341918908405444,0.3142857142857143,70,-0.05027961211593879,-5.027961211593879,-5.436174331675455,0.9335384513891318,1.6595238095238095e-10,-0.09824633569381774,9926.580810915946,-0.007341918908405444
btc_hl_breakout_2m,0,0.0125,0.3,0.0,0.2,120,random,0.06768002481069092,6.768002481069092,0.2,15,-0.06298360825202454,-6.298360825202454,22.501828882565803,1.8383782286330574,9.5e-10,2.3288324984065367,10676.800248106909,0.06768002481069092
btc_vol_breakout_10m,0,0.04,0.1,0.0,0.25,1440,random,0.06135631771840963,6.135631771840963,0.4117647058823529,17,-0.07843926805552026,-7.843926805552027,18.708632418461217,1.4294448757170473,6.901960784313726e-10,1.4943633883739682,10613.563177184096,0.06135631771840963
btc_vol_breakout_2m,0,0.1,0.015,0.0,0.5,120,random,0.12351849825434992,12.351849825434993,0.8235294117647058,34,-0.15225217110202005,-15.225217110202005,18.106757516975193,1.350180835329235,3.7598039215686275e-10,0.7637705222105109,11235.184982543498,0.12351849825434992
btc_hl_breakout_7m,0,0.015,0.1,0.0,0.3,360,random,0.06764788141258618,6.764788141258618,0.2727272727272727,33,-0.1105465106528074,-11.05465106528074,15.841082569708963,1.2742226800102308,4.141414141414141e-10,0.7300253230367095,10676.478814125861,0.06764788141258618
btc_vol_breakout_9m,0,0.05,0.06,0.0,0.25,60,random,0.004735022970896534,0.4735022970896534,0.42105263157894735,19,-0.0852745437142598,-8.52745437142598,2.406226370132694,1.0278837295014531,6.43859649122807e-10,0.1762018363049958,10047.350229708965,0.004735022970896534
btc_hl_breakout_2m,0,0.06,0.06,0.0,0.25,360,random,0.08195656521368014,8.195656521368013,0.5882352941176471,17,-0.08852577902840819,-8.85257790284082,21.73965092057073,1.5884259096753348,8.088235294117647e-10,1.9440079076174344,10819.565652136802,0.08195656521368014
btc_hl_breakout_10m,0,0.025,0.015,0.0,0.3,5,random,0.06999338011124032,6.999338011124031,0.5925925925925926,54,-0.08583116498688137,-8.583116498688137,16.870951243601546,1.238576421357069,2.117283950617284e-10,0.45055345414885173,10699.933801112404,0.06999338011124032
btc_hl_breakout_8m,0,0.02,0.045,0.0,0.25,240,random,0.023057925697136532,2.3057925697136534,0.38095238095238093,42,-0.08714768117860228,-8.714768117860228,7.15449164575023,1.0952612757650753,3.055555555555555e-10,0.25307376762722983,10230.579256971365,0.023057925697136532
btc_vol_breakout_2m,0,0.0175,0.12,0.0,0.3,10,random,0.09611608604897001,9.611608604897,0.2692307692307692,26,-0.10223552821582216,-10.223552821582215,22.86294127656313,1.4848118022569627,5.076923076923076e-10,1.2782356517367226,10961.160860489701,0.09611608604897001
btc_hl_breakout_4m,0,0.08,0.25,0.0,0.4,10,random,0.14575481580499208,14.575481580499208,0.4444444444444444,9,-0.1309348244388001,-13.093482443880012,22.792470907566894,1.6192028993304914,1.6203703703703704e-09,4.417811895359341,11457.548158049922,0.14575481580499208
btc_vol_breakout_10m,0,0.04,0.2,0.0,0.5,10,random,0.13580764874631113,13.580764874631113,0.36363636363636365,11,-0.15198266091344526,-15.198266091344525,20.37125966559109,1.5433654900452476,1.1666666666666666e-09,2.767652886844133,11358.076487463111,0.13580764874631113
btc_hl_breakout_8m,0,0.0125,0.02,0.0,0.1,15,random,0.011834470635662751,1.183447063566275,0.43283582089552236,67,-0.035155632732578046,-3.5155632732578046,8.734087650329478,1.1117432733118588,1.5920398009950246e-10,0.1842899572648454,10118.344706356627,0.011834470635662751
btc_vol_breakout_2m,0,0.0125,0.05,0.0,0.05,15,random,0.007175723302037744,0.7175723302037744,0.32608695652173914,46,-0.0150429430500989,-1.50429430500989,11.023251222077016,1.1661091186802113,2.6702898550724637e-10,0.31755166493139936,10071.757233020377,0.007175723302037744
btc_hl_breakout_4m,0,0.005,0.01,0.0,0.4,90,random,-0.11448761809452317,-11.448761809452316,0.40404040404040403,99,-0.1915742511698434,-19.15742511698434,-28.611272216339156,0.7237595272711893,7.979797979797981e-11,-0.29490095480230133,8855.123819054768,-0.11448761809452317
btc_vol_breakout_3m,0,0.01,0.03,0.0,0.3,15,random,0.005189447600225776,0.5189447600225776,0.34545454545454546,55,-0.08540831375602731,-8.540831375602732,2.4895200216880493,1.0183997528116824,1.7242424242424242e-10,0.05663459788754629,10051.894476002257,0.005189447600225776
btc_vol_breakout_2m,0,0.025,0.08,0.0,0.4,120,random,0.09346934747589598,9.346934747589598,0.38461538461538464,26,-0.13210904106874677,-13.210904106874677,17.518780087446167,1.3163421337485768,5.217948717948718e-10,0.9540302303805105,10934.69347475896,0.09346934747589598
btc_hl_breakout_7m,0,0.05,0.08,0.0,0.2,45,random,0.04166091353025699,4.166091353025699,0.42857142857142855,21,-0.07846770222629007,-7.846770222629007,14.101202646870064,1.265655810765837,6.515873015873016e-10,1.04884592008774,10416.60913530257,0.04166091353025699
btc_vol_breakout_2m,0,0.0175,0.2,0.0,0.1,120,random,0.017666531924340076,1.7666531924340076,0.23529411764705882,17,-0.0350887674624385,-3.5088767462438497,12.829130247233325,1.3731884988000471,8.068627450980393e-10,1.079344829048976,10176.6653192434,0.017666531924340076
btc_small_down_10m,0,0.06,0.045,0.0,0.15,240,random,0.016241316860472466,1.6241316860472466,0.5555555555555556,18,-0.053428901024788256,-5.342890102478826,7.880803777033443,1.188741503235483,6.888888888888889e-10,0.6405897117103136,10162.413168604724,0.016241316860472466
btc_small_up_9m,0,0.025,0.2,0.0,0.25,1440,random,0.015037599547631226,1.5037599547631226,0.23529411764705882,17,-0.07476278551488946,-7.476278551488946,5.555428122128984,1.1006495266196108,7.460784313725491e-10,0.4724811849509844,10150.375995476312,0.015037599547631226
btc_hl_breakout_10m,0,0.03,0.015,0.0,0.05,15,random,0.010403295227369245,1.0403295227369245,0.6037735849056604,53,-0.01594293859442275,-1.594293859442275,14.476499294065409,1.2255636214022112,2.270440251572327e-10,0.3965983032839752,10104.032952273692,0.010403295227369245
btc_hl_breakout_5m,0,0.0125,0.2,0.0,0.5,45,random,0.1835827066704981,18.358270667049812,0.25,20,-0.14572340975131637,-14.572340975131636,23.909546097181934,1.5920483311532072,7.125e-10,1.9383897719216048,11835.82706670498,0.1835827066704981
btc_hl_breakout_3m,0,0.035,0.01,0.0,0.15,10,random,0.03915551665195394,3.9155516651953937,0.7321428571428571,56,-0.03445511465112061,-3.445511465112061,20.20256172009266,1.3280484462943984,1.9970238095238096e-10,0.47020272256891316,10391.55516651954,0.03915551665195394
btc_hl_breakout_7m,0,0.05,0.06,0.0,0.2,240,random,0.04550355403583483,4.550355403583483,0.4583333333333333,24,-0.07846770222629063,-7.846770222629063,15.27849371407849,1.272354908664613,5.666666666666667e-10,0.9959954533366085,10455.035540358349,0.04550355403583483
btc_vol_breakout_8m,0,0.0075,0.08,0.0,0.05,720,random,0.0009743668284752801,0.097436682847528,0.18421052631578946,38,-0.014228881392470139,-1.4228881392470139,1.8842781971071003,1.0299406877482293,2.640350877192983e-10,0.05677658466931531,10009.743668284753,0.0009743668284752801
btc_small_up_9m,0,0.005,0.04,0.0,0.5,30,random,0.1142279345539674,11.42279345539674,0.32,50,-0.10030416028492928,-10.030416028492928,20.02513260592666,1.3055969395007356,1.6633333333333333e-10,0.47335478100719336,11142.279345539675,0.1142279345539674
btc_hl_breakout_10m,0,0.035,0.12,0.0,0.15,20,random,0.04384745121478452,4.384745121478452,0.3684210526315789,19,-0.05672505972493669,-5.672505972493669,18.951070866585063,1.4343622613838214,7.368421052631579e-10,1.5817703197409023,10438.474512147845,0.04384745121478452
btc_alt_aligned,0,0.05,0.02,0.0,0.15,120,random,0.03285642853134125,3.285642853134125,0.6739130434782609,46,-0.05400988906066162,-5.400988906066162,14.735088607528596,1.214463106824074,3.0507246376811593e-10,0.4924702419275767,10328.564285313412,0.03285642853134125
btc_hl_breakout_2m,0,0.04,0.015,0.0,0.5,180,random,0.08144697092415244,8.144697092415244,0.6875,48,-0.13517235968403396,-13.517235968403396,13.885656477504519,1.1779453169757927,2.375e-10,0.37642003415163056,10814.469709241524,0.08144697092415244
btc_small_up_9m,0,0.0125,0.2,0.0,0.4,120,random,0.012748447398464669,1.2748447398464668,0.16,25,-0.12212415458302528,-12.212415458302528,3.9777964867546878,1.0494575768824919,4.5200000000000004e-10,0.25354882766678755,10127.484473984647,0.012748447398464669
btc_hl_breakout_2m,0,0.02,0.3,0.0,0.15,45,random,0.07039946928597099,7.039946928597099,0.23076923076923078,13,-0.04234381708344015,-4.234381708344015,27.77447183753643,2.2657122465334663,1.0807692307692307e-09,3.6540572997377856,10703.99469285971,0.07039946928597099
btc_hl_breakout_9m,0,0.0125,0.025,0.0,0.15,720,random,0.03467301951136938,3.4673019511369376,0.4126984126984127,63,-0.042356399083561924,-4.235639908356193,16.3327557550842,1.216635867460878,1.8015873015873017e-10,0.37570483422470274,10346.730195113694,0.03467301951136938
btc_hl_breakout_5m,0,0.06,0.08,0.0,0.05,10,random,0.014624628468487708,1.4624628468487708,0.5,18,-0.018171242202096316,-1.8171242202096316,18.961184155031972,1.4604067642311493,7.62962962962963e-10,1.636194759034286,10146.246284684878,0.014624628468487708
btc_vol_breakout_10m,0,0.08,0.015,0.0,0.3,10,random,-0.023536865321159485,-2.3536865321159484,0.7419354838709677,31,-0.08847632378634684,-8.847632378634685,-5.54400774892086,0.8904969615323113,3.413978494623656e-10,-0.20860012013408707,9764.631346788405,-0.023536865321159485
btc_small_up_10m,0,0.025,0.05,0.0,0.05,90,random,0.009578003315869688,0.9578003315869688,0.38235294117647056,34,-0.019109547106206826,-1.9109547106206826,13.302042178048408,1.2405084574207406,3.4558823529411765e-10,0.5708973348987858,10095.780033158697,0.009578003315869688
btc_hl_breakout_10m,0,0.02,0.12,0.0,0.2,60,random,0.05639681144944791,5.639681144944791,0.2916666666666667,24,-0.06467333112120499,-6.4673331121204995,18.869325038659458,1.4042883682312812,5.631944444444445e-10,1.2201774107549432,10563.968114494479,0.05639681144944791
btc_small_up_10m,0,0.015,0.025,0.0,0.15,180,random,0.027190844982145565,2.7190844982145563,0.41509433962264153,53,-0.05135339620726087,-5.1353396207260875,13.477357725059044,1.1976434130829519,1.729559748427673e-10,0.3532227658367587,10271.908449821456,0.027190844982145565
btc_small_up_10m,0,0.1,0.03,0.0,0.05,10,random,0.024211632446982493,2.421163244698249,0.8181818181818182,22,-0.011642140833919679,-1.1642140833919679,33.201543365999164,2.1409419370678875,5.787878787878788e-10,2.1890825462307895,10242.116324469825,0.024211632446982493
btc_hl_breakout_2m,0,0.06,0.12,0.0,0.1,90,random,0.03898242499743918,3.898242499743918,0.46153846153846156,13,-0.03391695390127325,-3.391695390127325,25.393035944604755,1.8106432786879634,1.0820512820512819e-09,3.0048624270922923,10389.824249974392,0.03898242499743918
btc_hl_breakout_4m,0,0.025,0.2,0.0,0.15,360,random,0.07976924922141189,7.976924922141189,0.38461538461538464,13,-0.03846922413248244,-3.846922413248244,33.1112274907473,2.438424736052607,1.1076923076923078e-09,4.056889220669507,10797.692492214119,0.07976924922141189
btc_hl_breakout_8m,0,0.08,0.08,0.0,0.3,360,random,0.08258755569944533,8.258755569944533,0.5833333333333334,12,-0.10059778237141337,-10.059778237141337,18.72373331743173,1.5579290154698149,1.2097222222222222e-09,2.3556678565104114,10825.875556994453,0.08258755569944533
btc_hl_breakout_8m,0,0.01,0.045,0.0,0.05,720,random,-0.0006832153149835506,-0.06832153149835506,0.2545454545454545,55,-0.021660743707437646,-2.1660743707437646,-0.7502609998229949,0.9853238430452156,2.084848484848485e-10,-0.01985757325838637,9993.167846850165,-0.0006832153149835506
btc_hl_breakout_8m,0,0.05,0.01,0.0,0.5,5,random,0.08379110790553504,8.379110790553504,0.74,50,-0.14961718775984068,-14.961718775984068,13.079379424790078,1.1733365755576728,2.4899999999999997e-10,0.3832627504890982,10837.91107905535,0.08379110790553504
btc_vol_breakout_3m,0,0.04,0.12,0.0,0.25,45,random,0.035230038286839814,3.5230038286839815,0.375,16,-0.0849003190341211,-8.49003190341211,10.898590034511036,1.2270862188517093,8.270833333333333e-10,0.9890963626457121,10352.300382868398,0.035230038286839814
btc_vol_breakout_3m,0,0.04,0.3,0.0,0.3,480,random,0.08743491666048413,8.743491666048413,0.5,4,-0.108658595956031,-10.8658595956031,18.158825991161375,3.5253432569548764,3.6791666666666665e-09,7.378469097235629,10874.349166604841,0.08743491666048413
btc_hl_breakout_1m,0,0.0125,0.01,0.0,0.25,1440,random,-0.02743603929315159,-2.743603929315159,0.4939759036144578,83,-0.09982840720985442,-9.982840720985442,-7.973490221841693,0.9029972248993204,1.0542168674698795e-10,-0.12015250830427336,9725.639607068484,-0.02743603929315159
btc_hl_breakout_3m,0,0.005,0.2,0.0,0.1,1440,random,0.013157928095148543,1.3157928095148543,0.11428571428571428,35,-0.03855551713268013,-3.855551713268013,10.017808356642249,1.212055666680768,3.3999999999999996e-10,0.4025495786118773,10131.579280951486,0.013157928095148543
btc_bullish,0,0.01,0.3,0.0,0.1,480,random,0.03225158118087111,3.225158118087111,0.4,5,-0.035195908312735225,-3.5195908312735225,19.050909956095477,4.980367203339886,2.9233333333333334e-09,6.45787828378013,10322.515811808711,0.03225158118087111
btc_hl_breakout_8m,0,0.035,0.015,0.0,0.05,20,random,0.012580740883841821,1.258074088384182,0.6595744680851063,47,-0.015851979033919106,-1.5851979033919106,17.439619213719844,1.301455198820083,2.5035460992907803e-10,0.5388709163729294,10125.807408838418,0.012580740883841821
btc_hl_breakout_2m,0,0.005,0.015,0.0,0.1,15,random,-0.0038388900289688423,-0.3838890028968842,0.3595505617977528,89,-0.03739790219859607,-3.7397902198596067,-2.90546305040132,0.9624886857532169,9.756554307116105e-11,-0.03851845734322523,9961.611099710311,-0.0038388900289688423
btc_hl_breakout_8m,0,0.035,0.01,0.0,0.05,60,random,0.013853163976966471,1.3853163976966472,0.7241379310344828,58,-0.013377927221344788,-1.3377927221344788,19.13199840774058,1.3401512607595567,2.0775862068965516e-10,0.4797367864463991,10138.531639769664,0.013853163976966471
btc_hl_breakout_5m,0,0.005,0.02,0.0,0.15,480,random,0.006443346463485295,0.6443346463485295,0.3111111111111111,90,-0.06791831715221597,-6.791831715221597,3.723218251279376,1.0375862262020905,1.05e-10,0.05712933155410567,10064.433464634852,0.006443346463485295
btc_small_down_10m,0,0.04,0.03,0.0,0.2,1440,random,0.036909385289831065,3.6909385289831063,0.6363636363636364,33,-0.0387714534771203,-3.87714534771203,15.16918318437714,1.2629171629610572,3.292929292929293e-10,0.575507948346883,10369.09385289831,0.036909385289831065
btc_vol_breakout_3m,0,0.0075,0.03,0.0,0.15,20,random,-0.009290494195696646,-0.9290494195696646,0.29508196721311475,61,-0.05985665461904577,-5.985665461904577,-4.627230638261795,0.9358824296390919,1.6147540983606557e-10,-0.09107263185701762,9907.095058043033,-0.009290494195696646
btc_hl_breakout_10m,0,0.025,0.08,0.0,0.5,90,random,0.13348060662657918,13.348060662657918,0.37037037037037035,27,-0.15739967508437835,-15.739967508437836,18.740516618517997,1.3148093886268364,4.87037037037037e-10,1.0642901780535938,11334.806066265792,0.13348060662657918
btc_vol_breakout_8m,0,0.06,0.12,0.0,0.05,720,random,0.006790342331247842,0.6790342331247842,0.38461538461538464,13,-0.018246448123822923,-1.8246448123822923,10.027865531527762,1.2477273979051167,1.0115384615384616e-09,1.0688110203572763,10067.903423312478,0.006790342331247842
btc_hl_breakout_6m,0,0.08,0.045,0.0,0.1,180,random,0.025564481931846534,2.556448193184653,0.631578947368421,19,-0.03440803233202128,-3.4408032332021277,17.133277402103193,1.429852037559782,7.464912280701755e-10,1.3629049089361467,10255.644819318466,0.025564481931846534
btc_hl_breakout_10m,0,0.02,0.04,0.0,0.05,240,random,0.009663670057784112,0.9663670057784112,0.4090909090909091,44,-0.014807405636636073,-1.4807405636636073,13.342958126815848,1.2085947357823408,2.840909090909091e-10,0.44476067557065274,10096.636700577841,0.009663670057784112
btc_vol_breakout_2m,0,0.03,0.15,0.0,0.5,720,random,0.08493275795995996,8.493275795995995,0.3333333333333333,15,-0.18081804676527957,-18.08180467652796,13.737358566697836,1.287844782749194,9.266666666666667e-10,1.3508603926494562,10849.3275795996,0.08493275795995996
btc_vol_breakout_2m,0,0.06,0.035,0.0,0.1,120,random,0.031384632133554885,3.1384632133554886,0.6896551724137931,29,-0.030181526965478378,-3.018152696547838,21.472165208740797,1.4717243566002287,4.528735632183908e-10,1.084498200779031,10313.846321335548,0.031384632133554885
btc_small_down_10m,0,0.02,0.3,0.0,0.3,120,random,0.13461357324250484,13.461357324250484,0.25,12,-0.09241292984437754,-9.241292984437754,26.481230410448035,2.100463419620529,1.1833333333333334e-09,3.851511610565738,11346.13573242505,0.13461357324250484
btc_vol_breakout_8m,0,0.035,0.02,0.0,0.1,240,random,0.027750243234234813,2.7750243234234815,0.6571428571428571,35,-0.02021336734636514,-2.021336734636514,25.72454085414562,1.5081894273049608,2.6095238095238093e-10,0.792155972797478,10277.502432342348,0.027750243234234813
btc_small_up_9m,0,0.005,0.01,0.0,0.2,30,random,0.0076833912702452154,0.7683391270245216,0.43478260869565216,69,-0.0357251235600039,-3.57251235600039,4.296376892501474,1.0561821731571654,9.29951690821256e-11,0.06463373071861298,10076.833912702452,0.0076833912702452154
btc_hl_breakout_8m,0,0.035,0.025,0.0,0.25,240,random,0.06925765308209024,6.925765308209024,0.6153846153846154,39,-0.06631550302398148,-6.631550302398148,19.272310504663114,1.318160847498152,3.307692307692308e-10,0.7259953135476471,10692.576530820903,0.06925765308209024
btc_hl_breakout_5m,0,0.06,0.04,0.0,0.2,20,random,0.0603029224908262,6.0302922490826205,0.64,25,-0.07113396531567306,-7.1133965315673064,20.095522544878364,1.43604688494623,5.493333333333333e-10,1.2184528878043581,10603.029224908261,0.0603029224908262
btc_small_down_10m,0,0.04,0.3,0.0,0.4,180,random,0.18279942572153013,18.27994257215301,0.375,8,-0.12193931207631614,-12.193931207631614,27.22347670695644,2.1403634679967203,1.8041666666666667e-09,5.911793787434927,11827.994257215301,0.18279942572153013
btc_hl_breakout_7m,0,0.0075,0.1,0.0,0.25,240,random,0.03490754611379179,3.490754611379179,0.2,45,-0.10790538665885407,-10.790538665885407,10.221020792792702,1.1535484043513,2.896296296296296e-10,0.34865938555300846,10349.075461137918,0.03490754611379179
btc_hl_breakout_3m,0,0.03,0.25,0.0,0.2,20,random,0.041636920455891915,4.163692045589191,0.26666666666666666,15,-0.07733508606915862,-7.733508606915862,14.62751137421859,1.3384351315434138,9.577777777777778e-10,1.5225846933501466,10416.36920455892,0.041636920455891915
btc_vol_breakout_3m,0,0.05,0.04,0.0,0.05,360,random,0.006149176553750828,0.6149176553750828,0.5666666666666667,30,-0.0173401219173418,-1.73401219173418,9.24470391553038,1.148284271134809,4.244444444444444e-10,0.41945144415078256,10061.491765537508,0.006149176553750828
btc_small_down_10m,0,0.02,0.045,0.0,0.3,5,random,0.0006077187477093957,0.06077187477093957,0.35294117647058826,34,-0.0801758918675628,-8.017589186756279,1.2967833399157611,1.0027260487877068,3.1617647058823525e-10,0.04206655296706052,10006.077187477094,0.0006077187477093957
btc_vol_breakout_9m,0,0.01,0.3,0.0,0.1,45,random,0.022136269232703024,2.2136269232703025,0.18181818181818182,11,-0.022418959344176703,-2.2418959344176703,16.67870393144947,2.158588774101953,1.2090909090909092e-09,2.0412339256057757,10221.36269232703,0.022136269232703024
btc_hl_breakout_7m,0,0.015,0.08,0.0,0.15,10,random,0.013911668701463214,1.3911668701463213,0.2777777777777778,36,-0.05844065785784136,-5.844065785784136,7.036268327193245,1.1134348077630953,3.625e-10,0.28206396761132013,10139.116687014632,0.013911668701463214
btc_hl_breakout_2m,0,0.0125,0.12,0.0,0.1,45,random,0.025866151531308536,2.5866151531308534,0.21875,32,-0.031901758292179005,-3.1901758292179005,18.911473193092554,1.3721497691787627,4.125e-10,0.8269377460738384,10258.661515313086,0.025866151531308536
btc_hl_breakout_1m,0,0.015,0.02,0.0,0.2,720,random,0.006621672138742906,0.6621672138742907,0.4666666666666667,60,-0.06207984916824849,-6.207984916824849,3.415199928418799,1.0334855131944414,1.8416666666666668e-10,0.0702952884756528,10066.216721387429,0.006621672138742906
btc_alt_aligned,0,0.0125,0.25,0.0,0.3,240,random,0.14280692114243493,14.280692114243493,0.21052631578947367,19,-0.09220360503739744,-9.220360503739744,28.64573898243246,2.131555335749982,7.649122807017543e-10,2.526636260445748,11428.06921142435,0.14280692114243493
btc_hl_breakout_4m,0,0.025,0.3,0.0,0.5,360,random,0.2508774721073193,25.08774721073193,0.3,10,-0.142520339356057,-14.252033935605702,29.8078718013315,2.3325161189315606,1.4266666666666665e-09,5.111692445150064,12508.774721073194,0.2508774721073193
btc_bullish,0,0.0125,0.3,0.0,0.05,720,random,0.015643797147075048,1.5643797147075047,0.4,5,-0.018309649042753007,-1.8309649042753007,18.27337559753858,4.4939151512161155,2.9266666666666665e-09,6.267445047734899,10156.43797147075,0.015643797147075048
btc_hl_breakout_7m,0,0.04,0.05,0.0,0.3,45,random,0.06498816382459371,6.498816382459371,0.5,30,-0.10518062051083588,-10.518062051083588,14.971872205883152,1.2409203965668956,4.533333333333333e-10,0.7716205867297224,10649.881638245937,0.06498816382459371
btc_vol_breakout_9m,0,0.01,0.025,0.0,0.15,5,random,0.01431563316398349,1.431563316398349,0.35555555555555557,45,-0.03561405824817543,-3.561405824817543,9.955513213310534,1.1455132577401859,1.7777777777777778e-10,0.22142022667268083,10143.156331639835,0.01431563316398349
btc_small_up_9m,0,0.035,0.25,0.0,0.25,90,random,0.11544793070938722,11.544793070938722,0.4444444444444444,9,-0.06333386848211531,-6.33338684821153,28.946950729170723,2.3434779661145213,1.5074074074074074e-09,5.154693962571436,11154.479307093872,0.11544793070938722
btc_alt_aligned,0,0.1,0.02,0.0,0.25,20,random,0.050347228645686255,5.034722864568626,0.7666666666666667,30,-0.08967117954579018,-8.967117954579019,14.077892500478233,1.2524724761439823,4.772222222222223e-10,0.7150103420314289,10503.472286456863,0.050347228645686255
btc_alt_aligned,0,0.1,0.04,0.0,0.4,180,random,0.13790716455714655,13.790716455714655,0.7391304347826086,23,-0.1384359468456704,-13.84359468456704,22.725971707093777,1.4746778900271145,6.289855072463768e-10,1.5266832417612757,11379.071645571465,0.13790716455714655
btc_hl_breakout_10m,0,0.03,0.25,0.0,0.5,45,random,0.17098675946902395,17.098675946902393,0.3076923076923077,13,-0.17024144550091547,-17.024144550091545,22.225110998398893,1.6753895953433802,1.1025641025641028e-09,2.8330773631160233,11709.86759469024,0.17098675946902395
btc_vol_breakout_9m,0,0.02,0.1,0.0,0.2,90,random,0.07238476118796357,7.238476118796357,0.3181818181818182,22,-0.041630676365496,-4.1630676365496,28.90841423676842,1.7740860248244064,5.363636363636364e-10,1.6373559729235962,10723.847611879635,0.07238476118796357
btc_small_up_10m,0,0.035,0.25,0.0,0.05,1440,random,0.017910305204195533,1.7910305204195534,0.2857142857142857,14,-0.01976397543616637,-1.976397543616637,22.101334117136886,1.7845747435901462,9.476190476190477e-10,2.5792145765130634,10179.103052041955,0.017910305204195533
btc_small_down_10m,0,0.0175,0.06,0.0,0.05,180,random,0.008044667482776794,0.8044667482776794,0.3333333333333333,36,-0.01377035286929762,-1.377035286929762,12.49563449020829,1.2161262387402356,2.9907407407407407e-10,0.4529762513638416,10080.446674827768,0.008044667482776794
btc_small_down_10m,0,0.0125,0.06,0.0,0.5,1440,random,0.09724982817221635,9.724982817221635,0.3076923076923077,39,-0.12053825636813575,-12.053825636813576,16.01112946054126,1.249626059811298,2.688034188034188e-10,0.5387001040060757,10972.498281722164,0.09724982817221635
btc_small_up_10m,0,0.03,0.25,0.0,0.4,180,random,0.15009882212481251,15.009882212481251,0.2857142857142857,14,-0.1348075421496432,-13.48075421496432,24.027572591474595,1.7841634798082888,9.440476190476192e-10,2.8046730487252556,11500.988221248124,0.15009882212481251
btc_small_up_9m,0,0.0075,0.01,0.0,0.05,180,random,0.004267693809743048,0.42676938097430483,0.484375,64,-0.008793798896165606,-0.8793798896165606,8.188406091914471,1.1259919942733672,1.0885416666666667e-10,0.13576385554630963,10042.676938097431,0.004267693809743048
btc_small_down_10m,0,0.04,0.2,0.0,0.2,180,random,0.054772131726372894,5.477213172637289,0.36363636363636365,11,-0.06649109356707106,-6.649109356707106,19.133237849326914,1.570479443782733,1.303030303030303e-09,2.615553694057282,10547.72131726373,0.054772131726372894
btc_alt_aligned,0,0.0175,0.01,0.0,0.3,240,random,0.034249074778608835,3.4249074778608835,0.59,100,-0.11109871976560681,-11.109871976560681,8.723553597416748,1.0787871611006696,1.28e-10,0.1332958199413559,10342.490747786089,0.034249074778608835
btc_vol_breakout_8m,0,0.1,0.035,0.0,0.4,30,random,0.03835385972117151,3.835385972117151,0.7,20,-0.1277329501856147,-12.77329501856147,8.861218220268787,1.1506684294945813,6.591666666666666e-10,0.5774496624345968,10383.538597211715,0.03835385972117151
btc_vol_breakout_10m,0,0.06,0.1,0.0,0.2,15,random,0.021681894691326534,2.1681894691326535,0.4166666666666667,12,-0.07140781025633813,-7.140781025633814,8.66692401113449,1.204490290729905,1.011111111111111e-09,0.9970968474827417,10216.818946913265,0.021681894691326534
btc_hl_breakout_3m,0,0.005,0.04,0.0,0.3,120,random,0.00443482559987583,0.443482559987583,0.2647058823529412,68,-0.10243285035375171,-10.243285035375171,2.283214282779715,1.015436416310827,1.5049019607843138e-10,0.04237483741917957,10044.348255998759,0.00443482559987583
btc_vol_breakout_2m,0,0.02,0.2,0.0,0.4,180,random,0.07348467023919647,7.348467023919647,0.26666666666666666,15,-0.12618623769945914,-12.618623769945913,14.49677741346517,1.3728506459165757,9.4e-10,1.3937827741549251,10734.846702391966,0.07348467023919647
btc_vol_breakout_10m,0,0.08,0.045,0.0,0.1,20,random,0.000579181457932691,0.0579181457932691,0.6111111111111112,18,-0.034161020899050265,-3.4161020899050265,0.8290411864683043,1.0094447666885966,6.527777777777778e-10,0.05967879628734009,10005.791814579326,0.000579181457932691
btc_vol_breakout_10m,0,0.1,0.06,0.0,0.4,5,random,0.023058321440943972,2.3058321440943974,0.5454545454545454,11,-0.12753313158560708,-12.753313158560708,5.869890723883797,1.1163879388021607,1.15e-09,0.7151837280680692,10230.58321440944,0.023058321440943972
btc_vol_breakout_8m,0,0.1,0.04,0.0,0.1,720,random,0.014883687170693997,1.4883687170693998,0.7,20,-0.03299061382917645,-3.299061382917645,11.894460321330596,1.2532266436875146,6.6e-10,0.7660731909190359,10148.83687170694,0.014883687170693997
btc_hl_breakout_10m,0,0.02,0.25,0.0,0.15,240,random,0.052839288506534264,5.283928850653426,0.23529411764705882,17,-0.05289106155033485,-5.289106155033485,21.80517843601669,1.7182460139599054,8.343137254901962e-10,2.1223415558930085,10528.392885065343,0.052839288506534264
btc_hl_breakout_2m,0,0.1,0.06,0.0,0.3,90,random,0.11387847482303855,11.387847482303854,0.6666666666666666,15,-0.09674069262631113,-9.674069262631113,24.805870552203466,1.729670086151086,9.222222222222223e-10,2.529616547538414,11138.784748230386,0.11387847482303855
btc_hl_breakout_4m,0,0.005,0.05,0.0,0.2,30,random,0.0009658488825409677,0.09658488825409677,0.22033898305084745,59,-0.060909153515458336,-6.090915351545833,1.1230012421957558,1.0053710065472459,1.8841807909604517e-10,0.026284533314712828,10009.65848882541,0.0009658488825409677
btc_hl_breakout_1m,0,0.025,0.3,0.0,0.15,30,random,0.069390598967315,6.9390598967315,0.2727272727272727,11,-0.05023668959484073,-5.023668959484073,27.195826490898806,2.28682647510254,1.2878787878787878e-09,4.251551998505676,10693.90598967315,0.069390598967315
btc_hl_breakout_10m,0,0.0175,0.25,0.0,0.05,120,random,0.01642165663005589,1.642165663005589,0.2,20,-0.018496913065074727,-1.8496913065074727,20.110119875260587,1.6364299521914671,6.975e-10,1.66055651171173,10164.216566300558,0.01642165663005589
btc_hl_breakout_3m,0,0.01,0.03,0.0,0.2,360,random,0.012643213154342652,1.2643213154342652,0.375,64,-0.06121967897843339,-6.121967897843339,5.829758015411299,1.0635843504195208,1.6119791666666666e-10,0.11308133543745238,10126.432131543426,0.012643213154342652
btc_vol_breakout_3m,0,0.08,0.02,0.0,0.25,360,random,0.08545452098841069,8.54545209884107,0.7741935483870968,31,-0.06861552026714002,-6.861552026714001,23.577851773011844,1.4943836963725603,4.043010752688172e-10,1.106843423008505,10854.545209884107,0.08545452098841069
btc_vol_breakout_9m,0,0.01,0.025,0.0,0.25,5,random,0.023164540874601378,2.316454087460138,0.35555555555555557,45,-0.05877004333602098,-5.877004333602098,9.929926051073979,1.1381032584742654,1.7777777777777778e-10,0.2214202266726833,10231.645408746013,0.023164540874601378
btc_vol_breakout_9m,0,0.08,0.035,0.0,0.15,30,random,0.02512820611466068,2.512820611466068,0.6818181818181818,22,-0.04181473703208893,-4.181473703208893,13.525656531268424,1.2706361352425786,5.924242424242425e-10,0.7882497227335729,10251.282061146607,0.02512820611466068
btc_hl_breakout_6m,0,0.06,0.01,0.0,0.2,45,random,0.04443236750638159,4.443236750638159,0.782608695652174,46,-0.05870944969169689,-5.870944969169689,15.731569527003451,1.2885661567231592,2.692028985507246e-10,0.4967389003250312,10444.323675063815,0.04443236750638159
btc_small_up_10m,0,0.02,0.2,0.0,0.05,10,random,0.005950596770384362,0.5950596770384362,0.20833333333333334,24,-0.019806189746829683,-1.9806189746829683,7.968556122916312,1.1595216411920917,5.208333333333333e-10,0.5169690335203836,10059.505967703844,0.005950596770384362
btc_vol_breakout_9m,0,0.0075,0.035,0.0,0.3,720,random,0.014119069674518642,1.4119069674518643,0.29545454545454547,44,-0.07887502755929388,-7.887502755929388,5.386920032185826,1.0664979446763614,2.0416666666666666e-10,0.1292231720825411,10141.190696745187,0.014119069674518642
btc_vol_breakout_8m,0,0.0175,0.25,0.0,0.15,720,random,0.041118403924627185,4.111840392462718,0.16666666666666666,18,-0.04297068764472456,-4.297068764472456,19.750512235782768,1.4986411541437528,7.157407407407407e-10,1.5932800141401908,10411.184039246273,0.041118403924627185
btc_bullish,0,0.0125,0.08,0.0,0.05,10,random,0.011267911511914577,1.1267911511914577,0.2682926829268293,41,-0.016114787162012312,-1.6114787162012312,14.783779854979342,1.275741152120988,3.2682926829268293e-10,0.5556579692450305,10112.679115119146,0.011267911511914577
btc_vol_breakout_9m,0,0.05,0.12,0.0,0.15,1440,random,0.03130289384534297,3.1302893845342967,0.35714285714285715,14,-0.051886253670785365,-5.1886253670785365,15.28095606867162,1.373533117603556,9.559523809523809e-10,1.5562762763035929,10313.02893845343,0.03130289384534297
btc_hl_breakout_10m,0,0.1,0.04,0.0,0.1,1440,random,0.023206122167988473,2.3206122167988474,0.7,20,-0.03925190852484661,-3.9251908524846613,15.686810879649759,1.374126660551997,6.950000000000001e-10,1.1812557510690227,10232.061221679885,0.023206122167988473
btc_hl_breakout_9m,0,0.1,0.025,0.0,0.4,1440,random,0.1069318131493154,10.69318131493154,0.76,25,-0.13540340786492422,-13.540340786492422,18.649516492917368,1.3796060869838396,5.579999999999999e-10,1.1115936899524022,11069.318131493153,0.1069318131493154
btc_hl_breakout_1m,0,0.01,0.08,0.0,0.4,15,random,0.05428352716426048,5.428352716426048,0.2631578947368421,38,-0.14695690743246792,-14.695690743246793,11.680993841635635,1.1809064101202498,3.263157894736842e-10,0.4042287166541089,10542.835271642605,0.05428352716426048
btc_hl_breakout_4m,0,0.04,0.01,0.0,0.4,720,random,0.1144131694599247,11.44131694599247,0.7457627118644068,59,-0.08617553902939856,-8.617553902939857,22.3858103490976,1.331497294634179,1.8587570621468927e-10,0.49101082516524425,11144.131694599248,0.1144131694599247
btc_vol_breakout_8m,0,0.005,0.04,0.0,0.2,30,random,0.008050623356250163,0.8050623356250163,0.2549019607843137,51,-0.05444577206530321,-5.444577206530321,4.451027733506982,1.0559527748318378,1.607843137254902e-10,0.092055876959624,10080.5062335625,0.008050623356250163
btc_hl_breakout_9m,0,0.06,0.08,0.0,0.2,90,random,0.057164803059748644,5.716480305974865,0.5,18,-0.07113396531567229,-7.113396531567229,18.99373224714514,1.4247310115325706,7.675925925925926e-10,1.6294943056871174,10571.648030597487,0.057164803059748644
btc_hl_breakout_3m,0,0.04,0.1,0.0,0.05,180,random,0.00992593079978422,0.9925930799784219,0.4444444444444444,18,-0.01721456079176642,-1.721456079176642,14.196092562220505,1.3324018997417941,7.694444444444444e-10,1.116058181189543,10099.259307997841,0.00992593079978422
btc_small_up_9m,0,0.025,0.1,0.0,0.15,720,random,0.03594003300094253,3.594003300094253,0.34782608695652173,23,-0.04386159486634267,-4.386159486634266,18.85270112034814,1.3802661554930904,4.956521739130435e-10,1.0666639906378517,10359.400330009425,0.03594003300094253
btc_hl_breakout_2m,0,0.025,0.3,0.0,0.3,240,random,0.13869171240741238,13.869171240741238,0.2727272727272727,11,-0.09835835551804062,-9.835835551804061,27.38257906609211,2.195100661429435,1.3e-09,4.296543611858864,11386.917124074123,0.13869171240741238
btc_vol_breakout_9m,0,0.1,0.25,0.0,0.2,60,random,0.06470365370631312,6.470365370631312,0.6,5,-0.06528397286816723,-6.528397286816723,20.346408655786185,2.2477727067311335,2.9433333333333333e-09,6.605717526282283,10647.036537063132,0.06470365370631312
btc_vol_breakout_3m,0,0.0125,0.045,0.0,0.2,1440,random,0.017814167370323868,1.7814167370323868,0.36363636363636365,44,-0.0569566172077659,-5.69566172077659,7.527462467795834,1.1016518101154,2.4545454545454546e-10,0.22397402022506382,10178.141673703238,0.017814167370323868
btc_hl_breakout_1m,0,0.05,0.01,0.0,0.3,1440,random,0.037272196969197785,3.7272196969197786,0.75,48,-0.08771804289563612,-8.771804289563612,10.363087096783316,1.1448837295315715,2.4340277777777777e-10,0.28786547910063975,10372.721969691978,0.037272196969197785
btc_vol_breakout_8m,0,0.035,0.12,0.0,0.3,240,random,0.07262039816312844,7.262039816312845,0.3333333333333333,15,-0.09353140188119524,-9.353140188119525,18.075165091550797,1.4463248212084845,8.8e-10,1.7136234988428718,10726.203981631284,0.07262039816312844
btc_hl_breakout_2m,0,0.0175,0.025,0.0,0.2,360,random,-0.021285069388880605,-2.1285069388880604,0.40384615384615385,52,-0.08512605003788343,-8.512605003788343,-7.968242655602685,0.8961669810187349,2.217948717948718e-10,-0.18924773008381587,9787.149306111194,-0.021285069388880605
btc_vol_breakout_9m,0,0.08,0.04,0.0,0.15,90,random,0.02406965548204728,2.406965548204728,0.6666666666666666,21,-0.0418147370320886,-4.1814737032088605,12.963959377014707,1.266508023177896,6.277777777777777e-10,0.7924001495639906,10240.696554820473,0.02406965548204728
btc_vol_breakout_10m,0,0.01,0.015,0.0,0.1,45,random,-0.0015605768053165775,-0.15605768053165775,0.4423076923076923,52,-0.023576799776867552,-2.357679977686755,-1.4439718985547574,0.9761782672131323,1.253205128205128e-10,-0.025125955470808675,9984.394231946833,-0.0015605768053165775
btc_hl_breakout_3m,0,0.05,0.12,0.0,0.25,20,random,0.047723928932439916,4.772392893243992,0.3888888888888889,18,-0.09017243635150596,-9.017243635150596,14.445014849286142,1.2449537106734618,7.824074074074073e-10,1.174958183425717,10477.2392893244,0.047723928932439916
btc_vol_breakout_8m,0,0.01,0.02,0.0,0.05,720,random,0.003437719586876665,0.3437719586876665,0.4,50,-0.011984565220063081,-1.1984565220063081,7.081628509374331,1.1019797527244404,1.4366666666666666e-10,0.1404678773302462,10034.377195868767,0.003437719586876665
btc_alt_aligned,0,0.0075,0.25,0.0,0.3,15,random,0.09839758156938883,9.839758156938883,0.14285714285714285,28,-0.09902825910341018,-9.902825910341019,20.499659987380642,1.5804688381729495,5.125e-10,1.243799202738809,10983.975815693888,0.09839758156938883
btc_bullish,0,0.0125,0.025,0.0,0.15,360,random,0.03549671212241733,3.549671212241733,0.42028985507246375,69,-0.03945416715614891,-3.945416715614891,16.29647625578134,1.2139876644557699,1.8043478260869564e-10,0.3510567963635593,10354.967121224174,0.03549671212241733
btc_vol_breakout_10m,0,0.015,0.05,0.0,0.3,45,random,0.07524958177503699,7.524958177503699,0.3793103448275862,29,-0.055536504785078655,-5.5536504785078655,23.294398346771494,1.5216253638838886,3.35632183908046e-10,0.867411874850241,10752.49581775037,0.07524958177503699
btc_hl_breakout_5m,0,0.08,0.045,0.0,0.3,480,random,0.09229923560295693,9.229923560295692,0.65,20,-0.10059778237141415,-10.059778237141416,20.60297117295472,1.477406316240341,7.15e-10,1.5688929767377735,10922.992356029568,0.09229923560295693
btc_hl_breakout_3m,0,0.05,0.04,0.0,0.3,480,random,0.04863725893629785,4.863725893629785,0.5806451612903226,31,-0.09990797856926348,-9.990797856926347,13.004922647181896,1.1827646104784202,4.3602150537634406e-10,0.5720620915826443,10486.372589362978,0.04863725893629785
btc_hl_breakout_3m,0,0.05,0.02,0.0,0.2,10,random,0.012715333463663046,1.2715333463663046,0.6578947368421053,38,-0.06458748719099616,-6.458748719099616,5.616230829227281,1.0715602082143294,3.425438596491228e-10,0.19566227040884648,10127.15333463663,0.012715333463663046
btc_small_up_9m,0,0.06,0.02,0.0,0.15,15,random,0.03262429359837863,3.262429359837863,0.7058823529411765,34,-0.03834483495502661,-3.8344834955026608,15.928234703324115,1.2840833396242932,3.264705882352941e-10,0.6549047671700627,10326.242935983786,0.03262429359837863
btc_vol_breakout_8m,0,0.03,0.02,0.0,0.2,20,random,0.06122505465645747,6.122505465645747,0.6216216216216216,37,-0.037064404375914184,-3.7064404375914184,28.286351365263624,1.5361324826064522,2.418918918918919e-10,0.8217263886139019,10612.250546564575,0.06122505465645747
btc_hl_breakout_2m,0,0.05,0.1,0.0,0.25,120,random,0.04625186124889297,4.6251861248892965,0.4117647058823529,17,-0.07541589046164676,-7.541589046164676,14.27404893210468,1.2868454698507927,8.19607843137255e-10,1.1639237894731387,10462.51861248893,0.04625186124889297
btc_small_down_10m,0,0.015,0.04,0.0,0.3,15,random,0.043447832356734536,4.344783235673454,0.34210526315789475,38,-0.05849271793876576,-5.849271793876576,13.25204436305697,1.2142800233928717,2.793859649122807e-10,0.40205881620570827,10434.478323567346,0.043447832356734536
btc_hl_breakout_8m,0,0.08,0.035,0.0,0.2,60,random,0.05021715509613475,5.021715509613475,0.6818181818181818,22,-0.06350807290042326,-6.350807290042326,17.357417331998377,1.4086181187443017,6.431818181818182e-10,1.1632776607288682,10502.171550961348,0.05021715509613475
btc_hl_breakout_7m,0,0.04,0.08,0.0,0.4,1440,random,0.08473077762707107,8.473077762707106,0.43478260869565216,23,-0.13817867656539407,-13.817867656539406,14.981248518488218,1.249955281466876,5.869565217391305e-10,1.0191839934430307,10847.30777627071,0.08473077762707107
btc_alt_aligned,0,0.1,0.12,0.0,0.1,5,random,0.03835586717200631,3.8355867172006306,0.5454545454545454,11,-0.03480181623062506,-3.480181623062506,24.78425219846296,1.761808135679063,1.3378787878787877e-09,3.5100423866124926,10383.558671720064,0.03835586717200631
btc_vol_breakout_3m,0,0.08,0.04,0.0,0.25,60,random,0.07480307574714852,7.480307574714852,0.6818181818181818,22,-0.0747027688342573,-7.470276883425731,20.29187860687945,1.4609432158121387,6.28030303030303e-10,1.3852715224717094,10748.030757471486,0.07480307574714852
btc_vol_breakout_8m,0,0.025,0.03,0.0,0.2,180,random,0.059619312020724416,5.961931202072441,0.5454545454545454,33,-0.033881001964578994,-3.3881001964578994,26.33772927680427,1.4910931214465473,3.1515151515151516e-10,0.9012524175764843,10596.193120207245,0.059619312020724416
btc_hl_breakout_7m,0,0.025,0.06,0.0,0.4,720,random,0.09033408826409796,9.033408826409795,0.35294117647058826,34,-0.14004554882430165,-14.004554882430165,15.85414095721668,1.2315061210455769,3.926470588235294e-10,0.7268574718126153,10903.34088264098,0.09033408826409796
btc_hl_breakout_6m,0,0.05,0.05,0.0,0.15,5,random,0.003231001178252791,0.3231001178252791,0.5,26,-0.06239279156327038,-6.239279156327038,2.16167456875773,1.0260534691165135,5.217948717948718e-10,0.11811482650851296,10032.310011782527,0.003231001178252791
btc_vol_breakout_10m,0,0.03,0.03,0.0,0.15,90,random,0.038642447017236146,3.8642447017236146,0.5666666666666667,30,-0.028452769536861044,-2.8452769536861044,23.053126630401618,1.4436388552928952,3.2055555555555557e-10,0.862142012301504,10386.424470172362,0.038642447017236146
btc_hl_breakout_6m,0,0.0175,0.1,0.0,0.3,90,random,-0.016156319106165985,-1.6156319106165984,0.23529411764705882,34,-0.13403752948438663,-13.403752948438663,-3.0412499454916264,0.9395146754875147,3.8823529411764703e-10,-0.10326746840366972,9838.43680893834,-0.016156319106165985
btc_hl_breakout_1m,0,0.0075,0.025,0.0,0.1,90,random,-0.004147847977330048,-0.4147847977330048,0.3382352941176471,68,-0.04119785770478945,-4.119785770478945,-3.032952454125725,0.959743196064255,1.5980392156862744e-10,-0.054306817199518256,9958.521520226699,-0.004147847977330048
btc_hl_breakout_10m,0,0.08,0.06,0.0,0.4,240,random,0.10853705986520312,10.853705986520312,0.6,15,-0.13241162227888992,-13.241162227888992,18.70712422284027,1.4757627462238823,9.655555555555555e-10,1.8824250328401342,11085.37059865203,0.10853705986520312
btc_vol_breakout_9m,0,0.035,0.1,0.0,0.3,15,random,0.08153818218826824,8.153818218826823,0.4117647058823529,17,-0.0935314018811968,-9.35314018811968,20.609696801860654,1.4873679450129733,7.323529411764706e-10,1.6475002403661552,10815.381821882682,0.08153818218826824
btc_vol_breakout_10m,0,0.015,0.04,0.0,0.3,45,random,0.08628201950631187,8.628201950631187,0.42857142857142855,35,-0.05212617516491891,-5.212617516491891,26.151469118766876,1.4890037750527225,2.738095238095238e-10,0.8184868275273982,10862.82019506312,0.08628201950631187
btc_vol_breakout_9m,0,0.025,0.08,0.0,0.1,180,random,0.03445579275546265,3.445579275546265,0.38095238095238093,21,-0.02091916262340654,-2.091916262340654,28.221157143787842,1.716424808349438,5.253968253968254e-10,1.6395177323463672,10344.557927554626,0.03445579275546265
btc_hl_breakout_10m,0,0.0175,0.15,0.0,0.2,60,random,0.044718016993868744,4.471801699386875,0.23809523809523808,21,-0.07218769054061647,-7.218769054061647,14.88938171968972,1.3835327956521792,6.571428571428571e-10,1.125637819198357,10447.180169938687,0.044718016993868744
btc_hl_breakout_8m,0,0.06,0.05,0.0,0.25,360,random,0.05430119463621168,5.430119463621168,0.5714285714285714,21,-0.08828089606461742,-8.828089606461742,15.049412511444924,1.3231802333394742,6.658730158730158e-10,1.081176265152308,10543.011946362116,0.05430119463621168
btc_alt_aligned,0,0.025,0.05,0.0,0.25,120,random,0.057463953082416586,5.746395308241659,0.4,40,-0.08495291091971491,-8.495291091971492,15.468835924403969,1.226145127252052,3.5e-10,0.6058818939399038,10574.639530824166,0.057463953082416586
btc_small_up_10m,0,0.0175,0.01,0.0,0.4,60,random,0.039095105655527956,3.9095105655527957,0.5633802816901409,71,-0.13376749535413468,-13.376749535413468,8.704125487931979,1.096708313242075,1.2253521126760563e-10,0.16463246475048068,10390.95105655528,0.039095105655527956
btc_hl_breakout_3m,0,0.025,0.01,0.0,0.3,45,random,0.0724650827997647,7.24650827997647,0.6984126984126984,63,-0.0719520957896238,-7.1952095789623804,19.106126933545347,1.2674583920551268,1.6798941798941798e-10,0.3930724786290316,10724.650827997648,0.0724650827997647
btc_hl_breakout_1m,0,0.04,0.045,0.0,0.2,10,random,0.03922433155922938,3.922433155922938,0.5172413793103449,29,-0.06749080430094401,-6.7490804300944,14.673703025574206,1.2498581581798993,4.689655172413793e-10,0.7051806905769824,10392.243315592294,0.03922433155922938
btc_hl_breakout_1m,0,0.035,0.05,0.0,0.2,30,random,0.058113240272197005,5.8113240272197,0.5172413793103449,29,-0.06749080430094467,-6.749080430094468,21.27365611704551,1.4038116046764173,4.666666666666667e-10,1.0145757132860629,10581.13240272197,0.058113240272197005
btc_hl_breakout_7m,0,0.03,0.04,0.0,0.25,180,random,0.032180919199997195,3.2180919199997193,0.45,40,-0.11693769402274046,-11.693769402274047,9.653481308843118,1.125101918412237,3.2416666666666663e-10,0.3579334767443936,10321.809191999972,0.032180919199997195
btc_hl_breakout_7m,0,0.04,0.025,0.0,0.3,360,random,0.08752541066187851,8.75254106618785,0.625,40,-0.07969130893719378,-7.969130893719378,20.064427048940946,1.318074708814041,3.279166666666667e-10,0.7455732118153735,10875.254106618784,0.08752541066187851
btc_small_down_10m,0,0.04,0.05,0.0,0.15,180,random,0.004080695115907543,0.4080695115907543,0.4782608695652174,23,-0.050523763321056014,-5.052376332105601,2.6308258414401218,1.0383441274484477,5.289855072463769e-10,0.15341587227497344,10040.806951159075,0.004080695115907543
btc_small_down_10m,0,0.08,0.1,0.0,0.05,180,random,0.01501462486562362,1.501462486562362,0.5,12,-0.017390619991778933,-1.7390619991778933,20.312978865938586,1.620330020268764,1.1666666666666666e-09,2.5174760070636455,10150.146248656236,0.01501462486562362
btc_hl_breakout_10m,0,0.05,0.03,0.0,0.2,120,random,0.0458588026780119,4.5858802678011905,0.6,35,-0.07268724221250544,-7.268724221250544,15.884941036578102,1.2492846846642605,3.8142857142857146e-10,0.6801322107780733,10458.588026780119,0.0458588026780119
btc_hl_breakout_4m,0,0.08,0.04,0.0,0.4,1440,random,0.13900013102513176,13.900013102513176,0.6956521739130435,23,-0.11850560186823578,-11.850560186823579,23.03856264147782,1.496274222522147,6.152173913043478e-10,1.5298279657756475,11390.001310251319,0.13900013102513176
btc_hl_breakout_3m,0,0.005,0.035,0.0,0.05,10,random,0.0009622705651355716,0.09622705651355716,0.2676056338028169,71,-0.01789661496436501,-1.789661496436501,1.7677727698792869,1.0205291413780746,1.4178403755868544e-10,0.030404942847740056,10009.622705651356,0.0009622705651355716
btc_bullish,0,0.04,0.25,0.0,0.4,120,random,0.1660349585905995,16.60349585905995,0.36363636363636365,11,-0.133200720260908,-13.320072026090802,25.98963019260789,1.9931901950773119,1.2969696969696969e-09,3.8696277729525024,11660.349585905995,0.1660349585905995
btc_vol_breakout_2m,0,0.06,0.3,0.0,0.4,1440,random,0.15538066112764917,15.538066112764918,0.42857142857142855,7,-0.12834946995023688,-12.834946995023689,23.6966267285339,1.8748280513080522,2.0785714285714286e-09,5.932065142676195,11553.806611276492,0.15538066112764917
btc_hl_breakout_9m,0,0.0125,0.25,0.0,0.5,480,random,0.20423436289152205,20.423436289152207,0.2222222222222222,18,-0.15776976094237505,-15.776976094237504,25.57664505092653,1.855687175033788,7.722222222222223e-10,2.370830998092684,12042.34362891522,0.20423436289152205
btc_hl_breakout_4m,0,0.08,0.045,0.0,0.15,45,random,0.04634378881229315,4.634378881229315,0.6666666666666666,21,-0.05069885205015556,-5.069885205015556,20.43966541344239,1.495500792310471,6.706349206349207e-10,1.4855851426675242,10463.437888122931,0.04634378881229315
btc_hl_breakout_6m,0,0.0075,0.025,0.0,0.2,180,random,-0.03627930770101682,-3.6279307701016816,0.30985915492957744,71,-0.10178703771408748,-10.178703771408749,-14.22126355056934,0.8392922047926219,1.5704225352112677e-10,-0.247183646442983,9637.206922989832,-0.03627930770101682
btc_hl_breakout_7m,0,0.1,0.01,0.0,0.5,480,random,0.1124171500069885,11.24171500069885,0.8378378378378378,37,-0.16072235466674512,-16.072235466674513,16.407062755401324,1.306818564707399,3.662162162162162e-10,0.6528011043106767,11124.171500069886,0.1124171500069885
btc_vol_breakout_2m,0,0.02,0.12,0.0,0.3,480,random,0.0935064867893735,9.35064867893735,0.2916666666666667,24,-0.095930347505227,-9.5930347505227,22.51160097947514,1.465058130445958,5.652777777777777e-10,1.3519956068309213,10935.064867893736,0.0935064867893735
btc_small_up_9m,0,0.015,0.03,0.0,0.25,360,random,0.030122241855766244,3.0122241855766245,0.4,45,-0.06131268839581827,-6.131268839581827,10.804990758530828,1.1557770170581159,2.1444444444444444e-10,0.28599712040453207,10301.222418557663,0.030122241855766244
btc_hl_breakout_6m,0,0.08,0.01,0.0,0.4,1440,random,0.0892147193155406,8.921471931554061,0.825,40,-0.11136738538740798,-11.136738538740797,16.456164125932773,1.3253139786005543,2.9916666666666667e-10,0.5861790437148949,10892.147193155406,0.0892147193155406
btc_small_up_9m,0,0.04,0.04,0.0,0.4,20,random,0.14558164653982864,14.558164653982864,0.5862068965517241,29,-0.07612210318461698,-7.612210318461699,27.958240154120336,1.5236146893396658,3.9770114942528736e-10,1.2471688140925794,11455.816465398286,0.14558164653982864
btc_vol_breakout_2m,0,0.01,0.15,0.0,0.2,45,random,0.03051050845005377,3.0510508450053773,0.18518518518518517,27,-0.07074800204548759,-7.074800204548759,11.880783120855138,1.2420709044509528,4.993827160493827e-10,0.6194291322531822,10305.105084500537,0.03051050845005377
btc_hl_breakout_1m,0,0.0125,0.15,0.0,0.1,480,random,0.030456526233103045,3.0456526233103043,0.20833333333333334,24,-0.0389345104234361,-3.8934510423436097,19.395517253653416,1.5761431735914648,5.54861111111111e-10,1.2907566338633376,10304.56526233103,0.030456526233103045
btc_vol_breakout_8m,0,0.02,0.025,0.0,0.1,720,random,0.01976612820226568,1.976612820226568,0.5,38,-0.02487511860339664,-2.487511860339664,18.276681700266995,1.3110077621802396,2.68859649122807e-10,0.5247806971211266,10197.661282022656,0.01976612820226568
btc_small_up_10m,0,0.005,0.2,0.0,0.5,60,random,0.11918475247962106,11.918475247962105,0.14285714285714285,35,-0.15989788487161716,-15.989788487161716,17.47310190154268,1.3019325000762036,3.0809523809523807e-10,0.8054966600419997,11191.84752479621,0.11918475247962106
btc_hl_breakout_4m,0,0.05,0.045,0.0,0.2,180,random,0.04264263638277016,4.264263638277016,0.5714285714285714,28,-0.06859773464708163,-6.859773464708163,15.785810572814134,1.2631518695141395,4.857142857142857e-10,0.792746210373919,10426.4263638277,0.04264263638277016
btc_hl_breakout_9m,0,0.1,0.01,0.0,0.25,90,random,0.058460778982393234,5.846077898239323,0.8378378378378378,37,-0.08263590542725563,-8.263590542725563,16.352485365807407,1.3510248273173517,3.662162162162162e-10,0.6528011043106727,10584.607789823933,0.058460778982393234
btc_hl_breakout_3m,0,0.04,0.04,0.0,0.25,10,random,0.0651881812218186,6.518818122181861,0.5588235294117647,34,-0.07541096118174062,-7.541096118174062,19.418430260284197,1.3016297660962122,3.9558823529411763e-10,0.7881252794070726,10651.881812218186,0.0651881812218186
btc_hl_breakout_2m,0,0.0125,0.2,0.0,0.2,180,random,0.03594388703975758,3.594388703975758,0.19047619047619047,21,-0.058645905733726855,-5.864590573372686,13.931734244362932,1.3595748034928448,6.650793650793651e-10,0.9181286253453549,10359.438870397576,0.03594388703975758
btc_small_up_10m,0,0.06,0.12,0.0,0.15,15,random,0.041180733925733806,4.118073392573381,0.4375,16,-0.05489004172613976,-5.489004172613976,18.644916582810467,1.4114874618958946,7.760416666666667e-10,1.7711591828095345,10411.807339257339,0.041180733925733806
btc_small_down_10m,0,0.015,0.025,0.0,0.1,240,random,0.03278607407489884,3.278607407489884,0.48,50,-0.021933027651920622,-2.1933027651920622,29.648072361967763,1.4675750348355745,1.7633333333333334e-10,0.6534549907071991,10327.860740748989,0.03278607407489884
btc_hl_breakout_10m,0,0.0075,0.025,0.0,0.15,120,random,0.010303774794462105,1.0303774794462106,0.352112676056338,71,-0.06284814525002658,-6.284814525002657,5.565602537236178,1.0630998584383506,1.4741784037558688e-10,0.10861796097993909,10103.037747944622,0.010303774794462105
btc_hl_breakout_1m,0,0.01,0.01,0.0,0.5,5,random,-0.06959477396817475,-6.959477396817475,0.46511627906976744,86,-0.19490729732430834,-19.490729732430832,-9.836428589570925,0.8773128946300437,9.767441860465115e-11,-0.14146223524774895,9304.052260318253,-0.06959477396817475
btc_bullish,0,0.04,0.04,0.0,0.25,240,random,0.11425508964082019,11.425508964082018,0.5882352941176471,34,-0.07341277488311226,-7.341277488311226,29.796356942945696,1.555538609737567,3.970588235294118e-10,1.3256430288441086,11142.550896408202,0.11425508964082019
btc_hl_breakout_9m,0,0.005,0.08,0.0,0.3,360,random,-0.0326157318512961,-3.2615731851296097,0.140625,64,-0.165714063100998,-16.5714063100998,-6.758816362767053,0.8948361207904889,1.640625e-10,-0.1432410009071497,9673.84268148704,-0.0326157318512961
btc_small_down_10m,0,0.0075,0.15,0.0,0.5,90,random,0.24480837217038925,24.480837217038925,0.2,25,-0.10213788331874996,-10.213788331874996,31.801801193829956,2.2081785302487806,5.173333333333333e-10,1.9109262636886906,12448.083721703893,0.24480837217038925
btc_hl_breakout_4m,0,0.0175,0.025,0.0,0.2,30,random,0.0019123373522007341,0.19123373522007342,0.44642857142857145,56,-0.0655672292343975,-6.55672292343975,1.497848319529373,1.0089301135414686,2.107142857142857e-10,0.03559328468543998,10019.123373522007,0.0019123373522007341
btc_hl_breakout_3m,0,0.0125,0.03,0.0,0.1,90,random,0.023964903220225382,2.3964903220225384,0.45,60,-0.023633944522161277,-2.3633944522161277,18.675481303727626,1.2547099806553932,1.8833333333333336e-10,0.40340231578576463,10239.649032202255,0.023964903220225382
btc_hl_breakout_1m,0,0.04,0.035,0.0,0.25,120,random,0.05650047175361847,5.650047175361847,0.5714285714285714,35,-0.0739144309167773,-7.391443091677729,17.231410925832705,1.273323255973696,3.8380952380952383e-10,0.666588591451766,10565.004717536185,0.05650047175361847
btc_hl_breakout_2m,0,0.015,0.04,0.0,0.1,10,random,0.017557048584834558,1.7557048584834558,0.3829787234042553,47,-0.02711869570847536,-2.711869570847536,13.806412009926445,1.2002310579102224,2.7056737588652484e-10,0.3817168350876172,10175.570485848346,0.017557048584834558
btc_hl_breakout_10m,0,0.02,0.015,0.0,0.3,90,random,0.0286587025694163,2.86587025694163,0.53125,64,-0.09854940741434948,-9.854940741434948,7.841760524980121,1.085635206963105,1.6614583333333332e-10,0.17508727211985475,10286.587025694163,0.0286587025694163
btc_hl_breakout_6m,0,0.0125,0.3,0.0,0.3,45,random,0.09335810834325507,9.335810834325507,0.4,5,-0.1032162239580795,-10.32162239580795,19.313635960051627,3.926394776456527,2.93e-09,6.263805056306762,10933.581083432551,0.09335810834325507
btc_hl_breakout_9m,0,0.01,0.02,0.0,0.15,60,random,0.012427806411197593,1.2427806411197593,0.4,75,-0.058428045722252575,-5.8428045722252575,6.508917705581152,1.0734405867775518,1.4022222222222224e-10,0.12148445702376388,10124.278064111975,0.012427806411197593
btc_vol_breakout_8m,0,0.0075,0.08,0.0,0.1,360,random,0.001742741054949181,0.1742741054949181,0.18421052631578946,38,-0.028295397676363576,-2.8295397676363576,1.8690326681975595,1.0265487282192214,2.640350877192983e-10,0.05677658466931278,10017.427410549491,0.001742741054949181
btc_hl_breakout_6m,0,0.08,0.06,0.0,0.1,180,random,0.027977386775520256,2.7977386775520254,0.6,15,-0.03440803233202128,-3.4408032332021277,18.640037499907486,1.5466793249588675,9.655555555555555e-10,1.8824250328401335,10279.773867755202,0.027977386775520256
btc_hl_breakout_2m,0,0.06,0.01,0.0,0.5,1440,random,0.1712787595565538,17.12787595565538,0.8222222222222222,45,-0.12327628242399635,-12.327628242399635,23.7982383790621,1.4714057673766223,2.7185185185185186e-10,0.7597576349530452,11712.787595565538,0.1712787595565538
btc_hl_breakout_1m,0,0.05,0.2,0.0,0.4,5,random,0.05584362913799805,5.584362913799805,0.36363636363636365,11,-0.1418330602265816,-14.18330602265816,11.32419866171581,1.2664521913344085,1.3166666666666667e-09,1.5418215046689907,10558.436291379981,0.05584362913799805
btc_small_up_9m,0,0.01,0.2,0.0,0.3,90,random,0.026807687338804728,2.680768733880473,0.15384615384615385,26,-0.0889641924981357,-8.896419249813569,8.0353663984534,1.1515112308354087,4.314102564102564e-10,0.430106153897517,10268.076873388047,0.026807687338804728
btc_vol_breakout_2m,0,0.01,0.04,0.0,0.15,60,random,-0.010948844125293272,-1.0948844125293271,0.3050847457627119,59,-0.050348303955283225,-5.0348303955283225,-5.36748334965729,0.9250121886719368,1.9152542372881355e-10,-0.11316610270105468,9890.511558747068,-0.010948844125293272
btc_bullish,0,0.06,0.015,0.0,0.05,60,random,0.011647606655715475,1.1647606655715474,0.7333333333333333,45,-0.01671890588939351,-1.671890588939351,15.709950140468596,1.270231065070015,2.948148148148148e-10,0.52202362653499,10116.476066557154,0.011647606655715475
btc_hl_breakout_4m,0,0.005,0.025,0.0,0.2,480,random,-0.01729387281079505,-1.729387281079505,0.27710843373493976,83,-0.07389277543607065,-7.389277543607065,-6.651081901839884,0.9186915336986464,1.1345381526104418e-10,-0.09436426527398574,9827.06127189205,-0.01729387281079505
btc_hl_breakout_6m,0,0.03,0.2,0.0,0.15,240,random,-0.0028387148617476216,-0.28387148617476216,0.21052631578947367,19,-0.06906105368858595,-6.906105368858595,-0.7407098307306841,0.9750122172168137,7.350877192982457e-10,-0.014371446120111474,9971.612851382524,-0.0028387148617476216
btc_hl_breakout_6m,0,0.08,0.04,0.0,0.2,60,random,0.04355947215261626,4.355947215261626,0.65,20,-0.06793523275287638,-6.793523275287638,15.024651316399439,1.3408784125487667,7.083333333333334e-10,1.128530791632026,10435.594721526162,0.04355947215261626
btc_hl_breakout_3m,0,0.02,0.045,0.0,0.15,15,random,0.025436349684778703,2.5436349684778703,0.4146341463414634,41,-0.050193594339087544,-5.019359433908754,12.88280873095439,1.200005805678605,3.126016260162602e-10,0.4273405055577563,10254.363496847787,0.025436349684778703
btc_bullish,0,0.06,0.02,0.0,0.2,480,random,0.07345952750158535,7.345952750158535,0.717948717948718,39,-0.04231737614779374,-4.231737614779374,25.889201050613707,1.4628391742208922,3.452991452991453e-10,0.938201591866927,10734.595275015854,0.07345952750158535
btc_hl_breakout_4m,0,0.025,0.2,0.0,0.1,180,random,0.05302396633881664,5.302396633881664,0.38461538461538464,13,-0.025776437690055665,-2.5776437690055665,33.13345482983649,2.473140631616932,1.1076923076923078e-09,4.056889220669505,10530.239663388167,0.05302396633881664
btc_hl_breakout_10m,0,0.06,0.1,0.0,0.5,120,random,0.1785845579965093,17.85845579965093,0.5333333333333333,15,-0.16019297101005525,-16.019297101005524,23.94742506751559,1.5640489236465336,9.3e-10,2.444469623065639,11785.845579965093,0.1785845579965093
btc_hl_breakout_9m,0,0.08,0.01,0.0,0.1,90,random,0.028598183717728376,2.8598183717728376,0.8292682926829268,41,-0.028621423057756945,-2.8621423057756945,19.52673682038199,1.441640376353111,3.16260162601626e-10,0.7015464877500637,10285.981837177284,0.028598183717728376
btc_small_down_10m,0,0.0075,0.045,0.0,0.15,180,random,0.017236502239007995,1.7236502239007994,0.2653061224489796,49,-0.033635037863305906,-3.3635037863305906,10.25719074920802,1.1653119316204679,2.0204081632653062e-10,0.24352399741704392,10172.36502239008,0.017236502239007995
btc_vol_breakout_10m,0,0.025,0.08,0.0,0.4,15,random,0.14617756573797513,14.617756573797514,0.38095238095238093,21,-0.08133261197416086,-8.133261197416086,29.40058095800441,1.6814371324017638,4.968253968253968e-10,1.726299577669125,11461.775657379752,0.14617756573797513
btc_hl_breakout_1m,0,0.035,0.03,0.0,0.2,480,random,0.05347888696875868,5.347888696875868,0.5945945945945946,37,-0.05581269845017467,-5.5812698450174665,20.19344455310942,1.3422915960653954,3.4819819819819817e-10,0.7320922785912425,10534.788869687587,0.05347888696875868
btc_vol_breakout_8m,0,0.0075,0.01,0.0,0.25,480,random,-0.025945534725066364,-2.5945534725066364,0.45161290322580644,62,-0.07331491423661585,-7.331491423661585,-10.28576512398451,0.8568871204376106,1.0188172043010754e-10,-0.1588925212148266,9740.544652749337,-0.025945534725066364
btc_alt_aligned,0,0.005,0.3,0.0,0.5,10,random,0.20485053291492003,20.485053291492004,0.14285714285714285,21,-0.15235598080122403,-15.235598080122404,25.20680027877772,2.1435133259841828,6.896825396825396e-10,2.0055516259934754,12048.5053291492,0.20485053291492003
btc_hl_breakout_4m,0,0.025,0.015,0.0,0.3,120,random,0.0718791656425823,7.18791656425823,0.6140350877192983,57,-0.06825373865787632,-6.825373865787632,18.64776477005537,1.2522240922319416,1.894736842105263e-10,0.4321520596301704,10718.791656425823,0.0718791656425823
btc_hl_breakout_2m,0,0.05,0.04,0.0,0.25,30,random,0.04944196146527079,4.944196146527078,0.5806451612903226,31,-0.08397983504890794,-8.397983504890794,15.414735198980983,1.2237662554899127,4.3655913978494626e-10,0.67549977123503,10494.419614652708,0.04944196146527079
btc_hl_breakout_1m,0,0.03,0.02,0.0,0.4,120,random,0.035251786606650015,3.5251786606650013,0.5434782608695652,46,-0.11685672539466763,-11.685672539466763,8.34046831225792,1.0936772479640475,2.543478260869565e-10,0.22873263454634185,10352.5178660665,0.035251786606650015
btc_hl_breakout_7m,0,0.015,0.2,0.0,0.2,480,random,0.06518504088565148,6.518504088565148,0.22727272727272727,22,-0.06776307997852982,-6.776307997852982,21.612816933828533,1.547323280558706,6.356060606060605e-10,1.5316740530076236,10651.850408856515,0.06518504088565148
btc_hl_breakout_3m,0,0.015,0.3,0.0,0.25,90,random,0.0746702911633114,7.46702911633114,0.2,15,-0.08525005355823512,-8.525005355823511,20.284865261281446,1.6655934764291807,9.477777777777779e-10,2.103012589008386,10746.702911633114,0.0746702911633114
btc_bullish,0,0.05,0.06,0.0,0.1,45,random,0.03854241744628561,3.8542417446285606,0.5,24,-0.02862906656296338,-2.862906656296338,25.1216817054977,1.5396225023214798,5.798611111111111e-10,1.6105867693579152,10385.424174462856,0.03854241744628561
btc_hl_breakout_9m,0,0.005,0.025,0.0,0.5,20,random,-0.01217512226857134,-1.2175122268571341,0.26744186046511625,86,-0.25350758764948866,-25.350758764948868,0.20881125249149013,0.9808301887971159,1.1085271317829457e-10,0.005210847745721532,9878.248777314286,-0.01217512226857134
btc_hl_breakout_5m,0,0.08,0.25,0.0,0.5,1440,random,0.17497973208424464,17.497973208424465,0.4444444444444444,9,-0.16339245793690793,-16.339245793690793,22.411111167565775,1.5632361712847964,1.6296296296296296e-09,4.378871664491443,11749.797320842446,0.17497973208424464
btc_alt_aligned,0,0.0075,0.12,0.0,0.4,10,random,0.08887081207381999,8.887081207381998,0.16666666666666666,48,-0.1330506247810861,-13.30506247810861,15.305052038542414,1.229892765915973,2.8993055555555553e-10,0.5267152640307352,10888.7081207382,0.08887081207381999
btc_vol_breakout_9m,0,0.0125,0.015,0.0,0.3,45,random,0.02504567505128548,2.504567505128548,0.5,50,-0.05879807193435238,-5.879807193435238,9.233357713275968,1.127436385093871,1.36e-10,0.1817609159715094,10250.456750512854,0.02504567505128548
btc_alt_aligned,0,0.035,0.01,0.0,0.4,720,random,0.10340257422897298,10.340257422897297,0.7123287671232876,73,-0.11342405058911387,-11.342405058911387,17.852439795283196,1.223438024906846,1.8333333333333332e-10,0.3723325424979747,11034.02574228973,0.10340257422897298
btc_vol_breakout_9m,0,0.06,0.04,0.0,0.25,10,random,0.02803651287019802,2.803651287019802,0.625,24,-0.07280286568811645,-7.280286568811645,9.658921054479299,1.1702527708354362,4.944444444444445e-10,0.5090518625264284,10280.36512870198,0.02803651287019802
btc_alt_aligned,0,0.005,0.15,0.0,0.25,5,random,0.06757078966096397,6.7570789660963975,0.13636363636363635,44,-0.08040228486952339,-8.040228486952339,17.469235732266682,1.3695474881779388,3.1628787878787876e-10,0.652078837838973,10675.70789660964,0.06757078966096397
btc_vol_breakout_9m,0,0.04,0.08,0.0,0.25,15,random,0.04137558294822052,4.1375582948220515,0.4,20,-0.07843926805552148,-7.843926805552148,13.111827721756484,1.247517669524931,6.075e-10,0.889868185982672,10413.755829482205,0.04137558294822052
btc_vol_breakout_2m,0,0.05,0.035,0.0,0.3,20,random,0.038543848233043305,3.8543848233043305,0.5833333333333334,36,-0.10410117885199466,-10.410117885199465,10.537911541850976,1.1376673769934489,3.6805555555555556e-10,0.39964739938035493,10385.438482330434,0.038543848233043305
btc_bullish,0,0.01,0.15,0.0,0.3,15,random,0.07391251313944362,7.3912513139443625,0.2,25,-0.08929751083961357,-8.929751083961357,16.439833359203256,1.4299058793879937,5.573333333333333e-10,1.0506715560506878,10739.125131394436,0.07391251313944362
btc_alt_aligned,0,0.0175,0.2,0.0,0.25,15,random,0.061793584603458206,6.179358460345821,0.23809523809523808,21,-0.08320976426850424,-8.320976426850423,16.421818596150917,1.3769989882168288,6.896825396825396e-10,1.2647512256291353,10617.935846034583,0.061793584603458206
btc_vol_breakout_2m,0,0.005,0.015,0.0,0.4,360,random,-0.06811397796097075,-6.811397796097076,0.3469387755102041,98,-0.14680735158196678,-14.68073515819668,-13.822155291886085,0.84799122556101,8.248299319727892e-11,-0.1636414218008218,9318.860220390292,-0.06811397796097075
btc_hl_breakout_4m,0,0.06,0.05,0.0,0.3,240,random,0.08184001140892415,8.184001140892414,0.6086956521739131,23,-0.09544344082852452,-9.54434408285245,18.479744926644415,1.3727341147609775,6.036231884057971e-10,1.225373821564955,10818.400114089241,0.08184001140892415
btc_hl_breakout_9m,0,0.005,0.05,0.0,0.2,720,random,0.00075551240209752,0.075551240209752,0.19696969696969696,66,-0.10574402561871898,-10.5744025618719,1.0913050402080113,1.0037089083420172,1.6515151515151513e-10,0.025281234760617416,10007.555124020975,0.00075551240209752
btc_hl_breakout_3m,0,0.05,0.04,0.0,0.4,240,random,0.06270738253884756,6.270738253884756,0.5806451612903226,31,-0.13144672102021615,-13.144672102021616,12.935673579207018,1.1724375445125397,4.3602150537634406e-10,0.5720620915826427,10627.073825388476,0.06270738253884756
btc_vol_breakout_3m,0,0.03,0.045,0.0,0.5,240,random,0.03434031524736256,3.434031524736256,0.45161290322580644,31,-0.18599876098531254,-18.599876098531254,6.930852788176622,1.0802939381594925,4.10752688172043e-10,0.30855409310468745,10343.403152473626,0.03434031524736256
btc_vol_breakout_3m,0,0.1,0.05,0.0,0.1,240,random,0.028604070886447595,2.8604070886447595,0.6923076923076923,13,-0.03304168176274491,-3.304168176274491,19.172930573104434,1.6630904829310496,1.064102564102564e-09,2.214476880202574,10286.040708864475,0.028604070886447595
btc_hl_breakout_5m,0,0.06,0.035,0.0,0.4,60,random,0.1198818376215188,11.98818376215188,0.6538461538461539,26,-0.12989298362791413,-12.989298362791413,20.542645204287737,1.4112574289130289,5.224358974358974e-10,1.1730818787675366,11198.818376215188,0.1198818376215188
btc_vol_breakout_9m,0,0.0075,0.02,0.0,0.5,90,random,0.028210665687458187,2.8210665687458185,0.4,50,-0.12172224268468035,-12.172224268468035,7.075412385655313,1.077125958616739,1.35e-10,0.14157894346001174,10282.106656874581,0.028210665687458187
btc_vol_breakout_10m,0,0.025,0.04,0.0,0.05,15,random,0.012669729472776288,1.2669729472776288,0.5333333333333333,30,-0.013982115200397938,-1.3982115200397938,20.689765042979033,1.4177998329558015,3.2444444444444443e-10,0.8473145533832024,10126.697294727763,0.012669729472776288
btc_bullish,0,0.1,0.035,0.0,0.15,15,random,0.050092488744565414,5.009248874456541,0.76,25,-0.047506717709654755,-4.750671770965475,22.354732915792248,1.4823319987272174,5.573333333333333e-10,1.3471535742808483,10500.924887445653,0.050092488744565414
btc_vol_breakout_2m,0,0.1,0.2,0.0,0.1,45,random,0.03257183824854261,3.257183824854261,0.5714285714285714,7,-0.03449751448731364,-3.449751448731364,21.096280184695217,1.9632422681907906,2.0714285714285717e-09,4.707677978936204,10325.718382485426,0.03257183824854261
btc_hl_breakout_6m,0,0.08,0.05,0.0,0.25,1440,random,0.06154900324430942,6.154900324430942,0.625,16,-0.08437358702071485,-8.437358702071485,16.934870067264775,1.4585419166380698,8.854166666666666e-10,1.5839886435509247,10615.490032443095,0.06154900324430942
btc_hl_breakout_4m,0,0.015,0.04,0.0,0.1,5,random,0.025948089349740938,2.5948089349740937,0.4166666666666667,48,-0.02555521870486932,-2.555521870486932,19.55839289036822,1.3017450758375526,2.6354166666666665e-10,0.5450781204799089,10259.48089349741,0.025948089349740938
btc_hl_breakout_10m,0,0.05,0.06,0.0,0.05,360,random,0.01393432333211165,1.3934323332111649,0.48,25,-0.020252244306610545,-2.0252244306610545,18.18084352797503,1.336002849651337,5.526666666666666e-10,1.1255365860417736,10139.343233321117,0.01393432333211165
btc_bullish,0,0.0075,0.02,0.0,0.15,5,random,0.0446105086388857,4.46105086388857,0.3894736842105263,95,-0.0312849201788552,-3.1284920178855202,21.668516179539726,1.25318737211833,1.2140350877192983e-10,0.3157911271962693,10446.105086388858,0.0446105086388857
btc_vol_breakout_9m,0,0.05,0.01,0.0,0.25,5,random,0.022753693202695057,2.2753693202695056,0.7560975609756098,41,-0.050783850566291644,-5.078385056629164,9.279625430185611,1.1482620469635456,2.178861788617886e-10,0.2411578946777475,10227.536932026951,0.022753693202695057
btc_hl_breakout_3m,0,0.0075,0.045,0.0,0.2,60,random,-0.006377676968493892,-0.6377676968493893,0.2711864406779661,59,-0.07005801932696509,-7.005801932696509,-1.9551521404780852,0.9649285132836959,1.9350282485875707e-10,-0.039341136304290064,9936.223230315061,-0.006377676968493892
btc_vol_breakout_9m,0,0.0075,0.04,0.0,0.1,10,random,0.006350649166851121,0.6350649166851121,0.29545454545454547,44,-0.02587089419105726,-2.587089419105726,6.3065080536108,1.093551484769535,2.1325757575757574e-10,0.15176193521382156,10063.506491668511,0.006350649166851121
btc_small_up_9m,0,0.005,0.01,0.0,0.1,180,random,0.004149470722258343,0.4149470722258343,0.43478260869565216,69,-0.017946464051051936,-1.7946464051051936,4.293919994490987,1.0612277103055994,9.29951690821256e-11,0.06463373071861386,10041.494707222584,0.004149470722258343
btc_vol_breakout_3m,0,0.08,0.15,0.0,0.15,15,random,0.050404478214164716,5.040447821416471,0.5555555555555556,9,-0.0507971114988186,-5.07971114988186,21.852163688657832,1.7793460183488021,1.5537037037037037e-09,3.800027518191947,10504.044782141647,0.050404478214164716
btc_hl_breakout_1m,0,0.015,0.25,0.0,0.15,45,random,0.047327185860961254,4.732718586096126,0.21052631578947367,19,-0.04839103547663837,-4.839103547663837,21.561638476905767,1.5722369433848975,7.122807017543859e-10,1.7231136184386568,10473.271858609613,0.047327185860961254
btc_hl_breakout_6m,0,0.04,0.1,0.0,0.15,480,random,0.013405296867387778,1.340529686738778,0.38095238095238093,21,-0.05710588648399495,-5.710588648399495,7.000278440668133,1.1204448927378632,6.555555555555556e-10,0.47288726642503653,10134.052968673877,0.013405296867387778
btc_small_up_9m,0,0.06,0.015,0.0,0.4,45,random,0.06377639752166642,6.377639752166642,0.7222222222222222,36,-0.10359181152093644,-10.359181152093644,12.690870950567872,1.196759316310836,3.1111111111111114e-10,0.4901643081331752,10637.763975216665,0.06377639752166642
btc_hl_breakout_6m,0,0.0125,0.015,0.0,0.4,90,random,-0.0076346911391858615,-0.7634691139185862,0.4868421052631579,76,-0.11912012862487742,-11.912012862487742,-0.0007503260516478065,0.9829948645480424,1.3267543859649123e-10,-0.00010406694418849421,9923.653088608142,-0.0076346911391858615
btc_vol_breakout_3m,0,0.025,0.15,0.0,0.4,720,random,0.11489125467666572,11.489125467666572,0.3125,16,-0.1279870188265677,-12.798701882656772,19.49102914993993,1.5616908904193856,8.1875e-10,1.9018763916838193,11148.912546766656,0.11489125467666572
btc_alt_aligned,0,0.08,0.03,0.0,0.15,90,random,0.052745648405225415,5.274564840522541,0.75,24,-0.04663333671560166,-4.663333671560165,23.198699109856875,1.569485224252164,6.027777777777777e-10,1.467978579049642,10527.456484052254,0.052745648405225415
btc_vol_breakout_10m,0,0.01,0.045,0.0,0.25,5,random,0.0015922783087363313,0.15922783087363312,0.2702702702702703,37,-0.06072424448828995,-6.072424448828995,1.3651145909550642,1.0109941950245314,2.3783783783783784e-10,0.03511253095502011,10015.922783087364,0.0015922783087363313
btc_hl_breakout_1m,0,0.01,0.06,0.0,0.2,90,random,0.017169017093639036,1.7169017093639036,0.26,50,-0.07084856578189846,-7.0848565781898465,7.144290578547019,1.087956831556564,2.3966666666666667e-10,0.19649896486375382,10171.69017093639,0.017169017093639036
btc_bullish,0,0.015,0.02,0.0,0.1,480,random,0.025050326022409333,2.505032602240933,0.4868421052631579,76,-0.023524200308208454,-2.3524200308208454,17.168396592060695,1.2130906879228402,1.6118421052631579e-10,0.3346085128445958,10250.503260224094,0.025050326022409333
btc_vol_breakout_9m,0,0.015,0.035,0.0,0.05,180,random,0.012934261370454442,1.2934261370454443,0.42105263157894735,38,-0.008836921687898958,-0.8836921687898958,24.02867925116356,1.4422044246294041,2.460526315789474e-10,0.6816938544853322,10129.342613704544,0.012934261370454442
btc_vol_breakout_9m,0,0.0175,0.03,0.0,0.2,180,random,0.022585628894654656,2.2585628894654657,0.4166666666666667,36,-0.04996794245133018,-4.996794245133018,11.03220111130277,1.1704375850106168,2.736111111111111e-10,0.3296823952406115,10225.856288946547,0.022585628894654656
btc_hl_breakout_4m,0,0.0125,0.025,0.0,0.05,240,random,0.01151490095563974,1.151490095563974,0.46774193548387094,62,-0.011602109097828439,-1.160210909782844,17.965680938553565,1.2475806125828077,1.75e-10,0.3736381063735448,10115.149009556397,0.01151490095563974
btc_small_up_9m,0,0.04,0.3,0.0,0.15,360,random,0.04650563316537643,4.650563316537643,0.5,4,-0.046032071429336296,-4.60320714293363,19.07066895979891,4.2963382550275195,3.5416666666666665e-09,7.7738448450265185,10465.056331653765,0.04650563316537643
btc_hl_breakout_9m,0,0.0125,0.1,0.0,0.5,90,random,0.15844850877450145,15.844850877450146,0.29411764705882354,34,-0.16244084605201004,-16.244084605201003,21.351105205190002,1.3581901810457442,3.975490196078431e-10,0.9820903824922695,11584.485087745015,0.15844850877450145
btc_vol_breakout_8m,0,0.06,0.15,0.0,0.3,15,random,0.043200742650037545,4.320074265003755,0.4444444444444444,9,-0.10556407033849913,-10.556407033849913,11.473860226174972,1.3333835596813783,1.524074074074074e-09,1.7984071653938338,10432.007426500375,0.043200742650037545
btc_hl_breakout_6m,0,0.08,0.03,0.0,0.25,720,random,0.0745001810602058,7.45001810602058,0.7272727272727273,22,-0.07444934855319774,-7.444934855319774,20.48358692480089,1.5122578254195247,6.424242424242424e-10,1.3669051603026892,10745.001810602058,0.0745001810602058
btc_vol_breakout_9m,0,0.0175,0.02,0.0,0.3,360,random,0.038988713393253195,3.8988713393253196,0.5121951219512195,41,-0.0628559044128143,-6.28559044128143,13.377470733392627,1.1957054022392448,1.8617886178861787e-10,0.33442408131868506,10389.887133932532,0.038988713393253195
btc_hl_breakout_8m,0,0.0125,0.05,0.0,0.15,240,random,0.02186734200380031,2.1867342003800307,0.2978723404255319,47,-0.05396765838065687,-5.396765838065686,10.444586368861831,1.1538497291784247,2.631205673758865e-10,0.3294880694324149,10218.673420038003,0.02186734200380031
btc_vol_breakout_8m,0,0.03,0.25,0.0,0.1,240,random,0.043871617428855224,4.387161742885523,0.3333333333333333,12,-0.02191688760736521,-2.191688760736521,32.11900273778442,2.142603335410321,1.125e-09,3.676904558152536,10438.716174288553,0.043871617428855224
btc_vol_breakout_8m,0,0.1,0.05,0.0,0.2,90,random,0.013917309493008428,1.3917309493008427,0.5833333333333334,12,-0.0653594292615286,-6.53594292615286,6.038168395247443,1.1471561312335359,1.0430555555555557e-09,0.6620497821868853,10139.173094930084,0.013917309493008428
btc_alt_aligned,0,0.08,0.015,0.0,0.2,45,random,0.05866888135643628,5.866888135643628,0.8048780487804879,41,-0.060799560859022606,-6.0799560859022606,19.705613404691725,1.3669969160867639,3.4430894308943093e-10,0.7284203090615028,10586.688813564362,0.05866888135643628
btc_hl_breakout_10m,0,0.01,0.15,0.0,0.4,240,random,0.07911157645614313,7.9111576456143125,0.19230769230769232,26,-0.12999459891456766,-12.999459891456766,14.609160965973297,1.313471944061503,5.173076923076924e-10,0.86336001539935,10791.115764561431,0.07911157645614313
btc_hl_breakout_4m,0,0.03,0.1,0.0,0.2,60,random,0.026808882593432486,2.6808882593432486,0.38095238095238093,21,-0.07643615531361736,-7.6436155313617355,10.13726886855493,1.2035544832466794,6.555555555555556e-10,0.6884700223028946,10268.088825934325,0.026808882593432486
btc_hl_breakout_7m,0,0.06,0.05,0.0,0.4,90,random,0.10689874681812125,10.689874681812125,0.5909090909090909,22,-0.13823970507550098,-13.823970507550099,18.32328954280625,1.3732972388329134,6.393939393939394e-10,1.2688603141848867,11068.987468181213,0.10689874681812125
btc_vol_breakout_2m,0,0.015,0.3,0.0,0.5,60,random,0.20942328483382272,20.942328483382273,0.2,15,-0.15907459066499352,-15.907459066499353,25.596818351010427,1.9096493614757517,9.355555555555556e-10,2.9735308949038055,12094.232848338226,0.20942328483382272
btc_hl_breakout_9m,0,0.03,0.05,0.0,0.5,60,random,0.03949035915826571,3.949035915826571,0.42857142857142855,35,-0.20019094094558,-20.019094094558,7.352808847309948,1.0735542346516507,3.766666666666667e-10,0.3255755107110286,10394.903591582657,0.03949035915826571
btc_small_up_10m,0,0.03,0.2,0.0,0.3,20,random,0.039357849354208066,3.9357849354208065,0.25,20,-0.10637267601280787,-10.637267601280787,10.078686993746828,1.17173005497797,6.533333333333334e-10,0.8000688820801513,10393.578493542082,0.039357849354208066
btc_vol_breakout_9m,0,0.005,0.05,0.0,0.15,20,random,0.002508033679016785,0.2508033679016785,0.2127659574468085,47,-0.03192624437390135,-3.1926244373901347,2.0712340375016045,1.025757493743924,1.8049645390070923e-10,0.04596440940110006,10025.080336790168,0.002508033679016785
btc_hl_breakout_7m,0,0.01,0.03,0.0,0.05,720,random,0.00745225001452913,0.745225001452913,0.3382352941176471,68,-0.017629969821765568,-1.7629969821765568,10.453942570658144,1.1383768566474535,1.6740196078431374e-10,0.22329432142098637,10074.52250014529,0.00745225001452913
btc_small_up_9m,0,0.025,0.06,0.0,0.3,30,random,0.00932272669964118,0.932272669964118,0.32142857142857145,28,-0.09438207918611974,-9.438207918611974,3.541093863697019,1.0412389239970543,4.2023809523809523e-10,0.1686526686756721,10093.227266996411,0.00932272669964118
btc_hl_breakout_3m,0,0.03,0.035,0.0,0.15,1440,random,0.027997444378437514,2.7997444378437515,0.5263157894736842,38,-0.044308152951471835,-4.430815295147184,14.22239186402784,1.2173486955378434,3.4824561403508774e-10,0.505685930113566,10279.974443784375,0.027997444378437514
btc_hl_breakout_10m,0,0.0175,0.015,0.0,0.5,5,random,0.06143580476461439,6.143580476461439,0.5147058823529411,68,-0.16934288252360774,-16.934288252360773,10.382485684893757,1.0987529779733713,1.5269607843137254e-10,0.2203472985010405,10614.358047646143,0.06143580476461439
btc_hl_breakout_4m,0,0.035,0.3,0.0,0.4,90,random,0.18152830904067668,18.152830904067667,0.3333333333333333,9,-0.12701666507620446,-12.701666507620446,27.154738575194887,2.116450605343794,1.6185185185185186e-09,5.219019458190812,11815.283090406767,0.18152830904067668
btc_hl_breakout_8m,0,0.0125,0.01,0.0,0.5,480,random,0.026641489534547143,2.6641489534547143,0.5357142857142857,84,-0.14373115570793615,-14.373115570793615,5.801221837917316,1.0457674055673207,1.1269841269841269e-10,0.09560588399322349,10266.414895345471,0.026641489534547143
btc_hl_breakout_6m,0,0.06,0.01,0.0,0.3,10,random,0.06563677925985144,6.563677925985144,0.782608695652174,46,-0.08721810500725569,-8.721810500725569,15.761940704129248,1.2758961072255641,2.692028985507246e-10,0.49673890032503043,10656.367792598514,0.06563677925985144
btc_hl_breakout_2m,0,0.04,0.3,0.0,0.1,20,random,0.04746254536051983,4.746254536051983,0.375,8,-0.031773172014374684,-3.1773172014374684,27.59290447247268,2.3913290627779697,1.8208333333333333e-09,5.976670143948298,10474.625453605198,0.04746254536051983
btc_vol_breakout_10m,0,0.0075,0.3,0.0,0.25,720,random,0.0574532762848391,5.74532762848391,0.18181818181818182,11,-0.052245049604974114,-5.224504960497411,17.89865881896659,2.244940088150667,1.1969696969696968e-09,2.151976226208034,10574.53276284839,0.0574532762848391
btc_hl_breakout_1m,0,0.035,0.025,0.0,0.25,120,random,0.07650369090281957,7.6503690902819566,0.631578947368421,38,-0.05611119427911604,-5.6111194279116035,23.184327940319246,1.4146292826151663,3.407894736842105e-10,0.8075481301140219,10765.036909028197,0.07650369090281957
btc_hl_breakout_1m,0,0.025,0.045,0.0,0.25,5,random,0.02530037805455313,2.530037805455313,0.42105263157894735,38,-0.09203256196560328,-9.203256196560329,8.31363555080697,1.1115142092654555,3.355263157894737e-10,0.29849479929520056,10253.003780545532,0.02530037805455313
btc_vol_breakout_9m,0,0.0175,0.015,0.0,0.25,45,random,0.003551484999332251,0.3551484999332251,0.5217391304347826,46,-0.055063170102716885,-5.5063170102716885,2.142638075379992,1.0209377467809075,1.6304347826086957e-10,0.04670826701086598,10035.514849993322,0.003551484999332251
btc_vol_breakout_3m,0,0.025,0.06,0.0,0.5,15,random,0.05656383922387822,5.656383922387822,0.35714285714285715,28,-0.17518328269202843,-17.518328269202843,10.095518785133683,1.1385334953983504,4.392857142857143e-10,0.5075628846513729,10565.638392238783,0.05656383922387822
btc_hl_breakout_5m,0,0.06,0.035,0.0,0.25,30,random,0.07550507102529569,7.5505071025295685,0.6538461538461539,26,-0.08284182726244249,-8.28418272624425,20.46011617259896,1.439592987983294,5.224358974358974e-10,1.173081878767535,10755.050710252957,0.07550507102529569
btc_alt_aligned,0,0.0175,0.06,0.0,0.4,20,random,0.07140457809298313,7.140457809298313,0.3125,48,-0.1384542298291398,-13.84542298291398,12.881221320865079,1.1489291667749533,2.8958333333333334e-10,0.4272718306712019,10714.045780929831,0.07140457809298313
btc_hl_breakout_6m,0,0.0075,0.15,0.0,0.2,720,random,0.023303877782848828,2.3303877782848827,0.15625,32,-0.08423130398881917,-8.423130398881916,8.404975582424893,1.1656414506163588,4.229166666666667e-10,0.41785364596505437,10233.038777828488,0.023303877782848828
btc_hl_breakout_7m,0,0.025,0.03,0.0,0.2,10,random,0.066075242324356,6.6075242324356,0.5111111111111111,45,-0.055109519182168665,-5.5109519182168665,22.240589016261197,1.3444726048131224,2.8629629629629627e-10,0.740898856226859,10660.75242324356,0.066075242324356
btc_vol_breakout_10m,0,0.02,0.03,0.0,0.4,30,random,0.06974217356708805,6.974217356708805,0.47058823529411764,34,-0.09315970298608223,-9.315970298608223,16.763249075625602,1.2625805257798668,2.7941176470588236e-10,0.5367698308411033,10697.42173567088,0.06974217356708805
btc_hl_breakout_10m,0,0.02,0.06,0.0,0.05,10,random,0.011245083394120866,1.1245083394120865,0.3333333333333333,36,-0.01650953315983872,-1.6509533159838718,15.104854994835536,1.2532065359438733,3.625e-10,0.6330411703943764,10112.45083394121,0.011245083394120866
btc_alt_aligned,0,0.03,0.01,0.0,0.1,1440,random,0.021957541427795286,2.1957541427795286,0.6794871794871795,78,-0.02939127332308622,-2.939127332308622,14.667258270439541,1.1912336556668293,1.707264957264957e-10,0.2874860368032608,10219.575414277953,0.021957541427795286
btc_alt_aligned,0,0.025,0.2,0.0,0.25,60,random,0.06624763285777571,6.624763285777571,0.2777777777777778,18,-0.08508010908755848,-8.508010908755848,17.528014749933053,1.4231334135398486,8.083333333333333e-10,1.5698806664300484,10662.476328577757,0.06624763285777571
btc_hl_breakout_1m,0,0.0075,0.02,0.0,0.25,30,random,-0.019925402999835706,-1.9925402999835706,0.3815789473684211,76,-0.10306503880293916,-10.306503880293915,-5.686198760227475,0.9284755919751405,1.293859649122807e-10,-0.09099086369586769,9800.745970001642,-0.019925402999835706
btc_vol_breakout_2m,0,0.005,0.015,0.0,0.05,90,random,-0.00807885130506848,-0.8078851305068481,0.3469387755102041,98,-0.019091207296025536,-1.9091207296025536,-13.784448577379509,0.8522050416101766,8.248299319727892e-11,-0.1636414218008191,9919.211486949314,-0.00807885130506848
btc_alt_aligned,0,0.03,0.12,0.0,0.1,180,random,0.033468420192942085,3.3468420192942085,0.34782608695652173,23,-0.035671872484271505,-3.5671872484271505,21.031570637734834,1.4457121827919706,6.282608695652174e-10,1.4769335764762155,10334.68420192942,0.033468420192942085
btc_small_up_10m,0,0.0175,0.2,0.0,0.4,1440,random,0.035335073865651156,3.5335073865651156,0.18518518518518517,27,-0.1515723514541355,-15.15723514541355,7.678966130371823,1.1078962970234236,4.4629629629629633e-10,0.47127821847261514,10353.35073865651,0.035335073865651156
btc_small_up_9m,0,0.02,0.025,0.0,0.3,10,random,0.04082969266794298,4.082969266794298,0.4666666666666667,45,-0.07698808082307751,-7.698808082307751,11.654797494677384,1.1677364078380685,2.1555555555555557e-10,0.3244178001001551,10408.29692667943,0.04082969266794298
btc_small_up_10m,0,0.035,0.12,0.0,0.2,30,random,0.05317964303860163,5.317964303860163,0.375,16,-0.06962258101623564,-6.962258101623564,17.665977293687998,1.4629197865909254,8.489583333333333e-10,1.7239663060336985,10531.796430386017,0.05317964303860163
btc_vol_breakout_8m,0,0.04,0.02,0.0,0.05,10,random,0.011869252559049363,1.1869252559049364,0.6571428571428571,35,-0.010984361705751566,-1.0984361705751566,21.852261086968166,1.417210588545135,2.7476190476190474e-10,0.6797097403407215,10118.692525590493,0.011869252559049363
btc_hl_breakout_5m,0,0.005,0.02,0.0,0.1,30,random,0.004576244759043629,0.45762447590436295,0.3111111111111111,90,-0.04565007568082302,-4.565007568082303,3.729420001350473,1.0406296767058965,1.05e-10,0.05712933155410599,10045.762447590436,0.004576244759043629
btc_vol_breakout_9m,0,0.0175,0.1,0.0,0.2,10,random,0.04934021092160599,4.934021092160599,0.2916666666666667,24,-0.0569582811069661,-5.69582811069661,19.22800991330024,1.4292928016087818,4.881944444444445e-10,1.0527075333684082,10493.40210921606,0.04934021092160599
btc_small_up_9m,0,0.1,0.15,0.0,0.15,90,random,0.05431402535405789,5.431402535405789,0.6666666666666666,6,-0.04808907109298488,-4.808907109298488,23.527594385696702,2.5522451743092907,2.3305555555555556e-09,6.052651483368512,10543.14025354058,0.05431402535405789
btc_small_up_10m,0,0.0075,0.15,0.0,0.05,20,random,0.008494527634714854,0.8494527634714854,0.16666666666666666,30,-0.016805577957067386,-1.6805577957067386,11.628845753480693,1.2872592769007747,3.722222222222222e-10,0.5781081182984936,10084.945276347149,0.008494527634714854
btc_hl_breakout_1m,0,0.01,0.035,0.0,0.25,120,random,0.02014413945088804,2.014413945088804,0.3389830508474576,59,-0.08595104540913867,-8.595104540913868,7.064707460997105,1.0764562800245048,1.977401129943503e-10,0.1584971590735602,10201.44139450888,0.02014413945088804
btc_hl_breakout_8m,0,0.005,0.015,0.0,0.25,180,random,-0.01889310791910175,-1.8893107919101748,0.3118279569892473,93,-0.12798969251425618,-12.798969251425618,-4.678690602933645,0.9356561729187258,9.49820788530466e-11,-0.06745699151063247,9811.068920808983,-0.01889310791910175
btc_hl_breakout_8m,0,0.1,0.06,0.0,0.15,120,random,0.037167051547957,3.7167051547957,0.625,16,-0.058446326075334176,-5.844632607533418,16.649317019624043,1.4107189536838876,9.052083333333334e-10,1.5894388113352884,10371.67051547957,0.037167051547957
btc_vol_breakout_8m,0,0.04,0.25,0.0,0.1,120,random,0.0326134079879393,3.26134079879393,0.3333333333333333,12,-0.031979798316050356,-3.1979798316050356,22.5682004955905,1.6609402405462,1.152777777777778e-09,2.7791439965886235,10326.134079879394,0.0326134079879393
btc_hl_breakout_7m,0,0.03,0.025,0.0,0.4,240,random,0.06951568111665787,6.951568111665788,0.5333333333333333,45,-0.14473928733697405,-14.473928733697406,13.315550512420295,1.1655582819654957,2.8407407407407407e-10,0.4279439929901493,10695.156811166578,0.06951568111665787
btc_hl_breakout_4m,0,0.025,0.02,0.0,0.2,15,random,0.058400136383397354,5.840013638339736,0.5961538461538461,52,-0.04106008776108161,-4.106008776108161,22.298040671693414,1.323907428198549,2.1923076923076923e-10,0.5655665405163374,10584.001363833973,0.058400136383397354
btc_bullish,0,0.0075,0.06,0.0,0.1,240,random,0.024030774615511747,2.4030774615511747,0.234375,64,-0.028715722219980644,-2.8715722219980644,16.168529232654397,1.2289201181315694,1.9661458333333334e-10,0.3836592821695907,10240.307746155118,0.024030774615511747
btc_bullish,0,0.005,0.12,0.0,0.2,360,random,0.05127175949641123,5.127175949641123,0.15217391304347827,46,-0.05758596271466665,-5.758596271466665,16.899311617457883,1.3489868296442469,2.869565217391304e-10,0.581980711423444,10512.717594964113,0.05127175949641123
btc_hl_breakout_5m,0,0.0175,0.2,0.0,0.4,60,random,0.1186834064751578,11.86834064751578,0.25,20,-0.13512708400879314,-13.512708400879314,20.18618641542058,1.4412580676821036,7.175e-10,1.6090234038455313,11186.834064751578,0.1186834064751578
btc_vol_breakout_9m,0,0.06,0.12,0.0,0.3,720,random,0.03542836900210959,3.542836900210959,0.4,10,-0.10556407033849713,-10.556407033849712,9.656339639333181,1.2563857153109934,1.3400000000000001e-09,1.3321966448101557,10354.283690021097,0.03542836900210959
btc_hl_breakout_5m,0,0.005,0.05,0.0,0.5,90,random,0.06297986945373286,6.297986945373286,0.234375,64,-0.19558661176697645,-19.558661176697644,10.694179277819378,1.112514193497989,1.7604166666666667e-10,0.2441892407587596,10629.798694537329,0.06297986945373286
btc_hl_breakout_1m,0,0.035,0.06,0.0,0.2,10,random,0.05754265471126871,5.754265471126871,0.46153846153846156,26,-0.06749080430094367,-6.749080430094367,20.916109114578695,1.4010972881441104,5.211538461538462e-10,1.1273622815877076,10575.426547112687,0.05754265471126871
btc_vol_breakout_3m,0,0.08,0.02,0.0,0.05,90,random,0.017136660532754637,1.7136660532754637,0.7741935483870968,31,-0.01392650161745057,-1.392650161745057,23.629910456576546,1.5343861660978022,4.043010752688172e-10,1.1068434230085045,10171.366605327546,0.017136660532754637
btc_vol_breakout_8m,0,0.08,0.035,0.0,0.2,10,random,0.03317593889625543,3.3175938896255435,0.6818181818181818,22,-0.0555037727766724,-5.5503772776672395,13.5298889263066,1.2653440028490859,5.939393939393939e-10,0.7897077864975168,10331.759388962555,0.03317593889625543
btc_bullish,0,0.03,0.03,0.0,0.4,45,random,0.09420822918062272,9.420822918062271,0.5111111111111111,45,-0.10610811193252334,-10.610811193252335,16.71064882709396,1.2159092961764044,2.9333333333333335e-10,0.5612033150461081,10942.082291806228,0.09420822918062272
btc_hl_breakout_5m,0,0.025,0.015,0.0,0.1,90,random,0.01621261906978351,1.621261906978351,0.5862068965517241,58,-0.030419128939790374,-3.0419128939790374,12.507172534519732,1.1703512875918023,1.8793103448275864e-10,0.2862391955845455,10162.126190697834,0.01621261906978351
btc_vol_breakout_10m,0,0.05,0.05,0.0,0.4,180,random,-0.006346752182680393,-0.6346752182680393,0.47619047619047616,21,-0.13360722473411435,-13.360722473411435,0.27578210337821263,0.9778607333302382,5.412698412698412e-10,0.03320284665611701,9936.532478173196,-0.006346752182680393
btc_hl_breakout_1m,0,0.03,0.01,0.0,0.2,120,random,0.010861593554973525,1.0861593554973525,0.6610169491525424,59,-0.06858878823412595,-6.858878823412596,5.030845231612322,1.0592129976454465,1.8022598870056497e-10,0.10710167300874815,10108.615935549735,0.010861593554973525
btc_hl_breakout_8m,0,0.0125,0.03,0.0,0.4,5,random,0.07647932583562038,7.647932583562038,0.39344262295081966,61,-0.12067062294362418,-12.067062294362419,14.555924191596493,1.1692760521469576,1.8169398907103824e-10,0.3416899514254866,10764.793258356203,0.07647932583562038
btc_hl_breakout_10m,0,0.02,0.15,0.0,0.2,180,random,0.05266409834322398,5.266409834322398,0.2777777777777778,18,-0.06467333112120333,-6.467333112120333,17.577763410903838,1.4924975662773972,7.796296296296296e-10,1.5207258555252543,10526.64098343224,0.05266409834322398
btc_vol_breakout_8m,0,0.0075,0.025,0.0,0.5,90,random,0.01616404035546193,1.6164040355461928,0.3333333333333333,48,-0.1368602509642105,-13.686025096421051,4.619808419285495,1.042808092643348,1.8194444444444443e-10,0.10035873925547396,10161.640403554618,0.01616404035546193
btc_hl_breakout_1m,0,0.0125,0.035,0.0,0.15,5,random,0.012579036848607984,1.2579036848607985,0.35714285714285715,56,-0.05257747113763367,-5.257747113763367,6.9409725701469025,1.0813740775194323,2.142857142857143e-10,0.16375693666971516,10125.79036848608,0.012579036848607984
btc_bullish,0,0.08,0.12,0.0,0.25,90,random,0.07115410906857442,7.115410906857441,0.5,10,-0.08358811444049086,-8.358811444049085,18.926814732558288,1.5535838781211047,1.4616666666666667e-09,2.9689138940803597,10711.541090685743,0.07115410906857442
btc_vol_breakout_10m,0,0.005,0.05,0.0,0.5,90,random,0.010896448396798404,1.0896448396798404,0.2222222222222222,45,-0.10372645225625854,-10.372645225625854,3.6014742853887127,1.032745356207263,1.740740740740741e-10,0.08391815029792407,10108.964483967984,0.010896448396798404
btc_hl_breakout_5m,0,0.015,0.25,0.0,0.4,45,random,0.10743792290275296,10.743792290275296,0.2,20,-0.1354369619707575,-13.54369619707575,19.18103647610922,1.4304263089949756,7.025e-10,1.5229565705648855,11074.37922902753,0.10743792290275296
btc_bullish,0,0.015,0.2,0.0,0.3,180,random,0.08602573543741336,8.602573543741336,0.22727272727272727,22,-0.09076438133455589,-9.07643813345559,18.81627244352906,1.4463470294361804,6.401515151515151e-10,1.3922702529487563,10860.257354374135,0.08602573543741336
btc_vol_breakout_8m,0,0.005,0.12,0.0,0.3,30,random,0.029508920498556246,2.9508920498556246,0.11764705882352941,34,-0.06842094405450849,-6.842094405450849,9.250136204721628,1.1855216015580214,3.068627450980392e-10,0.3357566832031314,10295.089204985563,0.029508920498556246
btc_hl_breakout_10m,0,0.1,0.2,0.0,0.25,240,random,0.08851459968359854,8.851459968359855,0.5714285714285714,7,-0.0828988232087362,-8.28988232087362,22.772162876525925,2.0127609004886087,2.0976190476190476e-09,5.172833094934799,10885.145996835985,0.08851459968359854
btc_small_down_10m,0,0.05,0.12,0.0,0.4,120,random,0.0973823838393651,9.73823838393651,0.42857142857142855,14,-0.13370678546823034,-13.370678546823033,18.09118850575615,1.4196338667238027,9.642857142857143e-10,1.8937881736707876,10973.823838393651,0.0973823838393651
btc_small_up_10m,0,0.06,0.1,0.0,0.5,720,random,0.13345391935192655,13.345391935192655,0.47058823529411764,17,-0.1727873226051404,-17.27873226051404,19.07894699190522,1.3480912980419253,7.19607843137255e-10,1.7422431240816927,11334.539193519266,0.13345391935192655
btc_hl_breakout_10m,0,0.03,0.15,0.0,0.15,20,random,0.0414916679077568,4.149166790775681,0.35714285714285715,14,-0.055328011710158,-5.5328011710158,17.91241894819436,1.5594228599383615,1.0154761904761906e-09,2.0297892341021755,10414.916679077567,0.0414916679077568
btc_hl_breakout_3m,0,0.005,0.01,0.0,0.2,10,random,-0.06211911523271867,-6.211911523271867,0.3958333333333333,96,-0.10047248834944833,-10.047248834944833,-31.22887031220394,0.6943411355803683,8.038194444444445e-11,-0.32808729648666646,9378.808847672813,-0.06211911523271867
btc_hl_breakout_5m,0,0.1,0.01,0.0,0.4,20,random,0.12381781299780828,12.381781299780828,0.8571428571428571,42,-0.12993004737504033,-12.993004737504032,21.756978465834596,1.4499060214474155,2.8373015873015875e-10,0.7486678520620339,11238.178129978083,0.12381781299780828
btc_small_up_10m,0,0.005,0.15,0.0,0.1,120,random,0.016508186815436397,1.6508186815436396,0.14705882352941177,34,-0.03286051159812242,-3.286051159812242,11.49962245778099,1.2758322059359468,3.181372549019608e-10,0.5057373923782529,10165.081868154364,0.016508186815436397
btc_hl_breakout_5m,0,0.05,0.015,0.0,0.25,360,random,0.01056559368377566,1.0565593683775658,0.6818181818181818,44,-0.09475748858386379,-9.475748858386378,4.084878467441109,1.044692979061922,2.9469696969696975e-10,0.12736762889608563,10105.655936837757,0.01056559368377566
btc_vol_breakout_8m,0,0.1,0.25,0.0,0.3,30,random,0.09599615936230799,9.599615936230798,0.6,5,-0.09674069262631346,-9.674069262631345,20.427115763581646,2.181673530639099,2.9433333333333333e-09,6.605717526282291,10959.96159362308,0.09599615936230799
btc_hl_breakout_6m,0,0.01,0.15,0.0,0.15,720,random,0.026740600685630965,2.6740600685630964,0.17857142857142858,28,-0.051931779888392704,-5.19317798883927,12.023885959591784,1.2854201919031913,4.869047619047619e-10,0.6770217575087062,10267.40600685631,0.026740600685630965
btc_vol_breakout_3m,0,0.05,0.06,0.0,0.25,1440,random,0.036021129024831046,3.6021129024831047,0.45,20,-0.0912655357126455,-9.126553571264552,11.21172268240943,1.2032659572631126,6.708333333333333e-10,0.7925804868969509,10360.21129024831,0.036021129024831046
btc_vol_breakout_3m,0,0.02,0.015,0.0,0.15,180,random,0.03589783409330512,3.589783409330512,0.5964912280701754,57,-0.02903353249309193,-2.903353249309193,20.81701141451511,1.3081958960078675,1.6578947368421054e-10,0.4229129037692021,10358.978340933052,0.03589783409330512
btc_vol_breakout_9m,0,0.005,0.05,0.0,0.05,480,random,0.0009978984086555101,0.09978984086555101,0.2127659574468085,47,-0.01071905532248918,-1.071905532248918,2.082893787150041,1.0311616580164151,1.8049645390070923e-10,0.04596440940109872,10009.978984086556,0.0009978984086555101
btc_hl_breakout_6m,0,0.0075,0.04,0.0,0.15,480,random,-0.014803922183382223,-1.4803922183382223,0.26666666666666666,60,-0.06860312176954075,-6.860312176954075,-7.283992089946436,0.9049019230644159,1.9666666666666669e-10,-0.15321839259543857,9851.960778166178,-0.014803922183382223
btc_hl_breakout_8m,0,0.0175,0.02,0.0,0.15,720,random,0.020370010500793227,2.0370010500793225,0.4745762711864407,59,-0.04842349571918925,-4.842349571918925,9.993724314042305,1.1256731998701761,1.8954802259887007e-10,0.2437805197660388,10203.700105007933,0.020370010500793227
btc_alt_aligned,0,0.03,0.02,0.0,0.15,5,random,0.03100751453405569,3.100751453405569,0.5769230769230769,52,-0.04390503563232051,-4.390503563232051,13.982534352349901,1.1941921480010647,2.666666666666667e-10,0.4115553341564237,10310.075145340557,0.03100751453405569
btc_small_down_10m,0,0.06,0.01,0.0,0.2,15,random,0.08554158412403265,8.554158412403265,0.8055555555555556,36,-0.03626040216845383,-3.626040216845383,33.35835761735767,1.887120432479132,2.634259259259259e-10,1.1617112399320457,10855.415841240327,0.08554158412403265
btc_small_down_10m,0,0.08,0.015,0.0,0.05,15,random,0.01612128626787993,1.6121286267879928,0.8148148148148148,27,-0.013053962862765278,-1.3053962862765278,22.832621470507465,1.7222329999620425,4.1296296296296296e-10,1.19364224823236,10161.2128626788,0.01612128626787993
btc_vol_breakout_10m,0,0.08,0.025,0.0,0.4,30,random,0.07057737052676084,7.057737052676084,0.7142857142857143,21,-0.09050945219903928,-9.050945219903927,16.36080923455196,1.3268532852760568,5.460317460317459e-10,0.8919065019679431,10705.77370526761,0.07057737052676084
btc_vol_breakout_3m,0,0.005,0.15,0.0,0.25,20,random,0.028051048445231253,2.8051048445231253,0.13157894736842105,38,-0.1022718355443959,-10.22718355443959,8.537919328941582,1.1601744148943944,2.8201754385964917e-10,0.3506818346430564,10280.510484452312,0.028051048445231253
btc_hl_breakout_5m,0,0.05,0.035,0.0,0.5,20,random,0.024821022586390153,2.4821022586390153,0.5757575757575758,33,-0.18254825286140586,-18.254825286140587,5.5820419698648465,1.0513070797786366,4.0101010101010103e-10,0.23519593397364366,10248.210225863902,0.024821022586390153
btc_vol_breakout_9m,0,0.06,0.025,0.0,0.05,90,random,0.01156931002451749,1.156931002451749,0.6923076923076923,26,-0.011707755254326546,-1.1707755254326546,20.884445780992877,1.4496394819912581,4.1153846153846156e-10,0.8928091841412824,10115.693100245175,0.01156931002451749
btc_small_up_9m,0,0.06,0.015,0.0,0.2,60,random,0.03364142539387792,3.364142539387792,0.7222222222222222,36,-0.051795709108136134,-5.179570910813613,12.692734964724421,1.2191569365445976,3.1111111111111114e-10,0.49016430813317474,10336.41425393878,0.03364142539387792
btc_hl_breakout_4m,0,0.005,0.2,0.0,0.2,1440,random,0.03880175635949522,3.880175635949522,0.13793103448275862,29,-0.060049937746559756,-6.004993774655976,14.569441833588362,1.338126976075533,4.339080459770115e-10,0.7258441924151712,10388.017563594953,0.03880175635949522
btc_hl_breakout_9m,0,0.0125,0.2,0.0,0.2,45,random,0.0686108144217181,6.86108144217181,0.23809523809523808,21,-0.06338425407543269,-6.338425407543269,22.034807960243345,1.612958385476564,6.611111111111111e-10,1.6805280668703775,10686.108144217182,0.0686108144217181
btc_alt_aligned,0,0.03,0.03,0.0,0.05,20,random,0.009541288319937684,0.9541288319937684,0.5,44,-0.01852254206735693,-1.8522542067356929,12.470879510857095,1.1828132657709296,3.1893939393939396e-10,0.44037202878612636,10095.412883199377,0.009541288319937684
btc_hl_breakout_5m,0,0.0175,0.25,0.0,0.05,10,random,0.012052245084774454,1.2052245084774453,0.2,20,-0.017107327768349334,-1.7107327768349334,16.46282122253796,1.3905775418913646,7.083333333333334e-10,1.2318997964548113,10120.522450847744,0.012052245084774454
btc_vol_breakout_3m,0,0.05,0.1,0.0,0.3,480,random,0.05918419326202579,5.91841932620258,0.3888888888888889,18,-0.10870687466237539,-10.870687466237538,14.926761887662046,1.2653712814031952,7.361111111111111e-10,1.2159611146134186,10591.841932620258,0.05918419326202579
btc_hl_breakout_7m,0,0.0175,0.03,0.0,0.1,1440,random,0.003995875224481438,0.39958752244814383,0.3888888888888889,54,-0.04942458527729998,-4.942458527729999,3.216309650548229,1.036575536999561,2.2870370370370369e-10,0.08540359840347704,10039.958752244815,0.003995875224481438
btc_vol_breakout_2m,0,0.015,0.02,0.0,0.5,20,random,0.013243842862528254,1.3243842862528254,0.4626865671641791,67,-0.1337393011454432,-13.373930114544319,3.935861356991054,1.0242737303389433,1.6766169154228854e-10,0.07379894259938356,10132.438428625283,0.013243842862528254
btc_hl_breakout_10m,0,0.015,0.06,0.0,0.2,180,random,0.040010198897929374,4.001019889792937,0.3,40,-0.06924230574599155,-6.9242305745991555,13.869264204771671,1.2209259292400145,3.225e-10,0.5277393749764769,10400.101988979293,0.040010198897929374
btc_hl_breakout_6m,0,0.015,0.04,0.0,0.2,240,random,-0.006465079392750704,-0.6465079392750703,0.3404255319148936,47,-0.07499069541766423,-7.499069541766423,-1.811332221844788,0.9662690836890989,2.6560283687943263e-10,-0.04825765811988452,9935.349206072493,-0.006465079392750704
btc_hl_breakout_8m,0,0.0125,0.08,0.0,0.5,180,random,0.10493127193977561,10.49312719397756,0.2702702702702703,37,-0.18026467888426967,-18.026467888426968,15.435395597094027,1.2326246156077945,3.4684684684684683e-10,0.63953383718522,11049.312719397756,0.10493127193977561
btc_vol_breakout_2m,0,0.03,0.025,0.0,0.1,30,random,0.013735925608121329,1.3735925608121329,0.5476190476190477,42,-0.02404555760085947,-2.404555760085947,10.725536506397027,1.162754547681825,3.055555555555555e-10,0.33645002434646815,10137.359256081214,0.013735925608121329
btc_bullish,0,0.0125,0.04,0.0,0.15,120,random,0.03448159130553374,3.4481591305533743,0.3548387096774194,62,-0.040966373539233936,-4.096637353923393,15.664833878907789,1.2054682708090954,2.032258064516129e-10,0.3813033576435236,10344.815913055338,0.03448159130553374
btc_hl_breakout_9m,0,0.03,0.3,0.0,0.1,180,random,0.04203421403033838,4.203421403033838,0.3,10,-0.03717760583612617,-3.717760583612617,24.620517356706657,2.0668772823349,1.4366666666666667e-09,4.260462430173175,10420.342140303384,0.04203421403033838
btc_hl_breakout_6m,0,0.06,0.08,0.0,0.1,720,random,0.026564251167103124,2.6564251167103126,0.5,16,-0.03608203203201854,-3.608203203201854,17.702284925248787,1.4575715330742138,8.65625e-10,1.6833736133824984,10265.64251167103,0.026564251167103124
btc_hl_breakout_10m,0,0.005,0.045,0.0,0.2,360,random,0.011264562144298565,1.1264562144298564,0.22727272727272727,66,-0.09265602394422712,-9.26560239442271,4.857448230933003,1.0573613182990427,1.5782828282828282e-10,0.10258510519776202,10112.645621442985,0.011264562144298565
btc_vol_breakout_3m,0,0.06,0.1,0.0,0.15,30,random,0.051026881618963786,5.102688161896379,0.4666666666666667,15,-0.05047711510947628,-5.047711510947628,22.725093183709497,1.5987387733089637,8.966666666666666e-10,2.2912095377107136,10510.268816189639,0.051026881618963786
btc_small_down_10m,0,0.005,0.04,0.0,0.15,180,random,0.01370714247920489,1.370714247920489,0.2413793103448276,58,-0.03272556446523689,-3.272556446523689,7.753530624404978,1.1210311289209334,1.7155172413793103e-10,0.16706012953827215,10137.07142479205,0.01370714247920489
btc_vol_breakout_9m,0,0.025,0.3,0.0,0.05,20,random,0.012002446046185935,1.2002446046185935,0.2857142857142857,7,-0.010672279262305295,-1.0672279262305295,17.761491816766185,2.396666875267958,1.9428571428571428e-09,3.4514006806174913,10120.02446046186,0.012002446046185935
btc_bullish,0,0.05,0.045,0.0,0.15,5,random,0.05884147480601755,5.884147480601755,0.6071428571428571,28,-0.04270882080554017,-4.270882080554017,25.723777489289684,1.5293122877282002,4.928571428571429e-10,1.4004839642130376,10588.414748060175,0.05884147480601755
btc_hl_breakout_7m,0,0.015,0.05,0.0,0.05,1440,random,0.006589693580333642,0.6589693580333642,0.3181818181818182,44,-0.017410313123064736,-1.7410313123064736,9.225160848271273,1.1439716564480282,2.9431818181818185e-10,0.3066370131928095,10065.896935803336,0.006589693580333642
btc_small_down_10m,0,0.1,0.05,0.0,0.5,120,random,0.07535940013356231,7.535940013356231,0.6666666666666666,15,-0.16731201480253832,-16.731201480253834,11.927689848454389,1.2670873979904254,8.333333333333334e-10,1.143475263426252,10753.594001335623,0.07535940013356231
btc_hl_breakout_8m,0,0.035,0.045,0.0,0.4,5,random,0.05080003512534995,5.080003512534995,0.46875,32,-0.15840515240537556,-15.840515240537556,9.920954341907034,1.1318423636280037,4.0729166666666664e-10,0.47446182973190276,10508.0003512535,0.05080003512534995
btc_vol_breakout_3m,0,0.02,0.015,0.0,0.5,60,random,0.11738462297553105,11.738462297553106,0.5964912280701754,57,-0.0944938688040513,-9.44938688040513,20.845475613922716,1.274714494774464,1.6578947368421054e-10,0.42291290376919927,11173.84622975531,0.11738462297553105
btc_hl_breakout_7m,0,0.0125,0.2,0.0,0.05,45,random,0.01733260361121183,1.733260361121183,0.21739130434782608,23,-0.01730105215105271,-1.730105215105271,21.970026635723684,1.6386116543157747,6.08695652173913e-10,1.5187995378476042,10173.326036112117,0.01733260361121183
btc_vol_breakout_9m,0,0.02,0.015,0.0,0.5,45,random,0.0315386059097893,3.1538605909789297,0.5555555555555556,45,-0.10846775567148192,-10.846775567148192,7.516737486542196,1.0902213315064933,1.7962962962962963e-10,0.1712152516114656,10315.386059097893,0.0315386059097893
btc_small_up_10m,0,0.1,0.035,0.0,0.5,45,random,0.19110053898919377,19.110053898919375,0.7727272727272727,22,-0.11456347853272109,-11.456347853272108,25.60623245120591,1.5901489369046031,5.977272727272728e-10,1.727942192449367,11911.005389891938,0.19110053898919377
btc_vol_breakout_3m,0,0.04,0.035,0.0,0.25,60,random,0.042027201079377574,4.202720107937758,0.5588235294117647,34,-0.07525819739711515,-7.5258197397115145,13.289917076739648,1.1972566404363552,3.6862745098039216e-10,0.5234933818267693,10420.272010793775,0.042027201079377574
btc_small_up_10m,0,0.025,0.08,0.0,0.5,360,random,0.10210644586182935,10.210644586182935,0.34615384615384615,26,-0.17299400315341262,-17.299400315341263,15.470516663090738,1.2526803675048466,4.673076923076923e-10,0.8801791365298653,11021.064458618293,0.10210644586182935
btc_small_up_9m,0,0.03,0.08,0.0,0.15,720,random,0.021819155948084836,2.1819155948084834,0.38095238095238093,21,-0.04385600453414318,-4.385600453414318,11.601518666989374,1.2299256804412808,5.920634920634921e-10,0.7281015712214128,10218.191559480849,0.021819155948084836
btc_vol_breakout_10m,0,0.0125,0.02,0.0,0.25,120,random,0.031054664144848265,3.1054664144848263,0.45454545454545453,44,-0.05915183505858457,-5.915183505858456,12.897412557500743,1.1899765489242826,1.6477272727272728e-10,0.2954123590778801,10310.546641448484,0.031054664144848265
btc_hl_breakout_9m,0,0.005,0.03,0.0,0.2,30,random,0.0052471031316481,0.52471031316481,0.25925925925925924,81,-0.10979922906558948,-10.979922906558947,2.7046134141295126,1.0230233505157231,1.2037037037037037e-10,0.046975781429544186,10052.471031316481,0.0052471031316481
btc_vol_breakout_2m,0,0.035,0.12,0.0,0.5,240,random,0.0952331293071018,9.52331293071018,0.3157894736842105,19,-0.18515749752550315,-18.515749752550313,14.855767043053925,1.2580149299204775,7.298245614035088e-10,1.1847897621038963,10952.331293071018,0.0952331293071018
btc_hl_breakout_4m,0,0.05,0.06,0.0,0.25,240,random,0.06674165972563187,6.674165972563187,0.52,25,-0.08516479186813153,-8.516479186813154,19.368500582686227,1.3335540269701716,5.586666666666667e-10,1.104482553935967,10667.416597256319,0.06674165972563187
btc_hl_breakout_3m,0,0.05,0.01,0.0,0.3,120,random,0.017407729060692555,1.7407729060692556,0.74,50,-0.10387873619586852,-10.387873619586852,5.583068519795391,1.0646261965120645,2.473333333333333e-10,0.14612881628423494,10174.077290606925,0.017407729060692555
btc_small_up_9m,0,0.0125,0.035,0.0,0.4,180,random,0.05404897432493112,5.4048974324931125,0.37209302325581395,43,-0.09250114915638441,-9.250114915638441,12.389338712909698,1.1771357689757327,2.2286821705426357e-10,0.3430361068511855,10540.48974324931,0.05404897432493112
btc_hl_breakout_7m,0,0.08,0.08,0.0,0.15,120,random,0.04662604983720749,4.662604983720748,0.6,15,-0.0512807195345415,-5.12807195345415,20.51278864937357,1.559842796205446,9.611111111111112e-10,2.09223497156258,10466.260498372074,0.04662604983720749
btc_vol_breakout_10m,0,0.0175,0.035,0.0,0.3,720,random,0.006289303641452307,0.6289303641452306,0.40540540540540543,37,-0.09269855998843923,-9.269855998843923,2.7981763173400376,1.0268398893715558,2.527027027027027e-10,0.09017816143820731,10062.893036414524,0.006289303641452307
btc_vol_breakout_9m,0,0.03,0.08,0.0,0.3,60,random,0.09569354441956703,9.569354441956703,0.4,20,-0.06451150515833315,-6.451150515833315,25.994594299512663,1.595177182177798,5.666666666666667e-10,1.6036486218325339,10956.935444195671,0.09569354441956703
btc_vol_breakout_10m,0,0.02,0.2,0.0,0.05,480,random,0.018111283945180155,1.8111283945180154,0.2,15,-0.010560688975184807,-1.0560688975184807,27.55296844152501,1.9668391036897435,7.944444444444444e-10,2.42778565936172,10181.112839451802,0.018111283945180155
btc_hl_breakout_3m,0,0.01,0.045,0.0,0.25,720,random,0.00823769263043623,0.8237692630436231,0.3076923076923077,52,-0.08540466776237365,-8.540466776237366,3.6143153531846366,1.0387472542657752,2.2564102564102563e-10,0.08408485769558072,10082.376926304361,0.00823769263043623
btc_vol_breakout_10m,0,0.0075,0.015,0.0,0.25,180,random,-0.02236134376107093,-2.236134376107093,0.38461538461538464,52,-0.07716233886913604,-7.716233886913604,-9.142696468028436,0.8703457902984878,1.2371794871794872e-10,-0.1618905498009951,9776.38656238929,-0.02236134376107093
btc_alt_aligned,0,0.035,0.035,0.0,0.1,1440,random,0.020406769238878825,2.0406769238878826,0.5121951219512195,41,-0.03669984232053325,-3.669984232053325,13.470393355261345,1.2096655035937969,3.4390243902439024e-10,0.509815608641582,10204.067692388788,0.020406769238878825
btc_small_up_10m,0,0.03,0.03,0.0,0.4,720,random,0.06997822158472995,6.997822158472995,0.5,38,-0.12032130677948716,-12.032130677948716,13.533973844391678,1.1900987809034114,3.0350877192982454e-10,0.5055269354056228,10699.782215847299,0.06997822158472995
btc_vol_breakout_9m,0,0.0125,0.06,0.0,0.3,360,random,0.018567727737494443,1.8567727737494444,0.25806451612903225,31,-0.07151072788346668,-7.151072788346669,6.455513546711498,1.1024375930754935,3.306451612903226e-10,0.23259243968870216,10185.677277374944,0.018567727737494443
btc_small_up_10m,0,0.04,0.08,0.0,0.15,90,random,0.04146045137471031,4.146045137471031,0.45,20,-0.04843523357997814,-4.843523357997814,18.414675716920264,1.4078359076267333,6.283333333333333e-10,1.411527802237304,10414.604513747103,0.04146045137471031
btc_vol_breakout_8m,0,0.0075,0.015,0.0,0.15,5,random,6.024659514519044e-05,0.006024659514519044,0.40350877192982454,57,-0.03914396484860905,-3.9143964848609047,0.4779577692614097,1.0005526716308986,1.2017543859649122e-10,0.00857984674408392,10000.602465951451,6.024659514519044e-05
btc_vol_breakout_3m,0,0.01,0.06,0.0,0.15,60,random,-0.01094085045471884,-1.094085045471884,0.2222222222222222,36,-0.054657814508860425,-5.465781450886043,-5.074670163313524,0.9048813564425616,3.12962962962963e-10,-0.18063028296182138,9890.591495452813,-0.01094085045471884
btc_hl_breakout_4m,0,0.0125,0.02,0.0,0.1,60,random,0.013862216791605203,1.3862216791605204,0.47761194029850745,67,-0.022093771154414688,-2.2093771154414688,11.152366843770295,1.1428125149509716,1.6044776119402986e-10,0.21253889953221522,10138.622167916052,0.013862216791605203
btc_hl_breakout_6m,0,0.03,0.025,0.0,0.05,20,random,-0.0020001640902289923,-0.20001640902289922,0.5116279069767442,43,-0.01931292231639492,-1.931292231639492,-2.9569830454136463,0.9568552351063533,2.9108527131782946e-10,-0.08759846106159586,9979.99835909771,-0.0020001640902289923
btc_small_down_10m,0,0.05,0.08,0.0,0.2,5,random,0.04529314764593321,4.5293147645933205,0.5,18,-0.06870452692689055,-6.870452692689055,16.715358641420018,1.3796827983290079,7.166666666666667e-10,1.2977435653016103,10452.931476459333,0.04529314764593321
btc_bullish,0,0.05,0.3,0.0,0.05,60,random,0.0132214877272462,1.32214877272462,0.5,4,-0.020650979528065383,-2.0650979528065383,15.461681127230342,2.9194455187911292,3.6791666666666665e-09,6.643299956826107,10132.214877272461,0.0132214877272462
btc_hl_breakout_4m,0,0.03,0.045,0.0,0.3,45,random,0.06006629901636174,6.006629901636174,0.4864864864864865,37,-0.10654417797185212,-10.65441779718521,15.26871896839617,1.2228641987873352,3.608108108108108e-10,0.5714809701183124,10600.662990163617,0.06006629901636174
btc_small_up_9m,0,0.0075,0.2,0.0,0.1,5,random,0.019021556047044044,1.9021556047044044,0.14814814814814814,27,-0.027497921820678783,-2.7497921820678783,14.536863925406438,1.3445257321987134,4.0802469135802466e-10,0.7343864560305795,10190.21556047044,0.019021556047044044
btc_hl_breakout_7m,0,0.05,0.2,0.0,0.5,480,random,0.18184676739908226,18.184676739908227,0.4166666666666667,12,-0.1767134266660606,-17.67134266660606,23.635111217367978,1.611182224233827,1.1986111111111112e-09,3.2215917047843385,11818.467673990823,0.18184676739908226
btc_hl_breakout_4m,0,0.1,0.05,0.0,0.5,90,random,0.1372511443919373,13.725114439193732,0.6875,16,-0.167171423930503,-16.7171423930503,19.020588887047673,1.505279750509341,8.84375e-10,1.7761770880013104,11372.511443919373,0.1372511443919373
btc_vol_breakout_10m,0,0.005,0.08,0.0,0.5,20,random,0.025576722469186915,2.5576722469186914,0.17073170731707318,41,-0.12184642824474845,-12.184642824474846,6.141256403418009,1.0759476579089795,2.0365853658536584e-10,0.17409575224810633,10255.76722469187,0.025576722469186915
btc_hl_breakout_8m,0,0.0175,0.025,0.0,0.1,90,random,0.007628472714766997,0.7628472714766997,0.41818181818181815,55,-0.03957273694081298,-3.957273694081298,5.7089056616984974,1.0705644930118663,2.1727272727272728e-10,0.14967593792671677,10076.28472714767,0.007628472714766997
btc_small_up_10m,0,0.0075,0.15,0.0,0.2,360,random,0.031932109436152385,3.1932109436152385,0.16666666666666666,30,-0.06661285746445966,-6.661285746445966,11.52307471662642,1.2586583630903132,3.722222222222222e-10,0.5781081182984925,10319.321094361523,0.031932109436152385
btc_bullish,0,0.08,0.01,0.0,0.25,480,random,0.0875694080270594,8.75694080270594,0.8478260869565217,46,-0.07079131967430974,-7.079131967430974,23.97415363913998,1.5002334560215804,2.8768115942028983e-10,0.7623659978283545,10875.694080270594,0.0875694080270594
btc_small_up_10m,0,0.03,0.3,0.0,0.15,480,random,0.036203774201626744,3.6203774201626744,0.3333333333333333,6,-0.05623804381755737,-5.623804381755737,15.00653421877163,2.489006437592607,2.3972222222222225e-09,4.0879465695662205,10362.037742016268,0.036203774201626744
btc_vol_breakout_2m,0,0.005,0.05,0.0,0.4,180,random,-0.05559471307588483,-5.559471307588483,0.18181818181818182,66,-0.14147827930572954,-14.147827930572953,-10.327289869745412,0.8516738808680759,1.585858585858586e-10,-0.18770164591238775,9444.052869241152,-0.05559471307588483
btc_vol_breakout_10m,0,0.05,0.1,0.0,0.4,60,random,0.06903368405010737,6.903368405010737,0.42105263157894735,19,-0.13360722473411424,-13.360722473411425,13.915934510535108,1.2275075494556391,6.254385964912281e-10,1.0360139202419296,10690.336840501073,0.06903368405010737
btc_hl_breakout_4m,0,0.035,0.12,0.0,0.05,30,random,0.015614889122675385,1.5614889122675386,0.3333333333333333,18,-0.0163133793838659,-1.63133793838659,21.585098557177268,1.509809353619055,7.962962962962963e-10,1.7497487083000012,10156.148891226754,0.015614889122675385
btc_hl_breakout_6m,0,0.03,0.25,0.0,0.15,480,random,0.02265701660115883,2.265701660115883,0.25,16,-0.06458229980477381,-6.458229980477381,10.864508449491968,1.2319106293387212,8.78125e-10,1.0466702458102035,10226.570166011588,0.02265701660115883
btc_hl_breakout_10m,0,0.0075,0.01,0.0,0.25,10,random,-0.028184786975440693,-2.8184786975440694,0.44680851063829785,94,-0.11407413991661275,-11.407413991661276,-7.533208237457713,0.9046173986186286,9.25531914893617e-11,-0.10761783345280278,9718.152130245593,-0.028184786975440693
btc_hl_breakout_5m,0,0.08,0.1,0.0,0.1,20,random,0.04070239639558015,4.0702396395580145,0.5833333333333334,12,-0.03213631695760644,-3.2136316957606437,26.57874715894378,1.9145887210938526,1.2097222222222222e-09,3.3860542447485513,10407.023963955802,0.04070239639558015
btc_hl_breakout_10m,0,0.06,0.025,0.0,0.25,480,random,0.08185709383921067,8.185709383921067,0.7,30,-0.06629120342060069,-6.629120342060069,22.508745131461282,1.4833123002675146,4.4222222222222223e-10,1.0930881223446738,10818.570938392106,0.08185709383921067
btc_hl_breakout_4m,0,0.1,0.06,0.0,0.05,480,random,0.012550573471289277,1.2550573471289277,0.6428571428571429,14,-0.017738769289687095,-1.7738769289687095,16.865959205741348,1.5508134758839183,1.0285714285714285e-09,1.8032497877517282,10125.505734712893,0.012550573471289277
btc_vol_breakout_3m,0,0.06,0.3,0.0,0.2,30,random,0.05524516824489551,5.5245168244895515,0.6666666666666666,3,-0.07663272005994504,-7.663272005994504,17.074338716290526,4.887704879206456,4.911111111111112e-09,9.290660915988754,10552.451682448955,0.05524516824489551
btc_vol_breakout_10m,0,0.0175,0.03,0.0,0.2,10,random,0.028066833072820645,2.8066833072820643,0.43243243243243246,37,-0.04996794245133129,-4.996794245133129,13.457275178437515,1.210769585649697,2.4504504504504505e-10,0.3932168988379176,10280.668330728207,0.028066833072820645
btc_vol_breakout_10m,0,0.02,0.12,0.0,0.5,30,random,0.1882337130026649,18.82337130026649,0.2777777777777778,18,-0.10110038113701092,-10.110038113701092,29.13036194028842,1.828936830063498,6.805555555555556e-10,2.10227945678887,11882.337130026648,0.1882337130026649
btc_vol_breakout_2m,0,0.06,0.25,0.0,0.25,360,random,0.10766180016279836,10.766180016279836,0.4444444444444444,9,-0.08175197438797832,-8.175197438797833,26.026847436712437,1.90695257996285,1.6074074074074073e-09,4.930983495568473,11076.618001627983,0.10766180016279836
btc_hl_breakout_10m,0,0.005,0.05,0.0,0.25,120,random,0.015173462833549957,1.5173462833549958,0.20967741935483872,62,-0.10812258657329277,-10.812258657329277,5.340499802583799,1.062336424041325,1.7580645161290323e-10,0.1233218107242813,10151.7346283355,0.015173462833549957
btc_hl_breakout_5m,0,0.0125,0.25,0.0,0.5,5,random,0.13362993532067893,13.362993532067893,0.2,20,-0.1661003758120263,-16.61003758120263,19.410409573966184,1.4217302680641135,7e-10,1.5582860567162158,11336.299353206789,0.13362993532067893
btc_alt_aligned,0,0.03,0.05,0.0,0.2,5,random,0.04753809652499701,4.753809652499701,0.4358974358974359,39,-0.06775558156311456,-6.775558156311456,15.745040334695013,1.2251947504721146,3.6025641025641026e-10,0.637012376021072,10475.38096524997,0.04753809652499701
btc_hl_breakout_2m,0,0.02,0.12,0.0,0.5,240,random,0.12832410027769428,12.832410027769429,0.2692307692307692,26,-0.15605413236797538,-15.605413236797538,19.145989366227187,1.3361508506129078,5.064102564102564e-10,1.0962237230419838,11283.241002776944,0.12832410027769428
btc_hl_breakout_1m,0,0.02,0.25,0.0,0.05,720,random,0.014025936172497597,1.4025936172497597,0.2222222222222222,18,-0.01683925233863459,-1.6839252338634592,18.85263186115457,1.5001023822669137,7.574074074074074e-10,1.5836582854840193,10140.259361724977,0.014025936172497597
btc_hl_breakout_8m,0,0.0125,0.3,0.0,0.2,10,random,0.06235856991638177,6.235856991638177,0.4,5,-0.07065798757504382,-7.065798757504382,18.90934893435345,4.0069440788462805,2.93e-09,6.26380505630676,10623.585699163817,0.06235856991638177
btc_hl_breakout_9m,0,0.0075,0.25,0.0,0.25,120,random,0.05926023489092731,5.9260234890927315,0.10344827586206896,29,-0.0949965159718753,-9.49965159718753,15.384331428988888,1.377485688192844,4.557471264367816e-10,0.8979341277472942,10592.602348909273,0.05926023489092731
btc_vol_breakout_3m,0,0.02,0.12,0.0,0.4,240,random,0.07663346625286158,7.663346625286158,0.3,20,-0.12966087815434213,-12.966087815434213,14.944526822877851,1.315272754797231,6.25e-10,1.0724236046995068,10766.334662528616,0.07663346625286158
btc_small_up_10m,0,0.03,0.05,0.0,0.5,120,random,0.10029045634565573,10.029045634565573,0.41935483870967744,31,-0.1638624097686623,-16.38624097686623,15.267446913369275,1.2277544948429548,3.913978494623656e-10,0.7237482944996968,11002.904563456557,0.10029045634565573
btc_vol_breakout_10m,0,0.035,0.01,0.0,0.1,5,random,0.016921227477297202,1.6921227477297203,0.7380952380952381,42,-0.020736257034052796,-2.0736257034052796,16.58049013920998,1.3219712762006166,2.003968253968254e-10,0.40682135064993913,10169.212274772972,0.016921227477297202
btc_hl_breakout_3m,0,0.04,0.12,0.0,0.05,480,random,0.014188570127508154,1.4188570127508155,0.3888888888888889,18,-0.01721456079176653,-1.721456079176653,19.74768697183977,1.4305452963358138,7.824074074074073e-10,1.5938490659673732,10141.885701275081,0.014188570127508154
btc_vol_breakout_9m,0,0.015,0.06,0.0,0.4,20,random,0.05938596673661727,5.938596673661727,0.2962962962962963,27,-0.08217691449388842,-8.217691449388841,13.926017108129576,1.2817158904507593,4.0123456790123455e-10,0.5860948943911142,10593.859667366172,0.05938596673661727
btc_alt_aligned,0,0.06,0.05,0.0,0.25,90,random,0.08333587725665362,8.333587725665362,0.6086956521739131,23,-0.08765790110960592,-8.765790110960591,21.78317141376062,1.4696761385509467,6.27536231884058e-10,1.4658989738014314,10833.358772566537,0.08333587725665362
btc_bullish,0,0.1,0.1,0.0,0.05,120,random,0.015973740383878107,1.5973740383878106,0.6363636363636364,11,-0.016894612558383537,-1.6894612558383537,20.68964458214916,1.7007502830597356,1.3045454545454545e-09,2.9184592918603425,10159.73740383878,0.015973740383878107
btc_hl_breakout_5m,0,0.0075,0.25,0.0,0.3,480,random,0.06203571097911863,6.203571097911863,0.16,25,-0.10378596575389365,-10.378596575389365,14.900769576768926,1.3062022486758937,5.486666666666667e-10,0.954169065461361,10620.357109791186,0.06203571097911863
btc_bullish,0,0.025,0.1,0.0,0.25,720,random,0.1087212004302025,10.87212004302025,0.34615384615384615,26,-0.07258620211358857,-7.258620211358857,28.02876934195378,1.617121246809504,5.256410256410257e-10,1.6756744007014261,11087.212004302026,0.1087212004302025
btc_vol_breakout_3m,0,0.02,0.04,0.0,0.1,120,random,0.006854332277916592,0.6854332277916592,0.425,40,-0.027908338866930227,-2.7908338866930227,5.618149591777774,1.0792304288587597,2.8958333333333334e-10,0.1833653464192169,10068.543322779165,0.006854332277916592
btc_hl_breakout_5m,0,0.0175,0.025,0.0,0.4,180,random,-0.07077427780279573,-7.077427780279573,0.4,55,-0.19548869885678544,-19.548869885678542,-13.201904547251187,0.8437837388206293,2.196969696969697e-10,-0.29863601040199794,9292.257221972042,-0.07077427780279573
btc_small_up_10m,0,0.1,0.035,0.0,0.1,1440,random,0.038089181051140994,3.8089181051140995,0.7727272727272727,22,-0.02324425860647006,-2.324425860647006,25.730500508655762,1.7033277329974705,5.977272727272728e-10,1.7279421924493716,10380.89181051141,0.038089181051140994
btc_hl_breakout_3m,0,0.05,0.01,0.0,0.2,180,random,0.012617474747636493,1.2617474747636492,0.74,50,-0.06982143501490812,-6.982143501490812,5.604478360653667,1.0718038380925414,2.473333333333333e-10,0.14612881628423766,10126.174747476365,0.012617474747636493
btc_vol_breakout_2m,0,0.04,0.15,0.0,0.5,10,random,0.1035156072618066,10.35156072618066,0.38461538461538464,13,-0.16012136355853024,-16.012136355853023,16.1945312938925,1.3641444628375055,1.0948717948717949e-09,1.8353327693273056,11035.156072618065,0.1035156072618066
btc_hl_breakout_4m,0,0.0075,0.035,0.0,0.5,240,random,0.021632083337645783,2.163208333764578,0.328125,64,-0.14384009534595998,-14.384009534595998,5.216477499405147,1.0387507227149329,1.8645833333333332e-10,0.10773054484261933,10216.320833376458,0.021632083337645783
btc_small_up_10m,0,0.06,0.01,0.0,0.25,10,random,0.035445819877011855,3.5445819877011857,0.7674418604651163,43,-0.07415543777113964,-7.415543777113964,10.85333466771177,1.1817550331654332,2.554263565891473e-10,0.35450981121257863,10354.458198770119,0.035445819877011855
btc_hl_breakout_3m,0,0.08,0.05,0.0,0.3,20,random,0.0948176412396117,9.48176412396117,0.6666666666666666,18,-0.09977193406619567,-9.977193406619566,21.226178788035668,1.5567946502211205,7.796296296296296e-10,1.7786274122946848,10948.176412396117,0.0948176412396117
btc_hl_breakout_5m,0,0.0125,0.06,0.0,0.2,45,random,0.016210953690944326,1.6210953690944325,0.2826086956521739,46,-0.06849357233255693,-6.849357233255693,6.595216387905229,1.0820337972109413,2.782608695652174e-10,0.20436601868045184,10162.109536909444,0.016210953690944326
btc_hl_breakout_1m,0,0.035,0.035,0.0,0.05,60,random,0.013680132371157271,1.3680132371157272,0.5714285714285714,35,-0.015122927561059263,-1.5122927561059263,20.503619060929577,1.3801172094001775,3.7619047619047624e-10,0.7842330416646793,10136.801323711572,0.013680132371157271
btc_vol_breakout_3m,0,0.08,0.06,0.0,0.1,240,random,0.021568104724198133,2.156810472419813,0.6,15,-0.0340813266511647,-3.40813266511647,14.975133472366124,1.3944843915814396,9e-10,1.4652268412160634,10215.681047241982,0.021568104724198133
btc_hl_breakout_4m,0,0.06,0.02,0.0,0.5,480,random,0.1839607259291196,18.39607259291196,0.75,36,-0.13113765724329463,-13.113765724329463,24.874636594537723,1.465808446063769,3.625e-10,1.012552532691726,11839.607259291195,0.1839607259291196
btc_vol_breakout_2m,0,0.005,0.05,0.0,0.1,45,random,-0.01277960626130738,-1.277960626130738,0.18181818181818182,66,-0.036316300769780985,-3.6316300769780985,-10.166190910615596,0.8606406281117036,1.585858585858586e-10,-0.18770164591238878,9872.203937386927,-0.01277960626130738
btc_bullish,0,0.035,0.03,0.0,0.15,360,random,0.042633304833334364,4.263330483333436,0.575,40,-0.04526311580468356,-4.526311580468356,19.051578205633373,1.3090180921584922,3.333333333333333e-10,0.721467334627038,10426.333048333343,0.042633304833334364
btc_hl_breakout_8m,0,0.08,0.12,0.0,0.3,180,random,0.10314130877852667,10.314130877852667,0.5,10,-0.09412794488770593,-9.412794488770594,22.775208296029447,1.715197483787091,1.455e-09,3.524221961304315,11031.413087785266,0.10314130877852667
btc_alt_aligned,0,0.1,0.05,0.0,0.2,180,random,0.0615827555882174,6.15827555882174,0.6842105263157895,19,-0.0695673614553397,-6.95673614553397,20.33725880031195,1.5189230538524918,7.640350877192983e-10,1.6399931435531807,10615.827555882173,0.0615827555882174
btc_hl_breakout_3m,0,0.015,0.01,0.0,0.2,45,random,0.012480707144641405,1.2480707144641405,0.5974025974025974,77,-0.05011396079986008,-5.0113960799860084,5.6382631332469435,1.0623929990047487,1.2943722943722944e-10,0.09239291082796944,10124.807071446414,0.012480707144641405
btc_hl_breakout_6m,0,0.005,0.25,0.0,0.4,1440,random,0.14097549507738857,14.097549507738858,0.13333333333333333,30,-0.14380308043155965,-14.380308043155965,22.950818817371903,1.6642105313214142,4.1777777777777775e-10,1.2461051445039255,11409.754950773886,0.14097549507738857
btc_hl_breakout_9m,0,0.0175,0.02,0.0,0.2,720,random,0.0206232738697317,2.06232738697317,0.46774193548387094,62,-0.08274696865428499,-8.2746968654285,8.066147074265245,1.090655483776332,1.7043010752688173e-10,0.18438161110392778,10206.232738697317,0.0206232738697317
btc_bullish,0,0.0175,0.25,0.0,0.15,15,random,0.0493070351263882,4.93070351263882,0.2,20,-0.05441106546082641,-5.441106546082642,20.35783700315934,1.6564026852332123,7.008333333333332e-10,1.6893453251548576,10493.070351263883,0.0493070351263882
btc_hl_breakout_2m,0,0.015,0.3,0.0,0.3,1440,random,0.09068569286706174,9.068569286706174,0.2,15,-0.09986189744524876,-9.986189744524875,20.568954114194817,1.6744459098854245,9.522222222222222e-10,2.1445731080182053,10906.856928670617,0.09068569286706174
btc_hl_breakout_5m,0,0.0125,0.01,0.0,0.2,180,random,0.013597402108950678,1.3597402108950678,0.5833333333333334,84,-0.062320131346246144,-6.232013134624614,6.1536681148559484,1.0675784576250422,1.0892857142857143e-10,0.09119154682835645,10135.974021089507,0.013597402108950678
btc_vol_breakout_3m,0,0.03,0.02,0.0,0.2,30,random,0.05449824083918231,5.449824083918231,0.6136363636363636,44,-0.04918544391392399,-4.918544391392398,21.08389730725879,1.3482315262199596,2.5606060606060607e-10,0.624446996639697,10544.982408391823,0.05449824083918231
btc_hl_breakout_6m,0,0.05,0.05,0.0,0.05,120,random,0.001381819443589984,0.13818194435899842,0.5,26,-0.021163359269560034,-2.1163359269560034,2.1947506882044934,1.0338788489837392,5.217948717948718e-10,0.11811482650851539,10013.8181944359,0.001381819443589984
btc_hl_breakout_1m,0,0.035,0.02,0.0,0.15,20,random,0.05236090011319475,5.236090011319475,0.6341463414634146,41,-0.025929544221802048,-2.5929544221802048,28.730827997582864,1.5330802042289606,3.048780487804878e-10,0.8447791556290126,10523.609001131947,0.05236090011319475
btc_hl_breakout_5m,0,0.1,0.045,0.0,0.25,20,random,0.037235477805878464,3.7235477805878463,0.6666666666666666,18,-0.09598681353279293,-9.598681353279293,10.926736716495219,1.239330373427255,7.768518518518519e-10,0.9003257629355527,10372.354778058785,0.037235477805878464
btc_hl_breakout_5m,0,0.04,0.03,0.0,0.4,240,random,0.05849501780069195,5.849501780069195,0.6,40,-0.11939050060515266,-11.939050060515266,12.03327087017427,1.1504780854677708,3.2833333333333334e-10,0.4095007636012173,10584.950178006919,0.05849501780069195
btc_bullish,0,0.03,0.2,0.0,0.3,45,random,0.09525964742642877,9.525964742642877,0.29411764705882354,17,-0.09505120420394453,-9.505120420394453,20.61138298790156,1.4812054871562714,8.382352941176471e-10,1.9969708810400273,10952.596474264288,0.09525964742642877
btc_hl_breakout_9m,0,0.03,0.02,0.0,0.05,120,random,0.013626448047014992,1.3626448047014992,0.574468085106383,47,-0.016421438844631653,-1.6421438844631653,19.2512594516792,1.3166312864319838,2.471631205673759e-10,0.582701826428071,10136.26448047015,0.013626448047014992
btc_hl_breakout_1m,0,0.0175,0.06,0.0,0.25,240,random,0.016695543269407472,1.6695543269407471,0.2972972972972973,37,-0.08268561884265968,-8.268561884265967,6.0858771070777395,1.078181004489577,3.432432432432432e-10,0.2190640010328251,10166.955432694074,0.016695543269407472
btc_hl_breakout_3m,0,0.05,0.05,0.0,0.1,720,random,0.009056436797699224,0.9056436797699223,0.52,25,-0.036869425843701564,-3.6869425843701564,7.050765788645798,1.1183124660272639,5.513333333333333e-10,0.3848357223546365,10090.564367976993,0.009056436797699224
btc_hl_breakout_8m,0,0.025,0.015,0.0,0.1,30,random,0.021701345644032404,2.1701345644032406,0.5849056603773585,53,-0.029025991997093104,-2.9025991997093104,15.267423460731143,1.2386937976157146,2.1540880503144652e-10,0.41646786278833825,10217.013456440323,0.021701345644032404
btc_small_up_9m,0,0.015,0.1,0.0,0.15,720,random,0.028389047502936932,2.8389047502936933,0.25806451612903225,31,-0.04798309563326275,-4.798309563326275,15.120991213352845,1.2790130074620596,3.387096774193549e-10,0.6331113574086003,10283.89047502937,0.028389047502936932
btc_hl_breakout_9m,0,0.0075,0.12,0.0,0.5,720,random,0.05425826399920115,5.4258263999201155,0.14583333333333334,48,-0.22121584177854436,-22.121584177854437,9.255719183826857,1.098767624305328,2.583333333333333e-10,0.3271065070230613,10542.582639992012,0.05425826399920115
btc_hl_breakout_5m,0,0.1,0.02,0.0,0.1,180,random,0.029252038258735933,2.9252038258735933,0.7857142857142857,28,-0.03510821614988846,-3.510821614988846,19.99108275663507,1.471949626741841,4.5119047619047624e-10,1.0514246210524427,10292.52038258736,0.029252038258735933
btc_hl_breakout_6m,0,0.035,0.01,0.0,0.3,180,random,0.02958297720949795,2.958297720949795,0.7090909090909091,55,-0.08731220670880879,-8.73122067088088,8.663155185171062,1.1141097259282513,1.9545454545454545e-10,0.20113368408846027,10295.82977209498,0.02958297720949795
btc_hl_breakout_5m,0,0.08,0.045,0.0,0.5,15,random,0.15116012838666001,15.116012838666002,0.65,20,-0.16339245793690882,-16.339245793690882,20.61224021535101,1.436353864788118,7.15e-10,1.56889297673777,11511.6012838666,0.15116012838666001
btc_small_up_10m,0,0.005,0.015,0.0,0.1,30,random,0.015485735466121536,1.5485735466121535,0.3783783783783784,74,-0.025620763202579777,-2.5620763202579777,11.987712130293245,1.1755801791003322,9.234234234234234e-11,0.21473901371761855,10154.857354661215,0.015485735466121536
btc_vol_breakout_9m,0,0.0075,0.03,0.0,0.2,90,random,0.015058576867178977,1.5058576867178977,0.3181818181818182,44,-0.05523194855714497,-5.523194855714497,7.796818707324573,1.1116320907358226,2.0265151515151513e-10,0.18500400306604695,10150.58576867179,0.015058576867178977
btc_alt_aligned,0,0.08,0.015,0.0,0.25,45,random,0.07296918898941221,7.296918898941221,0.8048780487804879,41,-0.07567005920910752,-7.567005920910752,19.685212557190397,1.3583998403700694,3.4430894308943093e-10,0.7284203090615055,10729.691889894122,0.07296918898941221
btc_vol_breakout_2m,0,0.005,0.1,0.0,0.4,15,random,-0.013003597869602618,-1.3003597869602617,0.125,56,-0.15793571407939422,-15.793571407939421,-0.9448634992071152,0.9621026408406564,1.994047619047619e-10,-0.017584937790662974,9869.964021303975,-0.013003597869602618
btc_vol_breakout_8m,0,0.01,0.025,0.0,0.2,180,random,0.020103960903977577,2.010396090397758,0.3617021276595745,47,-0.04412389756065471,-4.412389756065471,10.482495792770644,1.1473223384129454,1.7553191489361701e-10,0.22570464869191956,10201.039609039775,0.020103960903977577
btc_hl_breakout_5m,0,0.025,0.25,0.0,0.3,60,random,0.07774316826737913,7.7743168267379135,0.26666666666666666,15,-0.09906505904537011,-9.90650590453701,18.265499442948748,1.4459645836374795,9.533333333333333e-10,1.9019734752001773,10777.431682673792,0.07774316826737913
btc_vol_breakout_9m,0,0.04,0.1,0.0,0.1,5,random,0.025489069309753493,2.5489069309753494,0.4117647058823529,17,-0.0319797983160488,-3.19797983160488,19.007333292140128,1.4662414142210596,7.392156862745098e-10,1.519258466682697,10254.890693097535,0.025489069309753493
btc_alt_aligned,0,0.04,0.15,0.0,0.5,720,random,0.18334937196910658,18.33493719691066,0.4,15,-0.15038417965948903,-15.038417965948902,23.612584732141812,1.5683714482837159,9.722222222222223e-10,2.5758287376968054,11833.493719691065,0.18334937196910658
btc_bullish,0,0.015,0.12,0.0,0.05,120,random,0.013759975894913248,1.3759975894913248,0.2413793103448276,29,-0.015073682859231274,-1.5073682859231274,17.58830698577055,1.414646777132344,4.741379310344828e-10,0.9586071377516526,10137.599758949133,0.013759975894913248
btc_vol_breakout_8m,0,0.08,0.06,0.0,0.4,10,random,0.024880819593250225,2.4880819593250223,0.5384615384615384,13,-0.13144727951419,-13.144727951419,6.2145283113766965,1.1105197480515367,1.0307692307692309e-09,0.6463931525103825,10248.808195932503,0.024880819593250225
btc_hl_breakout_10m,0,0.01,0.035,0.0,0.3,10,random,0.023664288334702223,2.366428833470222,0.3103448275862069,58,-0.09791014828550804,-9.791014828550804,6.838123816355774,1.075045280407786,1.8735632183908046e-10,0.16599142815787818,10236.642883347022,0.023664288334702223
btc_small_down_10m,0,0.01,0.045,0.0,0.5,720,random,-0.004016454985256314,-0.4016454985256314,0.2653061224489796,49,-0.12498510641777394,-12.498510641777393,1.2410831881465976,0.9902343714569144,2.0578231292517006e-10,0.023990018978542804,9959.835450147437,-0.004016454985256314
btc_hl_breakout_1m,0,0.0075,0.2,0.0,0.4,240,random,0.026227865585413155,2.6227865585413155,0.14285714285714285,28,-0.15151396537574324,-15.151396537574325,6.348452385998514,1.0944086140721314,4.672619047619048e-10,0.3704619410554365,10262.278655854132,0.026227865585413155
btc_small_down_10m,0,0.035,0.15,0.0,0.5,60,random,0.016876603302876537,1.6876603302876536,0.3333333333333333,12,-0.1816160800111798,-18.16160800111798,4.451961441562313,1.0691923824402523,1.15e-09,0.5164573845907191,10168.766033028765,0.016876603302876537
btc_hl_breakout_1m,0,0.05,0.12,0.0,0.2,20,random,0.052087520967878775,5.208752096787878,0.4117647058823529,17,-0.07266766978033501,-7.266766978033501,18.488224585422586,1.3733799386365781,8.313725490196078e-10,1.6084169762015723,10520.875209678788,0.052087520967878775
btc_hl_breakout_4m,0,0.0075,0.045,0.0,0.05,240,random,0.0001901051334962972,0.01901051334962972,0.2807017543859649,57,-0.015418311077182167,-1.5418311077182167,0.4897602131531665,1.0041430201526966,2.0994152046783624e-10,0.01080812381506574,10001.901051334962,0.0001901051334962972
btc_hl_breakout_8m,0,0.05,0.1,0.0,0.05,480,random,0.010435722645641743,1.0435722645641743,0.4,20,-0.020112421664050584,-2.0112421664050584,13.708958983646523,1.2826694238783827,6.950000000000001e-10,1.059957548163938,10104.357226456417,0.010435722645641743
btc_vol_breakout_2m,0,0.035,0.25,0.0,0.4,60,random,0.07074490064950782,7.0744900649507825,0.26666666666666666,15,-0.15060578951131576,-15.060578951131575,13.317042290968988,1.2715496342863017,9.533333333333333e-10,1.4466539917441017,10707.449006495079,0.07074490064950782
btc_hl_breakout_4m,0,0.025,0.01,0.0,0.4,360,random,0.12289670226161857,12.289670226161856,0.7121212121212122,66,-0.08206916599990843,-8.206916599990844,24.02412729704739,1.3393711647537914,1.5833333333333333e-10,0.4674137640662138,11228.967022616185,0.12289670226161857
btc_bullish,0,0.06,0.3,0.0,0.3,360,random,0.0777268609481071,7.772686094810711,0.5,4,-0.1156598819411343,-11.56598819411343,16.363371120027946,2.7641408252089583,3.6791666666666665e-09,6.643299956826103,10777.26860948107,0.0777268609481071
btc_vol_breakout_8m,0,0.005,0.06,0.0,0.4,10,random,-0.040705062510503646,-4.0705062510503645,0.15555555555555556,45,-0.1258849321384079,-12.58849321384079,-8.302279283966719,0.8545057201466743,1.8629629629629628e-10,-0.20036969856259684,9592.949374894964,-0.040705062510503646
btc_hl_breakout_3m,0,0.01,0.035,0.0,0.2,180,random,0.015326882552798474,1.5326882552798473,0.3559322033898305,59,-0.06719889322407058,-6.719889322407058,6.838151540798176,1.078887380975579,1.8220338983050848e-10,0.14574089630774223,10153.268825527985,0.015326882552798474
btc_small_up_9m,0,0.015,0.025,0.0,0.15,15,random,-0.0010606651814147425,-0.10606651814147425,0.3958333333333333,48,-0.05038138545207993,-5.0381385452079925,-0.0828914942142968,0.9914290732332819,1.8645833333333332e-10,-0.002561908484224865,9989.393348185853,-0.0010606651814147425
btc_vol_breakout_3m,0,0.05,0.06,0.0,0.4,5,random,0.054043972271516215,5.404397227151621,0.45,20,-0.1428021304219692,-14.280213042196921,11.116857821823261,1.1843968491477517,6.708333333333333e-10,0.7925804868969509,10540.439722715162,0.054043972271516215
btc_hl_breakout_2m,0,0.035,0.01,0.0,0.1,30,random,0.02188846178084543,2.188846178084543,0.7413793103448276,58,-0.023730637376335295,-2.3730637376335295,17.060943667339668,1.2786476847268171,1.8563218390804598e-10,0.38135311594951266,10218.884617808455,0.02188846178084543
btc_hl_breakout_3m,0,0.04,0.02,0.0,0.1,15,random,0.01461772083256418,1.461772083256418,0.627906976744186,43,-0.028960097129809736,-2.8960097129809736,11.298022562601146,1.163037899040379,2.7868217054263566e-10,0.3503035802770359,10146.177208325642,0.01461772083256418
btc_hl_breakout_2m,0,0.01,0.08,0.0,0.3,240,random,0.05245757654762751,5.245757654762751,0.2564102564102564,39,-0.11889117487762213,-11.889117487762213,13.69500845170019,1.228908886227772,3.2264957264957263e-10,0.48419736334476055,10524.575765476275,0.05245757654762751
btc_hl_breakout_5m,0,0.06,0.2,0.0,0.1,30,random,0.04352257196735614,4.352257196735614,0.5,10,-0.03381425501975155,-3.381425501975155,27.27969886088068,2.0779777870225584,1.4533333333333333e-09,4.361397977313226,10435.22571967356,0.04352257196735614
btc_hl_breakout_6m,0,0.01,0.02,0.0,0.5,5,random,-0.06554516063890624,-6.554516063890624,0.3717948717948718,78,-0.20415318936512017,-20.415318936512016,-8.783572755226826,0.8924363799867929,1.3696581196581196e-10,-0.1424936222241172,9344.548393610938,-0.06554516063890624
btc_hl_breakout_7m,0,0.02,0.03,0.0,0.25,720,random,0.033260258444079815,3.3260258444079813,0.42,50,-0.09774100988982859,-9.774100988982859,9.983585283119831,1.1220522844690548,2.5333333333333334e-10,0.29401395574547673,10332.602584440798,0.033260258444079815
btc_hl_breakout_7m,0,0.0125,0.06,0.0,0.05,1440,random,0.006789421822491841,0.678942182249184,0.2608695652173913,46,-0.019435767775374813,-1.9435767775374813,9.112213841849792,1.1464684139283745,2.764492753623188e-10,0.3024555108145299,10067.89421822492,0.006789421822491841
btc_hl_breakout_10m,0,0.025,0.01,0.0,0.25,20,random,0.07376977767407766,7.376977767407766,0.6666666666666666,63,-0.0586957205751274,-5.869572057512739,20.950208655600857,1.3211855657319491,1.82010582010582e-10,0.4745681196840084,10737.697776740777,0.07376977767407766
btc_vol_breakout_9m,0,0.035,0.08,0.0,0.3,15,random,0.055877603896232676,5.587760389623267,0.4,20,-0.09353140188119602,-9.353140188119601,14.779663632915563,1.2844766627177329,5.975000000000001e-10,0.9993005570091368,10558.776038962327,0.055877603896232676
btc_small_up_10m,0,0.1,0.06,0.0,0.15,1440,random,0.04435917575420779,4.4359175754207785,0.6666666666666666,12,-0.05181980344763848,-5.181980344763848,19.723138880762754,1.686891251101627,1.1569444444444446e-09,2.4830652555566313,10443.591757542077,0.04435917575420779
btc_hl_breakout_4m,0,0.03,0.025,0.0,0.15,20,random,0.029611414553026565,2.9611414553026565,0.5681818181818182,44,-0.03370776989035018,-3.370776989035018,15.064656798194022,1.2197101053822967,2.9545454545454544e-10,0.4606689501350642,10296.114145530266,0.029611414553026565
btc_hl_breakout_2m,0,0.03,0.1,0.0,0.5,45,random,0.0027901291044696336,0.27901291044696336,0.3333333333333333,24,-0.21066679276856337,-21.066679276856338,2.412975662723022,1.0065039890691738,5.673611111111111e-10,0.16254270299799975,10027.901291044696,0.0027901291044696336
btc_hl_breakout_9m,0,0.01,0.12,0.0,0.3,480,random,0.08284962619362195,8.284962619362195,0.2,40,-0.1094721516248508,-10.94721516248508,18.924817195052963,1.317785859322082,3.2375e-10,0.7394188461814702,10828.49626193622,0.08284962619362195
btc_bullish,0,0.06,0.045,0.0,0.1,30,random,0.03224053988908565,3.2240539889085653,0.6296296296296297,27,-0.03350378661389364,-3.350378661389364,21.362031480576263,1.4230156286459053,5.135802469135802e-10,1.202212873430126,10322.405398890856,0.03224053988908565
btc_hl_breakout_6m,0,0.06,0.025,0.0,0.1,480,random,0.025164736786039272,2.5164736786039272,0.6774193548387096,31,-0.03139389717643515,-3.139389717643515,17.34117138146974,1.3526529216942773,4.290322580645161e-10,0.8202671175792773,10251.647367860392,0.025164736786039272
btc_small_up_10m,0,0.04,0.15,0.0,0.1,10,random,0.02585008049889735,2.585008049889735,0.38461538461538464,13,-0.03250494970017692,-3.250494970017692,16.905905268216614,1.513829273960139,1.0243589743589744e-09,2.033034948660983,10258.500804988973,0.02585008049889735
btc_small_up_9m,0,0.06,0.035,0.0,0.2,1440,random,0.04684980453853348,4.684980453853347,0.6428571428571429,28,-0.05697148776046457,-5.697148776046457,16.88878487112132,1.3005306312741343,4.351190476190476e-10,0.8611472899577914,10468.498045385335,0.04684980453853348
btc_hl_breakout_10m,0,0.02,0.25,0.0,0.2,1440,random,0.0698786905945269,6.98786905945269,0.23529411764705882,17,-0.06973643323247236,-6.973643323247236,21.785749917880747,1.6998899689757665,8.343137254901962e-10,2.1223415558930108,10698.78690594527,0.0698786905945269
btc_vol_breakout_9m,0,0.0175,0.035,0.0,0.2,90,random,-0.0003391106015730884,-0.03391106015730884,0.3888888888888889,36,-0.06218453718155503,-6.218453718155503,0.5603179138562726,0.9977793582835526,2.814814814814815e-10,0.018225915135350584,9996.608893984268,-0.0003391106015730884
btc_bullish,0,0.06,0.025,0.0,0.05,5,random,0.011072448148654985,1.1072448148654985,0.6470588235294118,34,-0.01727063973759313,-1.727063973759313,14.846605150442073,1.2694573662169222,4.019607843137255e-10,0.6572372704095911,10110.72448148655,0.011072448148654985
btc_hl_breakout_9m,0,0.1,0.04,0.0,0.15,30,random,0.04121128476640274,4.1211284766402745,0.7142857142857143,21,-0.058446326075335064,-5.844632607533507,18.345594615016378,1.4325684887543102,6.658730158730158e-10,1.331224867969083,10412.112847664028,0.04121128476640274
btc_hl_breakout_2m,0,0.005,0.1,0.0,0.1,45,random,0.011237353347907925,1.1237353347907926,0.1702127659574468,47,-0.040252963632159355,-4.0252963632159355,8.920539918326464,1.1530162244855207,2.3333333333333335e-10,0.2512447600970274,10112.37353347908,0.011237353347907925
btc_hl_breakout_2m,0,0.06,0.3,0.0,0.15,20,random,0.056706727083425765,5.670672708342576,0.42857142857142855,7,-0.05388671390332345,-5.388671390332345,22.735328598806568,2.0103969805188,2.088095238095238e-09,5.550087268485493,10567.067270834257,0.056706727083425765
btc_vol_breakout_2m,0,0.01,0.045,0.0,0.1,180,random,-0.0075970106348216175,-0.7597010634821617,0.27586206896551724,58,-0.03299464811198749,-3.299464811198749,-5.763649225525746,0.9196317569549803,2.014367816091954e-10,-0.12395269212976982,9924.029893651783,-0.0075970106348216175
btc_small_down_10m,0,0.03,0.03,0.0,0.2,90,random,0.03707241886366853,3.707241886366853,0.5675675675675675,37,-0.042634284447104265,-4.263428444710426,15.358522239018072,1.2516891286445497,2.9144144144144145e-10,0.5156648665654979,10370.724188636685,0.03707241886366853
btc_hl_breakout_4m,0,0.025,0.03,0.0,0.15,120,random,0.04566222037086914,4.566222037086914,0.5555555555555556,45,-0.03061373149229718,-3.061373149229718,22.484124607749976,1.3432994690775724,2.9e-10,0.6803424502357251,10456.622203708692,0.04566222037086914
btc_small_up_10m,0,0.08,0.02,0.0,0.15,45,random,0.03706186347553951,3.706186347553951,0.7666666666666667,30,-0.04055138857407703,-4.055138857407703,17.256179775789434,1.3681753551808455,3.9777777777777777e-10,0.8388043113355466,10370.618634755396,0.03706186347553951
btc_hl_breakout_4m,0,0.0075,0.02,0.0,0.1,720,random,-0.003740256257676276,-0.3740256257676276,0.37662337662337664,77,-0.03643676293240605,-3.6436762932406053,-2.6907430234620007,0.9649546943696563,1.2662337662337663e-10,-0.04271794908759378,9962.597437423237,-0.003740256257676276
btc_hl_breakout_9m,0,0.06,0.01,0.0,0.5,180,random,0.16132287550518395,16.132287550518395,0.8043478260869565,46,-0.12212598111779316,-12.212598111779316,22.253539491201032,1.4012433024117288,2.815217391304348e-10,0.7075704224871993,11613.22875505184,0.16132287550518395
btc_vol_breakout_8m,0,0.03,0.05,0.0,0.3,180,random,0.06843900198772085,6.843900198772085,0.4583333333333333,24,-0.06451150515833515,-6.451150515833515,19.596786485170615,1.4013837276055632,4.951388888888888e-10,0.9752150966861187,10684.390019877208,0.06843900198772085
btc_hl_breakout_3m,0,0.08,0.08,0.0,0.15,90,random,0.04817879965607142,4.817879965607142,0.6,15,-0.05085078207581695,-5.085078207581695,21.452260276633083,1.5645572641474532,9.222222222222223e-10,2.162779733497144,10481.787996560714,0.04817879965607142
btc_alt_aligned,0,0.005,0.015,0.0,0.25,90,random,-0.011029017171913574,-1.1029017171913573,0.3333333333333333,132,-0.09994902469538725,-9.994902469538724,-1.825187564128929,0.9717287656272621,9.255050505050504e-11,-0.02072053123633038,9889.709828280864,-0.011029017171913574
btc_hl_breakout_8m,0,0.025,0.05,0.0,0.25,240,random,0.04330364212443542,4.330364212443541,0.4117647058823529,34,-0.08179921051702677,-8.179921051702676,12.264876008221066,1.1935099756460794,3.877450980392157e-10,0.5493246635957357,10433.036421244355,0.04330364212443542
btc_small_down_10m,0,0.06,0.12,0.0,0.1,120,random,0.04080996823336154,4.080996823336154,0.5,12,-0.03355291204104749,-3.355291204104749,26.585383904455245,1.9307548621137507,1.1388888888888888e-09,3.3983529164579926,10408.099682333615,0.04080996823336154
btc_hl_breakout_5m,0,0.015,0.035,0.0,0.15,5,random,0.011260934909166099,1.1260934909166098,0.37254901960784315,51,-0.04802711389452974,-4.802711389452973,6.4027667968429824,1.0781207723093915,2.303921568627451e-10,0.16135326476310735,10112.609349091661,0.011260934909166099
btc_hl_breakout_2m,0,0.08,0.045,0.0,0.15,180,random,0.05205251734914882,5.205251734914882,0.6666666666666666,21,-0.05085078207581728,-5.085078207581728,22.904728572316383,1.5503207891461326,6.706349206349207e-10,1.6603829132182328,10520.52517349149,0.05205251734914882
btc_hl_breakout_9m,0,0.0175,0.12,0.0,0.2,1440,random,0.04380268997116141,4.380268997116141,0.24242424242424243,33,-0.0798763093931999,-7.98763093931999,15.006684023661341,1.243005732482822,3.994949494949495e-10,0.7136289792356618,10438.026899711615,0.04380268997116141
btc_alt_aligned,0,0.08,0.025,0.0,0.15,480,random,0.04487463777994644,4.487463777994645,0.7407407407407407,27,-0.046633336715599105,-4.6633336715599105,19.919353890600323,1.4314380859860956,5.333333333333334e-10,1.120983530396572,10448.746377799464,0.04487463777994644
btc_hl_breakout_3m,0,0.015,0.02,0.0,0.15,15,random,0.023506139569642166,2.3506139569642164,0.49206349206349204,63,-0.036239272204268036,-3.6239272204268036,12.483972428482613,1.1574499081988032,1.8333333333333332e-10,0.2576043714517537,10235.061395696423,0.023506139569642166
btc_small_up_9m,0,0.0075,0.015,0.0,0.3,60,random,0.02784179510049794,2.784179510049794,0.4098360655737705,61,-0.05359285602897779,-5.359285602897779,9.318825747934458,1.1258863734164017,1.1939890710382514e-10,0.16740734256904485,10278.41795100498,0.02784179510049794
btc_vol_breakout_10m,0,0.0175,0.02,0.0,0.1,480,random,0.0156934617413045,1.56934617413045,0.5121951219512195,41,-0.021261296441886235,-2.1261296441886235,15.356043642777234,1.247185641823387,1.821138211382114e-10,0.38808909092084853,10156.934617413044,0.0156934617413045
btc_small_up_9m,0,0.005,0.08,0.0,0.5,30,random,0.01555190883665091,1.555190883665091,0.21052631578947367,38,-0.13170159216133992,-13.170159216133992,4.3153026624783895,1.0471013010381018,2.6096491228070176e-10,0.13745054675908042,10155.51908836651,0.01555190883665091
btc_small_up_9m,0,0.1,0.01,0.0,0.4,480,random,0.11558812607206041,11.558812607206042,0.8571428571428571,35,-0.07699283327842954,-7.699283327842954,20.897540299553437,1.5308514659292838,3.438095238095238e-10,0.8351345417313635,11155.881260720604,0.11558812607206041
btc_small_down_10m,0,0.015,0.3,0.0,0.15,20,random,0.04737315198431745,4.7373151984317445,0.21428571428571427,14,-0.048484738659443916,-4.848473865944392,20.759327515987724,1.7488135025319913,1.0083333333333333e-09,2.322616743781778,10473.731519843175,0.04737315198431745
btc_hl_breakout_2m,0,0.06,0.015,0.0,0.05,360,random,0.018005775193422245,1.8005775193422244,0.8,40,-0.012733623623367496,-1.2733623623367496,24.745781388176315,1.5786356140243956,3.1291666666666665e-10,0.8996000525558739,10180.057751934222,0.018005775193422245
btc_vol_breakout_9m,0,0.035,0.2,0.0,0.4,480,random,0.08010348944663752,8.010348944663752,0.36363636363636365,11,-0.12313645660076511,-12.31364566007651,15.766958708021274,1.4223945454951932,1.2409090909090908e-09,2.055269686254133,10801.034894466375,0.08010348944663752
btc_vol_breakout_8m,0,0.0125,0.08,0.0,0.5,15,random,0.11626668138786272,11.626668138786272,0.25806451612903225,31,-0.10637816011490797,-10.637816011490797,20.19104053156029,1.3512508839146422,3.4677419354838706e-10,0.7903051754555532,11162.666813878626,0.11626668138786272
btc_hl_breakout_1m,0,0.0175,0.15,0.0,0.15,5,random,0.0494650727466626,4.94650727466626,0.2631578947368421,19,-0.04684855624319506,-4.684855624319506,21.531249634683906,1.6415583385005688,7.105263157894736e-10,1.7697898743614504,10494.650727466626,0.0494650727466626
btc_hl_breakout_5m,0,0.0125,0.03,0.0,0.3,20,random,0.051536585155180545,5.153658515518054,0.4166666666666667,60,-0.08009265619649608,-8.009265619649607,13.910481566379781,1.1646555167661703,1.872222222222222e-10,0.30478196079713493,10515.365851551805,0.051536585155180545
btc_bullish,0,0.0125,0.1,0.0,0.4,720,random,0.12069984361183907,12.069984361183907,0.24324324324324326,37,-0.11954355902675884,-11.954355902675884,20.35770879074203,1.3478001785746594,3.6216216216216216e-10,0.8684392703138649,11206.99843611839,0.12069984361183907
btc_small_down_10m,0,0.035,0.1,0.0,0.05,720,random,0.012248221828845642,1.2248221828845642,0.4,20,-0.019517893467214886,-1.9517893467214886,17.6420759529522,1.3852143023497854,6.616666666666668e-10,1.2372517492835435,10122.482218288456,0.012248221828845642
btc_hl_breakout_6m,0,0.0175,0.02,0.0,0.4,240,random,-0.06948995098413516,-6.948995098413516,0.45,60,-0.1788176809120724,-17.88176809120724,-13.233914342737611,0.8426501831833066,1.813888888888889e-10,-0.2698359274245928,9305.10049015865,-0.06948995098413516
btc_hl_breakout_10m,0,0.025,0.08,0.0,0.5,45,random,0.13348060662657918,13.348060662657918,0.37037037037037035,27,-0.15739967508437835,-15.739967508437836,18.740516618517997,1.3148093886268364,4.87037037037037e-10,1.0642901780535938,11334.806066265792,0.13348060662657918
btc_small_up_10m,0,0.035,0.25,0.0,0.2,90,random,0.07003876449417817,7.003876449417818,0.2857142857142857,14,-0.07632296361177937,-7.6322963611779375,22.0414668365902,1.7291124773645636,9.476190476190477e-10,2.5792145765130674,10700.387644941782,0.07003876449417817
btc_hl_breakout_1m,0,0.1,0.045,0.0,0.15,20,random,0.04105902174440757,4.105902174440757,0.7058823529411765,17,-0.04926188264231879,-4.926188264231879,18.57015655039008,1.5341528778413598,8.470588235294117e-10,1.6299004308042802,10410.590217444076,0.04105902174440757
btc_small_down_10m,0,0.01,0.12,0.0,0.15,60,random,0.03126171604977929,3.1261716049779285,0.1875,32,-0.050845353121346415,-5.0845353121346415,14.99947940943234,1.3496709601408188,3.911458333333333e-10,0.6771661009791277,10312.617160497794,0.03126171604977929
btc_small_down_10m,0,0.01,0.01,0.0,0.1,480,random,0.02415364976092817,2.415364976092817,0.49295774647887325,71,-0.018326587364437263,-1.8326587364437263,23.155073263113465,1.3298140889991554,8.685446009389671e-11,0.341144690046096,10241.536497609282,0.02415364976092817
btc_hl_breakout_7m,0,0.03,0.25,0.0,0.3,480,random,0.09806037448558613,9.806037448558612,0.2857142857142857,14,-0.1180645217066022,-11.80645217066022,20.536289834941865,1.6356714107701666,1.0226190476190475e-09,2.4695261236963675,10980.603744855862,0.09806037448558613
btc_vol_breakout_2m,0,0.035,0.04,0.0,0.5,20,random,0.029233585052628405,2.9233585052628404,0.4857142857142857,35,-0.18412574942176052,-18.41257494217605,6.234631225462063,1.0626208403039896,3.7571428571428576e-10,0.2458589891917927,10292.335850526284,0.029233585052628405
btc_hl_breakout_3m,0,0.0075,0.15,0.0,0.1,10,random,0.020119069717898914,2.0119069717898914,0.1724137931034483,29,-0.036364977564493195,-3.6364977564493195,13.391005586991195,1.332780774813422,4.471264367816092e-10,0.7187659787545568,10201.190697178989,0.020119069717898914
btc_vol_breakout_2m,0,0.02,0.1,0.0,0.15,240,random,0.03030272551602559,3.030272551602559,0.3333333333333333,24,-0.04895132467008789,-4.895132467008789,14.94773702926383,1.332240157508325,5.638888888888889e-10,0.8660599584522999,10303.027255160256,0.03030272551602559
btc_hl_breakout_6m,0,0.035,0.08,0.0,0.25,120,random,-0.0019605922833936347,-0.19605922833936346,0.3181818181818182,22,-0.1016870312416166,-10.16870312416166,0.4566080224580933,0.9897443413375479,6.181818181818182e-10,0.03580763998920935,9980.394077166064,-0.0019605922833936347
btc_vol_breakout_2m,0,0.03,0.3,0.0,0.05,480,random,0.018839809031788144,1.8839809031788144,0.2727272727272727,11,-0.018267604211983812,-1.8267604211983812,21.848242674954022,1.9029412693470307,1.3075757575757575e-09,3.4597971650453494,10188.398090317882,0.018839809031788144
btc_vol_breakout_2m,0,0.04,0.025,0.0,0.5,45,random,0.08241837897091892,8.24183789709189,0.6153846153846154,39,-0.12180717325461465,-12.180717325461465,13.905514664352921,1.191880390363929,3.337606837606838e-10,0.4665094511079499,10824.18378970919,0.08241837897091892
btc_small_up_10m,0,0.0075,0.015,0.0,0.2,1440,random,0.02909766909174441,2.909766909174441,0.391304347826087,69,-0.05210700776904398,-5.210700776904398,11.589013455230258,1.1615872262692315,1.0507246376811593e-10,0.22283564795682526,10290.976690917443,0.02909766909174441
btc_vol_breakout_9m,0,0.02,0.03,0.0,0.05,240,random,0.009742991447349629,0.9742991447349629,0.47058823529411764,34,-0.012014083658751118,-1.2014083658751118,17.852571560730514,1.325148305069671,3.044117647058824e-10,0.5761146387596372,10097.429914473496,0.009742991447349629
btc_vol_breakout_3m,0,0.035,0.04,0.0,0.2,45,random,0.034619122592462484,3.4619122592462483,0.5454545454545454,33,-0.06056035283267214,-6.056035283267214,13.540754983825328,1.2145040111725347,3.651515151515152e-10,0.5496995910299258,10346.191225924626,0.034619122592462484
btc_hl_breakout_8m,0,0.02,0.12,0.0,0.3,360,random,0.07962654776458762,7.962654776458762,0.28,25,-0.10093667165186226,-10.093667165186226,17.828923369733783,1.3647744177485068,5.453333333333333e-10,1.1301939991833794,10796.265477645877,0.07962654776458762
btc_vol_breakout_9m,0,0.025,0.045,0.0,0.05,120,random,0.012495030466209664,1.2495030466209665,0.5,26,-0.010509443626641524,-1.0509443626641524,22.19381051590198,1.5173623985473657,3.923076923076923e-10,0.9625634549078691,10124.950304662096,0.012495030466209664
btc_alt_aligned,0,0.005,0.05,0.0,0.3,360,random,0.0336054139095042,3.36054139095042,0.20238095238095238,84,-0.11120394249584786,-11.120394249584786,8.460744868904875,1.0896508690405458,1.5634920634920634e-10,0.15811927783245094,10336.054139095042,0.0336054139095042
btc_vol_breakout_9m,0,0.035,0.03,0.0,0.25,20,random,0.06205764131767501,6.205764131767501,0.5862068965517241,29,-0.04931854289347681,-4.931854289347681,22.10900702880496,1.3991922372198966,3.649425287356322e-10,0.8650155879445007,10620.57641317675,0.06205764131767501
btc_vol_breakout_9m,0,0.015,0.15,0.0,0.1,15,random,0.01763910045431295,1.763910045431295,0.17647058823529413,17,-0.021312428037496778,-2.131242803749678,14.527320750087839,1.4734643333857127,7.470588235294117e-10,1.0635825876318754,10176.39100454313,0.01763910045431295
btc_hl_breakout_5m,0,0.005,0.25,0.0,0.15,720,random,0.06776807366206543,6.776807366206543,0.16666666666666666,24,-0.05335722310584479,-5.335722310584479,27.67535776969919,2.0747629077780365,5.361111111111111e-10,1.8966827938609117,10677.680736620654,0.06776807366206543
btc_small_up_10m,0,0.01,0.12,0.0,0.4,30,random,0.10422238927143007,10.422238927143008,0.21875,32,-0.13704267804673875,-13.704267804673876,18.66615095175158,1.3507212759348985,3.265625e-10,0.880581751544349,11042.2238927143,0.10422238927143007
btc_hl_breakout_2m,0,0.1,0.3,0.0,0.05,20,random,0.023076317226695932,2.3076317226695933,0.6,5,-0.015470210620588731,-1.5470210620588731,27.9578040345805,3.0416197857262866,2.9433333333333333e-09,9.249696038309043,10230.76317226696,0.023076317226695932
btc_vol_breakout_10m,0,0.03,0.2,0.0,0.5,720,random,0.19806371871761566,19.806371871761566,0.36363636363636365,11,-0.10550099928937795,-10.550099928937795,29.926533517761424,2.0158336471191154,1.1393939393939394e-09,3.7015474845527745,11980.637187176157,0.19806371871761566
btc_hl_breakout_7m,0,0.0125,0.04,0.0,0.2,360,random,0.04676070732952432,4.676070732952432,0.35185185185185186,54,-0.06596952624524566,-6.596952624524565,16.317198163892936,1.2279920843959782,2.339506172839506e-10,0.44773260172918816,10467.607073295243,0.04676070732952432
btc_small_up_10m,0,0.015,0.04,0.0,0.4,720,random,0.07417009212504182,7.4170092125041815,0.3673469387755102,49,-0.13516754917308782,-13.516754917308782,14.337638061559364,1.187214204350692,1.9421768707482996e-10,0.4125520950760939,10741.700921250418,0.07417009212504182
btc_hl_breakout_2m,0,0.0075,0.04,0.0,0.4,1440,random,0.004446356983640498,0.4446356983640498,0.296875,64,-0.14688794110189496,-14.688794110189496,2.3660759632680515,1.0103735255546198,1.8307291666666668e-10,0.049689544160338245,10044.463569836405,0.004446356983640498
btc_alt_aligned,0,0.0125,0.04,0.0,0.3,30,random,0.06608806577462714,6.6088065774627145,0.34375,64,-0.08990333840851783,-8.990333840851783,15.22141012422232,1.1840606550511121,2.1302083333333333e-10,0.36545559182118964,10660.880657746271,0.06608806577462714
btc_vol_breakout_9m,0,0.015,0.025,0.0,0.3,10,random,0.06600283694419919,6.600283694419919,0.45,40,-0.05938725877342488,-5.938725877342488,21.24801766530998,1.3419594078561652,2.2583333333333335e-10,0.5580310424021948,10660.028369441992,0.06600283694419919
btc_hl_breakout_9m,0,0.06,0.015,0.0,0.4,120,random,0.10342606510349214,10.342606510349214,0.75,40,-0.1285743638833825,-12.85743638833825,18.18783186179247,1.3071164171973892,3.2916666666666667e-10,0.673306553664233,11034.260651034921,0.10342606510349214
btc_bullish,0,0.015,0.06,0.0,0.4,480,random,0.09467486998982967,9.467486998982967,0.2978723404255319,47,-0.10117295776821222,-10.117295776821223,16.61564508326767,1.2204275914145153,2.7801418439716316e-10,0.5467218611817224,10946.748699898297,0.09467486998982967
btc_vol_breakout_10m,0,0.02,0.035,0.0,0.25,60,random,0.01499409242649358,1.4994092426493582,0.4411764705882353,34,-0.07291111556117125,-7.291111556117125,5.813998516926477,1.0814403238721397,2.88235294117647e-10,0.20572838257753154,10149.940924264936,0.01499409242649358
btc_vol_breakout_3m,0,0.0125,0.05,0.0,0.1,120,random,0.013529320570665016,1.3529320570665015,0.3333333333333333,45,-0.028780088988171193,-2.8780088988171193,10.675455915300736,1.1534320309246986,2.403703703703704e-10,0.31212279607179905,10135.29320570665,0.013529320570665016
btc_hl_breakout_4m,0,0.0175,0.15,0.0,0.4,1440,random,0.1947151598877288,19.47151598877288,0.3,20,-0.11655342875587482,-11.655342875587483,30.096020864289105,1.8558872795364587,6.924999999999999e-10,2.4231688030223686,11947.151598877288,0.1947151598877288
btc_hl_breakout_4m,0,0.06,0.045,0.0,0.25,20,random,0.09095388203639836,9.095388203639835,0.6538461538461539,26,-0.08002402333210512,-8.002402333210512,23.940486846104726,1.4855413662742325,5.294871794871795e-10,1.405414968150834,10909.538820363983,0.09095388203639836
btc_vol_breakout_2m,0,0.04,0.015,0.0,0.5,1440,random,0.08128599685684303,8.128599685684303,0.6862745098039216,51,-0.11106003130481867,-11.106003130481866,14.029216193902084,1.1839497253642575,2.209150326797386e-10,0.3487003518452441,10812.859968568431,0.08128599685684303
btc_vol_breakout_9m,0,0.015,0.3,0.0,0.2,5,random,0.04631464267840363,4.631464267840363,0.2222222222222222,9,-0.04193703221689882,-4.193703221689882,17.703870881166694,2.270647436541667,1.5203703703703705e-09,2.6352442314206614,10463.146426784037,0.04631464267840363
btc_small_up_9m,0,0.03,0.08,0.0,0.3,60,random,0.041375909886015236,4.137590988601524,0.38095238095238093,21,-0.08627410741806185,-8.627410741806186,11.52481466021173,1.2102114584510748,5.920634920634921e-10,0.7281015712214143,10413.759098860151,0.041375909886015236
btc_bullish,0,0.005,0.015,0.0,0.1,180,random,0.012802060146174358,1.2802060146174359,0.3652173913043478,115,-0.024239537005029455,-2.4239537005029455,9.107507225631155,1.0981007661215856,9.565217391304348e-11,0.11629980474424258,10128.020601461743,0.012802060146174358
btc_small_up_9m,0,0.005,0.06,0.0,0.25,60,random,0.022330347905345344,2.2330347905345342,0.20454545454545456,44,-0.0676793283736854,-6.76793283736854,7.893531419900039,1.1246128419243389,2.128787878787879e-10,0.2303673311686862,10223.303479053453,0.022330347905345344
btc_small_up_9m,0,0.0075,0.02,0.0,0.2,45,random,0.04429171087381319,4.429171087381319,0.39655172413793105,58,-0.033009589567680186,-3.3009589567680186,22.356049804867904,1.3399773939430308,1.2902298850574712e-10,0.38411850439500117,10442.917108738133,0.04429171087381319
btc_vol_breakout_8m,0,0.08,0.035,0.0,0.25,1440,random,0.04096336264233523,4.096336264233523,0.6818181818181818,22,-0.06906887407621776,-6.906887407621776,13.509971564157404,1.259232637154242,5.939393939393939e-10,0.7897077864975174,10409.633626423352,0.04096336264233523
btc_hl_breakout_10m,0,0.0125,0.25,0.0,0.2,120,random,0.0839548110150271,8.395481101502709,0.21052631578947367,19,-0.06729734036513968,-6.7297340365139675,25.905785137828712,1.9739220150478323,7.31578947368421e-10,2.2402860112306047,10839.54811015027,0.0839548110150271
btc_hl_breakout_2m,0,0.1,0.03,0.0,0.25,45,random,0.0927027408894503,9.27027408894503,0.76,25,-0.07693585866020647,-7.693585866020647,24.860016418649497,1.5636716804605137,5.480000000000001e-10,1.4810292400706104,10927.027408894503,0.0927027408894503
btc_hl_breakout_8m,0,0.06,0.01,0.0,0.5,240,random,0.13103159742087764,13.103159742087763,0.8,45,-0.12212598111779205,-12.212598111779204,18.871606283250337,1.3343844161828093,2.8666666666666666e-10,0.6040656861836,11310.315974208777,0.13103159742087764
btc_hl_breakout_7m,0,0.015,0.2,0.0,0.05,480,random,0.01670382809636739,1.670382809636739,0.22727272727272727,22,-0.017317979136285855,-1.7317979136285855,21.838484592059615,1.6001835130572941,6.356060606060605e-10,1.5316740530076234,10167.038280963674,0.01670382809636739
btc_small_down_10m,0,0.01,0.08,0.0,0.05,120,random,0.011583022538170446,1.1583022538170447,0.2631578947368421,38,-0.01720107874608956,-1.720107874608956,16.8668517379898,1.3566816616518058,3.0877192982456143e-10,0.6138885374424808,10115.830225381704,0.011583022538170446
btc_hl_breakout_5m,0,0.05,0.15,0.0,0.2,45,random,0.06367432700174452,6.367432700174453,0.42857142857142855,14,-0.07846770222628952,-7.846770222628951,20.35857757443263,1.5149128500529354,1.0226190476190475e-09,2.3546828174075385,10636.743270017445,0.06367432700174452
btc_small_up_10m,0,0.03,0.04,0.0,0.1,90,random,0.02801120380035302,2.801120380035302,0.4864864864864865,37,-0.03012635937820507,-3.012635937820507,19.807081280252255,1.3402028221834963,3.022522522522523e-10,0.7637521393576376,10280.11203800353,0.02801120380035302
btc_vol_breakout_2m,0,0.04,0.2,0.0,0.15,480,random,0.02943132558030611,2.943132558030611,0.36363636363636365,11,-0.05027629960145097,-5.027629960145097,14.242752571102317,1.42011539358276,1.3075757575757575e-09,1.876678731723707,10294.313255803061,0.02943132558030611
btc_hl_breakout_8m,0,0.03,0.01,0.0,0.3,90,random,0.052128129149391134,5.212812914939113,0.6612903225806451,62,-0.0989606566715594,-9.89606566715594,13.009753349783574,1.170008152436111,1.8091397849462367e-10,0.30142956748483274,10521.281291493911,0.052128129149391134
btc_vol_breakout_2m,0,0.06,0.02,0.0,0.1,15,random,0.027061082006861237,2.7061082006861237,0.7428571428571429,35,-0.025104427212571667,-2.5104427212571667,18.99013481586577,1.3921945563918965,3.6238095238095237e-10,0.7783802485527594,10270.610820068612,0.027061082006861237
btc_hl_breakout_9m,0,0.0125,0.04,0.0,0.25,45,random,0.05692723133415934,5.692723133415934,0.36538461538461536,52,-0.07916482657412172,-7.916482657412171,16.080715593118427,1.221911061886422,2.3685897435897435e-10,0.45709969339438267,10569.272313341593,0.05692723133415934
btc_hl_breakout_9m,0,0.0075,0.3,0.0,0.4,5,random,0.1735209407648058,17.35209407648058,0.1875,16,-0.13401273122685575,-13.401273122685575,26.39393158270493,2.304731848758241,8.90625e-10,2.7479843194163096,11735.209407648057,0.1735209407648058
btc_small_up_10m,0,0.005,0.06,0.0,0.2,120,random,0.04751711710537274,4.751711710537275,0.22448979591836735,49,-0.06386618280829792,-6.386618280829792,17.037414833055152,1.297305901176603,1.7993197278911564e-10,0.5013751510224772,10475.171171053727,0.04751711710537274
btc_vol_breakout_10m,0,0.015,0.035,0.0,0.1,10,random,0.024491733007783442,2.449173300778344,0.42105263157894735,38,-0.01761379860773471,-1.761379860773471,22.959280558352617,1.412666627714886,2.2368421052631578e-10,0.6464906052950612,10244.917330077835,0.024491733007783442
btc_bullish,0,0.01,0.3,0.0,0.1,5,random,0.03225158118087111,3.225158118087111,0.4,5,-0.035195908312735225,-3.5195908312735225,19.050909956095477,4.980367203339886,2.9233333333333334e-09,6.45787828378013,10322.515811808711,0.03225158118087111
btc_hl_breakout_10m,0,0.1,0.1,0.0,0.3,480,random,0.07891786426477715,7.891786426477715,0.5384615384615384,13,-0.10796771351276147,-10.796771351276146,18.125448156400665,1.4173613193172148,1.1012820512820513e-09,2.141713529127602,10789.178642647772,0.07891786426477715
btc_hl_breakout_8m,0,0.015,0.15,0.0,0.2,180,random,0.045657507017317106,4.5657507017317105,0.22727272727272727,22,-0.07256982001989565,-7.256982001989565,15.114614488933759,1.3965968499582782,6.196969696969697e-10,1.0978552133209576,10456.57507017317,0.045657507017317106
btc_hl_breakout_1m,0,0.04,0.025,0.0,0.05,1440,random,0.013485899852025262,1.3485899852025263,0.631578947368421,38,-0.011363044986654525,-1.1363044986654525,20.15525535570853,1.3632742996340679,3.4692982456140346e-10,0.7123857724707958,10134.858998520252,0.013485899852025262
btc_vol_breakout_10m,0,0.0125,0.03,0.0,0.1,1440,random,0.01671482711099635,1.6714827110996349,0.4,40,-0.023328239320878796,-2.3328239320878796,16.243141713822574,1.270896862246039,2.0041666666666667e-10,0.42302918809740425,10167.148271109963,0.01671482711099635
btc_alt_aligned,0,0.0075,0.04,0.0,0.25,180,random,0.0317733180545084,3.17733180545084,0.2911392405063291,79,-0.09336836458330666,-9.336836458330666,9.245005018677409,1.096088735606788,1.6898734177215192e-10,0.18084808014913864,10317.733180545085,0.0317733180545084
btc_vol_breakout_3m,0,0.01,0.1,0.0,0.15,5,random,0.01522681090736785,1.522681090736785,0.22857142857142856,35,-0.054657814508863756,-5.465781450886375,8.336846442436826,1.1417391538473964,3.2047619047619046e-10,0.3146235184249895,10152.268109073679,0.01522681090736785
btc_bullish,0,0.03,0.25,0.0,0.25,1440,random,0.09925740964724909,9.925740964724909,0.3076923076923077,13,-0.082655962667749,-8.2655962667749,24.585624478925265,1.9580698878847593,1.0871794871794872e-09,3.1154832444547425,10992.57409647249,0.09925740964724909
btc_small_up_10m,0,0.0125,0.05,0.0,0.1,90,random,0.02375584330697121,2.375584330697121,0.3111111111111111,45,-0.03593788011019061,-3.593788011019061,16.70759335066044,1.285659302284357,2.151851851851852e-10,0.5366583705624608,10237.558433069713,0.02375584330697121
btc_hl_breakout_4m,0,0.01,0.04,0.0,0.5,240,random,0.06681466616423795,6.681466616423795,0.3508771929824561,57,-0.11626083644239049,-11.62608364423905,11.961717293307235,1.1335699876879137,2.1461988304093566e-10,0.27072300677758687,10668.146661642379,0.06681466616423795
btc_vol_breakout_2m,0,0.08,0.015,0.0,0.1,30,random,0.029305582211316506,2.9305582211316508,0.8055555555555556,36,-0.026179792621011333,-2.6179792621011333,20.50547204174156,1.4735519493456988,3.4907407407407405e-10,0.8170020697034304,10293.055822113165,0.029305582211316506
btc_hl_breakout_9m,0,0.0075,0.05,0.0,0.15,120,random,0.0014468170021612423,0.14468170021612423,0.23214285714285715,56,-0.07227114217538977,-7.227114217538977,1.3020447744402226,1.0096600299702343,2.1339285714285716e-10,0.03485556637665396,10014.468170021613,0.0014468170021612423
btc_hl_breakout_3m,0,0.0175,0.02,0.0,0.3,15,random,0.004109890599273922,0.4109890599273922,0.4827586206896552,58,-0.0969116818546425,-9.69116818546425,2.1949252928273624,1.0130822308070964,1.867816091954023e-10,0.04834116240488153,10041.09890599274,0.004109890599273922
btc_hl_breakout_6m,0,0.04,0.2,0.0,0.4,60,random,0.04521371827951093,4.521371827951093,0.2857142857142857,14,-0.14642458415658677,-14.642458415658677,9.4169945555151,1.1769670412697164,1.0059523809523809e-09,1.086266075599369,10452.13718279511,0.04521371827951093
btc_hl_breakout_10m,0,0.03,0.04,0.0,0.25,30,random,0.053817279674001475,5.381727967400147,0.47368421052631576,38,-0.09052348527335585,-9.052348527335585,15.092256657236176,1.221736342024876,3.342105263157895e-10,0.596289706847215,10538.172796740015,0.053817279674001475
btc_alt_aligned,0,0.005,0.3,0.0,0.1,720,random,0.04189774563527536,4.189774563527536,0.14285714285714285,21,-0.03319688187443559,-3.319688187443559,24.6256496796128,2.3342674124448255,6.896825396825396e-10,2.0055516259934794,10418.977456352754,0.04189774563527536
btc_hl_breakout_1m,0,0.035,0.025,0.0,0.1,180,random,0.03064848484484462,3.0648484844844623,0.631578947368421,38,-0.022655750524171125,-2.2655750524171125,23.140383590539937,1.4366348366748116,3.407894736842105e-10,0.8075481301140256,10306.484848448446,0.03064848484484462
btc_small_up_10m,0,0.08,0.03,0.0,0.4,480,random,0.20226306137692626,20.226306137692625,0.8,25,-0.10636564483313982,-10.636564483313983,33.20561574678043,1.915151127156503,4.966666666666667e-10,1.9288426706278186,12022.630613769263,0.20226306137692626
btc_alt_aligned,0,0.025,0.04,0.0,0.3,45,random,0.06936564903244366,6.936564903244366,0.4444444444444444,45,-0.0956916223733868,-9.56916223733868,15.789489053590081,1.2161967555342368,3.1e-10,0.5421907938716456,10693.656490324436,0.06936564903244366
btc_hl_breakout_6m,0,0.025,0.15,0.0,0.05,720,random,0.014755478633622119,1.4755478633622119,0.3125,16,-0.01709645972872753,-1.709645972872753,18.75434456128216,1.6300798132242489,9.010416666666667e-10,1.8592041535805577,10147.55478633622,0.014755478633622119
btc_hl_breakout_2m,0,0.0075,0.03,0.0,0.25,90,random,-0.013125197615882916,-1.3125197615882915,0.3194444444444444,72,-0.10513835463034282,-10.513835463034283,-3.3478479963035337,0.9529114430528736,1.5185185185185186e-10,-0.0561596904816484,9868.74802384117,-0.013125197615882916
btc_vol_breakout_8m,0,0.0125,0.05,0.0,0.05,60,random,0.009786230772612379,0.9786230772612379,0.3333333333333333,36,-0.009944187696516948,-0.9944187696516948,17.994174479912488,1.3375059874318584,2.851851851851852e-10,0.5464850545596424,10097.862307726124,0.009786230772612379
btc_hl_breakout_6m,0,0.005,0.045,0.0,0.5,240,random,0.0006206548117181228,0.062065481171812285,0.22535211267605634,71,-0.22950346511635678,-22.95034651163568,2.096765559830199,1.0010641843487262,1.476525821596244e-10,0.04463418858928511,10006.206548117181,0.0006206548117181228
btc_small_down_10m,0,0.0175,0.045,0.0,0.2,45,random,0.001510929420243042,0.1510929420243042,0.3333333333333333,36,-0.05429242942785817,-5.429242942785817,1.3390408412782309,1.010097173747532,3.00462962962963e-10,0.04407774598695003,10015.10929420243,0.001510929420243042
btc_hl_breakout_5m,0,0.1,0.01,0.0,0.5,90,random,0.15383917261567448,15.383917261567447,0.8571428571428571,42,-0.16060480274835343,-16.060480274835342,21.748476288917438,1.4304120669353424,2.8373015873015875e-10,0.7486678520620369,11538.391726156744,0.15383917261567448
btc_alt_aligned,0,0.0125,0.01,0.0,0.3,5,random,0.00983395313854753,0.9833953138547531,0.5175438596491229,114,-0.10504240400317955,-10.504240400317954,3.487716704944469,1.0220935285689203,1.0994152046783626e-10,0.04615052127127666,10098.339531385474,0.00983395313854753
btc_hl_breakout_10m,0,0.0125,0.025,0.0,0.15,240,random,0.04057814077573069,4.0578140775730684,0.4406779661016949,59,-0.03689387809840583,-3.689387809840583,19.228764077376727,1.2727528775829908,1.8926553672316383e-10,0.4650340879009831,10405.781407757308,0.04057814077573069
btc_hl_breakout_2m,0,0.06,0.2,0.0,0.4,240,random,0.04606027987461425,4.606027987461426,0.4,10,-0.14689766293605044,-14.689766293605045,9.622705906241718,1.2258273573852825,1.455e-09,1.4323609815004659,10460.602798746142,0.04606027987461425
btc_vol_breakout_2m,0,0.01,0.08,0.0,0.05,360,random,0.004956665900160982,0.4956665900160982,0.23684210526315788,38,-0.01809391576171726,-1.809391576171726,7.497669843933986,1.1372258094371965,3.350877192982456e-10,0.2681193734223021,10049.56665900161,0.004956665900160982
btc_hl_breakout_2m,0,0.0075,0.1,0.0,0.25,10,random,0.008967257794845682,0.8967257794845682,0.19047619047619047,42,-0.10687052698944977,-10.687052698944976,3.643561798680698,1.0432252123431853,2.94047619047619e-10,0.12356409428103873,10089.672577948457,0.008967257794845682
btc_small_down_10m,0,0.005,0.02,0.0,0.4,90,random,0.11525714210115384,11.525714210115384,0.34615384615384615,78,-0.10127158162433147,-10.127158162433147,27.037497324610346,1.3475895504960962,8.760683760683761e-11,0.3678708037135797,11152.571421011538,0.11525714210115384
btc_small_down_10m,0,0.06,0.25,0.0,0.15,360,random,0.04754632500048463,4.754632500048463,0.42857142857142855,7,-0.05608690589281118,-5.608690589281117,19.884818590914502,2.0334483208663667,2.061904761904762e-09,4.623232452257453,10475.463250004846,0.04754632500048463
btc_hl_breakout_3m,0,0.1,0.015,0.0,0.2,1440,random,0.05582081489416753,5.582081489416753,0.8125,32,-0.06564260478538497,-6.564260478538497,19.383886776124605,1.4303451963263063,3.911458333333333e-10,0.8856261939175047,10558.208148941676,0.05582081489416753
btc_hl_breakout_9m,0,0.0075,0.025,0.0,0.2,10,random,0.009956439056645968,0.9956439056645968,0.3424657534246575,73,-0.09329009720431913,-9.329009720431912,4.358295624950588,1.0433200484600151,1.458904109589041e-10,0.08414234729813908,10099.56439056646,0.009956439056645968
btc_hl_breakout_5m,0,0.05,0.08,0.0,0.3,1440,random,0.0601467184649729,6.01467184649729,0.45,20,-0.11576453709735313,-11.576453709735313,13.943039909770038,1.2688265681042152,6.808333333333333e-10,1.0820886491964758,10601.46718464973,0.0601467184649729
btc_vol_breakout_9m,0,0.015,0.045,0.0,0.15,15,random,0.03364500378537436,3.364500378537436,0.3939393939393939,33,-0.028123785554011516,-2.8123785554011516,20.748106936398433,1.4234782610309242,3.146464646464646e-10,0.6835891833503842,10336.450037853743,0.03364500378537436
btc_small_up_10m,0,0.0125,0.03,0.0,0.15,90,random,0.03193547962723419,3.193547962723419,0.3888888888888889,54,-0.04673489726980229,-4.673489726980229,15.598583479685383,1.2342934375184351,1.632716049382716e-10,0.4038865534369659,10319.354796272342,0.03193547962723419
btc_vol_breakout_3m,0,0.015,0.25,0.0,0.15,5,random,0.037229929380669956,3.7229929380669957,0.19047619047619047,21,-0.0518204196206562,-5.18204196206562,17.48068054916725,1.4268583884978534,6.23015873015873e-10,1.2468836764118982,10372.2992938067,0.037229929380669956
btc_alt_aligned,0,0.08,0.035,0.0,0.25,180,random,0.06388473684841797,6.388473684841797,0.7083333333333334,24,-0.08618747676157668,-8.618747676157668,17.29899609076066,1.3639833650428803,6.01388888888889e-10,1.0990791347391953,10638.84736848418,0.06388473684841797
btc_vol_breakout_9m,0,0.0075,0.12,0.0,0.15,360,random,0.018599866300282316,1.8599866300282315,0.13793103448275862,29,-0.0325190731449192,-3.2519073144919197,10.810614792264206,1.2488935301718498,3.890804597701149e-10,0.45416601924569266,10185.998663002823,0.018599866300282316
btc_hl_breakout_2m,0,0.1,0.2,0.0,0.25,45,random,0.05401789651589233,5.401789651589233,0.42857142857142855,7,-0.09565986002836402,-9.565986002836402,14.644978833964995,1.5398445237820326,2.076190476190476e-09,3.280389405893774,10540.178965158924,0.05401789651589233
btc_alt_aligned,0,0.02,0.08,0.0,0.05,120,random,0.01281409384645467,1.281409384645467,0.3235294117647059,34,-0.01701028657318182,-1.701028657318182,16.426514600907026,1.3106688834210372,4.1862745098039214e-10,0.7610504915539692,10128.140938464547,0.01281409384645467
btc_hl_breakout_8m,0,0.1,0.025,0.0,0.1,720,random,0.022368109733706558,2.236810973370656,0.75,24,-0.03510821614988835,-3.510821614988835,15.411749675569721,1.3622815837546076,5.784722222222223e-10,0.9465888487389625,10223.681097337065,0.022368109733706558
btc_hl_breakout_6m,0,0.06,0.1,0.0,0.2,20,random,0.06951361030137532,6.951361030137532,0.47058823529411764,17,-0.06672199893568753,-6.672199893568753,23.05935827509556,1.5144968061517978,8.245098039215686e-10,2.079222214167354,10695.136103013752,0.06951361030137532
btc_vol_breakout_9m,0,0.01,0.01,0.0,0.05,10,random,-5.6853792835340754e-05,-0.0056853792835340755,0.5087719298245614,57,-0.010837280387588466,-1.0837280387588466,0.016857966322746318,0.998196787364206,1.0380116959064328e-10,0.0003187716718747046,9999.431462071647,-5.6853792835340754e-05
btc_small_down_10m,0,0.03,0.01,0.0,0.5,90,random,0.19671519426972073,19.671519426972072,0.6888888888888889,45,-0.08958980324423882,-8.958980324423882,33.586905975130435,1.5983739093241238,2.062962962962963e-10,0.8369961743053923,11967.151942697208,0.19671519426972073
btc_bullish,0,0.0125,0.25,0.0,0.2,180,random,0.06387524726053885,6.387524726053885,0.17391304347826086,23,-0.06783453492310232,-6.783453492310231,19.999071028969276,1.6202115698531934,6.050724637681159e-10,1.442864796056056,10638.752472605389,0.06387524726053885
btc_hl_breakout_3m,0,0.0175,0.02,0.0,0.1,90,random,0.00232482328349746,0.232482328349746,0.4827586206896552,58,-0.03268105656241427,-3.268105656241427,2.182334803375315,1.023013370269616,1.867816091954023e-10,0.04834116240488045,10023.248232834974,0.00232482328349746
btc_hl_breakout_4m,0,0.02,0.1,0.0,0.2,1440,random,0.043916082486120174,4.391608248612018,0.34782608695652173,23,-0.059125086476406685,-5.912508647640669,15.980007545680254,1.3660590530945707,5.978260869565217e-10,0.9846691517677636,10439.160824861201,0.043916082486120174
btc_hl_breakout_6m,0,0.0175,0.2,0.0,0.5,480,random,0.09495879145828694,9.495879145828694,0.21739130434782608,23,-0.18092479219271806,-18.092479219271805,14.297306678345986,1.2413761641242078,6.050724637681159e-10,1.0213412952630352,10949.58791458287,0.09495879145828694
btc_vol_breakout_3m,0,0.03,0.02,0.0,0.4,30,random,0.10791793577045028,10.791793577045027,0.6136363636363636,44,-0.0969492537334542,-9.69492537334542,21.15424640035265,1.3250018697545158,2.5606060606060607e-10,0.6244469966396936,11079.179357704503,0.10791793577045028
btc_hl_breakout_10m,0,0.025,0.015,0.0,0.4,60,random,0.09186050140391913,9.186050140391913,0.5925925925925926,54,-0.11392030384858609,-11.392030384858609,16.884830429695878,1.227182623090109,2.117283950617284e-10,0.450553454148852,10918.60501403919,0.09186050140391913
btc_hl_breakout_8m,0,0.02,0.05,0.0,0.4,20,random,0.04966650696826619,4.966650696826619,0.358974358974359,39,-0.13254530854168867,-13.254530854168866,9.772046868261793,1.1263794794128126,3.337606837606838e-10,0.38156531359870816,10496.665069682662,0.04966650696826619
btc_hl_breakout_8m,0,0.05,0.025,0.0,0.15,45,random,0.03810568009806861,3.810568009806861,0.6388888888888888,36,-0.04709603416321384,-4.709603416321384,17.537475288940335,1.302497009687837,3.657407407407407e-10,0.7194786115279069,10381.056800980687,0.03810568009806861
btc_vol_breakout_10m,0,0.06,0.25,0.0,0.25,360,random,0.05047095592592073,5.047095592592073,0.42857142857142855,7,-0.0886124074658442,-8.86124074658442,14.761329283770195,1.5352506594353632,1.8904761904761906e-09,3.1161490945689603,10504.709559259207,0.05047095592592073
btc_vol_breakout_10m,0,0.005,0.025,0.0,0.3,15,random,0.022031549282640252,2.2031549282640253,0.3148148148148148,54,-0.07516561713319736,-7.516561713319736,8.139076432126254,1.1024812685795757,1.2314814814814815e-10,0.15244981230963353,10220.315492826403,0.022031549282640252
btc_small_up_9m,0,0.1,0.25,0.0,0.25,240,random,0.07290015084093861,7.290015084093861,0.6,5,-0.08466804530243455,-8.466804530243454,18.711223521661747,2.142713318027184,2.8766666666666665e-09,6.012968300353198,10729.001508409387,0.07290015084093861
btc_vol_breakout_3m,0,0.015,0.04,0.0,0.2,20,random,0.02437844128234797,2.4378441282347967,0.38636363636363635,44,-0.0555962508939134,-5.55962508939134,10.047635375261091,1.1424742912421266,2.579545454545454e-10,0.2964066151138911,10243.78441282348,0.02437844128234797
btc_alt_aligned,0,0.08,0.045,0.0,0.15,30,random,0.04693203886165379,4.693203886165379,0.65,20,-0.052936287394313664,-5.293628739431366,20.478121054052224,1.50946446384323,7.275e-10,1.5786693877209337,10469.320388616537,0.04693203886165379
btc_vol_breakout_2m,0,0.03,0.045,0.0,0.25,240,random,0.005349005548275545,0.5349005548275545,0.43243243243243246,37,-0.09258285580678793,-9.258285580678793,2.561864156333639,1.022404116489245,3.531531531531532e-10,0.09805602348587208,10053.490055482755,0.005349005548275545
btc_hl_breakout_4m,0,0.0125,0.15,0.0,0.4,360,random,0.194562272185206,19.4562272185206,0.2857142857142857,21,-0.11511586986203837,-11.511586986203836,30.054050715767474,1.8642407750455243,6.626984126984126e-10,2.3056895174279273,11945.62272185206,0.194562272185206
btc_vol_breakout_8m,0,0.025,0.2,0.0,0.15,120,random,0.04861730544345437,4.861730544345437,0.3076923076923077,13,-0.03123004836335186,-3.123004836335186,25.619559543527302,1.9304622921053156,1.0115384615384616e-09,2.5255126935083876,10486.173054434545,0.04861730544345437
btc_alt_aligned,0,0.025,0.25,0.0,0.4,240,random,0.15664645785833772,15.664645785833772,0.2857142857142857,14,-0.12727726127187433,-12.727726127187433,24.27056713343277,1.8143747412719595,1.0452380952380954e-09,2.9173900198093907,11566.464578583378,0.15664645785833772
btc_bullish,0,0.06,0.015,0.0,0.3,60,random,0.06702147977683126,6.702147977683126,0.7333333333333333,45,-0.09748198252581775,-9.748198252581775,15.727686725751033,1.2400820562048267,2.948148148148148e-10,0.5220236265349892,10670.214797768313,0.06702147977683126
btc_hl_breakout_5m,0,0.025,0.045,0.0,0.1,480,random,0.012540617732795203,1.2540617732795203,0.425,40,-0.03733660091621538,-3.733660091621538,9.498591912864654,1.1383065729165767,3.2e-10,0.3256814617669514,10125.406177327952,0.012540617732795203
btc_small_down_10m,0,0.0075,0.25,0.0,0.15,240,random,0.06505213574034012,6.505213574034012,0.16,25,-0.035116493863299736,-3.5116493863299736,31.024709493488018,1.9972333946440262,5.32e-10,1.7523980308646283,10650.5213574034,0.06505213574034012
btc_vol_breakout_8m,0,0.0075,0.08,0.0,0.2,180,random,0.0026657013102211065,0.26657013102211063,0.18421052631578946,38,-0.05594577967577641,-5.59457796757764,1.8387425046023196,1.0199691045939034,2.640350877192983e-10,0.056776584669310355,10026.65701310221,0.0026657013102211065
btc_vol_breakout_10m,0,0.005,0.25,0.0,0.2,60,random,0.05568346022043597,5.568346022043597,0.0967741935483871,31,-0.057594147075671676,-5.759414707567167,21.720551660991823,1.5166057009050857,3.252688172043011e-10,0.9437763836117451,10556.834602204359,0.05568346022043597
btc_hl_breakout_2m,0,0.015,0.03,0.0,0.1,720,random,0.01593209442218241,1.5932094422182412,0.43859649122807015,57,-0.026921907845286697,-2.6921907845286697,12.894646519011708,1.1612765518903911,2.0087719298245613e-10,0.28652122227665144,10159.320944221825,0.01593209442218241
btc_hl_breakout_3m,0,0.015,0.06,0.0,0.4,720,random,0.02570432240466007,2.570432240466007,0.2972972972972973,37,-0.1341762253563613,-13.41762253563613,6.315174643601685,1.0770781739802773,3.4819819819819817e-10,0.2340371136175579,10257.0432240466,0.02570432240466007
btc_vol_breakout_8m,0,0.04,0.045,0.0,0.05,180,random,0.000996305086244007,0.0996305086244007,0.5,26,-0.01609199283089513,-1.609199283089513,1.7543319104508168,1.0285299640945584,4.5705128205128204e-10,0.08533331739157447,10009.96305086244,0.000996305086244007
btc_vol_breakout_3m,0,0.1,0.25,0.0,0.1,90,random,0.032684242048965494,3.2684242048965495,0.6,5,-0.033041681762744246,-3.3041681762744246,20.262029398274475,2.318279211341021,2.9433333333333333e-09,6.605717526282287,10326.842420489655,0.032684242048965494
btc_hl_breakout_7m,0,0.03,0.045,0.0,0.2,45,random,0.01669757902964925,1.669757902964925,0.42105263157894735,38,-0.09986462950052966,-9.986462950052966,6.484921076591101,1.0841663042913614,3.407894736842105e-10,0.25197706707263234,10166.975790296492,0.01669757902964925
btc_hl_breakout_5m,0,0.03,0.3,0.0,0.1,360,random,0.04187114118383619,4.187114118383619,0.3,10,-0.03758783895642559,-3.758783895642559,24.50470387198922,2.050758743132308,1.4466666666666666e-09,4.24598923032941,10418.711411838362,0.04187114118383619
btc_hl_breakout_6m,0,0.01,0.03,0.0,0.4,30,random,-0.0030086685472476347,-0.3008668547247635,0.3384615384615385,65,-0.13474028887233758,-13.474028887233757,0.9338057640981727,0.9932646890952521,1.6871794871794872e-10,0.020366372944019804,9969.913314527523,-0.0030086685472476347
btc_hl_breakout_2m,0,0.005,0.3,0.0,0.25,1440,random,0.0761777705606401,7.61777705606401,0.13043478260869565,23,-0.09424270852007777,-9.424270852007776,21.133274717607456,1.6957268445089648,5.688405797101449e-10,1.393118846625579,10761.7777056064,0.0761777705606401
btc_vol_breakout_3m,0,0.0075,0.045,0.0,0.1,15,random,-0.018197005687744287,-1.8197005687744288,0.23636363636363636,55,-0.042809247542273665,-4.2809247542273665,-15.274493184794462,0.8036626283203028,1.824242424242424e-10,-0.32654032351141654,9818.029943122558,-0.018197005687744287
btc_hl_breakout_1m,0,0.0075,0.03,0.0,0.1,10,random,0.0009562797563354593,0.09562797563354593,0.3333333333333333,66,-0.041857899897105866,-4.185789989710587,1.1336167720472186,1.0093178968296908,1.7045454545454544e-10,0.021880305646286468,10009.562797563354,0.0009562797563354593
btc_hl_breakout_7m,0,0.0075,0.01,0.0,0.05,240,random,-0.005416671163892113,-0.5416671163892113,0.4387755102040816,98,-0.02585662975928671,-2.585662975928671,-7.780463172498722,0.908316332563371,9.404761904761906e-11,-0.10816463533104667,9945.833288361078,-0.005416671163892113
btc_hl_breakout_3m,0,0.04,0.04,0.0,0.15,480,random,0.03955565316154791,3.9555653161547912,0.5588235294117647,34,-0.04577824439885847,-4.5778244398858465,19.444364896393285,1.315109326730641,3.9558823529411763e-10,0.788125279407074,10395.556531615479,0.03955565316154791
btc_hl_breakout_4m,0,0.0175,0.25,0.0,0.1,480,random,0.027840080416107867,2.784008041610787,0.21052631578947367,19,-0.030082522091779418,-3.008252209177942,19.042395664477795,1.4737158176434344,7.368421052631579e-10,1.5144991418780152,10278.40080416108,0.027840080416107867
btc_small_up_9m,0,0.02,0.06,0.0,0.4,45,random,0.018657498503597936,1.8657498503597936,0.30303030303030304,33,-0.12332794883937037,-12.332794883937037,5.024834547074986,1.057439530585057,3.4696969696969693e-10,0.20753150026081008,10186.574985035979,0.018657498503597936
btc_alt_aligned,0,0.03,0.04,0.0,0.3,10,random,0.06625232418964029,6.625232418964029,0.47619047619047616,42,-0.1037089426588812,-10.37089426588812,15.109485658401036,1.2080310974379382,3.333333333333333e-10,0.5584989104976981,10662.523241896402,0.06625232418964029
btc_hl_breakout_10m,0,0.0075,0.06,0.0,0.2,60,random,0.01005801904689979,1.0058019046899789,0.21568627450980393,51,-0.08171433870477673,-8.171433870477674,4.270472625758199,1.0517098107225875,2.3986928104575163e-10,0.12609739772676767,10100.580190468998,0.01005801904689979
btc_vol_breakout_10m,0,0.015,0.02,0.0,0.05,15,random,0.010291132620313795,1.0291132620313794,0.4883720930232558,43,-0.009473614153357235,-0.9473614153357235,20.01904822790335,1.3473420744545415,1.8023255813953487e-10,0.4803191759837884,10102.911326203139,0.010291132620313795
btc_hl_breakout_10m,0,0.08,0.01,0.0,0.05,480,random,0.01455886110529321,1.4558861105293208,0.8333333333333334,42,-0.014376230237163723,-1.4376230237163723,20.254137310905172,1.4719769748338103,2.964285714285714e-10,0.695091225066043,10145.588611052932,0.01455886110529321
btc_hl_breakout_3m,0,0.015,0.025,0.0,0.05,45,random,0.009642643420777341,0.9642643420777341,0.4642857142857143,56,-0.011516308340913106,-1.1516308340913106,14.988103750436045,1.2048210818362595,2.0029761904761903e-10,0.3475703882688378,10096.426434207773,0.009642643420777341
btc_vol_breakout_8m,0,0.025,0.12,0.0,0.05,480,random,0.018251527937821605,1.8251527937821606,0.29411764705882354,17,-0.010509443626641413,-1.0509443626641413,28.230727254113763,1.9119948564816684,7.401960784313726e-10,2.15062588371436,10182.515279378216,0.018251527937821605
btc_hl_breakout_7m,0,0.05,0.01,0.0,0.2,480,random,0.0415093912515279,4.1509391251527905,0.74,50,-0.06268790122972734,-6.268790122972733,14.563633008432273,1.2322710597374984,2.5e-10,0.4316991733856074,10415.09391251528,0.0415093912515279
btc_small_up_9m,0,0.035,0.3,0.0,0.3,60,random,0.09280388428715819,9.280388428715819,0.5,4,-0.08904814944568096,-8.904814944568095,19.631131529693597,4.164237078626176,3.5416666666666665e-09,7.773844845026518,10928.038842871581,0.09280388428715819
btc_hl_breakout_8m,0,0.005,0.2,0.0,0.4,60,random,0.02756701128908303,2.756701128908303,0.09302325581395349,43,-0.18925069279131612,-18.925069279131613,6.353120367930834,1.0786473236654055,2.7829457364341086e-10,0.25775810080434913,10275.67011289083,0.02756701128908303
btc_hl_breakout_9m,0,0.0125,0.05,0.0,0.1,240,random,0.022044501895054497,2.2044501895054496,0.32653061224489793,49,-0.03075872756075637,-3.075872756075637,15.019036100845415,1.2259995593742568,2.510204081632653e-10,0.4605269041730904,10220.445018950544,0.022044501895054497
btc_hl_breakout_9m,0,0.05,0.01,0.0,0.05,45,random,0.011009223925606977,1.1009223925606977,0.7450980392156863,51,-0.015660521304704633,-1.5660521304704633,14.969130152115548,1.2583172249597268,2.483660130718954e-10,0.43585966592747627,10110.09223925607,0.011009223925606977
btc_hl_breakout_6m,0,0.1,0.025,0.0,0.5,15,random,0.09415822382013857,9.415822382013857,0.75,24,-0.16719552095655,-16.719552095655,14.31000814624812,1.2656756471658894,5.645833333333333e-10,0.8699564745107351,10941.582238201387,0.09415822382013857
btc_vol_breakout_9m,0,0.025,0.015,0.0,0.5,30,random,0.10817258468533164,10.817258468533165,0.6341463414634146,41,-0.08703776910614758,-8.703776910614758,20.975240636779628,1.3551119437395291,2.0243902439024392e-10,0.5383875503535012,11081.725846853316,0.10817258468533164
btc_hl_breakout_2m,0,0.015,0.15,0.0,0.2,60,random,0.0702167514697911,7.02167514697911,0.24,25,-0.06320614079437459,-6.320614079437458,23.184589623805042,1.5899056698436602,5.5e-10,1.4324498483849686,10702.16751469791,0.0702167514697911
btc_hl_breakout_9m,0,0.02,0.02,0.0,0.2,60,random,0.045849915994574254,4.5849915994574255,0.5166666666666667,60,-0.06655287811097788,-6.6552878110977876,16.18457581232603,1.2112736773885582,1.8388888888888888e-10,0.3945660801784917,10458.499159945743,0.045849915994574254
btc_vol_breakout_3m,0,0.015,0.035,0.0,0.1,120,random,0.022496112323513135,2.2496112323513136,0.41304347826086957,46,-0.028079151815145198,-2.80791518151452,17.706767996250196,1.2702141827326692,2.2246376811594203e-10,0.4952942699997458,10224.96112323513,0.022496112323513135
btc_hl_breakout_5m,0,0.06,0.03,0.0,0.3,360,random,0.10870162637708736,10.870162637708736,0.6896551724137931,29,-0.09351973936846214,-9.351973936846214,24.231912487480727,1.5183756448840031,4.67816091954023e-10,1.2423553513262509,11087.016263770875,0.10870162637708736
btc_bullish,0,0.05,0.1,0.0,0.4,240,random,0.13859184503926714,13.859184503926713,0.47058823529411764,17,-0.11081540476404561,-11.08154047640456,22.708641676145728,1.4899962609878898,8.294117647058823e-10,2.1279849511809363,11385.918450392672,0.13859184503926714
btc_alt_aligned,0,0.015,0.3,0.0,0.1,180,random,0.041540497846230054,4.154049784623005,0.1875,16,-0.032339821646767075,-3.2339821646767075,24.01818904666696,1.9867895420674064,9.09375e-10,2.6361622431294878,10415.4049784623,0.041540497846230054
btc_small_up_9m,0,0.005,0.3,0.0,0.1,240,random,0.03101298449051385,3.101298449051385,0.25,8,-0.031049189702772262,-3.104918970277226,18.91066386622851,4.337207443765536,1.6979166666666666e-09,3.8841541688180214,10310.12984490514,0.03101298449051385
btc_small_down_10m,0,0.1,0.02,0.0,0.5,1440,random,0.19173489003375271,19.17348900337527,0.8076923076923077,26,-0.12080011861329154,-12.080011861329154,26.88999245293864,1.6712662906008184,4.282051282051282e-10,1.4413428321819997,11917.348900337527,0.19173489003375271
btc_hl_breakout_8m,0,0.015,0.2,0.0,0.3,15,random,0.08573752367338784,8.573752367338784,0.22727272727272727,22,-0.10068520064873543,-10.068520064873542,19.104085419185537,1.4472447757010625,6.174242424242424e-10,1.3939346733631122,10857.375236733878,0.08573752367338784
btc_bullish,0,0.015,0.2,0.0,0.1,240,random,0.029985840671078564,2.9985840671078563,0.22727272727272727,22,-0.031040534824716692,-3.1040534824716692,19.038861217652144,1.5020229956624809,6.401515151515151e-10,1.3922702529487567,10299.858406710786,0.029985840671078564
btc_hl_breakout_6m,0,0.0175,0.03,0.0,0.4,480,random,-0.08951435730931402,-8.951435730931403,0.35294117647058826,51,-0.20441595248513278,-20.441595248513277,-17.4596183033546,0.7956080559909567,2.395424836601307e-10,-0.4228826883133386,9104.85642690686,-0.08951435730931402
btc_vol_breakout_10m,0,0.08,0.25,0.0,0.05,720,random,0.010315042914328752,1.0315042914328751,0.3,10,-0.017191200340766488,-1.7191200340766488,14.421991735291314,1.3519442576839917,1.2916666666666667e-09,2.1201164639534142,10103.150429143287,0.010315042914328752
btc_hl_breakout_9m,0,0.04,0.045,0.0,0.05,60,random,0.012972764468451345,1.2972764468451345,0.5151515151515151,33,-0.017596630121969214,-1.7596630121969214,17.148360321395135,1.2999838775472816,4.0101010101010103e-10,0.7930117263700348,10129.727644684514,0.012972764468451345
btc_vol_breakout_3m,0,0.015,0.15,0.0,0.2,1440,random,0.060170733304612735,6.017073330461273,0.2631578947368421,19,-0.0643089948862362,-6.43089948862362,19.751558503476975,1.6061219422221045,6.991228070175438e-10,1.628397783543041,10601.707333046128,0.060170733304612735
btc_vol_breakout_9m,0,0.02,0.2,0.0,0.1,20,random,0.02816707253367465,2.8167072533674653,0.2,15,-0.02101872992710052,-2.101872992710052,22.324263905951636,1.7429641644330514,8.488888888888888e-10,1.9053713122623959,10281.670725336746,0.02816707253367465
btc_hl_breakout_4m,0,0.0075,0.05,0.0,0.4,480,random,-0.004120420711914903,-0.41204207119149033,0.25,52,-0.12485872489210148,-12.485872489210148,0.7237039537285602,0.9894407848432578,2.3205128205128206e-10,0.0258813238953269,9958.79579288085,-0.004120420711914903
btc_vol_breakout_8m,0,0.04,0.08,0.0,0.5,5,random,0.05100201146534764,5.100201146534764,0.38095238095238093,21,-0.1519826609134446,-15.19826609134446,9.379323676681501,1.1349918764166889,5.968253968253968e-10,0.623488881867575,10510.020114653476,0.05100201146534764
btc_vol_breakout_2m,0,0.02,0.02,0.0,0.05,180,random,0.005695647927033491,0.569564792703349,0.5263157894736842,57,-0.01523232077016301,-1.523232077016301,9.120411888170596,1.1229246723815804,1.9912280701754386e-10,0.20345698063608408,10056.956479270335,0.005695647927033491
btc_hl_breakout_6m,0,0.0175,0.04,0.0,0.25,45,random,-0.040150719412620446,-4.015071941262045,0.32608695652173914,46,-0.11793333646455073,-11.793333646455073,-12.096245124410224,0.8424228566419691,2.6992753623188405e-10,-0.3304242664946994,9598.492805873795,-0.040150719412620446
btc_hl_breakout_1m,0,0.005,0.25,0.0,0.2,5,random,0.0465304711441551,4.65304711441551,0.125,32,-0.07684508486926311,-7.684508486926312,16.664539688596296,1.3676400145918148,3.7604166666666667e-10,0.7885304154572812,10465.304711441551,0.0465304711441551
btc_hl_breakout_1m,0,0.0125,0.035,0.0,0.4,720,random,0.028242287068222002,2.8242287068222,0.35714285714285715,56,-0.13515022092056916,-13.515022092056917,6.855854642431739,1.0649940593548346,2.142857142857143e-10,0.16375693666971433,10282.42287068222,0.028242287068222002
btc_hl_breakout_5m,0,0.025,0.01,0.0,0.4,720,random,0.09054993567685338,9.054993567685338,0.6956521739130435,69,-0.1038726328298949,-10.38726328298949,18.316377313231225,1.233009463011278,1.4855072463768116e-10,0.3416441319433679,10905.499356768534,0.09054993567685338
btc_hl_breakout_5m,0,0.0075,0.045,0.0,0.1,720,random,-0.005012100674483361,-0.5012100674483361,0.26666666666666666,60,-0.04400952904595368,-4.400952904595368,-3.5313972177560444,0.9505475730448879,2e-10,-0.07531049623277951,9949.878993255166,-0.005012100674483361
btc_vol_breakout_9m,0,0.015,0.12,0.0,0.15,45,random,0.058543155114353956,5.854315511435396,0.25,20,-0.03161471275908301,-3.161471275908301,30.24547457654887,2.0033186635682556,6.133333333333333e-10,1.949133705725349,10585.43155114354,0.058543155114353956
btc_hl_breakout_1m,0,0.1,0.25,0.0,0.3,30,random,0.11876554940872397,11.876554940872397,0.6,5,-0.09674069262631257,-9.674069262631257,24.257281808347145,2.432201351999891,2.9566666666666666e-09,8.101690899109663,11187.65549408724,0.11876554940872397
btc_vol_breakout_10m,0,0.1,0.1,0.0,0.05,60,random,0.008975096231220045,0.8975096231220046,0.5,8,-0.016644884099323742,-1.6644884099323742,13.195458253481048,1.4752851710872352,1.7e-09,2.2744932594407596,10089.7509623122,0.008975096231220045
btc_hl_breakout_4m,0,0.1,0.01,0.0,0.15,360,random,0.05346415555446197,5.346415555446197,0.8604651162790697,43,-0.04594319865800223,-4.594319865800223,24.674259879873343,1.5704635935647409,2.7674418604651163e-10,0.827896486221843,10534.64155554462,0.05346415555446197
btc_small_up_10m,0,0.015,0.02,0.0,0.1,360,random,0.011867040191099193,1.1867040191099192,0.43103448275862066,58,-0.033271815893673784,-3.3271815893673784,9.030020276712605,1.126997550972964,1.528735632183908e-10,0.2126801233765167,10118.670401910991,0.011867040191099193
btc_hl_breakout_10m,0,0.01,0.04,0.0,0.4,20,random,0.03591221633360783,3.5912216333607834,0.3076923076923077,52,-0.12690256177388926,-12.690256177388925,7.944578680258203,1.0907646989427442,2.25e-10,0.21452743751766223,10359.122163336078,0.03591221633360783
btc_hl_breakout_3m,0,0.1,0.03,0.0,0.4,240,random,0.13756115573766742,13.756115573766742,0.76,25,-0.12131273725381886,-12.131273725381886,23.27394798022173,1.4901219613163599,5.553333333333334e-10,1.3853046684099528,11375.611557376675,0.13756115573766742
btc_hl_breakout_3m,0,0.02,0.045,0.0,0.05,720,random,0.008662495141154705,0.8662495141154705,0.4146341463414634,41,-0.016969309304391667,-1.6969309304391667,12.846273240330008,1.2093272473070407,3.126016260162602e-10,0.42734050555775677,10086.624951411548,0.008662495141154705
btc_vol_breakout_3m,0,0.005,0.03,0.0,0.1,90,random,-0.012661745791579745,-1.2661745791579744,0.2647058823529412,68,-0.04622699483327197,-4.622699483327198,-10.906339208022542,0.86232905745117,1.1740196078431373e-10,-0.1817024297133077,9873.382542084202,-0.012661745791579745
btc_vol_breakout_2m,0,0.02,0.05,0.0,0.3,45,random,0.043047443752763453,4.3047443752763455,0.38461538461538464,39,-0.09183441326749087,-9.183441326749087,11.728097734524058,1.1571576383243538,3.3034188034188033e-10,0.40720728235448056,10430.474437527635,0.043047443752763453
btc_hl_breakout_8m,0,0.0075,0.3,0.0,0.1,45,random,0.03221849420696126,3.221849420696126,0.4,5,-0.035383212336838055,-3.5383212336838055,19.05352642443347,4.529026779134344,2.9266666666666665e-09,6.454238292352008,10322.184942069613,0.03221849420696126
btc_small_up_9m,0,0.005,0.045,0.0,0.5,360,random,0.07069694892477674,7.069694892477674,0.28,50,-0.1065910005666636,-10.65910005666636,13.162215016389837,1.1897369086359355,1.6566666666666666e-10,0.3132611111838398,10706.969489247767,0.07069694892477674
btc_vol_breakout_2m,0,0.0075,0.01,0.0,0.4,1440,random,-0.09353930086878735,-9.353930086878735,0.4375,96,-0.16254287520796695,-16.254287520796694,-21.081188910700273,0.7815114162819368,8.142361111111111e-11,-0.24112371670832997,9064.606991312126,-0.09353930086878735
btc_hl_breakout_3m,0,0.015,0.15,0.0,0.5,90,random,0.17531626034696393,17.531626034696394,0.2777777777777778,18,-0.1543435917287892,-15.43435917287892,22.891316240876606,1.6497919475475018,7.62962962962963e-10,2.0441685706712804,11753.162603469638,0.17531626034696393
btc_vol_breakout_8m,0,0.0175,0.12,0.0,0.5,90,random,0.10507895575122911,10.50789557512291,0.23809523809523808,21,-0.13747214369073935,-13.747214369073934,16.921194840502075,1.3522120213252904,5.968253968253968e-10,1.1256353768879022,11050.789557512291,0.10507895575122911
btc_hl_breakout_1m,0,0.05,0.1,0.0,0.1,30,random,0.02073585436892794,2.073585436892794,0.45,20,-0.03686942584370201,-3.686942584370201,15.103758786520693,1.2867349123112006,6.883333333333333e-10,1.0652311156627379,10207.358543689279,0.02073585436892794
btc_hl_breakout_3m,0,0.0075,0.04,0.0,0.4,30,random,-0.0030789338246197074,-0.30789338246197073,0.3064516129032258,62,-0.13400080658290925,-13.400080658290925,0.8731956258534554,0.9924721508666914,1.8279569892473118e-10,0.01909035832053321,9969.210661753803,-0.0030789338246197074
btc_hl_breakout_10m,0,0.01,0.03,0.0,0.3,360,random,0.014826141532545307,1.4826141532545307,0.3387096774193548,62,-0.10070926757993393,-10.070926757993393,4.776535804353988,1.0465749133570497,1.7419354838709677e-10,0.1069048050099866,10148.261415325453,0.014826141532545307
btc_small_up_9m,0,0.03,0.2,0.0,0.2,240,random,0.01621586217291349,1.621586217291349,0.26666666666666666,15,-0.05815345183690945,-5.815345183690946,6.950081552810353,1.1410415960009401,8.6e-10,0.6497118768903276,10162.158621729135,0.01621586217291349
btc_hl_breakout_10m,0,0.005,0.08,0.0,0.5,15,random,-0.016548031996323515,-1.6548031996323513,0.16981132075471697,53,-0.21381002099665836,-21.381002099665835,-0.37451052265226403,0.9641284607104623,2.0754716981132075e-10,-0.005452613418549497,9834.519680036765,-0.016548031996323515
btc_small_up_9m,0,0.005,0.06,0.0,0.5,90,random,0.03858132748554881,3.8581327485548806,0.20454545454545456,44,-0.13262458830456214,-13.262458830456215,7.850220271622349,1.1027372960923376,2.128787878787879e-10,0.23036733116868474,10385.813274855489,0.03858132748554881
btc_small_down_10m,0,0.015,0.3,0.0,0.3,720,random,0.09190851996836114,9.190851996836113,0.21428571428571427,14,-0.09497905710876964,-9.497905710876964,20.69896864068425,1.689101710990552,1.0083333333333333e-09,2.32261674378178,10919.085199683612,0.09190851996836114
btc_hl_breakout_2m,0,0.01,0.045,0.0,0.1,45,random,0.0087778872618278,0.87778872618278,0.3090909090909091,55,-0.03636331389342817,-3.6363313893428173,7.055250714652053,1.0965175849255557,2.1484848484848485e-10,0.1683022009819971,10087.778872618277,0.0087778872618278
btc_vol_breakout_2m,0,0.02,0.1,0.0,0.05,15,random,0.010290463285755254,1.0290463285755254,0.3333333333333333,24,-0.016540349820414302,-1.6540349820414302,14.926890786069103,1.3484503623942383,5.638888888888889e-10,0.8660599584522986,10102.904632857553,0.010290463285755254
btc_small_up_9m,0,0.0175,0.3,0.0,0.05,720,random,0.014033963110433381,1.403396311043338,0.2857142857142857,7,-0.017140700521751207,-1.7140700521751207,16.958850951886756,3.3160489491069622,1.992857142857143e-09,4.022302705619013,10140.339631104334,0.014033963110433381
btc_bullish,0,0.005,0.06,0.0,0.4,120,random,0.11127546214416789,11.127546214416789,0.21428571428571427,70,-0.09678415018845643,-9.678415018845643,19.337055493723526,1.2474311406316076,1.7547619047619046e-10,0.4202554902849854,11112.75462144168,0.11127546214416789
btc_vol_breakout_9m,0,0.005,0.12,0.0,0.3,720,random,0.03605635364566906,3.605635364566906,0.12121212121212122,33,-0.061848223527992796,-6.18482235279928,11.073732024977224,1.2364648031986165,3.146464646464646e-10,0.4098635561262275,10360.563536456692,0.03605635364566906
btc_vol_breakout_9m,0,0.025,0.045,0.0,0.05,1440,random,0.012495030466209664,1.2495030466209665,0.5,26,-0.010509443626641524,-1.0509443626641524,22.19381051590198,1.5173623985473657,3.923076923076923e-10,0.9625634549078691,10124.950304662096,0.012495030466209664
btc_vol_breakout_9m,0,0.025,0.025,0.0,0.25,240,random,0.07740389501643312,7.740389501643312,0.5625,32,-0.04410030317881675,-4.410030317881675,28.338541008467303,1.5643983844530134,3.046875e-10,0.9593217059565426,10774.038950164331,0.07740389501643312
btc_hl_breakout_5m,0,0.025,0.2,0.0,0.05,5,random,0.02355901560296406,2.355901560296406,0.35714285714285715,14,-0.013699775192956953,-1.3699775192956953,29.6102569705664,2.1562532182348892,1.030952380952381e-09,3.367118669433132,10235.59015602964,0.02355901560296406
btc_hl_breakout_9m,0,0.02,0.05,0.0,0.1,20,random,0.016679343388250514,1.6679343388250514,0.375,40,-0.035614250166412176,-3.5614250166412176,11.223453247762995,1.178986192157542,3.1916666666666665e-10,0.43152537048321404,10166.793433882505,0.016679343388250514
btc_hl_breakout_4m,0,0.035,0.06,0.0,0.1,120,random,0.025853866574371307,2.5853866574371307,0.4444444444444444,27,-0.0309973737418191,-3.09973737418191,18.4198916625994,1.3468188644613999,5.253086419753086e-10,0.9714935687906622,10258.538665743714,0.025853866574371307
btc_hl_breakout_2m,0,0.08,0.3,0.0,0.3,720,random,0.11967097745537598,11.967097745537599,0.42857142857142855,7,-0.09977193406619866,-9.977193406619866,23.99328890717021,1.8869042773526672,2.092857142857143e-09,6.008282448845835,11196.70977455376,0.11967097745537598
btc_vol_breakout_8m,0,0.015,0.04,0.0,0.15,30,random,0.03863634729736484,3.8636347297364844,0.4166666666666667,36,-0.026330896646834523,-2.6330896646834523,23.351056404679046,1.4411085358003533,2.912037037037037e-10,0.7170836403734827,10386.363472973648,0.03863634729736484
btc_hl_breakout_1m,0,0.005,0.02,0.0,0.5,10,random,-0.057050021683157044,-5.705002168315705,0.3132530120481928,83,-0.2117948764915638,-21.179487649156382,-8.108539591334404,0.896411182299768,1.106425702811245e-10,-0.11598799215802515,9429.49978316843,-0.057050021683157044
btc_hl_breakout_9m,0,0.005,0.02,0.0,0.05,15,random,-0.0006696469215227921,-0.06696469215227921,0.29213483146067415,89,-0.027394080242753693,-2.7394080242753693,-0.7727989499624142,0.9881285620058459,1.0411985018726593e-10,-0.011837169496438172,9993.303530784771,-0.0006696469215227921
btc_vol_breakout_3m,0,0.05,0.25,0.0,0.05,90,random,0.009646749212837012,0.9646749212837011,0.3333333333333333,12,-0.018804571264920744,-1.8804571264920744,13.2813283367462,1.329291622540644,1.1555555555555554e-09,1.6525580955451622,10096.46749212837,0.009646749212837012
btc_hl_breakout_2m,0,0.0175,0.01,0.0,0.4,5,random,-0.10896140801605793,-10.896140801605792,0.5205479452054794,73,-0.20529110340144896,-20.529110340144896,-22.571169793952016,0.7604733041508709,1.2876712328767122e-10,-0.37084262179154687,8910.38591983942,-0.10896140801605793
btc_hl_breakout_4m,0,0.03,0.1,0.0,0.2,180,random,0.026808882593432486,2.6808882593432486,0.38095238095238093,21,-0.07643615531361736,-7.6436155313617355,10.13726886855493,1.2035544832466794,6.555555555555556e-10,0.6884700223028946,10268.088825934325,0.026808882593432486
btc_alt_aligned,0,0.025,0.02,0.0,0.1,5,random,0.01903607261378181,1.9036072613781811,0.5454545454545454,55,-0.030987769029464873,-3.0987769029464873,12.814754574476257,1.1768435876212817,2.5090909090909093e-10,0.3554406505214087,10190.360726137818,0.01903607261378181
btc_vol_breakout_3m,0,0.08,0.015,0.0,0.5,45,random,0.23136432820339878,23.136432820339877,0.8285714285714286,35,-0.09456852318915088,-9.456852318915088,32.59500742252371,1.758663379277107,3.357142857142857e-10,1.2565442808637892,12313.643282033987,0.23136432820339878
btc_hl_breakout_3m,0,0.04,0.2,0.0,0.5,90,random,0.08055052043321775,8.055052043321776,0.36363636363636365,11,-0.16294863593069875,-16.294863593069874,13.154351933156228,1.3133873240695462,1.3106060606060607e-09,1.7859741391643635,10805.505204332178,0.08055052043321775
btc_bullish,0,0.015,0.08,0.0,0.15,360,random,0.038165229595971434,3.8165229595971435,0.2972972972972973,37,-0.04463801503108,-4.463801503108,16.91358556692417,1.3128000647556306,3.644144144144144e-10,0.7039568161577248,10381.652295959715,0.038165229595971434
btc_vol_breakout_3m,0,0.08,0.045,0.0,0.05,45,random,0.013563862845791204,1.3563862845791204,0.6666666666666666,18,-0.01714961957140948,-1.714961957140948,18.159508683940697,1.5217992854799103,7.777777777777777e-10,1.5145940917234864,10135.638628457911,0.013563862845791204
btc_vol_breakout_10m,0,0.04,0.03,0.0,0.15,45,random,0.031283762866150984,3.1283762866150986,0.5862068965517241,29,-0.0316819411644107,-3.16819411644107,18.65894997608687,1.3315877648959746,3.442528735632184e-10,0.7294549763459633,10312.83762866151,0.031283762866150984
btc_vol_breakout_2m,0,0.04,0.05,0.0,0.1,10,random,0.01779171817666712,1.779171817666712,0.5,30,-0.032476037063864704,-3.2476037063864704,13.30839647205898,1.2212279558091736,4.5444444444444444e-10,0.6090982163052686,10177.917181766672,0.01779171817666712
btc_hl_breakout_3m,0,0.06,0.05,0.0,0.15,1440,random,0.038385451792544635,3.8385451792544636,0.6,20,-0.05388671390332245,-5.388671390332245,17.155101830687087,1.4317537861187142,7.066666666666666e-10,1.3001457549788358,10383.854517925447,0.038385451792544635
btc_vol_breakout_10m,0,0.03,0.06,0.0,0.2,90,random,0.049511884490814395,4.95118844908144,0.42857142857142855,21,-0.043418337272574936,-4.341833727257494,20.931988557459103,1.4870593830571608,5.253968253968254e-10,1.1957854236409902,10495.118844908144,0.049511884490814395
btc_alt_aligned,0,0.0125,0.04,0.0,0.2,30,random,0.04499409958471397,4.4994099584713965,0.34375,64,-0.06015988222741975,-6.015988222741974,15.20501278435558,1.194421451487703,2.1302083333333333e-10,0.3654555918211936,10449.94099584714,0.04499409958471397
btc_hl_breakout_10m,0,0.03,0.05,0.0,0.25,480,random,0.039237457023183105,3.9237457023183104,0.42857142857142855,35,-0.09052348527335818,-9.052348527335818,11.213276706478274,1.159311986008747,3.804761904761905e-10,0.49433920955198873,10392.37457023183,0.039237457023183105
btc_small_up_10m,0,0.01,0.08,0.0,0.15,240,random,0.036305284201659536,3.6305284201659536,0.2571428571428571,35,-0.05427420646316605,-5.427420646316605,17.037190832561414,1.3401207222433298,2.942857142857143e-10,0.7087374519178153,10363.052842016596,0.036305284201659536
btc_hl_breakout_1m,0,0.025,0.045,0.0,0.4,10,random,0.037468777356298597,3.7468777356298597,0.42105263157894735,38,-0.1437927846647824,-14.37927846647824,8.332922466616358,1.0993915248970427,3.355263157894737e-10,0.2984947992952007,10374.687773562986,0.037468777356298597
btc_bullish,0,0.05,0.08,0.0,0.05,30,random,0.017769450652468072,1.776945065246807,0.5,18,-0.014393263527837319,-1.4393263527837319,23.118529471488355,1.6310718544549274,7.842592592592593e-10,1.9780859925666079,10177.69450652468,0.017769450652468072
btc_hl_breakout_7m,0,0.02,0.12,0.0,0.2,180,random,0.07325759990194922,7.325759990194921,0.2857142857142857,28,-0.0625025854286626,-6.250258542866261,23.90698487053516,1.4703696427399562,4.851190476190476e-10,1.3369540224625411,10732.575999019493,0.07325759990194922
btc_hl_breakout_4m,0,0.035,0.035,0.0,0.5,15,random,0.1201099676281926,12.010996762819259,0.5526315789473685,38,-0.1406409638965922,-14.06409638965922,18.601597947362283,1.263644714877187,3.5657894736842104e-10,0.6654402519368238,11201.099676281927,0.1201099676281926
btc_hl_breakout_4m,0,0.0125,0.035,0.0,0.5,15,random,0.12367930061065545,12.367930061065545,0.41818181818181815,55,-0.12012804968354374,-12.012804968354374,19.671635708718306,1.2445208736020037,2.0606060606060606e-10,0.47182766742643706,11236.793006106554,0.12367930061065545
btc_hl_breakout_3m,0,0.015,0.08,0.0,0.05,120,random,0.012115479112870491,1.211547911287049,0.3333333333333333,30,-0.01755031617220859,-1.755031617220859,17.667081671107287,1.3772003043005676,4.4333333333333335e-10,0.8133807674834822,10121.154791128705,0.012115479112870491
btc_vol_breakout_8m,0,0.015,0.06,0.0,0.2,360,random,0.02607016399425488,2.607016399425488,0.2857142857142857,28,-0.041937032216899595,-4.19370322168996,11.841928115115786,1.2466157101442013,3.892857142857143e-10,0.48517573499064504,10260.701639942548,0.02607016399425488
btc_hl_breakout_9m,0,0.06,0.08,0.0,0.05,720,random,0.014566546127030278,1.4566546127030278,0.5,18,-0.018171242202096316,-1.8171242202096316,19.062351707603355,1.4586018039778574,7.675925925925926e-10,1.6294943056871163,10145.665461270302,0.014566546127030278
btc_vol_breakout_10m,0,0.0075,0.015,0.0,0.4,45,random,-0.03699283295347946,-3.699283295347946,0.38461538461538464,52,-0.12090183772376695,-12.090183772376694,-9.156004460444787,0.8680549742648623,1.2371794871794872e-10,-0.16189054980099368,9630.071670465206,-0.03699283295347946
btc_vol_breakout_9m,0,0.025,0.25,0.0,0.1,480,random,0.04606830856976477,4.606830856976477,0.3076923076923077,13,-0.020919162623408316,-2.0919162623408316,33.84784345350225,2.2538732610685166,1.0192307692307693e-09,3.555660730539466,10460.683085697648,0.04606830856976477
btc_vol_breakout_3m,0,0.02,0.035,0.0,0.1,10,random,0.01411929970650175,1.411929970650175,0.45,40,-0.027908338866928117,-2.7908338866928117,11.136570446266196,1.1688367985935741,2.854166666666667e-10,0.3634529229609691,10141.192997065018,0.01411929970650175
btc_vol_breakout_3m,0,0.0075,0.03,0.0,0.15,480,random,-0.009290494195696646,-0.9290494195696646,0.29508196721311475,61,-0.05985665461904577,-5.985665461904577,-4.627230638261795,0.9358824296390919,1.6147540983606557e-10,-0.09107263185701762,9907.095058043033,-0.009290494195696646
btc_vol_breakout_10m,0,0.005,0.02,0.0,0.05,360,random,0.0029253598266678013,0.2925359826667801,0.3584905660377358,53,-0.012171552732684332,-1.2171552732684332,6.103174088153847,1.0892094539708657,1.1509433962264151e-10,0.11316806984505931,10029.253598266678,0.0029253598266678013
btc_small_up_10m,0,0.0175,0.2,0.0,0.5,90,random,0.03937764476458369,3.9377644764583692,0.18518518518518517,27,-0.1873067385457492,-18.73067385457492,7.44895959656734,1.0938282322283805,4.4629629629629633e-10,0.47127821847261453,10393.776447645836,0.03937764476458369
btc_hl_breakout_4m,0,0.0125,0.25,0.0,0.5,180,random,0.1522911975904637,15.22911975904637,0.21052631578947367,19,-0.15237312751980148,-15.237312751980149,21.580296865705357,1.5065045538135298,7.359649122807017e-10,1.8103813092500243,11522.911975904637,0.1522911975904637
btc_vol_breakout_2m,0,0.05,0.03,0.0,0.4,180,random,0.060214624606722146,6.021462460672215,0.6153846153846154,39,-0.12216223453779729,-12.21622345377973,12.462228114156296,1.1605212519975825,3.3760683760683757e-10,0.4320380524996901,10602.146246067221,0.060214624606722146
btc_hl_breakout_6m,0,0.02,0.12,0.0,0.4,30,random,0.03625187155665699,3.625187155665699,0.25,24,-0.1397120440906483,-13.97120440906483,7.9636719230618676,1.125487438422918,5.708333333333334e-10,0.5013347417160927,10362.51871556657,0.03625187155665699
btc_hl_breakout_8m,0,0.05,0.2,0.0,0.25,45,random,0.0869193978674572,8.69193978674572,0.35714285714285715,14,-0.09188841438839257,-9.188841438839257,22.46406823609197,1.556264913654793,1.011904761904762e-09,2.605078314904776,10869.193978674572,0.0869193978674572
btc_vol_breakout_8m,0,0.0125,0.04,0.0,0.4,480,random,0.058685405235954204,5.868540523595421,0.35135135135135137,37,-0.08670370002604988,-8.670370002604988,14.450930418022814,1.2280136937973483,2.7342342342342346e-10,0.4202175970122829,10586.854052359542,0.058685405235954204
btc_vol_breakout_3m,0,0.04,0.015,0.0,0.2,20,random,0.06300496153510442,6.300496153510442,0.7111111111111111,45,-0.04212062952197737,-4.212062952197737,26.528397114727383,1.4717160017647366,2.3333333333333335e-10,0.696173515632631,10630.049615351045,0.06300496153510442
btc_hl_breakout_6m,0,0.01,0.15,0.0,0.4,90,random,0.06372358058321197,6.372358058321197,0.17857142857142858,28,-0.13341224024510934,-13.341224024510934,11.85284213852151,1.2371483555531475,4.869047619047619e-10,0.6770217575087033,10637.235805832119,0.06372358058321197
btc_small_up_9m,0,0.0125,0.01,0.0,0.1,1440,random,0.00618639495096794,0.6186394950967941,0.5409836065573771,61,-0.02217351067622153,-2.217351067622153,6.024015111974772,1.0865447442318403,1.2431693989071037e-10,0.10687857443136696,10061.86394950968,0.00618639495096794
btc_hl_breakout_8m,0,0.06,0.2,0.0,0.3,240,random,0.11370062409142288,11.370062409142289,0.45454545454545453,11,-0.09874206661255935,-9.874206661255936,24.346814803677127,1.748523806582492,1.3075757575757575e-09,3.539521895200088,11137.006240914228,0.11370062409142288
btc_small_down_10m,0,0.0075,0.2,0.0,0.15,60,random,0.042151827271554726,4.215182727155472,0.16,25,-0.03511649386329918,-3.511649386329918,21.59346787494385,1.6998176554835047,5.286666666666666e-10,1.1470295412542655,10421.518272715548,0.042151827271554726
btc_vol_breakout_3m,0,0.04,0.3,0.0,0.05,90,random,0.014715158362983363,1.4715158362983363,0.5,4,-0.01939609030694822,-1.9396090306948222,17.17042458558117,3.7241999478055368,3.6791666666666665e-09,7.378469097235632,10147.151583629833,0.014715158362983363
btc_alt_aligned,0,0.035,0.12,0.0,0.15,45,random,0.048691730127100326,4.869173012710033,0.36363636363636365,22,-0.05462428344833903,-5.462428344833903,20.589255401345888,1.4198831873969702,6.583333333333333e-10,1.5122745539993032,10486.917301271003,0.048691730127100326
btc_vol_breakout_3m,0,0.035,0.05,0.0,0.3,20,random,0.048776611644061496,4.87766116440615,0.5185185185185185,27,-0.10118902394531848,-10.118902394531847,12.871554905352498,1.2182739015679567,4.6111111111111114e-10,0.6503915678849739,10487.766116440614,0.048776611644061496
btc_hl_breakout_6m,0,0.015,0.3,0.0,0.2,20,random,0.06235856991638177,6.235856991638177,0.4,5,-0.07065798757504382,-7.065798757504382,18.90934893435345,4.0069440788462805,2.93e-09,6.26380505630676,10623.585699163817,0.06235856991638177
btc_vol_breakout_3m,0,0.0125,0.15,0.0,0.05,360,random,0.013883864661923451,1.388386466192345,0.25,20,-0.016334928637476542,-1.6334928637476542,17.95149304953591,1.5721478691481203,6.483333333333333e-10,1.4017400300139293,10138.838646619235,0.013883864661923451
btc_vol_breakout_8m,0,0.015,0.2,0.0,0.15,240,random,0.040654695914680204,4.065469591468021,0.17647058823529413,17,-0.031777505795110184,-3.1777505795110184,21.602982312942142,1.6890202958071343,7.558823529411764e-10,1.6318319139376032,10406.546959146803,0.040654695914680204
btc_hl_breakout_10m,0,0.005,0.01,0.0,0.15,180,random,-0.03323176833196285,-3.323176833196285,0.3904761904761905,105,-0.09316853364537836,-9.316853364537836,-18.06683692796685,0.8060287919952673,7.777777777777778e-11,-0.2086395240835682,9667.682316680372,-0.03323176833196285
btc_vol_breakout_10m,0,0.03,0.045,0.0,0.2,240,random,0.04326808678536595,4.326808678536595,0.52,25,-0.04341833727257349,-4.341833727257349,19.319383283886513,1.404002110414416,3.9466666666666665e-10,0.8761955971778637,10432.68086785366,0.04326808678536595
btc_small_up_9m,0,0.03,0.04,0.0,0.1,15,random,0.025294456447875348,2.529445644787535,0.5151515151515151,33,-0.020606420083251642,-2.060642008325164,20.71913936543373,1.3688257062127005,3.3030303030303027e-10,0.7715254837800293,10252.944564478754,0.025294456447875348
btc_vol_breakout_10m,0,0.0075,0.045,0.0,0.15,45,random,-0.007738250525779449,-0.7738250525779449,0.25,40,-0.04536513663562647,-4.536513663562647,-4.876170759587835,0.918259044336277,2.1166666666666666e-10,-0.11912118438797993,9922.617494742206,-0.007738250525779449
btc_hl_breakout_3m,0,0.02,0.3,0.0,0.4,20,random,0.18179247744158655,18.179247744158655,0.23076923076923078,13,-0.11168991592334998,-11.168991592334997,27.700130333162107,2.0768334049301695,1.0730769230769232e-09,3.6305773964198393,11817.924774415866,0.18179247744158655
btc_hl_breakout_2m,0,0.1,0.04,0.0,0.1,15,random,0.029730067272289454,2.9730067272289453,0.7142857142857143,21,-0.03523441852916376,-3.523441852916376,19.809326275866876,1.4737014125662862,6.722222222222222e-10,1.4288315123968947,10297.300672722895,0.029730067272289454
btc_small_down_10m,0,0.0175,0.03,0.0,0.3,480,random,0.033184526809409275,3.3184526809409274,0.4444444444444444,45,-0.06597302310395303,-6.597302310395303,10.015274888201846,1.1358219953044082,2.0888888888888887e-10,0.26960329661647936,10331.845268094094,0.033184526809409275
btc_small_up_10m,0,0.01,0.04,0.0,0.1,180,random,0.022649265398911995,2.2649265398911997,0.35294117647058826,51,-0.03253269489961763,-3.253269489961763,16.32802929376774,1.257193297380682,1.715686274509804e-10,0.4508917465066075,10226.49265398912,0.022649265398911995
btc_hl_breakout_9m,0,0.06,0.035,0.0,0.4,720,random,0.11938232102990483,11.938232102990483,0.6538461538461539,26,-0.12989298362791424,-12.989298362791423,20.45581095894322,1.40970442289363,5.25e-10,1.1683233737268846,11193.823210299048,0.11938232102990483
btc_alt_aligned,0,0.1,0.01,0.0,0.05,10,random,0.01223142758892722,1.2231427588927222,0.8421052631578947,38,-0.017731356142121735,-1.7731356142121735,16.301479497718297,1.3722198942574948,3.7324561403508775e-10,0.6488106633613514,10122.314275889272,0.01223142758892722
btc_hl_breakout_7m,0,0.025,0.01,0.0,0.1,90,random,0.027795246433963312,2.779524643396331,0.6521739130434783,69,-0.0306166205445777,-3.06166205445777,19.124322101031037,1.2857654966631165,1.7028985507246378e-10,0.4063764162293201,10277.952464339633,0.027795246433963312
btc_hl_breakout_6m,0,0.06,0.1,0.0,0.15,360,random,0.05236425150394853,5.236425150394853,0.47058823529411764,17,-0.050380256381605815,-5.0380256381605815,23.116101311602822,1.5270506397066403,8.245098039215686e-10,2.0792222141673573,10523.642515039486,0.05236425150394853
btc_hl_breakout_7m,0,0.06,0.02,0.0,0.25,15,random,0.09721172242943799,9.721172242943798,0.75,36,-0.06449007187252354,-6.449007187252354,26.125697387407026,1.538172997285117,3.6435185185185185e-10,1.069092921666722,10972.11722429438,0.09721172242943799
btc_hl_breakout_10m,0,0.06,0.05,0.0,0.25,90,random,0.05504574063385767,5.504574063385767,0.5714285714285714,21,-0.08828089606461642,-8.828089606461642,15.236388921509423,1.3262067804311437,6.619047619047619e-10,1.095153401620348,10550.457406338577,0.05504574063385767
btc_vol_breakout_9m,0,0.0175,0.025,0.0,0.5,240,random,0.040791627239309035,4.079162723930904,0.43243243243243246,37,-0.12583953679014726,-12.583953679014726,9.148940795491702,1.115073131553339,2.5585585585585584e-10,0.2609985876566183,10407.91627239309,0.040791627239309035
btc_hl_breakout_4m,0,0.02,0.15,0.0,0.4,45,random,0.2050283473779109,20.50283473779109,0.3333333333333333,18,-0.09762394377131656,-9.762394377131656,31.95391542633835,1.9664592591971133,7.63888888888889e-10,2.8067434916886107,12050.283473779109,0.2050283473779109
btc_hl_breakout_7m,0,0.05,0.08,0.0,0.15,5,random,0.03169964465491048,3.1699644654910477,0.42857142857142855,21,-0.05934173670374698,-5.934173670374698,14.129212900724236,1.2741114846132942,6.515873015873016e-10,1.048845920087738,10316.996446549105,0.03169964465491048
btc_hl_breakout_7m,0,0.1,0.04,0.0,0.3,20,random,0.0808524549563022,8.08524549563022,0.7142857142857143,21,-0.11433870585237549,-11.43387058523755,18.313252249416376,1.4007740716764254,6.658730158730158e-10,1.331224867969083,10808.524549563022,0.0808524549563022
btc_hl_breakout_7m,0,0.015,0.08,0.0,0.05,20,random,0.004927974907162075,0.49279749071620754,0.2777777777777778,36,-0.019725066653201284,-1.9725066653201284,7.040974769148966,1.1236090986917489,3.625e-10,0.28206396761132335,10049.27974907162,0.004927974907162075
btc_vol_breakout_8m,0,0.0075,0.03,0.0,0.3,360,random,0.026242894905075174,2.6242894905075174,0.32608695652173914,46,-0.07846434751826936,-7.846434751826936,9.153865340723865,1.122462096871891,1.9782608695652173e-10,0.20988256650841636,10262.42894905075,0.026242894905075174
btc_small_up_9m,0,0.02,0.08,0.0,0.25,15,random,0.027193000636658825,2.7193000636658824,0.3103448275862069,29,-0.07863757574328278,-7.863757574328279,8.900925416233886,1.14291416460172,4.03448275862069e-10,0.42242165909232976,10271.930006366589,0.027193000636658825
btc_vol_breakout_8m,0,0.0125,0.06,0.0,0.25,1440,random,0.010543661599594816,1.0543661599594816,0.25,32,-0.06466859424758042,-6.466859424758042,4.550830557166984,1.068020412698544,3.21875e-10,0.1593369372581745,10105.436615995948,0.010543661599594816
btc_hl_breakout_1m,0,0.015,0.035,0.0,0.5,10,random,0.040940841661418106,4.094084166141811,0.3877551020408163,49,-0.14627587289738897,-14.627587289738898,8.18931808666836,1.0813689706182246,2.615646258503401e-10,0.21552499036729533,10409.40841661418,0.040940841661418106
btc_vol_breakout_9m,0,0.03,0.12,0.0,0.4,120,random,0.16092430600775534,16.092430600775533,0.35714285714285715,14,-0.08520342274069936,-8.520342274069936,30.731713846889658,1.9844736990418874,9.095238095238095e-10,2.8602823853700516,11609.243060077553,0.16092430600775534
btc_hl_breakout_1m,0,0.04,0.02,0.0,0.2,240,random,0.04086343029155685,4.086343029155684,0.625,40,-0.05386094979354705,-5.386094979354706,15.913782450664709,1.2556409778426196,3.233333333333333e-10,0.5254322132413172,10408.634302915569,0.04086343029155685
btc_hl_breakout_8m,0,0.08,0.06,0.0,0.05,180,random,0.014047948726127772,1.4047948726127772,0.6,15,-0.01731514097188569,-1.731514097188569,18.629423693201687,1.5593236718016998,9.655555555555555e-10,1.8824250328401304,10140.479487261278,0.014047948726127772
btc_hl_breakout_4m,0,0.025,0.03,0.0,0.15,180,random,0.04566222037086914,4.566222037086914,0.5555555555555556,45,-0.03061373149229718,-3.061373149229718,22.484124607749976,1.3432994690775724,2.9e-10,0.6803424502357251,10456.622203708692,0.04566222037086914
btc_vol_breakout_8m,0,0.0075,0.1,0.0,0.1,10,random,0.011642976217759156,1.1642976217759156,0.18421052631578946,38,-0.02608748178043785,-2.608748178043785,10.434938319269985,1.1811912848294235,2.7280701754385966e-10,0.31766039367855603,10116.429762177591,0.011642976217759156
btc_bullish,0,0.015,0.04,0.0,0.3,360,random,0.07489823969524345,7.489823969524345,0.3793103448275862,58,-0.081000239740454,-8.100023974045401,17.3040297329971,1.2201840342524055,2.1982758620689655e-10,0.45023082051017965,10748.982396952435,0.07489823969524345
btc_hl_breakout_7m,0,0.0125,0.1,0.0,0.5,1440,random,0.15631639918748652,15.631639918748652,0.2777777777777778,36,-0.17205146608339406,-17.205146608339405,21.108275419152594,1.3459883117231892,3.787037037037037e-10,0.9175659158598344,11563.163991874866,0.15631639918748652
btc_hl_breakout_1m,0,0.005,0.2,0.0,0.15,1440,random,0.0023332896277598594,0.23332896277598594,0.11428571428571428,35,-0.05828301846310824,-5.828301846310824,1.7627565586852763,1.023937595408605,3.3857142857142854e-10,0.07928236182482126,10023.3328962776,0.0023332896277598594
btc_hl_breakout_10m,0,0.04,0.015,0.0,0.25,10,random,0.05078746573683657,5.078746573683657,0.6530612244897959,49,-0.07427314275043984,-7.427314275043983,14.599381451867675,1.2094657899621666,2.58843537414966e-10,0.43650489198188336,10507.874657368366,0.05078746573683657
btc_hl_breakout_5m,0,0.05,0.015,0.0,0.1,90,random,0.005054371010900309,0.5054371010900308,0.6818181818181818,44,-0.038770397914435484,-3.8770397914435484,4.104157869873335,1.0551696275708813,2.9469696969696975e-10,0.1273676288960844,10050.543710109003,0.005054371010900309
btc_small_up_10m,0,0.01,0.2,0.0,0.05,15,random,0.009327640297111514,0.9327640297111515,0.1724137931034483,29,-0.018349049458922573,-1.8349049458922573,12.94946123776097,1.2741649456184745,3.9080459770114943e-10,0.658643366994951,10093.276402971114,0.009327640297111514
btc_bullish,0,0.025,0.02,0.0,0.2,15,random,0.047109125958872435,4.710912595887243,0.5689655172413793,58,-0.050707302345616934,-5.070730234561694,16.250554818254745,1.2179005364938915,2.221264367816092e-10,0.41935363722619273,10471.091259588724,0.047109125958872435
btc_hl_breakout_4m,0,0.04,0.06,0.0,0.15,5,random,0.037788057059292786,3.778805705929279,0.4827586206896552,29,-0.046253522577657025,-4.6253522577657025,18.11724723823753,1.3013589663018907,4.816091954022989e-10,0.8891629393388519,10377.880570592928,0.037788057059292786
btc_vol_breakout_3m,0,0.1,0.15,0.0,0.2,360,random,0.06404635844706122,6.404635844706122,0.625,8,-0.06528397286816445,-6.528397286816445,21.003217575426337,1.844948202707597,1.7583333333333334e-09,4.073895227046917,10640.463584470612,0.06404635844706122
btc_vol_breakout_2m,0,0.03,0.12,0.0,0.1,120,random,0.01862904889741093,1.862904889741093,0.3333333333333333,21,-0.03857044779697172,-3.857044779697172,13.233074207163046,1.2658949482803135,6.428571428571428e-10,0.9218986405590444,10186.29048897411,0.01862904889741093
btc_hl_breakout_4m,0,0.0175,0.06,0.0,0.4,10,random,0.008839763138201033,0.8839763138201032,0.3157894736842105,38,-0.11193714280032896,-11.193714280032896,3.2155022987208484,1.02325256215045,3.399122807017544e-10,0.12375656737139178,10088.39763138201,0.008839763138201033
btc_vol_breakout_9m,0,0.015,0.15,0.0,0.3,15,random,0.05033672599842462,5.033672599842462,0.17647058823529413,17,-0.062430553455149584,-6.243055345514959,14.451016487159684,1.4320555900139629,7.470588235294117e-10,1.0635825876318779,10503.367259984247,0.05033672599842462
btc_vol_breakout_2m,0,0.03,0.3,0.0,0.5,5,random,0.17153291822516847,17.15329182251685,0.2727272727272727,11,-0.17049549630572147,-17.049549630572148,21.642124393488032,1.6902182878866974,1.3075757575757575e-09,3.459797165045354,11715.329182251684,0.17153291822516847
btc_vol_breakout_2m,0,0.05,0.25,0.0,0.1,5,random,0.028823626228622275,2.8823626228622277,0.3333333333333333,12,-0.035282219665369596,-3.5282219665369596,19.3489520766541,1.528042971420014,1.1930555555555556e-09,2.4774952225860787,10288.236262286222,0.028823626228622275
btc_hl_breakout_4m,0,0.05,0.03,0.0,0.25,20,random,0.057657272183615126,5.765727218361513,0.631578947368421,38,-0.08397227754584158,-8.397227754584158,17.335492302460384,1.248511544374306,3.495614035087719e-10,0.6304293435142404,10576.572721836152,0.057657272183615126
btc_hl_breakout_8m,0,0.01,0.12,0.0,0.1,720,random,0.016290026051795997,1.6290026051795996,0.1891891891891892,37,-0.03979986991939943,-3.9799869919399433,11.211143557269528,1.2103595288023852,3.5e-10,0.46197293815063584,10162.90026051796,0.016290026051795997
btc_hl_breakout_3m,0,0.04,0.03,0.0,0.3,480,random,0.05519370168566015,5.519370168566015,0.5945945945945946,37,-0.08502850764577652,-8.502850764577651,14.367133744982654,1.207066487596813,3.5405405405405404e-10,0.5268792456605011,10551.937016856602,0.05519370168566015
btc_hl_breakout_10m,0,0.04,0.3,0.0,0.5,20,random,0.13643465779676417,13.643465779676417,0.5,4,-0.17916885962222373,-17.916885962222374,17.98037716809255,2.9125940059644586,3.6791666666666665e-09,7.044716829217852,11364.34657796764,0.13643465779676417
btc_vol_breakout_10m,0,0.01,0.3,0.0,0.15,480,random,0.032982721702758774,3.2982721702758773,0.18181818181818182,11,-0.03344424407442759,-3.3444244074427587,16.778239113699403,2.1386351258902345,1.2090909090909092e-09,2.0412339256057757,10329.827217027589,0.032982721702758774
btc_hl_breakout_10m,0,0.01,0.025,0.0,0.25,10,random,0.00547653116126512,0.547653116126512,0.3484848484848485,66,-0.09171118725199967,-9.171118725199968,2.603032453778604,1.020323696446549,1.585858585858586e-10,0.054444288131815,10054.765311612651,0.00547653116126512
btc_vol_breakout_3m,0,0.015,0.025,0.0,0.3,60,random,0.03938513728616799,3.9385137286167993,0.45098039215686275,51,-0.06658103502061008,-6.658103502061008,11.31668555015645,1.1466224019540603,1.9934640522875817e-10,0.2791738565741971,10393.85137286168,0.03938513728616799
btc_hl_breakout_4m,0,0.0125,0.035,0.0,0.2,120,random,0.051017465320475346,5.101746532047534,0.41818181818181815,55,-0.049257360646864146,-4.925736064686415,19.68752851391812,1.2730072210930348,2.0606060606060606e-10,0.47182766742643445,10510.174653204753,0.051017465320475346
btc_vol_breakout_3m,0,0.03,0.035,0.0,0.4,480,random,0.10033726185957831,10.03372618595783,0.5428571428571428,35,-0.11497266287172092,-11.497266287172092,19.467743512635032,1.3017302894459652,3.566666666666666e-10,0.7419473038480806,11003.372618595782,0.10033726185957831
btc_vol_breakout_2m,0,0.015,0.01,0.0,0.05,240,random,0.0029233676120943527,0.29233676120943525,0.5925925925925926,81,-0.014530147851605335,-1.4530147851605335,4.989768536880939,1.061573805653148,1.1152263374485597e-10,0.07467019457521511,10029.233676120944,0.0029233676120943527
btc_hl_breakout_9m,0,0.05,0.015,0.0,0.05,20,random,0.007796927613238001,0.7796927613238,0.6818181818181818,44,-0.019759178202146788,-1.9759178202146788,10.610584265518902,1.1703655680780787,2.9734848484848485e-10,0.3609253477529493,10077.96927613238,0.007796927613238001
btc_vol_breakout_3m,0,0.1,0.02,0.0,0.3,60,random,0.09378102280936046,9.378102280936046,0.7931034482758621,29,-0.09781819047593732,-9.781819047593732,21.67130508027682,1.4532702261341437,4.379310344827586e-10,1.0949217702939422,10937.810228093604,0.09378102280936046
btc_hl_breakout_3m,0,0.1,0.045,0.0,0.05,240,random,0.013801557137047109,1.380155713704711,0.7058823529411765,17,-0.016621636447518018,-1.6621636447518018,18.673478325022597,1.562633314786077,8.46078431372549e-10,1.6309448097124952,10138.015571370472,0.013801557137047109
btc_small_up_10m,0,0.015,0.08,0.0,0.25,60,random,0.05580663602343188,5.580663602343188,0.2727272727272727,33,-0.09144509571232606,-9.144509571232607,16.052888348633527,1.2975808975065042,3.3282828282828284e-10,0.7098941016173763,10558.06636023432,0.05580663602343188
btc_hl_breakout_6m,0,0.06,0.025,0.0,0.25,5,random,0.061914037148095576,6.1914037148095575,0.6774193548387096,31,-0.0771852050689531,-7.7185205068953096,17.392342724155107,1.330120349452951,4.290322580645161e-10,0.8202671175792764,10619.140371480957,0.061914037148095576
btc_vol_breakout_2m,0,0.04,0.03,0.0,0.3,240,random,0.04205167285685925,4.205167285685925,0.5897435897435898,39,-0.08857915430613228,-8.857915430613229,11.429032629903523,1.1592128087711202,3.3803418803418803e-10,0.3911247901968843,10420.516728568593,0.04205167285685925
btc_hl_breakout_4m,0,0.06,0.025,0.0,0.15,90,random,0.053646892318874394,5.364689231887439,0.71875,32,-0.04266346781459551,-4.266346781459552,24.163676610044956,1.537805818641429,4.1979166666666665e-10,1.114400045391464,10536.468923188744,0.053646892318874394
btc_vol_breakout_8m,0,0.005,0.15,0.0,0.25,360,random,0.022430955784534627,2.2430955784534627,0.1,30,-0.07188939158579932,-7.188939158579933,8.270676093541004,1.1813358025914844,3.6222222222222225e-10,0.34724090780085415,10224.309557845347,0.022430955784534627
btc_bullish,0,0.015,0.045,0.0,0.05,60,random,0.012100761787341804,1.2100761787341805,0.3584905660377358,53,-0.013270197944248552,-1.3270197944248552,16.10996190177942,1.252833904502281,2.433962264150943e-10,0.46031900792061753,10121.007617873418,0.012100761787341804
btc_hl_breakout_10m,0,0.035,0.045,0.0,0.4,30,random,0.07566056682285408,7.566056682285407,0.48484848484848486,33,-0.14301365821442313,-14.301365821442314,13.768377987838038,1.1910721996769074,3.904040404040404e-10,0.6407802574676984,10756.605668228542,0.07566056682285408
btc_bullish,0,0.025,0.025,0.0,0.3,180,random,0.07751246330984886,7.751246330984886,0.52,50,-0.08559577119001693,-8.559577119001693,17.946763007779335,1.252381210441621,2.6266666666666664e-10,0.5349937821281642,10775.124633098489,0.07751246330984886
btc_small_up_9m,0,0.015,0.05,0.0,0.05,20,random,0.002975977644126965,0.29759776441269653,0.3,40,-0.016961411210933863,-1.6961411210933863,4.942233955036683,1.0787749332207885,2.4916666666666663e-10,0.15487147813076169,10029.75977644127,0.002975977644126965
btc_hl_breakout_10m,0,0.015,0.12,0.0,0.3,10,random,0.08306301422442562,8.306301422442562,0.25925925925925924,27,-0.102277473735363,-10.2277473735363,18.51691876792799,1.3843945045967814,5.018518518518519e-10,1.086304698184436,10830.630142244256,0.08306301422442562
btc_small_up_10m,0,0.1,0.015,0.0,0.5,30,random,0.16222714389332996,16.222714389332996,0.8148148148148148,27,-0.11671264758595634,-11.671264758595633,22.435406553109864,1.5150287346479467,4.709876543209876e-10,1.2181791850488974,11622.2714389333,0.16222714389332996
btc_hl_breakout_4m,0,0.025,0.02,0.0,0.1,10,random,0.02930034010567,2.930034010567,0.5961538461538461,52,-0.020671604504595376,-2.0671604504595376,22.292482528956338,1.3368231824024601,2.1923076923076923e-10,0.5655665405163355,10293.0034010567,0.02930034010567
btc_hl_breakout_1m,0,0.01,0.01,0.0,0.1,60,random,-0.012530617203926352,-1.2530617203926353,0.46511627906976744,86,-0.04100832781273589,-4.1008327812735885,-9.816619670891596,0.8868334756610746,9.767441860465115e-11,-0.14146223524774917,9874.693827960737,-0.012530617203926352
btc_vol_breakout_2m,0,0.04,0.02,0.0,0.25,720,random,0.03488487253374437,3.488487253374437,0.6363636363636364,44,-0.06905726245255173,-6.905726245255172,11.516429480673859,1.1633714280309817,2.791666666666667e-10,0.3386473815528196,10348.848725337444,0.03488487253374437
btc_vol_breakout_9m,0,0.04,0.12,0.0,0.15,1440,random,0.039755323432718453,3.9755323432718455,0.35714285714285715,14,-0.04766554421542246,-4.766554421542246,19.28885131948401,1.5257412229431497,9.404761904761905e-10,1.942247710173665,10397.553234327184,0.039755323432718453
btc_bullish,0,0.0075,0.02,0.0,0.1,480,random,0.0298223088173317,2.98223088173317,0.3894736842105263,95,-0.02095042874587183,-2.095042874587183,21.67609049675598,1.2584614955922035,1.2140350877192983e-10,0.31579112719626995,10298.223088173318,0.0298223088173317
btc_vol_breakout_10m,0,0.02,0.12,0.0,0.3,720,random,0.1133011384211447,11.33011384211447,0.2777777777777778,18,-0.061843366575542125,-6.184336657554212,29.20153285338077,1.8909210379033812,6.805555555555556e-10,2.102279456788867,11133.011384211448,0.1133011384211447
btc_bullish,0,0.035,0.12,0.0,0.1,20,random,0.027805372698364805,2.7805372698364805,0.3684210526315789,19,-0.03512891297685161,-3.512891297685161,17.910597642645527,1.4117600880799392,7.482456140350877e-10,1.4946938045324751,10278.053726983648,0.027805372698364805
btc_hl_breakout_3m,0,0.1,0.04,0.0,0.05,360,random,0.016682119756637172,1.6682119756637173,0.7272727272727273,22,-0.017721352203120655,-1.7721352203120655,22.035647375951665,1.5439511298675794,6.409090909090909e-10,1.5210474998767476,10166.821197566373,0.016682119756637172
btc_hl_breakout_10m,0,0.05,0.15,0.0,0.05,240,random,0.013636447648989492,1.3636447648989491,0.4166666666666667,12,-0.020252244306611433,-2.0252244306611433,17.368043431152206,1.5617772074175542,1.1958333333333333e-09,2.2971137829459285,10136.364476489895,0.013636447648989492
btc_alt_aligned,0,0.0175,0.25,0.0,0.2,45,random,0.0700998733875194,7.00998733875194,0.21052631578947367,19,-0.06921711502746752,-6.921711502746753,21.44294168860543,1.6792111083970631,7.640350877192983e-10,1.9083280882365699,10700.998733875194,0.0700998733875194
btc_hl_breakout_8m,0,0.0125,0.025,0.0,0.5,1440,random,0.09729401921175831,9.729401921175832,0.421875,64,-0.14170329001524173,-14.170329001524173,15.143859776185959,1.166398922660418,1.6875e-10,0.3363278200049867,10972.940192117583,0.09729401921175831
btc_hl_breakout_6m,0,0.0175,0.08,0.0,0.25,45,random,-0.04909997320758489,-4.909997320758489,0.23529411764705882,34,-0.11648640728298332,-11.648640728298332,-15.218974043692226,0.77530510578849,3.784313725490196e-10,-0.55545020688745,9509.000267924152,-0.04909997320758489
btc_vol_breakout_9m,0,0.04,0.25,0.0,0.25,10,random,0.07875049317430603,7.875049317430603,0.3333333333333333,12,-0.0784392680555206,-7.8439268055520595,22.193140816737603,1.6043384746192408,1.152777777777778e-09,2.779143996588617,10787.50493174306,0.07875049317430603
btc_hl_breakout_5m,0,0.06,0.05,0.0,0.3,180,random,0.07572092545578539,7.572092545578539,0.5833333333333334,24,-0.10517894953329088,-10.517894953329087,17.20566889602857,1.3253586411051428,5.833333333333333e-10,1.0984277108758316,10757.209254557854,0.07572092545578539
btc_hl_breakout_9m,0,0.05,0.04,0.0,0.2,10,random,0.044714810703153765,4.4714810703153764,0.5625,32,-0.08064496873635485,-8.064496873635484,15.097254008769998,1.237520681824709,4.2604166666666666e-10,0.7321776136738976,10447.148107031539,0.044714810703153765
btc_vol_breakout_2m,0,0.025,0.025,0.0,0.25,15,random,0.04583674269099442,4.5836742690994425,0.5434782608695652,46,-0.05679841026126131,-5.679841026126131,14.646449982936517,1.2056640511189656,2.760869565217391e-10,0.415776031893623,10458.367426909945,0.04583674269099442
btc_bullish,0,0.02,0.01,0.0,0.2,90,random,0.03551107220523666,3.551107220523666,0.6292134831460674,89,-0.05614416898531149,-5.614416898531149,12.688398593348253,1.1467925865598774,1.3558052434456927e-10,0.21032951287799842,10355.110722052366,0.03551107220523666
btc_hl_breakout_10m,0,0.02,0.03,0.0,0.15,20,random,0.017459930691223847,1.7459930691223848,0.4166666666666667,48,-0.05375828484023404,-5.375828484023404,8.602554238078028,1.1138368573041604,2.5416666666666667e-10,0.2603157931161592,10174.599306912238,0.017459930691223847
btc_vol_breakout_3m,0,0.03,0.12,0.0,0.3,720,random,0.040939909300753974,4.093990930075398,0.3333333333333333,18,-0.11538364815538826,-11.538364815538827,10.777426295464634,1.2138245906470038,7.324074074074074e-10,0.8715327780090593,10409.39909300754,0.040939909300753974
btc_vol_breakout_9m,0,0.02,0.02,0.0,0.3,180,random,0.0585923933037142,5.85923933037142,0.55,40,-0.06320040794421122,-6.320040794421122,19.091460642878918,1.3015722458581651,2.029166666666667e-10,0.4991756860256098,10585.923933037142,0.0585923933037142
btc_hl_breakout_4m,0,0.0175,0.045,0.0,0.05,45,random,0.0056508392452749205,0.565083924527492,0.38636363636363635,44,-0.014400708985672694,-1.4400708985672694,8.679359891560093,1.1242624825226961,2.875e-10,0.26243751097842327,10056.50839245275,0.0056508392452749205
btc_hl_breakout_1m,0,0.0175,0.03,0.0,0.05,180,random,0.0015837969039023676,0.15837969039023675,0.40384615384615385,52,-0.018810121764956778,-1.8810121764956778,2.715620319242426,1.032957550511063,2.3653846153846154e-10,0.06565912164620756,10015.837969039023,0.0015837969039023676
btc_hl_breakout_5m,0,0.08,0.08,0.0,0.1,1440,random,0.031085929731132615,3.1085929731132613,0.6,15,-0.03440803233201961,-3.440803233201961,20.452465527167767,1.570730876122002,9.622222222222221e-10,2.086038989203069,10310.859297311326,0.031085929731132615
btc_hl_breakout_10m,0,0.04,0.25,0.0,0.4,120,random,0.1279036450638664,12.79036450638664,0.3076923076923077,13,-0.14587806111408652,-14.587806111408652,20.734228223366163,1.6221713707005652,1.1012820512820513e-09,2.6462186431258856,11279.036450638665,0.1279036450638664
btc_bullish,0,0.0125,0.02,0.0,0.2,10,random,0.07664809679547413,7.664809679547413,0.46835443037974683,79,-0.0372210661419935,-3.7221066141993497,27.459863411066124,1.347661804636761,1.521097046413502e-10,0.4825286975548625,10766.480967954742,0.07664809679547413
btc_small_up_9m,0,0.01,0.05,0.0,0.25,480,random,0.023176582291849625,2.3176582291849623,0.2857142857142857,42,-0.07693693605344143,-7.6936936053441425,8.294396725127292,1.125218000757734,2.2341269841269843e-10,0.24683275039886357,10231.765822918496,0.023176582291849625
btc_hl_breakout_4m,0,0.025,0.035,0.0,0.2,1440,random,0.06529917944491136,6.529917944491135,0.5238095238095238,42,-0.04394322057116651,-4.394322057116651,24.081146818236576,1.387528687001381,3.1468253968253965e-10,0.7785580087182914,10652.991794449114,0.06529917944491136
btc_vol_breakout_2m,0,0.0075,0.05,0.0,0.1,45,random,-0.002691346258664578,-0.2691346258664578,0.21428571428571427,56,-0.034832540588037864,-3.4832540588037864,-1.767254448098083,0.9700203899469347,2.011904761904762e-10,-0.03823369093709715,9973.086537413354,-0.002691346258664578
btc_vol_breakout_9m,0,0.0075,0.06,0.0,0.2,15,random,-0.011968186663760321,-1.196818666376032,0.18421052631578946,38,-0.05780331784864401,-5.780331784864401,-4.819489443852472,0.9097380546475453,2.5131578947368424e-10,-0.1398109239118249,9880.318133362396,-0.011968186663760321
btc_hl_breakout_9m,0,0.1,0.035,0.0,0.3,15,random,0.08812406369003178,8.812406369003178,0.7391304347826086,23,-0.10796771351276113,-10.796771351276114,20.05424997570936,1.44554554538396,5.985507246376811e-10,1.3030147410517254,10881.240636900318,0.08812406369003178
btc_small_up_10m,0,0.04,0.035,0.0,0.25,10,random,0.08012257571507084,8.012257571507083,0.5757575757575758,33,-0.07543409307407667,-7.543409307407667,21.989643187999,1.3908783884810487,3.5959595959595957e-10,0.9832961420804254,10801.225757150709,0.08012257571507084
btc_hl_breakout_10m,0,0.04,0.25,0.0,0.5,240,random,0.15658520971146153,15.658520971146153,0.3076923076923077,13,-0.1783507639306492,-17.83507639306492,20.68904357952829,1.5900830885118813,1.1012820512820513e-09,2.6462186431258874,11565.852097114615,0.15658520971146153
btc_vol_breakout_9m,0,0.01,0.12,0.0,0.05,480,random,0.005840040780579369,0.5840040780579369,0.13793103448275862,29,-0.011271343247608145,-1.1271343247608145,9.879403588260695,1.2333835289607282,3.936781609195402e-10,0.4121603190172489,10058.400407805793,0.005840040780579369
btc_alt_aligned,0,0.01,0.06,0.0,0.25,60,random,0.06391600782282458,6.391600782282458,0.25862068965517243,58,-0.08216329370939635,-8.216329370939635,17.062732491935645,1.2361077470457806,2.367816091954023e-10,0.4613247955043206,10639.160078228246,0.06391600782282458
btc_small_up_10m,0,0.0175,0.045,0.0,0.4,45,random,0.11304166337134716,11.304166337134717,0.40476190476190477,42,-0.11745365278801623,-11.745365278801623,20.846932272520725,1.3198200542094822,2.4206349206349207e-10,0.6915679314982236,11130.416633713472,0.11304166337134716
btc_small_up_9m,0,0.01,0.25,0.0,0.2,360,random,0.07929256478981472,7.929256478981472,0.2,20,-0.05339381137495458,-5.339381137495458,25.171557848740854,1.954768103824365,6.008333333333333e-10,2.0128301234907697,10792.925647898148,0.07929256478981472
btc_hl_breakout_4m,0,0.035,0.015,0.0,0.2,720,random,0.05435969818408305,5.435969818408306,0.6666666666666666,51,-0.047727729882544145,-4.772772988254415,20.671246995856855,1.3205928854942683,2.2777777777777776e-10,0.5389835721235559,10543.59698184083,0.05435969818408305
btc_hl_breakout_5m,0,0.03,0.045,0.0,0.2,60,random,-0.003976224168379576,-0.3976224168379576,0.42105263157894735,38,-0.09973606331564921,-9.973606331564921,-0.7125417138972799,0.9794392972557245,3.416666666666667e-10,-0.024262364549733073,9960.237758316205,-0.003976224168379576
btc_vol_breakout_3m,0,0.05,0.25,0.0,0.4,60,random,0.06240718173988512,6.240718173988512,0.3333333333333333,12,-0.14280213042196988,-14.280213042196987,12.20446430254049,1.2433054167401647,1.1555555555555554e-09,1.6525580955451673,10624.071817398852,0.06240718173988512
btc_hl_breakout_8m,0,0.01,0.12,0.0,0.1,15,random,0.016290026051795997,1.6290026051795996,0.1891891891891892,37,-0.03979986991939943,-3.9799869919399433,11.211143557269528,1.2103595288023852,3.5e-10,0.46197293815063584,10162.90026051796,0.016290026051795997
btc_vol_breakout_10m,0,0.04,0.01,0.0,0.5,20,random,0.06931075640677718,6.931075640677718,0.7380952380952381,42,-0.10843139260761259,-10.843139260761259,14.418719736904562,1.2309669054030212,2.0317460317460315e-10,0.35491396606378,10693.107564067772,0.06931075640677718
btc_alt_aligned,0,0.01,0.015,0.0,0.4,15,random,0.03016648669501883,3.016648669501883,0.42718446601941745,103,-0.15403873642356192,-15.403873642356192,6.662042685826759,1.0493754516840033,1.2427184466019418e-10,0.0988757777902926,10301.664866950188,0.03016648669501883
btc_vol_breakout_10m,0,0.025,0.045,0.0,0.4,20,random,0.10192305555831321,10.192305555831322,0.5,26,-0.08133261197416064,-8.133261197416065,22.953042446803043,1.4834194733996287,3.6025641025641026e-10,0.9853475449536924,11019.230555583132,0.10192305555831321
btc_vol_breakout_8m,0,0.025,0.045,0.0,0.2,120,random,0.04230652499044068,4.2306524990440675,0.48148148148148145,27,-0.041442984092255886,-4.144298409225589,18.95347100937884,1.3925504761902576,3.8333333333333335e-10,0.7931417866425818,10423.065249904406,0.04230652499044068
btc_vol_breakout_9m,0,0.08,0.045,0.0,0.3,480,random,-0.00298624622561033,-0.298624622561033,0.6111111111111112,18,-0.09986821186516603,-9.986821186516604,0.34447571549819644,0.9840992886870508,6.990740740740741e-10,0.026768443998929643,9970.137537743896,-0.00298624622561033
btc_hl_breakout_3m,0,0.06,0.04,0.0,0.2,1440,random,0.07506094684507532,7.506094684507532,0.6923076923076923,26,-0.065600124432172,-6.5600124432172,24.645191065540057,1.587904411492569,5.333333333333334e-10,1.435545263736366,10750.609468450753,0.07506094684507532
btc_hl_breakout_8m,0,0.06,0.1,0.0,0.3,45,random,0.10014766187095206,10.014766187095207,0.47058823529411764,17,-0.09874206661255724,-9.874206661255725,22.325689251127468,1.4765805862494872,8.284313725490195e-10,2.0209531463518218,11001.476618709521,0.10014766187095206
btc_vol_breakout_3m,0,0.0125,0.01,0.0,0.4,10,random,0.05711064195155995,5.711064195155995,0.5945945945945946,74,-0.11420957326911696,-11.420957326911696,12.894135137797946,1.158149532302863,1.0225225225225225e-10,0.210381790364711,10571.1064195156,0.05711064195155995
btc_vol_breakout_8m,0,0.06,0.25,0.0,0.05,10,random,0.011559981675482032,1.1559981675482032,0.42857142857142855,7,-0.018246448123820036,-1.8246448123820036,15.934674131235356,1.6525077389396274,2.0119047619047618e-09,3.3519513593291306,10115.59981675482,0.011559981675482032
btc_hl_breakout_2m,0,0.0175,0.015,0.0,0.4,1440,random,-0.06702279222730276,-6.702279222730276,0.5,68,-0.17253594490800428,-17.253594490800428,-12.808851911729938,0.8514477138440446,1.4607843137254902e-10,-0.2278165276794531,9329.772077726971,-0.06702279222730276
btc_hl_breakout_8m,0,0.04,0.01,0.0,0.5,720,random,0.11730897689808052,11.730897689808053,0.7192982456140351,57,-0.1363211525159045,-13.632115251590449,17.358401505677424,1.239368575642123,2.0760233918128656e-10,0.4388979049741385,11173.089768980804,0.11730897689808052
btc_vol_breakout_9m,0,0.03,0.3,0.0,0.3,20,random,0.06635155691469503,6.635155691469503,0.3333333333333333,6,-0.06451150515833426,-6.451150515833426,17.328168414755517,2.1664073131904846,2.3027777777777774e-09,3.8391263106428606,10663.51556914695,0.06635155691469503
btc_bullish,0,0.015,0.2,0.0,0.2,90,random,0.058687807906681516,5.8687807906681515,0.22727272727272727,22,-0.06128982422042617,-6.128982422042617,18.926278126295472,1.473389319870477,6.401515151515151e-10,1.3922702529487507,10586.878079066815,0.058687807906681516
btc_hl_breakout_3m,0,0.02,0.04,0.0,0.3,360,random,0.07320259293435225,7.320259293435225,0.46511627906976744,43,-0.0805902565790032,-8.059025657900321,18.678256385372027,1.2719776867618608,2.934108527131783e-10,0.5844784781364447,10732.025929343523,0.07320259293435225
btc_hl_breakout_6m,0,0.02,0.03,0.0,0.1,10,random,-0.0006970184109664729,-0.06970184109664729,0.4166666666666667,48,-0.0399606397411022,-3.99606397411022,-0.14269631960592374,0.9930161130596892,2.642361111111111e-10,-0.0037994001845850257,9993.029815890335,-0.0006970184109664729
btc_hl_breakout_8m,0,0.035,0.15,0.0,0.1,10,random,0.025228748559218365,2.5228748559218364,0.35714285714285715,14,-0.04182312815645661,-4.182312815645661,16.273814220890582,1.4933803734549642,1.0095238095238096e-09,1.8438387706827257,10252.287485592184,0.025228748559218365
btc_alt_aligned,0,0.06,0.015,0.0,0.15,1440,random,0.04067704867968807,4.067704867968807,0.7380952380952381,42,-0.054711674894834306,-5.471167489483431,18.028204956660247,1.321713628743335,3.365079365079365e-10,0.6554648868518259,10406.77048679688,0.04067704867968807
btc_hl_breakout_3m,0,0.0175,0.12,0.0,0.05,720,random,0.013860645259776276,1.3860645259776276,0.2692307692307692,26,-0.017049414331199775,-1.7049414331199775,19.96896235401753,1.425694551053846,5.07051282051282e-10,1.0769239549509333,10138.606452597764,0.013860645259776276
btc_small_up_9m,0,0.035,0.05,0.0,0.2,20,random,0.0612785395559798,6.127853955597979,0.5384615384615384,26,-0.05262246993907982,-5.262246993907982,23.335520819521346,1.4993235917315328,4.4294871794871796e-10,1.1849227889589826,10612.785395559798,0.0612785395559798
btc_hl_breakout_6m,0,0.08,0.25,0.0,0.15,10,random,0.03865689912453072,3.865689912453072,0.4,10,-0.05876865998672698,-5.876865998672698,16.494755022296843,1.4596752386534582,1.4366666666666667e-09,2.718542411388556,10386.568991245307,0.03865689912453072
btc_bullish,0,0.08,0.12,0.0,0.25,720,random,0.07115410906857442,7.115410906857441,0.5,10,-0.08358811444049086,-8.358811444049085,18.926814732558288,1.5535838781211047,1.4616666666666667e-09,2.9689138940803597,10711.541090685743,0.07115410906857442
btc_hl_breakout_8m,0,0.015,0.12,0.0,0.1,5,random,0.026624617012395116,2.6624617012395118,0.25,28,-0.03688465408836272,-3.6884654088362723,17.330689505386005,1.3852591190834833,4.827380952380953e-10,0.9721944191149545,10266.246170123952,0.026624617012395116
btc_hl_breakout_3m,0,0.02,0.3,0.0,0.3,15,random,0.13777892893903104,13.777892893903104,0.23076923076923078,13,-0.08476042246131932,-8.476042246131932,27.704484257527366,2.13500368495623,1.0730769230769232e-09,3.6305773964198407,11377.78928939031,0.13777892893903104
btc_vol_breakout_10m,0,0.0125,0.04,0.0,0.3,240,random,0.053175037828572295,5.317503782857229,0.3611111111111111,36,-0.058909171276648964,-5.890917127664896,17.05583061309231,1.2929195185083961,2.5648148148148146e-10,0.5070005852426179,10531.750378285724,0.053175037828572295
btc_bullish,0,0.025,0.12,0.0,0.15,120,random,0.050112187935595014,5.011218793559501,0.3181818181818182,22,-0.04411571086542809,-4.411571086542809,21.441562331347903,1.5336644981791754,6.325757575757575e-10,1.5427527671389303,10501.12187935595,0.050112187935595014
btc_vol_breakout_9m,0,0.035,0.25,0.0,0.1,90,random,0.033131848237030394,3.3131848237030392,0.3333333333333333,12,-0.03197979831605113,-3.1979798316051133,22.91641922580916,1.6781783015671026,1.15e-09,2.8208345102529493,10331.318482370303,0.033131848237030394
btc_hl_breakout_7m,0,0.035,0.04,0.0,0.25,240,random,0.06317747834522339,6.317747834522339,0.5,36,-0.0954096555758569,-9.54096555758569,17.129630417637188,1.264038518947846,3.7175925925925927e-10,0.7312297487696924,10631.774783452234,0.06317747834522339
btc_small_down_10m,0,0.03,0.15,0.0,0.25,360,random,0.03600153045890847,3.6001530458908473,0.3333333333333333,12,-0.07349172171191798,-7.349172171191798,11.942665732386885,1.380913712527217,1.1388888888888888e-09,1.2849046153853876,10360.015304589084,0.03600153045890847
btc_hl_breakout_2m,0,0.05,0.03,0.0,0.3,360,random,0.039242614098153536,3.9242614098153537,0.6060606060606061,33,-0.09522294657701713,-9.522294657701714,10.903077138734556,1.1526324044860148,4.015151515151515e-10,0.4374023472808782,10392.426140981535,0.039242614098153536
btc_small_down_10m,0,0.05,0.02,0.0,0.25,1440,random,0.05058569753378415,5.058569753378415,0.6944444444444444,36,-0.050899426832248795,-5.08994268322488,16.891453067678967,1.2770470062763832,2.796296296296296e-10,0.5804369588649831,10505.856975337842,0.05058569753378415
btc_hl_breakout_7m,0,0.1,0.01,0.0,0.1,5,random,0.02384993548650923,2.384993548650923,0.8378378378378378,37,-0.033607491190936534,-3.3607491190936534,16.319074445233166,1.3797163666108754,3.662162162162162e-10,0.6528011043106753,10238.499354865093,0.02384993548650923
btc_small_up_9m,0,0.0075,0.3,0.0,0.2,180,random,0.06303278137358306,6.303278137358307,0.2857142857142857,7,-0.059745419445455195,-5.9745419445455195,19.60792704255031,4.499741150222678,1.9476190476190475e-09,4.511119782908928,10630.32781373583,0.06303278137358306
btc_hl_breakout_8m,0,0.02,0.25,0.0,0.05,15,random,0.01683918872391915,1.6839188723919147,0.23529411764705882,17,-0.017993149252439444,-1.7993149252439444,20.667299243095297,1.7165793285268072,8.068627450980393e-10,2.0004574569310822,10168.391887239191,0.01683918872391915
btc_hl_breakout_6m,0,0.025,0.05,0.0,0.1,45,random,-0.0013412057661193898,-0.13412057661193896,0.37142857142857144,35,-0.03799353233072844,-3.799353233072844,-0.5613746283397723,0.9852198488356334,3.8523809523809525e-10,-0.021097084350662994,9986.587942338807,-0.0013412057661193898
btc_hl_breakout_5m,0,0.06,0.05,0.0,0.2,10,random,0.051263937669598934,5.126393766959893,0.5833333333333334,24,-0.07113396531567318,-7.113396531567318,17.204654230630318,1.3415821787830458,5.833333333333333e-10,1.0984277108758307,10512.63937669599,0.051263937669598934
btc_hl_breakout_9m,0,0.035,0.01,0.0,0.15,180,random,0.041304489535492914,4.130448953549291,0.7192982456140351,57,-0.04200405221446524,-4.200405221446523,18.96137717283779,1.3237225713435314,2.1461988304093566e-10,0.48859095845662437,10413.04489535493,0.041304489535492914
btc_bullish,0,0.005,0.25,0.0,0.3,90,random,0.09563635185303473,9.563635185303474,0.11428571428571428,35,-0.0917525662506874,-9.175256625068739,20.326813203540105,1.5959536039141113,3.8523809523809525e-10,0.9638546278185856,10956.363518530346,0.09563635185303473
btc_hl_breakout_1m,0,0.06,0.15,0.0,0.5,5,random,0.14407218951736978,14.407218951736978,0.4,10,-0.17079236273563814,-17.079236273563815,19.46407546010006,1.568926748817444,1.4033333333333335e-09,3.10419630995613,11440.721895173698,0.14407218951736978
btc_vol_breakout_2m,0,0.0175,0.3,0.0,0.4,120,random,0.17374138784011847,17.374138784011848,0.21428571428571427,14,-0.12508004147719198,-12.508004147719198,26.094405949282773,2.003530186579972,1.0083333333333333e-09,3.2441600659688286,11737.413878401185,0.17374138784011847
btc_small_up_9m,0,0.1,0.2,0.0,0.1,45,random,0.033082904944593,3.3082904944592997,0.75,4,-0.03232686105853089,-3.2326861058530887,21.09897088340991,3.9310400867775406,3.5333333333333335e-09,8.267956848833741,10330.82904944593,0.033082904944593
btc_alt_aligned,0,0.0175,0.025,0.0,0.5,120,random,0.06254067704155304,6.254067704155304,0.4461538461538462,65,-0.17254421575638113,-17.254421575638112,10.134788225076935,1.0894835722628329,2.0948717948717947e-10,0.24212873243928842,10625.406770415531,0.06254067704155304
btc_vol_breakout_8m,0,0.08,0.05,0.0,0.4,45,random,0.031893165678485685,3.1893165678485684,0.5882352941176471,17,-0.13144727951419055,-13.144727951419055,7.526649691161742,1.1276265533394518,7.794117647058824e-10,0.5997301296151922,10318.931656784856,0.031893165678485685
btc_hl_breakout_2m,0,0.06,0.05,0.0,0.4,240,random,0.12858140029619908,12.858140029619907,0.6190476190476191,21,-0.13861408002538467,-13.861408002538466,21.562937066568747,1.4738469426355225,6.539682539682541e-10,1.5584993780510619,11285.81400296199,0.12858140029619908
btc_small_up_10m,0,0.0175,0.05,0.0,0.4,480,random,0.07602656941588562,7.602656941588562,0.32558139534883723,43,-0.1502183877403539,-15.02183877403539,14.413135054033148,1.202634263761349,2.4341085271317826e-10,0.48678611019693674,10760.265694158856,0.07602656941588562
btc_hl_breakout_7m,0,0.015,0.03,0.0,0.3,120,random,0.03960364454977144,3.9603644549771437,0.39655172413793105,58,-0.12136362907398457,-12.136362907398457,10.371853832549581,1.1169883631612183,2.0517241379310345e-10,0.25407200143930275,10396.036445497713,0.03960364454977144
btc_small_down_10m,0,0.015,0.08,0.0,0.3,10,random,0.08614567081434084,8.614567081434084,0.3333333333333333,33,-0.09497905710877219,-9.49790571087722,21.015592265290206,1.3991452738984116,3.6464646464646466e-10,0.8884967929187016,10861.456708143409,0.08614567081434084
btc_hl_breakout_8m,0,0.0125,0.06,0.0,0.3,20,random,0.040228120570451754,4.022812057045176,0.26666666666666666,45,-0.11194445983198986,-11.194445983198985,10.082026636136785,1.1386990502848462,2.8074074074074075e-10,0.34063325252539733,10402.281205704518,0.040228120570451754
btc_hl_breakout_8m,0,0.08,0.1,0.0,0.4,45,random,0.12035601228453857,12.035601228453856,0.5384615384615384,13,-0.12400845197428123,-12.400845197428122,20.593826757126713,1.5113674112476103,1.1076923076923078e-09,2.407490534692386,11203.560122845385,0.12035601228453857
btc_hl_breakout_8m,0,0.02,0.08,0.0,0.3,480,random,0.047401076122682385,4.740107612268239,0.30303030303030304,33,-0.10291716289993824,-10.291716289993824,11.472144063435055,1.1733555719220108,3.9343434343434343e-10,0.5371451035103155,10474.010761226824,0.047401076122682385
btc_hl_breakout_6m,0,0.0125,0.05,0.0,0.4,5,random,-0.006838312594581566,-0.6838312594581566,0.30612244897959184,49,-0.1288121614987653,-12.88121614987653,0.2696253045425464,0.9831269401190946,2.510204081632653e-10,0.014617479389398929,9931.616874054183,-0.006838312594581566
btc_vol_breakout_2m,0,0.1,0.03,0.0,0.4,240,random,0.09303166305930917,9.303166305930917,0.75,24,-0.12452468174945375,-12.452468174945375,16.818923089141755,1.3391167767662373,5.784722222222223e-10,1.0210701095200119,10930.316630593092,0.09303166305930917
btc_vol_breakout_8m,0,0.01,0.25,0.0,0.1,180,random,0.037914964667880295,3.7914964667880295,0.13043478260869565,23,-0.0224189593441787,-2.24189593441787,28.612083627579764,1.8597245217657272,5.195652173913044e-10,1.6684076831603378,10379.149646678803,0.037914964667880295
btc_vol_breakout_8m,0,0.03,0.035,0.0,0.1,120,random,0.01741119540960974,1.7411195409609739,0.53125,32,-0.02898807728115982,-2.898807728115982,14.22641098486761,1.249912733639166,3.484375e-10,0.553997351438224,10174.111954096097,0.01741119540960974
btc_vol_breakout_2m,0,0.005,0.045,0.0,0.4,30,random,-0.07572299408478211,-7.572299408478211,0.18666666666666668,75,-0.16471155883495736,-16.471155883495737,-14.973383049523704,0.8088586179166279,1.337777777777778e-10,-0.24114111856201742,9242.770059152179,-0.07572299408478211
btc_hl_breakout_5m,0,0.015,0.3,0.0,0.3,30,random,0.08611181986182297,8.611181986182297,0.2,15,-0.10308214465649479,-10.30821446564948,19.698294332506915,1.6179419449999872,9.522222222222222e-10,2.053001586929197,10861.11819861823,0.08611181986182297
btc_hl_breakout_1m,0,0.02,0.15,0.0,0.15,90,random,0.054001594574747104,5.40015945747471,0.29411764705882354,17,-0.04301771608828042,-4.301771608828043,23.09130049013061,1.7443618080371655,7.96078431372549e-10,2.14751673608697,10540.015945747471,0.054001594574747104
btc_alt_aligned,0,0.035,0.01,0.0,0.25,240,random,0.065967616513628,6.596761651362799,0.7123287671232876,73,-0.07193560756288242,-7.193560756288242,17.817762238512323,1.2402151608917253,1.8333333333333332e-10,0.37233254249797326,10659.67616513628,0.065967616513628
btc_hl_breakout_2m,0,0.05,0.035,0.0,0.05,5,random,0.005584568774079872,0.5584568774079872,0.59375,32,-0.017250125631159685,-1.7250125631159685,8.631813410759792,1.1356883082927742,4.1770833333333335e-10,0.3570466025245164,10055.845687740799,0.005584568774079872
btc_small_up_10m,0,0.0075,0.25,0.0,0.05,45,random,0.017154662112572935,1.7154662112572934,0.15384615384615385,26,-0.017779883793094253,-1.7779883793094253,21.332964292090214,1.7479977434538285,4.4807692307692307e-10,1.330129619998898,10171.54662112573,0.017154662112572935
btc_hl_breakout_8m,0,0.04,0.3,0.0,0.1,45,random,0.025345331894538595,2.5345331894538594,0.4,5,-0.04169894489122594,-4.169894489122594,15.1139881716532,2.631737193853527,2.9366666666666667e-09,5.1206509282869215,10253.453318945387,0.025345331894538595
btc_small_up_10m,0,0.025,0.03,0.0,0.2,30,random,0.03335140631810634,3.335140631810634,0.475,40,-0.06449558747337425,-6.449558747337425,12.388909358112183,1.1878897087790032,2.729166666666667e-10,0.43915940546576926,10333.514063181063,0.03335140631810634
btc_vol_breakout_8m,0,0.08,0.045,0.0,0.3,1440,random,0.005779815825674041,0.5779815825674041,0.6111111111111112,18,-0.09986821186516603,-9.986821186516604,2.6255156105625734,1.0314806373537975,7.25925925925926e-10,0.1901514386185959,10057.79815825674,0.005779815825674041
btc_alt_aligned,0,0.0175,0.015,0.0,0.4,360,random,0.06533482627606223,6.533482627606222,0.5301204819277109,83,-0.13192096771957562,-13.192096771957562,12.19834225021933,1.11245166054861,1.6004016064257027e-10,0.22496323184870606,10653.348262760623,0.06533482627606223
btc_bullish,0,0.1,0.01,0.0,0.05,90,random,0.01599665341976418,1.5996653419764182,0.8717948717948718,39,-0.01673667617933905,-1.673667617933905,21.810461949363138,1.56717982203229,3.4914529914529917e-10,0.822048584019772,10159.966534197642,0.01599665341976418
btc_vol_breakout_2m,0,0.02,0.06,0.0,0.2,120,random,0.04045958768229216,4.045958768229216,0.3611111111111111,36,-0.06193336738592292,-6.193336738592292,15.224527136660932,1.22707887220028,3.62962962962963e-10,0.5901888385370971,10404.595876822921,0.04045958768229216
btc_hl_breakout_10m,0,0.04,0.08,0.0,0.2,90,random,0.043948550613095744,4.394855061309574,0.4166666666666667,24,-0.07152449301105379,-7.15244930110538,14.931783223728875,1.26441953974471,5.701388888888889e-10,0.9647899387858925,10439.485506130957,0.043948550613095744
btc_hl_breakout_5m,0,0.01,0.045,0.0,0.1,180,random,0.008738056467121509,0.8738056467121509,0.30357142857142855,56,-0.03164448542004494,-3.1644485420044943,6.9377790181993255,1.0910298468550883,2.1666666666666667e-10,0.16508541177905217,10087.380564671215,0.008738056467121509
btc_hl_breakout_10m,0,0.01,0.15,0.0,0.3,90,random,0.061380908384414214,6.138090838441421,0.19230769230769232,26,-0.09890901427537868,-9.890901427537868,14.694440972916542,1.3338669560911167,5.173076923076924e-10,0.8633600153993513,10613.809083844142,0.061380908384414214
btc_hl_breakout_10m,0,0.0075,0.05,0.0,0.1,90,random,0.007780325112900414,0.7780325112900414,0.24528301886792453,53,-0.039095385668349025,-3.9095385668349025,5.851566988360118,1.0837553084786506,2.251572327044025e-10,0.1588552224131867,10077.803251129004,0.007780325112900414
btc_hl_breakout_10m,0,0.015,0.1,0.0,0.4,240,random,0.09662155055092934,9.662155055092935,0.28125,32,-0.13429524746000998,-13.429524746000999,16.947251525292497,1.294256467952313,4.1979166666666665e-10,0.8142679933833035,10966.215505509294,0.09662155055092934
btc_hl_breakout_8m,0,0.015,0.06,0.0,0.05,480,random,0.00916444223145972,0.916444223145972,0.2926829268292683,41,-0.0185945681413604,-1.8594568141360401,12.293621659347703,1.2058842104770433,3.16260162601626e-10,0.45451593465610596,10091.644422314597,0.00916444223145972
btc_hl_breakout_2m,0,0.015,0.15,0.0,0.4,480,random,0.1372640032149023,13.726400321490232,0.24,25,-0.12298826055285961,-12.29882605528596,23.048305782098943,1.531463759220715,5.5e-10,1.4324498483849681,11372.640032149024,0.1372640032149023
btc_hl_breakout_5m,0,0.0175,0.3,0.0,0.3,480,random,0.12977150280259403,12.977150280259403,0.21428571428571427,14,-0.09951254305625501,-9.9512543056255,25.80570073346916,2.0026681019701953,1.0261904761904762e-09,3.2057867242935307,11297.715028025941,0.12977150280259403
btc_vol_breakout_3m,0,0.04,0.08,0.0,0.15,15,random,0.02201867872826101,2.201867872826101,0.42857142857142855,21,-0.05163867204570327,-5.163867204570327,11.118299005922005,1.211888774709853,6.150793650793651e-10,0.7388455594759576,10220.18678728261,0.02201867872826101
