timestamp,open,high,low,close,volume
2025-04-25 16:45:00+00:00,95363.96,95366.3,95295.54,95304.34,12.47186
2025-04-25 16:46:00+00:00,95304.34,95304.35,95260.86,95280.0,10.11269
2025-04-25 16:47:00+00:00,95280.42,95280.43,95227.47,95268.07,13.62482
2025-04-25 16:48:00+00:00,95268.07,95268.07,95227.39,95258.58,8.49501
2025-04-25 16:49:00+00:00,95258.58,95304.35,95258.58,95304.34,7.05238
2025-04-25 16:50:00+00:00,95304.34,95305.85,95291.25,95305.85,5.84853
2025-04-25 16:51:00+00:00,95305.84,95328.0,95228.52,95239.27,19.86739
2025-04-25 16:52:00+00:00,95239.26,95288.54,95239.26,95260.86,14.76339
2025-04-25 16:53:00+00:00,95260.86,95260.87,95217.39,95217.39,4.4564
2025-04-25 16:54:00+00:00,95217.39,95256.71,95217.39,95254.89,3.51374
2025-04-25 16:55:00+00:00,95254.88,95290.64,95243.65,95271.35,6.94979
2025-04-25 16:56:00+00:00,95271.35,95277.6,95200.17,95209.7,15.25273
2025-04-25 16:57:00+00:00,95209.7,95250.0,95209.7,95240.95,6.24688
2025-04-25 16:58:00+00:00,95240.95,95246.0,95187.55,95206.42,12.85959
2025-04-25 16:59:00+00:00,95206.42,95223.82,95195.73,95223.81,6.04659
2025-04-25 17:00:00+00:00,95223.82,95247.04,95201.02,95247.04,7.12775
2025-04-25 17:01:00+00:00,95247.04,95328.49,95247.04,95328.49,7.19356
2025-04-25 17:02:00+00:00,95328.49,95353.9,95261.66,95303.18,22.69328
2025-04-25 17:03:00+00:00,95303.17,95336.26,95303.17,95336.26,7.93856
2025-04-25 17:04:00+00:00,95336.26,95390.81,95336.25,95386.65,4.40701
2025-04-25 17:05:00+00:00,95386.65,95466.54,95362.63,95429.68,47.22755
2025-04-25 17:06:00+00:00,95429.69,95483.46,95397.83,95463.53,40.39528
2025-04-25 17:07:00+00:00,95463.53,95474.37,95440.81,95450.53,10.88612
2025-04-25 17:08:00+00:00,95450.53,95450.54,95430.0,95442.1,4.08883
2025-04-25 17:09:00+00:00,95442.1,95452.96,95381.13,95381.14,6.33228
2025-04-25 17:10:00+00:00,95381.13,95429.7,95362.43,95429.7,5.98572
2025-04-25 17:11:00+00:00,95429.69,95434.79,95412.93,95434.78,7.40188
2025-04-25 17:12:00+00:00,95434.79,95445.0,95414.07,95414.07,5.7155
2025-04-25 17:13:00+00:00,95414.07,95426.27,95324.0,95369.94,9.96599
2025-04-25 17:14:00+00:00,95369.94,95457.25,95369.94,95457.24,4.78949
2025-04-25 17:15:00+00:00,95457.24,95467.18,95424.18,95455.02,5.55902
2025-04-25 17:16:00+00:00,95455.02,95470.95,95421.99,95461.39,8.22954
2025-04-25 17:17:00+00:00,95461.39,95517.6,95461.39,95501.39,21.52245
2025-04-25 17:18:00+00:00,95501.38,95550.0,95482.4,95519.9,35.63545
2025-04-25 17:19:00+00:00,95519.9,95538.5,95503.53,95531.46,15.76851
2025-04-25 17:20:00+00:00,95533.15,95554.99,95478.26,95478.26,28.89665
2025-04-25 17:21:00+00:00,95478.27,95512.8,95478.26,95512.78,4.88292
2025-04-25 17:22:00+00:00,95512.78,95529.09,95463.62,95463.63,8.56512
2025-04-25 17:23:00+00:00,95463.62,95483.02,95436.82,95462.45,17.21497
2025-04-25 17:24:00+00:00,95462.45,95505.02,95461.93,95494.16,5.62648
2025-04-25 17:25:00+00:00,95494.16,95494.17,95434.78,95480.8,22.84608
2025-04-25 17:26:00+00:00,95480.8,95520.74,95469.69,95481.41,16.48307
2025-04-25 17:27:00+00:00,95481.42,95544.08,95481.41,95543.99,15.31659
2025-04-25 17:28:00+00:00,95544.0,95544.0,95510.58,95510.58,8.35555
2025-04-25 17:29:00+00:00,95510.58,95510.59,95389.94,95417.7,38.84715
2025-04-25 17:30:00+00:00,95417.7,95417.7,95325.47,95327.51,19.16493
2025-04-25 17:31:00+00:00,95327.51,95327.52,95274.05,95279.75,32.18886
2025-04-25 17:32:00+00:00,95279.74,95327.51,95279.74,95295.5,9.13925
2025-04-25 17:33:00+00:00,95295.5,95317.04,95269.18,95269.18,7.39555
2025-04-25 17:34:00+00:00,95269.19,95280.5,95218.02,95273.46,42.35456
2025-04-25 17:35:00+00:00,95273.45,95273.46,95207.52,95218.41,14.86225
2025-04-25 17:36:00+00:00,95218.41,95235.0,95203.11,95204.35,5.17341
2025-04-25 17:37:00+00:00,95204.36,95204.36,95060.83,95115.97,26.65124
2025-04-25 17:38:00+00:00,95115.98,95119.93,94940.2,94970.04,59.48528
2025-04-25 17:39:00+00:00,94970.03,94970.04,94808.0,94820.76,42.91634
2025-04-25 17:40:00+00:00,94820.77,94932.78,94757.6,94921.93,29.49096
2025-04-25 17:41:00+00:00,94921.94,95043.48,94902.16,95011.21,26.12933
2025-04-25 17:42:00+00:00,95011.2,95011.21,94914.54,94932.63,16.45013
2025-04-25 17:43:00+00:00,94932.62,94948.43,94860.07,94892.62,19.14423
2025-04-25 17:44:00+00:00,94892.62,94919.99,94837.08,94846.94,28.05826
2025-04-25 17:45:00+00:00,94846.94,94846.95,94770.44,94776.99,11.43677
2025-04-25 17:46:00+00:00,94777.0,94798.98,94652.17,94695.66,34.50701
2025-04-25 17:47:00+00:00,94695.66,94695.66,94506.17,94506.17,77.06631
2025-04-25 17:48:00+00:00,94506.17,94611.85,94504.9,94611.85,27.55037
2025-04-25 17:49:00+00:00,94611.85,94675.83,94512.01,94571.98,28.71434
2025-04-25 17:50:00+00:00,94571.98,94594.92,94509.49,94545.23,17.6931
2025-04-25 17:51:00+00:00,94545.24,94647.89,94545.23,94647.88,19.22384
2025-04-25 17:52:00+00:00,94647.89,94666.67,94582.89,94614.6,15.19148
2025-04-25 17:53:00+00:00,94614.69,94614.69,94580.48,94580.49,15.59757
2025-04-25 17:54:00+00:00,94580.49,94580.49,94450.33,94501.45,28.07153
2025-04-25 17:55:00+00:00,94501.46,94517.48,94414.32,94477.82,35.85868
2025-04-25 17:56:00+00:00,94477.82,94494.29,94370.35,94434.78,26.50515
2025-04-25 17:57:00+00:00,94434.79,94547.66,94434.39,94534.56,29.9895
2025-04-25 17:58:00+00:00,94534.55,94541.49,94481.3,94538.77,11.98108
2025-04-25 17:59:00+00:00,94538.77,94569.95,94527.78,94527.79,9.66271
2025-04-25 18:00:00+00:00,94527.79,94606.8,94527.79,94591.61,18.50265
2025-04-25 18:01:00+00:00,94591.6,94672.0,94573.23,94665.71,13.21166
2025-04-25 18:02:00+00:00,94665.72,94711.41,94665.68,94678.48,9.78384
2025-04-25 18:03:00+00:00,94678.49,94721.74,94678.49,94717.57,9.40297
2025-04-25 18:04:00+00:00,94717.57,94721.74,94673.22,94684.45,9.37723
2025-04-25 18:05:00+00:00,94684.45,94684.45,94633.89,94633.9,32.15779
2025-04-25 18:06:00+00:00,94633.89,94674.02,94633.89,94674.01,7.73768
2025-04-25 18:07:00+00:00,94674.01,94693.23,94633.9,94652.14,7.16499
2025-04-25 18:08:00+00:00,94652.13,94685.26,94624.43,94650.55,8.22537
2025-04-25 18:09:00+00:00,94650.55,94738.44,94650.54,94727.41,17.99156
2025-04-25 18:10:00+00:00,94727.42,94727.42,94679.63,94679.64,5.26201
2025-04-25 18:11:00+00:00,94679.64,94713.94,94652.17,94652.18,8.72036
2025-04-25 18:12:00+00:00,94652.17,94664.76,94622.51,94664.75,11.45867
2025-04-25 18:13:00+00:00,94664.76,94664.76,94643.02,94652.26,6.30251
2025-04-25 18:14:00+00:00,94652.26,94708.0,94652.26,94696.8,4.49998
2025-04-25 18:15:00+00:00,94696.79,94724.0,94679.49,94679.49,12.36338
2025-04-25 18:16:00+00:00,94679.5,94759.99,94660.0,94759.99,10.24013
2025-04-25 18:17:00+00:00,94759.99,94799.44,94759.99,94782.39,4.93197
2025-04-25 18:18:00+00:00,94782.4,94790.89,94772.11,94782.41,11.09136
2025-04-25 18:19:00+00:00,94782.4,94817.09,94743.42,94811.04,20.251
2025-04-25 18:20:00+00:00,94811.04,94817.85,94755.39,94776.73,21.28394
2025-04-25 18:21:00+00:00,94776.73,94816.93,94776.72,94812.85,19.76125
2025-04-25 18:22:00+00:00,94812.85,94855.64,94812.85,94839.53,8.02194
2025-04-25 18:23:00+00:00,94839.53,94896.0,94839.52,94895.99,8.4002
2025-04-25 18:24:00+00:00,94896.0,94896.0,94840.0,94848.34,11.84259
2025-04-25 18:25:00+00:00,94848.34,94874.5,94828.23,94859.92,7.89799
2025-04-25 18:26:00+00:00,94859.92,94868.92,94845.53,94862.03,6.24447
2025-04-25 18:27:00+00:00,94862.03,94862.04,94826.08,94827.06,11.50878
2025-04-25 18:28:00+00:00,94827.07,94851.16,94806.5,94851.16,7.30067
2025-04-25 18:29:00+00:00,94851.16,94862.69,94848.12,94857.84,5.08613
2025-04-25 18:30:00+00:00,94857.85,94861.98,94836.0,94836.01,7.57322
2025-04-25 18:31:00+00:00,94836.01,94879.97,94836.0,94878.75,3.3695
2025-04-25 18:32:00+00:00,94878.74,94930.49,94878.74,94922.05,7.71799
2025-04-25 18:33:00+00:00,94922.05,94966.36,94922.05,94965.54,15.96846
2025-04-25 18:34:00+00:00,94965.53,94979.99,94952.83,94960.04,14.8019
2025-04-25 18:35:00+00:00,94960.04,94979.98,94960.04,94979.97,3.38144
2025-04-25 18:36:00+00:00,94979.98,94995.98,94959.18,94995.97,5.78231
2025-04-25 18:37:00+00:00,94995.98,95070.42,94995.97,95041.76,30.37733
2025-04-25 18:38:00+00:00,95041.75,95092.0,95038.6,95091.99,10.45415
2025-04-25 18:39:00+00:00,95091.99,95100.89,95066.42,95100.88,13.98908
2025-04-25 18:40:00+00:00,95100.88,95100.89,95001.91,95009.66,31.71166
2025-04-25 18:41:00+00:00,95009.65,95081.14,95009.65,95081.14,15.51642
2025-04-25 18:42:00+00:00,95081.14,95148.96,95081.13,95148.96,8.7402
2025-04-25 18:43:00+00:00,95148.95,95167.8,95136.97,95167.8,12.49124
2025-04-25 18:44:00+00:00,95167.8,95194.95,95164.95,95194.95,15.09732
2025-04-25 18:45:00+00:00,95194.94,95194.96,95146.57,95194.67,18.50946
2025-04-25 18:46:00+00:00,95194.68,95228.28,95194.67,95228.28,10.65621
2025-04-25 18:47:00+00:00,95228.28,95228.28,95137.01,95137.01,17.64929
2025-04-25 18:48:00+00:00,95137.01,95169.99,95125.27,95161.06,19.17978
2025-04-25 18:49:00+00:00,95161.05,95187.52,95161.05,95169.99,11.45405
2025-04-25 18:50:00+00:00,95169.99,95189.1,95158.78,95189.1,11.15407
2025-04-25 18:51:00+00:00,95189.09,95189.09,95080.43,95109.95,27.52745
2025-04-25 18:52:00+00:00,95109.95,95109.95,95040.0,95040.0,15.57687
2025-04-25 18:53:00+00:00,95040.0,95040.0,94956.52,94990.0,22.39582
2025-04-25 18:54:00+00:00,94990.01,95056.0,94990.0,95020.01,9.99912
2025-04-25 18:55:00+00:00,95020.01,95028.5,94923.25,94950.74,15.47251
2025-04-25 18:56:00+00:00,94950.74,94950.76,94923.07,94927.56,8.439
2025-04-25 18:57:00+00:00,94927.57,94965.5,94927.57,94960.59,6.70575
2025-04-25 18:58:00+00:00,94960.6,94988.31,94960.59,94988.3,2.61705
2025-04-25 18:59:00+00:00,94988.3,94988.31,94970.15,94970.15,10.79506
2025-04-25 19:00:00+00:00,94970.16,95043.48,94970.16,95043.48,17.66127
2025-04-25 19:01:00+00:00,95043.47,95100.0,95043.47,95096.7,22.80097
2025-04-25 19:02:00+00:00,95096.69,95169.92,95094.36,95164.59,6.99664
2025-04-25 19:03:00+00:00,95164.59,95310.89,95112.82,95230.13,69.58063
2025-04-25 19:04:00+00:00,95230.13,95237.65,95193.66,95193.66,9.44011
2025-04-25 19:05:00+00:00,95193.66,95205.9,95171.22,95176.11,8.28988
2025-04-25 19:06:00+00:00,95176.1,95176.11,95128.41,95128.42,7.6067
2025-04-25 19:07:00+00:00,95128.42,95143.79,95100.0,95128.81,10.61794
2025-04-25 19:08:00+00:00,95128.81,95156.51,95119.34,95131.0,12.57797
2025-04-25 19:09:00+00:00,95131.01,95190.48,95131.0,95190.48,3.97498
2025-04-25 19:10:00+00:00,95190.47,95198.55,95165.63,95169.99,7.56161
2025-04-25 19:11:00+00:00,95169.99,95169.99,95073.73,95073.73,10.11029
2025-04-25 19:12:00+00:00,95073.74,95137.46,95073.73,95123.97,4.04403
2025-04-25 19:13:00+00:00,95123.97,95130.44,95067.4,95067.4,10.0965
2025-04-25 19:14:00+00:00,95067.4,95067.41,95013.24,95034.37,25.26923
2025-04-25 19:15:00+00:00,95034.37,95062.09,95024.88,95043.47,14.47446
2025-04-25 19:16:00+00:00,95043.47,95118.37,95043.46,95080.31,12.93922
2025-04-25 19:17:00+00:00,95080.31,95086.96,94965.17,94969.9,14.3449
2025-04-25 19:18:00+00:00,94969.9,94981.57,94950.0,94981.56,7.28857
2025-04-25 19:19:00+00:00,94981.57,95021.3,94981.56,95021.3,10.94008
2025-04-25 19:20:00+00:00,95021.29,95021.29,94948.02,94949.53,22.50745
2025-04-25 19:21:00+00:00,94949.53,94984.91,94944.68,94963.03,6.53443
2025-04-25 19:22:00+00:00,94963.02,94980.18,94922.4,94922.7,6.23593
2025-04-25 19:23:00+00:00,94922.7,94922.71,94879.05,94881.55,8.51788
2025-04-25 19:24:00+00:00,94881.56,94933.0,94881.55,94932.99,10.28416
2025-04-25 19:25:00+00:00,94933.0,94990.0,94893.78,94975.49,18.36264
2025-04-25 19:26:00+00:00,94975.5,95043.45,94963.63,95043.44,4.17458
2025-04-25 19:27:00+00:00,95043.45,95060.0,95037.67,95055.51,3.02048
2025-04-25 19:28:00+00:00,95055.51,95055.51,95045.73,95054.45,3.70051
2025-04-25 19:29:00+00:00,95054.45,95068.0,95054.45,95059.6,4.27627
2025-04-25 19:30:00+00:00,95059.59,95059.6,94973.12,95011.63,8.05629
2025-04-25 19:31:00+00:00,95011.63,95055.79,95011.63,95045.03,6.19681
2025-04-25 19:32:00+00:00,95045.03,95051.91,94984.51,95018.72,7.1872
2025-04-25 19:33:00+00:00,95018.71,95078.73,95018.71,95058.39,12.3325
2025-04-25 19:34:00+00:00,95058.4,95078.57,95049.81,95049.81,6.89577
2025-04-25 19:35:00+00:00,95049.81,95072.82,95005.19,95022.86,18.49015
2025-04-25 19:36:00+00:00,95022.85,95142.86,95022.85,95094.79,14.90071
2025-04-25 19:37:00+00:00,95094.8,95106.7,95086.95,95092.82,8.05958
2025-04-25 19:38:00+00:00,95092.82,95139.35,95088.36,95136.52,7.2871
2025-04-25 19:39:00+00:00,95136.52,95173.92,95131.76,95173.92,7.80625
2025-04-25 19:40:00+00:00,95173.92,95185.99,95111.89,95111.89,11.13182
2025-04-25 19:41:00+00:00,95111.89,95111.9,95074.06,95089.63,5.99397
2025-04-25 19:42:00+00:00,95089.63,95149.35,95089.62,95149.34,4.20155
2025-04-25 19:43:00+00:00,95149.34,95156.84,95135.41,95144.53,5.77606
2025-04-25 19:44:00+00:00,95144.53,95144.54,95121.2,95128.88,3.40406
2025-04-25 19:45:00+00:00,95128.88,95130.44,95044.63,95060.0,7.30376
2025-04-25 19:46:00+00:00,95059.99,95060.0,95026.93,95040.94,9.98566
2025-04-25 19:47:00+00:00,95040.94,95066.99,95040.94,95054.22,5.82376
2025-04-25 19:48:00+00:00,95054.21,95054.22,95009.37,95015.81,8.48175
2025-04-25 19:49:00+00:00,95015.8,95036.65,94992.9,95036.65,9.61827
2025-04-25 19:50:00+00:00,95036.65,95126.33,95036.65,95125.83,16.31287
2025-04-25 19:51:00+00:00,95125.83,95125.84,95103.28,95109.07,4.31199
2025-04-25 19:52:00+00:00,95109.07,95121.11,95081.28,95121.09,48.49468
2025-04-25 19:53:00+00:00,95121.1,95142.86,95089.97,95097.22,13.20124
2025-04-25 19:54:00+00:00,95097.22,95232.0,95097.21,95231.99,14.44177
2025-04-25 19:55:00+00:00,95231.99,95232.0,95144.0,95145.95,18.20127
2025-04-25 19:56:00+00:00,95145.94,95203.49,95140.92,95201.41,7.97668
2025-04-25 19:57:00+00:00,95201.41,95242.86,95149.25,95242.85,21.19828
2025-04-25 19:58:00+00:00,95242.85,95249.99,95233.45,95235.87,11.24836
2025-04-25 19:59:00+00:00,95235.87,95318.26,95217.39,95291.0,55.52523
2025-04-25 20:00:00+00:00,95291.0,95307.03,95275.34,95295.33,47.22699
2025-04-25 20:01:00+00:00,95295.33,95345.45,95295.33,95302.35,20.65782
2025-04-25 20:02:00+00:00,95302.34,95302.35,95244.0,95244.0,14.9575
2025-04-25 20:03:00+00:00,95244.0,95244.01,95197.8,95197.81,10.88484
2025-04-25 20:04:00+00:00,95197.81,95255.63,95197.8,95243.17,4.55529
2025-04-25 20:05:00+00:00,95243.17,95314.5,95211.2,95280.64,9.24409
2025-04-25 20:06:00+00:00,95280.64,95280.64,95260.77,95267.53,4.67757
2025-04-25 20:07:00+00:00,95267.53,95267.53,95181.85,95187.77,5.08051
2025-04-25 20:08:00+00:00,95187.76,95187.77,95130.43,95138.63,28.63935
2025-04-25 20:09:00+00:00,95138.64,95169.29,95138.63,95167.53,3.06483
2025-04-25 20:10:00+00:00,95167.52,95167.52,95117.94,95123.93,5.07388
2025-04-25 20:11:00+00:00,95123.92,95123.93,95100.0,95100.0,15.0403
2025-04-25 20:12:00+00:00,95099.98,95115.78,95099.98,95110.01,6.54733
2025-04-25 20:13:00+00:00,95110.0,95110.01,95050.16,95058.49,8.60033
2025-04-25 20:14:00+00:00,95058.49,95058.49,95043.47,95052.17,5.10216
2025-04-25 20:15:00+00:00,95052.17,95077.5,95052.16,95066.48,7.62558
2025-04-25 20:16:00+00:00,95066.47,95066.48,95066.47,95066.47,0.56619
2025-04-25 20:17:00+00:00,95066.48,95066.48,95006.29,95019.29,8.63951
2025-04-25 20:18:00+00:00,95019.29,95052.0,95003.21,95049.49,4.29173
2025-04-25 20:19:00+00:00,95049.49,95067.0,95049.48,95066.99,9.57211
2025-04-25 20:20:00+00:00,95067.0,95098.36,95060.11,95073.04,4.07042
2025-04-25 20:21:00+00:00,95073.04,95086.95,95025.0,95025.01,12.32701
2025-04-25 20:22:00+00:00,95025.0,95025.01,95014.78,95025.0,2.2098
2025-04-25 20:23:00+00:00,95025.0,95040.0,94933.47,94949.99,23.28899
2025-04-25 20:24:00+00:00,94950.0,94973.3,94913.27,94973.3,40.28071
2025-04-25 20:25:00+00:00,94973.3,95013.9,94963.8,95005.03,22.29859
2025-04-25 20:26:00+00:00,95003.99,95003.99,94963.5,94966.42,11.23239
2025-04-25 20:27:00+00:00,94966.41,94969.34,94947.06,94954.23,3.32219
2025-04-25 20:28:00+00:00,94954.23,94956.53,94942.85,94956.53,2.24047
2025-04-25 20:29:00+00:00,94956.53,94971.66,94945.72,94966.17,4.5273
2025-04-25 20:30:00+00:00,94966.17,95004.4,94966.16,95004.37,6.88489
2025-04-25 20:31:00+00:00,95004.36,95024.0,94993.25,95002.6,5.92398
2025-04-25 20:32:00+00:00,95002.6,95012.6,95002.6,95012.59,2.34429
2025-04-25 20:33:00+00:00,95012.59,95012.6,95007.41,95007.41,1.85857
2025-04-25 20:34:00+00:00,95007.42,95017.38,95002.6,95002.6,3.93927
2025-04-25 20:35:00+00:00,95002.6,95012.9,94924.0,94924.01,6.74117
2025-04-25 20:36:00+00:00,94924.01,94924.01,94869.56,94893.73,10.94049
2025-04-25 20:37:00+00:00,94893.73,94946.59,94893.72,94904.26,19.19454
2025-04-25 20:38:00+00:00,94904.26,94910.8,94883.3,94893.43,4.46085
2025-04-25 20:39:00+00:00,94893.43,94913.05,94893.42,94904.8,5.02781
2025-04-25 20:40:00+00:00,94904.77,94904.77,94812.31,94814.14,8.92243
2025-04-25 20:41:00+00:00,94814.14,94844.19,94805.18,94832.62,15.92677
2025-04-25 20:42:00+00:00,94832.62,94841.29,94832.61,94841.29,1.80466
2025-04-25 20:43:00+00:00,94841.31,94847.48,94814.81,94814.81,1.68369
2025-04-25 20:44:00+00:00,94814.81,94814.82,94777.0,94777.01,5.89178
2025-04-25 20:45:00+00:00,94777.0,94852.32,94777.0,94852.31,6.67496
2025-04-25 20:46:00+00:00,94852.31,94852.32,94820.88,94820.88,14.69688
2025-04-25 20:47:00+00:00,94820.88,94850.64,94820.88,94850.64,2.64441
2025-04-25 20:48:00+00:00,94850.64,94882.23,94850.63,94882.22,3.39544
2025-04-25 20:49:00+00:00,94882.22,94882.23,94850.63,94877.27,14.60968
2025-04-25 20:50:00+00:00,94877.27,94877.27,94855.72,94868.0,6.61344
2025-04-25 20:51:00+00:00,94868.0,94916.74,94868.0,94910.51,6.19279
2025-04-25 20:52:00+00:00,94910.52,94942.24,94910.51,94934.48,8.89013
2025-04-25 20:53:00+00:00,94934.49,94934.49,94918.63,94918.64,4.01162
2025-04-25 20:54:00+00:00,94918.64,94918.64,94869.67,94869.67,3.35217
2025-04-25 20:55:00+00:00,94869.67,94875.74,94850.63,94875.74,3.52915
2025-04-25 20:56:00+00:00,94875.74,94897.89,94875.73,94897.89,1.2623
2025-04-25 20:57:00+00:00,94897.89,94897.89,94877.11,94883.31,2.30903
2025-04-25 20:58:00+00:00,94883.32,94904.68,94883.31,94904.67,4.54809
2025-04-25 20:59:00+00:00,94904.67,94943.99,94869.56,94869.57,7.63719
2025-04-25 21:00:00+00:00,94869.57,94869.57,94809.73,94809.73,3.51103
2025-04-25 21:01:00+00:00,94809.74,94837.93,94809.73,94837.93,2.45726
2025-04-25 21:02:00+00:00,94837.93,94907.51,94837.92,94907.5,3.35789
2025-04-25 21:03:00+00:00,94907.51,94929.24,94907.5,94919.39,7.54384
2025-04-25 21:04:00+00:00,94919.39,94930.64,94919.38,94930.63,1.45675
2025-04-25 21:05:00+00:00,94930.64,94952.39,94930.63,94952.39,4.13424
2025-04-25 21:06:00+00:00,94952.38,94952.39,94952.38,94952.38,0.76653
2025-04-25 21:07:00+00:00,94952.38,95005.91,94952.38,95005.91,8.58019
2025-04-25 21:08:00+00:00,95005.9,95018.43,94999.99,95018.42,7.1428
2025-04-25 21:09:00+00:00,95018.42,95018.43,95010.96,95018.43,7.71301
2025-04-25 21:10:00+00:00,95018.42,95018.43,95018.42,95018.42,0.91029
2025-04-25 21:11:00+00:00,95018.43,95034.36,95010.69,95014.39,12.19755
2025-04-25 21:12:00+00:00,95014.38,95014.39,94956.52,94956.52,4.41599
2025-04-25 21:13:00+00:00,94956.53,94960.79,94930.63,94937.49,7.6587
2025-04-25 21:14:00+00:00,94937.49,94937.5,94935.91,94935.91,1.22721
2025-04-25 21:15:00+00:00,94935.91,94942.25,94935.91,94942.25,1.93827
2025-04-25 21:16:00+00:00,94942.24,94942.25,94859.76,94864.52,5.14179
2025-04-25 21:17:00+00:00,94864.51,94883.09,94864.51,94883.08,2.38407
2025-04-25 21:18:00+00:00,94883.08,94895.05,94800.0,94800.0,21.33157
2025-04-25 21:19:00+00:00,94800.0,94846.28,94800.0,94846.27,5.37989
2025-04-25 21:20:00+00:00,94846.27,94846.28,94829.74,94829.74,4.8062
2025-04-25 21:21:00+00:00,94829.74,94829.75,94763.71,94772.98,7.51651
2025-04-25 21:22:00+00:00,94772.99,94791.3,94772.98,94773.0,6.99671
2025-04-25 21:23:00+00:00,94772.99,94773.0,94751.0,94751.0,2.93183
2025-04-25 21:24:00+00:00,94751.01,94751.01,94700.0,94700.01,11.66933
2025-04-25 21:25:00+00:00,94700.0,94700.01,94672.66,94698.75,8.7791
2025-04-25 21:26:00+00:00,94698.76,94703.49,94684.08,94703.49,3.39649
2025-04-25 21:27:00+00:00,94703.49,94703.49,94703.48,94703.48,0.98244
2025-04-25 21:28:00+00:00,94703.49,94703.49,94703.48,94703.49,1.21188
2025-04-25 21:29:00+00:00,94703.49,94703.49,94703.48,94703.49,2.58427
2025-04-25 21:30:00+00:00,94703.49,94703.49,94703.48,94703.49,4.70187
2025-04-25 21:31:00+00:00,94703.48,94703.49,94680.88,94680.89,3.20869
2025-04-25 21:32:00+00:00,94680.89,94680.89,94680.88,94680.89,2.3029
2025-04-25 21:33:00+00:00,94680.89,94782.6,94680.88,94782.6,14.47702
2025-04-25 21:34:00+00:00,94782.61,94826.09,94782.6,94810.12,5.30274
2025-04-25 21:35:00+00:00,94810.13,94844.24,94783.31,94783.32,7.51173
2025-04-25 21:36:00+00:00,94783.31,94783.32,94762.85,94762.85,2.9969
2025-04-25 21:37:00+00:00,94762.86,94762.86,94739.13,94739.14,1.08457
2025-04-25 21:38:00+00:00,94739.13,94739.13,94717.52,94717.52,1.33357
2025-04-25 21:39:00+00:00,94717.52,94717.53,94667.25,94670.55,8.90571
2025-04-25 21:40:00+00:00,94670.56,94726.35,94670.56,94726.35,6.61093
2025-04-25 21:41:00+00:00,94726.35,94730.42,94675.17,94675.17,4.7647
2025-04-25 21:42:00+00:00,94675.18,94730.42,94675.17,94698.7,4.83602
2025-04-25 21:43:00+00:00,94698.71,94705.25,94681.14,94681.15,6.12806
2025-04-25 21:44:00+00:00,94681.14,94750.0,94681.14,94715.03,3.09616
2025-04-25 21:45:00+00:00,94715.03,94805.85,94701.49,94712.21,11.31841
2025-04-25 21:46:00+00:00,94712.21,94712.22,94695.65,94695.65,4.87043
2025-04-25 21:47:00+00:00,94695.65,94695.65,94653.38,94658.69,12.2421
2025-04-25 21:48:00+00:00,94658.69,94658.7,94640.38,94640.39,4.92165
2025-04-25 21:49:00+00:00,94640.39,94640.39,94620.0,94620.0,7.73876
2025-04-25 21:50:00+00:00,94620.0,94620.01,94594.34,94594.34,3.82578
2025-04-25 21:51:00+00:00,94594.35,94594.35,94509.98,94588.63,62.09584
2025-04-25 21:52:00+00:00,94588.63,94619.05,94571.42,94578.51,9.28226
2025-04-25 21:53:00+00:00,94578.51,94602.32,94578.5,94602.32,5.24341
2025-04-25 21:54:00+00:00,94602.32,94634.24,94602.32,94634.24,3.36837
2025-04-25 21:55:00+00:00,94634.23,94634.24,94614.18,94614.18,4.68369
2025-04-25 21:56:00+00:00,94614.18,94614.19,94601.79,94601.79,1.93536
2025-04-25 21:57:00+00:00,94601.79,94601.8,94500.0,94500.0,11.62198
2025-04-25 21:58:00+00:00,94500.01,94500.01,94441.61,94494.32,39.3203
2025-04-25 21:59:00+00:00,94494.33,94608.7,94494.33,94608.69,6.81795
2025-04-25 22:00:00+00:00,94608.69,94678.97,94587.21,94678.97,9.59481
2025-04-25 22:01:00+00:00,94678.97,94678.98,94666.99,94671.35,8.36756
2025-04-25 22:02:00+00:00,94671.35,94674.54,94652.09,94652.09,1.45839
2025-04-25 22:03:00+00:00,94652.1,94690.09,94636.69,94690.08,13.77213
2025-04-25 22:04:00+00:00,94690.08,94711.22,94684.23,94684.24,13.07981
2025-04-25 22:05:00+00:00,94684.24,94728.12,94680.37,94701.91,6.9704
2025-04-25 22:06:00+00:00,94701.92,94719.91,94692.49,94719.9,7.39203
2025-04-25 22:07:00+00:00,94719.91,94719.91,94719.9,94719.91,1.59527
2025-04-25 22:08:00+00:00,94719.9,94749.4,94719.9,94749.4,2.69054
2025-04-25 22:09:00+00:00,94749.39,94749.4,94736.64,94741.91,7.86424
2025-04-25 22:10:00+00:00,94741.9,94770.36,94741.9,94770.32,2.83755
2025-04-25 22:11:00+00:00,94770.33,94770.33,94744.8,94752.13,4.5207
2025-04-25 22:12:00+00:00,94752.13,94782.61,94752.13,94774.52,6.00226
2025-04-25 22:13:00+00:00,94774.51,94783.96,94774.33,94783.95,18.91706
2025-04-25 22:14:00+00:00,94783.96,94803.11,94783.95,94803.11,3.54567
2025-04-25 22:15:00+00:00,94803.11,94803.11,94750.69,94750.7,8.23059
2025-04-25 22:16:00+00:00,94750.69,94763.37,94747.74,94747.75,1.45522
2025-04-25 22:17:00+00:00,94747.75,94747.75,94721.85,94732.43,2.89808
2025-04-25 22:18:00+00:00,94732.44,94795.61,94732.43,94791.09,7.06551
2025-04-25 22:19:00+00:00,94791.09,94794.45,94780.2,94794.45,3.01487
2025-04-25 22:20:00+00:00,94794.45,94794.45,94781.52,94781.52,3.58268
2025-04-25 22:21:00+00:00,94781.52,94795.2,94781.52,94788.78,2.86294
2025-04-25 22:22:00+00:00,94788.77,94809.53,94782.6,94809.52,2.23994
2025-04-25 22:23:00+00:00,94809.53,94809.53,94805.0,94809.51,2.66338
2025-04-25 22:24:00+00:00,94809.52,94809.52,94808.8,94808.81,4.26258
2025-04-25 22:25:00+00:00,94808.8,94826.09,94808.8,94826.08,2.22516
2025-04-25 22:26:00+00:00,94826.09,94847.2,94826.08,94847.2,1.89366
2025-04-25 22:27:00+00:00,94847.19,94869.57,94847.19,94858.35,2.88136
2025-04-25 22:28:00+00:00,94858.36,94883.47,94858.35,94883.46,3.84595
2025-04-25 22:29:00+00:00,94883.47,94894.34,94835.33,94835.33,5.56975
2025-04-25 22:30:00+00:00,94835.33,94866.47,94835.33,94866.47,3.38295
2025-04-25 22:31:00+00:00,94866.46,94866.47,94849.24,94849.25,2.38506
2025-04-25 22:32:00+00:00,94849.25,94849.25,94849.24,94849.25,1.14356
2025-04-25 22:33:00+00:00,94849.25,94869.57,94849.24,94869.57,4.31351
2025-04-25 22:34:00+00:00,94869.57,94869.57,94869.56,94869.56,0.57869
2025-04-25 22:35:00+00:00,94869.56,94931.45,94869.56,94931.44,3.98133
2025-04-25 22:36:00+00:00,94931.44,94931.45,94927.45,94931.26,7.32851
2025-04-25 22:37:00+00:00,94931.27,94940.08,94931.26,94940.07,2.38612
2025-04-25 22:38:00+00:00,94940.08,94968.94,94921.36,94921.37,9.15418
2025-04-25 22:39:00+00:00,94921.37,94940.0,94904.95,94940.0,3.26878
2025-04-25 22:40:00+00:00,94940.0,94940.0,94931.66,94938.24,1.74603
2025-04-25 22:41:00+00:00,94938.24,94955.26,94938.23,94944.99,0.71703
2025-04-25 22:42:00+00:00,94944.99,94945.0,94944.99,94945.0,0.65333
2025-04-25 22:43:00+00:00,94945.0,94945.0,94944.99,94944.99,1.6421
2025-04-25 22:44:00+00:00,94945.0,94945.0,94944.99,94945.0,0.54628
2025-04-25 22:45:00+00:00,94945.0,94956.53,94944.99,94956.53,4.50338
2025-04-25 22:46:00+00:00,94956.52,94956.53,94916.38,94916.39,4.9978
2025-04-25 22:47:00+00:00,94916.38,94916.39,94886.4,94903.56,7.3667
2025-04-25 22:48:00+00:00,94903.57,94948.0,94903.56,94948.0,1.44289
2025-04-25 22:49:00+00:00,94947.99,94948.0,94937.69,94937.69,1.39133
2025-04-25 22:50:00+00:00,94937.69,94937.7,94937.69,94937.69,0.68055
2025-04-25 22:51:00+00:00,94937.7,94937.7,94892.53,94892.54,3.30139
2025-04-25 22:52:00+00:00,94892.54,94892.54,94864.52,94878.4,5.20396
2025-04-25 22:53:00+00:00,94878.39,94878.4,94870.69,94870.69,1.05998
2025-04-25 22:54:00+00:00,94870.7,94870.7,94861.03,94861.03,1.61527
2025-04-25 22:55:00+00:00,94861.03,94877.98,94861.03,94877.97,4.74618
2025-04-25 22:56:00+00:00,94877.97,94877.98,94877.97,94877.97,1.12034
2025-04-25 22:57:00+00:00,94877.97,94877.98,94850.0,94850.0,2.69335
2025-04-25 22:58:00+00:00,94850.01,94850.01,94850.0,94850.0,1.60912
2025-04-25 22:59:00+00:00,94850.0,94850.01,94850.0,94850.0,1.75074
2025-04-25 23:00:00+00:00,94850.01,94875.99,94850.0,94875.98,2.23801
2025-04-25 23:01:00+00:00,94875.98,94875.98,94843.55,94847.82,5.20782
2025-04-25 23:02:00+00:00,94847.82,94847.82,94832.47,94832.47,1.99292
2025-04-25 23:03:00+00:00,94832.47,94832.48,94801.79,94806.53,5.21294
2025-04-25 23:04:00+00:00,94806.53,94822.36,94806.53,94822.35,0.85211
2025-04-25 23:05:00+00:00,94822.36,94826.09,94790.38,94790.38,13.44511
2025-04-25 23:06:00+00:00,94790.39,94855.18,94773.79,94845.55,4.99505
2025-04-25 23:07:00+00:00,94845.55,94913.05,94840.41,94913.04,3.42875
2025-04-25 23:08:00+00:00,94913.04,94924.0,94906.78,94923.99,5.33558
2025-04-25 23:09:00+00:00,94923.99,94956.53,94923.99,94956.52,12.63998
2025-04-25 23:10:00+00:00,94956.53,94973.4,94956.52,94956.52,17.29819
2025-04-25 23:11:00+00:00,94956.52,94956.52,94920.0,94920.01,15.96409
2025-04-25 23:12:00+00:00,94920.0,94920.0,94886.62,94886.62,4.19136
2025-04-25 23:13:00+00:00,94886.62,94886.63,94880.75,94884.52,1.21091
2025-04-25 23:14:00+00:00,94884.52,94884.53,94847.74,94847.74,6.59773
2025-04-25 23:15:00+00:00,94847.74,94847.75,94797.32,94797.33,9.41681
2025-04-25 23:16:00+00:00,94797.33,94797.33,94722.55,94722.56,24.87911
2025-04-25 23:17:00+00:00,94722.55,94759.0,94722.55,94749.52,4.75476
2025-04-25 23:18:00+00:00,94749.51,94759.99,94749.51,94759.98,1.94465
2025-04-25 23:19:00+00:00,94759.99,94778.51,94759.98,94778.51,0.52664
2025-04-25 23:20:00+00:00,94778.5,94778.51,94735.57,94735.57,4.03431
2025-04-25 23:21:00+00:00,94735.57,94735.57,94722.55,94734.87,2.03858
2025-04-25 23:22:00+00:00,94734.88,94734.88,94712.48,94712.48,12.14556
2025-04-25 23:23:00+00:00,94712.36,94718.0,94700.0,94718.0,3.35807
2025-04-25 23:24:00+00:00,94717.99,94718.0,94684.98,94684.98,4.86553
2025-04-25 23:25:00+00:00,94684.99,94692.5,94639.94,94669.07,11.15262
2025-04-25 23:26:00+00:00,94669.06,94695.66,94664.61,94695.65,5.17912
2025-04-25 23:27:00+00:00,94695.66,94739.14,94695.66,94725.7,39.07377
2025-04-25 23:28:00+00:00,94725.71,94725.71,94717.41,94717.42,3.23731
2025-04-25 23:29:00+00:00,94717.41,94739.14,94717.41,94734.44,3.12053
2025-04-25 23:30:00+00:00,94734.45,94734.45,94641.3,94641.3,18.99635
2025-04-25 23:31:00+00:00,94641.3,94651.44,94629.0,94647.38,5.13698
2025-04-25 23:32:00+00:00,94647.39,94652.17,94629.0,94629.0,1.67641
2025-04-25 23:33:00+00:00,94629.0,94641.45,94629.0,94641.44,5.08248
2025-04-25 23:34:00+00:00,94641.44,94641.45,94632.18,94632.18,1.88274
2025-04-25 23:35:00+00:00,94632.18,94674.79,94632.18,94657.33,11.12892
2025-04-25 23:36:00+00:00,94657.03,94686.87,94657.02,94686.87,2.18816
2025-04-25 23:37:00+00:00,94686.86,94712.54,94686.86,94712.53,1.66104
2025-04-25 23:38:00+00:00,94712.54,94712.54,94674.55,94674.56,3.83638
2025-04-25 23:39:00+00:00,94674.56,94674.56,94653.3,94653.3,2.85868
2025-04-25 23:40:00+00:00,94653.3,94653.31,94645.0,94645.0,1.15648
2025-04-25 23:41:00+00:00,94645.0,94761.9,94640.72,94761.9,9.85902
2025-04-25 23:42:00+00:00,94761.91,94771.54,94652.17,94675.0,18.607
2025-04-25 23:43:00+00:00,94675.0,94747.54,94674.31,94742.79,7.31604
2025-04-25 23:44:00+00:00,94742.8,94759.64,94742.79,94759.63,1.10605
2025-04-25 23:45:00+00:00,94759.64,94759.64,94748.03,94748.03,2.21278
2025-04-25 23:46:00+00:00,94748.03,94748.04,94728.87,94728.87,2.69161
2025-04-25 23:47:00+00:00,94728.87,94734.83,94728.87,94734.83,1.49459
2025-04-25 23:48:00+00:00,94734.82,94734.83,94706.2,94706.2,2.80571
2025-04-25 23:49:00+00:00,94706.2,94729.67,94696.78,94729.66,3.56641
2025-04-25 23:50:00+00:00,94729.66,94729.67,94695.65,94695.65,1.76127
2025-04-25 23:51:00+00:00,94695.65,94721.99,94695.65,94721.98,1.4458
2025-04-25 23:52:00+00:00,94721.99,94721.99,94721.98,94721.99,0.26865
2025-04-25 23:53:00+00:00,94721.99,94721.99,94715.38,94715.38,2.15678
2025-04-25 23:54:00+00:00,94715.39,94718.42,94704.2,94718.41,2.87439
2025-04-25 23:55:00+00:00,94718.41,94718.42,94611.38,94628.7,38.43207
2025-04-25 23:56:00+00:00,94628.71,94628.86,94609.25,94619.46,4.51674
2025-04-25 23:57:00+00:00,94619.46,94698.26,94617.6,94691.07,14.23626
2025-04-25 23:58:00+00:00,94691.06,94691.07,94653.56,94653.56,6.61709
2025-04-25 23:59:00+00:00,94653.56,94673.43,94633.01,94638.68,15.20701
2025-04-26 00:00:00+00:00,94638.68,94652.18,94627.15,94636.51,2.70518
2025-04-26 00:01:00+00:00,94636.51,94695.66,94636.51,94695.65,10.56375
2025-04-26 00:02:00+00:00,94695.66,94734.5,94685.79,94722.86,5.97417
2025-04-26 00:03:00+00:00,94722.86,94792.31,94722.86,94767.6,33.02396
2025-04-26 00:04:00+00:00,94767.6,94770.0,94766.72,94770.0,2.32243
2025-04-26 00:05:00+00:00,94769.99,94799.0,94753.53,94763.93,42.0128
2025-04-26 00:06:00+00:00,94763.93,94800.0,94763.93,94800.0,26.93881
2025-04-26 00:07:00+00:00,94799.99,94800.0,94763.07,94763.08,2.92221
2025-04-26 00:08:00+00:00,94763.07,94763.08,94762.34,94762.35,1.60852
2025-04-26 00:09:00+00:00,94762.35,94790.7,94762.34,94767.23,4.84889
2025-04-26 00:10:00+00:00,94767.22,94800.0,94764.99,94765.0,3.45398
2025-04-26 00:11:00+00:00,94764.99,94765.0,94700.01,94716.83,5.47362
2025-04-26 00:12:00+00:00,94716.83,94782.61,94704.35,94782.6,4.23278
2025-04-26 00:13:00+00:00,94782.6,94794.81,94762.5,94794.8,5.32953
2025-04-26 00:14:00+00:00,94794.8,94800.0,94780.01,94795.91,4.52842
2025-04-26 00:15:00+00:00,94795.91,94795.91,94753.61,94753.62,7.70399
2025-04-26 00:16:00+00:00,94753.61,94753.62,94724.17,94724.18,2.95274
2025-04-26 00:17:00+00:00,94724.17,94724.18,94701.75,94702.88,7.30005
2025-04-26 00:18:00+00:00,94702.89,94779.99,94702.89,94775.24,6.77871
2025-04-26 00:19:00+00:00,94775.25,94798.21,94741.03,94798.2,32.22021
2025-04-26 00:20:00+00:00,94798.2,94798.21,94760.0,94760.0,5.70857
2025-04-26 00:21:00+00:00,94760.0,94760.0,94741.3,94743.04,10.34352
2025-04-26 00:22:00+00:00,94743.03,94743.04,94642.57,94704.28,9.1804
2025-04-26 00:23:00+00:00,94704.28,94782.61,94694.94,94782.6,28.72097
2025-04-26 00:24:00+00:00,94782.6,94800.0,94782.6,94800.0,10.22689
2025-04-26 00:25:00+00:00,94800.0,94810.0,94799.99,94800.0,28.55475
2025-04-26 00:26:00+00:00,94799.99,94799.99,94780.47,94781.12,15.67465
2025-04-26 00:27:00+00:00,94781.13,94790.0,94759.56,94759.56,63.79495
2025-04-26 00:28:00+00:00,94759.56,94759.57,94708.17,94730.33,11.51191
2025-04-26 00:29:00+00:00,94730.33,94730.34,94705.99,94706.0,15.53706
2025-04-26 00:30:00+00:00,94705.99,94706.0,94688.0,94688.55,6.45036
2025-04-26 00:31:00+00:00,94688.55,94728.77,94684.24,94684.24,6.63434
2025-04-26 00:32:00+00:00,94684.24,94696.51,94660.57,94662.35,9.00149
2025-04-26 00:33:00+00:00,94662.35,94683.21,94625.96,94672.34,47.79661
2025-04-26 00:34:00+00:00,94672.34,94672.34,94608.9,94609.45,153.49181
2025-04-26 00:35:00+00:00,94609.45,94685.2,94609.44,94652.8,63.89601
2025-04-26 00:36:00+00:00,94652.8,94684.8,94652.79,94660.76,10.43739
2025-04-26 00:37:00+00:00,94660.75,94660.76,94638.6,94645.93,3.3372
2025-04-26 00:38:00+00:00,94645.94,94652.18,94636.91,94643.66,10.38332
2025-04-26 00:39:00+00:00,94643.67,94676.28,94620.08,94620.08,50.2642
2025-04-26 00:40:00+00:00,94620.09,94642.63,94620.08,94642.62,6.50286
2025-04-26 00:41:00+00:00,94642.63,94652.18,94617.33,94652.18,25.97545
2025-04-26 00:42:00+00:00,94652.18,94664.5,94580.35,94593.54,54.14368
2025-04-26 00:43:00+00:00,94593.82,94602.67,94550.0,94554.99,58.85521
2025-04-26 00:44:00+00:00,94554.99,94571.53,94539.5,94542.0,29.83718
2025-04-26 00:45:00+00:00,94541.8,94666.66,94527.84,94666.66,62.86657
2025-04-26 00:46:00+00:00,94666.67,94782.61,94666.67,94782.6,23.43189
2025-04-26 00:47:00+00:00,94782.61,94904.77,94779.08,94890.0,47.41807
2025-04-26 00:48:00+00:00,94889.99,94890.0,94830.02,94830.02,69.52485
2025-04-26 00:49:00+00:00,94830.02,94842.12,94814.2,94840.0,11.80188
2025-04-26 00:50:00+00:00,94839.99,94851.91,94811.45,94837.26,20.0429
2025-04-26 00:51:00+00:00,94837.27,94850.15,94834.96,94834.96,2.43865
2025-04-26 00:52:00+00:00,94834.97,94834.97,94815.2,94815.21,20.16337
2025-04-26 00:53:00+00:00,94815.2,94844.15,94796.78,94844.14,46.14079
2025-04-26 00:54:00+00:00,94844.14,94928.57,94844.14,94928.57,8.86722
2025-04-26 00:55:00+00:00,94928.57,94928.66,94879.7,94880.0,71.71922
2025-04-26 00:56:00+00:00,94880.0,94889.87,94865.74,94885.31,13.89828
2025-04-26 00:57:00+00:00,94885.3,94933.46,94877.14,94933.46,8.24191
2025-04-26 00:58:00+00:00,94933.46,94935.97,94872.75,94872.75,35.86864
2025-04-26 00:59:00+00:00,94872.76,94890.47,94872.75,94880.69,5.64089
2025-04-26 01:00:00+00:00,94880.68,94901.6,94869.56,94869.57,9.75462
2025-04-26 01:01:00+00:00,94869.57,94876.31,94858.27,94858.28,4.91939
2025-04-26 01:02:00+00:00,94858.28,94858.28,94826.08,94826.08,6.11511
2025-04-26 01:03:00+00:00,94826.09,94826.09,94809.88,94814.55,3.72366
2025-04-26 01:04:00+00:00,94814.56,94814.56,94814.55,94814.55,0.94581
2025-04-26 01:05:00+00:00,94814.56,94814.56,94788.86,94788.87,8.09656
2025-04-26 01:06:00+00:00,94788.87,94788.87,94751.12,94761.97,4.50394
2025-04-26 01:07:00+00:00,94761.97,94888.0,94761.97,94888.0,12.49005
2025-04-26 01:08:00+00:00,94887.99,94952.39,94887.99,94947.98,32.28174
2025-04-26 01:09:00+00:00,94947.64,94956.54,94941.39,94948.94,7.19962
2025-04-26 01:10:00+00:00,94948.94,94948.94,94920.04,94920.05,4.48637
2025-04-26 01:11:00+00:00,94920.05,94931.35,94899.26,94905.22,8.94742
2025-04-26 01:12:00+00:00,94905.21,94905.22,94885.66,94885.66,6.72021
2025-04-26 01:13:00+00:00,94885.66,94885.67,94874.43,94883.77,3.07123
2025-04-26 01:14:00+00:00,94883.76,94883.77,94875.87,94882.6,5.11557
2025-04-26 01:15:00+00:00,94882.59,94882.6,94857.14,94876.45,6.18769
2025-04-26 01:16:00+00:00,94876.46,94888.95,94838.85,94888.95,10.68087
2025-04-26 01:17:00+00:00,94888.94,94952.39,94888.94,94952.39,21.71873
2025-04-26 01:18:00+00:00,94952.38,94956.53,94940.97,94956.52,3.12167
2025-04-26 01:19:00+00:00,94956.53,94996.06,94956.52,94995.67,8.26149
2025-04-26 01:20:00+00:00,94995.68,95086.96,94995.67,95068.2,37.66116
2025-04-26 01:21:00+00:00,95068.2,95068.21,95005.43,95029.96,9.86939
2025-04-26 01:22:00+00:00,95029.96,95058.29,95019.32,95056.58,8.6751
2025-04-26 01:23:00+00:00,95056.57,95086.96,95055.39,95060.0,13.71627
2025-04-26 01:24:00+00:00,95060.0,95068.71,95060.0,95060.72,3.15434
2025-04-26 01:25:00+00:00,95060.72,95062.91,95050.74,95062.9,3.42754
2025-04-26 01:26:00+00:00,95062.9,95062.91,95050.74,95050.75,3.1737
2025-04-26 01:27:00+00:00,95050.74,95050.75,95009.89,95043.47,4.36673
2025-04-26 01:28:00+00:00,95043.47,95043.48,95004.0,95004.0,2.46727
2025-04-26 01:29:00+00:00,95004.0,95004.01,95004.0,95004.01,1.62408
2025-04-26 01:30:00+00:00,95004.01,95063.4,95004.0,95063.4,14.50316
2025-04-26 01:31:00+00:00,95063.4,95082.66,95063.39,95082.65,1.87511
2025-04-26 01:32:00+00:00,95082.65,95089.93,95076.69,95089.93,11.78032
2025-04-26 01:33:00+00:00,95089.92,95116.82,95089.92,95116.81,8.24922
2025-04-26 01:34:00+00:00,95116.82,95169.45,95104.51,95160.0,19.54412
2025-04-26 01:35:00+00:00,95160.0,95190.48,95160.0,95188.91,12.39817
2025-04-26 01:36:00+00:00,95188.91,95198.01,95162.36,95186.41,20.22697
2025-04-26 01:37:00+00:00,95186.41,95199.0,95186.41,95186.42,7.59427
2025-04-26 01:38:00+00:00,95186.41,95186.42,95131.1,95157.47,34.90875
2025-04-26 01:39:00+00:00,95157.47,95170.38,95086.95,95086.96,16.24128
2025-04-26 01:40:00+00:00,95086.96,95086.96,95033.24,95043.47,14.29364
2025-04-26 01:41:00+00:00,95043.47,95100.0,95043.47,95099.99,3.7909
2025-04-26 01:42:00+00:00,95100.0,95107.77,95073.1,95086.96,5.45155
2025-04-26 01:43:00+00:00,95086.95,95086.96,95052.61,95052.62,2.45311
2025-04-26 01:44:00+00:00,95052.62,95052.62,95043.45,95043.46,2.84841
2025-04-26 01:45:00+00:00,95043.45,95043.46,95006.01,95006.02,14.91445
2025-04-26 01:46:00+00:00,95006.02,95034.2,95006.01,95034.19,4.57396
2025-04-26 01:47:00+00:00,95034.19,95034.19,95006.53,95015.25,5.78399
2025-04-26 01:48:00+00:00,95015.26,95026.54,95006.58,95006.59,4.52424
2025-04-26 01:49:00+00:00,95006.59,95014.75,95006.58,95007.45,1.39092
2025-04-26 01:50:00+00:00,95007.46,95093.33,95007.45,95093.32,5.69488
2025-04-26 01:51:00+00:00,95093.32,95119.1,95093.32,95110.03,6.30825
2025-04-26 01:52:00+00:00,95110.03,95110.03,95050.61,95050.61,2.39217
2025-04-26 01:53:00+00:00,95050.62,95057.66,95050.61,95051.77,3.69671
2025-04-26 01:54:00+00:00,95051.77,95051.78,95023.04,95023.04,5.47507
2025-04-26 01:55:00+00:00,95023.05,95026.92,95023.04,95026.9,3.92247
2025-04-26 01:56:00+00:00,95026.9,95041.17,95026.9,95030.94,4.50317
2025-04-26 01:57:00+00:00,95030.95,95030.95,95028.38,95028.39,1.87941
2025-04-26 01:58:00+00:00,95028.38,95028.39,94990.8,95016.24,6.92118
2025-04-26 01:59:00+00:00,95016.25,95027.11,95013.14,95013.14,2.7398
2025-04-26 02:00:00+00:00,95013.15,95013.15,94960.32,94960.33,7.77461
2025-04-26 02:01:00+00:00,94960.32,94973.96,94923.9,94923.9,10.4779
2025-04-26 02:02:00+00:00,94923.91,94923.91,94869.56,94900.0,16.99249
2025-04-26 02:03:00+00:00,94899.99,94900.5,94881.81,94881.82,3.99907
2025-04-26 02:04:00+00:00,94881.82,94881.82,94880.72,94880.73,1.00582
2025-04-26 02:05:00+00:00,94880.73,94913.05,94880.72,94908.06,8.81593
2025-04-26 02:06:00+00:00,94908.06,94908.06,94871.68,94871.69,5.56922
2025-04-26 02:07:00+00:00,94871.69,94871.69,94856.84,94856.85,7.18677
2025-04-26 02:08:00+00:00,94856.84,94866.28,94856.84,94861.54,9.85157
2025-04-26 02:09:00+00:00,94861.53,94888.5,94861.53,94883.47,2.60601
2025-04-26 02:10:00+00:00,94883.47,94883.48,94875.64,94883.47,14.25615
2025-04-26 02:11:00+00:00,94883.48,94883.48,94852.0,94852.0,3.17497
2025-04-26 02:12:00+00:00,94852.01,94852.01,94799.0,94799.0,16.41952
2025-04-26 02:13:00+00:00,94799.01,94799.01,94770.74,94770.75,1.79525
2025-04-26 02:14:00+00:00,94770.75,94785.77,94770.74,94772.64,6.99447
2025-04-26 02:15:00+00:00,94772.63,94785.76,94772.63,94772.65,15.7165
2025-04-26 02:16:00+00:00,94772.65,94772.65,94761.9,94761.9,3.68034
2025-04-26 02:17:00+00:00,94761.9,94761.91,94699.11,94699.11,18.22883
2025-04-26 02:18:00+00:00,94699.12,94724.74,94699.11,94720.5,4.37082
2025-04-26 02:19:00+00:00,94720.5,94800.0,94720.49,94764.06,7.7541
2025-04-26 02:20:00+00:00,94764.05,94796.0,94764.05,94795.99,3.52693
2025-04-26 02:21:00+00:00,94796.0,94819.95,94780.92,94806.12,15.97506
2025-04-26 02:22:00+00:00,94806.13,94819.37,94791.9,94791.9,14.12365
2025-04-26 02:23:00+00:00,94791.91,94818.5,94785.6,94818.5,11.30425
2025-04-26 02:24:00+00:00,94818.49,94858.88,94818.49,94850.09,3.99661
2025-04-26 02:25:00+00:00,94850.09,94851.54,94850.08,94851.53,0.94707
2025-04-26 02:26:00+00:00,94851.54,94899.99,94851.53,94899.99,16.7785
2025-04-26 02:27:00+00:00,94899.98,94900.6,94879.2,94900.6,9.9589
2025-04-26 02:28:00+00:00,94900.6,94900.6,94879.2,94899.99,15.52288
2025-04-26 02:29:00+00:00,94899.99,94899.99,94881.31,94881.31,4.91217
2025-04-26 02:30:00+00:00,94881.31,94881.65,94857.53,94881.65,2.79573
2025-04-26 02:31:00+00:00,94881.65,94881.65,94849.53,94849.54,2.62755
2025-04-26 02:32:00+00:00,94849.54,94869.57,94839.85,94869.56,2.46546
2025-04-26 02:33:00+00:00,94869.56,94904.77,94869.56,94904.76,2.87899
2025-04-26 02:34:00+00:00,94904.77,94904.77,94904.76,94904.76,0.61457
2025-04-26 02:35:00+00:00,94904.76,94913.05,94904.76,94913.05,3.62678
2025-04-26 02:36:00+00:00,94913.04,94979.56,94913.04,94979.55,10.1766
2025-04-26 02:37:00+00:00,94979.55,94992.36,94969.99,94979.56,11.65279
2025-04-26 02:38:00+00:00,94979.55,94979.56,94970.0,94970.0,2.02367
2025-04-26 02:39:00+00:00,94970.0,94979.51,94970.0,94979.5,2.50208
2025-04-26 02:40:00+00:00,94979.5,95000.01,94979.5,95000.0,8.71644
2025-04-26 02:41:00+00:00,95000.0,95000.01,95000.0,95000.0,0.76476
2025-04-26 02:42:00+00:00,95000.0,95106.54,95000.0,95106.53,24.31448
2025-04-26 02:43:00+00:00,95106.53,95157.73,95103.04,95137.39,6.58778
2025-04-26 02:44:00+00:00,95137.38,95137.38,95086.95,95086.95,7.87752
2025-04-26 02:45:00+00:00,95086.96,95086.96,95060.98,95064.44,3.63474
2025-04-26 02:46:00+00:00,95064.44,95086.96,95064.43,95086.96,3.83462
2025-04-26 02:47:00+00:00,95086.96,95086.96,95077.27,95085.2,3.54481
2025-04-26 02:48:00+00:00,95085.2,95085.21,95065.94,95065.94,1.58619
2025-04-26 02:49:00+00:00,95065.94,95065.95,95000.0,95000.0,5.11011
2025-04-26 02:50:00+00:00,95000.0,95000.01,94960.0,94960.01,9.63517
2025-04-26 02:51:00+00:00,94960.0,95016.09,94953.28,95016.08,5.77765
2025-04-26 02:52:00+00:00,95016.08,95056.74,95016.08,95020.22,2.94978
2025-04-26 02:53:00+00:00,95020.22,95034.72,95020.22,95034.72,1.11866
2025-04-26 02:54:00+00:00,95034.72,95043.48,95034.71,95043.47,2.39685
2025-04-26 02:55:00+00:00,95043.47,95082.4,95043.47,95064.48,2.96135
2025-04-26 02:56:00+00:00,95064.48,95064.48,95044.58,95044.59,3.66438
2025-04-26 02:57:00+00:00,95044.59,95055.75,95043.26,95043.26,21.55031
2025-04-26 02:58:00+00:00,95043.26,95043.27,95030.63,95030.63,2.15985
2025-04-26 02:59:00+00:00,95030.63,95030.64,95000.0,95000.0,2.90781
2025-04-26 03:00:00+00:00,95000.0,95000.01,94973.34,94986.05,3.98548
2025-04-26 03:01:00+00:00,94986.05,95000.0,94975.24,95000.0,3.09657
2025-04-26 03:02:00+00:00,95000.0,95059.67,94999.99,95059.66,2.84591
2025-04-26 03:03:00+00:00,95059.66,95059.67,95031.33,95031.33,2.45323
2025-04-26 03:04:00+00:00,95031.33,95038.99,94956.52,94956.52,7.943
2025-04-26 03:05:00+00:00,94956.53,94956.53,94923.53,94923.86,3.23101
2025-04-26 03:06:00+00:00,94923.87,94991.27,94923.87,94960.88,4.17475
2025-04-26 03:07:00+00:00,94960.87,94960.88,94913.04,94913.05,5.15432
2025-04-26 03:08:00+00:00,94913.04,94956.53,94913.04,94956.52,2.34649
2025-04-26 03:09:00+00:00,94956.52,94978.66,94938.91,94976.05,3.29262
2025-04-26 03:10:00+00:00,94976.05,95028.01,94976.05,95011.03,6.9399
2025-04-26 03:11:00+00:00,95011.03,95015.99,95000.01,95013.33,6.21791
2025-04-26 03:12:00+00:00,95013.33,95013.34,95008.77,95008.78,0.64219
2025-04-26 03:13:00+00:00,95008.78,95008.78,95004.76,95004.77,0.55576
2025-04-26 03:14:00+00:00,95004.76,95004.77,94996.44,94996.6,6.08689
2025-04-26 03:15:00+00:00,94996.59,94996.6,94956.52,94956.53,4.20025
2025-04-26 03:16:00+00:00,94956.53,94956.53,94932.58,94932.58,1.43522
2025-04-26 03:17:00+00:00,94932.59,94932.59,94818.5,94818.5,7.51309
2025-04-26 03:18:00+00:00,94818.51,94838.44,94818.5,94838.43,7.2314
2025-04-26 03:19:00+00:00,94838.44,94859.06,94838.43,94851.66,3.0492
2025-04-26 03:20:00+00:00,94851.66,94851.66,94776.26,94776.26,8.26237
2025-04-26 03:21:00+00:00,94776.26,94831.35,94776.26,94831.35,13.24022
2025-04-26 03:22:00+00:00,94831.35,94835.98,94810.5,94824.64,2.24161
2025-04-26 03:23:00+00:00,94824.64,94888.24,94824.64,94874.72,3.18277
2025-04-26 03:24:00+00:00,94874.73,94874.73,94850.18,94850.19,1.67908
2025-04-26 03:25:00+00:00,94850.19,94850.19,94820.0,94832.4,2.80802
2025-04-26 03:26:00+00:00,94832.41,94832.41,94812.31,94816.71,1.93903
2025-04-26 03:27:00+00:00,94816.7,94839.99,94816.7,94839.98,1.51935
2025-04-26 03:28:00+00:00,94839.98,94839.99,94761.78,94761.78,8.9393
2025-04-26 03:29:00+00:00,94761.75,94793.35,94758.43,94793.34,4.52311
2025-04-26 03:30:00+00:00,94793.34,94793.35,94772.4,94772.4,2.42809
2025-04-26 03:31:00+00:00,94772.41,94772.41,94761.9,94761.9,0.9013
2025-04-26 03:32:00+00:00,94761.9,94761.91,94746.14,94746.15,4.14889
2025-04-26 03:33:00+00:00,94746.15,94746.15,94746.14,94746.15,1.29899
2025-04-26 03:34:00+00:00,94746.15,94761.9,94746.14,94757.16,4.80192
2025-04-26 03:35:00+00:00,94757.16,94760.19,94757.15,94760.19,0.50731
2025-04-26 03:36:00+00:00,94760.19,94760.19,94744.7,94744.7,0.9926
2025-04-26 03:37:00+00:00,94744.71,94749.9,94744.7,94749.89,2.29164
2025-04-26 03:38:00+00:00,94749.88,94760.19,94747.44,94747.44,1.50035
2025-04-26 03:39:00+00:00,94747.45,94747.45,94739.14,94739.14,2.11718
2025-04-26 03:40:00+00:00,94739.15,94739.15,94739.13,94739.14,0.37523
2025-04-26 03:41:00+00:00,94739.13,94761.9,94739.13,94756.46,10.81713
2025-04-26 03:42:00+00:00,94756.47,94756.47,94742.62,94742.63,0.93096
2025-04-26 03:43:00+00:00,94742.63,94742.63,94739.14,94739.15,0.65334
2025-04-26 03:44:00+00:00,94739.15,94739.15,94739.14,94739.15,0.63487
2025-04-26 03:45:00+00:00,94739.14,94780.48,94739.14,94780.48,5.46319
2025-04-26 03:46:00+00:00,94780.47,94780.48,94751.2,94766.0,9.76191
2025-04-26 03:47:00+00:00,94766.0,94793.83,94765.99,94793.83,2.46936
2025-04-26 03:48:00+00:00,94793.83,94798.43,94764.26,94764.27,1.62424
2025-04-26 03:49:00+00:00,94764.27,94764.27,94756.33,94756.34,1.72288
2025-04-26 03:50:00+00:00,94756.34,94756.34,94754.96,94754.97,1.63181
2025-04-26 03:51:00+00:00,94754.96,94754.97,94754.96,94754.97,0.54996
2025-04-26 03:52:00+00:00,94754.96,94754.97,94754.96,94754.97,0.87535
2025-04-26 03:53:00+00:00,94754.96,94754.97,94741.98,94741.99,1.88071
2025-04-26 03:54:00+00:00,94741.98,94741.99,94739.13,94739.14,1.57962
2025-04-26 03:55:00+00:00,94739.13,94739.14,94710.0,94710.0,6.98885
2025-04-26 03:56:00+00:00,94710.01,94719.48,94710.0,94719.47,2.28466
2025-04-26 03:57:00+00:00,94719.48,94748.6,94719.47,94748.6,5.14207
2025-04-26 03:58:00+00:00,94748.59,94748.6,94748.59,94748.6,2.74596
2025-04-26 03:59:00+00:00,94748.59,94748.6,94739.99,94739.99,2.09998
2025-04-26 04:00:00+00:00,94739.99,94739.99,94726.82,94726.82,1.71248
2025-04-26 04:01:00+00:00,94726.83,94729.39,94700.0,94729.39,5.04991
2025-04-26 04:02:00+00:00,94729.39,94729.39,94705.01,94716.63,2.7282
2025-04-26 04:03:00+00:00,94716.63,94720.5,94716.63,94720.5,1.88853
2025-04-26 04:04:00+00:00,94720.5,94720.5,94702.19,94720.28,5.57291
2025-04-26 04:05:00+00:00,94720.29,94809.53,94720.29,94809.53,4.93434
2025-04-26 04:06:00+00:00,94809.52,94809.53,94784.83,94784.83,3.21252
2025-04-26 04:07:00+00:00,94784.84,94809.53,94784.83,94809.53,2.07791
2025-04-26 04:08:00+00:00,94809.52,94826.09,94809.52,94826.09,3.17359
2025-04-26 04:09:00+00:00,94826.08,94830.93,94826.08,94830.93,3.87642
2025-04-26 04:10:00+00:00,94830.93,94830.93,94788.22,94788.23,3.9763
2025-04-26 04:11:00+00:00,94788.22,94788.23,94780.05,94780.06,6.39505
2025-04-26 04:12:00+00:00,94780.05,94780.06,94734.84,94734.84,10.32322
2025-04-26 04:13:00+00:00,94734.83,94741.77,94723.45,94723.45,25.91835
2025-04-26 04:14:00+00:00,94723.46,94730.32,94714.29,94730.32,3.27011
2025-04-26 04:15:00+00:00,94730.32,94739.13,94714.87,94727.03,21.95976
2025-04-26 04:16:00+00:00,94727.03,94727.03,94714.57,94724.78,8.26513
2025-04-26 04:17:00+00:00,94724.78,94724.78,94694.07,94694.08,12.26826
2025-04-26 04:18:00+00:00,94694.07,94695.66,94656.86,94680.73,17.15091
2025-04-26 04:19:00+00:00,94680.74,94680.74,94679.13,94679.14,7.38565
2025-04-26 04:20:00+00:00,94679.14,94679.14,94678.59,94678.6,4.49009
2025-04-26 04:21:00+00:00,94678.6,94678.6,94658.6,94658.61,5.52279
2025-04-26 04:22:00+00:00,94658.61,94658.61,94651.23,94651.24,6.87232
2025-04-26 04:23:00+00:00,94651.24,94651.24,94641.76,94641.77,5.89215
2025-04-26 04:24:00+00:00,94641.77,94641.77,94628.86,94628.86,13.94768
2025-04-26 04:25:00+00:00,94628.8,94628.81,94615.15,94615.15,8.957
2025-04-26 04:26:00+00:00,94615.15,94615.16,94613.91,94614.08,12.10301
2025-04-26 04:27:00+00:00,94614.07,94642.02,94613.94,94642.01,43.1621
2025-04-26 04:28:00+00:00,94642.02,94649.82,94639.74,94639.75,15.64874
2025-04-26 04:29:00+00:00,94639.75,94639.75,94625.54,94625.54,2.83006
2025-04-26 04:30:00+00:00,94625.54,94625.54,94609.96,94609.96,1.79694
2025-04-26 04:31:00+00:00,94609.96,94609.96,94588.93,94588.94,9.45681
2025-04-26 04:32:00+00:00,94588.94,94614.51,94588.93,94614.51,10.77481
2025-04-26 04:33:00+00:00,94614.51,94614.51,94602.24,94602.25,3.52146
2025-04-26 04:34:00+00:00,94602.25,94602.25,94588.23,94588.23,4.4028
2025-04-26 04:35:00+00:00,94588.23,94588.24,94576.52,94587.08,5.13978
2025-04-26 04:36:00+00:00,94587.09,94587.09,94576.52,94579.29,4.83461
2025-04-26 04:37:00+00:00,94579.3,94579.3,94549.0,94559.67,21.11161
2025-04-26 04:38:00+00:00,94559.66,94559.67,94554.03,94557.54,1.59286
2025-04-26 04:39:00+00:00,94557.55,94557.55,94545.24,94552.5,13.92728
2025-04-26 04:40:00+00:00,94552.49,94600.0,94552.49,94600.0,5.49574
2025-04-26 04:41:00+00:00,94600.0,94619.05,94599.99,94619.04,2.21319
2025-04-26 04:42:00+00:00,94619.04,94628.9,94606.16,94628.0,5.50965
2025-04-26 04:43:00+00:00,94628.0,94670.7,94628.0,94670.69,6.98991
2025-04-26 04:44:00+00:00,94670.69,94683.83,94670.69,94682.38,7.24557
2025-04-26 04:45:00+00:00,94682.39,94700.0,94670.7,94670.71,6.911
2025-04-26 04:46:00+00:00,94670.71,94699.96,94670.7,94699.96,7.49007
2025-04-26 04:47:00+00:00,94699.95,94699.99,94693.0,94693.01,1.10788
2025-04-26 04:48:00+00:00,94693.01,94693.01,94635.18,94635.18,23.36861
2025-04-26 04:49:00+00:00,94635.18,94639.04,94633.0,94639.04,2.54301
2025-04-26 04:50:00+00:00,94639.04,94639.04,94619.67,94619.68,1.75446
2025-04-26 04:51:00+00:00,94619.67,94619.68,94594.89,94594.89,1.12322
2025-04-26 04:52:00+00:00,94594.89,94594.9,94572.35,94572.35,1.76121
2025-04-26 04:53:00+00:00,94572.36,94577.87,94566.24,94577.87,3.51094
2025-04-26 04:54:00+00:00,94577.87,94581.92,94577.86,94581.91,1.32604
2025-04-26 04:55:00+00:00,94581.91,94581.92,94572.45,94572.45,3.83233
2025-04-26 04:56:00+00:00,94572.45,94572.45,94533.92,94542.37,62.41102
2025-04-26 04:57:00+00:00,94542.37,94542.37,94536.99,94537.0,0.67861
2025-04-26 04:58:00+00:00,94537.0,94543.73,94536.99,94542.35,4.14272
2025-04-26 04:59:00+00:00,94542.36,94542.36,94536.99,94536.99,1.39469
2025-04-26 05:00:00+00:00,94537.0,94592.11,94516.0,94592.1,9.71957
2025-04-26 05:01:00+00:00,94592.11,94628.05,94592.1,94628.05,3.35596
2025-04-26 05:02:00+00:00,94628.05,94650.47,94628.04,94632.33,3.78923
2025-04-26 05:03:00+00:00,94632.33,94632.34,94618.68,94618.68,0.81931
2025-04-26 05:04:00+00:00,94618.68,94618.69,94597.61,94597.61,3.53496
2025-04-26 05:05:00+00:00,94597.61,94597.62,94546.94,94546.95,4.01712
2025-04-26 05:06:00+00:00,94546.95,94590.88,94533.55,94590.88,5.94159
2025-04-26 05:07:00+00:00,94590.87,94590.88,94590.87,94590.88,2.80311
2025-04-26 05:08:00+00:00,94590.87,94590.88,94526.68,94526.69,13.40805
2025-04-26 05:09:00+00:00,94526.69,94526.69,94520.0,94526.63,7.85174
2025-04-26 05:10:00+00:00,94526.63,94526.63,94520.0,94520.01,2.28949
2025-04-26 05:11:00+00:00,94520.01,94526.69,94520.0,94520.0,3.23636
2025-04-26 05:12:00+00:00,94520.01,94530.03,94520.0,94530.03,3.66057
2025-04-26 05:13:00+00:00,94530.03,94540.66,94520.61,94520.61,4.85649
2025-04-26 05:14:00+00:00,94520.61,94520.62,94505.07,94505.08,11.7745
2025-04-26 05:15:00+00:00,94505.08,94556.0,94505.08,94556.0,4.25523
2025-04-26 05:16:00+00:00,94555.99,94565.22,94526.2,94543.31,5.54384
2025-04-26 05:17:00+00:00,94543.31,94566.33,94543.31,94566.32,4.43379
2025-04-26 05:18:00+00:00,94566.33,94587.99,94566.32,94587.99,6.85153
2025-04-26 05:19:00+00:00,94587.99,94587.99,94537.01,94554.97,3.7872
2025-04-26 05:20:00+00:00,94554.98,94554.98,94543.31,94543.32,0.92591
2025-04-26 05:21:00+00:00,94543.32,94559.34,94543.31,94559.34,2.99248
2025-04-26 05:22:00+00:00,94559.33,94559.34,94559.33,94559.33,3.85331
2025-04-26 05:23:00+00:00,94559.34,94559.34,94545.6,94545.6,1.15319
2025-04-26 05:24:00+00:00,94545.6,94545.6,94508.94,94508.95,1.5619
2025-04-26 05:25:00+00:00,94508.94,94508.94,94481.54,94481.55,21.5055
2025-04-26 05:26:00+00:00,94481.55,94481.55,94380.72,94468.95,42.94837
2025-04-26 05:27:00+00:00,94468.96,94573.25,94457.93,94553.23,17.66446
2025-04-26 05:28:00+00:00,94553.24,94553.24,94536.6,94548.01,2.17801
2025-04-26 05:29:00+00:00,94548.01,94550.35,94548.01,94550.35,0.59005
2025-04-26 05:30:00+00:00,94550.34,94587.99,94550.34,94587.99,2.53368
2025-04-26 05:31:00+00:00,94587.99,94608.7,94582.6,94608.7,5.55453
2025-04-26 05:32:00+00:00,94608.7,94619.05,94576.01,94606.34,7.88168
2025-04-26 05:33:00+00:00,94606.35,94626.0,94600.2,94626.0,5.58875
2025-04-26 05:34:00+00:00,94626.0,94626.0,94606.36,94611.84,4.2236
2025-04-26 05:35:00+00:00,94611.84,94622.7,94611.84,94620.64,2.06665
2025-04-26 05:36:00+00:00,94620.64,94676.71,94620.63,94676.7,9.51164
2025-04-26 05:37:00+00:00,94676.7,94688.88,94650.19,94650.19,7.19778
2025-04-26 05:38:00+00:00,94650.19,94650.2,94599.37,94601.28,5.21228
2025-04-26 05:39:00+00:00,94601.27,94601.28,94554.89,94554.9,3.10245
2025-04-26 05:40:00+00:00,94554.9,94565.22,94552.0,94552.0,6.406
2025-04-26 05:41:00+00:00,94552.01,94574.49,94552.0,94574.48,8.44848
2025-04-26 05:42:00+00:00,94574.48,94574.49,94574.48,94574.49,1.07768
2025-04-26 05:43:00+00:00,94574.49,94608.7,94574.48,94608.69,3.89474
2025-04-26 05:44:00+00:00,94608.69,94632.16,94599.22,94632.15,12.36622
2025-04-26 05:45:00+00:00,94632.16,94632.16,94599.63,94627.38,4.04797
2025-04-26 05:46:00+00:00,94627.37,94675.0,94627.37,94666.77,4.64308
2025-04-26 05:47:00+00:00,94666.77,94680.0,94654.28,94679.99,2.39709
2025-04-26 05:48:00+00:00,94679.99,94700.0,94679.99,94700.0,2.95317
2025-04-26 05:49:00+00:00,94700.0,94706.6,94681.85,94681.85,5.86485
2025-04-26 05:50:00+00:00,94681.85,94681.85,94652.17,94652.18,4.1372
2025-04-26 05:51:00+00:00,94652.18,94677.02,94652.17,94677.01,2.18984
2025-04-26 05:52:00+00:00,94677.01,94680.01,94668.23,94680.01,2.11495
2025-04-26 05:53:00+00:00,94680.0,94680.0,94664.57,94664.57,0.80546
2025-04-26 05:54:00+00:00,94664.57,94695.66,94664.57,94681.13,1.87197
2025-04-26 05:55:00+00:00,94681.12,94681.13,94672.7,94672.7,1.34315
2025-04-26 05:56:00+00:00,94672.7,94672.71,94672.45,94672.45,2.40463
2025-04-26 05:57:00+00:00,94672.46,94672.46,94672.45,94672.46,0.65021
2025-04-26 05:58:00+00:00,94672.45,94672.46,94626.47,94626.47,2.80337
2025-04-26 05:59:00+00:00,94626.48,94626.48,94626.47,94626.47,0.52798
2025-04-26 06:00:00+00:00,94626.47,94626.48,94626.47,94626.48,0.84561
2025-04-26 06:01:00+00:00,94626.48,94626.48,94625.85,94626.48,3.66673
2025-04-26 06:02:00+00:00,94626.48,94626.48,94623.48,94623.48,0.4606
2025-04-26 06:03:00+00:00,94623.49,94637.47,94623.48,94637.47,4.80859
2025-04-26 06:04:00+00:00,94637.46,94668.05,94618.34,94618.34,18.46544
2025-04-26 06:05:00+00:00,94618.35,94618.35,94606.24,94616.42,5.66346
2025-04-26 06:06:00+00:00,94616.43,94616.43,94600.0,94600.01,1.92508
2025-04-26 06:07:00+00:00,94600.01,94600.02,94600.0,94600.01,3.30972
2025-04-26 06:08:00+00:00,94600.02,94600.02,94600.01,94600.01,3.50764
2025-04-26 06:09:00+00:00,94600.02,94600.02,94583.91,94583.92,5.67418
2025-04-26 06:10:00+00:00,94583.91,94633.3,94583.91,94633.29,7.07724
2025-04-26 06:11:00+00:00,94633.29,94680.0,94633.29,94680.0,1.74254
2025-04-26 06:12:00+00:00,94680.0,94690.77,94670.07,94690.77,2.29358
2025-04-26 06:13:00+00:00,94690.77,94699.0,94690.76,94698.99,12.60048
2025-04-26 06:14:00+00:00,94699.0,94699.0,94698.99,94698.99,1.02536
2025-04-26 06:15:00+00:00,94699.0,94699.0,94683.79,94683.79,1.81464
2025-04-26 06:16:00+00:00,94683.79,94683.8,94652.23,94656.28,5.59329
2025-04-26 06:17:00+00:00,94656.28,94656.29,94643.26,94643.26,2.99272
2025-04-26 06:18:00+00:00,94643.27,94643.27,94620.0,94620.01,2.5888
2025-04-26 06:19:00+00:00,94620.0,94628.82,94602.34,94602.34,4.45563
2025-04-26 06:20:00+00:00,94602.35,94608.7,94602.34,94608.7,1.77198
2025-04-26 06:21:00+00:00,94608.7,94622.9,94608.69,94622.9,2.77824
2025-04-26 06:22:00+00:00,94622.89,94632.91,94622.89,94632.4,6.16249
2025-04-26 06:23:00+00:00,94632.39,94632.4,94616.74,94616.74,1.64264
2025-04-26 06:24:00+00:00,94616.74,94616.75,94603.49,94603.5,2.59399
2025-04-26 06:25:00+00:00,94603.5,94608.7,94603.49,94608.7,2.09757
2025-04-26 06:26:00+00:00,94608.7,94608.7,94608.69,94608.69,0.56892
2025-04-26 06:27:00+00:00,94608.69,94619.7,94608.69,94619.69,5.97727
2025-04-26 06:28:00+00:00,94619.7,94619.7,94619.69,94619.7,2.39511
2025-04-26 06:29:00+00:00,94619.69,94619.7,94608.71,94608.71,3.6197
2025-04-26 06:30:00+00:00,94608.71,94608.72,94608.71,94608.72,2.12176
2025-04-26 06:31:00+00:00,94608.72,94608.72,94608.71,94608.71,3.31763
2025-04-26 06:32:00+00:00,94608.71,94618.18,94608.71,94618.18,2.89381
2025-04-26 06:33:00+00:00,94618.17,94618.18,94618.17,94618.17,2.41701
2025-04-26 06:34:00+00:00,94618.18,94618.18,94618.17,94618.18,0.70363
2025-04-26 06:35:00+00:00,94618.17,94666.23,94618.17,94666.23,9.23337
2025-04-26 06:36:00+00:00,94666.23,94692.0,94666.23,94667.55,6.05818
2025-04-26 06:37:00+00:00,94667.55,94667.55,94641.08,94641.08,4.81357
2025-04-26 06:38:00+00:00,94641.08,94641.09,94611.62,94611.63,3.04386
2025-04-26 06:39:00+00:00,94611.63,94663.59,94611.62,94663.59,4.41634
2025-04-26 06:40:00+00:00,94663.59,94663.59,94628.17,94628.18,3.11146
2025-04-26 06:41:00+00:00,94628.17,94634.03,94628.17,94634.02,3.51263
2025-04-26 06:42:00+00:00,94634.02,94638.48,94634.02,94638.47,3.33108
2025-04-26 06:43:00+00:00,94638.47,94646.43,94638.47,94646.38,5.79905
2025-04-26 06:44:00+00:00,94646.38,94646.39,94635.31,94635.32,1.57663
2025-04-26 06:45:00+00:00,94635.32,94635.32,94635.31,94635.32,3.13901
2025-04-26 06:46:00+00:00,94635.32,94635.32,94630.55,94635.32,4.0826
2025-04-26 06:47:00+00:00,94635.31,94667.59,94635.31,94649.94,2.78114
2025-04-26 06:48:00+00:00,94649.93,94714.29,94649.93,94714.28,28.62131
2025-04-26 06:49:00+00:00,94714.28,94714.29,94708.28,94708.29,2.81725
2025-04-26 06:50:00+00:00,94708.28,94718.75,94708.28,94718.75,3.88838
2025-04-26 06:51:00+00:00,94718.86,94743.88,94718.86,94743.88,29.50768
2025-04-26 06:52:00+00:00,94743.87,94743.88,94733.2,94733.2,3.72678
2025-04-26 06:53:00+00:00,94733.2,94733.21,94709.64,94709.65,4.79005
2025-04-26 06:54:00+00:00,94709.65,94709.65,94690.79,94690.79,3.17447
2025-04-26 06:55:00+00:00,94690.8,94690.8,94643.84,94643.85,5.1546
2025-04-26 06:56:00+00:00,94643.85,94643.85,94640.09,94640.09,3.37832
2025-04-26 06:57:00+00:00,94640.09,94655.3,94640.09,94642.74,7.98856
2025-04-26 06:58:00+00:00,94642.75,94642.75,94631.88,94631.88,2.22664
2025-04-26 06:59:00+00:00,94631.88,94631.88,94630.41,94630.42,1.35233
2025-04-26 07:00:00+00:00,94630.42,94642.45,94630.41,94642.44,3.67373
2025-04-26 07:01:00+00:00,94642.44,94642.45,94642.44,94642.45,2.18731
2025-04-26 07:02:00+00:00,94642.45,94673.68,94642.44,94673.68,5.05421
2025-04-26 07:03:00+00:00,94673.67,94695.26,94673.67,94695.25,2.2057
2025-04-26 07:04:00+00:00,94695.26,94695.26,94674.73,94674.73,6.52278
2025-04-26 07:05:00+00:00,94674.73,94674.73,94655.95,94655.96,1.16726
2025-04-26 07:06:00+00:00,94655.96,94662.76,94655.71,94655.72,2.82873
2025-04-26 07:07:00+00:00,94655.72,94660.75,94655.71,94660.75,1.43991
2025-04-26 07:08:00+00:00,94660.74,94660.75,94646.21,94646.22,1.71561
2025-04-26 07:09:00+00:00,94646.22,94647.39,94633.0,94642.26,10.9389
2025-04-26 07:10:00+00:00,94642.26,94658.1,94642.25,94646.22,15.57356
2025-04-26 07:11:00+00:00,94646.22,94703.35,94646.21,94703.35,7.96358
2025-04-26 07:12:00+00:00,94703.35,94703.35,94686.4,94691.13,5.37028
2025-04-26 07:13:00+00:00,94691.14,94699.64,94687.45,94699.64,2.67477
2025-04-26 07:14:00+00:00,94699.64,94735.39,94699.64,94735.39,15.19318
2025-04-26 07:15:00+00:00,94735.39,94750.0,94734.23,94750.0,4.68584
2025-04-26 07:16:00+00:00,94750.0,94756.5,94726.99,94727.0,6.95643
2025-04-26 07:17:00+00:00,94727.0,94730.96,94726.99,94730.95,4.60086
2025-04-26 07:18:00+00:00,94730.95,94730.96,94730.95,94730.95,1.44746
2025-04-26 07:19:00+00:00,94730.95,94730.96,94730.95,94730.96,0.85654
2025-04-26 07:20:00+00:00,94730.96,94730.96,94730.95,94730.95,1.84044
2025-04-26 07:21:00+00:00,94730.96,94730.96,94730.95,94730.95,2.4914
2025-04-26 07:22:00+00:00,94730.95,94730.95,94690.24,94690.25,6.66452
2025-04-26 07:23:00+00:00,94690.24,94690.24,94678.14,94678.15,1.77449
2025-04-26 07:24:00+00:00,94678.14,94715.01,94678.14,94715.01,7.98385
2025-04-26 07:25:00+00:00,94715.01,94719.53,94715.0,94719.52,1.13761
2025-04-26 07:26:00+00:00,94719.53,94719.53,94705.31,94705.31,1.78008
2025-04-26 07:27:00+00:00,94705.32,94705.33,94685.33,94685.34,14.54986
2025-04-26 07:28:00+00:00,94685.34,94693.61,94685.33,94693.6,2.37904
2025-04-26 07:29:00+00:00,94693.61,94702.06,94693.6,94702.06,2.74266
2025-04-26 07:30:00+00:00,94702.06,94702.06,94650.0,94650.01,6.40324
2025-04-26 07:31:00+00:00,94650.0,94666.61,94650.0,94666.6,2.12128
2025-04-26 07:32:00+00:00,94666.6,94666.61,94666.6,94666.6,1.25223
2025-04-26 07:33:00+00:00,94666.6,94666.61,94666.6,94666.6,1.69884
2025-04-26 07:34:00+00:00,94666.6,94686.49,94666.6,94686.48,2.76932
2025-04-26 07:35:00+00:00,94686.48,94700.74,94686.48,94700.74,5.57706
2025-04-26 07:36:00+00:00,94700.74,94794.17,94700.73,94794.16,13.59255
2025-04-26 07:37:00+00:00,94794.16,94794.17,94782.77,94791.48,2.10789
2025-04-26 07:38:00+00:00,94791.48,94791.49,94769.46,94769.46,2.30837
2025-04-26 07:39:00+00:00,94769.46,94769.47,94769.46,94769.46,0.35036
2025-04-26 07:40:00+00:00,94769.46,94774.21,94769.46,94774.2,4.22836
2025-04-26 07:41:00+00:00,94774.2,94774.21,94774.2,94774.2,0.89942
2025-04-26 07:42:00+00:00,94774.21,94774.21,94774.2,94774.21,0.39196
2025-04-26 07:43:00+00:00,94774.2,94774.21,94774.2,94774.21,2.82038
2025-04-26 07:44:00+00:00,94774.21,94774.21,94774.2,94774.2,0.40202
2025-04-26 07:45:00+00:00,94774.2,94774.21,94749.6,94763.44,18.15396
2025-04-26 07:46:00+00:00,94763.45,94763.45,94728.0,94728.0,7.79158
2025-04-26 07:47:00+00:00,94728.0,94728.01,94679.22,94679.22,4.98142
2025-04-26 07:48:00+00:00,94679.22,94679.23,94656.77,94656.77,4.36427
2025-04-26 07:49:00+00:00,94656.77,94692.71,94656.77,94671.57,9.76448
2025-04-26 07:50:00+00:00,94671.56,94712.31,94671.56,94680.01,8.9395
2025-04-26 07:51:00+00:00,94680.01,94691.44,94667.36,94678.17,7.71092
2025-04-26 07:52:00+00:00,94678.16,94685.5,94676.36,94676.36,1.83047
2025-04-26 07:53:00+00:00,94676.37,94676.37,94663.41,94663.41,2.42226
2025-04-26 07:54:00+00:00,94663.41,94663.42,94655.0,94655.0,2.30247
2025-04-26 07:55:00+00:00,94655.01,94657.53,94655.0,94657.52,6.3828
2025-04-26 07:56:00+00:00,94657.52,94657.53,94657.52,94657.52,2.12492
2025-04-26 07:57:00+00:00,94657.52,94657.53,94632.23,94632.23,12.23705
2025-04-26 07:58:00+00:00,94632.23,94632.24,94602.19,94602.2,3.49387
2025-04-26 07:59:00+00:00,94602.2,94608.69,94570.31,94570.31,18.07776
2025-04-26 08:00:00+00:00,94570.31,94574.63,94569.76,94573.49,4.47228
2025-04-26 08:01:00+00:00,94573.49,94594.8,94573.49,94594.8,3.45555
2025-04-26 08:02:00+00:00,94594.8,94627.36,94594.79,94627.36,11.06085
2025-04-26 08:03:00+00:00,94627.35,94627.36,94598.76,94598.76,4.2351
2025-04-26 08:04:00+00:00,94598.76,94598.77,94571.08,94571.09,3.20031
2025-04-26 08:05:00+00:00,94571.08,94571.09,94568.31,94568.31,3.83555
2025-04-26 08:06:00+00:00,94568.31,94582.31,94564.92,94582.31,10.84155
2025-04-26 08:07:00+00:00,94582.31,94582.31,94561.75,94561.76,8.2423
2025-04-26 08:08:00+00:00,94561.75,94561.76,94506.49,94506.5,6.59958
2025-04-26 08:09:00+00:00,94506.49,94520.01,94500.65,94520.01,12.03075
2025-04-26 08:10:00+00:00,94520.0,94520.01,94490.78,94490.79,4.04456
2025-04-26 08:11:00+00:00,94490.79,94502.5,94444.67,94444.68,7.41899
2025-04-26 08:12:00+00:00,94444.67,94444.67,94408.81,94420.01,6.18576
2025-04-26 08:13:00+00:00,94420.0,94554.36,94420.0,94554.35,17.15751
2025-04-26 08:14:00+00:00,94554.35,94596.0,94552.65,94596.0,3.85577
2025-04-26 08:15:00+00:00,94596.0,94629.13,94595.99,94629.12,3.5417
2025-04-26 08:16:00+00:00,94629.13,94646.59,94614.55,94614.55,5.48325
2025-04-26 08:17:00+00:00,94614.55,94630.97,94608.24,94608.24,2.1438
2025-04-26 08:18:00+00:00,94608.24,94608.41,94608.24,94608.41,1.8057
2025-04-26 08:19:00+00:00,94608.4,94608.41,94569.18,94569.18,2.18934
2025-04-26 08:20:00+00:00,94569.18,94569.19,94552.35,94552.35,1.36836
2025-04-26 08:21:00+00:00,94552.36,94552.36,94531.31,94546.32,3.33994
2025-04-26 08:22:00+00:00,94546.32,94577.08,94546.31,94577.08,4.36893
2025-04-26 08:23:00+00:00,94577.08,94577.08,94577.06,94577.07,0.43862
2025-04-26 08:24:00+00:00,94577.07,94577.07,94572.32,94572.32,0.6064
2025-04-26 08:25:00+00:00,94572.33,94649.01,94572.32,94621.85,9.53075
2025-04-26 08:26:00+00:00,94621.85,94658.98,94621.84,94636.41,9.2275
2025-04-26 08:27:00+00:00,94636.42,94695.66,94636.41,94671.61,13.13561
2025-04-26 08:28:00+00:00,94671.6,94720.0,94671.6,94720.0,4.09545
2025-04-26 08:29:00+00:00,94720.01,94733.54,94660.0,94660.0,31.46332
2025-04-26 08:30:00+00:00,94660.0,94687.31,94600.0,94608.7,11.73974
2025-04-26 08:31:00+00:00,94608.7,94635.5,94599.04,94601.5,11.33881
2025-04-26 08:32:00+00:00,94601.51,94601.51,94572.33,94572.33,2.29553
2025-04-26 08:33:00+00:00,94572.34,94589.54,94565.21,94589.53,9.60605
2025-04-26 08:34:00+00:00,94589.54,94600.0,94541.25,94541.26,3.02958
2025-04-26 08:35:00+00:00,94541.25,94548.94,94521.73,94548.94,4.55932
2025-04-26 08:36:00+00:00,94548.93,94585.75,94548.93,94568.03,4.12833
2025-04-26 08:37:00+00:00,94568.04,94600.0,94568.03,94600.0,12.09669
2025-04-26 08:38:00+00:00,94599.99,94600.0,94584.26,94589.13,4.04432
2025-04-26 08:39:00+00:00,94589.12,94589.13,94542.85,94542.85,2.17544
2025-04-26 08:40:00+00:00,94542.86,94542.86,94511.56,94518.19,4.5965
2025-04-26 08:41:00+00:00,94518.19,94518.2,94360.8,94367.0,36.46802
2025-04-26 08:42:00+00:00,94367.0,94401.1,94357.58,94365.09,17.69502
2025-04-26 08:43:00+00:00,94365.08,94415.07,94350.0,94408.34,13.75511
2025-04-26 08:44:00+00:00,94408.33,94424.37,94387.25,94387.25,3.88257
2025-04-26 08:45:00+00:00,94387.25,94387.25,94268.2,94339.99,56.23599
2025-04-26 08:46:00+00:00,94339.98,94391.31,94314.33,94391.3,11.59301
2025-04-26 08:47:00+00:00,94391.3,94391.31,94360.2,94379.15,4.84905
2025-04-26 08:48:00+00:00,94379.14,94390.46,94347.88,94390.46,9.25846
2025-04-26 08:49:00+00:00,94390.45,94390.46,94308.04,94322.89,16.52742
2025-04-26 08:50:00+00:00,94322.89,94322.9,94306.83,94306.84,2.82751
2025-04-26 08:51:00+00:00,94306.83,94322.38,94306.83,94322.38,7.12282
2025-04-26 08:52:00+00:00,94322.38,94343.22,94309.99,94343.22,9.43481
2025-04-26 08:53:00+00:00,94343.22,94350.73,94334.23,94345.72,5.83686
2025-04-26 08:54:00+00:00,94345.73,94345.73,94282.8,94282.8,10.22144
2025-04-26 08:55:00+00:00,94282.81,94298.65,94282.8,94298.64,9.86094
2025-04-26 08:56:00+00:00,94298.65,94331.31,94298.64,94320.42,3.59316
2025-04-26 08:57:00+00:00,94320.42,94366.0,94320.42,94342.96,6.81994
2025-04-26 08:58:00+00:00,94342.97,94342.97,94326.41,94326.42,3.0646
2025-04-26 08:59:00+00:00,94326.42,94326.42,94304.34,94318.04,8.54424
2025-04-26 09:00:00+00:00,94318.03,94325.47,94316.61,94320.26,3.56487
2025-04-26 09:01:00+00:00,94320.26,94320.27,94300.0,94320.0,2.32869
2025-04-26 09:02:00+00:00,94320.0,94320.0,94290.03,94290.04,4.40413
2025-04-26 09:03:00+00:00,94290.04,94298.7,94277.81,94277.81,7.6022
2025-04-26 09:04:00+00:00,94277.82,94277.82,94217.32,94241.16,51.21765
2025-04-26 09:05:00+00:00,94241.15,94282.92,94224.45,94240.48,17.58523
2025-04-26 09:06:00+00:00,94240.47,94274.55,94240.47,94273.65,4.01117
2025-04-26 09:07:00+00:00,94273.66,94357.51,94273.65,94357.51,6.05374
2025-04-26 09:08:00+00:00,94357.5,94359.24,94327.83,94327.84,5.04217
2025-04-26 09:09:00+00:00,94327.83,94349.72,94314.54,94339.43,5.17997
2025-04-26 09:10:00+00:00,94339.44,94356.19,94339.43,94351.46,13.95587
2025-04-26 09:11:00+00:00,94351.46,94357.49,94287.49,94292.21,10.66072
2025-04-26 09:12:00+00:00,94292.21,94292.21,94292.2,94292.2,4.67431
2025-04-26 09:13:00+00:00,94292.21,94315.39,94292.2,94315.39,10.65562
2025-04-26 09:14:00+00:00,94315.39,94355.97,94315.38,94355.96,3.42875
2025-04-26 09:15:00+00:00,94355.96,94355.96,94304.34,94304.35,3.32252
2025-04-26 09:16:00+00:00,94304.35,94326.3,94304.34,94326.29,3.64954
2025-04-26 09:17:00+00:00,94326.3,94380.0,94326.29,94380.0,2.24477
2025-04-26 09:18:00+00:00,94379.99,94391.31,94370.35,94388.99,3.93324
2025-04-26 09:19:00+00:00,94388.99,94388.99,94325.0,94336.0,3.71325
2025-04-26 09:20:00+00:00,94336.0,94408.89,94330.0,94408.89,18.51607
2025-04-26 09:21:00+00:00,94408.88,94423.77,94404.17,94423.76,4.32264
2025-04-26 09:22:00+00:00,94423.77,94423.77,94388.91,94393.63,17.43771
2025-04-26 09:23:00+00:00,94393.63,94393.64,94381.95,94381.95,2.16427
2025-04-26 09:24:00+00:00,94381.96,94381.96,94366.61,94366.61,4.6816
2025-04-26 09:25:00+00:00,94366.61,94366.62,94336.73,94345.39,5.51368
2025-04-26 09:26:00+00:00,94345.38,94345.39,94316.47,94316.47,1.84333
2025-04-26 09:27:00+00:00,94316.48,94316.48,94260.86,94260.87,6.60395
2025-04-26 09:28:00+00:00,94260.87,94260.87,94244.99,94255.0,3.68713
2025-04-26 09:29:00+00:00,94254.99,94255.0,94245.93,94253.35,5.87113
2025-04-26 09:30:00+00:00,94253.35,94253.36,94230.5,94230.5,2.98673
2025-04-26 09:31:00+00:00,94230.5,94230.51,94166.18,94166.19,21.44567
2025-04-26 09:32:00+00:00,94166.19,94174.3,94158.01,94166.87,14.00437
2025-04-26 09:33:00+00:00,94166.87,94189.23,94162.62,94179.24,23.01532
2025-04-26 09:34:00+00:00,94179.23,94179.24,94158.0,94158.66,7.97453
2025-04-26 09:35:00+00:00,94158.66,94158.67,94138.0,94149.89,9.26184
2025-04-26 09:36:00+00:00,94149.9,94186.83,94120.5,94180.13,61.66752
2025-04-26 09:37:00+00:00,94180.12,94255.0,94164.99,94255.0,29.40651
2025-04-26 09:38:00+00:00,94255.0,94255.0,94173.91,94173.92,4.00146
2025-04-26 09:39:00+00:00,94173.92,94187.03,94173.91,94186.75,2.2335
2025-04-26 09:40:00+00:00,94186.74,94186.75,94146.28,94158.61,8.31408
2025-04-26 09:41:00+00:00,94158.62,94164.86,94134.27,94136.0,5.29152
2025-04-26 09:42:00+00:00,94136.0,94151.66,94135.99,94151.66,15.45674
2025-04-26 09:43:00+00:00,94151.65,94161.11,94151.65,94161.01,4.85936
2025-04-26 09:44:00+00:00,94161.01,94173.92,94161.0,94173.91,5.86928
2025-04-26 09:45:00+00:00,94173.91,94173.92,94130.43,94139.87,5.07927
2025-04-26 09:46:00+00:00,94139.88,94156.4,94139.87,94143.77,13.89248
2025-04-26 09:47:00+00:00,94143.75,94143.75,94125.34,94127.56,20.31369
2025-04-26 09:48:00+00:00,94127.56,94138.23,94127.55,94136.01,6.95898
2025-04-26 09:49:00+00:00,94136.01,94177.11,94127.51,94177.11,5.01279
2025-04-26 09:50:00+00:00,94177.1,94189.27,94171.73,94189.26,5.12
2025-04-26 09:51:00+00:00,94189.27,94200.14,94181.0,94181.01,1.46003
2025-04-26 09:52:00+00:00,94181.01,94195.13,94171.78,94179.78,5.15893
2025-04-26 09:53:00+00:00,94179.78,94238.1,94179.78,94238.09,3.72509
2025-04-26 09:54:00+00:00,94238.1,94254.52,94238.1,94245.0,5.33377
2025-04-26 09:55:00+00:00,94245.0,94277.86,94244.99,94272.51,3.41757
2025-04-26 09:56:00+00:00,94272.5,94277.65,94272.5,94277.65,1.60492
2025-04-26 09:57:00+00:00,94277.64,94277.65,94261.91,94261.92,1.53384
2025-04-26 09:58:00+00:00,94261.91,94261.92,94261.91,94261.91,1.67076
2025-04-26 09:59:00+00:00,94261.92,94277.65,94261.91,94277.65,2.2573
2025-04-26 10:00:00+00:00,94277.65,94283.73,94151.07,94162.52,18.01639
2025-04-26 10:01:00+00:00,94162.52,94181.5,94153.97,94181.5,4.01205
2025-04-26 10:02:00+00:00,94181.5,94194.23,94154.68,94194.22,7.29115
2025-04-26 10:03:00+00:00,94194.23,94285.71,94194.22,94285.71,4.02743
2025-04-26 10:04:00+00:00,94285.71,94323.31,94285.7,94323.3,4.82797
2025-04-26 10:05:00+00:00,94323.31,94358.54,94323.3,94358.54,5.49903
2025-04-26 10:06:00+00:00,94358.54,94358.54,94328.87,94334.13,14.36194
2025-04-26 10:07:00+00:00,94334.13,94358.01,94334.13,94343.57,3.04502
2025-04-26 10:08:00+00:00,94343.57,94356.03,94343.57,94356.02,8.62692
2025-04-26 10:09:00+00:00,94356.03,94356.35,94351.5,94351.52,8.40135
2025-04-26 10:10:00+00:00,94351.51,94351.52,94319.55,94319.56,12.40162
2025-04-26 10:11:00+00:00,94319.56,94335.3,94319.55,94335.3,1.37365
2025-04-26 10:12:00+00:00,94335.3,94335.3,94309.19,94309.19,1.60179
2025-04-26 10:13:00+00:00,94309.19,94309.2,94302.74,94302.74,1.62505
2025-04-26 10:14:00+00:00,94302.74,94302.75,94260.86,94260.86,1.64241
2025-04-26 10:15:00+00:00,94260.86,94278.94,94260.86,94278.93,3.90996
2025-04-26 10:16:00+00:00,94278.92,94278.93,94242.78,94242.78,1.75424
2025-04-26 10:17:00+00:00,94242.78,94242.79,94241.01,94241.02,0.72113
2025-04-26 10:18:00+00:00,94241.02,94258.5,94241.01,94241.01,2.6419
2025-04-26 10:19:00+00:00,94241.01,94241.02,94217.39,94217.39,1.15825
2025-04-26 10:20:00+00:00,94217.39,94239.89,94217.39,94239.89,2.00438
2025-04-26 10:21:00+00:00,94239.88,94250.04,94239.88,94250.03,1.20888
2025-04-26 10:22:00+00:00,94250.04,94278.93,94250.03,94277.2,2.91909
2025-04-26 10:23:00+00:00,94277.19,94316.43,94277.19,94287.14,13.78945
2025-04-26 10:24:00+00:00,94287.13,94316.42,94281.9,94316.41,3.53743
2025-04-26 10:25:00+00:00,94316.41,94347.83,94316.41,94347.82,4.8926
2025-04-26 10:26:00+00:00,94347.82,94368.23,94347.82,94349.34,7.25573
2025-04-26 10:27:00+00:00,94349.35,94349.35,94341.31,94341.32,0.85345
2025-04-26 10:28:00+00:00,94341.32,94341.32,94320.0,94320.0,1.70838
2025-04-26 10:29:00+00:00,94320.01,94320.01,94277.1,94285.06,6.07283
2025-04-26 10:30:00+00:00,94285.06,94285.07,94269.21,94269.22,3.43832
2025-04-26 10:31:00+00:00,94269.22,94281.54,94260.86,94260.86,2.90666
2025-04-26 10:32:00+00:00,94260.86,94269.13,94235.49,94269.13,5.38684
2025-04-26 10:33:00+00:00,94269.13,94328.04,94269.12,94304.34,3.52384
2025-04-26 10:34:00+00:00,94304.35,94304.35,94249.6,94260.87,2.93341
2025-04-26 10:35:00+00:00,94260.87,94282.81,94260.86,94282.8,1.29435
2025-04-26 10:36:00+00:00,94282.8,94309.43,94282.8,94309.42,1.52396
2025-04-26 10:37:00+00:00,94309.43,94318.31,94299.99,94318.3,2.48008
2025-04-26 10:38:00+00:00,94318.3,94333.34,94308.46,94333.33,3.92992
2025-04-26 10:39:00+00:00,94333.33,94350.11,94333.33,94350.11,4.27959
2025-04-26 10:40:00+00:00,94350.11,94370.95,94350.1,94370.94,7.29939
2025-04-26 10:41:00+00:00,94370.94,94370.96,94351.37,94369.27,9.43795
2025-04-26 10:42:00+00:00,94369.26,94369.27,94355.87,94355.87,1.53502
2025-04-26 10:43:00+00:00,94355.87,94360.6,94352.38,94356.5,9.26598
2025-04-26 10:44:00+00:00,94356.51,94380.96,94356.5,94380.95,1.55161
2025-04-26 10:45:00+00:00,94380.95,94394.44,94380.95,94386.66,7.22196
2025-04-26 10:46:00+00:00,94386.65,94386.66,94375.6,94375.6,2.55609
2025-04-26 10:47:00+00:00,94375.61,94375.61,94361.91,94361.91,1.37292
2025-04-26 10:48:00+00:00,94361.91,94365.0,94361.91,94365.0,1.22645
2025-04-26 10:49:00+00:00,94365.0,94365.0,94322.29,94322.3,3.17913
2025-04-26 10:50:00+00:00,94322.3,94339.04,94300.0,94300.01,4.02763
2025-04-26 10:51:00+00:00,94300.01,94300.01,94272.08,94277.42,2.14191
2025-04-26 10:52:00+00:00,94277.42,94294.24,94277.42,94294.24,4.19125
2025-04-26 10:53:00+00:00,94294.23,94310.48,94294.23,94310.48,1.75573
2025-04-26 10:54:00+00:00,94310.47,94335.53,94310.47,94328.53,9.57799
2025-04-26 10:55:00+00:00,94328.53,94328.54,94308.92,94308.92,2.96868
2025-04-26 10:56:00+00:00,94308.93,94308.93,94306.94,94306.95,0.74997
2025-04-26 10:57:00+00:00,94306.95,94306.95,94283.64,94283.64,3.59721
2025-04-26 10:58:00+00:00,94283.64,94283.65,94217.39,94217.4,9.17392
2025-04-26 10:59:00+00:00,94217.4,94226.08,94209.03,94209.03,4.40548
2025-04-26 11:00:00+00:00,94209.03,94209.04,94178.68,94187.93,11.49403
2025-04-26 11:01:00+00:00,94187.93,94187.93,94164.93,94164.93,2.09357
2025-04-26 11:02:00+00:00,94164.93,94187.94,94160.21,94187.94,6.54315
2025-04-26 11:03:00+00:00,94187.93,94240.0,94187.93,94240.0,6.30486
2025-04-26 11:04:00+00:00,94240.0,94244.01,94238.87,94238.87,2.78534
2025-04-26 11:05:00+00:00,94238.87,94238.88,94238.87,94238.87,0.75023
2025-04-26 11:06:00+00:00,94238.88,94238.88,94193.65,94202.14,7.06052
2025-04-26 11:07:00+00:00,94203.81,94207.31,94203.81,94207.3,3.14903
2025-04-26 11:08:00+00:00,94207.31,94207.31,94190.02,94190.03,1.26237
2025-04-26 11:09:00+00:00,94190.03,94190.03,94175.79,94175.79,3.496
2025-04-26 11:10:00+00:00,94175.8,94188.49,94165.62,94188.49,4.97536
2025-04-26 11:11:00+00:00,94188.48,94188.49,94188.48,94188.49,0.92154
2025-04-26 11:12:00+00:00,94188.48,94188.49,94166.18,94166.19,2.4486
2025-04-26 11:13:00+00:00,94166.18,94177.12,94166.18,94177.11,4.20521
2025-04-26 11:14:00+00:00,94177.11,94177.12,94165.96,94165.96,2.05266
2025-04-26 11:15:00+00:00,94165.96,94217.4,94162.52,94217.39,7.46865
2025-04-26 11:16:00+00:00,94217.39,94244.01,94217.39,94244.0,3.75751
2025-04-26 11:17:00+00:00,94244.01,94250.18,94239.02,94250.17,3.38058
2025-04-26 11:18:00+00:00,94250.17,94250.67,94207.59,94207.59,5.51415
2025-04-26 11:19:00+00:00,94207.6,94207.6,94175.33,94175.33,13.16111
2025-04-26 11:20:00+00:00,94175.33,94182.82,94165.34,94165.34,5.40263
2025-04-26 11:21:00+00:00,94165.34,94165.35,94157.54,94157.54,2.55607
2025-04-26 11:22:00+00:00,94157.55,94157.55,94150.91,94150.91,1.68784
2025-04-26 11:23:00+00:00,94150.92,94150.92,94134.86,94134.86,6.75044
2025-04-26 11:24:00+00:00,94134.86,94139.21,94134.86,94135.32,6.27003
2025-04-26 11:25:00+00:00,94135.31,94154.95,94135.31,94144.38,4.3141
2025-04-26 11:26:00+00:00,94144.39,94144.39,94142.23,94142.24,1.8237
2025-04-26 11:27:00+00:00,94142.24,94153.52,94135.36,94153.52,6.61965
2025-04-26 11:28:00+00:00,94153.51,94159.73,94152.03,94152.03,2.8601
2025-04-26 11:29:00+00:00,94152.03,94152.04,94142.85,94142.85,1.3164
2025-04-26 11:30:00+00:00,94142.85,94142.85,94086.95,94113.14,12.24027
2025-04-26 11:31:00+00:00,94113.14,94113.15,94108.48,94108.48,2.3655
2025-04-26 11:32:00+00:00,94108.49,94173.92,94101.21,94173.92,35.31959
2025-04-26 11:33:00+00:00,94173.91,94178.63,94157.43,94157.44,4.26541
2025-04-26 11:34:00+00:00,94157.43,94204.34,94157.43,94204.33,9.2593
2025-04-26 11:35:00+00:00,94204.33,94238.1,94204.33,94232.29,7.91591
2025-04-26 11:36:00+00:00,94232.3,94232.3,94170.16,94170.16,3.44716
2025-04-26 11:37:00+00:00,94170.17,94170.17,94130.43,94130.43,2.46726
2025-04-26 11:38:00+00:00,94130.44,94130.44,94095.39,94095.39,2.52126
2025-04-26 11:39:00+00:00,94095.39,94095.4,94088.0,94088.01,6.7899
2025-04-26 11:40:00+00:00,94088.0,94088.01,94088.0,94088.0,1.76451
2025-04-26 11:41:00+00:00,94088.0,94088.01,94075.92,94075.93,4.61259
2025-04-26 11:42:00+00:00,94075.92,94075.93,94022.0,94028.91,32.1737
2025-04-26 11:43:00+00:00,94028.91,94046.78,94027.5,94027.51,5.90142
2025-04-26 11:44:00+00:00,94027.51,94059.62,94026.02,94059.62,6.09558
2025-04-26 11:45:00+00:00,94059.62,94139.21,94048.54,94139.21,13.91903
2025-04-26 11:46:00+00:00,94139.2,94157.52,94103.8,94103.8,3.96397
2025-04-26 11:47:00+00:00,94103.8,94103.8,94049.81,94049.81,6.10409
2025-04-26 11:48:00+00:00,94049.82,94101.24,94049.82,94101.23,3.65893
2025-04-26 11:49:00+00:00,94101.23,94101.23,94050.78,94050.8,4.54565
2025-04-26 11:50:00+00:00,94050.79,94063.24,94022.0,94029.57,8.06109
2025-04-26 11:51:00+00:00,94029.58,94043.48,94015.8,94015.8,7.37774
2025-04-26 11:52:00+00:00,94015.81,94015.81,93990.6,94010.01,53.62951
2025-04-26 11:53:00+00:00,94010.01,94056.5,94006.32,94047.61,17.64063
2025-04-26 11:54:00+00:00,94047.62,94080.0,94037.67,94079.99,7.43419
2025-04-26 11:55:00+00:00,94080.0,94173.92,94079.99,94153.21,19.61512
2025-04-26 11:56:00+00:00,94153.22,94180.0,94132.72,94165.46,9.38952
2025-04-26 11:57:00+00:00,94165.46,94173.92,94159.4,94173.92,3.0195
2025-04-26 11:58:00+00:00,94173.91,94173.92,94159.4,94159.4,1.94376
2025-04-26 11:59:00+00:00,94159.41,94159.41,94123.42,94144.06,4.73145
2025-04-26 12:00:00+00:00,94144.07,94189.35,94144.06,94189.34,4.44223
2025-04-26 12:01:00+00:00,94189.35,94189.35,94184.14,94184.14,2.90236
2025-04-26 12:02:00+00:00,94184.15,94184.15,94147.26,94178.62,7.48347
2025-04-26 12:03:00+00:00,94178.62,94188.52,94178.62,94188.51,2.07013
2025-04-26 12:04:00+00:00,94188.52,94215.01,94162.0,94162.0,4.97853
2025-04-26 12:05:00+00:00,94162.01,94162.01,94140.61,94140.62,3.04652
2025-04-26 12:06:00+00:00,94140.61,94140.62,94114.81,94116.65,3.42004
2025-04-26 12:07:00+00:00,94116.66,94135.75,94113.23,94135.75,3.81771
2025-04-26 12:08:00+00:00,94135.74,94213.0,94135.74,94213.0,5.41935
2025-04-26 12:09:00+00:00,94213.0,94217.4,94199.29,94203.17,10.00986
2025-04-26 12:10:00+00:00,94203.16,94203.17,94159.57,94159.57,19.67314
2025-04-26 12:11:00+00:00,94159.58,94200.0,94159.57,94190.48,7.94818
2025-04-26 12:12:00+00:00,94190.48,94277.6,94190.47,94277.52,20.47965
2025-04-26 12:13:00+00:00,94277.52,94287.05,94242.52,94242.52,20.70917
2025-04-26 12:14:00+00:00,94242.52,94242.53,94224.03,94224.03,5.24866
2025-04-26 12:15:00+00:00,94224.04,94270.91,94224.03,94263.74,6.53559
2025-04-26 12:16:00+00:00,94263.74,94273.93,94252.72,94273.76,8.90449
2025-04-26 12:17:00+00:00,94273.76,94290.42,94273.75,94290.41,3.39359
2025-04-26 12:18:00+00:00,94290.41,94290.42,94272.42,94272.43,2.58922
2025-04-26 12:19:00+00:00,94272.43,94272.43,94231.93,94231.94,2.64517
2025-04-26 12:20:00+00:00,94231.93,94231.94,94217.39,94217.39,2.443
2025-04-26 12:21:00+00:00,94217.39,94269.98,94181.5,94269.97,20.24822
2025-04-26 12:22:00+00:00,94269.98,94284.0,94261.48,94284.0,5.034
2025-04-26 12:23:00+00:00,94284.0,94291.0,94275.92,94290.99,4.9676
2025-04-26 12:24:00+00:00,94290.99,94300.0,94290.99,94293.26,2.94097
2025-04-26 12:25:00+00:00,94293.26,94293.27,94231.63,94249.47,3.73232
2025-04-26 12:26:00+00:00,94249.47,94304.35,94249.47,94304.34,7.36938
2025-04-26 12:27:00+00:00,94304.35,94318.5,94271.2,94271.2,5.90679
2025-04-26 12:28:00+00:00,94271.21,94311.8,94271.2,94311.8,3.9508
2025-04-26 12:29:00+00:00,94311.79,94320.0,94300.5,94300.51,3.80078
2025-04-26 12:30:00+00:00,94300.51,94300.51,94284.12,94291.91,1.60933
2025-04-26 12:31:00+00:00,94291.91,94300.51,94265.3,94265.3,3.53056
2025-04-26 12:32:00+00:00,94265.29,94289.31,94260.86,94260.87,2.9245
2025-04-26 12:33:00+00:00,94260.87,94280.03,94255.71,94255.72,24.57389
2025-04-26 12:34:00+00:00,94255.72,94255.72,94231.57,94231.57,13.6676
2025-04-26 12:35:00+00:00,94231.58,94231.58,94208.15,94208.15,3.98457
2025-04-26 12:36:00+00:00,94208.16,94208.16,94208.15,94208.15,1.56632
2025-04-26 12:37:00+00:00,94208.16,94217.4,94208.15,94217.39,3.07457
2025-04-26 12:38:00+00:00,94217.4,94217.4,94194.4,94194.4,9.04515
2025-04-26 12:39:00+00:00,94194.41,94205.79,94194.4,94205.78,2.42196
2025-04-26 12:40:00+00:00,94205.79,94205.79,94205.78,94205.78,4.22494
2025-04-26 12:41:00+00:00,94205.78,94240.0,94205.78,94240.0,1.89305
2025-04-26 12:42:00+00:00,94240.0,94247.72,94239.99,94247.72,1.64658
2025-04-26 12:43:00+00:00,94247.71,94260.86,94237.87,94252.25,5.45209
2025-04-26 12:44:00+00:00,94252.24,94252.25,94237.01,94237.01,2.48253
2025-04-26 12:45:00+00:00,94237.02,94252.25,94225.15,94252.24,3.06711
2025-04-26 12:46:00+00:00,94252.24,94271.58,94228.19,94228.2,4.46002
2025-04-26 12:47:00+00:00,94228.19,94228.2,94208.98,94208.98,2.47516
2025-04-26 12:48:00+00:00,94208.99,94208.99,94177.35,94177.36,3.61641
2025-04-26 12:49:00+00:00,94177.35,94177.36,94150.0,94159.26,4.39009
2025-04-26 12:50:00+00:00,94159.25,94159.26,94123.6,94123.6,3.72636
2025-04-26 12:51:00+00:00,94123.6,94173.08,94123.6,94158.95,3.72204
2025-04-26 12:52:00+00:00,94158.96,94237.5,94158.95,94237.49,8.77367
2025-04-26 12:53:00+00:00,94237.5,94238.1,94223.5,94238.1,9.50807
2025-04-26 12:54:00+00:00,94238.09,94238.1,94220.71,94220.71,2.15297
2025-04-26 12:55:00+00:00,94220.72,94220.72,94220.71,94220.71,0.73914
2025-04-26 12:56:00+00:00,94220.71,94240.0,94220.71,94239.08,3.54701
2025-04-26 12:57:00+00:00,94239.07,94273.98,94239.07,94273.97,3.82938
2025-04-26 12:58:00+00:00,94273.97,94273.98,94263.02,94263.03,2.8152
2025-04-26 12:59:00+00:00,94263.03,94263.03,94245.9,94245.9,2.15571
2025-04-26 13:00:00+00:00,94245.91,94245.91,94184.49,94184.5,6.05585
2025-04-26 13:01:00+00:00,94184.49,94194.95,94184.49,94194.94,2.96329
2025-04-26 13:02:00+00:00,94194.95,94269.39,94194.94,94269.38,4.21956
2025-04-26 13:03:00+00:00,94269.39,94300.0,94256.88,94300.0,6.6124
2025-04-26 13:04:00+00:00,94299.99,94300.0,94280.85,94280.85,3.39936
2025-04-26 13:05:00+00:00,94280.85,94294.78,94280.85,94294.78,1.62983
2025-04-26 13:06:00+00:00,94294.77,94300.95,94280.85,94280.85,3.90045
2025-04-26 13:07:00+00:00,94280.85,94295.95,94264.75,94264.75,4.18791
2025-04-26 13:08:00+00:00,94264.75,94264.76,94264.75,94264.75,1.08844
2025-04-26 13:09:00+00:00,94264.75,94264.76,94261.89,94261.89,1.68077
2025-04-26 13:10:00+00:00,94261.9,94261.9,94220.0,94247.07,3.6057
2025-04-26 13:11:00+00:00,94247.07,94247.08,94200.62,94200.62,2.6382
2025-04-26 13:12:00+00:00,94200.63,94220.97,94200.62,94220.97,1.94194
2025-04-26 13:13:00+00:00,94220.97,94220.97,94220.96,94220.96,1.0322
2025-04-26 13:14:00+00:00,94220.96,94238.94,94220.96,94238.94,2.63475
2025-04-26 13:15:00+00:00,94238.94,94238.94,94200.0,94200.01,4.6465
2025-04-26 13:16:00+00:00,94200.01,94200.01,94196.05,94196.06,2.00017
2025-04-26 13:17:00+00:00,94196.06,94196.06,94190.58,94190.58,3.07687
2025-04-26 13:18:00+00:00,94190.59,94190.59,94173.91,94173.92,2.22669
2025-04-26 13:19:00+00:00,94173.91,94204.5,94173.91,94204.5,6.33671
2025-04-26 13:20:00+00:00,94204.5,94204.5,94176.27,94176.28,2.75132
2025-04-26 13:21:00+00:00,94176.28,94176.28,94157.59,94157.6,1.3633
2025-04-26 13:22:00+00:00,94157.6,94157.6,94114.18,94133.51,10.36979
2025-04-26 13:23:00+00:00,94133.5,94140.0,94124.53,94139.99,3.80075
2025-04-26 13:24:00+00:00,94139.99,94160.0,94139.99,94150.58,4.72092
2025-04-26 13:25:00+00:00,94150.57,94150.58,94119.41,94119.41,4.25138
2025-04-26 13:26:00+00:00,94119.41,94119.42,94106.53,94106.54,1.573
2025-04-26 13:27:00+00:00,94106.53,94116.07,94100.0,94105.67,2.90102
2025-04-26 13:28:00+00:00,94105.68,94115.57,94100.0,94100.01,3.55181
2025-04-26 13:29:00+00:00,94100.0,94100.01,94066.26,94066.26,4.56389
2025-04-26 13:30:00+00:00,94066.26,94066.27,94046.82,94054.6,4.00216
2025-04-26 13:31:00+00:00,94054.6,94054.6,94031.01,94031.01,5.61627
2025-04-26 13:32:00+00:00,94031.01,94031.02,94031.01,94031.01,3.1009
2025-04-26 13:33:00+00:00,94031.01,94031.02,94014.34,94014.34,4.15848
2025-04-26 13:34:00+00:00,94014.35,94031.01,94010.0,94031.0,7.55672
2025-04-26 13:35:00+00:00,94031.01,94033.0,94001.0,94032.99,13.79834
2025-04-26 13:36:00+00:00,94033.0,94110.8,94033.0,94110.8,28.58524
2025-04-26 13:37:00+00:00,94110.79,94110.8,94089.7,94089.7,5.90004
2025-04-26 13:38:00+00:00,94089.7,94124.69,94089.7,94124.68,2.95961
2025-04-26 13:39:00+00:00,94124.69,94160.0,94109.12,94152.62,5.13366
2025-04-26 13:40:00+00:00,94152.63,94152.63,94144.84,94144.85,1.27095
2025-04-26 13:41:00+00:00,94144.84,94144.85,94102.62,94102.63,1.43008
2025-04-26 13:42:00+00:00,94102.62,94102.62,94010.44,94010.44,10.99106
2025-04-26 13:43:00+00:00,94010.44,94010.45,94003.53,94003.53,8.00511
2025-04-26 13:44:00+00:00,94003.53,94007.19,93970.4,93989.69,21.86465
2025-04-26 13:45:00+00:00,93989.68,93989.68,93891.83,93895.86,150.51515
2025-04-26 13:46:00+00:00,93895.85,93940.0,93870.69,93870.7,26.41017
2025-04-26 13:47:00+00:00,93870.7,94080.0,93870.69,94063.66,23.89113
2025-04-26 13:48:00+00:00,94063.67,94105.61,94035.17,94035.17,8.98574
2025-04-26 13:49:00+00:00,94035.18,94066.0,94001.39,94051.43,12.4404
2025-04-26 13:50:00+00:00,94051.44,94064.26,94047.95,94047.95,3.31002
2025-04-26 13:51:00+00:00,94047.95,94047.96,93930.42,93930.43,17.64562
2025-04-26 13:52:00+00:00,93930.42,93999.13,93920.21,93986.21,9.94297
2025-04-26 13:53:00+00:00,93986.2,93986.2,93943.5,93954.0,3.52739
2025-04-26 13:54:00+00:00,93953.99,93977.66,93947.75,93974.75,6.55368
2025-04-26 13:55:00+00:00,93974.75,93974.75,93943.5,93943.5,8.00554
2025-04-26 13:56:00+00:00,93943.51,94000.0,93922.89,93999.99,12.45491
2025-04-26 13:57:00+00:00,93999.99,94052.44,93999.99,94041.83,5.15868
2025-04-26 13:58:00+00:00,94041.82,94051.23,94041.82,94051.22,4.14384
2025-04-26 13:59:00+00:00,94051.23,94149.2,94048.69,94149.2,28.30541
2025-04-26 14:00:00+00:00,94149.19,94149.2,94116.15,94116.16,11.10648
2025-04-26 14:01:00+00:00,94116.16,94172.18,94115.0,94172.17,11.40695
2025-04-26 14:02:00+00:00,94172.18,94172.18,94142.85,94172.14,11.9444
2025-04-26 14:03:00+00:00,94172.15,94211.73,94120.99,94120.99,13.34704
2025-04-26 14:04:00+00:00,94120.99,94121.0,93947.59,93947.59,17.6331
2025-04-26 14:05:00+00:00,93947.6,93987.57,93920.0,93987.56,12.36609
2025-04-26 14:06:00+00:00,93987.57,94025.68,93963.87,94011.46,4.18599
2025-04-26 14:07:00+00:00,94011.45,94032.15,94006.12,94025.44,3.44793
2025-04-26 14:08:00+00:00,94025.44,94025.45,93956.52,93979.36,4.58131
2025-04-26 14:09:00+00:00,93979.36,93996.0,93976.27,93992.49,4.73471
2025-04-26 14:10:00+00:00,93992.49,94019.99,93941.27,93941.27,5.82633
2025-04-26 14:11:00+00:00,93941.28,94000.01,93941.27,94000.0,2.71883
2025-04-26 14:12:00+00:00,94000.0,94027.67,94000.0,94008.27,3.8344
2025-04-26 14:13:00+00:00,94008.27,94008.28,93967.86,93982.38,5.58173
2025-04-26 14:14:00+00:00,93982.39,94038.87,93976.8,94029.76,5.29188
2025-04-26 14:15:00+00:00,94029.76,94029.76,93943.3,93943.31,3.25691
2025-04-26 14:16:00+00:00,93943.3,93971.56,93936.88,93936.89,4.1217
2025-04-26 14:17:00+00:00,93936.88,93965.65,93936.88,93941.83,3.29293
2025-04-26 14:18:00+00:00,93941.84,93956.48,93940.0,93956.48,2.62682
2025-04-26 14:19:00+00:00,93956.48,93997.15,93956.47,93962.91,3.25827
2025-04-26 14:20:00+00:00,93962.92,93969.41,93962.91,93962.93,1.63984
2025-04-26 14:21:00+00:00,93962.92,93964.98,93922.27,93922.27,10.94379
2025-04-26 14:22:00+00:00,93922.28,93956.53,93922.27,93956.53,2.43803
2025-04-26 14:23:00+00:00,93956.52,93980.37,93943.53,93980.37,4.55546
2025-04-26 14:24:00+00:00,93980.84,94080.0,93980.28,94079.99,7.76363
2025-04-26 14:25:00+00:00,94079.99,94085.64,94058.43,94085.64,6.94795
2025-04-26 14:26:00+00:00,94085.63,94127.31,94061.32,94127.3,13.90192
2025-04-26 14:27:00+00:00,94127.3,94127.31,94106.33,94117.55,8.92824
2025-04-26 14:28:00+00:00,94117.54,94117.55,94108.13,94108.14,2.64637
2025-04-26 14:29:00+00:00,94108.14,94111.01,94080.77,94111.0,2.95465
2025-04-26 14:30:00+00:00,94111.0,94130.44,94111.0,94130.43,2.23233
2025-04-26 14:31:00+00:00,94130.44,94130.44,94061.04,94061.04,10.90529
2025-04-26 14:32:00+00:00,94061.04,94125.29,94061.04,94125.29,3.72505
2025-04-26 14:33:00+00:00,94125.28,94130.44,94113.52,94125.27,2.94877
2025-04-26 14:34:00+00:00,94125.27,94139.0,94112.96,94124.57,3.40148
2025-04-26 14:35:00+00:00,94124.57,94124.57,94080.24,94080.24,3.11343
2025-04-26 14:36:00+00:00,94080.24,94101.75,94076.75,94095.23,3.83871
2025-04-26 14:37:00+00:00,94095.24,94130.44,94095.23,94130.44,5.60063
2025-04-26 14:38:00+00:00,94130.43,94135.15,94130.43,94135.15,4.44042
2025-04-26 14:39:00+00:00,94135.14,94180.0,94135.14,94180.0,9.27923
2025-04-26 14:40:00+00:00,94179.99,94180.0,94164.46,94173.09,3.79463
2025-04-26 14:41:00+00:00,94173.1,94246.85,94173.09,94246.85,10.27544
2025-04-26 14:42:00+00:00,94246.84,94246.85,94192.59,94192.6,11.96169
2025-04-26 14:43:00+00:00,94192.59,94217.39,94192.59,94211.8,4.94537
2025-04-26 14:44:00+00:00,94211.8,94217.39,94204.57,94204.58,4.86316
2025-04-26 14:45:00+00:00,94204.57,94204.58,94185.87,94185.88,3.1995
2025-04-26 14:46:00+00:00,94185.88,94202.5,94185.87,94202.5,2.89951
2025-04-26 14:47:00+00:00,94202.49,94270.31,94202.49,94265.98,5.3082
2025-04-26 14:48:00+00:00,94265.99,94265.99,94241.8,94251.23,6.80838
2025-04-26 14:49:00+00:00,94251.24,94252.95,94241.83,94252.94,3.83373
2025-04-26 14:50:00+00:00,94252.95,94252.95,94190.47,94190.48,3.08116
2025-04-26 14:51:00+00:00,94190.47,94217.4,94190.47,94202.9,6.3242
2025-04-26 14:52:00+00:00,94202.9,94202.9,94193.83,94193.83,2.65955
2025-04-26 14:53:00+00:00,94193.84,94224.84,94193.83,94224.83,3.54226
2025-04-26 14:54:00+00:00,94224.83,94249.84,94220.84,94220.85,5.39421
2025-04-26 14:55:00+00:00,94220.85,94271.38,94220.84,94271.38,5.44892
2025-04-26 14:56:00+00:00,94271.38,94271.38,94250.22,94250.22,3.36808
2025-04-26 14:57:00+00:00,94250.22,94260.63,94250.22,94260.62,2.00067
2025-04-26 14:58:00+00:00,94260.63,94260.63,94260.62,94260.62,1.49817
2025-04-26 14:59:00+00:00,94260.62,94260.63,94240.0,94240.01,2.92991
2025-04-26 15:00:00+00:00,94240.01,94277.9,94240.0,94277.89,8.29378
2025-04-26 15:01:00+00:00,94277.9,94290.45,94277.7,94290.45,9.12609
2025-04-26 15:02:00+00:00,94290.45,94300.0,94287.7,94300.0,3.82621
2025-04-26 15:03:00+00:00,94299.99,94300.0,94280.06,94280.06,5.20363
2025-04-26 15:04:00+00:00,94280.07,94337.48,94280.06,94335.09,31.6621
2025-04-26 15:05:00+00:00,94335.08,94335.09,94293.98,94293.99,5.36908
2025-04-26 15:06:00+00:00,94293.98,94333.45,94293.98,94332.43,9.5907
2025-04-26 15:07:00+00:00,94332.43,94360.0,94325.39,94359.99,7.06137
2025-04-26 15:08:00+00:00,94359.99,94361.0,94344.44,94344.45,8.7476
2025-04-26 15:09:00+00:00,94344.44,94347.83,94310.58,94321.49,10.66095
2025-04-26 15:10:00+00:00,94321.5,94321.5,94280.07,94287.29,25.61348
2025-04-26 15:11:00+00:00,94287.29,94356.92,94280.07,94356.92,9.57475
2025-04-26 15:12:00+00:00,94356.92,94361.0,94356.91,94358.05,2.39302
2025-04-26 15:13:00+00:00,94358.04,94358.05,94341.53,94341.53,3.99158
2025-04-26 15:14:00+00:00,94341.53,94345.0,94329.42,94329.43,2.35975
2025-04-26 15:15:00+00:00,94329.43,94345.0,94323.75,94344.99,3.73642
2025-04-26 15:16:00+00:00,94344.99,94386.0,94342.5,94347.84,31.64141
2025-04-26 15:17:00+00:00,94347.83,94347.84,94260.86,94260.87,15.8409
2025-04-26 15:18:00+00:00,94260.87,94282.11,94234.0,94234.01,7.70475
2025-04-26 15:19:00+00:00,94234.0,94248.15,94205.81,94205.82,5.88069
2025-04-26 15:20:00+00:00,94205.81,94216.03,94205.81,94216.02,4.65415
2025-04-26 15:21:00+00:00,94216.02,94216.03,94184.23,94184.23,5.21506
2025-04-26 15:22:00+00:00,94184.24,94216.5,94184.23,94216.5,3.10893
2025-04-26 15:23:00+00:00,94216.5,94225.46,94206.64,94206.65,2.59613
2025-04-26 15:24:00+00:00,94206.65,94276.0,94206.64,94268.86,11.5387
2025-04-26 15:25:00+00:00,94268.86,94320.0,94260.88,94317.0,11.23137
2025-04-26 15:26:00+00:00,94317.0,94351.77,94317.0,94351.76,6.69096
2025-04-26 15:27:00+00:00,94351.76,94354.18,94350.17,94354.17,3.18814
2025-04-26 15:28:00+00:00,94354.18,94378.33,94354.17,94378.33,2.1688
2025-04-26 15:29:00+00:00,94378.33,94380.96,94372.64,94380.95,2.95731
2025-04-26 15:30:00+00:00,94380.96,94380.96,94367.9,94367.9,2.70431
2025-04-26 15:31:00+00:00,94367.91,94367.91,94367.9,94367.9,1.37949
2025-04-26 15:32:00+00:00,94367.9,94373.0,94367.9,94367.91,1.2306
2025-04-26 15:33:00+00:00,94367.9,94367.91,94353.01,94353.02,2.41076
2025-04-26 15:34:00+00:00,94353.02,94353.02,94304.54,94304.54,2.6547
2025-04-26 15:35:00+00:00,94304.55,94313.33,94304.54,94304.55,2.47998
2025-04-26 15:36:00+00:00,94304.56,94304.56,94287.63,94287.64,4.00879
2025-04-26 15:37:00+00:00,94287.63,94333.3,94287.63,94333.3,3.3685
2025-04-26 15:38:00+00:00,94333.3,94339.0,94311.21,94311.22,3.27885
2025-04-26 15:39:00+00:00,94311.22,94311.22,94260.86,94260.87,4.63157
2025-04-26 15:40:00+00:00,94260.87,94270.29,94260.86,94270.28,1.56212
2025-04-26 15:41:00+00:00,94270.28,94270.29,94256.13,94256.14,1.45176
2025-04-26 15:42:00+00:00,94256.14,94256.14,94251.78,94256.12,10.32724
2025-04-26 15:43:00+00:00,94256.13,94256.13,94240.0,94251.3,3.28966
2025-04-26 15:44:00+00:00,94251.31,94256.13,94251.3,94256.12,19.53329
2025-04-26 15:45:00+00:00,94256.12,94256.13,94235.74,94235.75,2.89012
2025-04-26 15:46:00+00:00,94235.74,94245.17,94235.58,94245.17,2.71029
2025-04-26 15:47:00+00:00,94245.17,94260.87,94245.16,94260.87,4.72833
2025-04-26 15:48:00+00:00,94260.87,94299.99,94260.87,94299.99,3.51837
2025-04-26 15:49:00+00:00,94299.99,94340.0,94299.98,94339.99,2.05203
2025-04-26 15:50:00+00:00,94340.0,94384.46,94339.99,94357.6,10.51119
2025-04-26 15:51:00+00:00,94357.6,94357.6,94341.69,94341.69,6.45737
2025-04-26 15:52:00+00:00,94341.69,94360.2,94341.69,94356.68,6.58525
2025-04-26 15:53:00+00:00,94356.68,94380.0,94356.68,94380.0,2.4932
2025-04-26 15:54:00+00:00,94380.0,94380.0,94359.16,94359.16,2.13941
2025-04-26 15:55:00+00:00,94359.17,94385.78,94359.16,94385.77,2.90642
2025-04-26 15:56:00+00:00,94385.77,94385.77,94375.31,94384.49,1.53847
2025-04-26 15:57:00+00:00,94384.5,94384.53,94384.49,94384.53,3.62285
2025-04-26 15:58:00+00:00,94384.53,94384.53,94384.52,94384.53,5.32016
2025-04-26 15:59:00+00:00,94384.53,94394.0,94373.23,94373.24,15.93554
2025-04-26 16:00:00+00:00,94373.24,94373.24,94333.33,94367.7,7.41244
2025-04-26 16:01:00+00:00,94367.71,94367.71,94316.58,94316.59,5.95065
2025-04-26 16:02:00+00:00,94316.59,94332.68,94316.58,94332.67,2.9514
2025-04-26 16:03:00+00:00,94332.68,94332.68,94321.6,94327.96,2.91958
2025-04-26 16:04:00+00:00,94327.96,94327.96,94321.61,94321.62,1.46374
2025-04-26 16:05:00+00:00,94321.62,94332.14,94316.58,94316.59,2.52995
2025-04-26 16:06:00+00:00,94316.59,94343.74,94316.58,94343.74,1.81568
2025-04-26 16:07:00+00:00,94343.74,94343.74,94300.0,94300.0,4.49979
2025-04-26 16:08:00+00:00,94300.0,94300.01,94269.21,94269.21,8.17714
2025-04-26 16:09:00+00:00,94269.21,94269.22,94240.96,94240.97,4.66764
2025-04-26 16:10:00+00:00,94240.97,94245.2,94240.96,94244.49,1.56443
2025-04-26 16:11:00+00:00,94244.49,94244.5,94244.49,94244.49,0.66042
2025-04-26 16:12:00+00:00,94244.49,94244.5,94244.49,94244.5,1.4296
2025-04-26 16:13:00+00:00,94244.49,94244.5,94244.49,94244.49,0.46542
2025-04-26 16:14:00+00:00,94244.49,94250.0,94244.49,94250.0,4.8595
2025-04-26 16:15:00+00:00,94249.99,94269.0,94249.99,94268.99,2.89026
2025-04-26 16:16:00+00:00,94268.99,94269.0,94257.0,94257.01,6.35287
2025-04-26 16:17:00+00:00,94257.01,94257.01,94242.03,94242.03,4.73722
2025-04-26 16:18:00+00:00,94242.04,94247.57,94238.04,94238.05,4.56778
2025-04-26 16:19:00+00:00,94238.05,94270.75,94238.04,94270.74,4.04218
2025-04-26 16:20:00+00:00,94270.75,94279.63,94270.74,94279.62,1.12239
2025-04-26 16:21:00+00:00,94279.62,94312.69,94279.62,94312.69,5.68255
2025-04-26 16:22:00+00:00,94312.68,94312.69,94285.71,94285.71,2.92284
2025-04-26 16:23:00+00:00,94285.72,94292.78,94285.71,94292.77,1.78918
2025-04-26 16:24:00+00:00,94292.78,94302.39,94292.77,94302.39,1.79079
2025-04-26 16:25:00+00:00,94302.39,94312.85,94302.38,94312.85,1.9219
2025-04-26 16:26:00+00:00,94312.85,94312.85,94312.84,94312.84,0.81347
2025-04-26 16:27:00+00:00,94312.84,94328.0,94312.84,94327.99,1.88513
2025-04-26 16:28:00+00:00,94327.99,94328.0,94327.99,94327.99,0.70623
2025-04-26 16:29:00+00:00,94328.0,94328.0,94327.99,94327.99,0.61762
2025-04-26 16:30:00+00:00,94328.0,94328.0,94327.04,94327.04,5.20846
2025-04-26 16:31:00+00:00,94327.04,94327.05,94272.5,94272.51,3.42801
2025-04-26 16:32:00+00:00,94272.5,94321.5,94240.0,94321.49,8.35033
2025-04-26 16:33:00+00:00,94321.49,94321.49,94309.06,94316.0,6.90791
2025-04-26 16:34:00+00:00,94316.01,94317.44,94269.5,94269.5,6.18839
2025-04-26 16:35:00+00:00,94269.51,94280.38,94241.67,94241.68,3.76607
2025-04-26 16:36:00+00:00,94241.67,94241.68,94205.28,94216.5,5.79945
2025-04-26 16:37:00+00:00,94216.5,94216.5,94203.2,94203.21,1.55348
2025-04-26 16:38:00+00:00,94203.2,94203.2,94163.2,94163.2,6.54633
2025-04-26 16:39:00+00:00,94163.21,94192.47,94163.2,94189.15,4.70467
2025-04-26 16:40:00+00:00,94189.15,94189.16,94180.19,94180.19,2.39784
2025-04-26 16:41:00+00:00,94180.2,94186.96,94180.15,94180.15,1.02066
2025-04-26 16:42:00+00:00,94180.16,94180.16,94133.31,94139.82,27.86482
2025-04-26 16:43:00+00:00,94139.82,94139.82,94041.0,94041.01,13.75631
2025-04-26 16:44:00+00:00,94041.01,94141.21,94041.0,94141.21,11.09035
2025-04-26 16:45:00+00:00,94141.21,94172.33,94125.62,94172.33,4.29131
2025-04-26 16:46:00+00:00,94172.33,94180.19,94172.32,94180.18,3.1104
2025-04-26 16:47:00+00:00,94180.18,94358.9,94173.91,94342.84,17.24912
2025-04-26 16:48:00+00:00,94342.84,94342.84,94296.38,94296.38,4.30549
2025-04-26 16:49:00+00:00,94296.39,94309.07,94296.07,94296.07,3.1473
2025-04-26 16:50:00+00:00,94296.08,94309.07,94296.07,94302.3,4.03984
2025-04-26 16:51:00+00:00,94302.3,94302.3,94218.69,94218.69,6.11195
2025-04-26 16:52:00+00:00,94218.7,94223.72,94210.77,94223.71,1.8327
2025-04-26 16:53:00+00:00,94223.71,94283.6,94223.71,94283.6,3.78521
2025-04-26 16:54:00+00:00,94283.6,94289.82,94248.02,94248.02,7.17453
2025-04-26 16:55:00+00:00,94248.03,94263.85,94248.02,94263.84,2.38368
2025-04-26 16:56:00+00:00,94263.84,94300.0,94263.84,94290.0,5.53065
2025-04-26 16:57:00+00:00,94290.0,94295.67,94269.01,94295.67,1.78993
2025-04-26 16:58:00+00:00,94295.66,94295.67,94286.92,94286.92,0.66453
2025-04-26 16:59:00+00:00,94286.92,94286.93,94286.92,94286.92,0.26104
2025-04-26 17:00:00+00:00,94286.92,94286.92,94280.88,94280.89,1.36494
2025-04-26 17:01:00+00:00,94280.89,94340.0,94280.88,94320.22,9.54163
2025-04-26 17:02:00+00:00,94320.22,94320.22,94300.0,94317.72,4.11538
2025-04-26 17:03:00+00:00,94317.73,94317.73,94240.03,94256.26,4.58141
2025-04-26 17:04:00+00:00,94256.26,94296.99,94247.53,94296.99,3.21507
2025-04-26 17:05:00+00:00,94296.99,94296.99,94283.07,94292.4,1.31881
2025-04-26 17:06:00+00:00,94292.39,94299.46,94289.04,94289.04,0.98188
2025-04-26 17:07:00+00:00,94289.05,94300.0,94285.71,94290.84,1.26467
2025-04-26 17:08:00+00:00,94290.84,94290.85,94282.12,94282.13,1.20031
2025-04-26 17:09:00+00:00,94282.12,94320.0,94282.12,94319.99,2.60901
2025-04-26 17:10:00+00:00,94319.99,94320.0,94297.95,94297.96,2.97443
2025-04-26 17:11:00+00:00,94297.96,94304.1,94279.1,94304.1,2.94519
2025-04-26 17:12:00+00:00,94304.09,94304.34,94266.77,94269.01,3.29681
2025-04-26 17:13:00+00:00,94269.01,94269.01,94243.19,94243.19,2.92323
2025-04-26 17:14:00+00:00,94243.2,94259.71,94243.19,94259.7,1.7664
2025-04-26 17:15:00+00:00,94259.71,94259.71,94237.78,94258.44,2.15831
2025-04-26 17:16:00+00:00,94258.44,94272.02,94258.44,94272.01,1.16968
2025-04-26 17:17:00+00:00,94272.01,94300.0,94272.01,94300.0,0.8165
2025-04-26 17:18:00+00:00,94299.99,94318.32,94299.99,94300.82,11.36259
2025-04-26 17:19:00+00:00,94300.81,94333.34,94260.86,94260.86,4.65343
2025-04-26 17:20:00+00:00,94260.86,94260.86,94222.33,94248.0,5.55834
2025-04-26 17:21:00+00:00,94247.99,94260.87,94247.99,94260.86,1.83465
2025-04-26 17:22:00+00:00,94260.86,94260.87,94260.86,94260.86,0.5284
2025-04-26 17:23:00+00:00,94260.87,94270.29,94250.57,94270.28,4.64281
2025-04-26 17:24:00+00:00,94270.29,94324.66,94270.28,94290.98,6.67583
2025-04-26 17:25:00+00:00,94290.99,94298.81,94290.98,94298.8,3.42034
2025-04-26 17:26:00+00:00,94298.8,94312.83,94298.8,94312.83,4.57058
2025-04-26 17:27:00+00:00,94312.83,94312.83,94290.79,94290.79,2.22552
2025-04-26 17:28:00+00:00,94290.79,94364.71,94290.78,94364.71,4.60301
2025-04-26 17:29:00+00:00,94364.71,94378.87,94286.32,94319.99,5.6268
2025-04-26 17:30:00+00:00,94319.99,94333.36,94319.99,94333.35,1.34512
2025-04-26 17:31:00+00:00,94333.35,94333.35,94326.17,94326.17,1.24423
2025-04-26 17:32:00+00:00,94326.17,94331.33,94326.17,94331.32,1.2881
2025-04-26 17:33:00+00:00,94331.33,94339.88,94331.32,94339.87,1.68522
2025-04-26 17:34:00+00:00,94339.88,94354.58,94333.65,94347.82,3.3178
2025-04-26 17:35:00+00:00,94347.82,94347.82,94334.41,94334.41,3.24991
2025-04-26 17:36:00+00:00,94334.41,94334.42,94334.41,94334.41,0.90775
2025-04-26 17:37:00+00:00,94334.41,94334.42,94304.34,94304.35,4.44675
2025-04-26 17:38:00+00:00,94304.34,94313.05,94303.35,94313.05,1.91244
2025-04-26 17:39:00+00:00,94313.05,94313.05,94300.0,94300.01,1.45372
2025-04-26 17:40:00+00:00,94300.0,94300.01,94300.0,94300.0,1.23883
2025-04-26 17:41:00+00:00,94300.0,94318.0,94300.0,94300.12,2.31051
2025-04-26 17:42:00+00:00,94300.12,94300.13,94281.18,94281.18,1.37227
2025-04-26 17:43:00+00:00,94281.19,94290.13,94281.18,94290.12,0.91877
2025-04-26 17:44:00+00:00,94290.12,94340.0,94285.71,94339.99,2.93789
2025-04-26 17:45:00+00:00,94339.99,94347.81,94339.99,94347.8,1.5058
2025-04-26 17:46:00+00:00,94347.8,94347.8,94339.99,94344.71,1.035
2025-04-26 17:47:00+00:00,94344.71,94366.88,94339.99,94358.17,8.06768
2025-04-26 17:48:00+00:00,94358.18,94358.18,94350.85,94350.85,1.91402
2025-04-26 17:49:00+00:00,94350.86,94350.86,94342.51,94342.51,1.51961
2025-04-26 17:50:00+00:00,94342.52,94342.52,94322.6,94322.6,1.58305
2025-04-26 17:51:00+00:00,94322.61,94322.61,94316.71,94316.72,2.20439
2025-04-26 17:52:00+00:00,94316.71,94329.35,94316.71,94329.34,2.25801
2025-04-26 17:53:00+00:00,94329.35,94329.35,94329.34,94329.34,0.58888
2025-04-26 17:54:00+00:00,94329.35,94329.35,94329.34,94329.35,1.59511
2025-04-26 17:55:00+00:00,94329.35,94329.35,94304.85,94304.86,3.80213
2025-04-26 17:56:00+00:00,94304.85,94304.86,94304.53,94304.53,0.75864
2025-04-26 17:57:00+00:00,94304.53,94304.54,94304.51,94304.51,0.63849
2025-04-26 17:58:00+00:00,94304.51,94304.52,94304.51,94304.52,2.06214
2025-04-26 17:59:00+00:00,94304.51,94316.8,94304.51,94316.79,1.32572
2025-04-26 18:00:00+00:00,94316.79,94316.8,94284.21,94284.22,8.03361
2025-04-26 18:01:00+00:00,94284.21,94284.22,94253.51,94253.52,4.19382
2025-04-26 18:02:00+00:00,94253.52,94273.86,94253.51,94256.54,2.45127
2025-04-26 18:03:00+00:00,94256.55,94273.86,94256.54,94273.85,2.04311
2025-04-26 18:04:00+00:00,94273.85,94304.35,94273.85,94304.34,1.82749
2025-04-26 18:05:00+00:00,94304.35,94372.0,94304.34,94371.99,11.92712
2025-04-26 18:06:00+00:00,94371.99,94372.0,94334.27,94347.66,6.68528
2025-04-26 18:07:00+00:00,94347.67,94347.67,94342.94,94342.94,1.58813
2025-04-26 18:08:00+00:00,94342.94,94342.96,94333.51,94342.95,6.41965
2025-04-26 18:09:00+00:00,94342.95,94371.08,94342.95,94371.07,7.0063
2025-04-26 18:10:00+00:00,94371.08,94371.08,94356.41,94356.41,2.63135
2025-04-26 18:11:00+00:00,94356.4,94356.4,94351.43,94351.43,0.6937
2025-04-26 18:12:00+00:00,94351.43,94351.44,94304.34,94304.35,1.84935
2025-04-26 18:13:00+00:00,94304.35,94304.35,94300.19,94300.2,1.27534
2025-04-26 18:14:00+00:00,94300.19,94300.19,94260.86,94260.86,9.7636
2025-04-26 18:15:00+00:00,94260.87,94260.87,94255.06,94255.06,1.44959
2025-04-26 18:16:00+00:00,94255.06,94255.07,94233.05,94240.82,3.29585
2025-04-26 18:17:00+00:00,94240.81,94273.4,94230.52,94230.53,3.23838
2025-04-26 18:18:00+00:00,94230.53,94238.1,94230.52,94238.09,3.69232
2025-04-26 18:19:00+00:00,94238.1,94260.87,94238.09,94260.86,2.62467
2025-04-26 18:20:00+00:00,94260.87,94260.87,94260.86,94260.86,1.11573
2025-04-26 18:21:00+00:00,94260.87,94260.87,94255.06,94255.06,0.9054
2025-04-26 18:22:00+00:00,94255.06,94255.07,94237.94,94237.95,4.53127
2025-04-26 18:23:00+00:00,94237.95,94237.95,94237.94,94237.94,0.80803
2025-04-26 18:24:00+00:00,94237.95,94285.62,94237.95,94285.62,3.85685
