timestamp,open,high,low,close,volume
2025-04-25 16:45:00+00:00,0.18397,0.18399,0.18352,0.18356,575739.0
2025-04-25 16:46:00+00:00,0.18356,0.18374,0.18348,0.18353,825758.0
2025-04-25 16:47:00+00:00,0.18353,0.18353,0.18309,0.18333,1412716.0
2025-04-25 16:48:00+00:00,0.18332,0.1835,0.18328,0.18347,1266940.0
2025-04-25 16:49:00+00:00,0.18348,0.1838,0.18347,0.18373,451680.0
2025-04-25 16:50:00+00:00,0.18373,0.18386,0.1837,0.18374,287668.0
2025-04-25 16:51:00+00:00,0.18373,0.18379,0.18351,0.18357,1018987.0
2025-04-25 16:52:00+00:00,0.18357,0.184,0.18356,0.18396,528236.0
2025-04-25 16:53:00+00:00,0.18395,0.184,0.1837,0.1838,545847.0
2025-04-25 16:54:00+00:00,0.1838,0.18426,0.18377,0.18425,561553.0
2025-04-25 16:55:00+00:00,0.18426,0.18437,0.18414,0.18429,1181209.0
2025-04-25 16:56:00+00:00,0.18428,0.18431,0.18409,0.18412,823622.0
2025-04-25 16:57:00+00:00,0.18412,0.18427,0.18409,0.18415,568837.0
2025-04-25 16:58:00+00:00,0.18415,0.18418,0.18369,0.18382,2090243.0
2025-04-25 16:59:00+00:00,0.18383,0.18387,0.18375,0.18386,1299317.0
2025-04-25 17:00:00+00:00,0.18386,0.18399,0.18367,0.18387,1310979.0
2025-04-25 17:01:00+00:00,0.18388,0.18412,0.18386,0.1841,496256.0
2025-04-25 17:02:00+00:00,0.1841,0.18413,0.18378,0.18402,436138.0
2025-04-25 17:03:00+00:00,0.18403,0.18445,0.18399,0.18444,943371.0
2025-04-25 17:04:00+00:00,0.18444,0.18449,0.18438,0.18448,364931.0
2025-04-25 17:05:00+00:00,0.18447,0.18475,0.18425,0.18466,1804295.0
2025-04-25 17:06:00+00:00,0.18466,0.18468,0.18447,0.18456,837908.0
2025-04-25 17:07:00+00:00,0.18456,0.18464,0.18442,0.18449,1274350.0
2025-04-25 17:08:00+00:00,0.18448,0.18458,0.18433,0.18449,1521685.0
2025-04-25 17:09:00+00:00,0.18449,0.18452,0.18429,0.18432,1587351.0
2025-04-25 17:10:00+00:00,0.18431,0.18461,0.18426,0.18457,604340.0
2025-04-25 17:11:00+00:00,0.18457,0.18463,0.18441,0.18455,1082300.0
2025-04-25 17:12:00+00:00,0.18455,0.18459,0.18436,0.18443,1297642.0
2025-04-25 17:13:00+00:00,0.18443,0.18448,0.18401,0.18406,1082394.0
2025-04-25 17:14:00+00:00,0.18406,0.18426,0.18405,0.18417,1025268.0
2025-04-25 17:15:00+00:00,0.18418,0.18432,0.18417,0.18421,1224034.0
2025-04-25 17:16:00+00:00,0.18422,0.18431,0.18398,0.1841,2214063.0
2025-04-25 17:17:00+00:00,0.18411,0.18431,0.18402,0.18424,765024.0
2025-04-25 17:18:00+00:00,0.18423,0.1845,0.18415,0.18444,309997.0
2025-04-25 17:19:00+00:00,0.18444,0.18469,0.18435,0.18469,560638.0
2025-04-25 17:20:00+00:00,0.1847,0.18476,0.18455,0.18455,534120.0
2025-04-25 17:21:00+00:00,0.18455,0.18469,0.18432,0.18465,1085195.0
2025-04-25 17:22:00+00:00,0.18466,0.18471,0.18444,0.18444,317949.0
2025-04-25 17:23:00+00:00,0.18444,0.18445,0.18433,0.18436,368399.0
2025-04-25 17:24:00+00:00,0.18436,0.18454,0.18434,0.18451,246285.0
2025-04-25 17:25:00+00:00,0.18451,0.18451,0.18424,0.18443,247203.0
2025-04-25 17:26:00+00:00,0.18442,0.18474,0.18441,0.18455,737689.0
2025-04-25 17:27:00+00:00,0.18455,0.18477,0.18453,0.18473,600712.0
2025-04-25 17:28:00+00:00,0.18473,0.18489,0.18447,0.18447,2507862.0
2025-04-25 17:29:00+00:00,0.18447,0.18447,0.18406,0.18414,400263.0
2025-04-25 17:30:00+00:00,0.18414,0.18414,0.18369,0.18374,1657955.0
2025-04-25 17:31:00+00:00,0.18375,0.18375,0.18307,0.18311,2818457.0
2025-04-25 17:32:00+00:00,0.18312,0.18371,0.18311,0.18351,2129807.0
2025-04-25 17:33:00+00:00,0.1835,0.18374,0.18342,0.18346,3967015.0
2025-04-25 17:34:00+00:00,0.18345,0.18357,0.18319,0.18357,2059054.0
2025-04-25 17:35:00+00:00,0.18358,0.18358,0.1833,0.18343,1437526.0
2025-04-25 17:36:00+00:00,0.18342,0.18359,0.18326,0.18349,358909.0
2025-04-25 17:37:00+00:00,0.18348,0.18348,0.18298,0.18302,1182078.0
2025-04-25 17:38:00+00:00,0.18302,0.18306,0.18239,0.18259,2801350.0
2025-04-25 17:39:00+00:00,0.18259,0.18262,0.18173,0.18177,2087015.0
2025-04-25 17:40:00+00:00,0.18176,0.18209,0.18127,0.18207,1733964.0
2025-04-25 17:41:00+00:00,0.18208,0.18256,0.18198,0.18246,1234912.0
2025-04-25 17:42:00+00:00,0.18246,0.18252,0.18203,0.18214,959581.0
2025-04-25 17:43:00+00:00,0.18215,0.18224,0.18172,0.18205,6343561.0
2025-04-25 17:44:00+00:00,0.18204,0.18213,0.18172,0.18194,443272.0
2025-04-25 17:45:00+00:00,0.18194,0.18194,0.18138,0.18145,689002.0
2025-04-25 17:46:00+00:00,0.18146,0.18166,0.18121,0.18144,675940.0
2025-04-25 17:47:00+00:00,0.18144,0.18144,0.18089,0.18091,4100736.0
2025-04-25 17:48:00+00:00,0.18091,0.18136,0.18091,0.18136,676017.0
2025-04-25 17:49:00+00:00,0.18135,0.18166,0.18105,0.18124,1991232.0
2025-04-25 17:50:00+00:00,0.18124,0.18137,0.18096,0.18119,745070.0
2025-04-25 17:51:00+00:00,0.1812,0.18159,0.1812,0.18157,550839.0
2025-04-25 17:52:00+00:00,0.18157,0.18167,0.18124,0.18143,1431497.0
2025-04-25 17:53:00+00:00,0.18143,0.18152,0.18126,0.18134,1583825.0
2025-04-25 17:54:00+00:00,0.18133,0.18133,0.18094,0.18095,2796628.0
2025-04-25 17:55:00+00:00,0.18095,0.18108,0.18069,0.18105,4842782.0
2025-04-25 17:56:00+00:00,0.18105,0.18112,0.18072,0.18087,789951.0
2025-04-25 17:57:00+00:00,0.18087,0.1812,0.18085,0.1812,282928.0
2025-04-25 17:58:00+00:00,0.1812,0.18121,0.18093,0.18103,475166.0
2025-04-25 17:59:00+00:00,0.18103,0.18131,0.18103,0.18117,247117.0
2025-04-25 18:00:00+00:00,0.18118,0.18149,0.18112,0.18148,512875.0
2025-04-25 18:01:00+00:00,0.18147,0.18176,0.18142,0.18176,1602921.0
2025-04-25 18:02:00+00:00,0.18177,0.18177,0.18156,0.18156,389363.0
2025-04-25 18:03:00+00:00,0.18157,0.18183,0.18157,0.18178,527738.0
2025-04-25 18:04:00+00:00,0.18179,0.1818,0.18161,0.18169,374599.0
2025-04-25 18:05:00+00:00,0.1817,0.18172,0.18132,0.18139,552160.0
2025-04-25 18:06:00+00:00,0.18139,0.18161,0.18139,0.18161,359182.0
2025-04-25 18:07:00+00:00,0.18162,0.18164,0.1814,0.1814,911978.0
2025-04-25 18:08:00+00:00,0.1814,0.18146,0.18121,0.18127,1791315.0
2025-04-25 18:09:00+00:00,0.18128,0.18159,0.18127,0.18151,1104563.0
2025-04-25 18:10:00+00:00,0.18152,0.18162,0.18131,0.18138,668568.0
2025-04-25 18:11:00+00:00,0.18139,0.18154,0.18124,0.18124,249767.0
2025-04-25 18:12:00+00:00,0.18125,0.18125,0.18098,0.18101,1216959.0
2025-04-25 18:13:00+00:00,0.18102,0.1811,0.18095,0.1811,410323.0
2025-04-25 18:14:00+00:00,0.1811,0.1814,0.1811,0.1813,134492.0
2025-04-25 18:15:00+00:00,0.1813,0.18147,0.18125,0.18126,606973.0
2025-04-25 18:16:00+00:00,0.18127,0.18163,0.18118,0.18163,1197181.0
2025-04-25 18:17:00+00:00,0.18164,0.1818,0.18162,0.18175,179902.0
2025-04-25 18:18:00+00:00,0.18174,0.18183,0.18173,0.18183,320484.0
2025-04-25 18:19:00+00:00,0.18182,0.18187,0.18169,0.18183,246932.0
2025-04-25 18:20:00+00:00,0.18182,0.18192,0.18168,0.18174,257322.0
2025-04-25 18:21:00+00:00,0.18173,0.18188,0.18169,0.18188,119983.0
2025-04-25 18:22:00+00:00,0.18188,0.18205,0.18188,0.182,169243.0
2025-04-25 18:23:00+00:00,0.182,0.18217,0.18194,0.18217,163004.0
2025-04-25 18:24:00+00:00,0.18218,0.18218,0.18201,0.18205,157383.0
2025-04-25 18:25:00+00:00,0.18206,0.1821,0.18199,0.18205,251021.0
2025-04-25 18:26:00+00:00,0.18205,0.18209,0.18191,0.18201,106795.0
2025-04-25 18:27:00+00:00,0.18201,0.18202,0.18188,0.18195,299538.0
2025-04-25 18:28:00+00:00,0.18196,0.18204,0.18189,0.18203,242146.0
2025-04-25 18:29:00+00:00,0.18203,0.18217,0.18203,0.1821,283170.0
2025-04-25 18:30:00+00:00,0.18211,0.18213,0.182,0.18201,526133.0
2025-04-25 18:31:00+00:00,0.182,0.18217,0.182,0.18217,302998.0
2025-04-25 18:32:00+00:00,0.18216,0.18228,0.18215,0.18227,339407.0
2025-04-25 18:33:00+00:00,0.18228,0.18265,0.18227,0.18251,858873.0
2025-04-25 18:34:00+00:00,0.1825,0.18257,0.18214,0.18223,680128.0
2025-04-25 18:35:00+00:00,0.18223,0.18227,0.18212,0.18227,228381.0
2025-04-25 18:36:00+00:00,0.18228,0.18229,0.18208,0.18228,276775.0
2025-04-25 18:37:00+00:00,0.18227,0.18262,0.18227,0.18256,488976.0
2025-04-25 18:38:00+00:00,0.18256,0.18268,0.18251,0.18257,490810.0
2025-04-25 18:39:00+00:00,0.18256,0.18259,0.18241,0.18252,404933.0
2025-04-25 18:40:00+00:00,0.18251,0.18252,0.18229,0.1823,409567.0
2025-04-25 18:41:00+00:00,0.1823,0.18243,0.1823,0.18242,374352.0
2025-04-25 18:42:00+00:00,0.18242,0.18265,0.18241,0.18262,297946.0
2025-04-25 18:43:00+00:00,0.18262,0.18262,0.18226,0.18227,305524.0
2025-04-25 18:44:00+00:00,0.18226,0.18241,0.18225,0.18233,674067.0
2025-04-25 18:45:00+00:00,0.18232,0.18233,0.18217,0.18221,588399.0
2025-04-25 18:46:00+00:00,0.18221,0.18236,0.18221,0.18235,188995.0
2025-04-25 18:47:00+00:00,0.18235,0.18235,0.18195,0.18195,382369.0
2025-04-25 18:48:00+00:00,0.18195,0.18205,0.1819,0.18204,492005.0
2025-04-25 18:49:00+00:00,0.18203,0.18206,0.18192,0.18194,294238.0
2025-04-25 18:50:00+00:00,0.18194,0.1821,0.18189,0.18205,285468.0
2025-04-25 18:51:00+00:00,0.18204,0.18205,0.18172,0.18184,799708.0
2025-04-25 18:52:00+00:00,0.18184,0.18184,0.18161,0.18164,1368695.0
2025-04-25 18:53:00+00:00,0.18164,0.18164,0.18135,0.18139,1983071.0
2025-04-25 18:54:00+00:00,0.18138,0.18144,0.1812,0.18121,1417306.0
2025-04-25 18:55:00+00:00,0.18122,0.18129,0.18095,0.18115,2187820.0
2025-04-25 18:56:00+00:00,0.18116,0.18125,0.18103,0.18109,502246.0
2025-04-25 18:57:00+00:00,0.18109,0.18124,0.18104,0.18108,298198.0
2025-04-25 18:58:00+00:00,0.18109,0.18116,0.18108,0.18113,112678.0
2025-04-25 18:59:00+00:00,0.18114,0.18124,0.18109,0.18121,181506.0
2025-04-25 19:00:00+00:00,0.1812,0.18137,0.18114,0.1812,536482.0
2025-04-25 19:01:00+00:00,0.1812,0.1814,0.1812,0.18138,775767.0
2025-04-25 19:02:00+00:00,0.18137,0.18165,0.18135,0.18159,167693.0
2025-04-25 19:03:00+00:00,0.1816,0.18192,0.18146,0.18166,1757598.0
2025-04-25 19:04:00+00:00,0.18165,0.18166,0.18131,0.18135,272792.0
2025-04-25 19:05:00+00:00,0.18135,0.18139,0.18121,0.18125,242882.0
2025-04-25 19:06:00+00:00,0.18124,0.18125,0.18099,0.18106,420906.0
2025-04-25 19:07:00+00:00,0.18107,0.18112,0.181,0.1811,119049.0
2025-04-25 19:08:00+00:00,0.1811,0.18123,0.18106,0.18116,323170.0
2025-04-25 19:09:00+00:00,0.18117,0.18151,0.18117,0.18149,119743.0
2025-04-25 19:10:00+00:00,0.18149,0.18158,0.18107,0.18108,1684854.0
2025-04-25 19:11:00+00:00,0.18108,0.1811,0.18077,0.18083,388853.0
2025-04-25 19:12:00+00:00,0.18083,0.18094,0.18083,0.18089,358361.0
2025-04-25 19:13:00+00:00,0.1809,0.18098,0.18075,0.18076,1013421.0
2025-04-25 19:14:00+00:00,0.18075,0.18083,0.1807,0.18076,858286.0
2025-04-25 19:15:00+00:00,0.18076,0.1809,0.1807,0.1809,598286.0
2025-04-25 19:16:00+00:00,0.1809,0.1812,0.1809,0.18111,279017.0
2025-04-25 19:17:00+00:00,0.18112,0.1812,0.18076,0.18083,330572.0
2025-04-25 19:18:00+00:00,0.18083,0.18099,0.18076,0.18097,389722.0
2025-04-25 19:19:00+00:00,0.18098,0.18108,0.18094,0.18098,727984.0
2025-04-25 19:20:00+00:00,0.18098,0.18123,0.1807,0.18089,11481229.0
2025-04-25 19:21:00+00:00,0.18088,0.18092,0.18078,0.18079,435553.0
2025-04-25 19:22:00+00:00,0.18079,0.18081,0.18064,0.18064,775490.0
2025-04-25 19:23:00+00:00,0.18065,0.1807,0.18051,0.18052,1276563.0
2025-04-25 19:24:00+00:00,0.18051,0.18067,0.18051,0.18056,740718.0
2025-04-25 19:25:00+00:00,0.18056,0.18078,0.18036,0.1807,960212.0
2025-04-25 19:26:00+00:00,0.18071,0.18098,0.18064,0.18096,483722.0
2025-04-25 19:27:00+00:00,0.18095,0.18101,0.1809,0.18091,313221.0
2025-04-25 19:28:00+00:00,0.18091,0.18094,0.1808,0.18082,235883.0
2025-04-25 19:29:00+00:00,0.18083,0.18087,0.18076,0.18076,155135.0
2025-04-25 19:30:00+00:00,0.18075,0.18075,0.18043,0.18049,423557.0
2025-04-25 19:31:00+00:00,0.1805,0.18068,0.1805,0.18053,340871.0
2025-04-25 19:32:00+00:00,0.18053,0.18065,0.18028,0.18036,343228.0
2025-04-25 19:33:00+00:00,0.18036,0.18056,0.18033,0.18044,283619.0
2025-04-25 19:34:00+00:00,0.18043,0.18045,0.18034,0.18034,212259.0
2025-04-25 19:35:00+00:00,0.18033,0.18042,0.18013,0.18014,546548.0
2025-04-25 19:36:00+00:00,0.18015,0.18061,0.18015,0.1806,379417.0
2025-04-25 19:37:00+00:00,0.18059,0.1807,0.18047,0.18065,220865.0
2025-04-25 19:38:00+00:00,0.18064,0.18086,0.18059,0.18081,257294.0
2025-04-25 19:39:00+00:00,0.18082,0.18105,0.18077,0.18105,233723.0
2025-04-25 19:40:00+00:00,0.18105,0.1811,0.1809,0.1809,239041.0
2025-04-25 19:41:00+00:00,0.18091,0.18092,0.18076,0.1808,87887.0
2025-04-25 19:42:00+00:00,0.1808,0.18109,0.1808,0.18106,204630.0
2025-04-25 19:43:00+00:00,0.18107,0.18114,0.18054,0.18103,11672349.0
2025-04-25 19:44:00+00:00,0.18104,0.18114,0.18099,0.18113,711348.0
2025-04-25 19:45:00+00:00,0.18114,0.18117,0.18094,0.18104,243900.0
2025-04-25 19:46:00+00:00,0.18103,0.18114,0.18094,0.18108,195856.0
2025-04-25 19:47:00+00:00,0.18107,0.18117,0.18104,0.18114,61729.0
2025-04-25 19:48:00+00:00,0.18113,0.18114,0.18093,0.18101,601037.0
2025-04-25 19:49:00+00:00,0.18101,0.18103,0.18084,0.18099,578759.0
2025-04-25 19:50:00+00:00,0.181,0.18138,0.181,0.18136,976479.0
2025-04-25 19:51:00+00:00,0.18135,0.18136,0.18123,0.1813,90003.0
2025-04-25 19:52:00+00:00,0.1813,0.18134,0.18128,0.18131,247042.0
2025-04-25 19:53:00+00:00,0.18131,0.18139,0.18126,0.18129,216874.0
2025-04-25 19:54:00+00:00,0.18129,0.18163,0.18126,0.18162,299334.0
2025-04-25 19:55:00+00:00,0.18161,0.18161,0.18144,0.18153,415205.0
2025-04-25 19:56:00+00:00,0.18153,0.18167,0.18149,0.18152,1011738.0
2025-04-25 19:57:00+00:00,0.18151,0.18159,0.18137,0.18158,118820.0
2025-04-25 19:58:00+00:00,0.18158,0.18159,0.18153,0.18156,70834.0
2025-04-25 19:59:00+00:00,0.18156,0.1817,0.18151,0.18165,184387.0
2025-04-25 20:00:00+00:00,0.18165,0.18171,0.18156,0.18156,229677.0
2025-04-25 20:01:00+00:00,0.18158,0.18171,0.18152,0.18153,641132.0
2025-04-25 20:02:00+00:00,0.18152,0.18152,0.1813,0.18135,198839.0
2025-04-25 20:03:00+00:00,0.18136,0.18137,0.18114,0.18115,379377.0
2025-04-25 20:04:00+00:00,0.18114,0.18144,0.18112,0.18134,161481.0
2025-04-25 20:05:00+00:00,0.18134,0.18158,0.18129,0.18147,135346.0
2025-04-25 20:06:00+00:00,0.18147,0.18159,0.18146,0.18154,273668.0
2025-04-25 20:07:00+00:00,0.18154,0.18155,0.18142,0.18143,434263.0
2025-04-25 20:08:00+00:00,0.18143,0.18143,0.18111,0.18118,371358.0
2025-04-25 20:09:00+00:00,0.18117,0.18135,0.18113,0.18135,196275.0
2025-04-25 20:10:00+00:00,0.18134,0.18143,0.18124,0.18134,303480.0
2025-04-25 20:11:00+00:00,0.18134,0.18139,0.18129,0.18132,114618.0
2025-04-25 20:12:00+00:00,0.18131,0.18136,0.18125,0.18128,104106.0
2025-04-25 20:13:00+00:00,0.18128,0.1813,0.18115,0.18123,574646.0
2025-04-25 20:14:00+00:00,0.18123,0.1813,0.18119,0.1813,131674.0
2025-04-25 20:15:00+00:00,0.1813,0.18132,0.18124,0.18127,104323.0
2025-04-25 20:16:00+00:00,0.18127,0.18127,0.18114,0.18125,131564.0
2025-04-25 20:17:00+00:00,0.18125,0.18125,0.18096,0.18108,178099.0
2025-04-25 20:18:00+00:00,0.18109,0.18118,0.18094,0.18117,266075.0
2025-04-25 20:19:00+00:00,0.18117,0.18162,0.18117,0.18161,143543.0
2025-04-25 20:20:00+00:00,0.18161,0.18167,0.18155,0.18165,143236.0
2025-04-25 20:21:00+00:00,0.18164,0.18167,0.1813,0.1813,180835.0
2025-04-25 20:22:00+00:00,0.18131,0.18135,0.18123,0.18132,218051.0
2025-04-25 20:23:00+00:00,0.18131,0.18149,0.18102,0.18103,890872.0
2025-04-25 20:24:00+00:00,0.18102,0.18106,0.18086,0.18097,669984.0
2025-04-25 20:25:00+00:00,0.18096,0.18115,0.18096,0.18115,172646.0
2025-04-25 20:26:00+00:00,0.18115,0.18125,0.18111,0.18113,240711.0
2025-04-25 20:27:00+00:00,0.18114,0.1812,0.18106,0.1811,192174.0
2025-04-25 20:28:00+00:00,0.1811,0.18136,0.1811,0.18135,124950.0
2025-04-25 20:29:00+00:00,0.18136,0.18145,0.18128,0.18128,573463.0
2025-04-25 20:30:00+00:00,0.18129,0.18157,0.18129,0.18147,1002670.0
2025-04-25 20:31:00+00:00,0.18146,0.18163,0.18142,0.18143,470001.0
2025-04-25 20:32:00+00:00,0.18142,0.18149,0.18133,0.18148,413564.0
2025-04-25 20:33:00+00:00,0.18147,0.18147,0.18138,0.18143,70729.0
2025-04-25 20:34:00+00:00,0.18143,0.18159,0.18143,0.18155,371610.0
2025-04-25 20:35:00+00:00,0.18156,0.1817,0.18137,0.18137,1157332.0
2025-04-25 20:36:00+00:00,0.18136,0.18137,0.18109,0.18121,199585.0
2025-04-25 20:37:00+00:00,0.18122,0.18159,0.18122,0.18134,1910280.0
2025-04-25 20:38:00+00:00,0.18134,0.18142,0.18119,0.18127,390335.0
2025-04-25 20:39:00+00:00,0.18126,0.18161,0.18126,0.18149,137372.0
2025-04-25 20:40:00+00:00,0.18148,0.18148,0.18112,0.18117,248744.0
2025-04-25 20:41:00+00:00,0.18117,0.18131,0.18113,0.18124,56356.0
2025-04-25 20:42:00+00:00,0.18125,0.1813,0.18124,0.18128,122338.0
2025-04-25 20:43:00+00:00,0.18128,0.18131,0.18117,0.18117,390644.0
2025-04-25 20:44:00+00:00,0.18117,0.18119,0.18086,0.18086,305874.0
2025-04-25 20:45:00+00:00,0.18085,0.18134,0.18085,0.1813,342659.0
2025-04-25 20:46:00+00:00,0.1813,0.1813,0.18117,0.18129,98793.0
2025-04-25 20:47:00+00:00,0.18129,0.18149,0.18129,0.18144,170575.0
2025-04-25 20:48:00+00:00,0.18145,0.18155,0.18145,0.18151,155167.0
2025-04-25 20:49:00+00:00,0.18151,0.18151,0.18127,0.18135,259544.0
2025-04-25 20:50:00+00:00,0.18136,0.18142,0.18134,0.18142,163618.0
2025-04-25 20:51:00+00:00,0.18141,0.18163,0.1814,0.18156,127038.0
2025-04-25 20:52:00+00:00,0.18156,0.18167,0.18156,0.18167,156659.0
2025-04-25 20:53:00+00:00,0.18166,0.18166,0.18137,0.18144,329631.0
2025-04-25 20:54:00+00:00,0.18144,0.18146,0.18125,0.18125,74692.0
2025-04-25 20:55:00+00:00,0.18126,0.18136,0.18116,0.18136,49893.0
2025-04-25 20:56:00+00:00,0.18136,0.1815,0.18136,0.1815,58534.0
2025-04-25 20:57:00+00:00,0.18149,0.18149,0.18123,0.18125,98205.0
2025-04-25 20:58:00+00:00,0.18126,0.1814,0.18126,0.1813,65246.0
2025-04-25 20:59:00+00:00,0.18129,0.18144,0.18107,0.18107,161384.0
2025-04-25 21:00:00+00:00,0.18106,0.18117,0.18103,0.18115,121887.0
2025-04-25 21:01:00+00:00,0.18114,0.18139,0.18112,0.18139,129531.0
2025-04-25 21:02:00+00:00,0.18138,0.18158,0.18131,0.18157,72674.0
2025-04-25 21:03:00+00:00,0.18158,0.18163,0.18151,0.18153,418460.0
2025-04-25 21:04:00+00:00,0.18153,0.18161,0.18151,0.18152,43127.0
2025-04-25 21:05:00+00:00,0.18151,0.18162,0.18144,0.18154,362034.0
2025-04-25 21:06:00+00:00,0.18154,0.18165,0.18154,0.18165,272576.0
2025-04-25 21:07:00+00:00,0.18164,0.18204,0.18164,0.182,765963.0
2025-04-25 21:08:00+00:00,0.18199,0.18218,0.18198,0.18214,185066.0
2025-04-25 21:09:00+00:00,0.18213,0.18221,0.18209,0.18218,254643.0
2025-04-25 21:10:00+00:00,0.18217,0.18217,0.18208,0.18209,374577.0
2025-04-25 21:11:00+00:00,0.18209,0.18228,0.18209,0.18212,730734.0
2025-04-25 21:12:00+00:00,0.18212,0.18213,0.18184,0.18188,762519.0
2025-04-25 21:13:00+00:00,0.18187,0.18198,0.18186,0.18194,263082.0
2025-04-25 21:14:00+00:00,0.18195,0.18206,0.18195,0.18203,121484.0
2025-04-25 21:15:00+00:00,0.18203,0.18203,0.1818,0.18182,117086.0
2025-04-25 21:16:00+00:00,0.18181,0.18181,0.18162,0.18164,128912.0
2025-04-25 21:17:00+00:00,0.18165,0.18176,0.18163,0.18176,142558.0
2025-04-25 21:18:00+00:00,0.18177,0.18182,0.18132,0.18133,394172.0
2025-04-25 21:19:00+00:00,0.18133,0.18156,0.18133,0.18145,305614.0
2025-04-25 21:20:00+00:00,0.18145,0.18146,0.18139,0.1814,163458.0
2025-04-25 21:21:00+00:00,0.1814,0.1814,0.18121,0.18138,244753.0
2025-04-25 21:22:00+00:00,0.18137,0.1815,0.18132,0.18132,282696.0
2025-04-25 21:23:00+00:00,0.18132,0.18139,0.18128,0.18137,288293.0
2025-04-25 21:24:00+00:00,0.18137,0.18137,0.1811,0.18111,82436.0
2025-04-25 21:25:00+00:00,0.18111,0.18124,0.18111,0.18117,167620.0
2025-04-25 21:26:00+00:00,0.18117,0.18136,0.18112,0.18136,183530.0
2025-04-25 21:27:00+00:00,0.18136,0.18138,0.18122,0.18128,154851.0
2025-04-25 21:28:00+00:00,0.18129,0.18149,0.18111,0.18111,1449477.0
2025-04-25 21:29:00+00:00,0.1811,0.18113,0.18106,0.18112,163413.0
2025-04-25 21:30:00+00:00,0.18111,0.18117,0.18102,0.18117,258070.0
2025-04-25 21:31:00+00:00,0.18116,0.18143,0.18116,0.18127,78528.0
2025-04-25 21:32:00+00:00,0.18128,0.18138,0.18122,0.18138,78905.0
2025-04-25 21:33:00+00:00,0.18137,0.1817,0.18137,0.1817,167391.0
2025-04-25 21:34:00+00:00,0.18171,0.18192,0.18171,0.18176,187069.0
2025-04-25 21:35:00+00:00,0.18176,0.18184,0.1815,0.18152,250106.0
2025-04-25 21:36:00+00:00,0.18153,0.18162,0.1814,0.18141,371903.0
2025-04-25 21:37:00+00:00,0.1814,0.18142,0.18125,0.18125,58736.0
2025-04-25 21:38:00+00:00,0.18126,0.18126,0.18109,0.18112,105795.0
2025-04-25 21:39:00+00:00,0.18113,0.18113,0.181,0.18101,391331.0
2025-04-25 21:40:00+00:00,0.18102,0.18136,0.18102,0.18126,412503.0
2025-04-25 21:41:00+00:00,0.18125,0.18139,0.18115,0.18115,147086.0
2025-04-25 21:42:00+00:00,0.18116,0.18137,0.18116,0.18129,166310.0
2025-04-25 21:43:00+00:00,0.1813,0.18137,0.18129,0.1813,149066.0
2025-04-25 21:44:00+00:00,0.1813,0.1814,0.1813,0.18137,205679.0
2025-04-25 21:45:00+00:00,0.18137,0.18153,0.18137,0.18153,486791.0
2025-04-25 21:46:00+00:00,0.18152,0.18156,0.18152,0.18156,20623.0
2025-04-25 21:47:00+00:00,0.18155,0.18157,0.18142,0.18142,288186.0
2025-04-25 21:48:00+00:00,0.18142,0.18143,0.18141,0.18141,153676.0
2025-04-25 21:49:00+00:00,0.18142,0.18147,0.18141,0.18142,354157.0
2025-04-25 21:50:00+00:00,0.18142,0.18147,0.18093,0.18095,295116.0
2025-04-25 21:51:00+00:00,0.18094,0.18096,0.18071,0.18083,589047.0
2025-04-25 21:52:00+00:00,0.18082,0.18086,0.18037,0.18038,2088526.0
2025-04-25 21:53:00+00:00,0.18038,0.1807,0.18031,0.18067,732102.0
2025-04-25 21:54:00+00:00,0.18067,0.18084,0.18065,0.18065,782706.0
2025-04-25 21:55:00+00:00,0.18065,0.18086,0.18065,0.18086,1961557.0
2025-04-25 21:56:00+00:00,0.18086,0.18094,0.18064,0.18064,235383.0
2025-04-25 21:57:00+00:00,0.18063,0.18063,0.18009,0.18014,431002.0
2025-04-25 21:58:00+00:00,0.18014,0.18041,0.18012,0.18041,819003.0
2025-04-25 21:59:00+00:00,0.18042,0.18074,0.18042,0.18066,256369.0
2025-04-25 22:00:00+00:00,0.18066,0.181,0.18062,0.18097,266507.0
2025-04-25 22:01:00+00:00,0.18097,0.18112,0.1808,0.18102,293938.0
2025-04-25 22:02:00+00:00,0.18102,0.18115,0.181,0.18115,86763.0
2025-04-25 22:03:00+00:00,0.18115,0.18136,0.18102,0.18135,583358.0
2025-04-25 22:04:00+00:00,0.18136,0.18145,0.18124,0.18128,310033.0
2025-04-25 22:05:00+00:00,0.18128,0.18153,0.18125,0.18148,306858.0
2025-04-25 22:06:00+00:00,0.18147,0.18153,0.18134,0.18151,783539.0
2025-04-25 22:07:00+00:00,0.18151,0.18156,0.18149,0.18153,118499.0
2025-04-25 22:08:00+00:00,0.18152,0.18159,0.18146,0.18156,291165.0
2025-04-25 22:09:00+00:00,0.18155,0.18156,0.18148,0.18148,62227.0
2025-04-25 22:10:00+00:00,0.18149,0.18163,0.18149,0.18161,124214.0
2025-04-25 22:11:00+00:00,0.1816,0.18163,0.1815,0.18157,73263.0
2025-04-25 22:12:00+00:00,0.18158,0.18164,0.18149,0.18164,362702.0
2025-04-25 22:13:00+00:00,0.18163,0.18169,0.18156,0.1816,220286.0
2025-04-25 22:14:00+00:00,0.1816,0.18172,0.18155,0.18172,136541.0
2025-04-25 22:15:00+00:00,0.18171,0.18174,0.18135,0.18148,328339.0
2025-04-25 22:16:00+00:00,0.18147,0.18165,0.18146,0.18155,345871.0
2025-04-25 22:17:00+00:00,0.18154,0.18184,0.18144,0.1818,440426.0
2025-04-25 22:18:00+00:00,0.18181,0.18193,0.1818,0.18187,296543.0
2025-04-25 22:19:00+00:00,0.18186,0.1819,0.18175,0.18189,332275.0
2025-04-25 22:20:00+00:00,0.18189,0.18192,0.18168,0.18175,622669.0
2025-04-25 22:21:00+00:00,0.18176,0.18193,0.18176,0.18183,77769.0
2025-04-25 22:22:00+00:00,0.18183,0.18192,0.18174,0.18192,150745.0
2025-04-25 22:23:00+00:00,0.18192,0.18199,0.18187,0.18193,201023.0
2025-04-25 22:24:00+00:00,0.18193,0.18196,0.18191,0.18192,76465.0
2025-04-25 22:25:00+00:00,0.18192,0.18209,0.18192,0.18208,178809.0
2025-04-25 22:26:00+00:00,0.18207,0.18214,0.18205,0.18212,101019.0
2025-04-25 22:27:00+00:00,0.18212,0.18221,0.18212,0.18213,635964.0
2025-04-25 22:28:00+00:00,0.18212,0.18216,0.18212,0.18216,95585.0
2025-04-25 22:29:00+00:00,0.18216,0.18218,0.182,0.182,225125.0
2025-04-25 22:30:00+00:00,0.18199,0.18223,0.18199,0.18212,504989.0
2025-04-25 22:31:00+00:00,0.18211,0.18218,0.18206,0.18214,53328.0
2025-04-25 22:32:00+00:00,0.18213,0.18225,0.18211,0.18225,105874.0
2025-04-25 22:33:00+00:00,0.18224,0.18232,0.18224,0.18231,217055.0
2025-04-25 22:34:00+00:00,0.18232,0.18233,0.18224,0.18227,114676.0
2025-04-25 22:35:00+00:00,0.18227,0.1825,0.18226,0.1825,193239.0
2025-04-25 22:36:00+00:00,0.1825,0.18252,0.18242,0.18245,254766.0
2025-04-25 22:37:00+00:00,0.18246,0.18257,0.18246,0.18254,262871.0
2025-04-25 22:38:00+00:00,0.18253,0.18255,0.1825,0.18251,393285.0
2025-04-25 22:39:00+00:00,0.1825,0.18259,0.18245,0.18258,167094.0
2025-04-25 22:40:00+00:00,0.18259,0.18263,0.18251,0.18257,525246.0
2025-04-25 22:41:00+00:00,0.18257,0.18261,0.18257,0.18259,46586.0
2025-04-25 22:42:00+00:00,0.18259,0.18261,0.18258,0.18261,247477.0
2025-04-25 22:43:00+00:00,0.1826,0.18267,0.1826,0.18266,394598.0
2025-04-25 22:44:00+00:00,0.18266,0.18271,0.18265,0.18271,146435.0
2025-04-25 22:45:00+00:00,0.18271,0.18276,0.1827,0.18275,127577.0
2025-04-25 22:46:00+00:00,0.18275,0.18275,0.18242,0.18242,408677.0
2025-04-25 22:47:00+00:00,0.18242,0.1825,0.18236,0.18248,193671.0
2025-04-25 22:48:00+00:00,0.18248,0.18256,0.18244,0.18256,490232.0
2025-04-25 22:49:00+00:00,0.18255,0.18256,0.18245,0.18247,202868.0
2025-04-25 22:50:00+00:00,0.18246,0.18254,0.18243,0.18246,191311.0
2025-04-25 22:51:00+00:00,0.18247,0.18252,0.18236,0.18237,207510.0
2025-04-25 22:52:00+00:00,0.18237,0.18241,0.18231,0.18231,190190.0
2025-04-25 22:53:00+00:00,0.18232,0.18232,0.18228,0.18231,165877.0
2025-04-25 22:54:00+00:00,0.18231,0.18234,0.18224,0.18229,225815.0
2025-04-25 22:55:00+00:00,0.1823,0.18238,0.1823,0.18238,209565.0
2025-04-25 22:56:00+00:00,0.18237,0.1824,0.18234,0.18239,208407.0
2025-04-25 22:57:00+00:00,0.18238,0.18238,0.18222,0.18228,587800.0
2025-04-25 22:58:00+00:00,0.18229,0.1823,0.18224,0.18229,70867.0
2025-04-25 22:59:00+00:00,0.18229,0.1824,0.18229,0.1824,66414.0
2025-04-25 23:00:00+00:00,0.1824,0.18255,0.1824,0.18251,378223.0
2025-04-25 23:01:00+00:00,0.18251,0.18254,0.18241,0.18243,427578.0
2025-04-25 23:02:00+00:00,0.18242,0.18243,0.18229,0.18238,227112.0
2025-04-25 23:03:00+00:00,0.18237,0.18237,0.18224,0.18234,126461.0
2025-04-25 23:04:00+00:00,0.18233,0.18241,0.18233,0.18236,93489.0
2025-04-25 23:05:00+00:00,0.18237,0.18237,0.18216,0.18216,198294.0
2025-04-25 23:06:00+00:00,0.18216,0.18236,0.18211,0.1823,463477.0
2025-04-25 23:07:00+00:00,0.18229,0.18267,0.18229,0.18265,247846.0
2025-04-25 23:08:00+00:00,0.18264,0.18289,0.18262,0.18287,410339.0
2025-04-25 23:09:00+00:00,0.18286,0.18305,0.18286,0.18301,2116228.0
2025-04-25 23:10:00+00:00,0.183,0.18301,0.18292,0.18294,374317.0
2025-04-25 23:11:00+00:00,0.18293,0.18296,0.1828,0.18285,230470.0
2025-04-25 23:12:00+00:00,0.18285,0.18285,0.1827,0.1827,262271.0
2025-04-25 23:13:00+00:00,0.1827,0.18274,0.1826,0.18264,205482.0
2025-04-25 23:14:00+00:00,0.18264,0.18265,0.18238,0.18239,456766.0
2025-04-25 23:15:00+00:00,0.18238,0.18238,0.18223,0.18224,102714.0
2025-04-25 23:16:00+00:00,0.18224,0.18226,0.18201,0.18201,235217.0
2025-04-25 23:17:00+00:00,0.18201,0.18222,0.18201,0.18219,150129.0
2025-04-25 23:18:00+00:00,0.18218,0.18233,0.18217,0.18229,201605.0
2025-04-25 23:19:00+00:00,0.18229,0.18244,0.18229,0.1823,211117.0
2025-04-25 23:20:00+00:00,0.1823,0.18231,0.18214,0.18216,75694.0
2025-04-25 23:21:00+00:00,0.18215,0.18218,0.18209,0.18215,130998.0
2025-04-25 23:22:00+00:00,0.18215,0.1822,0.18209,0.18209,165834.0
2025-04-25 23:23:00+00:00,0.18208,0.18215,0.18202,0.18208,275986.0
2025-04-25 23:24:00+00:00,0.18207,0.18207,0.18196,0.18196,372873.0
2025-04-25 23:25:00+00:00,0.18195,0.18198,0.18182,0.1819,125425.0
2025-04-25 23:26:00+00:00,0.18191,0.18205,0.18191,0.18205,308344.0
2025-04-25 23:27:00+00:00,0.18205,0.18224,0.18199,0.182,1649658.0
2025-04-25 23:28:00+00:00,0.18201,0.1822,0.18201,0.18209,297005.0
2025-04-25 23:29:00+00:00,0.1821,0.18233,0.1821,0.18233,397715.0
2025-04-25 23:30:00+00:00,0.18233,0.18234,0.18193,0.18193,562398.0
2025-04-25 23:31:00+00:00,0.18192,0.18205,0.18182,0.18205,192202.0
2025-04-25 23:32:00+00:00,0.18204,0.18207,0.18182,0.18182,698767.0
2025-04-25 23:33:00+00:00,0.18181,0.18186,0.1817,0.18183,243533.0
2025-04-25 23:34:00+00:00,0.18182,0.18186,0.18178,0.18179,119874.0
2025-04-25 23:35:00+00:00,0.18179,0.18194,0.18178,0.18182,273185.0
2025-04-25 23:36:00+00:00,0.18182,0.18203,0.18181,0.18202,117305.0
2025-04-25 23:37:00+00:00,0.18203,0.18207,0.18201,0.18207,87967.0
2025-04-25 23:38:00+00:00,0.18208,0.18208,0.18184,0.18187,172711.0
2025-04-25 23:39:00+00:00,0.18186,0.18186,0.18179,0.18179,57557.0
2025-04-25 23:40:00+00:00,0.1818,0.18189,0.18172,0.18172,314926.0
2025-04-25 23:41:00+00:00,0.18172,0.18211,0.18165,0.18207,207137.0
2025-04-25 23:42:00+00:00,0.18208,0.18216,0.18181,0.18183,387865.0
2025-04-25 23:43:00+00:00,0.18184,0.18209,0.18184,0.18209,84812.0
2025-04-25 23:44:00+00:00,0.18208,0.18215,0.18207,0.18214,287506.0
2025-04-25 23:45:00+00:00,0.18213,0.18213,0.182,0.18208,109269.0
2025-04-25 23:46:00+00:00,0.18208,0.1821,0.18195,0.18205,521100.0
2025-04-25 23:47:00+00:00,0.18205,0.18222,0.18205,0.1822,169514.0
2025-04-25 23:48:00+00:00,0.1822,0.1822,0.18197,0.18197,89726.0
2025-04-25 23:49:00+00:00,0.18196,0.18196,0.18186,0.18194,112155.0
2025-04-25 23:50:00+00:00,0.18194,0.18195,0.18182,0.18186,79857.0
2025-04-25 23:51:00+00:00,0.18186,0.182,0.18181,0.18195,92428.0
2025-04-25 23:52:00+00:00,0.18195,0.18205,0.18195,0.18197,207913.0
2025-04-25 23:53:00+00:00,0.18196,0.18199,0.18186,0.18186,136477.0
2025-04-25 23:54:00+00:00,0.18185,0.182,0.18183,0.18196,421265.0
2025-04-25 23:55:00+00:00,0.18195,0.182,0.18167,0.18171,535747.0
2025-04-25 23:56:00+00:00,0.1817,0.1817,0.18153,0.18153,420445.0
2025-04-25 23:57:00+00:00,0.18154,0.18183,0.18154,0.1818,281528.0
2025-04-25 23:58:00+00:00,0.18181,0.18181,0.18166,0.18169,481207.0
2025-04-25 23:59:00+00:00,0.18168,0.18174,0.18157,0.18159,787493.0
2025-04-26 00:00:00+00:00,0.18159,0.1819,0.18159,0.18184,223726.0
2025-04-26 00:01:00+00:00,0.18184,0.18216,0.18184,0.18213,264257.0
2025-04-26 00:02:00+00:00,0.18212,0.1824,0.18201,0.18237,604546.0
2025-04-26 00:03:00+00:00,0.18236,0.18268,0.1823,0.18261,431838.0
2025-04-26 00:04:00+00:00,0.1826,0.18262,0.18249,0.18249,295998.0
2025-04-26 00:05:00+00:00,0.1825,0.18266,0.18248,0.18257,469854.0
2025-04-26 00:06:00+00:00,0.18256,0.18284,0.18254,0.18284,490568.0
2025-04-26 00:07:00+00:00,0.18283,0.18287,0.18269,0.18269,293119.0
2025-04-26 00:08:00+00:00,0.1827,0.18295,0.18269,0.18287,480198.0
2025-04-26 00:09:00+00:00,0.18287,0.18306,0.18282,0.18301,341866.0
2025-04-26 00:10:00+00:00,0.18301,0.18316,0.183,0.18306,720835.0
2025-04-26 00:11:00+00:00,0.18306,0.18316,0.18272,0.18311,1089232.0
2025-04-26 00:12:00+00:00,0.18311,0.18383,0.18299,0.18382,1713220.0
2025-04-26 00:13:00+00:00,0.18382,0.18389,0.18362,0.1837,698827.0
2025-04-26 00:14:00+00:00,0.18369,0.18369,0.18358,0.18362,376751.0
2025-04-26 00:15:00+00:00,0.18361,0.18372,0.18354,0.18355,855070.0
2025-04-26 00:16:00+00:00,0.18354,0.184,0.18346,0.18397,1147122.0
2025-04-26 00:17:00+00:00,0.18398,0.184,0.18373,0.18378,466340.0
2025-04-26 00:18:00+00:00,0.18378,0.18457,0.18378,0.18436,3100768.0
2025-04-26 00:19:00+00:00,0.18436,0.18444,0.18422,0.18431,591974.0
2025-04-26 00:20:00+00:00,0.1843,0.18436,0.18396,0.1841,844611.0
2025-04-26 00:21:00+00:00,0.18409,0.18442,0.18403,0.18412,752649.0
2025-04-26 00:22:00+00:00,0.18411,0.18411,0.18382,0.18383,507042.0
2025-04-26 00:23:00+00:00,0.18382,0.18424,0.18375,0.18423,274548.0
2025-04-26 00:24:00+00:00,0.18424,0.18466,0.18424,0.18466,730746.0
2025-04-26 00:25:00+00:00,0.18465,0.18478,0.1846,0.18469,545498.0
2025-04-26 00:26:00+00:00,0.18468,0.1847,0.18455,0.18459,382091.0
2025-04-26 00:27:00+00:00,0.18458,0.1848,0.18458,0.18475,1043056.0
2025-04-26 00:28:00+00:00,0.18475,0.18475,0.18435,0.18452,1656899.0
2025-04-26 00:29:00+00:00,0.18451,0.1846,0.18444,0.18444,2244176.0
2025-04-26 00:30:00+00:00,0.18444,0.18444,0.18413,0.18434,494106.0
2025-04-26 00:31:00+00:00,0.18433,0.18468,0.18418,0.18435,1264243.0
2025-04-26 00:32:00+00:00,0.18435,0.18457,0.18415,0.18415,310314.0
2025-04-26 00:33:00+00:00,0.18415,0.1843,0.18394,0.18415,744160.0
2025-04-26 00:34:00+00:00,0.18415,0.18415,0.18394,0.18394,196292.0
2025-04-26 00:35:00+00:00,0.18393,0.18401,0.18377,0.18377,446585.0
2025-04-26 00:36:00+00:00,0.18376,0.18412,0.18376,0.18387,1014717.0
2025-04-26 00:37:00+00:00,0.18388,0.18396,0.18366,0.18371,887930.0
2025-04-26 00:38:00+00:00,0.18372,0.18385,0.1837,0.18378,401464.0
2025-04-26 00:39:00+00:00,0.18379,0.18402,0.18371,0.18375,538425.0
2025-04-26 00:40:00+00:00,0.18376,0.18397,0.18376,0.18394,351376.0
2025-04-26 00:41:00+00:00,0.18393,0.18437,0.18393,0.18437,416720.0
2025-04-26 00:42:00+00:00,0.18437,0.18452,0.18426,0.18429,620144.0
2025-04-26 00:43:00+00:00,0.1843,0.18435,0.18395,0.18411,666496.0
2025-04-26 00:44:00+00:00,0.1841,0.18418,0.18403,0.18417,180070.0
2025-04-26 00:45:00+00:00,0.18416,0.18485,0.18401,0.18476,2595287.0
2025-04-26 00:46:00+00:00,0.18477,0.18572,0.18477,0.18567,5630510.0
2025-04-26 00:47:00+00:00,0.18567,0.18693,0.18565,0.1868,11030828.0
2025-04-26 00:48:00+00:00,0.1868,0.18699,0.18607,0.18615,3316037.0
2025-04-26 00:49:00+00:00,0.18615,0.18617,0.18573,0.18613,1606443.0
2025-04-26 00:50:00+00:00,0.18614,0.18639,0.18593,0.18622,2075617.0
2025-04-26 00:51:00+00:00,0.18621,0.18636,0.18598,0.18628,1427467.0
2025-04-26 00:52:00+00:00,0.18627,0.18636,0.18577,0.18604,2116833.0
2025-04-26 00:53:00+00:00,0.18603,0.18603,0.18568,0.18584,1421981.0
2025-04-26 00:54:00+00:00,0.18584,0.18599,0.18561,0.18573,366426.0
2025-04-26 00:55:00+00:00,0.18573,0.18575,0.1854,0.18559,5321116.0
2025-04-26 00:56:00+00:00,0.1856,0.18583,0.1853,0.18571,1271516.0
2025-04-26 00:57:00+00:00,0.1857,0.1859,0.18552,0.18579,588965.0
2025-04-26 00:58:00+00:00,0.18579,0.18595,0.18563,0.18567,1356684.0
2025-04-26 00:59:00+00:00,0.18567,0.18589,0.18565,0.18578,530411.0
2025-04-26 01:00:00+00:00,0.18577,0.1861,0.18572,0.18602,811324.0
2025-04-26 01:01:00+00:00,0.18602,0.18609,0.18578,0.18595,828276.0
2025-04-26 01:02:00+00:00,0.18594,0.18599,0.18536,0.18544,1103959.0
2025-04-26 01:03:00+00:00,0.18543,0.18551,0.18505,0.18508,1647873.0
2025-04-26 01:04:00+00:00,0.18509,0.18514,0.18497,0.18512,333562.0
2025-04-26 01:05:00+00:00,0.18512,0.18514,0.18493,0.18501,639659.0
2025-04-26 01:06:00+00:00,0.185,0.18502,0.18461,0.18486,1812655.0
2025-04-26 01:07:00+00:00,0.18487,0.18515,0.18472,0.18515,414472.0
2025-04-26 01:08:00+00:00,0.18516,0.18529,0.18484,0.18507,640248.0
2025-04-26 01:09:00+00:00,0.18506,0.18512,0.18494,0.18494,343176.0
2025-04-26 01:10:00+00:00,0.18493,0.18493,0.18474,0.18491,1574451.0
2025-04-26 01:11:00+00:00,0.18491,0.18504,0.1849,0.185,819442.0
2025-04-26 01:12:00+00:00,0.18499,0.185,0.18464,0.18476,787149.0
2025-04-26 01:13:00+00:00,0.18475,0.18489,0.18457,0.18488,931302.0
2025-04-26 01:14:00+00:00,0.18488,0.18495,0.18482,0.18493,246315.0
2025-04-26 01:15:00+00:00,0.18492,0.18503,0.1848,0.18501,2325410.0
2025-04-26 01:16:00+00:00,0.18502,0.18505,0.18472,0.185,748220.0
2025-04-26 01:17:00+00:00,0.18501,0.18537,0.18501,0.18537,497896.0
2025-04-26 01:18:00+00:00,0.18536,0.18539,0.18526,0.18538,378912.0
2025-04-26 01:19:00+00:00,0.18537,0.18572,0.18535,0.18566,973798.0
2025-04-26 01:20:00+00:00,0.18565,0.18633,0.18564,0.18626,1636598.0
2025-04-26 01:21:00+00:00,0.18626,0.18642,0.1861,0.18614,753438.0
2025-04-26 01:22:00+00:00,0.18614,0.1862,0.1859,0.18602,471327.0
2025-04-26 01:23:00+00:00,0.18602,0.18618,0.18599,0.1861,4258140.0
2025-04-26 01:24:00+00:00,0.1861,0.18611,0.18591,0.186,1148779.0
2025-04-26 01:25:00+00:00,0.18601,0.18614,0.186,0.18614,1297327.0
2025-04-26 01:26:00+00:00,0.18614,0.18618,0.18597,0.186,525576.0
2025-04-26 01:27:00+00:00,0.186,0.18618,0.18576,0.18618,706483.0
2025-04-26 01:28:00+00:00,0.18618,0.18631,0.18584,0.18586,752982.0
2025-04-26 01:29:00+00:00,0.18585,0.18629,0.1858,0.18629,917055.0
2025-04-26 01:30:00+00:00,0.18629,0.18697,0.18629,0.18685,3130155.0
2025-04-26 01:31:00+00:00,0.18685,0.18698,0.18673,0.1868,1243262.0
2025-04-26 01:32:00+00:00,0.1868,0.18748,0.18677,0.18733,3485353.0
2025-04-26 01:33:00+00:00,0.18733,0.18787,0.18731,0.18779,5052649.0
2025-04-26 01:34:00+00:00,0.18779,0.18781,0.18737,0.18763,1927769.0
2025-04-26 01:35:00+00:00,0.18763,0.1881,0.18758,0.18802,4577277.0
2025-04-26 01:36:00+00:00,0.18803,0.18829,0.18794,0.18825,3321083.0
2025-04-26 01:37:00+00:00,0.18825,0.18868,0.18816,0.18825,3032239.0
2025-04-26 01:38:00+00:00,0.18826,0.18845,0.18804,0.18839,839799.0
2025-04-26 01:39:00+00:00,0.18838,0.18879,0.18823,0.18864,1666395.0
2025-04-26 01:40:00+00:00,0.18864,0.18878,0.18818,0.18822,5408550.0
2025-04-26 01:41:00+00:00,0.18823,0.18926,0.18823,0.18926,5672234.0
2025-04-26 01:42:00+00:00,0.18926,0.18943,0.18898,0.18942,10985030.0
2025-04-26 01:43:00+00:00,0.18943,0.18943,0.18907,0.1894,4678865.0
2025-04-26 01:44:00+00:00,0.18939,0.18939,0.18874,0.18893,10308806.0
2025-04-26 01:45:00+00:00,0.18894,0.18903,0.18847,0.18873,5183821.0
2025-04-26 01:46:00+00:00,0.18872,0.18937,0.18867,0.18917,2884237.0
2025-04-26 01:47:00+00:00,0.18917,0.18927,0.18889,0.18892,1072430.0
2025-04-26 01:48:00+00:00,0.18891,0.18939,0.18891,0.18926,1218795.0
2025-04-26 01:49:00+00:00,0.18927,0.18942,0.18912,0.18917,2477572.0
2025-04-26 01:50:00+00:00,0.18917,0.18966,0.18908,0.18966,1980048.0
2025-04-26 01:51:00+00:00,0.18965,0.18994,0.18946,0.18993,2703298.0
2025-04-26 01:52:00+00:00,0.18993,0.18994,0.18932,0.18939,4274071.0
2025-04-26 01:53:00+00:00,0.18939,0.18986,0.18938,0.1897,1477574.0
2025-04-26 01:54:00+00:00,0.1897,0.18971,0.18933,0.18949,797644.0
2025-04-26 01:55:00+00:00,0.1895,0.18963,0.18929,0.18942,1339329.0
2025-04-26 01:56:00+00:00,0.18943,0.18993,0.18943,0.18969,1574962.0
2025-04-26 01:57:00+00:00,0.1897,0.19004,0.18968,0.19002,7582168.0
2025-04-26 01:58:00+00:00,0.19002,0.19144,0.19,0.19144,17600777.0
2025-04-26 01:59:00+00:00,0.19144,0.19161,0.19114,0.19119,6595004.0
2025-04-26 02:00:00+00:00,0.19118,0.19181,0.19086,0.1916,6450191.0
2025-04-26 02:01:00+00:00,0.1916,0.19299,0.19156,0.19262,11390549.0
2025-04-26 02:02:00+00:00,0.19263,0.19273,0.19151,0.19237,5584614.0
2025-04-26 02:03:00+00:00,0.19237,0.193,0.19177,0.19177,4336474.0
2025-04-26 02:04:00+00:00,0.19176,0.19193,0.19158,0.19158,2188104.0
2025-04-26 02:05:00+00:00,0.19158,0.19198,0.19139,0.19139,2950604.0
2025-04-26 02:06:00+00:00,0.1914,0.19166,0.19094,0.19094,2979143.0
2025-04-26 02:07:00+00:00,0.19094,0.19126,0.1906,0.19066,3473845.0
2025-04-26 02:08:00+00:00,0.19066,0.19067,0.19027,0.19061,5373737.0
2025-04-26 02:09:00+00:00,0.1906,0.19062,0.19016,0.1902,2264840.0
2025-04-26 02:10:00+00:00,0.1902,0.19024,0.18993,0.19003,1586207.0
2025-04-26 02:11:00+00:00,0.19003,0.19017,0.18983,0.18983,1179690.0
2025-04-26 02:12:00+00:00,0.18983,0.18998,0.18956,0.18958,2034890.0
2025-04-26 02:13:00+00:00,0.18957,0.18961,0.18899,0.18923,8863812.0
2025-04-26 02:14:00+00:00,0.18923,0.18961,0.18899,0.18927,18378206.0
2025-04-26 02:15:00+00:00,0.18927,0.1897,0.18922,0.18952,2902513.0
2025-04-26 02:16:00+00:00,0.18953,0.18986,0.18953,0.1896,1617269.0
2025-04-26 02:17:00+00:00,0.18959,0.18959,0.18871,0.18891,5924853.0
2025-04-26 02:18:00+00:00,0.1889,0.18913,0.18884,0.18896,2563000.0
2025-04-26 02:19:00+00:00,0.18895,0.18951,0.18892,0.18934,1055782.0
2025-04-26 02:20:00+00:00,0.18933,0.1896,0.18929,0.18958,641465.0
2025-04-26 02:21:00+00:00,0.18957,0.18965,0.18928,0.18936,920389.0
2025-04-26 02:22:00+00:00,0.18936,0.18948,0.18916,0.18916,1009537.0
2025-04-26 02:23:00+00:00,0.18915,0.1893,0.18909,0.18913,702333.0
2025-04-26 02:24:00+00:00,0.18912,0.18935,0.18903,0.18931,723163.0
2025-04-26 02:25:00+00:00,0.18931,0.18932,0.18914,0.18928,294948.0
2025-04-26 02:26:00+00:00,0.18928,0.18962,0.18924,0.18955,600940.0
2025-04-26 02:27:00+00:00,0.18955,0.18989,0.18943,0.18967,1103962.0
2025-04-26 02:28:00+00:00,0.18968,0.18979,0.18953,0.18953,1022861.0
2025-04-26 02:29:00+00:00,0.18952,0.18971,0.18948,0.18964,495074.0
2025-04-26 02:30:00+00:00,0.18964,0.18978,0.1895,0.18965,1063920.0
2025-04-26 02:31:00+00:00,0.18965,0.18967,0.18921,0.18921,746921.0
2025-04-26 02:32:00+00:00,0.18921,0.1897,0.18916,0.18965,1074926.0
2025-04-26 02:33:00+00:00,0.18965,0.18997,0.18952,0.18997,1175785.0
2025-04-26 02:34:00+00:00,0.18996,0.18996,0.18965,0.18986,388747.0
2025-04-26 02:35:00+00:00,0.18987,0.18999,0.18972,0.18981,949577.0
2025-04-26 02:36:00+00:00,0.18981,0.1904,0.18979,0.19019,783258.0
2025-04-26 02:37:00+00:00,0.19018,0.1906,0.19012,0.19058,1246804.0
2025-04-26 02:38:00+00:00,0.19058,0.19059,0.19019,0.19027,800070.0
2025-04-26 02:39:00+00:00,0.19026,0.19041,0.19008,0.19034,2731822.0
2025-04-26 02:40:00+00:00,0.19034,0.19057,0.19033,0.19049,581605.0
2025-04-26 02:41:00+00:00,0.19049,0.19062,0.19044,0.1905,434001.0
2025-04-26 02:42:00+00:00,0.19051,0.19099,0.19051,0.19094,1190151.0
2025-04-26 02:43:00+00:00,0.19093,0.19116,0.19084,0.19095,799505.0
2025-04-26 02:44:00+00:00,0.19094,0.19098,0.19051,0.1906,1842072.0
2025-04-26 02:45:00+00:00,0.19059,0.19068,0.1904,0.19042,1421685.0
2025-04-26 02:46:00+00:00,0.19041,0.19054,0.19033,0.19039,1480359.0
2025-04-26 02:47:00+00:00,0.19039,0.19049,0.19024,0.19042,1471594.0
2025-04-26 02:48:00+00:00,0.19041,0.19041,0.19018,0.19021,1206692.0
2025-04-26 02:49:00+00:00,0.1902,0.19021,0.18966,0.18973,1739589.0
2025-04-26 02:50:00+00:00,0.18973,0.18973,0.18928,0.18932,2031948.0
2025-04-26 02:51:00+00:00,0.18932,0.18951,0.1892,0.1895,1629261.0
2025-04-26 02:52:00+00:00,0.18951,0.18968,0.18944,0.18954,674247.0
2025-04-26 02:53:00+00:00,0.18954,0.18958,0.18941,0.18946,417356.0
2025-04-26 02:54:00+00:00,0.18946,0.18953,0.18934,0.18941,515849.0
2025-04-26 02:55:00+00:00,0.18942,0.18948,0.18927,0.18931,220970.0
2025-04-26 02:56:00+00:00,0.18931,0.18931,0.18913,0.18918,704277.0
2025-04-26 02:57:00+00:00,0.18919,0.18932,0.18912,0.18917,664289.0
2025-04-26 02:58:00+00:00,0.18917,0.18931,0.18915,0.18931,399560.0
2025-04-26 02:59:00+00:00,0.18931,0.18931,0.18906,0.18915,394629.0
2025-04-26 03:00:00+00:00,0.18915,0.1892,0.189,0.18914,342413.0
2025-04-26 03:01:00+00:00,0.18914,0.18914,0.18895,0.18907,548725.0
2025-04-26 03:02:00+00:00,0.18908,0.18925,0.18874,0.18903,9930585.0
2025-04-26 03:03:00+00:00,0.18904,0.18904,0.18862,0.18868,1161355.0
2025-04-26 03:04:00+00:00,0.18868,0.18878,0.18807,0.18811,1635801.0
2025-04-26 03:05:00+00:00,0.18811,0.18812,0.18766,0.18802,3581447.0
2025-04-26 03:06:00+00:00,0.18802,0.1884,0.18802,0.18829,1095883.0
2025-04-26 03:07:00+00:00,0.1883,0.1883,0.18768,0.18775,2046848.0
2025-04-26 03:08:00+00:00,0.18776,0.18791,0.18771,0.18791,996636.0
2025-04-26 03:09:00+00:00,0.18791,0.18804,0.18774,0.18793,1049838.0
2025-04-26 03:10:00+00:00,0.18793,0.1882,0.18793,0.18805,847728.0
2025-04-26 03:11:00+00:00,0.18805,0.18808,0.18781,0.18795,1045612.0
2025-04-26 03:12:00+00:00,0.18794,0.18794,0.18777,0.18789,1101707.0
2025-04-26 03:13:00+00:00,0.18788,0.18793,0.18759,0.18759,642486.0
2025-04-26 03:14:00+00:00,0.18759,0.18771,0.18744,0.18757,4504288.0
2025-04-26 03:15:00+00:00,0.18757,0.18757,0.18706,0.18708,4844002.0
2025-04-26 03:16:00+00:00,0.18707,0.18717,0.18691,0.18699,5401184.0
2025-04-26 03:17:00+00:00,0.18699,0.18707,0.18668,0.18671,5470432.0
2025-04-26 03:18:00+00:00,0.18671,0.18699,0.1867,0.18674,1507011.0
2025-04-26 03:19:00+00:00,0.18674,0.18704,0.18674,0.18684,887445.0
2025-04-26 03:20:00+00:00,0.18684,0.18684,0.18627,0.18627,1077623.0
2025-04-26 03:21:00+00:00,0.18628,0.18657,0.18627,0.18646,2666781.0
2025-04-26 03:22:00+00:00,0.18646,0.18667,0.18645,0.18657,1542600.0
2025-04-26 03:23:00+00:00,0.18657,0.18674,0.18643,0.18654,787643.0
2025-04-26 03:24:00+00:00,0.18653,0.18667,0.1863,0.1865,759602.0
2025-04-26 03:25:00+00:00,0.18649,0.18649,0.1859,0.18605,1574095.0
2025-04-26 03:26:00+00:00,0.18606,0.18635,0.18606,0.18635,728842.0
2025-04-26 03:27:00+00:00,0.18636,0.18642,0.18612,0.18629,810894.0
2025-04-26 03:28:00+00:00,0.18629,0.18629,0.18581,0.18581,2370692.0
2025-04-26 03:29:00+00:00,0.1858,0.18589,0.18541,0.18551,2375189.0
2025-04-26 03:30:00+00:00,0.18551,0.18557,0.18521,0.18551,1209401.0
2025-04-26 03:31:00+00:00,0.18551,0.18577,0.1855,0.18575,785132.0
2025-04-26 03:32:00+00:00,0.18576,0.18582,0.18556,0.18564,1856937.0
2025-04-26 03:33:00+00:00,0.18565,0.18587,0.18556,0.18558,1741768.0
2025-04-26 03:34:00+00:00,0.18558,0.18591,0.18558,0.18583,788108.0
2025-04-26 03:35:00+00:00,0.18583,0.186,0.1857,0.18596,733374.0
2025-04-26 03:36:00+00:00,0.18596,0.1862,0.18595,0.18615,973297.0
2025-04-26 03:37:00+00:00,0.18615,0.18626,0.18614,0.18623,524471.0
2025-04-26 03:38:00+00:00,0.18624,0.18637,0.18617,0.1862,1420855.0
2025-04-26 03:39:00+00:00,0.18621,0.18621,0.18603,0.18608,954355.0
2025-04-26 03:40:00+00:00,0.18608,0.18624,0.18604,0.18621,400846.0
2025-04-26 03:41:00+00:00,0.18622,0.18643,0.18612,0.18635,1025941.0
2025-04-26 03:42:00+00:00,0.18635,0.1864,0.18625,0.18635,346430.0
2025-04-26 03:43:00+00:00,0.18635,0.1865,0.18634,0.18648,302237.0
2025-04-26 03:44:00+00:00,0.18647,0.18655,0.1864,0.18655,237814.0
2025-04-26 03:45:00+00:00,0.18655,0.1868,0.18648,0.18676,937017.0
2025-04-26 03:46:00+00:00,0.18675,0.1869,0.18673,0.18686,855697.0
2025-04-26 03:47:00+00:00,0.18687,0.18693,0.18675,0.18689,301767.0
2025-04-26 03:48:00+00:00,0.1869,0.18693,0.18661,0.18665,542267.0
2025-04-26 03:49:00+00:00,0.18665,0.18685,0.18664,0.18684,1042172.0
2025-04-26 03:50:00+00:00,0.18685,0.18687,0.18669,0.18681,675714.0
2025-04-26 03:51:00+00:00,0.18681,0.18682,0.18648,0.18659,2436409.0
2025-04-26 03:52:00+00:00,0.18658,0.18663,0.18621,0.1863,1612807.0
2025-04-26 03:53:00+00:00,0.18629,0.1863,0.18595,0.18596,790357.0
2025-04-26 03:54:00+00:00,0.18595,0.18613,0.18589,0.18612,1289500.0
2025-04-26 03:55:00+00:00,0.18612,0.1862,0.18594,0.18601,814934.0
2025-04-26 03:56:00+00:00,0.18601,0.18628,0.18601,0.18628,708574.0
2025-04-26 03:57:00+00:00,0.18629,0.18649,0.18629,0.18643,131843.0
2025-04-26 03:58:00+00:00,0.18643,0.18652,0.18642,0.18652,176788.0
2025-04-26 03:59:00+00:00,0.18651,0.1867,0.18651,0.1867,113056.0
2025-04-26 04:00:00+00:00,0.1867,0.18682,0.18665,0.18682,92433.0
2025-04-26 04:01:00+00:00,0.18682,0.18683,0.18661,0.18679,731349.0
2025-04-26 04:02:00+00:00,0.1868,0.18682,0.18657,0.18668,253512.0
2025-04-26 04:03:00+00:00,0.18668,0.1868,0.18664,0.18664,476300.0
2025-04-26 04:04:00+00:00,0.18664,0.18677,0.1866,0.18671,269665.0
2025-04-26 04:05:00+00:00,0.18671,0.18703,0.18671,0.18702,276248.0
2025-04-26 04:06:00+00:00,0.18701,0.18707,0.18693,0.18693,909065.0
2025-04-26 04:07:00+00:00,0.18693,0.18725,0.18693,0.1872,467559.0
2025-04-26 04:08:00+00:00,0.18721,0.18732,0.1872,0.1873,1054180.0
2025-04-26 04:09:00+00:00,0.1873,0.18741,0.18725,0.18729,1186311.0
2025-04-26 04:10:00+00:00,0.18729,0.18742,0.18714,0.18739,482606.0
2025-04-26 04:11:00+00:00,0.18739,0.18744,0.18736,0.1874,520256.0
2025-04-26 04:12:00+00:00,0.18741,0.18742,0.18715,0.18715,982008.0
2025-04-26 04:13:00+00:00,0.18714,0.18735,0.18714,0.18725,584450.0
2025-04-26 04:14:00+00:00,0.18724,0.18729,0.18717,0.18729,151379.0
2025-04-26 04:15:00+00:00,0.1873,0.18732,0.18701,0.18705,342770.0
2025-04-26 04:16:00+00:00,0.18705,0.18707,0.18692,0.187,818911.0
2025-04-26 04:17:00+00:00,0.187,0.18706,0.18692,0.18696,213282.0
2025-04-26 04:18:00+00:00,0.18695,0.18695,0.18653,0.1867,2584424.0
2025-04-26 04:19:00+00:00,0.18669,0.18678,0.18649,0.18669,1978595.0
2025-04-26 04:20:00+00:00,0.18669,0.18675,0.18667,0.18667,452209.0
2025-04-26 04:21:00+00:00,0.18667,0.18667,0.18637,0.18642,510478.0
2025-04-26 04:22:00+00:00,0.18643,0.18651,0.18634,0.18645,728352.0
2025-04-26 04:23:00+00:00,0.18645,0.18645,0.18605,0.18608,990006.0
2025-04-26 04:24:00+00:00,0.18608,0.18623,0.186,0.18611,5845790.0
2025-04-26 04:25:00+00:00,0.1861,0.18611,0.18571,0.18573,1109502.0
2025-04-26 04:26:00+00:00,0.18573,0.18589,0.18568,0.18589,669795.0
2025-04-26 04:27:00+00:00,0.18589,0.18591,0.18565,0.18575,733316.0
2025-04-26 04:28:00+00:00,0.18576,0.1858,0.18548,0.18557,1306295.0
2025-04-26 04:29:00+00:00,0.18558,0.18566,0.18544,0.18544,459148.0
2025-04-26 04:30:00+00:00,0.18543,0.18544,0.18487,0.18495,1678921.0
2025-04-26 04:31:00+00:00,0.18494,0.18518,0.18477,0.18503,1718017.0
2025-04-26 04:32:00+00:00,0.18503,0.18527,0.18494,0.18525,1029010.0
2025-04-26 04:33:00+00:00,0.18526,0.18536,0.18499,0.18508,471704.0
2025-04-26 04:34:00+00:00,0.18508,0.18508,0.18489,0.18491,311632.0
2025-04-26 04:35:00+00:00,0.18492,0.18492,0.1847,0.18476,354510.0
2025-04-26 04:36:00+00:00,0.18476,0.18476,0.18446,0.18455,465449.0
2025-04-26 04:37:00+00:00,0.18455,0.18456,0.18371,0.18404,6968063.0
2025-04-26 04:38:00+00:00,0.18403,0.18425,0.18393,0.18425,1254661.0
2025-04-26 04:39:00+00:00,0.18425,0.18436,0.18414,0.18431,1248460.0
2025-04-26 04:40:00+00:00,0.18431,0.18479,0.1843,0.18474,1298367.0
2025-04-26 04:41:00+00:00,0.18475,0.18503,0.1845,0.18458,6121900.0
2025-04-26 04:42:00+00:00,0.18458,0.18484,0.18446,0.18483,1947158.0
2025-04-26 04:43:00+00:00,0.18483,0.1849,0.1848,0.1849,537527.0
2025-04-26 04:44:00+00:00,0.1849,0.18512,0.1849,0.18512,292824.0
2025-04-26 04:45:00+00:00,0.18512,0.18514,0.18488,0.18488,556352.0
2025-04-26 04:46:00+00:00,0.18488,0.18523,0.18488,0.18523,543025.0
2025-04-26 04:47:00+00:00,0.18523,0.18525,0.18497,0.18498,792061.0
2025-04-26 04:48:00+00:00,0.18497,0.1851,0.18465,0.18476,696430.0
2025-04-26 04:49:00+00:00,0.18476,0.18509,0.18472,0.18503,408694.0
2025-04-26 04:50:00+00:00,0.18503,0.1852,0.18495,0.18503,240042.0
2025-04-26 04:51:00+00:00,0.18502,0.18504,0.18476,0.18481,853740.0
2025-04-26 04:52:00+00:00,0.18482,0.1849,0.18474,0.18477,465810.0
2025-04-26 04:53:00+00:00,0.18477,0.18502,0.18477,0.185,370061.0
2025-04-26 04:54:00+00:00,0.18501,0.18526,0.18501,0.18526,428505.0
2025-04-26 04:55:00+00:00,0.18526,0.18528,0.18517,0.18521,266917.0
2025-04-26 04:56:00+00:00,0.1852,0.1852,0.18471,0.18493,1314764.0
2025-04-26 04:57:00+00:00,0.18492,0.18503,0.18482,0.18502,210089.0
2025-04-26 04:58:00+00:00,0.18501,0.18508,0.18494,0.18495,90369.0
2025-04-26 04:59:00+00:00,0.18495,0.18495,0.18477,0.1848,106916.0
2025-04-26 05:00:00+00:00,0.1848,0.18521,0.18473,0.18521,744103.0
2025-04-26 05:01:00+00:00,0.18521,0.18549,0.18514,0.18532,794122.0
2025-04-26 05:02:00+00:00,0.18533,0.18539,0.18501,0.18502,312907.0
2025-04-26 05:03:00+00:00,0.18502,0.18525,0.18498,0.18507,265544.0
2025-04-26 05:04:00+00:00,0.18508,0.18511,0.18496,0.18502,272387.0
2025-04-26 05:05:00+00:00,0.18501,0.18501,0.1846,0.18463,915226.0
2025-04-26 05:06:00+00:00,0.18462,0.1853,0.18459,0.18524,396933.0
2025-04-26 05:07:00+00:00,0.18524,0.1854,0.18522,0.18531,579543.0
2025-04-26 05:08:00+00:00,0.18532,0.18532,0.1849,0.18498,896666.0
2025-04-26 05:09:00+00:00,0.18499,0.18504,0.18485,0.1849,601459.0
2025-04-26 05:10:00+00:00,0.1849,0.18497,0.18473,0.18477,1508986.0
2025-04-26 05:11:00+00:00,0.18477,0.18531,0.18477,0.18527,450798.0
2025-04-26 05:12:00+00:00,0.18528,0.18552,0.18528,0.18552,477060.0
2025-04-26 05:13:00+00:00,0.18552,0.18552,0.18528,0.18541,762970.0
2025-04-26 05:14:00+00:00,0.1854,0.1854,0.18518,0.18531,555913.0
2025-04-26 05:15:00+00:00,0.18532,0.18556,0.18532,0.18556,139446.0
2025-04-26 05:16:00+00:00,0.18557,0.18564,0.18534,0.18534,769085.0
2025-04-26 05:17:00+00:00,0.18534,0.18564,0.18533,0.18564,55291.0
2025-04-26 05:18:00+00:00,0.18564,0.18568,0.18543,0.18543,593545.0
2025-04-26 05:19:00+00:00,0.18543,0.18546,0.1852,0.18542,757439.0
2025-04-26 05:20:00+00:00,0.18541,0.18563,0.18535,0.18563,329634.0
2025-04-26 05:21:00+00:00,0.18562,0.18573,0.18562,0.18565,213305.0
2025-04-26 05:22:00+00:00,0.18565,0.18573,0.18563,0.18573,189490.0
2025-04-26 05:23:00+00:00,0.18573,0.18577,0.18569,0.18575,292255.0
2025-04-26 05:24:00+00:00,0.18575,0.18575,0.18545,0.1855,906883.0
2025-04-26 05:25:00+00:00,0.18549,0.18549,0.18525,0.18526,182112.0
2025-04-26 05:26:00+00:00,0.18525,0.18528,0.18492,0.18527,1270204.0
2025-04-26 05:27:00+00:00,0.18527,0.18572,0.1852,0.18571,343238.0
2025-04-26 05:28:00+00:00,0.18571,0.18574,0.18563,0.18574,204406.0
2025-04-26 05:29:00+00:00,0.18574,0.18591,0.18573,0.18585,522649.0
2025-04-26 05:30:00+00:00,0.18584,0.186,0.18582,0.18599,150902.0
2025-04-26 05:31:00+00:00,0.18599,0.18602,0.18581,0.1859,626383.0
2025-04-26 05:32:00+00:00,0.18589,0.18597,0.18568,0.18588,357184.0
2025-04-26 05:33:00+00:00,0.18587,0.18599,0.18581,0.18586,2752842.0
2025-04-26 05:34:00+00:00,0.18586,0.18587,0.18567,0.1857,741024.0
2025-04-26 05:35:00+00:00,0.18571,0.18581,0.18561,0.18581,189241.0
2025-04-26 05:36:00+00:00,0.18581,0.18591,0.18572,0.1859,182500.0
2025-04-26 05:37:00+00:00,0.18591,0.18598,0.18558,0.18558,748082.0
2025-04-26 05:38:00+00:00,0.18557,0.18557,0.1854,0.1855,411502.0
2025-04-26 05:39:00+00:00,0.18551,0.18551,0.18528,0.18536,146802.0
2025-04-26 05:40:00+00:00,0.18537,0.1854,0.18528,0.18537,402087.0
2025-04-26 05:41:00+00:00,0.18536,0.18557,0.18535,0.18554,561821.0
2025-04-26 05:42:00+00:00,0.18555,0.18555,0.18539,0.18544,285750.0
2025-04-26 05:43:00+00:00,0.18545,0.18559,0.18535,0.18558,328527.0
2025-04-26 05:44:00+00:00,0.18558,0.18563,0.18544,0.18559,436344.0
2025-04-26 05:45:00+00:00,0.18559,0.18576,0.18551,0.18574,281463.0
2025-04-26 05:46:00+00:00,0.18575,0.1859,0.18575,0.18579,192357.0
2025-04-26 05:47:00+00:00,0.18579,0.18609,0.18576,0.18607,1084758.0
2025-04-26 05:48:00+00:00,0.18607,0.18613,0.18605,0.18613,397355.0
2025-04-26 05:49:00+00:00,0.18612,0.18617,0.18607,0.18608,753733.0
2025-04-26 05:50:00+00:00,0.18608,0.18624,0.18605,0.18612,425135.0
2025-04-26 05:51:00+00:00,0.18613,0.18622,0.1861,0.18622,206076.0
2025-04-26 05:52:00+00:00,0.18621,0.18623,0.18612,0.18619,314654.0
2025-04-26 05:53:00+00:00,0.1862,0.1862,0.1861,0.18619,204786.0
2025-04-26 05:54:00+00:00,0.18619,0.18627,0.18614,0.18619,431766.0
2025-04-26 05:55:00+00:00,0.1862,0.18622,0.18612,0.18614,228392.0
2025-04-26 05:56:00+00:00,0.18615,0.18615,0.18603,0.18603,1496974.0
2025-04-26 05:57:00+00:00,0.18603,0.18606,0.18597,0.18598,123061.0
2025-04-26 05:58:00+00:00,0.18598,0.18598,0.18578,0.18587,90494.0
2025-04-26 05:59:00+00:00,0.18586,0.18587,0.18581,0.18582,474018.0
2025-04-26 06:00:00+00:00,0.18583,0.18585,0.1857,0.18581,1764302.0
2025-04-26 06:01:00+00:00,0.18582,0.18611,0.18582,0.18602,220088.0
2025-04-26 06:02:00+00:00,0.18602,0.18604,0.18585,0.18593,222334.0
2025-04-26 06:03:00+00:00,0.18592,0.18617,0.18591,0.18613,246806.0
2025-04-26 06:04:00+00:00,0.18614,0.18632,0.186,0.18601,273157.0
2025-04-26 06:05:00+00:00,0.18601,0.18642,0.18601,0.18642,473452.0
2025-04-26 06:06:00+00:00,0.18641,0.18641,0.18603,0.18604,178442.0
2025-04-26 06:07:00+00:00,0.18604,0.1862,0.18595,0.1862,305548.0
2025-04-26 06:08:00+00:00,0.18619,0.1862,0.18605,0.18617,127775.0
2025-04-26 06:09:00+00:00,0.18617,0.18617,0.1859,0.1859,115340.0
2025-04-26 06:10:00+00:00,0.18591,0.18614,0.1859,0.18614,197791.0
2025-04-26 06:11:00+00:00,0.18613,0.18626,0.18612,0.18624,243505.0
2025-04-26 06:12:00+00:00,0.18623,0.18638,0.18618,0.18638,274847.0
2025-04-26 06:13:00+00:00,0.18637,0.18651,0.18633,0.18638,702412.0
2025-04-26 06:14:00+00:00,0.18637,0.18649,0.18626,0.1863,719597.0
2025-04-26 06:15:00+00:00,0.18631,0.18663,0.18629,0.18638,1413719.0
2025-04-26 06:16:00+00:00,0.18637,0.18637,0.18621,0.18623,304505.0
2025-04-26 06:17:00+00:00,0.18622,0.18622,0.186,0.18603,89606.0
2025-04-26 06:18:00+00:00,0.18603,0.18615,0.18597,0.18606,197997.0
2025-04-26 06:19:00+00:00,0.18606,0.18612,0.1859,0.18591,246453.0
2025-04-26 06:20:00+00:00,0.18592,0.18601,0.1859,0.18595,440145.0
2025-04-26 06:21:00+00:00,0.18596,0.18596,0.18574,0.18583,794686.0
2025-04-26 06:22:00+00:00,0.18583,0.18597,0.18581,0.18581,120378.0
2025-04-26 06:23:00+00:00,0.18582,0.18589,0.18574,0.18578,85726.0
2025-04-26 06:24:00+00:00,0.18578,0.186,0.18577,0.18599,139331.0
2025-04-26 06:25:00+00:00,0.186,0.18602,0.18569,0.18581,206865.0
2025-04-26 06:26:00+00:00,0.18581,0.18598,0.18581,0.18597,100232.0
2025-04-26 06:27:00+00:00,0.18597,0.18601,0.18593,0.18596,130685.0
2025-04-26 06:28:00+00:00,0.18596,0.18601,0.18594,0.18594,332562.0
2025-04-26 06:29:00+00:00,0.18595,0.18596,0.18577,0.18582,375194.0
2025-04-26 06:30:00+00:00,0.18583,0.18595,0.18583,0.1859,58111.0
2025-04-26 06:31:00+00:00,0.18591,0.18593,0.18582,0.18591,188320.0
2025-04-26 06:32:00+00:00,0.18592,0.18615,0.18592,0.18615,198976.0
2025-04-26 06:33:00+00:00,0.18616,0.18623,0.18614,0.18622,639202.0
2025-04-26 06:34:00+00:00,0.18623,0.18635,0.18622,0.18635,488548.0
2025-04-26 06:35:00+00:00,0.18634,0.18677,0.18634,0.18676,547052.0
2025-04-26 06:36:00+00:00,0.18676,0.18693,0.1866,0.1869,622737.0
2025-04-26 06:37:00+00:00,0.18689,0.18691,0.18656,0.18656,323668.0
2025-04-26 06:38:00+00:00,0.18657,0.18657,0.18626,0.1863,446114.0
2025-04-26 06:39:00+00:00,0.18629,0.18652,0.18618,0.18645,369531.0
2025-04-26 06:40:00+00:00,0.18644,0.18644,0.18626,0.18632,181092.0
2025-04-26 06:41:00+00:00,0.18632,0.18643,0.18629,0.18638,985972.0
2025-04-26 06:42:00+00:00,0.18639,0.18645,0.18631,0.18632,181218.0
2025-04-26 06:43:00+00:00,0.18632,0.18644,0.18631,0.18637,243428.0
2025-04-26 06:44:00+00:00,0.18636,0.18646,0.18634,0.18646,472141.0
2025-04-26 06:45:00+00:00,0.18646,0.18653,0.18643,0.18653,226472.0
2025-04-26 06:46:00+00:00,0.18653,0.18665,0.18648,0.18665,639511.0
2025-04-26 06:47:00+00:00,0.18664,0.18686,0.18664,0.18685,343928.0
2025-04-26 06:48:00+00:00,0.18685,0.18706,0.18681,0.18698,695364.0
2025-04-26 06:49:00+00:00,0.18697,0.187,0.18691,0.18698,241342.0
2025-04-26 06:50:00+00:00,0.18699,0.18709,0.18699,0.18708,293090.0
2025-04-26 06:51:00+00:00,0.18709,0.18717,0.18705,0.18715,349144.0
2025-04-26 06:52:00+00:00,0.18714,0.1872,0.18709,0.18717,629032.0
2025-04-26 06:53:00+00:00,0.18717,0.18717,0.18681,0.18681,1059759.0
2025-04-26 06:54:00+00:00,0.18681,0.18682,0.18671,0.18682,93244.0
2025-04-26 06:55:00+00:00,0.18682,0.18682,0.1865,0.18652,190086.0
2025-04-26 06:56:00+00:00,0.18651,0.18657,0.18648,0.18657,97291.0
2025-04-26 06:57:00+00:00,0.18658,0.18667,0.18658,0.18662,215509.0
2025-04-26 06:58:00+00:00,0.18661,0.18665,0.18654,0.18661,337452.0
2025-04-26 06:59:00+00:00,0.18661,0.18665,0.1866,0.18663,147123.0
2025-04-26 07:00:00+00:00,0.18664,0.18675,0.18658,0.18666,180217.0
2025-04-26 07:01:00+00:00,0.18665,0.18673,0.18659,0.18669,106539.0
2025-04-26 07:02:00+00:00,0.18669,0.18681,0.18654,0.18681,186298.0
2025-04-26 07:03:00+00:00,0.18682,0.18716,0.18682,0.18714,580117.0
2025-04-26 07:04:00+00:00,0.18713,0.18713,0.1869,0.1869,320732.0
2025-04-26 07:05:00+00:00,0.1869,0.18695,0.18675,0.18688,117703.0
2025-04-26 07:06:00+00:00,0.18688,0.18708,0.18687,0.18708,625619.0
2025-04-26 07:07:00+00:00,0.18707,0.18714,0.18703,0.18712,1699504.0
2025-04-26 07:08:00+00:00,0.18711,0.18711,0.18687,0.18688,239844.0
2025-04-26 07:09:00+00:00,0.18688,0.18703,0.18677,0.18703,314109.0
2025-04-26 07:10:00+00:00,0.18704,0.1873,0.18704,0.18708,819966.0
2025-04-26 07:11:00+00:00,0.18709,0.18752,0.18703,0.1874,875988.0
2025-04-26 07:12:00+00:00,0.18739,0.18751,0.1873,0.18736,3641277.0
2025-04-26 07:13:00+00:00,0.18736,0.18739,0.18724,0.18736,916381.0
2025-04-26 07:14:00+00:00,0.18736,0.18756,0.18732,0.18752,1812154.0
2025-04-26 07:15:00+00:00,0.18753,0.18771,0.18747,0.18762,2210878.0
2025-04-26 07:16:00+00:00,0.18761,0.18775,0.18752,0.18752,3486101.0
2025-04-26 07:17:00+00:00,0.18752,0.18766,0.18752,0.18761,792198.0
2025-04-26 07:18:00+00:00,0.1876,0.18761,0.18751,0.18753,569410.0
2025-04-26 07:19:00+00:00,0.18753,0.18753,0.18746,0.18747,317436.0
2025-04-26 07:20:00+00:00,0.18747,0.18751,0.18734,0.18734,356982.0
2025-04-26 07:21:00+00:00,0.18734,0.18734,0.18711,0.18713,477949.0
2025-04-26 07:22:00+00:00,0.18713,0.18724,0.187,0.18715,457151.0
2025-04-26 07:23:00+00:00,0.18714,0.18721,0.18708,0.18721,93564.0
2025-04-26 07:24:00+00:00,0.18722,0.18752,0.18721,0.18751,217470.0
2025-04-26 07:25:00+00:00,0.18752,0.18755,0.18738,0.18744,528194.0
2025-04-26 07:26:00+00:00,0.18743,0.18748,0.18727,0.1873,119346.0
2025-04-26 07:27:00+00:00,0.18729,0.18741,0.18728,0.18735,355178.0
2025-04-26 07:28:00+00:00,0.18735,0.18737,0.18721,0.18721,443000.0
2025-04-26 07:29:00+00:00,0.18722,0.18724,0.1872,0.18722,204884.0
2025-04-26 07:30:00+00:00,0.18721,0.1873,0.187,0.187,787842.0
2025-04-26 07:31:00+00:00,0.18701,0.18701,0.18681,0.18696,303710.0
2025-04-26 07:32:00+00:00,0.18696,0.18702,0.18681,0.18681,467615.0
2025-04-26 07:33:00+00:00,0.18681,0.18688,0.18672,0.18683,263958.0
2025-04-26 07:34:00+00:00,0.18683,0.18706,0.18682,0.18702,106797.0
2025-04-26 07:35:00+00:00,0.18702,0.18706,0.18699,0.18705,361054.0
2025-04-26 07:36:00+00:00,0.18704,0.18726,0.1867,0.18726,3672012.0
2025-04-26 07:37:00+00:00,0.18727,0.18728,0.18718,0.18723,103858.0
2025-04-26 07:38:00+00:00,0.18723,0.18723,0.18686,0.18686,229375.0
2025-04-26 07:39:00+00:00,0.18686,0.1869,0.18678,0.18681,155748.0
2025-04-26 07:40:00+00:00,0.1868,0.18695,0.1868,0.18694,138766.0
2025-04-26 07:41:00+00:00,0.18694,0.18694,0.1867,0.18671,148687.0
2025-04-26 07:42:00+00:00,0.1867,0.18675,0.18664,0.18665,357673.0
2025-04-26 07:43:00+00:00,0.18665,0.18669,0.18663,0.18665,365009.0
2025-04-26 07:44:00+00:00,0.18666,0.18681,0.18666,0.18681,164039.0
2025-04-26 07:45:00+00:00,0.1868,0.1868,0.18655,0.18676,257409.0
2025-04-26 07:46:00+00:00,0.18676,0.18676,0.18653,0.18661,314719.0
2025-04-26 07:47:00+00:00,0.18661,0.18662,0.18644,0.18644,385106.0
2025-04-26 07:48:00+00:00,0.18644,0.18653,0.1864,0.18653,604313.0
2025-04-26 07:49:00+00:00,0.18653,0.18677,0.18652,0.18675,503257.0
2025-04-26 07:50:00+00:00,0.18676,0.18711,0.18676,0.18707,386798.0
2025-04-26 07:51:00+00:00,0.18707,0.18713,0.187,0.18705,177749.0
2025-04-26 07:52:00+00:00,0.18706,0.18712,0.18685,0.18688,257728.0
2025-04-26 07:53:00+00:00,0.18687,0.18688,0.18673,0.18678,424232.0
2025-04-26 07:54:00+00:00,0.18678,0.18679,0.18663,0.18663,267667.0
2025-04-26 07:55:00+00:00,0.18662,0.18671,0.18662,0.18667,222083.0
2025-04-26 07:56:00+00:00,0.18667,0.18668,0.18654,0.18654,259098.0
2025-04-26 07:57:00+00:00,0.18654,0.18654,0.18633,0.18633,181613.0
2025-04-26 07:58:00+00:00,0.18633,0.18633,0.18604,0.18607,827829.0
2025-04-26 07:59:00+00:00,0.18607,0.18614,0.18591,0.18599,3411910.0
2025-04-26 08:00:00+00:00,0.18599,0.18622,0.18598,0.18622,459883.0
2025-04-26 08:01:00+00:00,0.18621,0.18632,0.18616,0.18617,328883.0
2025-04-26 08:02:00+00:00,0.18618,0.18627,0.18614,0.18627,627692.0
2025-04-26 08:03:00+00:00,0.18626,0.18626,0.18608,0.18616,223175.0
2025-04-26 08:04:00+00:00,0.18615,0.18617,0.18594,0.18598,416061.0
2025-04-26 08:05:00+00:00,0.18598,0.18624,0.18596,0.18624,1083147.0
2025-04-26 08:06:00+00:00,0.18624,0.1865,0.1862,0.18649,218776.0
2025-04-26 08:07:00+00:00,0.18648,0.18652,0.18614,0.18621,314749.0
2025-04-26 08:08:00+00:00,0.18622,0.18628,0.18592,0.18594,534239.0
2025-04-26 08:09:00+00:00,0.18595,0.18606,0.18583,0.18605,397702.0
2025-04-26 08:10:00+00:00,0.18605,0.18606,0.1858,0.18582,554933.0
2025-04-26 08:11:00+00:00,0.18583,0.186,0.18561,0.18562,472355.0
2025-04-26 08:12:00+00:00,0.18562,0.18562,0.18546,0.18549,675621.0
2025-04-26 08:13:00+00:00,0.18548,0.18588,0.18543,0.18587,595830.0
2025-04-26 08:14:00+00:00,0.18587,0.18609,0.1858,0.18609,270833.0
2025-04-26 08:15:00+00:00,0.1861,0.18639,0.1861,0.18636,338019.0
2025-04-26 08:16:00+00:00,0.18636,0.18645,0.18629,0.18642,400950.0
2025-04-26 08:17:00+00:00,0.18643,0.18663,0.18643,0.18648,340534.0
2025-04-26 08:18:00+00:00,0.18648,0.18652,0.18634,0.18634,316848.0
2025-04-26 08:19:00+00:00,0.18633,0.18635,0.186,0.18602,252207.0
2025-04-26 08:20:00+00:00,0.18603,0.18608,0.18589,0.18601,232920.0
2025-04-26 08:21:00+00:00,0.18602,0.18608,0.18589,0.18589,1039853.0
2025-04-26 08:22:00+00:00,0.1859,0.18617,0.1859,0.18613,155189.0
2025-04-26 08:23:00+00:00,0.18614,0.18617,0.18606,0.18615,99124.0
2025-04-26 08:24:00+00:00,0.18615,0.18625,0.18607,0.18625,467888.0
2025-04-26 08:25:00+00:00,0.18625,0.18681,0.18625,0.18651,974998.0
2025-04-26 08:26:00+00:00,0.18651,0.18669,0.18637,0.18655,684685.0
2025-04-26 08:27:00+00:00,0.18654,0.187,0.18654,0.18693,927238.0
2025-04-26 08:28:00+00:00,0.18693,0.18728,0.18681,0.18728,1587168.0
2025-04-26 08:29:00+00:00,0.18727,0.18755,0.18692,0.18695,2163128.0
2025-04-26 08:30:00+00:00,0.18695,0.18702,0.18628,0.18642,849211.0
2025-04-26 08:31:00+00:00,0.18642,0.1867,0.18625,0.1863,449653.0
2025-04-26 08:32:00+00:00,0.1863,0.18635,0.18601,0.18607,751929.0
2025-04-26 08:33:00+00:00,0.18607,0.18618,0.18596,0.18613,482687.0
2025-04-26 08:34:00+00:00,0.18613,0.18633,0.18544,0.18581,15764088.0
2025-04-26 08:35:00+00:00,0.18581,0.18602,0.18533,0.18602,9223119.0
2025-04-26 08:36:00+00:00,0.18603,0.18616,0.18593,0.18594,428970.0
2025-04-26 08:37:00+00:00,0.18594,0.18622,0.18581,0.18589,746710.0
2025-04-26 08:38:00+00:00,0.18588,0.18593,0.18566,0.18583,978444.0
2025-04-26 08:39:00+00:00,0.18583,0.18583,0.18547,0.18557,699248.0
2025-04-26 08:40:00+00:00,0.18558,0.18568,0.1855,0.1856,632303.0
2025-04-26 08:41:00+00:00,0.18559,0.18563,0.18477,0.18481,8025051.0
2025-04-26 08:42:00+00:00,0.18482,0.18504,0.18463,0.18491,1394996.0
2025-04-26 08:43:00+00:00,0.18491,0.18524,0.1849,0.18508,1248334.0
2025-04-26 08:44:00+00:00,0.18509,0.18515,0.18494,0.18494,678485.0
2025-04-26 08:45:00+00:00,0.18494,0.185,0.18425,0.18463,4301935.0
2025-04-26 08:46:00+00:00,0.18463,0.1849,0.18452,0.18489,1223546.0
2025-04-26 08:47:00+00:00,0.18489,0.18489,0.18428,0.18469,8298372.0
2025-04-26 08:48:00+00:00,0.18469,0.18493,0.18445,0.1849,333048.0
2025-04-26 08:49:00+00:00,0.18492,0.18494,0.18443,0.18464,396186.0
2025-04-26 08:50:00+00:00,0.18464,0.18473,0.18443,0.18444,392172.0
2025-04-26 08:51:00+00:00,0.18444,0.18461,0.18438,0.1845,376159.0
2025-04-26 08:52:00+00:00,0.1845,0.18454,0.18431,0.18445,262253.0
2025-04-26 08:53:00+00:00,0.18444,0.18446,0.18418,0.18425,2438736.0
2025-04-26 08:54:00+00:00,0.18425,0.18438,0.18378,0.18387,2001528.0
2025-04-26 08:55:00+00:00,0.18387,0.18412,0.18379,0.18412,1149150.0
2025-04-26 08:56:00+00:00,0.18412,0.18432,0.18408,0.18421,525490.0
2025-04-26 08:57:00+00:00,0.18422,0.18438,0.18421,0.1843,2183198.0
2025-04-26 08:58:00+00:00,0.18429,0.1843,0.18414,0.18421,481624.0
2025-04-26 08:59:00+00:00,0.1842,0.18431,0.18409,0.18422,645444.0
2025-04-26 09:00:00+00:00,0.18421,0.18428,0.18407,0.18415,828607.0
2025-04-26 09:01:00+00:00,0.18416,0.18416,0.1837,0.18395,1281466.0
2025-04-26 09:02:00+00:00,0.18394,0.18394,0.18343,0.18345,1815912.0
2025-04-26 09:03:00+00:00,0.18345,0.18359,0.18325,0.18325,1076050.0
2025-04-26 09:04:00+00:00,0.18324,0.18328,0.18291,0.18301,1761594.0
2025-04-26 09:05:00+00:00,0.18301,0.18344,0.18298,0.18316,1512143.0
2025-04-26 09:06:00+00:00,0.18316,0.18339,0.18314,0.18339,1221136.0
2025-04-26 09:07:00+00:00,0.18338,0.18364,0.18338,0.18364,410748.0
2025-04-26 09:08:00+00:00,0.18363,0.18365,0.18344,0.18345,935539.0
2025-04-26 09:09:00+00:00,0.18345,0.18375,0.18339,0.18364,650291.0
2025-04-26 09:10:00+00:00,0.18365,0.18378,0.18362,0.18378,414259.0
2025-04-26 09:11:00+00:00,0.18379,0.18383,0.18341,0.18348,553789.0
2025-04-26 09:12:00+00:00,0.18347,0.18353,0.18344,0.18351,148040.0
2025-04-26 09:13:00+00:00,0.18352,0.1837,0.18342,0.18364,470104.0
2025-04-26 09:14:00+00:00,0.18365,0.1838,0.18362,0.18378,249271.0
2025-04-26 09:15:00+00:00,0.18377,0.18377,0.18344,0.18355,251147.0
2025-04-26 09:16:00+00:00,0.18356,0.18367,0.18353,0.18366,280402.0
2025-04-26 09:17:00+00:00,0.18365,0.18398,0.18351,0.18398,778378.0
2025-04-26 09:18:00+00:00,0.18398,0.18398,0.18376,0.18388,251700.0
2025-04-26 09:19:00+00:00,0.18387,0.18387,0.18358,0.18374,393094.0
2025-04-26 09:20:00+00:00,0.18375,0.18391,0.18361,0.18391,323191.0
2025-04-26 09:21:00+00:00,0.1839,0.18435,0.18387,0.18427,1670565.0
2025-04-26 09:22:00+00:00,0.18426,0.18438,0.18409,0.18419,1510067.0
2025-04-26 09:23:00+00:00,0.1842,0.18421,0.18407,0.18409,195087.0
2025-04-26 09:24:00+00:00,0.18409,0.18412,0.18403,0.18407,288530.0
2025-04-26 09:25:00+00:00,0.18406,0.18406,0.1839,0.18396,134342.0
2025-04-26 09:26:00+00:00,0.18396,0.18396,0.1836,0.18369,252772.0
2025-04-26 09:27:00+00:00,0.18368,0.18369,0.18301,0.18324,3321152.0
2025-04-26 09:28:00+00:00,0.18325,0.18346,0.18321,0.1834,1225501.0
2025-04-26 09:29:00+00:00,0.1834,0.18343,0.18323,0.18325,680938.0
2025-04-26 09:30:00+00:00,0.18325,0.18328,0.18294,0.18303,908404.0
2025-04-26 09:31:00+00:00,0.18304,0.18309,0.18263,0.18264,1167425.0
2025-04-26 09:32:00+00:00,0.18263,0.18275,0.1823,0.18254,4545965.0
2025-04-26 09:33:00+00:00,0.18255,0.18294,0.18253,0.18263,1507462.0
2025-04-26 09:34:00+00:00,0.18262,0.18268,0.18248,0.18258,351804.0
2025-04-26 09:35:00+00:00,0.18258,0.18258,0.18223,0.18232,2345173.0
2025-04-26 09:36:00+00:00,0.18233,0.18233,0.18197,0.18216,3183450.0
2025-04-26 09:37:00+00:00,0.18215,0.18262,0.18197,0.1826,1514562.0
2025-04-26 09:38:00+00:00,0.1826,0.18268,0.18221,0.18228,731844.0
2025-04-26 09:39:00+00:00,0.18229,0.18248,0.18228,0.18238,1110254.0
2025-04-26 09:40:00+00:00,0.18239,0.18239,0.18207,0.18228,516364.0
2025-04-26 09:41:00+00:00,0.18229,0.18231,0.18205,0.18218,427153.0
2025-04-26 09:42:00+00:00,0.18217,0.18224,0.182,0.18219,508686.0
2025-04-26 09:43:00+00:00,0.18219,0.1823,0.18214,0.18221,273696.0
2025-04-26 09:44:00+00:00,0.18221,0.18237,0.1822,0.1823,297112.0
2025-04-26 09:45:00+00:00,0.18229,0.18229,0.18189,0.18215,3501088.0
2025-04-26 09:46:00+00:00,0.18214,0.18244,0.1821,0.18229,883983.0
2025-04-26 09:47:00+00:00,0.18228,0.18236,0.18207,0.18207,726403.0
2025-04-26 09:48:00+00:00,0.18208,0.18224,0.18204,0.18217,126072.0
2025-04-26 09:49:00+00:00,0.18218,0.18249,0.18215,0.18248,253304.0
2025-04-26 09:50:00+00:00,0.18248,0.18248,0.18236,0.1824,256050.0
2025-04-26 09:51:00+00:00,0.1824,0.18251,0.18223,0.18223,402603.0
2025-04-26 09:52:00+00:00,0.18222,0.18232,0.18199,0.18217,3350634.0
2025-04-26 09:53:00+00:00,0.18217,0.18256,0.18217,0.18256,277648.0
2025-04-26 09:54:00+00:00,0.18256,0.18266,0.18256,0.18261,561979.0
2025-04-26 09:55:00+00:00,0.18261,0.1831,0.18261,0.18288,4357070.0
2025-04-26 09:56:00+00:00,0.18289,0.183,0.18287,0.18298,205753.0
2025-04-26 09:57:00+00:00,0.18298,0.18304,0.18275,0.1828,1372981.0
2025-04-26 09:58:00+00:00,0.1828,0.18283,0.18279,0.18282,140600.0
2025-04-26 09:59:00+00:00,0.18283,0.18324,0.18283,0.18318,2760669.0
2025-04-26 10:00:00+00:00,0.18318,0.18324,0.18277,0.18277,906509.0
2025-04-26 10:01:00+00:00,0.18277,0.18296,0.1827,0.18293,96136.0
2025-04-26 10:02:00+00:00,0.18293,0.18302,0.18271,0.18301,782851.0
2025-04-26 10:03:00+00:00,0.18301,0.18326,0.183,0.18325,925045.0
2025-04-26 10:04:00+00:00,0.18325,0.1834,0.1832,0.18326,902513.0
2025-04-26 10:05:00+00:00,0.18327,0.1835,0.18325,0.18345,722982.0
2025-04-26 10:06:00+00:00,0.18344,0.18344,0.18329,0.18338,213363.0
2025-04-26 10:07:00+00:00,0.18338,0.18347,0.18332,0.18339,1293354.0
2025-04-26 10:08:00+00:00,0.18338,0.18344,0.18333,0.1834,220756.0
2025-04-26 10:09:00+00:00,0.18341,0.18341,0.18333,0.18333,251867.0
2025-04-26 10:10:00+00:00,0.18333,0.18337,0.18308,0.18311,2384745.0
2025-04-26 10:11:00+00:00,0.18311,0.18319,0.18301,0.18305,591747.0
2025-04-26 10:12:00+00:00,0.18305,0.18314,0.18299,0.18305,259880.0
2025-04-26 10:13:00+00:00,0.18306,0.18313,0.18298,0.18298,140971.0
2025-04-26 10:14:00+00:00,0.18298,0.18298,0.18265,0.1827,555000.0
2025-04-26 10:15:00+00:00,0.1827,0.18296,0.18265,0.18293,108214.0
2025-04-26 10:16:00+00:00,0.18292,0.18298,0.18272,0.18274,489826.0
2025-04-26 10:17:00+00:00,0.18273,0.18282,0.18272,0.18274,108190.0
2025-04-26 10:18:00+00:00,0.18275,0.18297,0.18275,0.18297,137015.0
2025-04-26 10:19:00+00:00,0.18297,0.18297,0.1828,0.18296,354972.0
2025-04-26 10:20:00+00:00,0.18296,0.18298,0.18282,0.18282,723983.0
2025-04-26 10:21:00+00:00,0.18282,0.18299,0.18275,0.18299,292597.0
2025-04-26 10:22:00+00:00,0.183,0.18318,0.18294,0.18312,327491.0
2025-04-26 10:23:00+00:00,0.18313,0.18326,0.18308,0.18318,401006.0
2025-04-26 10:24:00+00:00,0.18317,0.18341,0.18317,0.18341,49865.0
2025-04-26 10:25:00+00:00,0.18341,0.18345,0.18325,0.18343,488635.0
2025-04-26 10:26:00+00:00,0.18343,0.18352,0.18338,0.18343,566546.0
2025-04-26 10:27:00+00:00,0.18344,0.18344,0.18333,0.18334,472473.0
2025-04-26 10:28:00+00:00,0.18333,0.18334,0.18317,0.18327,150647.0
2025-04-26 10:29:00+00:00,0.18328,0.18328,0.1831,0.18315,374525.0
2025-04-26 10:30:00+00:00,0.18314,0.18314,0.18292,0.18293,152945.0
2025-04-26 10:31:00+00:00,0.18292,0.18315,0.18292,0.18295,134620.0
2025-04-26 10:32:00+00:00,0.18294,0.18305,0.18282,0.18305,231195.0
2025-04-26 10:33:00+00:00,0.18305,0.1833,0.18304,0.18314,203799.0
2025-04-26 10:34:00+00:00,0.18313,0.18313,0.18286,0.18297,88213.0
2025-04-26 10:35:00+00:00,0.18296,0.183,0.18291,0.183,217210.0
2025-04-26 10:36:00+00:00,0.18299,0.18319,0.18298,0.18319,119443.0
2025-04-26 10:37:00+00:00,0.1832,0.1832,0.18307,0.18316,308029.0
2025-04-26 10:38:00+00:00,0.18316,0.18336,0.18312,0.18334,471584.0
2025-04-26 10:39:00+00:00,0.18335,0.18349,0.18335,0.1834,1584291.0
2025-04-26 10:40:00+00:00,0.18339,0.18359,0.18338,0.18353,200764.0
2025-04-26 10:41:00+00:00,0.18354,0.18363,0.18348,0.18359,753702.0
2025-04-26 10:42:00+00:00,0.18359,0.18362,0.18353,0.18359,697063.0
2025-04-26 10:43:00+00:00,0.18358,0.18364,0.18356,0.18356,130373.0
2025-04-26 10:44:00+00:00,0.18356,0.18366,0.1835,0.18365,293264.0
2025-04-26 10:45:00+00:00,0.18365,0.18375,0.1836,0.18365,441347.0
2025-04-26 10:46:00+00:00,0.18365,0.18369,0.18348,0.18348,234712.0
2025-04-26 10:47:00+00:00,0.18349,0.18354,0.18342,0.18346,244970.0
2025-04-26 10:48:00+00:00,0.18347,0.18352,0.18341,0.18342,939874.0
2025-04-26 10:49:00+00:00,0.18342,0.18342,0.18326,0.18331,247418.0
2025-04-26 10:50:00+00:00,0.18331,0.18347,0.18321,0.18325,460146.0
2025-04-26 10:51:00+00:00,0.18325,0.18327,0.18311,0.18315,420262.0
2025-04-26 10:52:00+00:00,0.18315,0.18335,0.18315,0.18334,319308.0
2025-04-26 10:53:00+00:00,0.18335,0.18349,0.18333,0.18334,291836.0
2025-04-26 10:54:00+00:00,0.18334,0.18344,0.18331,0.18342,311808.0
2025-04-26 10:55:00+00:00,0.18341,0.18347,0.1833,0.1833,221235.0
2025-04-26 10:56:00+00:00,0.1833,0.18331,0.18326,0.1833,127128.0
2025-04-26 10:57:00+00:00,0.1833,0.1833,0.18325,0.18329,125255.0
2025-04-26 10:58:00+00:00,0.18329,0.18331,0.18311,0.18313,282680.0
2025-04-26 10:59:00+00:00,0.18314,0.18319,0.18309,0.18311,298793.0
2025-04-26 11:00:00+00:00,0.1831,0.18312,0.18293,0.18293,559830.0
2025-04-26 11:01:00+00:00,0.18292,0.18292,0.18251,0.18251,875645.0
2025-04-26 11:02:00+00:00,0.18251,0.1828,0.18247,0.18277,527447.0
2025-04-26 11:03:00+00:00,0.18278,0.18318,0.18277,0.18318,1437563.0
2025-04-26 11:04:00+00:00,0.18318,0.18331,0.18315,0.18323,285870.0
2025-04-26 11:05:00+00:00,0.18322,0.18331,0.18313,0.18322,353610.0
2025-04-26 11:06:00+00:00,0.18321,0.18321,0.1826,0.18272,448400.0
2025-04-26 11:07:00+00:00,0.18272,0.18277,0.18262,0.18272,454340.0
2025-04-26 11:08:00+00:00,0.18272,0.18272,0.18257,0.18259,452853.0
2025-04-26 11:09:00+00:00,0.18259,0.18263,0.18235,0.18237,267768.0
2025-04-26 11:10:00+00:00,0.18237,0.18259,0.18231,0.18259,424259.0
2025-04-26 11:11:00+00:00,0.18258,0.18262,0.18251,0.18262,324678.0
2025-04-26 11:12:00+00:00,0.18262,0.18268,0.18233,0.18233,205135.0
2025-04-26 11:13:00+00:00,0.18233,0.18243,0.18227,0.18237,1228034.0
2025-04-26 11:14:00+00:00,0.18237,0.18237,0.18229,0.18233,364472.0
2025-04-26 11:15:00+00:00,0.18232,0.18265,0.18227,0.18264,787987.0
2025-04-26 11:16:00+00:00,0.18264,0.18284,0.1826,0.18282,175933.0
2025-04-26 11:17:00+00:00,0.18282,0.18289,0.18272,0.18288,239688.0
2025-04-26 11:18:00+00:00,0.18288,0.18295,0.18244,0.18244,451553.0
2025-04-26 11:19:00+00:00,0.18244,0.18249,0.18234,0.18238,260501.0
2025-04-26 11:20:00+00:00,0.18238,0.18259,0.18235,0.1825,919077.0
2025-04-26 11:21:00+00:00,0.1825,0.18251,0.18227,0.18227,1151193.0
2025-04-26 11:22:00+00:00,0.18227,0.18228,0.18215,0.18225,907654.0
2025-04-26 11:23:00+00:00,0.18225,0.18225,0.18202,0.18211,381917.0
2025-04-26 11:24:00+00:00,0.18211,0.18216,0.18205,0.18214,364067.0
2025-04-26 11:25:00+00:00,0.18214,0.18237,0.18214,0.18233,211953.0
2025-04-26 11:26:00+00:00,0.18232,0.18236,0.18223,0.18223,154250.0
2025-04-26 11:27:00+00:00,0.18224,0.18224,0.18203,0.18205,889377.0
2025-04-26 11:28:00+00:00,0.18205,0.18215,0.18199,0.18204,3116438.0
2025-04-26 11:29:00+00:00,0.18202,0.18215,0.182,0.18213,1799474.0
2025-04-26 11:30:00+00:00,0.18214,0.18237,0.18198,0.18221,2116456.0
2025-04-26 11:31:00+00:00,0.18222,0.18252,0.18222,0.18241,309696.0
2025-04-26 11:32:00+00:00,0.1824,0.18258,0.18223,0.18258,1916893.0
2025-04-26 11:33:00+00:00,0.18258,0.18259,0.18223,0.18223,166622.0
2025-04-26 11:34:00+00:00,0.18223,0.18248,0.1822,0.18234,221316.0
2025-04-26 11:35:00+00:00,0.18234,0.18254,0.18234,0.18245,179791.0
2025-04-26 11:36:00+00:00,0.18245,0.18245,0.18212,0.18212,503314.0
2025-04-26 11:37:00+00:00,0.18212,0.18217,0.18198,0.18209,2162163.0
2025-04-26 11:38:00+00:00,0.18208,0.18208,0.18178,0.18188,488551.0
2025-04-26 11:39:00+00:00,0.18188,0.18189,0.18163,0.18168,710706.0
2025-04-26 11:40:00+00:00,0.18168,0.18189,0.18165,0.18186,765447.0
2025-04-26 11:41:00+00:00,0.18187,0.18187,0.1816,0.18166,623409.0
2025-04-26 11:42:00+00:00,0.18165,0.18177,0.18134,0.18145,4145950.0
2025-04-26 11:43:00+00:00,0.18144,0.18157,0.18128,0.18135,960797.0
2025-04-26 11:44:00+00:00,0.18135,0.18164,0.18134,0.18151,993506.0
2025-04-26 11:45:00+00:00,0.18152,0.18189,0.18143,0.18182,1697913.0
2025-04-26 11:46:00+00:00,0.18182,0.182,0.18158,0.18158,285260.0
2025-04-26 11:47:00+00:00,0.18158,0.18158,0.18121,0.18123,553928.0
2025-04-26 11:48:00+00:00,0.18124,0.18173,0.18124,0.18169,554625.0
2025-04-26 11:49:00+00:00,0.18168,0.18172,0.18147,0.18159,866633.0
2025-04-26 11:50:00+00:00,0.18159,0.18166,0.18106,0.18125,1145330.0
2025-04-26 11:51:00+00:00,0.18125,0.18143,0.18107,0.18113,818796.0
2025-04-26 11:52:00+00:00,0.18112,0.18123,0.18101,0.1812,1661510.0
2025-04-26 11:53:00+00:00,0.1812,0.18131,0.18099,0.18113,2067716.0
2025-04-26 11:54:00+00:00,0.18113,0.18133,0.1809,0.18133,1260374.0
2025-04-26 11:55:00+00:00,0.18134,0.18167,0.1813,0.18156,1196951.0
2025-04-26 11:56:00+00:00,0.18156,0.18169,0.18143,0.18152,564270.0
2025-04-26 11:57:00+00:00,0.18152,0.1817,0.18142,0.18168,833988.0
2025-04-26 11:58:00+00:00,0.18168,0.18169,0.18149,0.18151,395884.0
2025-04-26 11:59:00+00:00,0.18151,0.18157,0.1814,0.18152,312744.0
2025-04-26 12:00:00+00:00,0.18152,0.18181,0.18152,0.18178,984195.0
2025-04-26 12:01:00+00:00,0.18178,0.18183,0.1817,0.18171,550599.0
2025-04-26 12:02:00+00:00,0.18171,0.18176,0.18141,0.18164,770889.0
2025-04-26 12:03:00+00:00,0.18164,0.18194,0.18157,0.18193,471865.0
2025-04-26 12:04:00+00:00,0.18194,0.18198,0.18166,0.18167,383139.0
2025-04-26 12:05:00+00:00,0.18167,0.18179,0.18156,0.18167,312285.0
2025-04-26 12:06:00+00:00,0.18168,0.18169,0.18135,0.18135,404336.0
2025-04-26 12:07:00+00:00,0.18136,0.18169,0.18135,0.18164,220822.0
2025-04-26 12:08:00+00:00,0.18165,0.18196,0.18161,0.18191,323729.0
2025-04-26 12:09:00+00:00,0.18192,0.18209,0.18181,0.18194,1598107.0
2025-04-26 12:10:00+00:00,0.18194,0.18195,0.18169,0.18175,768704.0
2025-04-26 12:11:00+00:00,0.18176,0.18198,0.18174,0.18184,749395.0
2025-04-26 12:12:00+00:00,0.18184,0.18218,0.18183,0.18215,1048172.0
2025-04-26 12:13:00+00:00,0.18215,0.18215,0.18194,0.18194,524001.0
2025-04-26 12:14:00+00:00,0.18194,0.18199,0.18184,0.18192,257644.0
2025-04-26 12:15:00+00:00,0.18192,0.18213,0.18187,0.18188,1559120.0
2025-04-26 12:16:00+00:00,0.18189,0.18211,0.18182,0.18209,1806429.0
2025-04-26 12:17:00+00:00,0.18209,0.18239,0.18208,0.18217,726097.0
2025-04-26 12:18:00+00:00,0.18217,0.18227,0.18201,0.18201,1062383.0
2025-04-26 12:19:00+00:00,0.18201,0.18205,0.18176,0.18176,310499.0
2025-04-26 12:20:00+00:00,0.18177,0.1818,0.18158,0.18162,456899.0
2025-04-26 12:21:00+00:00,0.18162,0.18199,0.18155,0.18199,693771.0
2025-04-26 12:22:00+00:00,0.18199,0.18199,0.18161,0.18176,362265.0
2025-04-26 12:23:00+00:00,0.18176,0.18189,0.18166,0.18188,330090.0
2025-04-26 12:24:00+00:00,0.18187,0.18195,0.18179,0.18186,246012.0
2025-04-26 12:25:00+00:00,0.18187,0.18192,0.1817,0.18183,411219.0
2025-04-26 12:26:00+00:00,0.18184,0.18217,0.18184,0.18211,2233573.0
2025-04-26 12:27:00+00:00,0.18211,0.18211,0.18188,0.18191,596492.0
2025-04-26 12:28:00+00:00,0.18191,0.18243,0.18191,0.18236,4134884.0
2025-04-26 12:29:00+00:00,0.18235,0.18245,0.18221,0.18223,538249.0
2025-04-26 12:30:00+00:00,0.18223,0.18231,0.1822,0.18228,445357.0
2025-04-26 12:31:00+00:00,0.18229,0.18245,0.18217,0.18218,1759507.0
2025-04-26 12:32:00+00:00,0.18218,0.18235,0.18207,0.18208,222864.0
2025-04-26 12:33:00+00:00,0.18207,0.18214,0.18195,0.18195,378277.0
2025-04-26 12:34:00+00:00,0.18194,0.18201,0.18187,0.18194,535481.0
2025-04-26 12:35:00+00:00,0.18194,0.18194,0.18184,0.18188,170298.0
2025-04-26 12:36:00+00:00,0.18188,0.18215,0.18186,0.18205,422629.0
2025-04-26 12:37:00+00:00,0.18205,0.18218,0.182,0.18211,64110.0
2025-04-26 12:38:00+00:00,0.18211,0.18212,0.18184,0.18192,418366.0
2025-04-26 12:39:00+00:00,0.18192,0.18192,0.18173,0.18187,1340056.0
2025-04-26 12:40:00+00:00,0.18186,0.18188,0.18177,0.18187,206125.0
2025-04-26 12:41:00+00:00,0.18187,0.18205,0.18187,0.18196,131974.0
2025-04-26 12:42:00+00:00,0.18195,0.18207,0.18184,0.18207,1184872.0
2025-04-26 12:43:00+00:00,0.18208,0.18214,0.18198,0.18207,885038.0
2025-04-26 12:44:00+00:00,0.18208,0.18216,0.18205,0.18206,315788.0
2025-04-26 12:45:00+00:00,0.18205,0.18227,0.18197,0.18227,730475.0
2025-04-26 12:46:00+00:00,0.18228,0.18245,0.1822,0.18221,596664.0
2025-04-26 12:47:00+00:00,0.1822,0.1823,0.18218,0.18229,73098.0
2025-04-26 12:48:00+00:00,0.18228,0.18228,0.18208,0.18223,345089.0
2025-04-26 12:49:00+00:00,0.18222,0.18222,0.18197,0.18202,587260.0
2025-04-26 12:50:00+00:00,0.18202,0.18206,0.1819,0.18194,733891.0
2025-04-26 12:51:00+00:00,0.18194,0.18214,0.18194,0.18199,459045.0
2025-04-26 12:52:00+00:00,0.18199,0.18232,0.18199,0.18228,132978.0
2025-04-26 12:53:00+00:00,0.18228,0.1823,0.18219,0.18223,241615.0
2025-04-26 12:54:00+00:00,0.18223,0.18223,0.18207,0.18209,126747.0
2025-04-26 12:55:00+00:00,0.18209,0.18211,0.18202,0.18209,104486.0
2025-04-26 12:56:00+00:00,0.18208,0.18221,0.18208,0.18217,151494.0
2025-04-26 12:57:00+00:00,0.18217,0.18234,0.18217,0.18234,283225.0
2025-04-26 12:58:00+00:00,0.18234,0.18239,0.18219,0.1822,532998.0
2025-04-26 12:59:00+00:00,0.1822,0.18221,0.18202,0.18202,251266.0
2025-04-26 13:00:00+00:00,0.18202,0.18218,0.1819,0.18208,654962.0
2025-04-26 13:01:00+00:00,0.18208,0.18228,0.18208,0.18228,170103.0
2025-04-26 13:02:00+00:00,0.18227,0.18246,0.1822,0.18244,367901.0
2025-04-26 13:03:00+00:00,0.18244,0.18247,0.18233,0.18244,783251.0
2025-04-26 13:04:00+00:00,0.18244,0.18244,0.1822,0.18227,213572.0
2025-04-26 13:05:00+00:00,0.18226,0.18244,0.18224,0.18243,226896.0
2025-04-26 13:06:00+00:00,0.18242,0.18243,0.18219,0.18223,540327.0
2025-04-26 13:07:00+00:00,0.18223,0.18232,0.18217,0.18222,240188.0
2025-04-26 13:08:00+00:00,0.18221,0.18228,0.18215,0.18221,112039.0
2025-04-26 13:09:00+00:00,0.18221,0.18228,0.18216,0.18216,94554.0
2025-04-26 13:10:00+00:00,0.18216,0.18216,0.182,0.18209,324283.0
2025-04-26 13:11:00+00:00,0.18208,0.18209,0.1819,0.1819,904227.0
2025-04-26 13:12:00+00:00,0.1819,0.18218,0.1819,0.18212,2563656.0
2025-04-26 13:13:00+00:00,0.18212,0.18214,0.18203,0.18207,219661.0
2025-04-26 13:14:00+00:00,0.18206,0.18215,0.18205,0.18205,88052.0
2025-04-26 13:15:00+00:00,0.18206,0.18208,0.18192,0.18197,432734.0
2025-04-26 13:16:00+00:00,0.18196,0.1821,0.1819,0.18208,157599.0
2025-04-26 13:17:00+00:00,0.18207,0.18208,0.18201,0.18202,86533.0
2025-04-26 13:18:00+00:00,0.18202,0.18202,0.18163,0.18172,5646641.0
2025-04-26 13:19:00+00:00,0.18172,0.18211,0.18171,0.18211,115238.0
2025-04-26 13:20:00+00:00,0.18212,0.18213,0.18184,0.18198,114196.0
2025-04-26 13:21:00+00:00,0.18199,0.182,0.1818,0.18182,137264.0
2025-04-26 13:22:00+00:00,0.18182,0.18182,0.18146,0.18157,885888.0
2025-04-26 13:23:00+00:00,0.18156,0.18164,0.18141,0.18158,607811.0
2025-04-26 13:24:00+00:00,0.18158,0.18178,0.18155,0.18162,470990.0
2025-04-26 13:25:00+00:00,0.18162,0.18164,0.18141,0.18141,288603.0
2025-04-26 13:26:00+00:00,0.18141,0.18149,0.18129,0.18136,345051.0
2025-04-26 13:27:00+00:00,0.18136,0.18136,0.18107,0.1812,2080972.0
2025-04-26 13:28:00+00:00,0.1812,0.18139,0.1812,0.18124,395847.0
2025-04-26 13:29:00+00:00,0.18124,0.18125,0.18102,0.18106,247270.0
2025-04-26 13:30:00+00:00,0.18106,0.18106,0.18085,0.18092,1153143.0
2025-04-26 13:31:00+00:00,0.18091,0.18091,0.18058,0.18059,856690.0
2025-04-26 13:32:00+00:00,0.18059,0.18078,0.18059,0.18068,578407.0
2025-04-26 13:33:00+00:00,0.18068,0.18068,0.18046,0.18055,960611.0
2025-04-26 13:34:00+00:00,0.18055,0.1809,0.18052,0.18086,574147.0
2025-04-26 13:35:00+00:00,0.18086,0.1809,0.18075,0.1809,268698.0
2025-04-26 13:36:00+00:00,0.1809,0.18128,0.1809,0.18124,568795.0
2025-04-26 13:37:00+00:00,0.18123,0.18123,0.18103,0.18121,279164.0
2025-04-26 13:38:00+00:00,0.1812,0.18156,0.18118,0.18156,197357.0
2025-04-26 13:39:00+00:00,0.18155,0.18161,0.18139,0.18158,215300.0
2025-04-26 13:40:00+00:00,0.18157,0.18168,0.18156,0.18165,1021485.0
2025-04-26 13:41:00+00:00,0.18165,0.18166,0.18141,0.18141,1257072.0
2025-04-26 13:42:00+00:00,0.18141,0.18142,0.18101,0.18101,408682.0
2025-04-26 13:43:00+00:00,0.181,0.18117,0.18097,0.18107,560959.0
2025-04-26 13:44:00+00:00,0.18107,0.18115,0.18095,0.18095,768663.0
2025-04-26 13:45:00+00:00,0.18094,0.18094,0.18042,0.18043,1078909.0
2025-04-26 13:46:00+00:00,0.18044,0.1806,0.18016,0.18021,811353.0
2025-04-26 13:47:00+00:00,0.18022,0.18099,0.18022,0.18083,700092.0
2025-04-26 13:48:00+00:00,0.18083,0.18116,0.18079,0.18095,402087.0
2025-04-26 13:49:00+00:00,0.18095,0.18129,0.18081,0.18129,259277.0
2025-04-26 13:50:00+00:00,0.18129,0.18134,0.18103,0.18103,207421.0
2025-04-26 13:51:00+00:00,0.18103,0.18103,0.18061,0.18061,350589.0
2025-04-26 13:52:00+00:00,0.18061,0.18104,0.18058,0.18096,362317.0
2025-04-26 13:53:00+00:00,0.18096,0.18096,0.18065,0.18072,181452.0
2025-04-26 13:54:00+00:00,0.18072,0.18091,0.18062,0.18091,428216.0
2025-04-26 13:55:00+00:00,0.18092,0.18095,0.18068,0.18068,449618.0
2025-04-26 13:56:00+00:00,0.18069,0.18102,0.18064,0.18099,2207858.0
2025-04-26 13:57:00+00:00,0.18098,0.18129,0.18097,0.18122,362550.0
2025-04-26 13:58:00+00:00,0.18122,0.18149,0.18122,0.18145,236365.0
2025-04-26 13:59:00+00:00,0.18145,0.18165,0.18139,0.18164,1865927.0
2025-04-26 14:00:00+00:00,0.18164,0.18175,0.18148,0.1815,498874.0
2025-04-26 14:01:00+00:00,0.18151,0.18188,0.18142,0.18187,1036640.0
2025-04-26 14:02:00+00:00,0.18187,0.1819,0.18174,0.18189,333822.0
2025-04-26 14:03:00+00:00,0.18189,0.18209,0.18162,0.18171,820540.0
2025-04-26 14:04:00+00:00,0.18172,0.18172,0.1811,0.18111,837612.0
2025-04-26 14:05:00+00:00,0.1811,0.18134,0.18108,0.18134,3480337.0
2025-04-26 14:06:00+00:00,0.18133,0.18152,0.18116,0.18122,463228.0
2025-04-26 14:07:00+00:00,0.18121,0.18133,0.18107,0.18125,306827.0
2025-04-26 14:08:00+00:00,0.18124,0.18128,0.18091,0.18102,385197.0
2025-04-26 14:09:00+00:00,0.18101,0.18115,0.18094,0.18107,665933.0
2025-04-26 14:10:00+00:00,0.18107,0.18132,0.1809,0.1809,216593.0
2025-04-26 14:11:00+00:00,0.18089,0.18137,0.18089,0.18137,61747.0
2025-04-26 14:12:00+00:00,0.18136,0.18141,0.18127,0.18128,124640.0
2025-04-26 14:13:00+00:00,0.18127,0.18135,0.18114,0.18132,406562.0
2025-04-26 14:14:00+00:00,0.18133,0.18138,0.18118,0.18133,266122.0
2025-04-26 14:15:00+00:00,0.18133,0.18138,0.18091,0.18091,245899.0
2025-04-26 14:16:00+00:00,0.18091,0.18105,0.18072,0.18073,472376.0
2025-04-26 14:17:00+00:00,0.18072,0.18078,0.18043,0.18043,676810.0
2025-04-26 14:18:00+00:00,0.18042,0.18082,0.18037,0.18078,348323.0
2025-04-26 14:19:00+00:00,0.18078,0.18098,0.1807,0.18086,536101.0
2025-04-26 14:20:00+00:00,0.18086,0.18088,0.18059,0.18068,236750.0
2025-04-26 14:21:00+00:00,0.18068,0.18077,0.18046,0.18046,505606.0
2025-04-26 14:22:00+00:00,0.18047,0.1807,0.18046,0.18068,282591.0
2025-04-26 14:23:00+00:00,0.18067,0.18086,0.18051,0.18073,318628.0
2025-04-26 14:24:00+00:00,0.18073,0.18122,0.18064,0.18116,441444.0
2025-04-26 14:25:00+00:00,0.18117,0.18127,0.18103,0.18127,200677.0
2025-04-26 14:26:00+00:00,0.18127,0.18137,0.18114,0.18137,307922.0
2025-04-26 14:27:00+00:00,0.18137,0.18153,0.1813,0.18137,376472.0
2025-04-26 14:28:00+00:00,0.18137,0.18156,0.18136,0.1815,343569.0
2025-04-26 14:29:00+00:00,0.1815,0.1815,0.18135,0.1815,218245.0
2025-04-26 14:30:00+00:00,0.18149,0.18173,0.18146,0.18172,210488.0
2025-04-26 14:31:00+00:00,0.18172,0.18174,0.18144,0.18144,369564.0
2025-04-26 14:32:00+00:00,0.18145,0.18176,0.18145,0.18175,509595.0
2025-04-26 14:33:00+00:00,0.18175,0.18185,0.18171,0.18185,788049.0
2025-04-26 14:34:00+00:00,0.18184,0.18193,0.18174,0.1819,638871.0
2025-04-26 14:35:00+00:00,0.18189,0.18189,0.18169,0.18171,500195.0
2025-04-26 14:36:00+00:00,0.18171,0.1819,0.18167,0.1817,406808.0
2025-04-26 14:37:00+00:00,0.1817,0.18187,0.18167,0.18184,234381.0
2025-04-26 14:38:00+00:00,0.18184,0.18189,0.1818,0.18188,431703.0
2025-04-26 14:39:00+00:00,0.18187,0.18217,0.18187,0.18212,841387.0
2025-04-26 14:40:00+00:00,0.18212,0.1822,0.18208,0.1822,269422.0
2025-04-26 14:41:00+00:00,0.1822,0.18237,0.18217,0.18237,4124169.0
2025-04-26 14:42:00+00:00,0.18236,0.18236,0.18198,0.18202,3029443.0
2025-04-26 14:43:00+00:00,0.18203,0.18214,0.18197,0.182,1376422.0
2025-04-26 14:44:00+00:00,0.182,0.18214,0.18199,0.18199,2686308.0
2025-04-26 14:45:00+00:00,0.18198,0.182,0.18185,0.18186,336253.0
2025-04-26 14:46:00+00:00,0.18185,0.18203,0.18185,0.18196,784386.0
2025-04-26 14:47:00+00:00,0.18196,0.18238,0.18196,0.18232,894640.0
2025-04-26 14:48:00+00:00,0.18232,0.18232,0.18208,0.18215,4343249.0
2025-04-26 14:49:00+00:00,0.18214,0.18219,0.18202,0.18212,165264.0
2025-04-26 14:50:00+00:00,0.18212,0.18213,0.1818,0.18189,151185.0
2025-04-26 14:51:00+00:00,0.18188,0.18198,0.18177,0.18192,331055.0
2025-04-26 14:52:00+00:00,0.18191,0.182,0.18174,0.18177,160901.0
2025-04-26 14:53:00+00:00,0.18177,0.18191,0.18168,0.18188,453878.0
2025-04-26 14:54:00+00:00,0.18188,0.18214,0.18183,0.18183,928505.0
2025-04-26 14:55:00+00:00,0.18183,0.18202,0.18182,0.18202,198644.0
2025-04-26 14:56:00+00:00,0.18201,0.18201,0.18185,0.18186,798536.0
2025-04-26 14:57:00+00:00,0.18186,0.18191,0.1818,0.18187,507748.0
2025-04-26 14:58:00+00:00,0.18187,0.18189,0.18183,0.18186,130408.0
2025-04-26 14:59:00+00:00,0.18186,0.18186,0.1816,0.1817,465538.0
2025-04-26 15:00:00+00:00,0.18171,0.18192,0.18167,0.18192,246962.0
2025-04-26 15:01:00+00:00,0.18191,0.182,0.18184,0.18193,403031.0
2025-04-26 15:02:00+00:00,0.18192,0.18217,0.18185,0.1821,329878.0
2025-04-26 15:03:00+00:00,0.1821,0.18221,0.182,0.182,327747.0
2025-04-26 15:04:00+00:00,0.182,0.18231,0.18198,0.18229,209917.0
2025-04-26 15:05:00+00:00,0.18229,0.18229,0.18215,0.18228,232573.0
2025-04-26 15:06:00+00:00,0.18228,0.18256,0.18227,0.18251,707519.0
2025-04-26 15:07:00+00:00,0.1825,0.18267,0.1825,0.18255,661864.0
2025-04-26 15:08:00+00:00,0.18254,0.18263,0.18246,0.18251,555925.0
2025-04-26 15:09:00+00:00,0.1825,0.18261,0.18237,0.18243,603634.0
2025-04-26 15:10:00+00:00,0.18243,0.18243,0.18219,0.1822,206691.0
2025-04-26 15:11:00+00:00,0.1822,0.18266,0.18219,0.18265,256158.0
2025-04-26 15:12:00+00:00,0.18265,0.18266,0.18251,0.18252,298862.0
2025-04-26 15:13:00+00:00,0.18251,0.18257,0.18247,0.18254,455353.0
2025-04-26 15:14:00+00:00,0.18254,0.18256,0.18231,0.18232,481409.0
2025-04-26 15:15:00+00:00,0.18232,0.18269,0.18232,0.18269,360984.0
2025-04-26 15:16:00+00:00,0.1827,0.183,0.1827,0.18277,1819916.0
2025-04-26 15:17:00+00:00,0.18276,0.18276,0.18228,0.18235,634176.0
2025-04-26 15:18:00+00:00,0.18235,0.18241,0.18216,0.18216,1171295.0
2025-04-26 15:19:00+00:00,0.18216,0.18227,0.18211,0.18222,936168.0
2025-04-26 15:20:00+00:00,0.18222,0.18247,0.18217,0.18233,410405.0
2025-04-26 15:21:00+00:00,0.18232,0.18232,0.18217,0.1822,90451.0
2025-04-26 15:22:00+00:00,0.1822,0.18248,0.1822,0.1824,325835.0
2025-04-26 15:23:00+00:00,0.1824,0.18248,0.18234,0.18235,121150.0
2025-04-26 15:24:00+00:00,0.18234,0.18259,0.18233,0.18255,831535.0
2025-04-26 15:25:00+00:00,0.18254,0.1828,0.18252,0.1828,295268.0
2025-04-26 15:26:00+00:00,0.18279,0.18297,0.18279,0.18296,598386.0
2025-04-26 15:27:00+00:00,0.18294,0.18296,0.18283,0.18296,203021.0
2025-04-26 15:28:00+00:00,0.18296,0.18313,0.18296,0.18312,371676.0
2025-04-26 15:29:00+00:00,0.18312,0.18312,0.18299,0.18307,296057.0
2025-04-26 15:30:00+00:00,0.18306,0.18307,0.18231,0.18235,1544813.0
2025-04-26 15:31:00+00:00,0.18235,0.18267,0.18225,0.18254,967281.0
2025-04-26 15:32:00+00:00,0.18254,0.18277,0.18253,0.18275,620542.0
2025-04-26 15:33:00+00:00,0.18275,0.18288,0.18264,0.18281,541024.0
2025-04-26 15:34:00+00:00,0.18281,0.18286,0.1825,0.18253,332707.0
2025-04-26 15:35:00+00:00,0.18253,0.18267,0.1825,0.18253,325213.0
2025-04-26 15:36:00+00:00,0.18254,0.18257,0.18237,0.18245,536005.0
2025-04-26 15:37:00+00:00,0.18246,0.18266,0.18245,0.18266,343287.0
2025-04-26 15:38:00+00:00,0.18266,0.18279,0.18255,0.18255,922115.0
2025-04-26 15:39:00+00:00,0.18256,0.18256,0.1824,0.18255,261100.0
2025-04-26 15:40:00+00:00,0.18255,0.18255,0.18241,0.18253,390359.0
2025-04-26 15:41:00+00:00,0.18253,0.18256,0.18237,0.18253,277846.0
2025-04-26 15:42:00+00:00,0.18254,0.18257,0.18245,0.1825,238869.0
2025-04-26 15:43:00+00:00,0.1825,0.1825,0.18228,0.1824,101323.0
2025-04-26 15:44:00+00:00,0.18241,0.18246,0.18239,0.1824,227904.0
2025-04-26 15:45:00+00:00,0.18241,0.18245,0.18234,0.18239,332462.0
2025-04-26 15:46:00+00:00,0.18238,0.1826,0.18238,0.18256,259891.0
2025-04-26 15:47:00+00:00,0.18256,0.18267,0.18246,0.18267,196362.0
2025-04-26 15:48:00+00:00,0.18267,0.18273,0.18257,0.18264,204950.0
2025-04-26 15:49:00+00:00,0.18264,0.18283,0.1826,0.18282,94527.0
2025-04-26 15:50:00+00:00,0.18283,0.18297,0.18279,0.18279,814407.0
2025-04-26 15:51:00+00:00,0.1828,0.18283,0.18259,0.1827,388452.0
2025-04-26 15:52:00+00:00,0.18271,0.18276,0.18267,0.18271,412469.0
2025-04-26 15:53:00+00:00,0.1827,0.18287,0.18269,0.18281,149641.0
2025-04-26 15:54:00+00:00,0.18281,0.18284,0.18269,0.1827,388101.0
2025-04-26 15:55:00+00:00,0.18271,0.18271,0.18263,0.18271,142607.0
2025-04-26 15:56:00+00:00,0.1827,0.18276,0.18266,0.18275,165466.0
2025-04-26 15:57:00+00:00,0.18275,0.18279,0.18272,0.18272,129278.0
2025-04-26 15:58:00+00:00,0.18272,0.18274,0.18257,0.18261,115932.0
2025-04-26 15:59:00+00:00,0.18261,0.18261,0.18247,0.18247,996140.0
2025-04-26 16:00:00+00:00,0.18248,0.18253,0.18241,0.1825,360854.0
2025-04-26 16:01:00+00:00,0.1825,0.1825,0.18216,0.18216,403989.0
2025-04-26 16:02:00+00:00,0.18217,0.18231,0.18217,0.18224,92598.0
2025-04-26 16:03:00+00:00,0.18224,0.18227,0.18202,0.1821,316141.0
2025-04-26 16:04:00+00:00,0.1821,0.18213,0.182,0.18201,136053.0
2025-04-26 16:05:00+00:00,0.18201,0.18206,0.18197,0.18197,412667.0
2025-04-26 16:06:00+00:00,0.18198,0.18215,0.18198,0.1821,174321.0
2025-04-26 16:07:00+00:00,0.1821,0.18212,0.18181,0.18183,346505.0
2025-04-26 16:08:00+00:00,0.18182,0.18184,0.18171,0.18177,217996.0
2025-04-26 16:09:00+00:00,0.18177,0.18177,0.18154,0.18157,391740.0
2025-04-26 16:10:00+00:00,0.18158,0.18172,0.18157,0.18171,151014.0
2025-04-26 16:11:00+00:00,0.18171,0.18181,0.18171,0.1818,56073.0
2025-04-26 16:12:00+00:00,0.1818,0.18181,0.18175,0.18176,40560.0
2025-04-26 16:13:00+00:00,0.18176,0.18178,0.18168,0.18176,167670.0
2025-04-26 16:14:00+00:00,0.18175,0.18176,0.1817,0.18176,184261.0
2025-04-26 16:15:00+00:00,0.18177,0.18192,0.18173,0.18189,255683.0
2025-04-26 16:16:00+00:00,0.18188,0.18194,0.18173,0.18177,343123.0
2025-04-26 16:17:00+00:00,0.18177,0.18177,0.18161,0.18161,225136.0
2025-04-26 16:18:00+00:00,0.18162,0.18171,0.18162,0.18164,183425.0
2025-04-26 16:19:00+00:00,0.18164,0.18198,0.18163,0.18197,139386.0
2025-04-26 16:20:00+00:00,0.18197,0.18204,0.18194,0.18195,273586.0
2025-04-26 16:21:00+00:00,0.18195,0.182,0.18185,0.18196,817494.0
2025-04-26 16:22:00+00:00,0.18195,0.18195,0.18169,0.18181,211067.0
2025-04-26 16:23:00+00:00,0.18182,0.18207,0.18182,0.18207,220659.0
2025-04-26 16:24:00+00:00,0.18207,0.18221,0.18206,0.18221,300659.0
2025-04-26 16:25:00+00:00,0.18221,0.18226,0.18217,0.18225,85921.0
2025-04-26 16:26:00+00:00,0.18224,0.18224,0.18213,0.18218,39558.0
2025-04-26 16:27:00+00:00,0.18218,0.18228,0.18216,0.18218,43075.0
2025-04-26 16:28:00+00:00,0.18218,0.18224,0.18218,0.18224,128309.0
2025-04-26 16:29:00+00:00,0.18224,0.18229,0.18222,0.18222,216443.0
2025-04-26 16:30:00+00:00,0.18222,0.18223,0.18201,0.18214,148150.0
2025-04-26 16:31:00+00:00,0.18214,0.18221,0.18196,0.18199,310967.0
2025-04-26 16:32:00+00:00,0.18198,0.1823,0.18174,0.18221,636174.0
2025-04-26 16:33:00+00:00,0.1822,0.18226,0.18198,0.18213,260190.0
2025-04-26 16:34:00+00:00,0.18213,0.18218,0.18177,0.1818,218965.0
2025-04-26 16:35:00+00:00,0.18181,0.18189,0.18165,0.18165,279094.0
2025-04-26 16:36:00+00:00,0.18165,0.18165,0.18135,0.18148,955168.0
2025-04-26 16:37:00+00:00,0.18148,0.18173,0.18148,0.18173,518555.0
2025-04-26 16:38:00+00:00,0.18172,0.18172,0.1814,0.18147,225979.0
2025-04-26 16:39:00+00:00,0.18146,0.18157,0.18144,0.18144,354900.0
2025-04-26 16:40:00+00:00,0.18144,0.18152,0.1813,0.18136,382303.0
2025-04-26 16:41:00+00:00,0.18136,0.18145,0.18117,0.18145,2017473.0
2025-04-26 16:42:00+00:00,0.18144,0.18146,0.18125,0.18132,772793.0
2025-04-26 16:43:00+00:00,0.18131,0.18131,0.18072,0.18084,2681737.0
2025-04-26 16:44:00+00:00,0.18083,0.18104,0.18083,0.18104,443142.0
2025-04-26 16:45:00+00:00,0.18104,0.18107,0.18085,0.18107,186409.0
2025-04-26 16:46:00+00:00,0.18108,0.18112,0.1809,0.18095,920200.0
2025-04-26 16:47:00+00:00,0.18095,0.18128,0.18081,0.18127,5325018.0
2025-04-26 16:48:00+00:00,0.18126,0.18138,0.18119,0.18124,259564.0
2025-04-26 16:49:00+00:00,0.18124,0.18137,0.18115,0.18134,4247722.0
2025-04-26 16:50:00+00:00,0.18134,0.18151,0.18133,0.1815,359189.0
2025-04-26 16:51:00+00:00,0.18149,0.18149,0.18089,0.18093,591658.0
2025-04-26 16:52:00+00:00,0.18093,0.18107,0.18087,0.18107,368003.0
2025-04-26 16:53:00+00:00,0.18108,0.1813,0.18108,0.1813,342647.0
2025-04-26 16:54:00+00:00,0.1813,0.18137,0.18112,0.18112,286227.0
2025-04-26 16:55:00+00:00,0.18113,0.18123,0.18113,0.18119,242284.0
2025-04-26 16:56:00+00:00,0.1812,0.1814,0.1812,0.18132,208534.0
2025-04-26 16:57:00+00:00,0.18132,0.1814,0.18115,0.18139,427476.0
2025-04-26 16:58:00+00:00,0.1814,0.18144,0.18134,0.18143,37705.0
2025-04-26 16:59:00+00:00,0.18142,0.18146,0.18141,0.18142,169850.0
2025-04-26 17:00:00+00:00,0.18142,0.18142,0.18133,0.1814,639040.0
2025-04-26 17:01:00+00:00,0.1814,0.18159,0.18139,0.18152,879157.0
2025-04-26 17:02:00+00:00,0.18153,0.18153,0.18133,0.18136,258742.0
2025-04-26 17:03:00+00:00,0.18137,0.18144,0.18107,0.1812,349942.0
2025-04-26 17:04:00+00:00,0.1812,0.18145,0.18114,0.18145,423439.0
2025-04-26 17:05:00+00:00,0.18145,0.18146,0.18127,0.18132,213081.0
2025-04-26 17:06:00+00:00,0.18132,0.18142,0.18129,0.1813,372561.0
2025-04-26 17:07:00+00:00,0.18129,0.18132,0.18104,0.18115,1145284.0
2025-04-26 17:08:00+00:00,0.18115,0.18118,0.18106,0.18109,127639.0
2025-04-26 17:09:00+00:00,0.18109,0.18119,0.18104,0.18118,833760.0
2025-04-26 17:10:00+00:00,0.18118,0.18132,0.18108,0.1811,119647.0
2025-04-26 17:11:00+00:00,0.1811,0.18111,0.18094,0.18102,337792.0
2025-04-26 17:12:00+00:00,0.18102,0.18108,0.18086,0.18087,395470.0
2025-04-26 17:13:00+00:00,0.18087,0.18091,0.18074,0.18074,1258105.0
2025-04-26 17:14:00+00:00,0.18073,0.18078,0.18072,0.18074,150502.0
2025-04-26 17:15:00+00:00,0.18075,0.18094,0.18072,0.18082,1145213.0
2025-04-26 17:16:00+00:00,0.18083,0.18094,0.18078,0.18094,463781.0
2025-04-26 17:17:00+00:00,0.18093,0.18096,0.18075,0.18087,334935.0
2025-04-26 17:18:00+00:00,0.18087,0.18104,0.18082,0.18098,597362.0
2025-04-26 17:19:00+00:00,0.18097,0.1811,0.18081,0.18081,509031.0
2025-04-26 17:20:00+00:00,0.1808,0.1808,0.18061,0.18079,2259683.0
2025-04-26 17:21:00+00:00,0.1808,0.18103,0.1808,0.18102,212197.0
2025-04-26 17:22:00+00:00,0.18102,0.18108,0.18098,0.18105,1321719.0
2025-04-26 17:23:00+00:00,0.18106,0.18109,0.18102,0.18107,175339.0
2025-04-26 17:24:00+00:00,0.18107,0.18136,0.18107,0.18133,767969.0
2025-04-26 17:25:00+00:00,0.18133,0.18134,0.18124,0.18127,110459.0
2025-04-26 17:26:00+00:00,0.18127,0.1816,0.18127,0.18151,2663214.0
2025-04-26 17:27:00+00:00,0.1815,0.18157,0.1814,0.18151,744008.0
2025-04-26 17:28:00+00:00,0.18151,0.18186,0.18151,0.18186,359386.0
2025-04-26 17:29:00+00:00,0.18185,0.18193,0.18169,0.18175,472710.0
2025-04-26 17:30:00+00:00,0.18174,0.18185,0.18169,0.18173,314818.0
2025-04-26 17:31:00+00:00,0.18173,0.18173,0.18167,0.1817,89677.0
2025-04-26 17:32:00+00:00,0.1817,0.1817,0.18165,0.18169,1450294.0
2025-04-26 17:33:00+00:00,0.18168,0.18172,0.1816,0.18169,775599.0
2025-04-26 17:34:00+00:00,0.18168,0.18177,0.18162,0.18171,199507.0
2025-04-26 17:35:00+00:00,0.1817,0.18179,0.18163,0.18172,1838305.0
2025-04-26 17:36:00+00:00,0.18172,0.18174,0.18165,0.18168,204971.0
2025-04-26 17:37:00+00:00,0.18168,0.18173,0.1815,0.18153,445638.0
2025-04-26 17:38:00+00:00,0.18154,0.18157,0.18143,0.18157,232006.0
2025-04-26 17:39:00+00:00,0.18156,0.18157,0.18139,0.1815,252918.0
2025-04-26 17:40:00+00:00,0.18149,0.18155,0.18146,0.18155,108100.0
2025-04-26 17:41:00+00:00,0.18156,0.18166,0.1815,0.18152,237825.0
2025-04-26 17:42:00+00:00,0.18152,0.18152,0.18143,0.1815,49352.0
2025-04-26 17:43:00+00:00,0.1815,0.18159,0.18148,0.18159,66459.0
2025-04-26 17:44:00+00:00,0.18158,0.18185,0.18153,0.18185,113342.0
2025-04-26 17:45:00+00:00,0.18185,0.18197,0.18185,0.18193,186159.0
2025-04-26 17:46:00+00:00,0.18192,0.18193,0.18179,0.18179,79851.0
2025-04-26 17:47:00+00:00,0.18178,0.18191,0.18171,0.18184,263447.0
2025-04-26 17:48:00+00:00,0.18183,0.18183,0.18172,0.18181,57990.0
2025-04-26 17:49:00+00:00,0.18181,0.18188,0.1818,0.18182,165413.0
2025-04-26 17:50:00+00:00,0.18181,0.18186,0.18169,0.18176,504118.0
2025-04-26 17:51:00+00:00,0.18177,0.18184,0.18175,0.18181,200909.0
2025-04-26 17:52:00+00:00,0.18182,0.18182,0.18171,0.18171,134620.0
2025-04-26 17:53:00+00:00,0.18171,0.18177,0.18167,0.18167,160306.0
2025-04-26 17:54:00+00:00,0.18167,0.1817,0.18163,0.18166,112022.0
2025-04-26 17:55:00+00:00,0.18166,0.18166,0.18151,0.18153,171584.0
2025-04-26 17:56:00+00:00,0.18154,0.18154,0.18145,0.18145,118916.0
2025-04-26 17:57:00+00:00,0.18145,0.18149,0.18143,0.18145,74655.0
2025-04-26 17:58:00+00:00,0.18145,0.18153,0.18145,0.1815,150691.0
2025-04-26 17:59:00+00:00,0.18151,0.18157,0.1815,0.18156,121582.0
2025-04-26 18:00:00+00:00,0.18155,0.18155,0.18128,0.18129,119236.0
2025-04-26 18:01:00+00:00,0.1813,0.1813,0.18112,0.18112,45431.0
2025-04-26 18:02:00+00:00,0.18112,0.18128,0.18111,0.18114,231097.0
2025-04-26 18:03:00+00:00,0.18115,0.18117,0.18113,0.18115,75613.0
2025-04-26 18:04:00+00:00,0.18114,0.18127,0.18113,0.18125,21863.0
2025-04-26 18:05:00+00:00,0.18125,0.18157,0.18125,0.18157,116572.0
2025-04-26 18:06:00+00:00,0.18157,0.18158,0.18139,0.18145,92801.0
2025-04-26 18:07:00+00:00,0.18145,0.18145,0.18116,0.1812,95552.0
2025-04-26 18:08:00+00:00,0.18119,0.18119,0.1811,0.18116,135298.0
2025-04-26 18:09:00+00:00,0.18117,0.18137,0.18117,0.18136,161500.0
2025-04-26 18:10:00+00:00,0.18135,0.18135,0.18122,0.18125,37257.0
2025-04-26 18:11:00+00:00,0.18125,0.18125,0.18119,0.18119,49209.0
2025-04-26 18:12:00+00:00,0.18118,0.18118,0.18083,0.18086,1297950.0
2025-04-26 18:13:00+00:00,0.18086,0.18096,0.18085,0.18095,281535.0
2025-04-26 18:14:00+00:00,0.18095,0.18095,0.18075,0.18084,252808.0
2025-04-26 18:15:00+00:00,0.18084,0.18091,0.18078,0.18088,118999.0
2025-04-26 18:16:00+00:00,0.18088,0.18097,0.18082,0.18095,323025.0
2025-04-26 18:17:00+00:00,0.18095,0.18102,0.18087,0.18092,89951.0
2025-04-26 18:18:00+00:00,0.18092,0.18096,0.18092,0.18095,71243.0
2025-04-26 18:19:00+00:00,0.18095,0.18121,0.18094,0.18121,86581.0
2025-04-26 18:20:00+00:00,0.18121,0.18121,0.18114,0.18117,55525.0
2025-04-26 18:21:00+00:00,0.18116,0.18117,0.1811,0.18114,44461.0
2025-04-26 18:22:00+00:00,0.18115,0.18123,0.18113,0.18113,120125.0
2025-04-26 18:23:00+00:00,0.18114,0.1812,0.18113,0.1812,93337.0
2025-04-26 18:24:00+00:00,0.18119,0.18146,0.18119,0.1814,119896.0
