pattern,lag,stop_loss,take_profit,trailing_stop,position_size,holding_time,source,total_return,total_return_pct,win_rate,total_trades,max_drawdown,max_drawdown_pct,sharpe_ratio,profit_factor,avg_trade_duration_minutes,avg_trade_return_pct,final_value,risk_adjusted_return
btc_small_up_10m,0,0.035,0.035,0.0,0.1,5,high_frequency,0.032365364828073416,3.2365364828073417,0.5428571428571428,35,-0.031109602653576762,-3.1109602653576762,22.03176499389097,1.4210219981584922,3.352380952380952e-10,0.9280087631733455,10323.653648280735,0.032365364828073416
btc_vol_breakout_10m,0,0.0125,0.035,0.0,0.1,20,high_frequency,0.016108318670537174,1.6108318670537174,0.3684210526315789,38,-0.020003687098256395,-2.0003687098256395,15.575355580719906,1.2692872946300529,2.1052631578947368e-10,0.4294822676000183,10161.083186705371,0.016108318670537174
btc_vol_breakout_2m,0,0.035,0.03,0.0,0.2,10,high_frequency,0.03120732983038954,3.120732983038954,0.5789473684210527,38,-0.05918010386419159,-5.918010386419159,12.273320918931045,1.1864399950403943,3.473684210526316e-10,0.4307082105880988,10312.073298303896,0.03120732983038954
btc_hl_breakout_2m,0,0.02,0.05,0.0,0.2,60,high_frequency,0.04197142600141728,4.197142600141728,0.38461538461538464,39,-0.06505527558587765,-6.505527558587765,15.551197831608867,1.243463122872976,3.333333333333333e-10,0.5583121063685555,10419.714260014172,0.04197142600141728
btc_hl_breakout_4m,0,0.02,0.03,0.0,0.15,10,high_frequency,0.03563100921361115,3.563100921361115,0.4897959183673469,49,-0.03334447991629019,-3.3344479916290193,18.050348581931846,1.2541841872291617,2.54421768707483e-10,0.4931721276562549,10356.310092136111,0.03563100921361115
btc_hl_breakout_7m,0,0.03,0.03,0.0,0.2,60,high_frequency,0.030177680093509685,3.0177680093509682,0.5121951219512195,41,-0.08537673756800201,-8.537673756800201,11.048096873497292,1.1513187872826771,3.0853658536585365e-10,0.3941516778491108,10301.776800935097,0.030177680093509685
btc_bullish,0,0.01,0.045,0.0,0.15,30,high_frequency,0.03502801179281121,3.502801179281121,0.31746031746031744,63,-0.042336030830157245,-4.2336030830157245,15.935253176421833,1.222241449509772,1.986772486772487e-10,0.3800246180041482,10350.280117928112,0.03502801179281121
btc_vol_breakout_8m,0,0.03,0.025,0.0,0.1,10,high_frequency,0.029281467634881722,2.928146763488172,0.5882352941176471,34,-0.02028062193475655,-2.028062193475655,26.161800879014734,1.4989319596676975,3.0784313725490195e-10,0.8606215601713343,10292.814676348817,0.029281467634881722
btc_vol_breakout_9m,0,0.0175,0.045,0.0,0.1,45,high_frequency,-0.0012419652924089632,-0.12419652924089632,0.36363636363636365,33,-0.029669915829879656,-2.9669915829879656,-0.6885475092297496,0.982244257924706,3.1515151515151516e-10,-0.025876373849887654,9987.580347075911,-0.0012419652924089632
btc_hl_breakout_4m,0,0.0175,0.04,0.0,0.05,15,high_frequency,0.0075414935787140565,0.7541493578714057,0.41304347826086957,46,-0.01357132839217301,-1.357132839217301,11.472667839182007,1.1670984188335989,2.757246376811594e-10,0.33264821520724513,10075.414935787141,0.0075414935787140565
btc_hl_breakout_9m,0,0.0125,0.025,0.0,0.1,20,high_frequency,0.023297319036912734,2.3297319036912736,0.4126984126984127,63,-0.028271433912684274,-2.8271433912684274,16.331060123413085,1.2222857497251036,1.8015873015873017e-10,0.3757048342247034,10232.973190369128,0.023297319036912734
btc_hl_breakout_3m,0,0.0175,0.03,0.0,0.15,15,high_frequency,0.002169259888990223,0.2169259888990223,0.4117647058823529,51,-0.05269525542393971,-5.269525542393971,1.683641079113426,1.0143392292236166,2.3562091503267974e-10,0.04300107650454578,10021.692598889902,0.002169259888990223
btc_hl_breakout_5m,0,0.015,0.04,0.0,0.2,60,high_frequency,0.008695590305327846,0.8695590305327846,0.3541666666666667,48,-0.07028952218183815,-7.028952218183814,4.109258487575731,1.0460065272305945,2.6597222222222224e-10,0.11086256662995145,10086.955903053278,0.008695590305327846
btc_vol_breakout_10m,0,0.0175,0.05,0.0,0.1,15,high_frequency,0.009208324932565471,0.9208324932565471,0.3448275862068966,29,-0.02103755625685999,-2.103755625685999,8.520268997884688,1.1639837629296454,3.3620689655172413e-10,0.3278370521913405,10092.083249325655,0.009208324932565471
btc_hl_breakout_10m,0,0.0075,0.015,0.0,0.2,20,high_frequency,-0.007563734291975834,-0.7563734291975834,0.38095238095238093,84,-0.0920473122201233,-9.204731222012331,-1.9673754819050233,0.9677831097310661,1.1170634920634921e-10,-0.03187542615782499,9924.36265708024,-0.007563734291975834
btc_vol_breakout_10m,0,0.015,0.01,0.0,0.05,60,high_frequency,0.005813926375631808,0.5813926375631808,0.6037735849056604,53,-0.0084109335921988,-0.8410933592198799,12.183763061943681,1.2104322632838065,1.2232704402515723e-10,0.22138284510376757,10058.139263756319,0.005813926375631808
btc_vol_breakout_2m,0,0.0075,0.05,0.0,0.25,90,high_frequency,-0.008762322001473559,-0.8762322001473558,0.21428571428571427,56,-0.08614698253894959,-8.614698253894959,-1.8768214522653812,0.9618165289489482,2.011904761904762e-10,-0.03823369093709555,9912.376779985265,-0.008762322001473559
btc_vol_breakout_10m,0,0.025,0.035,0.0,0.1,30,high_frequency,0.019904922890290423,1.9904922890290424,0.5161290322580645,31,-0.027817672753585376,-2.7817672753585376,16.52531100084527,1.317231740629635,3.10752688172043e-10,0.6497938474087043,10199.049228902904,0.019904922890290423
btc_hl_breakout_8m,0,0.01,0.01,0.0,0.25,20,high_frequency,-0.017972427082233344,-1.7972427082233344,0.4725274725274725,91,-0.10518978470082874,-10.518978470082875,-4.381409241952771,0.9391211800191801,9.688644688644688e-11,-0.06484795878445011,9820.275729177667,-0.017972427082233344
btc_bullish,0,0.01,0.01,0.0,0.25,45,high_frequency,0.036214918870630254,3.6214918870630255,0.5229357798165137,109,-0.06179772468947209,-6.179772468947209,10.869664022462116,1.111407070259231,1.0244648318042814e-10,0.14489979498571637,10362.149188706302,0.036214918870630254
btc_small_up_9m,0,0.0125,0.01,0.0,0.25,20,high_frequency,0.014223756611867247,1.4223756611867246,0.5409836065573771,61,-0.05486834757421,-5.486834757421,6.020473928087315,1.0785535465806888,1.2431693989071037e-10,0.10687857443136702,10142.237566118672,0.014223756611867247
btc_bullish,0,0.005,0.035,0.0,0.05,30,high_frequency,0.009438590159799412,0.9438590159799412,0.26136363636363635,88,-0.013799824611912759,-1.3799824611912759,12.708482420792956,1.159390475582801,1.3371212121212121e-10,0.21760923861962214,10094.385901597994,0.009438590159799412
btc_vol_breakout_8m,0,0.02,0.04,0.0,0.2,15,high_frequency,0.01940633427479993,1.940633427479993,0.4411764705882353,34,-0.05798013051115736,-5.798013051115736,8.530544601144827,1.1329423744572087,3.2401960784313726e-10,0.30795398323320616,10194.063342747999,0.01940633427479993
btc_small_up_10m,0,0.02,0.05,0.0,0.2,15,high_frequency,0.049639095722317936,4.963909572231794,0.36585365853658536,41,-0.07203220757065587,-7.203220757065587,17.076037822585377,1.2767093348827505,2.6260162601626015e-10,0.6246711658043563,10496.390957223179,0.049639095722317936
btc_hl_breakout_4m,0,0.015,0.06,0.0,0.1,90,high_frequency,0.009308573675991078,0.9308573675991078,0.3076923076923077,39,-0.03192291222138299,-3.1922912221382993,7.2308445384836295,1.1087903640723107,3.3162393162393165e-10,0.25370882414271606,10093.085736759911,0.009308573675991078
btc_hl_breakout_8m,0,0.01,0.025,0.0,0.15,15,high_frequency,0.0021239962032965423,0.21239962032965423,0.34328358208955223,67,-0.05789680081404125,-5.789680081404125,1.6357178928391611,1.0132013848681243,1.574626865671642e-10,0.03382655719687932,10021.239962032965,0.0021239962032965423
btc_small_up_9m,0,0.0125,0.035,0.0,0.2,20,high_frequency,0.028282714409283084,2.8282714409283085,0.37209302325581395,43,-0.047247704787368394,-4.72477047873684,12.327931852763513,1.1942379450285305,2.2286821705426357e-10,0.3430361068511825,10282.827144092831,0.028282714409283084
btc_hl_breakout_5m,0,0.005,0.045,0.0,0.2,15,high_frequency,0.026193539970088022,2.619353997008802,0.24285714285714285,70,-0.08868759176211871,-8.86875917621187,10.05161362730346,1.1264886141762196,1.5214285714285713e-10,0.2023312642550703,10261.93539970088,0.026193539970088022
btc_vol_breakout_8m,0,0.02,0.045,0.0,0.05,15,high_frequency,0.004897948303712496,0.4897948303712496,0.3870967741935484,31,-0.011220183789830585,-1.1220183789830585,8.808687154756718,1.1661345924416135,3.4301075268817204e-10,0.3208997541067225,10048.979483037125,0.004897948303712496
btc_vol_breakout_8m,0,0.035,0.025,0.0,0.25,60,high_frequency,0.06868737927592697,6.868737927592697,0.625,32,-0.054000561607242425,-5.400056160724242,24.547308771626742,1.4558455671387036,3.3177083333333336e-10,0.8593972857487954,10686.87379275927,0.06868737927592697
btc_hl_breakout_6m,0,0.0075,0.045,0.0,0.1,45,high_frequency,-0.012106785267938722,-1.2106785267938722,0.2542372881355932,59,-0.04560295007630888,-4.560295007630888,-9.25498747020104,0.8825345049224637,1.977401129943503e-10,-0.19804302381231406,9878.932147320613,-0.012106785267938722
btc_hl_breakout_8m,0,0.01,0.045,0.0,0.2,45,high_frequency,-0.004368663517076834,-0.43686635170768334,0.2545454545454545,55,-0.08463325904834396,-8.463325904834395,-0.704534620746259,0.9771253017588317,2.084848484848485e-10,-0.019857573258386448,9956.313364829231,-0.004368663517076834
btc_vol_breakout_2m,0,0.02,0.035,0.0,0.1,30,high_frequency,0.014291776386929916,1.4291776386929915,0.45454545454545453,44,-0.030290637458227687,-3.0290637458227687,11.22984172724164,1.1642483244181896,2.8446969696969694e-10,0.3339572850508285,10142.9177638693,0.014291776386929916
btc_vol_breakout_10m,0,0.0125,0.06,0.0,0.05,5,high_frequency,0.006431470631341256,0.6431470631341256,0.28125,32,-0.011164512442089491,-1.1164512442089491,11.552517027389234,1.2262104771041182,3.0208333333333335e-10,0.40688886692983567,10064.314706313413,0.006431470631341256
btc_hl_breakout_5m,0,0.005,0.035,0.0,0.15,45,high_frequency,0.026651715107809035,2.6651715107809038,0.273972602739726,73,-0.06436017773253755,-6.436017773253755,13.11910397155705,1.1679085294680704,1.454337899543379e-10,0.253377661810866,10266.517151078091,0.026651715107809035
btc_vol_breakout_9m,0,0.035,0.05,0.0,0.15,30,high_frequency,0.012198549524843269,1.219854952484327,0.45454545454545453,22,-0.04766554421542191,-4.766554421542191,6.915135043050416,1.1341396195729505,5.371212121212122e-10,0.4012571417487849,10121.985495248433,0.012198549524843269
btc_hl_breakout_9m,0,0.01,0.01,0.0,0.25,10,high_frequency,-0.0023792901877741314,-0.23792901877741313,0.4782608695652174,92,-0.1022990473417198,-10.22990473417198,0.31501032947463026,0.9921044063699545,9.909420289855074e-11,0.0049140174543576,9976.207098122259,-0.0023792901877741314
btc_vol_breakout_9m,0,0.035,0.025,0.0,0.05,20,high_frequency,0.013138708989448503,1.3138708989448502,0.6206896551724138,29,-0.010326602469268198,-1.0326602469268198,23.898180731060158,1.4998969289863893,3.5459770114942525e-10,0.9071553760431773,10131.387089894484,0.013138708989448503
btc_hl_breakout_6m,0,0.02,0.03,0.0,0.25,90,high_frequency,-0.0036643129043408863,-0.3664312904340886,0.4166666666666667,48,-0.09817263326315506,-9.817263326315507,-0.149027496310207,0.9857684585715331,2.642361111111111e-10,-0.003799400184585055,9963.356870956592,-0.0036643129043408863
btc_vol_breakout_2m,0,0.005,0.035,0.0,0.25,30,high_frequency,-0.03524949784833866,-3.5249497848338662,0.23076923076923078,78,-0.09972372911700722,-9.972372911700722,-11.051427001959551,0.8655100731995122,1.2564102564102564e-10,-0.17021699542551377,9647.505021516614,-0.03524949784833866
btc_bullish,0,0.005,0.02,0.0,0.15,15,high_frequency,0.02454607047518259,2.454607047518259,0.3425925925925926,108,-0.03647444578159398,-3.647444578159398,11.641173614966972,1.1254250652307203,1.0339506172839506e-10,0.15893474644847325,10245.460704751826,0.02454607047518259
btc_hl_breakout_3m,0,0.005,0.045,0.0,0.2,30,high_frequency,0.001155139873646999,0.11551398736469991,0.23880597014925373,67,-0.0709134339814319,-7.091343398143191,1.1884063225666701,1.0062916011559806,1.5472636815920398e-10,0.02244822265586741,10011.55139873647,0.001155139873646999
btc_hl_breakout_6m,0,0.02,0.05,0.0,0.05,60,high_frequency,-0.0015074796841956924,-0.15074796841956925,0.34210526315789475,38,-0.018450709963165113,-1.8450709963165113,-1.9874108968458066,0.9665757416189596,3.425438596491228e-10,-0.0719746785941429,9984.925203158044,-0.0015074796841956924
btc_hl_breakout_2m,0,0.025,0.015,0.0,0.2,20,high_frequency,0.03331172259934458,3.3311722599344584,0.6101694915254238,59,-0.05017571259538678,-5.017571259538678,13.293375960546781,1.170937693706933,1.8559322033898304e-10,0.29523529665783255,10333.117225993446,0.03331172259934458
btc_hl_breakout_6m,0,0.025,0.045,0.0,0.25,10,high_frequency,0.01956591080306289,1.956591080306289,0.42105263157894735,38,-0.08676540986070558,-8.676540986070558,6.722010264719069,1.0856270352811461,3.3289473684210525e-10,0.23954360969988348,10195.659108030628,0.01956591080306289
btc_hl_breakout_5m,0,0.015,0.03,0.0,0.2,5,high_frequency,0.008456163963804829,0.8456163963804828,0.4107142857142857,56,-0.07159594601526942,-7.159594601526942,4.092878546933839,1.0414572661533448,1.994047619047619e-10,0.09257367475855129,10084.561639638048,0.008456163963804829
btc_small_down_10m,0,0.025,0.015,0.0,0.2,5,high_frequency,0.046754950772517054,4.675495077251705,0.6086956521739131,46,-0.043540831700123905,-4.354083170012391,19.43762469172498,1.3187335866689485,1.8623188405797103e-10,0.5146936682582871,10467.54950772517,0.046754950772517054
btc_hl_breakout_4m,0,0.0175,0.035,0.0,0.15,10,high_frequency,0.020371967300242794,2.0371967300242795,0.4166666666666667,48,-0.040341263923715176,-4.034126392371517,10.692927300087117,1.1424248005181044,2.625e-10,0.2967620900809168,10203.719673002428,0.020371967300242794
btc_hl_breakout_3m,0,0.035,0.035,0.0,0.1,90,high_frequency,0.02529032044652297,2.529032044652297,0.5833333333333334,36,-0.02970437335055298,-2.970437335055298,18.943608367575433,1.3245590161442198,3.675925925925926e-10,0.7087685692993713,10252.90320446523,0.02529032044652297
btc_hl_breakout_6m,0,0.02,0.01,0.0,0.1,30,high_frequency,-0.006658121159564871,-0.6658121159564871,0.5915492957746479,71,-0.03634283451967957,-3.6342834519679568,-4.855997492821624,0.93513734415288,1.4295774647887323e-10,-0.08774590966725711,9933.418788404351,-0.006658121159564871
btc_small_down_10m,0,0.015,0.03,0.0,0.15,90,high_frequency,0.04069514964121438,4.069514964121438,0.4375,48,-0.034293777958152805,-3.4293777958152805,24.2904301250443,1.3826631391314204,1.9270833333333333e-10,0.5660147632448661,10406.951496412144,0.04069514964121438
btc_hl_breakout_7m,0,0.02,0.03,0.0,0.15,5,high_frequency,0.020800338641905523,2.0800338641905523,0.42,50,-0.05932839330678519,-5.932839330678519,9.98968834151376,1.1316951358921647,2.5333333333333334e-10,0.29401395574547706,10208.003386419055,0.020800338641905523
btc_hl_breakout_7m,0,0.02,0.01,0.0,0.15,15,high_frequency,0.011302004478169852,1.1302004478169851,0.581081081081081,74,-0.05673956522119117,-5.673956522119116,5.846176556246018,1.0687955675116751,1.4166666666666667e-10,0.11318613461807814,10113.020044781699,0.011302004478169852
btc_hl_breakout_10m,0,0.0175,0.06,0.0,0.2,20,high_frequency,0.03281620056594797,3.2816200565947975,0.3,40,-0.07218769054061636,-7.218769054061635,11.467675135399507,1.1651322586711337,3.225e-10,0.44474189363657624,10328.16200565948,0.03281620056594797
btc_alt_aligned,0,0.0075,0.02,0.0,0.15,45,high_frequency,0.0056495635279033875,0.5649563527903387,0.36893203883495146,103,-0.05377032909103485,-5.377032909103486,3.148247713735497,1.0261440542495357,1.2540453074433655e-10,0.046574585288848495,10056.495635279034,0.0056495635279033875
btc_hl_breakout_4m,0,0.0075,0.05,0.0,0.1,30,high_frequency,0.0007439267774318978,0.07439267774318978,0.25,52,-0.03159756343584885,-3.159756343584885,0.9536864457668869,1.0080033248575475,2.3205128205128206e-10,0.02588132389532751,10007.43926777432,0.0007439267774318978
btc_hl_breakout_4m,0,0.0075,0.015,0.0,0.05,15,high_frequency,-0.003558732144820601,-0.3558732144820601,0.4,80,-0.019927595375303198,-1.9927595375303198,-5.587037169807801,0.9329269471428083,1.1708333333333334e-10,-0.08639529023892244,9964.412678551795,-0.003558732144820601
btc_small_up_9m,0,0.01,0.025,0.0,0.2,5,high_frequency,0.008167867200470233,0.8167867200470234,0.38,50,-0.05872105698754748,-5.872105698754748,4.168228653731562,1.0528523736130817,1.6600000000000002e-10,0.09635037504665867,10081.678672004702,0.008167867200470233
btc_vol_breakout_2m,0,0.035,0.015,0.0,0.15,5,high_frequency,0.031099322432051053,3.1099322432051055,0.6862745098039216,51,-0.034130078142492026,-3.4130078142492026,16.448771533021855,1.2655602195746052,2.238562091503268e-10,0.4129757052894255,10310.993224320511,0.031099322432051053
btc_hl_breakout_3m,0,0.02,0.015,0.0,0.05,90,high_frequency,0.005630034267342751,0.5630034267342752,0.5645161290322581,62,-0.0131226819416852,-1.31226819416852,8.779036012119889,1.1165708283668234,1.717741935483871e-10,0.18525123122229512,10056.300342673427,0.005630034267342751
btc_vol_breakout_3m,0,0.0175,0.045,0.0,0.05,60,high_frequency,0.0007476361818276359,0.0747636181827636,0.3684210526315789,38,-0.01687329739065746,-1.687329739065746,1.340412847269548,1.0179889162309477,2.9210526315789477e-10,0.045741433886443555,10007.476361818277,0.0007476361818276359
btc_hl_breakout_2m,0,0.015,0.045,0.0,0.1,20,high_frequency,0.011136745432170938,1.1136745432170938,0.35555555555555557,45,-0.02871494525175522,-2.871494525175522,8.930038103308188,1.1265084930907105,2.874074074074074e-10,0.2577793326544983,10111.36745432171,0.011136745432170938
btc_hl_breakout_8m,0,0.01,0.01,0.0,0.05,45,high_frequency,-0.0030794767182651867,-0.30794767182651867,0.4725274725274725,91,-0.021660923922418585,-2.1660923922418585,-4.365838060982992,0.9462491457014189,9.688644688644688e-11,-0.06484795878444893,9969.205232817349,-0.0030794767182651867
btc_hl_breakout_8m,0,0.0075,0.05,0.0,0.25,20,high_frequency,-0.016695886091757758,-1.6695886091757757,0.21428571428571427,56,-0.12324146530077562,-12.324146530077563,-3.7422946297755426,0.9351724361921376,2.0952380952380952e-10,-0.09161779783000337,9833.041139082423,-0.016695886091757758
btc_small_up_10m,0,0.01,0.06,0.0,0.25,20,high_frequency,0.026212061051289492,2.621206105128949,0.22727272727272727,44,-0.08837745557141219,-8.837745557141218,8.307302846216238,1.1240821324563244,2.1666666666666667e-10,0.2715943289767842,10262.120610512895,0.026212061051289492
btc_hl_breakout_4m,0,0.035,0.05,0.0,0.1,5,high_frequency,0.018988590464377616,1.8988590464377615,0.4827586206896552,29,-0.030997373741819545,-3.0997373741819545,13.818911526657287,1.2521692441662973,4.787356321839081e-10,0.6696733509412084,10189.885904643776,0.018988590464377616
btc_hl_breakout_9m,0,0.005,0.04,0.0,0.05,10,high_frequency,0.0018111958157132676,0.18111958157132677,0.2361111111111111,72,-0.028970805926068155,-2.8970805926068155,2.799068364612158,1.0347602444277417,1.4490740740740742e-10,0.054558488640894645,10018.111958157133,0.0018111958157132676
btc_vol_breakout_3m,0,0.0125,0.035,0.0,0.2,10,high_frequency,0.03181007315011348,3.181007315011348,0.3877551020408163,49,-0.056956617207765126,-5.695661720776513,12.977943806667225,1.177048328347594,1.9829931972789115e-10,0.3406453988437902,10318.100731501134,0.03181007315011348
btc_hl_breakout_4m,0,0.0075,0.03,0.0,0.15,5,high_frequency,0.004754117550575029,0.4754117550575029,0.3333333333333333,69,-0.05223223251725739,-5.22322325172574,3.047406113515518,1.0296343683422557,1.683574879227053e-10,0.05688748356935631,10047.54117550575,0.004754117550575029
btc_hl_breakout_6m,0,0.005,0.01,0.0,0.05,5,high_frequency,-0.012180794690802611,-1.2180794690802612,0.3942307692307692,104,-0.03086235817670302,-3.086235817670302,-20.128638617740126,0.784215957003844,8.141025641025642e-11,-0.2338575144329086,9878.192053091974,-0.012180794690802611
btc_vol_breakout_10m,0,0.03,0.015,0.0,0.05,45,high_frequency,0.007947634926460763,0.7947634926460763,0.625,40,-0.01018186511120478,-1.018186511120478,14.9533275600302,1.2688756022293675,2.345833333333333e-10,0.400187733949779,10079.476349264607,0.007947634926460763
btc_hl_breakout_1m,0,0.015,0.05,0.0,0.1,30,high_frequency,0.010942889544740217,1.0942889544740217,0.32558139534883723,43,-0.030668440648618067,-3.0668440648618067,8.821544463341533,1.1268359970381163,2.937984496124031e-10,0.2667669683856653,10109.428895447401,0.010942889544740217
btc_alt_aligned,0,0.02,0.05,0.0,0.2,10,high_frequency,0.042461593585458125,4.246159358545812,0.3617021276595745,47,-0.06801526892213527,-6.801526892213527,14.345505245801778,1.197714825712639,2.971631205673759e-10,0.4748621388365208,10424.615935854581,0.042461593585458125
btc_hl_breakout_4m,0,0.03,0.01,0.0,0.15,15,high_frequency,0.04369856662283844,4.369856662283844,0.7213114754098361,61,-0.03136598201667318,-3.1365982016673177,22.64724902753186,1.3566320871836177,1.762295081967213e-10,0.47934391518912534,10436.985666228384,0.04369856662283844
btc_hl_breakout_3m,0,0.005,0.03,0.0,0.25,90,high_frequency,-0.016593317741615966,-1.6593317741615967,0.27848101265822783,79,-0.09446293793433636,-9.446293793433636,-4.817747478768618,0.9358794901598906,1.1919831223628693e-10,-0.07058065107521243,9834.06682258384,-0.016593317741615966
btc_vol_breakout_9m,0,0.025,0.06,0.0,0.2,30,high_frequency,0.04434725051949651,4.434725051949651,0.38095238095238093,21,-0.04144298409225611,-4.144298409225611,19.219170704212157,1.456232685021931,5.119047619047619e-10,1.0757175954492029,10443.472505194964,0.04434725051949651
btc_small_up_10m,0,0.03,0.06,0.0,0.1,15,high_frequency,0.023641601522966574,2.3641601522966575,0.37037037037037035,27,-0.03371765225112677,-3.3717652251126773,16.374398907531987,1.3210775099007028,4.580246913580247e-10,0.8935211483052087,10236.416015229666,0.023641601522966574
btc_small_down_10m,0,0.0125,0.015,0.0,0.05,30,high_frequency,0.016838507986053543,1.6838507986053544,0.5245901639344263,61,-0.01048417455613393,-1.048417455613393,31.412924844140164,1.4867469459211158,1.1967213114754098e-10,0.5508917756704699,10168.385079860536,0.016838507986053543
btc_hl_breakout_2m,0,0.015,0.04,0.0,0.2,10,high_frequency,0.03435357448438435,3.435357448438435,0.3829787234042553,47,-0.05372197846203852,-5.372197846203852,13.796696393360603,1.1907161183591286,2.7056737588652484e-10,0.38171683508761706,10343.535744843844,0.03435357448438435
btc_hl_breakout_5m,0,0.005,0.025,0.0,0.2,15,high_frequency,0.011194844582458403,1.1194844582458403,0.28735632183908044,87,-0.09172403542211616,-9.172403542211615,4.859941167428183,1.0481361586826183,1.1206896551724139e-10,0.07750269473175259,10111.948445824584,0.011194844582458403
btc_small_up_10m,0,0.0175,0.06,0.0,0.05,30,high_frequency,0.008423512368075444,0.8423512368075444,0.2894736842105263,38,-0.019594722230124706,-1.9594722230124706,11.734179621538432,1.209034321675443,2.9736842105263155e-10,0.45071012476193206,10084.235123680755,0.008423512368075444
btc_hl_breakout_8m,0,0.005,0.015,0.0,0.25,5,high_frequency,-0.01889310791910175,-1.8893107919101748,0.3118279569892473,93,-0.12798969251425618,-12.798969251425618,-4.678690602933645,0.9356561729187258,9.49820788530466e-11,-0.06745699151063247,9811.068920808983,-0.01889310791910175
btc_vol_breakout_2m,0,0.015,0.045,0.0,0.25,15,high_frequency,0.02777204761027001,2.7772047610270008,0.3617021276595745,47,-0.07185850648599523,-7.185850648599523,9.359038245223715,1.122667945113631,2.602836879432624e-10,0.2598826682177356,10277.7204761027,0.02777204761027001
btc_hl_breakout_9m,0,0.035,0.01,0.0,0.15,60,high_frequency,0.041304489535492914,4.130448953549291,0.7192982456140351,57,-0.04200405221446524,-4.200405221446523,18.96137717283779,1.3237225713435314,2.1461988304093566e-10,0.48859095845662437,10413.04489535493,0.041304489535492914
btc_vol_breakout_9m,0,0.03,0.04,0.0,0.15,15,high_frequency,0.030095420551821326,3.009542055182133,0.5517241379310345,29,-0.043247437358518104,-4.32474373585181,16.433336377021337,1.302408572235225,3.8333333333333335e-10,0.70533035660892,10300.954205518214,0.030095420551821326
btc_hl_breakout_5m,0,0.0075,0.05,0.0,0.25,10,high_frequency,-0.009868045092255761,-0.986804509225576,0.2545454545454545,55,-0.09810080908917018,-9.81008090891702,-2.087330055497688,0.9614623014619208,2.2636363636363636e-10,-0.04515648020394985,9901.319549077441,-0.009868045092255761
btc_hl_breakout_10m,0,0.03,0.03,0.0,0.2,30,high_frequency,0.050964078517233294,5.096407851723329,0.55,40,-0.062843270351572,-6.2843270351572,17.64738611204568,1.2756781511563051,3.1458333333333336e-10,0.653959524829607,10509.640785172332,0.050964078517233294
btc_bullish,0,0.015,0.05,0.0,0.05,15,high_frequency,0.01128697257018839,1.1286972570188392,0.32,50,-0.013071383773230916,-1.3071383773230916,14.930941732435226,1.2309798450663054,2.61e-10,0.45674595998799006,10112.869725701883,0.01128697257018839
btc_hl_breakout_4m,0,0.03,0.02,0.0,0.1,45,high_frequency,0.02665966339280519,2.6659663392805193,0.6041666666666666,48,-0.021516929289786768,-2.151692928978677,20.298164072299677,1.3120287667899635,2.430555555555556e-10,0.5592095969770204,10266.596633928051,0.02665966339280519
btc_vol_breakout_8m,0,0.0075,0.05,0.0,0.15,45,high_frequency,-0.003389060528928985,-0.3389060528928985,0.23255813953488372,43,-0.037746388808930886,-3.7746388808930886,-1.6882755199143413,0.966874596362587,2.2480620155038762e-10,-0.04117785156940555,9966.109394710711,-0.003389060528928985
btc_hl_breakout_2m,0,0.0075,0.06,0.0,0.2,15,high_frequency,-0.015219428529262382,-1.5219428529262382,0.21428571428571427,56,-0.08975613809130689,-8.975613809130689,-5.027603792224257,0.9227636430965573,2.1101190476190478e-10,-0.11567944493600178,9847.805714707376,-0.015219428529262382
btc_small_down_10m,0,0.035,0.06,0.0,0.05,45,high_frequency,0.009399822955219662,0.9399822955219662,0.44,25,-0.016767952810918363,-1.6767952810918363,14.029924627794115,1.2696040076049884,4.693333333333334e-10,0.7619911453023016,10093.998229552197,0.009399822955219662
btc_vol_breakout_2m,0,0.02,0.04,0.0,0.25,60,high_frequency,0.01719505067021155,1.719505067021155,0.4186046511627907,43,-0.07964351312489026,-7.964351312489026,6.167084519991815,1.0761307017290547,2.8953488372093023e-10,0.1865607808568819,10171.950506702116,0.01719505067021155
btc_hl_breakout_9m,0,0.0075,0.04,0.0,0.25,15,high_frequency,0.0032202043195924033,0.32202043195924035,0.27419354838709675,62,-0.12590870676883237,-12.590870676883236,1.9437567434164598,1.011545888841788,1.8763440860215054e-10,0.04556457849947932,10032.202043195924,0.0032202043195924033
btc_vol_breakout_8m,0,0.025,0.025,0.0,0.1,15,high_frequency,0.03200949006045301,3.200949006045301,0.5714285714285714,35,-0.019070385798695355,-1.9070385798695355,28.9086874013243,1.5715084946665485,2.880952380952381e-10,0.9111857665519609,10320.09490060453,0.03200949006045301
btc_hl_breakout_8m,0,0.015,0.06,0.0,0.05,5,high_frequency,0.00916444223145972,0.916444223145972,0.2926829268292683,41,-0.0185945681413604,-1.8594568141360401,12.293621659347703,1.2058842104770433,3.16260162601626e-10,0.45451593465610596,10091.644422314597,0.00916444223145972
btc_vol_breakout_9m,0,0.025,0.06,0.0,0.25,10,high_frequency,0.05517123537757143,5.5171235377571435,0.38095238095238093,21,-0.051558845011550614,-5.155884501155061,19.220005700358033,1.4483179430330417,5.119047619047619e-10,1.0757175954492018,10551.712353775714,0.05517123537757143
btc_alt_aligned,0,0.0125,0.03,0.0,0.15,15,high_frequency,0.02947700645222685,2.947700645222685,0.3717948717948718,78,-0.050277671235178345,-5.027767123517835,13.27911447110172,1.1510412971047856,1.7136752136752137e-10,0.26208575256384453,10294.770064522269,0.02947700645222685
btc_bullish,0,0.015,0.01,0.0,0.05,60,high_frequency,0.004771250159460845,0.4771250159460845,0.5490196078431373,102,-0.014633247635359337,-1.4633247635359337,6.643719615800803,1.0727217824449577,1.1470588235294119e-10,0.09667613275429293,10047.712501594608,0.004771250159460845
btc_hl_breakout_7m,0,0.0175,0.045,0.0,0.15,90,high_frequency,0.009226880009862133,0.9226880009862134,0.3404255319148936,47,-0.06604718338437843,-6.604718338437843,4.895123768481127,1.0606966014250128,2.691489361702128e-10,0.14991029633636246,10092.268800098622,0.009226880009862133
btc_hl_breakout_3m,0,0.025,0.06,0.0,0.1,10,high_frequency,0.019652659586527215,1.9652659586527215,0.3870967741935484,31,-0.038336588024568075,-3.8336588024568075,14.338854347375593,1.242641288120738,4.3655913978494626e-10,0.6505713634676857,10196.526595865273,0.019652659586527215
btc_vol_breakout_2m,0,0.01,0.05,0.0,0.15,10,high_frequency,0.008416180700024416,0.8416180700024416,0.2653061224489796,49,-0.04518709604601401,-4.518709604601401,4.880779616449644,1.0636360288738549,2.3843537414965986e-10,0.13221902949320563,10084.161807000244,0.008416180700024416
btc_hl_breakout_1m,0,0.025,0.02,0.0,0.25,20,high_frequency,0.04017328445172252,4.017328445172252,0.5416666666666666,48,-0.066149234062578,-6.6149234062578,13.009703182603044,1.1739871328924576,2.3680555555555557e-10,0.35418177803491785,10401.732844517224,0.04017328445172252
btc_hl_breakout_3m,0,0.0175,0.02,0.0,0.25,10,high_frequency,0.00402201549293245,0.40220154929324503,0.4827586206896552,58,-0.0810066664113891,-8.10066664113891,2.1917856097177197,1.0154989366918552,1.867816091954023e-10,0.04834116240488001,10040.220154929324,0.00402201549293245
btc_hl_breakout_9m,0,0.02,0.06,0.0,0.15,20,high_frequency,0.03258377287858725,3.2583772878587247,0.3611111111111111,36,-0.0530003578958248,-5.300035789582481,14.475045401974565,1.2398455363841825,3.6712962962962963e-10,0.6265516931436944,10325.837728785873,0.03258377287858725
btc_hl_breakout_6m,0,0.0125,0.02,0.0,0.1,30,high_frequency,-0.005981170991435579,-0.5981170991435578,0.42857142857142855,70,-0.037542447801534595,-3.7542447801534595,-4.310981411533669,0.9452481963179271,1.5738095238095238e-10,-0.07913361767243834,9940.188290085644,-0.005981170991435579
btc_vol_breakout_9m,0,0.0175,0.04,0.0,0.05,5,high_frequency,0.002217323180025852,0.2217323180025852,0.4,35,-0.014521452909458943,-1.4521452909458943,3.8477659743200068,1.0613450803159976,2.980952380952381e-10,0.13263683527595432,10022.173231800258,0.002217323180025852
btc_small_down_10m,0,0.0075,0.06,0.0,0.05,45,high_frequency,0.01013792087403113,1.013792087403113,0.24489795918367346,49,-0.010493349552861075,-1.0493349552861075,16.547585872537805,1.2814372798424072,1.9931972789115646e-10,0.41696831182140803,10101.37920874031,0.01013792087403113
btc_vol_breakout_9m,0,0.03,0.025,0.0,0.05,60,high_frequency,0.014027565157889438,1.402756515788944,0.5806451612903226,31,-0.009534162213716502,-0.9534162213716502,25.54189272492692,1.520009164736998,3.268817204301075e-10,0.9054169615198739,10140.275651578895,0.014027565157889438
btc_vol_breakout_9m,0,0.0075,0.045,0.0,0.25,15,high_frequency,0.0017559433998158055,0.17559433998158056,0.2619047619047619,42,-0.06240682976512102,-6.240682976512102,1.4344249784145848,1.010624244553286,2.2103174603174605e-10,0.03531304434539714,10017.559433998158,0.0017559433998158055
btc_hl_breakout_3m,0,0.035,0.02,0.0,0.25,90,high_frequency,0.06356019162589305,6.3560191625893045,0.6363636363636364,44,-0.0643481348598558,-6.43481348598558,19.670233565843397,1.302632847343671,2.7159090909090913e-10,0.588200937495981,10635.601916258931,0.06356019162589305
btc_hl_breakout_9m,0,0.005,0.05,0.0,0.05,5,high_frequency,0.00067136186114613,0.067136186114613,0.19696969696969696,66,-0.027276795567579226,-2.7276795567579226,1.1593267763404462,1.0137342222100847,1.6515151515151513e-10,0.025281234760616774,10006.713618611462,0.00067136186114613
btc_vol_breakout_8m,0,0.0075,0.035,0.0,0.1,30,high_frequency,0.006552530909168342,0.6552530909168343,0.30434782608695654,46,-0.025995362408929967,-2.5995362408929967,6.501768134534424,1.0935342968125756,1.992753623188406e-10,0.14963096852262273,10065.525309091683,0.006552530909168342
btc_hl_breakout_7m,0,0.0175,0.035,0.0,0.1,15,high_frequency,0.009207457956279813,0.9207457956279813,0.37254901960784315,51,-0.04369967512822315,-4.369967512822315,6.782781168379841,1.0873029842980957,2.477124183006536e-10,0.19228178090364326,10092.074579562799,0.009207457956279813
btc_vol_breakout_2m,0,0.02,0.06,0.0,0.2,30,high_frequency,0.04045958768229216,4.045958768229216,0.3611111111111111,36,-0.06193336738592292,-6.193336738592292,15.224527136660932,1.22707887220028,3.62962962962963e-10,0.5901888385370971,10404.595876822921,0.04045958768229216
btc_hl_breakout_1m,0,0.005,0.025,0.0,0.2,20,high_frequency,-0.023781804229815726,-2.3781804229815724,0.2682926829268293,82,-0.09436482571382954,-9.436482571382953,-9.34792027594738,0.8893090770816469,1.1483739837398375e-10,-0.13611554868348055,9762.181957701843,-0.023781804229815726
btc_hl_breakout_10m,0,0.015,0.01,0.0,0.1,20,high_frequency,0.01072714781156999,1.072714781156999,0.5679012345679012,81,-0.03191591887451972,-3.191591887451972,8.02283535739206,1.1013407543513327,1.185185185185185e-10,0.13878042510684943,10107.2714781157,0.01072714781156999
btc_bullish,0,0.03,0.03,0.0,0.05,90,high_frequency,0.0125207845449763,1.25207845449763,0.5111111111111111,45,-0.013675509651595141,-1.3675509651595141,16.755279298014543,1.2577076519893968,2.9333333333333335e-10,0.5612033150461083,10125.207845449762,0.0125207845449763
btc_small_up_10m,0,0.03,0.01,0.0,0.05,60,high_frequency,0.009524667710424813,0.9524667710424813,0.6666666666666666,60,-0.014940539770096462,-1.4940539770096462,13.983678972820435,1.2240612268128053,1.7138888888888887e-10,0.32079424417769115,10095.246677104247,0.009524667710424813
btc_hl_breakout_10m,0,0.01,0.06,0.0,0.2,10,high_frequency,0.024696280192965128,2.4696280192965125,0.24444444444444444,45,-0.06689752195450793,-6.689752195450794,9.362605014464915,1.1391216875315542,2.733333333333333e-10,0.3019963399804069,10246.96280192965,0.024696280192965128
btc_vol_breakout_10m,0,0.0075,0.015,0.0,0.1,15,high_frequency,-0.008628002117483163,-0.8628002117483163,0.38461538461538464,52,-0.03151997875848955,-3.1519978758489553,-9.12935205022575,0.8728654255829368,1.2371794871794872e-10,-0.16189054980099415,9913.71997882517,-0.008628002117483163
btc_hl_breakout_10m,0,0.005,0.015,0.0,0.15,20,high_frequency,-0.0012345184232395014,-0.12345184232395014,0.3333333333333333,93,-0.07336565774938353,-7.336565774938353,-0.01878045421361909,0.9927154310370855,9.480286738351255e-11,-7.841100779330438e-07,9987.654815767604,-0.0012345184232395014
btc_hl_breakout_7m,0,0.025,0.05,0.0,0.05,20,high_frequency,0.01079832894699748,1.079832894699748,0.40540540540540543,37,-0.016747573113535474,-1.6747573113535474,14.115529921629646,1.2426628441604795,3.747747747747748e-10,0.5908501158918692,10107.983289469976,0.01079832894699748
btc_hl_breakout_5m,0,0.005,0.03,0.0,0.15,45,high_frequency,0.011246740817264914,1.1246740817264913,0.2804878048780488,82,-0.07191049216522494,-7.191049216522494,6.04134919743614,1.0673952198608747,1.2154471544715447e-10,0.10175005591799229,10112.46740817265,0.011246740817264914
btc_alt_aligned,0,0.0175,0.01,0.0,0.1,45,high_frequency,0.012696294733932382,1.2696294733932383,0.59,100,-0.03761741444517919,-3.7617414445179187,8.756096775633091,1.0929865169977102,1.28e-10,0.13329581994135373,10126.962947339323,0.012696294733932382
btc_hl_breakout_4m,0,0.02,0.025,0.0,0.2,30,high_frequency,0.03292054550727378,3.292054550727378,0.5098039215686274,51,-0.052330254682191324,-5.233025468219132,13.034448570453536,1.1679558157560055,2.441176470588235e-10,0.3383682082481503,10329.205455072737,0.03292054550727378
btc_vol_breakout_2m,0,0.0075,0.05,0.0,0.15,15,high_frequency,-0.004446929458011118,-0.44469294580111185,0.21428571428571427,56,-0.05206732679701842,-5.206732679701842,-1.803889523761573,0.9672250726255924,2.011904761904762e-10,-0.03823369093709824,9955.53070541989,-0.004446929458011118
btc_vol_breakout_10m,0,0.005,0.045,0.0,0.15,20,high_frequency,0.003584453531705708,0.3584453531705708,0.23404255319148937,47,-0.036887258037522686,-3.6887258037522686,2.780601933426783,1.0371116607372532,1.5709219858156028e-10,0.06075523732151477,10035.844535317057,0.003584453531705708
btc_hl_breakout_3m,0,0.01,0.03,0.0,0.2,30,high_frequency,0.012643213154342652,1.2643213154342652,0.375,64,-0.06121967897843339,-6.121967897843339,5.829758015411299,1.0635843504195208,1.6119791666666666e-10,0.11308133543745238,10126.432131543426,0.012643213154342652
btc_small_up_10m,0,0.015,0.01,0.0,0.05,30,high_frequency,0.006584928924726251,0.6584928924726251,0.527027027027027,74,-0.014628151901731834,-1.4628151901731834,10.130957464747551,1.1425244905193415,1.0968468468468468e-10,0.18101512613681423,10065.849289247262,0.006584928924726251
btc_vol_breakout_2m,0,0.005,0.015,0.0,0.05,30,high_frequency,-0.00807885130506848,-0.8078851305068481,0.3469387755102041,98,-0.019091207296025536,-1.9091207296025536,-13.784448577379509,0.8522050416101766,8.248299319727892e-11,-0.1636414218008191,9919.211486949314,-0.00807885130506848
btc_bullish,0,0.035,0.01,0.0,0.2,30,high_frequency,0.06669562285054055,6.669562285054055,0.7142857142857143,63,-0.051861496807959706,-5.186149680795971,22.656342276764537,1.3714240802514557,2.0238095238095238e-10,0.5313048963912531,10666.956228505405,0.06669562285054055
btc_alt_aligned,0,0.0125,0.04,0.0,0.15,90,high_frequency,0.03408401743421971,3.408401743421971,0.34375,64,-0.04527738691286587,-4.5277386912865865,15.196766982478977,1.199772202573556,2.1302083333333333e-10,0.36545559182119336,10340.840174342196,0.03408401743421971
btc_vol_breakout_9m,0,0.0075,0.03,0.0,0.05,20,high_frequency,0.00399118940622721,0.39911894062272096,0.3181818181818182,44,-0.014062538289939641,-1.4062538289939641,7.81130941730002,1.1227146203107192,2.0265151515151513e-10,0.18500400306604492,10039.911894062272,0.00399118940622721
btc_hl_breakout_1m,0,0.03,0.05,0.0,0.2,20,high_frequency,0.01357474993587648,1.357474993587648,0.4117647058823529,34,-0.07999457643505437,-7.999457643505437,5.794454403664381,1.0767023073925845,3.9558823529411763e-10,0.23366393229394736,10135.747499358764,0.01357474993587648
btc_hl_breakout_1m,0,0.0125,0.045,0.0,0.2,45,high_frequency,0.01113601553198007,1.113601553198007,0.3137254901960784,51,-0.0711724849035027,-7.11724849035027,4.979754185215613,1.0567180014592423,2.38562091503268e-10,0.12986775614340557,10111.3601553198,0.01113601553198007
btc_vol_breakout_2m,0,0.01,0.05,0.0,0.25,30,high_frequency,0.012586245567307515,1.2586245567307515,0.2653061224489796,49,-0.07455218243559014,-7.455218243559014,4.8151430214655395,1.0562206168346615,2.3843537414965986e-10,0.13221902949320682,10125.862455673076,0.012586245567307515
btc_hl_breakout_8m,0,0.02,0.035,0.0,0.25,5,high_frequency,0.051856545494762624,5.185654549476262,0.425531914893617,47,-0.07878508299101838,-7.8785082991018385,14.78373600338298,1.2025726025534573,2.7340425531914896e-10,0.46458459943050856,10518.565454947626,0.051856545494762624
btc_small_up_9m,0,0.005,0.045,0.0,0.1,45,high_frequency,0.015363896972694385,1.5363896972694384,0.28,50,-0.0219159409152222,-2.19159409152222,13.033451257275308,1.2231862313497635,1.6566666666666666e-10,0.31326111118384087,10153.638969726944,0.015363896972694385
btc_hl_breakout_1m,0,0.02,0.02,0.0,0.15,90,high_frequency,0.022135825087371153,2.2135825087371153,0.5094339622641509,53,-0.03862891412289504,-3.862891412289504,11.903647207353107,1.1629449366670461,2.1069182389937107e-10,0.2888215227241635,10221.35825087371,0.022135825087371153
btc_hl_breakout_10m,0,0.0125,0.06,0.0,0.2,10,high_frequency,0.04193172020449369,4.193172020449369,0.2926829268292683,41,-0.06796400203368769,-6.796400203368769,14.523474718615049,1.2371844784229387,3.08130081300813e-10,0.536717084590884,10419.317202044936,0.04193172020449369
btc_hl_breakout_6m,0,0.015,0.05,0.0,0.1,15,high_frequency,-0.007341259336424048,-0.7341259336424047,0.2857142857142857,42,-0.03487766319991292,-3.4877663199912923,-5.333410673673559,0.9193433283121802,3e-10,-0.16240660924892233,9926.58740663576,-0.007341259336424048
btc_bullish,0,0.035,0.045,0.0,0.15,90,high_frequency,0.04762161203314981,4.762161203314981,0.5151515151515151,33,-0.052308002967473066,-5.230800296747306,20.934127399699626,1.3884195453440151,4.171717171717172e-10,0.9722600382009748,10476.216120331497,0.04762161203314981
btc_hl_breakout_3m,0,0.01,0.05,0.0,0.25,45,high_frequency,0.007435951731718524,0.7435951731718524,0.2765957446808511,47,-0.08540466776237343,-8.540466776237343,3.2639274840046952,1.0348028048441027,2.5106382978723406e-10,0.09276394109399357,10074.359517317185,0.007435951731718524
btc_hl_breakout_2m,0,0.0125,0.025,0.0,0.1,90,high_frequency,0.01711766299825482,1.7117662998254821,0.4603174603174603,63,-0.02365005142011789,-2.365005142011789,13.98139186623336,1.1770043770747596,1.740740740740741e-10,0.27726713179410034,10171.176629982549,0.01711766299825482
btc_alt_aligned,0,0.02,0.05,0.0,0.2,30,high_frequency,0.042461593585458125,4.246159358545812,0.3617021276595745,47,-0.06801526892213527,-6.801526892213527,14.345505245801778,1.197714825712639,2.971631205673759e-10,0.4748621388365208,10424.615935854581,0.042461593585458125
btc_hl_breakout_9m,0,0.0075,0.035,0.0,0.1,45,high_frequency,0.0013468362630018988,0.13468362630018987,0.28125,64,-0.05219962707662362,-5.219962707662362,1.3625926155285768,1.0122955131279603,1.8072916666666666e-10,0.03078118314759774,10013.46836263002,0.0013468362630018988
btc_small_up_10m,0,0.03,0.045,0.0,0.05,15,high_frequency,0.01310713608319802,1.3107136083198019,0.47058823529411764,34,-0.01653908532929438,-1.6539085329294378,18.494740301337483,1.3445070383506135,3.3676470588235294e-10,0.7753579585437825,10131.07136083198,0.01310713608319802
btc_small_up_9m,0,0.0075,0.02,0.0,0.05,10,high_frequency,0.01111587766167445,1.111587766167445,0.39655172413793105,58,-0.008337777111746436,-0.8337777111746436,22.356756800851276,1.3536895786752434,1.2902298850574712e-10,0.3841185043950029,10111.158776616745,0.01111587766167445
btc_vol_breakout_8m,0,0.0175,0.05,0.0,0.05,60,high_frequency,0.002367833974754774,0.23678339747547741,0.3548387096774194,31,-0.014493237685012539,-1.4493237685012539,4.029484536937632,1.0704461815824167,3.5913978494623655e-10,0.15948280025000885,10023.678339747548,0.002367833974754774
btc_vol_breakout_3m,0,0.005,0.035,0.0,0.25,60,high_frequency,-0.021134461554974223,-2.113446155497422,0.24242424242424243,66,-0.1078752415793951,-10.78752415793951,-6.3286258036549174,0.909738813583876,1.244949494949495e-10,-0.11322680746781537,9788.655384450258,-0.021134461554974223
btc_small_up_9m,0,0.0175,0.05,0.0,0.25,30,high_frequency,0.008200254017429688,0.8200254017429689,0.3157894736842105,38,-0.08806024214482944,-8.806024214482944,3.520196665651679,1.041214010291257,2.7324561403508774e-10,0.11887663913053101,10082.002540174297,0.008200254017429688
btc_small_down_10m,0,0.03,0.04,0.0,0.05,60,high_frequency,0.006919146158650961,0.6919146158650961,0.5,30,-0.011133787445228749,-1.1133787445228749,11.109127825945711,1.206116809642883,3.8000000000000003e-10,0.4674034577996556,10069.19146158651,0.006919146158650961
btc_hl_breakout_7m,0,0.005,0.03,0.0,0.05,15,high_frequency,0.0015970307484566547,0.15970307484566545,0.26506024096385544,83,-0.026343471849568312,-2.634347184956831,2.501547307142969,1.0289021821939006,1.2570281124497992e-10,0.04207036513787695,10015.970307484567,0.0015970307484566547
btc_hl_breakout_9m,0,0.005,0.045,0.0,0.05,5,high_frequency,0.00014772387291859558,0.014772387291859559,0.2112676056338028,71,-0.029137917818034875,-2.9137917818034875,0.4165826299837923,1.002911359165775,1.4577464788732394e-10,0.008348727595043303,10001.477238729185,0.00014772387291859558
btc_hl_breakout_6m,0,0.02,0.03,0.0,0.05,90,high_frequency,-0.0002198908918342795,-0.02198908918342795,0.4166666666666667,48,-0.02009390101242614,-2.009390101242614,-0.14053819702434292,0.9955459329515176,2.642361111111111e-10,-0.003799400184587129,9997.801091081657,-0.0002198908918342795
btc_alt_aligned,0,0.035,0.05,0.0,0.15,90,high_frequency,0.043341949499732184,4.334194949973218,0.4722222222222222,36,-0.05254936566614299,-5.254936566614299,18.76602131455993,1.306855073811795,3.930555555555555e-10,0.8176915246324425,10433.419494997323,0.043341949499732184
btc_alt_aligned,0,0.02,0.015,0.0,0.25,20,high_frequency,0.03665071553728094,3.6650715537280942,0.547945205479452,73,-0.08562378736757037,-8.562378736757037,10.565540536229776,1.11285937773945,1.851598173515982e-10,0.22095914920166945,10366.507155372808,0.03665071553728094
btc_vol_breakout_10m,0,0.0075,0.045,0.0,0.25,60,high_frequency,-0.013546920887781835,-1.3546920887781835,0.25,40,-0.07492152123563,-7.492152123563001,-4.879416785529847,0.9151867638942219,2.1166666666666666e-10,-0.11912118438797963,9864.530791122183,-0.013546920887781835
btc_hl_breakout_4m,0,0.0175,0.04,0.0,0.1,10,high_frequency,0.014876217202482951,1.487621720248295,0.41304347826086957,46,-0.027018263063561032,-2.701826306356103,11.475458526416405,1.1627762132171544,2.757246376811594e-10,0.3326482152072427,10148.76217202483,0.014876217202482951
btc_vol_breakout_2m,0,0.0125,0.015,0.0,0.05,90,high_frequency,0.006604352697087836,0.6604352697087836,0.5263157894736842,76,-0.012243858059281965,-1.2243858059281965,10.722311037142328,1.1351692051606521,1.2828947368421054e-10,0.1763164262272888,10066.043526970878,0.006604352697087836
btc_vol_breakout_10m,0,0.005,0.05,0.0,0.05,5,high_frequency,0.0018062920187639294,0.18062920187639295,0.2222222222222222,45,-0.010719055322487292,-1.0719055322487292,3.656433992372987,1.0578048627977956,1.740740740740741e-10,0.08391815029792539,10018.06292018764,0.0018062920187639294
btc_hl_breakout_3m,0,0.005,0.06,0.0,0.1,10,high_frequency,-0.005955575204319427,-0.5955575204319428,0.1864406779661017,59,-0.03900031339486809,-3.900031339486809,-4.3239420792681695,0.9333645919939306,1.7937853107344634e-10,-0.09192626295631573,9940.444247956806,-0.005955575204319427
btc_bullish,0,0.03,0.045,0.0,0.25,10,high_frequency,0.06968467143745143,6.968467143745142,0.46153846153846156,39,-0.08021131074505361,-8.02113107450536,18.846204929830908,1.2999969550959016,3.4572649572649573e-10,0.7331063839089711,10696.846714374515,0.06968467143745143
btc_hl_breakout_4m,0,0.01,0.01,0.0,0.25,5,high_frequency,0.014590969987025937,1.4590969987025937,0.5581395348837209,86,-0.07136390024954498,-7.136390024954498,5.754763658517917,1.0597991143978858,1.0213178294573644e-10,0.07972158903926263,10145.909699870259,0.014590969987025937
btc_small_down_10m,0,0.01,0.01,0.0,0.1,90,high_frequency,0.02415364976092817,2.415364976092817,0.49295774647887325,71,-0.018326587364437263,-1.8326587364437263,23.155073263113465,1.3298140889991554,8.685446009389671e-11,0.341144690046096,10241.536497609282,0.02415364976092817
btc_bullish,0,0.015,0.05,0.0,0.2,90,high_frequency,0.04363932803119303,4.363932803119304,0.32,50,-0.05155233943753157,-5.1552339437531565,14.910431209215961,1.2130911897185845,2.61e-10,0.4567459599879932,10436.39328031193,0.04363932803119303
btc_hl_breakout_1m,0,0.02,0.025,0.0,0.05,15,high_frequency,0.007104929055740291,0.7104929055740291,0.4791666666666667,48,-0.014044925985468804,-1.4044925985468804,10.951090556838778,1.1601636779276705,2.5625e-10,0.300492145870666,10071.049290557403,0.007104929055740291
btc_hl_breakout_8m,0,0.005,0.01,0.0,0.1,30,high_frequency,-0.027109108849525887,-2.7109108849525887,0.37142857142857144,105,-0.06526394074722142,-6.526394074722141,-22.31788562109103,0.7651435214733109,7.904761904761905e-11,-0.2579153335404009,9728.90891150474,-0.027109108849525887
btc_hl_breakout_2m,0,0.025,0.06,0.0,0.2,20,high_frequency,0.029917679278938705,2.9917679278938705,0.38235294117647056,34,-0.07427611747546559,-7.427611747546559,11.310267162485816,1.167109624607585,3.9362745098039217e-10,0.4733243338746405,10299.176792789387,0.029917679278938705
btc_vol_breakout_9m,0,0.015,0.01,0.0,0.25,90,high_frequency,0.03528744565530578,3.5287445655305785,0.6226415094339622,53,-0.03711180198531028,-3.7111801985310278,15.110378793285626,1.255110088282487,1.2264150943396225e-10,0.273885863969806,10352.874456553058,0.03528744565530578
btc_hl_breakout_6m,0,0.0075,0.05,0.0,0.2,60,high_frequency,-0.021443261683634886,-2.1443261683634884,0.23636363636363636,55,-0.08276892331179009,-8.27689233117901,-7.719004722997862,0.8933657931373429,2.209090909090909e-10,-0.17649354206299206,9785.56738316365,-0.021443261683634886
btc_hl_breakout_9m,0,0.01,0.01,0.0,0.05,30,high_frequency,8.465978311437539e-05,0.00846597831143754,0.4782608695652174,92,-0.02102653530575671,-2.102653530575671,0.32515707709268027,1.0014657117591497,9.909420289855074e-11,0.004914017454357658,10000.846597831143,8.465978311437539e-05
btc_hl_breakout_10m,0,0.025,0.04,0.0,0.1,45,high_frequency,0.031428198134782453,3.1428198134782455,0.47368421052631576,38,-0.03055599439373735,-3.055599439373735,21.13535540999938,1.380177863087437,3.350877192982456e-10,0.8313662781340236,10314.281981347824,0.031428198134782453
btc_hl_breakout_4m,0,0.01,0.02,0.0,0.15,90,high_frequency,0.010127080035694371,1.0127080035694371,0.4246575342465753,73,-0.038647112627519076,-3.8647112627519076,5.975386213521052,1.0659006594859568,1.4200913242009132e-10,0.101609444119817,10101.270800356944,0.010127080035694371
btc_hl_breakout_1m,0,0.02,0.04,0.0,0.1,10,high_frequency,0.02425639443012693,2.425639443012693,0.45454545454545453,44,-0.027798613754029033,-2.7798613754029033,18.16471009089195,1.2804208043364467,2.912878787878788e-10,0.5572790594909586,10242.56394430127,0.02425639443012693
btc_hl_breakout_6m,0,0.01,0.01,0.0,0.2,15,high_frequency,-0.013638173362986731,-1.3638173362986732,0.5168539325842697,89,-0.07193754953089337,-7.193754953089337,-4.825621002391319,0.9367443421480448,1.0318352059925093e-10,-0.06701197986647316,9863.618266370133,-0.013638173362986731
btc_vol_breakout_8m,0,0.025,0.015,0.0,0.05,60,high_frequency,0.009106874263934509,0.9106874263934509,0.6136363636363636,44,-0.008954537790527906,-0.8954537790527906,17.148079105744745,1.2984704772337528,2.0265151515151513e-10,0.41611432580604263,10091.068742639345,0.009106874263934509
btc_hl_breakout_10m,0,0.035,0.02,0.0,0.15,60,high_frequency,0.04884986285817531,4.884986285817531,0.6444444444444445,45,-0.03816451702628376,-3.816451702628376,22.40910746507386,1.3805914557719354,2.7814814814814816e-10,0.7268677984198011,10488.498628581754,0.04884986285817531
btc_hl_breakout_3m,0,0.03,0.06,0.0,0.25,15,high_frequency,0.039369651157806856,3.9369651157806858,0.4,30,-0.09587521856724668,-9.587521856724667,12.019686596695854,1.1818740367597962,4.6055555555555555e-10,0.5735197888304314,10393.69651157807,0.039369651157806856
btc_hl_breakout_1m,0,0.02,0.045,0.0,0.15,60,high_frequency,0.015321733671231665,1.5321733671231665,0.3902439024390244,41,-0.04981348328304447,-4.981348328304447,8.006703190797623,1.1178680255263334,3.113821138211382e-10,0.265616704816374,10153.217336712316,0.015321733671231665
btc_hl_breakout_2m,0,0.025,0.06,0.0,0.1,15,high_frequency,0.015525184614907187,1.5525184614907186,0.38235294117647056,34,-0.037734288238119196,-3.7734288238119196,11.358894564418922,1.1779938483865011,3.9362745098039217e-10,0.4733243338746397,10155.251846149073,0.015525184614907187
btc_vol_breakout_2m,0,0.035,0.015,0.0,0.25,45,high_frequency,0.0512746917833671,5.1274691783367095,0.6862745098039216,51,-0.05649608063429479,-5.649608063429479,16.498285501413367,1.2557799264452878,2.238562091503268e-10,0.41297570528942457,10512.74691783367,0.0512746917833671
btc_hl_breakout_9m,0,0.035,0.04,0.0,0.25,90,high_frequency,0.06103667642677774,6.103667642677775,0.5142857142857142,35,-0.09207180663028547,-9.207180663028547,16.626419454999333,1.2545716548700274,3.714285714285714e-10,0.7288662066977875,10610.366764267777,0.06103667642677774
btc_hl_breakout_3m,0,0.0125,0.05,0.0,0.1,45,high_frequency,0.014337888976295437,1.4337888976295436,0.3409090909090909,44,-0.027430682899862613,-2.7430682899862613,11.015268816213894,1.166415787562475,2.8371212121212124e-10,0.33798575813639836,10143.378889762955,0.014337888976295437
btc_hl_breakout_1m,0,0.005,0.01,0.0,0.15,30,high_frequency,-0.03285820624067162,-3.285820624067162,0.3838383838383838,99,-0.06436380949893628,-6.4363809498936275,-19.09453534889607,0.7913311424794608,7.794612794612794e-11,-0.21938038075998292,9671.417937593284,-0.03285820624067162
btc_hl_breakout_10m,0,0.005,0.035,0.0,0.1,90,high_frequency,0.0073906766027178605,0.739067660271786,0.24324324324324326,74,-0.04718358873935813,-4.718358873935813,5.736375568707131,1.0699377075582235,1.3896396396396397e-10,0.10801651692962813,10073.90676602718,0.0073906766027178605
btc_hl_breakout_10m,0,0.0175,0.015,0.0,0.25,10,high_frequency,0.03416758629089832,3.416758629089832,0.5147058823529411,68,-0.08642669433544525,-8.642669433544526,10.400700765393168,1.1182542262541604,1.5269607843137254e-10,0.22034729850104012,10341.675862908984,0.03416758629089832
btc_vol_breakout_2m,0,0.025,0.045,0.0,0.15,60,high_frequency,0.01195416299408671,1.195416299408671,0.425,40,-0.04849510982465066,-4.849510982465066,6.396536475452503,1.0882400315108063,3.2833333333333334e-10,0.21741635034989323,10119.541629940868,0.01195416299408671
btc_vol_breakout_8m,0,0.015,0.05,0.0,0.15,10,high_frequency,0.044839061002247244,4.483906100224725,0.3870967741935484,31,-0.02812378555401196,-2.812378555401196,26.64010076661911,1.6067274589134002,3.505376344086021e-10,0.9607891589228791,10448.390610022472,0.044839061002247244
btc_hl_breakout_3m,0,0.02,0.025,0.0,0.1,90,high_frequency,0.020760215618906237,2.0760215618906237,0.5106382978723404,47,-0.024728244422653867,-2.4728244422653867,15.81724592619538,1.2359333366158434,2.620567375886525e-10,0.44826921520282476,10207.602156189063,0.020760215618906237
btc_hl_breakout_3m,0,0.0075,0.06,0.0,0.1,90,high_frequency,-0.004707775470483227,-0.4707775470483227,0.21153846153846154,52,-0.03968878084633343,-3.9688780846333427,-3.1925902178330534,0.9492574900301349,2.2403846153846154e-10,-0.07889820514335523,9952.922245295167,-0.004707775470483227
btc_hl_breakout_4m,0,0.005,0.025,0.0,0.15,30,high_frequency,-0.012666842220037462,-1.2666842220037462,0.27710843373493976,83,-0.05571605746874886,-5.571605746874885,-6.634770284870697,0.9200306338276611,1.1345381526104418e-10,-0.09436426527398514,9873.331577799625,-0.012666842220037462
btc_hl_breakout_4m,0,0.015,0.025,0.0,0.25,90,high_frequency,0.049835371374075836,4.983537137407583,0.47368421052631576,57,-0.055167219675777535,-5.5167219675777535,16.027512049244766,1.20185076859849,1.935672514619883e-10,0.3639045525839575,10498.353713740758,0.049835371374075836
btc_hl_breakout_2m,0,0.0075,0.04,0.0,0.2,10,high_frequency,0.004289249857694608,0.4289249857694608,0.296875,64,-0.075363593627361,-7.5363593627361,2.4273084853494526,1.0207592297452537,1.8307291666666668e-10,0.04968954416033797,10042.892498576946,0.004289249857694608
btc_alt_aligned,0,0.02,0.015,0.0,0.2,45,high_frequency,0.029918564936643362,2.9918564936643364,0.547945205479452,73,-0.06871451792488859,-6.871451792488859,10.568852974061976,1.1169078788272444,1.851598173515982e-10,0.22095914920166712,10299.185649366435,0.029918564936643362
btc_hl_breakout_7m,0,0.005,0.05,0.0,0.25,45,high_frequency,0.027160040716584673,2.7160040716584675,0.23076923076923078,65,-0.10591916698141224,-10.591916698141224,8.561242705494891,1.1040208358727326,1.794871794871795e-10,0.1912183046550066,10271.600407165846,0.027160040716584673
btc_hl_breakout_6m,0,0.0175,0.04,0.0,0.1,60,high_frequency,-0.015545930355564508,-1.5545930355564508,0.32608695652173914,46,-0.04848563642412562,-4.848563642412563,-12.066864699950305,0.8454207209568897,2.6992753623188405e-10,-0.33042426649469653,9844.540696444355,-0.015545930355564508
btc_hl_breakout_7m,0,0.015,0.035,0.0,0.15,15,high_frequency,0.026159104123955855,2.6159104123955856,0.37735849056603776,53,-0.05527442860426213,-5.527442860426213,12.691477909995001,1.1685877917402614,2.2547169811320756e-10,0.3431172656293449,10261.591041239559,0.026159104123955855
btc_vol_breakout_9m,0,0.02,0.025,0.0,0.2,45,high_frequency,0.033920849627947676,3.3920849627947676,0.4857142857142857,35,-0.04941545466268804,-4.9415454662688045,16.191106858760403,1.2696395126736302,2.8476190476190476e-10,0.4964651209274447,10339.208496279476,0.033920849627947676
btc_hl_breakout_6m,0,0.03,0.02,0.0,0.2,5,high_frequency,0.006815924521378111,0.6815924521378111,0.5531914893617021,47,-0.07372707822975144,-7.372707822975144,3.432985077594733,1.036682276256968,2.49290780141844e-10,0.09206886853920894,10068.159245213781,0.006815924521378111
btc_hl_breakout_3m,0,0.0075,0.015,0.0,0.2,90,high_frequency,-0.021247043372002714,-2.124704337200271,0.3902439024390244,82,-0.08197831623404817,-8.197831623404817,-8.081294490106435,0.903283136465869,1.119918699186992e-10,-0.12013503479640267,9787.529566279973,-0.021247043372002714
btc_hl_breakout_9m,0,0.015,0.035,0.0,0.25,30,high_frequency,0.0434509812429927,4.345098124299271,0.38461538461538464,52,-0.09008229981467208,-9.008229981467208,12.970815328372955,1.163113741405234,2.2532051282051283e-10,0.3579748767868104,10434.509812429927,0.0434509812429927
btc_vol_breakout_9m,0,0.0125,0.02,0.0,0.25,45,high_frequency,0.035735912668791114,3.573591266879111,0.4666666666666667,45,-0.059151835058583235,-5.915183505858323,14.683504069289881,1.217666331069672,1.662962962962963e-10,0.3292457978513162,10357.359126687912,0.035735912668791114
btc_hl_breakout_8m,0,0.0125,0.025,0.0,0.25,90,high_frequency,0.051340061943690216,5.134006194369022,0.421875,64,-0.07292431556653578,-7.292431556653578,15.138919326481679,1.1893878599255772,1.6875e-10,0.33632782000498546,10513.400619436903,0.051340061943690216
btc_vol_breakout_8m,0,0.015,0.05,0.0,0.1,60,high_frequency,0.029848982388289664,2.984898238828966,0.3870967741935484,31,-0.018829031501033877,-1.8829031501033877,26.62009726756936,1.6151736630315259,3.505376344086021e-10,0.9607891589228817,10298.489823882897,0.029848982388289664
btc_vol_breakout_9m,0,0.0125,0.015,0.0,0.25,5,high_frequency,0.02118010140001643,2.118010140001643,0.5,50,-0.0491836093514455,-4.91836093514455,9.230850082973308,1.1305838749944728,1.36e-10,0.18176091597150984,10211.801014000164,0.02118010140001643
btc_hl_breakout_7m,0,0.0175,0.04,0.0,0.2,5,high_frequency,0.018981385140506405,1.8981385140506406,0.3673469387755102,49,-0.08556763685651303,-8.556763685651303,7.363544435386248,1.0896425759467383,2.5918367346938775e-10,0.21757916268586144,10189.813851405064,0.018981385140506405
btc_hl_breakout_7m,0,0.035,0.01,0.0,0.1,30,high_frequency,0.029786161390041775,2.9786161390041777,0.7241379310344828,58,-0.02894423376542332,-2.894423376542332,20.377815342211193,1.35690689318635,2.0804597701149424e-10,0.5162653898634989,10297.861613900417,0.029786161390041775
btc_hl_breakout_2m,0,0.01,0.015,0.0,0.05,10,high_frequency,0.003932913074699957,0.3932913074699957,0.45,80,-0.018301461034823108,-1.8301461034823108,6.430618304749163,1.0757912103997864,1.1625e-10,0.10122349774303817,10039.329130746999,0.003932913074699957
btc_vol_breakout_8m,0,0.005,0.035,0.0,0.05,45,high_frequency,0.001278026321880543,0.12780263218805432,0.2641509433962264,53,-0.012745554959822214,-1.2745554959822214,2.627589739510204,1.0363283524677276,1.4654088050314466e-10,0.051358265723515505,10012.780263218805,0.001278026321880543
btc_small_down_10m,0,0.03,0.02,0.0,0.05,60,high_frequency,0.015253861594728482,1.5253861594728482,0.6341463414634146,41,-0.00878379719954081,-0.878379719954081,24.517014828386777,1.4530794514728067,2.483739837398374e-10,0.7443722571254056,10152.538615947286,0.015253861594728482
btc_hl_breakout_4m,0,0.015,0.06,0.0,0.05,45,high_frequency,0.0047987558406947985,0.47987558406947983,0.3076923076923077,39,-0.016054984593000143,-1.6054984593000143,7.254300385190182,1.113086407789251,3.3162393162393165e-10,0.25370882414271767,10047.987558406949,0.0047987558406947985
btc_vol_breakout_3m,0,0.0075,0.035,0.0,0.15,20,high_frequency,-0.016072350672883498,-1.6072350672883498,0.26666666666666666,60,-0.0648325137885214,-6.48325137885214,-8.380895514039253,0.8912889128145315,1.6527777777777777e-10,-0.16874933152065189,9839.276493271165,-0.016072350672883498
btc_hl_breakout_6m,0,0.01,0.01,0.0,0.15,15,high_frequency,-0.009909537886598924,-0.9909537886598924,0.5168539325842697,89,-0.054191380054066096,-5.41913800540661,-4.823445267988664,0.9386015061656803,1.0318352059925093e-10,-0.06701197986647413,9900.90462113401,-0.009909537886598924
btc_small_down_10m,0,0.0125,0.015,0.0,0.15,10,high_frequency,0.05082394220875371,5.082394220875371,0.5245901639344263,61,-0.03122237793184046,-3.122237793184046,31.398379727629603,1.472657713683188,1.1967213114754098e-10,0.5508917756704699,10508.239422087538,0.05082394220875371
btc_vol_breakout_2m,0,0.0075,0.035,0.0,0.25,30,high_frequency,-0.013369326728992928,-1.3369326728992927,0.2835820895522388,67,-0.079887178011398,-7.988717801139799,-3.5893385933783852,0.9466687022526747,1.63681592039801e-10,-0.06395342196456533,9866.30673271007,-0.013369326728992928
btc_bullish,0,0.035,0.01,0.0,0.2,90,high_frequency,0.06669562285054055,6.669562285054055,0.7142857142857143,63,-0.051861496807959706,-5.186149680795971,22.656342276764537,1.3714240802514557,2.0238095238095238e-10,0.5313048963912531,10666.956228505405,0.06669562285054055
btc_hl_breakout_1m,0,0.0175,0.05,0.0,0.05,15,high_frequency,0.0026392931373716523,0.2639293137371652,0.3170731707317073,41,-0.017437973633956716,-1.7437973633956716,4.303475223254341,1.0618609128420375,3.0975609756097563e-10,0.13549441854636576,10026.392931373717,0.0026392931373716523
btc_hl_breakout_6m,0,0.0075,0.025,0.0,0.1,15,high_frequency,-0.01784395248714958,-1.7843952487149581,0.30985915492957744,71,-0.05193822139124893,-5.193822139124893,-14.198546907967254,0.8398884083263888,1.5704225352112677e-10,-0.24718364644298352,9821.560475128505,-0.01784395248714958
btc_small_up_9m,0,0.0175,0.06,0.0,0.15,90,high_frequency,-0.0027981177312172804,-0.27981177312172806,0.2647058823529412,34,-0.05336547564341154,-5.336547564341155,-0.8792746818309306,0.9760753474990448,3.274509803921569e-10,-0.03165299152533736,9972.018822687827,-0.0027981177312172804
btc_small_up_9m,0,0.0175,0.06,0.0,0.2,15,high_frequency,-0.004251099202469072,-0.42510992024690725,0.2647058823529412,34,-0.07080310491360897,-7.080310491360898,-0.8952639120401416,0.9729248021172547,3.274509803921569e-10,-0.031652991525336675,9957.48900797531,-0.004251099202469072
btc_vol_breakout_9m,0,0.01,0.025,0.0,0.25,45,high_frequency,0.023164540874601378,2.316454087460138,0.35555555555555557,45,-0.05877004333602098,-5.877004333602098,9.929926051073979,1.1381032584742654,1.7777777777777778e-10,0.2214202266726833,10231.645408746013,0.023164540874601378
btc_small_down_10m,0,0.03,0.04,0.0,0.25,15,high_frequency,0.03283470213291871,3.283470213291871,0.5,30,-0.05504047088221009,-5.504047088221009,11.167969279076495,1.1884365811541187,3.8000000000000003e-10,0.46740345779965203,10328.347021329188,0.03283470213291871
btc_small_up_10m,0,0.01,0.045,0.0,0.25,90,high_frequency,0.0797896597308932,7.978965973089321,0.3617021276595745,47,-0.06877233150683049,-6.877233150683049,23.270407555822757,1.3926547591454557,1.900709219858156e-10,0.682949105185879,10797.896597308933,0.0797896597308932
btc_small_up_9m,0,0.0075,0.01,0.0,0.1,60,high_frequency,0.008389383168805921,0.8389383168805921,0.484375,64,-0.01752188108886643,-1.7521881088866431,8.190782264692976,1.1231479461790523,1.0885416666666667e-10,0.1357638555463103,10083.89383168806,0.008389383168805921
btc_vol_breakout_3m,0,0.0175,0.05,0.0,0.15,30,high_frequency,0.005734107167737466,0.5734107167737466,0.3333333333333333,36,-0.049922170875052574,-4.992217087505257,3.495058339833672,1.0464574346200233,3.1666666666666666e-10,0.12890082322796748,10057.341071677374,0.005734107167737466
btc_hl_breakout_1m,0,0.02,0.02,0.0,0.15,20,high_frequency,0.022135825087371153,2.2135825087371153,0.5094339622641509,53,-0.03862891412289504,-3.862891412289504,11.903647207353107,1.1629449366670461,2.1069182389937107e-10,0.2888215227241635,10221.35825087371,0.022135825087371153
btc_hl_breakout_8m,0,0.0175,0.045,0.0,0.25,60,high_frequency,0.01911328653207147,1.911328653207147,0.35555555555555557,45,-0.0897982050442655,-8.97982050442655,6.216622264443932,1.0746186460893479,2.7703703703703703e-10,0.2033166941245123,10191.132865320715,0.01911328653207147
btc_alt_aligned,0,0.03,0.035,0.0,0.2,60,high_frequency,0.031168548721855177,3.1168548721855176,0.4772727272727273,44,-0.07550698649955223,-7.550698649955223,10.802598960576548,1.1423484506187438,3.1780303030303026e-10,0.3816499415485759,10311.685487218552,0.031168548721855177
btc_hl_breakout_10m,0,0.0075,0.04,0.0,0.25,30,high_frequency,0.01928648368269287,1.9286483682692872,0.288135593220339,59,-0.10179646860353375,-10.179646860353376,6.441859507063517,1.0732926331874066,1.9661016949152542e-10,0.15575912893681929,10192.864836826928,0.01928648368269287
btc_vol_breakout_2m,0,0.02,0.06,0.0,0.15,90,high_frequency,0.030729235548164,3.0729235548164002,0.3611111111111111,36,-0.04671803285260445,-4.671803285260445,15.26400003038271,1.2330268991902305,3.62962962962963e-10,0.5901888385370982,10307.29235548164,0.030729235548164
btc_small_down_10m,0,0.03,0.035,0.0,0.1,10,high_frequency,0.016947940001332425,1.6947940001332424,0.5454545454545454,33,-0.022204990557852078,-2.220499055785208,13.775967592584502,1.2481018141047489,3.383838383838384e-10,0.5226897607576336,10169.479400013324,0.016947940001332425
btc_vol_breakout_10m,0,0.02,0.025,0.0,0.05,30,high_frequency,0.00937808438835395,0.937808438835395,0.5,36,-0.011143838848360121,-1.1143838848360121,17.68184708690329,1.3116489921256174,2.5648148148148146e-10,0.5238173833192546,10093.78084388354,0.00937808438835395
btc_hl_breakout_3m,0,0.025,0.02,0.0,0.15,90,high_frequency,0.030746126063710404,3.07461260637104,0.5714285714285714,49,-0.04086200866128331,-4.0862008661283316,15.929776450727909,1.2296097280792957,2.360544217687075e-10,0.427426493445977,10307.461260637105,0.030746126063710404
btc_vol_breakout_3m,0,0.01,0.01,0.0,0.15,10,high_frequency,-0.005229868091439153,-0.5229868091439153,0.5064935064935064,77,-0.05079240062627155,-5.079240062627155,-2.569798900922238,0.9618641421238076,9.1991341991342e-11,-0.03784443020311839,9947.701319085609,-0.005229868091439153
btc_hl_breakout_10m,0,0.035,0.045,0.0,0.15,15,high_frequency,0.030504458338668838,3.050445833866884,0.48484848484848486,33,-0.055694752673185244,-5.569475267318524,13.832943820261798,1.2212009509747546,3.904040404040404e-10,0.6407802574676985,10305.044583386689,0.030504458338668838
btc_hl_breakout_4m,0,0.01,0.05,0.0,0.15,60,high_frequency,0.01259479040203471,1.259479040203471,0.2765957446808511,47,-0.039159703578973803,-3.9159703578973803,7.002333063709356,1.0988902530504248,2.6134751773049645e-10,0.19624194941598225,10125.947904020348,0.01259479040203471
btc_bullish,0,0.02,0.02,0.0,0.2,30,high_frequency,0.03878502500550433,3.8785025005504328,0.5373134328358209,67,-0.0540024277214286,-5.40024277214286,13.616520656306468,1.1631423494914321,1.8706467661691542e-10,0.30369308269214607,10387.850250055044,0.03878502500550433
btc_hl_breakout_6m,0,0.0075,0.035,0.0,0.05,10,high_frequency,-0.004802442867652178,-0.4802442867652178,0.27419354838709675,62,-0.023372109726167323,-2.3372109726167323,-7.414087758989552,0.9086473802660472,1.8844086021505378e-10,-0.15128786824819812,9951.975571323479,-0.004802442867652178
btc_small_up_10m,0,0.0075,0.015,0.0,0.25,15,high_frequency,0.03584792161942332,3.584792161942332,0.391304347826087,69,-0.06483333621025256,-6.483333621025256,11.591257777714588,1.1576803439352912,1.0507246376811593e-10,0.22283564795682734,10358.479216194233,0.03584792161942332
btc_bullish,0,0.0125,0.01,0.0,0.1,30,high_frequency,0.008970776533689422,0.8970776533689422,0.5377358490566038,106,-0.028978262977452984,-2.8978262977452984,6.467969906569648,1.0673567253803113,1.080188679245283e-10,0.09048373509151762,10089.707765336894,0.008970776533689422
btc_hl_breakout_6m,0,0.02,0.035,0.0,0.25,60,high_frequency,0.011086642654771186,1.1086642654771186,0.41304347826086957,46,-0.08587590034366943,-8.587590034366944,4.288336502098217,1.044694734511722,2.775362318840579e-10,0.12411624724765619,10110.866426547713,0.011086642654771186
btc_vol_breakout_3m,0,0.0075,0.06,0.0,0.15,10,high_frequency,-0.028896428548109542,-2.8896428548109543,0.14893617021276595,47,-0.07204673248207649,-7.20467324820765,-14.80668268029613,0.7839853452091214,2.25886524822695e-10,-0.39833632489521187,9711.035714518905,-0.028896428548109542
btc_hl_breakout_1m,0,0.0075,0.025,0.0,0.05,20,high_frequency,-0.0019595553140695984,-0.19595553140695984,0.3382352941176471,68,-0.020738856955378138,-2.0738856955378138,-3.021744576926831,0.9616026503982047,1.5980392156862744e-10,-0.05430681719951711,9980.404446859304,-0.0019595553140695984
btc_hl_breakout_7m,0,0.035,0.03,0.0,0.1,15,high_frequency,0.027500389039954314,2.7500389039954314,0.5789473684210527,38,-0.03313342748898118,-3.313342748898118,18.462349556952617,1.3099064504260296,3.425438596491228e-10,0.7317752357262629,10275.003890399543,0.027500389039954314
btc_hl_breakout_5m,0,0.025,0.05,0.0,0.05,10,high_frequency,0.005372249433664939,0.5372249433664938,0.40540540540540543,37,-0.01606091034866497,-1.606091034866497,7.85261384863403,1.1182910593587931,3.635135135135135e-10,0.29861447217964543,10053.72249433665,0.005372249433664939
btc_vol_breakout_9m,0,0.005,0.015,0.0,0.25,30,high_frequency,-0.009168658419099984,-0.9168658419099983,0.3389830508474576,59,-0.062107789371563804,-6.21077893715638,-3.0618969723547496,0.9483020693641729,1.0112994350282486e-10,-0.05035492588829293,9908.313415809,-0.009168658419099984
btc_bullish,0,0.015,0.04,0.0,0.1,15,high_frequency,0.025738052754642148,2.5738052754642147,0.3793103448275862,58,-0.027530700682525944,-2.7530700682525944,17.295756085384753,1.2415560580017955,2.1982758620689655e-10,0.45023082051017543,10257.380527546422,0.025738052754642148
btc_hl_breakout_2m,0,0.02,0.04,0.0,0.25,20,high_frequency,0.06517740186781111,6.517740186781111,0.45454545454545453,44,-0.06621067599018693,-6.6210675990186925,19.588548764995608,1.2873565466799555,2.9166666666666664e-10,0.6052792483501468,10651.774018678112,0.06517740186781111
btc_hl_breakout_6m,0,0.0125,0.04,0.0,0.2,10,high_frequency,0.006761844230643123,0.6761844230643123,0.34615384615384615,52,-0.06663849818236589,-6.663849818236589,3.3374163172948736,1.0341938395894972,2.342948717948718e-10,0.08504177435804908,10067.618442306431,0.006761844230643123
btc_hl_breakout_3m,0,0.025,0.045,0.0,0.15,20,high_frequency,0.03216124131007678,3.216124131007678,0.4722222222222222,36,-0.05704004445257427,-5.704004445257427,16.085610298048344,1.2640718216168025,3.657407407407407e-10,0.608875566716653,10321.612413100767,0.03216124131007678
btc_vol_breakout_3m,0,0.02,0.01,0.0,0.2,45,high_frequency,0.03279629086491068,3.2796290864910675,0.6515151515151515,66,-0.05037015235895226,-5.037015235895225,13.741291990019928,1.1896221657331763,1.318181818181818e-10,0.2580973128830026,10327.962908649108,0.03279629086491068
btc_hl_breakout_5m,0,0.01,0.06,0.0,0.15,15,high_frequency,0.010889971606418726,1.0889971606418727,0.26,50,-0.05171447600867862,-5.171447600867863,5.800142488747331,1.073883272534492,2.58e-10,0.1646450494898842,10108.899716064187,0.010889971606418726
btc_vol_breakout_3m,0,0.02,0.015,0.0,0.1,5,high_frequency,0.023984889989409397,2.3984889989409397,0.5964912280701754,57,-0.01942142134099345,-1.942142134099345,20.812925165860626,1.3132499486605296,1.6578947368421054e-10,0.4229129037692024,10239.848899894094,0.023984889989409397
btc_hl_breakout_6m,0,0.025,0.02,0.0,0.15,60,high_frequency,0.024248300379671992,2.424830037967199,0.5686274509803921,51,-0.03791730578786001,-3.791730578786001,12.754507884670074,1.1760935841997382,2.3169934640522876e-10,0.32794899002921674,10242.48300379672,0.024248300379671992
btc_hl_breakout_10m,0,0.0125,0.04,0.0,0.25,20,high_frequency,0.06606538563425411,6.606538563425411,0.3829787234042553,47,-0.07393657298520118,-7.393657298520118,18.649848104604185,1.2796606118873681,2.5886524822695034e-10,0.5784338113322863,10660.653856342542,0.06606538563425411
btc_small_up_9m,0,0.0175,0.06,0.0,0.1,45,high_frequency,-0.0016035796682808269,-0.16035796682808268,0.2647058823529412,34,-0.03575027663552188,-3.5750276635521883,-0.8632182837115577,0.9792895052591103,3.274509803921569e-10,-0.03165299152533648,9983.964203317191,-0.0016035796682808269
btc_alt_aligned,0,0.0125,0.035,0.0,0.25,60,high_frequency,0.051754287842972056,5.175428784297206,0.35294117647058826,68,-0.07702071902664698,-7.702071902664698,14.257959150705013,1.1680069792217453,1.9950980392156863e-10,0.32245381147921026,10517.54287842972,0.051754287842972056
btc_hl_breakout_7m,0,0.01,0.02,0.0,0.25,60,high_frequency,0.002175904622843018,0.2175904622843018,0.36585365853658536,82,-0.1059347006769179,-10.59347006769179,1.651962697620754,1.0070116832627227,1.2865853658536587e-10,0.029097710841579874,10021.75904622843,0.002175904622843018
btc_hl_breakout_6m,0,0.035,0.015,0.0,0.05,30,high_frequency,0.0043637419985345614,0.43637419985345616,0.6304347826086957,46,-0.016012516938535448,-1.6012516938535448,6.824936396730172,1.1061678573574807,2.565217391304348e-10,0.19455166538144167,10043.637419985345,0.0043637419985345614
btc_hl_breakout_9m,0,0.01,0.03,0.0,0.05,90,high_frequency,0.005164401858726717,0.5164401858726717,0.34375,64,-0.019432422387086312,-1.9432422387086312,7.533664005020039,1.1002381056429633,1.7265625e-10,0.1657828700651079,10051.644018587267,0.005164401858726717
btc_hl_breakout_1m,0,0.015,0.045,0.0,0.25,5,high_frequency,0.016530256615564485,1.6530256615564485,0.3409090909090909,44,-0.08210007351514625,-8.210007351514626,6.081822353581577,1.0740401506427368,2.909090909090909e-10,0.1773573100322002,10165.302566155646,0.016530256615564485
btc_vol_breakout_2m,0,0.0075,0.06,0.0,0.15,45,high_frequency,-0.005118504034345255,-0.5118504034345255,0.18867924528301888,53,-0.05512705825185671,-5.512705825185671,-2.042480527927464,0.962810318136281,2.1792452830188681e-10,-0.04741718665628427,9948.814959656547,-0.005118504034345255
btc_small_up_10m,0,0.0075,0.04,0.0,0.25,20,high_frequency,0.06365086628553127,6.365086628553127,0.32727272727272727,55,-0.0693360045943272,-6.9336004594327205,18.64049112416417,1.2802823518688067,1.5424242424242423e-10,0.4753848143604616,10636.508662855313,0.06365086628553127
btc_small_up_9m,0,0.015,0.035,0.0,0.2,30,high_frequency,0.02117875002422734,2.1178750024227337,0.37209302325581395,43,-0.04988319682318887,-4.9883196823188864,9.4284582951275,1.1390675897923794,2.2906976744186046e-10,0.2626378719199892,10211.787500242273,0.02117875002422734
btc_hl_breakout_2m,0,0.035,0.06,0.0,0.25,5,high_frequency,0.059954703223468186,5.995470322346819,0.5,28,-0.08236851431153913,-8.236851431153912,17.551423948866955,1.3047778718412957,4.892857142857143e-10,0.8894061363889405,10599.547032234681,0.059954703223468186
btc_hl_breakout_7m,0,0.025,0.01,0.0,0.05,30,high_frequency,0.01395325208720343,1.395325208720343,0.6521739130434783,69,-0.015336777711107086,-1.5336777711107086,19.11412750503858,1.293279903750086,1.7028985507246378e-10,0.40637641622932014,10139.532520872035,0.01395325208720343
btc_hl_breakout_9m,0,0.0075,0.02,0.0,0.15,5,high_frequency,0.002075997161423902,0.2075997161423902,0.3670886075949367,79,-0.07061361172079983,-7.061361172079983,1.604549644310055,1.0117455883746134,1.2426160337552743e-10,0.02864750455860006,10020.75997161424,0.002075997161423902
btc_hl_breakout_10m,0,0.0175,0.035,0.0,0.15,30,high_frequency,0.029193310173547867,2.9193310173547866,0.4,50,-0.05140325158767356,-5.1403251587673555,13.677480834967927,1.1867405281423742,2.4566666666666665e-10,0.40367840277494044,10291.933101735478,0.029193310173547867
btc_hl_breakout_9m,0,0.02,0.025,0.0,0.2,90,high_frequency,0.04501928664257243,4.501928664257243,0.48148148148148145,54,-0.06646861694431239,-6.646861694431239,15.805110655945146,1.2122932940430577,2.2623456790123456e-10,0.4315195027963516,10450.192866425725,0.04501928664257243
btc_alt_aligned,0,0.0175,0.045,0.0,0.05,90,high_frequency,0.01027963755577989,1.027963755577989,0.36538461538461536,52,-0.017652403779595538,-1.7652403779595538,13.479161307415024,1.1982742242421076,2.663461538461538e-10,0.40030652336416583,10102.796375557798,0.01027963755577989
btc_small_up_9m,0,0.01,0.025,0.0,0.15,10,high_frequency,0.006400367369595142,0.6400367369595142,0.38,50,-0.04419202361504837,-4.419202361504837,4.155135348333447,1.0555948928780283,1.6600000000000002e-10,0.09635037504665898,10064.003673695952,0.006400367369595142
btc_hl_breakout_9m,0,0.025,0.04,0.0,0.05,90,high_frequency,0.01501930677806078,1.5019306778060781,0.4634146341463415,41,-0.01607409432136586,-1.6074094321365862,19.872164548545275,1.346483857451832,3.1463414634146345e-10,0.735655082965128,10150.193067780609,0.01501930677806078
btc_hl_breakout_3m,0,0.0075,0.025,0.0,0.15,45,high_frequency,-0.010994604533039274,-1.0994604533039274,0.34285714285714286,70,-0.06047119569176951,-6.047119569176951,-5.470527096134828,0.9311638355599284,1.5e-10,-0.09519878694501152,9890.053954669607,-0.010994604533039274
btc_alt_aligned,0,0.0125,0.025,0.0,0.25,15,high_frequency,0.04922275523419421,4.9222755234194215,0.4146341463414634,82,-0.07869721202511781,-7.869721202511782,13.663453964289035,1.1454986738223853,1.6260162601626016e-10,0.2556850182591904,10492.227552341941,0.04922275523419421
btc_bullish,0,0.03,0.045,0.0,0.25,45,high_frequency,0.06968467143745143,6.968467143745142,0.46153846153846156,39,-0.08021131074505361,-8.02113107450536,18.846204929830908,1.2999969550959016,3.4572649572649573e-10,0.7331063839089711,10696.846714374515,0.06968467143745143
btc_bullish,0,0.02,0.045,0.0,0.2,10,high_frequency,0.05409799438300397,5.409799438300397,0.4222222222222222,45,-0.05569260800465603,-5.569260800465603,18.295107040775846,1.286698072769562,2.9222222222222223e-10,0.6135861716243444,10540.97994383004,0.05409799438300397
btc_small_down_10m,0,0.0125,0.025,0.0,0.1,60,high_frequency,0.03855335481589934,3.855335481589934,0.48,50,-0.020518055354863618,-2.051805535486362,35.20140856795516,1.602218618521802,1.7566666666666665e-10,0.764457664942698,10385.533548158994,0.03855335481589934
btc_hl_breakout_4m,0,0.0175,0.035,0.0,0.25,60,high_frequency,0.03283492226660628,3.283492226660628,0.4166666666666667,48,-0.06661733534506953,-6.661733534506952,10.6938333630882,1.1345750742649368,2.625e-10,0.2967620900809175,10328.349222666064,0.03283492226660628
btc_hl_breakout_5m,0,0.03,0.015,0.0,0.2,15,high_frequency,0.012398543971099912,1.2398543971099911,0.6,55,-0.0768092430348688,-7.68092430348688,5.55017263976816,1.0630982816573369,2.0636363636363636e-10,0.1297706316367235,10123.985439711,0.012398543971099912
btc_vol_breakout_2m,0,0.02,0.05,0.0,0.25,90,high_frequency,0.0365241897983412,3.6524189798341196,0.38461538461538464,39,-0.07697180162860229,-7.697180162860229,11.75275504945874,1.161760270202715,3.3034188034188033e-10,0.40720728235447884,10365.241897983411,0.0365241897983412
btc_small_down_10m,0,0.025,0.04,0.0,0.25,60,high_frequency,0.03410792604350959,3.410792604350959,0.4375,32,-0.05815723697116515,-5.815723697116515,11.314887837292202,1.1949326811770338,3.5208333333333333e-10,0.45313413706848193,10341.079260435095,0.03410792604350959
btc_hl_breakout_8m,0,0.0175,0.03,0.0,0.25,10,high_frequency,0.012100704969471781,1.210070496947178,0.39622641509433965,53,-0.10183007926564547,-10.183007926564546,4.382661876629444,1.0430314570108261,2.289308176100629e-10,0.12040891379030855,10121.007049694717,0.012100704969471781
btc_hl_breakout_1m,0,0.03,0.035,0.0,0.15,20,high_frequency,0.012480736908400467,1.2480736908400467,0.48717948717948717,39,-0.051834056580044474,-5.183405658004448,6.924553390831389,1.0944973577605868,3.341880341880342e-10,0.23138791967793576,10124.807369084005,0.012480736908400467
btc_vol_breakout_3m,0,0.0075,0.04,0.0,0.05,60,high_frequency,-0.006668400238882419,-0.6668400238882419,0.25862068965517243,58,-0.022969470492122612,-2.2969470492122612,-10.901375846836574,0.859594910243008,1.692528735632184e-10,-0.22714471211122347,9933.315997611176,-0.006668400238882419
btc_vol_breakout_8m,0,0.035,0.045,0.0,0.25,15,high_frequency,0.009527212361892225,0.9527212361892224,0.5,26,-0.07843926805552193,-7.843926805552193,3.93027483628218,1.054537340432713,4.416666666666667e-10,0.18885254624177772,10095.272123618923,0.009527212361892225
btc_hl_breakout_2m,0,0.03,0.01,0.0,0.05,90,high_frequency,0.005187041277549809,0.518704127754981,0.6935483870967742,62,-0.017163956532279867,-1.7163956532279867,8.468572348401619,1.1171843549775757,1.6881720430107527e-10,0.17081076137489426,10051.870412775497,0.005187041277549809
btc_vol_breakout_3m,0,0.025,0.04,0.0,0.15,30,high_frequency,0.033773715186458955,3.3773715186458957,0.5,36,-0.04194426387706096,-4.1944263877060965,17.39424923438134,1.2904705771819702,3.222222222222222e-10,0.6364032838865995,10337.737151864589,0.033773715186458955
btc_vol_breakout_2m,0,0.01,0.025,0.0,0.1,5,high_frequency,-0.008050645220649187,-0.8050645220649186,0.352112676056338,71,-0.03007873967128305,-3.007873967128305,-6.35419648111717,0.9234823356305009,1.4741784037558688e-10,-0.10772173697673698,9919.493547793509,-0.008050645220649187
btc_bullish,0,0.01,0.03,0.0,0.05,30,high_frequency,0.009920140930802877,0.9920140930802877,0.352112676056338,71,-0.014016662335992747,-1.4016662335992747,13.355195277430518,1.1753329209237435,1.720657276995305e-10,0.2830252484730161,10099.201409308029,0.009920140930802877
btc_hl_breakout_10m,0,0.035,0.05,0.0,0.05,60,high_frequency,0.010593278724445031,1.0593278724445032,0.46875,32,-0.01884755055704035,-1.884755055704035,14.04037057451101,1.2405521205970644,4.119791666666667e-10,0.6707738402833089,10105.93278724445,0.010593278724445031
btc_bullish,0,0.03,0.035,0.0,0.15,60,high_frequency,0.0445349536668293,4.4534953666829304,0.5,42,-0.040672117574478195,-4.0672117574478195,19.868387346152325,1.3073801522089856,3.178571428571429e-10,0.7170021734085312,10445.349536668293,0.0445349536668293
btc_hl_breakout_6m,0,0.005,0.03,0.0,0.25,45,high_frequency,-0.006360915571316491,-0.6360915571316491,0.2619047619047619,84,-0.12479991349446784,-12.479991349446784,-0.8916777910925314,0.9782937006158281,1.1924603174603176e-10,-0.01327527603758014,9936.390844286834,-0.006360915571316491
btc_bullish,0,0.005,0.015,0.0,0.1,60,high_frequency,0.012802060146174358,1.2802060146174359,0.3652173913043478,115,-0.024239537005029455,-2.4239537005029455,9.107507225631155,1.0981007661215856,9.565217391304348e-11,0.11629980474424258,10128.020601461743,0.012802060146174358
btc_hl_breakout_9m,0,0.015,0.035,0.0,0.2,10,high_frequency,0.035263969834947013,3.5263969834947013,0.38461538461538464,52,-0.0724258242814042,-7.2425824281404205,12.9824268055134,1.1682756143445934,2.2532051282051283e-10,0.35797487678681,10352.63969834947,0.035263969834947013
btc_hl_breakout_3m,0,0.0175,0.06,0.0,0.25,60,high_frequency,-0.005435776740290157,-0.5435776740290157,0.2972972972972973,37,-0.08332385062145098,-8.332385062145098,-0.7063060249548304,0.9760554270764851,3.4234234234234234e-10,-0.01830420442335682,9945.642232597098,-0.005435776740290157
btc_hl_breakout_5m,0,0.0175,0.015,0.0,0.25,15,high_frequency,-0.023426778683163913,-2.3426778683163914,0.5147058823529411,68,-0.1047421819676525,-10.47421819676525,-6.6369734701020136,0.915943774830185,1.5490196078431373e-10,-0.12223410112465077,9765.732213168361,-0.023426778683163913
btc_vol_breakout_2m,0,0.0175,0.035,0.0,0.1,90,high_frequency,0.013888399708136535,1.3888399708136534,0.4166666666666667,48,-0.02507095045420049,-2.507095045420049,11.063978255694737,1.1556642043264767,2.5069444444444445e-10,0.29778757583125925,10138.883997081366,0.013888399708136535
btc_hl_breakout_5m,0,0.0175,0.01,0.0,0.25,10,high_frequency,-0.049172621472963376,-4.917262147296338,0.5540540540540541,74,-0.11803669995835675,-11.803669995835675,-15.786482003301721,0.8202992156449777,1.2837837837837837e-10,-0.25807879424899655,9508.273785270367,-0.049172621472963376
btc_small_down_10m,0,0.015,0.04,0.0,0.15,60,high_frequency,0.022321434308188146,2.2321434308188146,0.34210526315789475,38,-0.02961747920404001,-2.961747920404001,13.204389104511426,1.2265874319153216,2.793859649122807e-10,0.4020588162057069,10223.214343081881,0.022321434308188146
btc_vol_breakout_10m,0,0.0125,0.05,0.0,0.05,30,high_frequency,0.007395610914959804,0.7395610914959804,0.3235294117647059,34,-0.009944187696516171,-0.9944187696516171,14.108173083968147,1.2657178353908456,2.6911764705882354e-10,0.4387024846312009,10073.956109149598,0.007395610914959804
btc_bullish,0,0.0175,0.03,0.0,0.25,10,high_frequency,0.09533195378983164,9.533195378983164,0.43636363636363634,55,-0.050641671499262686,-5.064167149926268,26.899403639686295,1.376786175570847,2.336363636363636e-10,0.6904088065120656,10953.319537898316,0.09533195378983164
btc_small_up_9m,0,0.0075,0.01,0.0,0.2,10,high_frequency,0.016187820463673917,1.6187820463673916,0.484375,64,-0.034782518923749284,-3.4782518923749284,8.195534328562138,1.117521285529047,1.0885416666666667e-10,0.13576385554630999,10161.87820463674,0.016187820463673917
btc_hl_breakout_1m,0,0.0175,0.03,0.0,0.15,90,high_frequency,0.0040196242700472114,0.4019624270047211,0.40384615384615385,52,-0.05588758022663076,-5.588758022663076,2.6907746224686875,1.0273028100310504,2.3653846153846154e-10,0.06565912164621043,10040.196242700473,0.0040196242700472114
btc_hl_breakout_3m,0,0.0175,0.035,0.0,0.15,20,high_frequency,0.006306052445245132,0.6306052445245132,0.3958333333333333,48,-0.0483479195019918,-4.83479195019918,3.7689478163541246,1.0427351246146404,2.579861111111111e-10,0.10356739633242248,10063.060524452452,0.006306052445245132
btc_hl_breakout_9m,0,0.015,0.05,0.0,0.05,5,high_frequency,0.009335678018477114,0.9335678018477114,0.3488372093023256,43,-0.015564413147451384,-1.5564413147451384,12.966117821453317,1.2055914429986778,2.926356589147287e-10,0.44080574849770665,10093.356780184771,0.009335678018477114
btc_hl_breakout_3m,0,0.0125,0.03,0.0,0.2,30,high_frequency,0.04746402439962196,4.746402439962196,0.45,60,-0.046905017846388786,-4.690501784638879,18.67796721054401,1.2452897029321357,1.8833333333333336e-10,0.40340231578576785,10474.64024399622,0.04746402439962196
btc_hl_breakout_1m,0,0.0175,0.02,0.0,0.05,30,high_frequency,-0.0017969750736016863,-0.17969750736016862,0.4576271186440678,59,-0.01928961920910488,-1.928961920910488,-2.788978475976459,0.9632151620840137,1.8389830508474577e-10,-0.057324542426035484,9982.030249263984,-0.0017969750736016863
btc_hl_breakout_9m,0,0.0175,0.025,0.0,0.1,60,high_frequency,0.012355250114310547,1.2355250114310548,0.4482758620689655,58,-0.04316205499486425,-4.316205499486426,9.068699949672608,1.1150101289406025,1.9770114942528737e-10,0.22245019906043847,10123.552501143105,0.012355250114310547
btc_hl_breakout_9m,0,0.03,0.025,0.0,0.05,20,high_frequency,0.010416962760528656,1.0416962760528656,0.5348837209302325,43,-0.017433520477994735,-1.7433520477994735,14.580838004392813,1.2369358867656386,2.934108527131783e-10,0.4894501991146485,10104.169627605286,0.010416962760528656
btc_hl_breakout_2m,0,0.01,0.04,0.0,0.15,90,high_frequency,0.029515909319364028,2.9515909319364027,0.3508771929824561,57,-0.05285139898135449,-5.28513989813545,15.282950631210479,1.2096143484116726,2.0730994152046785e-10,0.3548257280552229,10295.15909319364,0.029515909319364028
btc_vol_breakout_3m,0,0.005,0.045,0.0,0.25,20,high_frequency,-0.027148814894955832,-2.7148814894955833,0.23333333333333334,60,-0.09169181598267839,-9.169181598267839,-8.638468377427825,0.8747213003297805,1.4749999999999998e-10,-0.16669628661595867,9728.511851050442,-0.027148814894955832
btc_alt_aligned,0,0.035,0.02,0.0,0.15,5,high_frequency,0.043478327033004326,4.3478327033004325,0.62,50,-0.040692884688632414,-4.069288468863242,19.255038434123335,1.2984837589310216,2.7899999999999997e-10,0.5874638506266796,10434.783270330043,0.043478327033004326
btc_hl_breakout_2m,0,0.015,0.06,0.0,0.05,45,high_frequency,0.0031703034748114646,0.31703034748114645,0.28205128205128205,39,-0.01724330878977165,-1.724330878977165,4.904491459773484,1.0765275049355818,3.277777777777778e-10,0.17009066586935412,10031.703034748114,0.0031703034748114646
btc_vol_breakout_2m,0,0.015,0.03,0.0,0.25,45,high_frequency,0.0333147992087127,3.3314799208712698,0.41818181818181815,55,-0.06057413478577167,-6.057413478577168,11.289436168174246,1.1390953964326922,2.0363636363636365e-10,0.260407393270636,10333.147992087128,0.0333147992087127
btc_small_up_9m,0,0.0125,0.045,0.0,0.25,60,high_frequency,0.024996139885807678,2.4996139885807676,0.3333333333333333,42,-0.06638756352480601,-6.638756352480602,9.043622981743322,1.1340635775759418,2.1904761904761904e-10,0.2596393216483105,10249.961398858077,0.024996139885807678
btc_vol_breakout_2m,0,0.0125,0.045,0.0,0.05,45,high_frequency,0.005616266456892197,0.5616266456892197,0.3469387755102041,49,-0.015042943050098567,-1.5042943050098567,8.769848431581405,1.1271659859895837,2.5068027210884354e-10,0.23392303231230252,10056.162664568921,0.005616266456892197
btc_hl_breakout_7m,0,0.025,0.04,0.0,0.1,90,high_frequency,0.032574292928087334,3.2574292928087334,0.4634146341463415,41,-0.031243282670346817,-3.1243282670346817,21.543553571891014,1.3677151613899774,3.2113821138211383e-10,0.7983583543303601,10325.742929280874,0.032574292928087334
btc_small_down_10m,0,0.025,0.03,0.0,0.1,5,high_frequency,0.022966403506307735,2.2966403506307733,0.525,40,-0.022808964258690945,-2.2808964258690945,18.528057314703805,1.3206148504291533,2.4708333333333333e-10,0.5787826627468278,10229.664035063077,0.022966403506307735
btc_small_up_9m,0,0.0125,0.02,0.0,0.1,20,high_frequency,0.018114082807597767,1.8114082807597767,0.4423076923076923,52,-0.018069406161727697,-1.8069406161727697,17.755563668693632,1.2682658064038637,1.548076923076923e-10,0.3516620435448355,10181.140828075977,0.018114082807597767
btc_hl_breakout_1m,0,0.005,0.02,0.0,0.15,45,high_frequency,-0.0152703119484966,-1.52703119484966,0.3132530120481928,83,-0.06737579785641923,-6.737579785641923,-8.073286374263542,0.9033156366190833,1.106425702811245e-10,-0.11598799215802513,9847.296880515034,-0.0152703119484966
btc_hl_breakout_8m,0,0.025,0.01,0.0,0.25,30,high_frequency,0.05521298348642017,5.521298348642016,0.6515151515151515,66,-0.07679207812764977,-7.679207812764977,15.923865272730989,1.2220093670640941,1.7373737373737373e-10,0.3475521213915602,10552.129834864201,0.05521298348642017
btc_hl_breakout_8m,0,0.025,0.03,0.0,0.15,5,high_frequency,0.03763257736313899,3.763257736313899,0.5,42,-0.03942059808738463,-3.942059808738463,17.320791318949006,1.2735937144976024,3.043650793650794e-10,0.6095290831601226,10376.32577363139,0.03763257736313899
btc_vol_breakout_3m,0,0.0125,0.04,0.0,0.25,45,high_frequency,0.01868832132759003,1.868832132759003,0.3695652173913043,46,-0.07082100094131216,-7.082100094131216,6.674317461354189,1.083699591279971,2.355072463768116e-10,0.18765005435872759,10186.8832132759,0.01868832132759003
btc_vol_breakout_3m,0,0.025,0.03,0.0,0.05,15,high_frequency,0.01030694797091652,1.030694797091652,0.5263157894736842,38,-0.013244406708786682,-1.3244406708786682,15.623227243292112,1.2607750230327424,3.153508771929825e-10,0.5468900329541131,10103.069479709166,0.01030694797091652
btc_hl_breakout_7m,0,0.005,0.025,0.0,0.2,15,high_frequency,-0.004091011265497604,-0.40910112654976044,0.2696629213483146,89,-0.10224551813344074,-10.224551813344075,-0.6873157611452441,0.9829939216535479,1.1198501872659177e-10,-0.009858531219608455,9959.089887345024,-0.004091011265497604
btc_small_up_10m,0,0.005,0.04,0.0,0.2,90,high_frequency,0.051800956891778584,5.1800956891778585,0.3103448275862069,58,-0.054187570873309054,-5.418757087330905,18.846052581310595,1.2904749128096937,1.3965517241379309e-10,0.4556445811007676,10518.009568917785,0.051800956891778584
btc_hl_breakout_1m,0,0.03,0.015,0.0,0.2,10,high_frequency,0.027935257091436027,2.7935257091436028,0.6181818181818182,55,-0.05846700786401071,-5.846700786401071,11.598557664718568,1.1519195193398273,2.0272727272727274e-10,0.26751838900094094,10279.35257091436,0.027935257091436027
btc_hl_breakout_5m,0,0.025,0.035,0.0,0.1,45,high_frequency,0.017591512907725156,1.7591512907725155,0.46511627906976744,43,-0.03189529871720065,-3.189529871720065,13.266328561955795,1.1951370724011097,2.992248062015504e-10,0.41836315722952583,10175.915129077252,0.017591512907725156
btc_hl_breakout_3m,0,0.0125,0.06,0.0,0.05,45,high_frequency,0.00706361191394131,0.706361191394131,0.2926829268292683,41,-0.017465013877433155,-1.7465013877433155,10.433627042631572,1.1744762893521945,3.08130081300813e-10,0.35148910871727773,10070.636119139413,0.00706361191394131
btc_vol_breakout_3m,0,0.03,0.05,0.0,0.1,15,high_frequency,0.011591438782090768,1.1591438782090768,0.4482758620689655,29,-0.039769973647086454,-3.9769973647086454,8.834798852189847,1.1523426704847617,4.3908045977011496e-10,0.417126499076242,10115.914387820907,0.011591438782090768
btc_hl_breakout_9m,0,0.03,0.06,0.0,0.15,45,high_frequency,0.023692280921854308,2.369228092185431,0.4,30,-0.0632551379411167,-6.32551379411167,10.944855907649995,1.17863147277166,4.5444444444444444e-10,0.5597834311861604,10236.922809218544,0.023692280921854308
btc_vol_breakout_9m,0,0.005,0.01,0.0,0.2,90,high_frequency,-0.020232944311079335,-2.0232944311079337,0.3968253968253968,63,-0.05326503809438898,-5.326503809438899,-10.342393930352628,0.8529100489576232,8.73015873015873e-11,-0.15406214278892597,9797.670556889207,-0.020232944311079335
btc_hl_breakout_8m,0,0.005,0.025,0.0,0.2,20,high_frequency,-0.002757051993390996,-0.2757051993390996,0.27058823529411763,85,-0.10110522485558238,-10.110522485558239,-0.23596122172197212,0.9879673305865826,1.107843137254902e-10,-0.0028321283451416468,9972.42948006609,-0.002757051993390996
btc_hl_breakout_2m,0,0.025,0.02,0.0,0.15,45,high_frequency,0.03089259623634109,3.089259623634109,0.56,50,-0.03581510673549715,-3.581510673549715,15.959428120647438,1.2226345646681789,2.3133333333333334e-10,0.42136909138258927,10308.925962363412,0.03089259623634109
btc_hl_breakout_1m,0,0.035,0.01,0.0,0.2,90,high_frequency,0.04404294601550544,4.404294601550544,0.7115384615384616,52,-0.05201113443984928,-5.201113443984928,17.272991520762574,1.2977377745164782,2.2243589743589744e-10,0.43095577547554687,10440.429460155054,0.04404294601550544
btc_vol_breakout_3m,0,0.0075,0.03,0.0,0.05,45,high_frequency,-0.002883040240759021,-0.2883040240759021,0.29508196721311475,61,-0.02020378580663751,-2.020378580663751,-4.607927672118065,0.9392566631083527,1.6147540983606557e-10,-0.09107263185701679,9971.16959759241,-0.002883040240759021
btc_alt_aligned,0,0.0175,0.015,0.0,0.2,10,high_frequency,0.03506501347977678,3.506501347977678,0.5301204819277109,83,-0.06657646568675002,-6.657646568675002,12.247972696198097,1.128608733809557,1.6004016064257027e-10,0.2249632318487069,10350.650134797768,0.03506501347977678
btc_hl_breakout_5m,0,0.0075,0.02,0.0,0.2,5,high_frequency,-0.019911681747710738,-1.9911681747710737,0.3670886075949367,79,-0.08746722969403375,-8.746722969403375,-7.363758426219107,0.9130348436088946,1.2848101265822786e-10,-0.11553422762250541,9800.883182522892,-0.019911681747710738
btc_hl_breakout_4m,0,0.0175,0.015,0.0,0.15,30,high_frequency,0.011396480762657028,1.1396480762657029,0.5454545454545454,66,-0.03927052606762638,-3.9270526067626377,6.401755885962755,1.074187886677325,1.5782828282828282e-10,0.12568010742958263,10113.96480762657,0.011396480762657028
btc_hl_breakout_5m,0,0.0125,0.035,0.0,0.1,20,high_frequency,0.014431578306554104,1.4431578306554105,0.37037037037037035,54,-0.0308828767153444,-3.08828767153444,11.209450946438674,1.1496152823947554,2.1265432098765432e-10,0.2755538078955623,10144.315783065542,0.014431578306554104
btc_alt_aligned,0,0.02,0.01,0.0,0.1,15,high_frequency,0.010514012552254133,1.0514012552254133,0.6086956521739131,92,-0.03765583880749668,-3.7655838807496678,7.312925276981754,1.0800677020334366,1.4166666666666667e-10,0.1212147177968104,10105.140125522541,0.010514012552254133
btc_hl_breakout_7m,0,0.0175,0.03,0.0,0.15,20,high_frequency,0.005534387958163961,0.5534387958163961,0.3888888888888889,54,-0.07345106005483426,-7.3451060054834265,3.2082383564923145,1.0332471757029251,2.2870370370370369e-10,0.08540359840347674,10055.34387958164,0.005534387958163961
btc_hl_breakout_7m,0,0.03,0.035,0.0,0.2,10,high_frequency,0.03138058469230832,3.138058469230832,0.475,40,-0.08852570499402401,-8.8525704994024,11.46614930896754,1.1615946344414945,3.2375e-10,0.417829307123795,10313.805846923084,0.03138058469230832
btc_hl_breakout_8m,0,0.0075,0.035,0.0,0.05,10,high_frequency,-0.0028485268815358097,-0.28485268815358095,0.26153846153846155,65,-0.027467981564285537,-2.7467981564285537,-3.871568003862334,0.9483927641790125,1.7435897435897436e-10,-0.08312644999606002,9971.514731184641,-0.0028485268815358097
btc_vol_breakout_8m,0,0.015,0.025,0.0,0.25,90,high_frequency,0.06187241065779908,6.187241065779908,0.46511627906976744,43,-0.04951346668163359,-4.9513466681633584,23.290086196648986,1.3738218414105694,2.1589147286821706e-10,0.5787588128890703,10618.72410657799,0.06187241065779908
btc_hl_breakout_6m,0,0.025,0.03,0.0,0.1,60,high_frequency,0.011025051000473286,1.1025051000473285,0.4883720930232558,43,-0.02799910135624506,-2.799910135624506,8.59166909433619,1.120121698226961,2.9883720930232563e-10,0.2676219261683502,10110.250510004733,0.011025051000473286
btc_small_down_10m,0,0.0075,0.025,0.0,0.1,60,high_frequency,0.03012259999893056,3.012259999893056,0.4,65,-0.022660724632705298,-2.26607246327053,27.488463784131337,1.3902360206091902,1.212820512820513e-10,0.4628735576253884,10301.225999989305,0.03012259999893056
btc_small_up_10m,0,0.035,0.01,0.0,0.2,60,high_frequency,0.05887470559664614,5.887470559664614,0.7142857142857143,56,-0.05174241313697947,-5.174241313697947,20.86258814240192,1.3640266924434563,1.919642857142857e-10,0.5307514214991214,10588.747055966462,0.05887470559664614
btc_bullish,0,0.02,0.03,0.0,0.2,20,high_frequency,0.07964678334969612,7.964678334969612,0.4791666666666667,48,-0.037152735253736524,-3.7152735253736524,28.060015230072196,1.4393240035908959,2.715277777777778e-10,0.8233065670818394,10796.467833496961,0.07964678334969612
btc_vol_breakout_3m,0,0.005,0.04,0.0,0.1,20,high_frequency,-0.005217538348850939,-0.521753834885094,0.25396825396825395,63,-0.04100081949973988,-4.100081949973989,-4.039183976492024,0.9408168475422403,1.341269841269841e-10,-0.07637575319878032,9947.82461651149,-0.005217538348850939
btc_hl_breakout_9m,0,0.01,0.025,0.0,0.1,20,high_frequency,0.012523364478149427,1.2523364478149426,0.36764705882352944,68,-0.03623694347135786,-3.6236943471357863,9.328492473826227,1.118362896569123,1.590686274509804e-10,0.19189350582587997,10125.233644781494,0.012523364478149427
btc_vol_breakout_8m,0,0.03,0.025,0.0,0.05,5,high_frequency,0.014629075794331004,1.4629075794331003,0.5882352941176471,34,-0.010175433212401663,-1.0175433212401663,26.165064167942052,1.5071712820325178,3.0784313725490195e-10,0.860621560171335,10146.29075794331,0.014629075794331004
btc_small_up_10m,0,0.01,0.01,0.0,0.25,60,high_frequency,0.020164376310235776,2.0164376310235776,0.47368421052631576,76,-0.06642900661553186,-6.6429006615531865,7.044754345087259,1.0844282784318484,9.451754385964913e-11,0.12159257235215837,10201.643763102358,0.020164376310235776
btc_vol_breakout_3m,0,0.02,0.025,0.0,0.25,30,high_frequency,0.039036909464991686,3.9036909464991685,0.5116279069767442,43,-0.061719661235196566,-6.171966123519656,12.832012208602805,1.1857798940627813,2.569767441860465e-10,0.38375361791425144,10390.369094649917,0.039036909464991686
btc_hl_breakout_3m,0,0.02,0.02,0.0,0.25,15,high_frequency,0.0413943815387865,4.13943815387865,0.5357142857142857,56,-0.06383700817858906,-6.383700817858906,13.304830725098567,1.1673962924820085,2.0029761904761903e-10,0.3118531224846521,10413.943815387865,0.0413943815387865
btc_alt_aligned,0,0.0175,0.045,0.0,0.05,60,high_frequency,0.01027963755577989,1.027963755577989,0.36538461538461536,52,-0.017652403779595538,-1.7652403779595538,13.479161307415024,1.1982742242421076,2.663461538461538e-10,0.40030652336416583,10102.796375557798,0.01027963755577989
btc_hl_breakout_10m,0,0.03,0.045,0.0,0.05,60,high_frequency,0.009325216706520138,0.9325216706520139,0.4594594594594595,37,-0.01865267488668254,-1.865267488668254,12.535840276012049,1.2031977479595313,3.4234234234234234e-10,0.5113324243346613,10093.252167065202,0.009325216706520138
btc_hl_breakout_5m,0,0.035,0.02,0.0,0.25,10,high_frequency,0.049618732144796195,4.96187321447962,0.6136363636363636,44,-0.06493092718532778,-6.493092718532778,15.558364791003472,1.2293297268759684,2.738636363636364e-10,0.4683110517794623,10496.187321447962,0.049618732144796195
btc_hl_breakout_7m,0,0.0175,0.06,0.0,0.05,20,high_frequency,-0.00022247804419027375,-0.022247804419027375,0.2619047619047619,42,-0.026012016080672162,-2.6012016080672162,-0.0819250743907493,0.9955477972300788,3.0238095238095237e-10,-0.0018578307317863368,9997.775219558098,-0.00022247804419027375
btc_vol_breakout_2m,0,0.01,0.04,0.0,0.05,20,high_frequency,-0.003440800794140989,-0.3440800794140989,0.3050847457627119,59,-0.0168834824276185,-1.6883482427618501,-5.369728234639387,0.9286016726410015,1.9152542372881355e-10,-0.11316610270105584,9965.59199205859,-0.003440800794140989
btc_hl_breakout_6m,0,0.015,0.025,0.0,0.25,5,high_frequency,-0.0235876915981853,-2.35876915981853,0.39285714285714285,56,-0.1003087110097467,-10.03087110097467,-6.852335055068176,0.9096054679339517,1.9851190476190477e-10,-0.15059276186967416,9764.123084018147,-0.0235876915981853
btc_hl_breakout_1m,0,0.01,0.06,0.0,0.2,15,high_frequency,0.017169017093639036,1.7169017093639036,0.26,50,-0.07084856578189846,-7.0848565781898465,7.144290578547019,1.087956831556564,2.3966666666666667e-10,0.19649896486375382,10171.69017093639,0.017169017093639036
btc_hl_breakout_9m,0,0.02,0.035,0.0,0.15,20,high_frequency,0.0329299125595993,3.2929912559599304,0.42857142857142855,49,-0.052765431952478625,-5.2765431952478625,15.144428619112636,1.2140589967266389,2.564625850340136e-10,0.4610179205288712,10329.299125595993,0.0329299125595993
btc_bullish,0,0.02,0.01,0.0,0.1,45,high_frequency,0.018237066787620746,1.8237066787620746,0.6292134831460674,89,-0.028328996907696635,-2.8328996907696635,12.683474063384216,1.1548052069374926,1.3558052434456927e-10,0.21032951287799903,10182.370667876208,0.018237066787620746
btc_hl_breakout_9m,0,0.0175,0.015,0.0,0.05,30,high_frequency,0.0020822811314111503,0.20822811314111503,0.4927536231884058,69,-0.022499833721573714,-2.2499833721573714,3.173217731969176,1.0368499966706664,1.5096618357487923e-10,0.06472854984745337,10020.822811314112,0.0020822811314111503
btc_vol_breakout_10m,0,0.005,0.04,0.0,0.1,30,high_frequency,0.008105385268881105,0.8105385268881105,0.2708333333333333,48,-0.02523548024756883,-2.523548024756883,8.092732528710862,1.1213207336641784,1.5625e-10,0.17542936186988758,10081.05385268881,0.008105385268881105
btc_vol_breakout_10m,0,0.02,0.03,0.0,0.05,30,high_frequency,0.00906992971167545,0.9069929711675451,0.47058823529411764,34,-0.01201408365875023,-1.201408365875023,16.75569713829624,1.3028800746671598,2.7941176470588236e-10,0.5367698308411026,10090.699297116755,0.00906992971167545
btc_alt_aligned,0,0.0125,0.05,0.0,0.25,90,high_frequency,0.05813972158066094,5.813972158066094,0.2982456140350877,57,-0.07405349697025598,-7.405349697025598,15.730334975656861,1.212382679865925,2.409356725146199e-10,0.4293982743613701,10581.39721580661,0.05813972158066094
btc_hl_breakout_7m,0,0.03,0.03,0.0,0.15,45,high_frequency,0.023037777302186577,2.3037777302186577,0.5121951219512195,41,-0.06450356869056006,-6.450356869056007,11.053940471895896,1.1567416792377239,3.0853658536585365e-10,0.394151677849113,10230.377773021866,0.023037777302186577
btc_hl_breakout_6m,0,0.035,0.015,0.0,0.05,5,high_frequency,0.0043637419985345614,0.43637419985345616,0.6304347826086957,46,-0.016012516938535448,-1.6012516938535448,6.824936396730172,1.1061678573574807,2.565217391304348e-10,0.19455166538144167,10043.637419985345,0.0043637419985345614
btc_hl_breakout_2m,0,0.03,0.035,0.0,0.05,20,high_frequency,0.005280627758575497,0.5280627758575497,0.5,38,-0.018698320796885937,-1.8698320796885937,8.18906972192169,1.1218475971051114,3.495614035087719e-10,0.284355039083977,10052.806277585754,0.005280627758575497
btc_hl_breakout_10m,0,0.015,0.05,0.0,0.1,15,high_frequency,0.021457656586257007,2.1457656586257006,0.3488372093023256,43,-0.03030381086712053,-3.030381086712053,14.797694548457663,1.2315956428388495,2.9108527131782946e-10,0.5111156019184007,10214.57656586257,0.021457656586257007
btc_hl_breakout_5m,0,0.035,0.01,0.0,0.25,60,high_frequency,0.06422497504338148,6.422497504338148,0.7413793103448276,58,-0.06106159063653904,-6.106159063653904,20.115795385231113,1.312781480975048,1.8908045977011494e-10,0.44919367975995544,10642.249750433815,0.06422497504338148
btc_hl_breakout_10m,0,0.0125,0.01,0.0,0.1,45,high_frequency,0.009038406409397078,0.9038406409397077,0.5421686746987951,83,-0.027856716253589542,-2.785671625358954,6.9014983033033355,1.0849426262377713,1.1004016064257029e-10,0.11526362644180294,10090.38406409397,0.009038406409397078
btc_vol_breakout_8m,0,0.02,0.01,0.0,0.25,90,high_frequency,0.021248790885151813,2.1248790885151814,0.6296296296296297,54,-0.06026899312471623,-6.026899312471623,9.033781547759785,1.1290239064723542,1.404320987654321e-10,0.1692495046640241,10212.487908851519,0.021248790885151813
btc_vol_breakout_3m,0,0.005,0.03,0.0,0.15,5,high_frequency,-0.019225575004443794,-1.9225575004443793,0.2647058823529412,68,-0.06873414795918686,-6.873414795918686,-10.917706762266535,0.8615616939047986,1.1740196078431373e-10,-0.18170242971330947,9807.744249955562,-0.019225575004443794
btc_hl_breakout_3m,0,0.015,0.01,0.0,0.2,45,high_frequency,0.012480707144641405,1.2480707144641405,0.5974025974025974,77,-0.05011396079986008,-5.0113960799860084,5.6382631332469435,1.0623929990047487,1.2943722943722944e-10,0.09239291082796944,10124.807071446414,0.012480707144641405
btc_hl_breakout_6m,0,0.01,0.04,0.0,0.1,20,high_frequency,0.0011947896331443643,0.11947896331443643,0.2982456140350877,57,-0.03444288586025057,-3.444288586025057,1.2956088598942295,1.0120797042099114,2.1023391812865497e-10,0.030188136715640374,10011.947896331443,0.0011947896331443643
btc_hl_breakout_6m,0,0.005,0.045,0.0,0.1,10,high_frequency,0.0025529769048634535,0.2552976904863453,0.22535211267605634,71,-0.04948313833802376,-4.948313833802375,2.2475795726114924,1.0241914668074092,1.476525821596244e-10,0.044634188589283225,10025.529769048635,0.0025529769048634535
btc_alt_aligned,0,0.0175,0.015,0.0,0.15,30,high_frequency,0.026730455266089848,2.673045526608985,0.5301204819277109,83,-0.05003219805706982,-5.003219805706982,12.26036247918334,1.1328738721157294,1.6004016064257027e-10,0.224963231848706,10267.304552660898,0.026730455266089848
btc_hl_breakout_8m,0,0.035,0.05,0.0,0.1,20,high_frequency,0.015278150736624696,1.5278150736624696,0.45161290322580644,31,-0.04182312815645561,-4.182312815645561,10.386963974777748,1.1736760650165519,4.306451612903226e-10,0.5125213658498744,10152.781507366248,0.015278150736624696
btc_hl_breakout_5m,0,0.02,0.04,0.0,0.15,90,high_frequency,0.020422432257540434,2.0422432257540435,0.4222222222222222,45,-0.049930251216950716,-4.993025121695071,10.51560912129823,1.1443871074356489,2.9222222222222223e-10,0.31747351916343064,10204.224322575405,0.020422432257540434
btc_hl_breakout_5m,0,0.035,0.035,0.0,0.2,5,high_frequency,0.026709264296256016,2.6709264296256015,0.5277777777777778,36,-0.06904593736648634,-6.904593736648634,10.46456176078535,1.1568199651251783,3.7314814814814814e-10,0.3946873002786212,10267.09264296256,0.026709264296256016
btc_hl_breakout_10m,0,0.005,0.02,0.0,0.15,60,high_frequency,0.0013564386589475816,0.13564386589475816,0.313953488372093,86,-0.074089602067689,-7.408960206768899,1.2621209342651676,1.008137730869607,1.0736434108527132e-10,0.020266108892519005,10013.564386589476,0.0013564386589475816
btc_alt_aligned,0,0.015,0.01,0.0,0.05,90,high_frequency,0.005079577972199695,0.5079577972199695,0.5462962962962963,108,-0.01671182711827479,-1.6711827118274791,6.911737074718861,1.073476428142795,1.1743827160493828e-10,0.09711122391796442,10050.795779721997,0.005079577972199695
btc_small_down_10m,0,0.025,0.045,0.0,0.15,10,high_frequency,0.01458023501601383,1.458023501601383,0.40625,32,-0.04209824061898193,-4.209824061898193,7.882514679690774,1.1386494596126018,3.546875e-10,0.3215177669299967,10145.802350160138,0.01458023501601383
btc_bullish,0,0.015,0.015,0.0,0.1,20,high_frequency,0.017810922344343758,1.7810922344343758,0.5,82,-0.024283485342031286,-2.4283485342031286,12.340258663404162,1.14744269526163,1.491869918699187e-10,0.22351810359993088,10178.109223443438,0.017810922344343758
btc_vol_breakout_8m,0,0.0125,0.035,0.0,0.2,15,high_frequency,0.036994911263200786,3.6994911263200785,0.375,40,-0.03924242534880085,-3.9242425348800847,17.705672551564422,1.28933713473089,2.2583333333333335e-10,0.47133602759026755,10369.949112632008,0.036994911263200786
btc_vol_breakout_2m,0,0.005,0.05,0.0,0.25,5,high_frequency,-0.0333911785079446,-3.3391178507944597,0.18181818181818182,66,-0.08964199064391964,-8.964199064391964,-10.247163721134731,0.8559878067776293,1.585858585858586e-10,-0.18770164591239072,9666.088214920554,-0.0333911785079446
btc_hl_breakout_2m,0,0.0175,0.02,0.0,0.15,20,high_frequency,-0.00601485509830136,-0.6014855098301359,0.46551724137931033,58,-0.0607371358568225,-6.07371358568225,-2.706941898406923,0.9608979830610165,1.8017241379310343e-10,-0.057557424082678194,9939.851449016987,-0.00601485509830136
btc_hl_breakout_8m,0,0.0125,0.01,0.0,0.05,90,high_frequency,0.003879270380042112,0.3879270380042112,0.5357142857142857,84,-0.014622459097192175,-1.4622459097192175,5.779836661360626,1.0728985765167574,1.1269841269841269e-10,0.09560588399322315,10038.792703800422,0.003879270380042112
btc_hl_breakout_1m,0,0.035,0.03,0.0,0.15,5,high_frequency,0.04024091417741786,4.024091417741786,0.5945945945945946,37,-0.04206266554332927,-4.206266554332927,20.18699762072419,1.3488332702660546,3.4819819819819817e-10,0.7320922785912428,10402.409141774178,0.04024091417741786
btc_hl_breakout_1m,0,0.02,0.045,0.0,0.05,60,high_frequency,0.005329897272526199,0.5329897272526198,0.3902439024390244,41,-0.016839252338633592,-1.6839252338633592,7.961497398848975,1.1260235066020048,3.113821138211382e-10,0.2656167048163731,10053.298972725263,0.005329897272526199
btc_hl_breakout_10m,0,0.03,0.045,0.0,0.1,45,high_frequency,0.01839557237412149,1.839557237412149,0.4594594594594595,37,-0.03702832064996986,-3.702832064996986,12.53471389979305,1.197494071726457,3.4234234234234234e-10,0.5113324243346609,10183.955723741215,0.01839557237412149
btc_hl_breakout_8m,0,0.0175,0.015,0.0,0.1,10,high_frequency,0.00923723259394785,0.9237232593947851,0.5074626865671642,67,-0.03408444806189004,-3.408444806189004,6.861695646122162,1.0841690032753584,1.5472636815920398e-10,0.14643835685302192,10092.37232593948,0.00923723259394785
btc_vol_breakout_3m,0,0.025,0.015,0.0,0.1,45,high_frequency,0.03716765206853574,3.7167652068535744,0.66,50,-0.01662317111898637,-1.6623171118986368,31.572778728615457,1.582626461629605,1.9266666666666667e-10,0.7379620763125769,10371.676520685358,0.03716765206853574
btc_hl_breakout_3m,0,0.005,0.015,0.0,0.15,5,high_frequency,-0.01674024235843367,-1.674024235843367,0.32954545454545453,88,-0.058207982818760606,-5.82079828187606,-9.039757483914718,0.8915711085140701,9.734848484848485e-11,-0.12086023241773729,9832.597576415663,-0.01674024235843367
btc_hl_breakout_4m,0,0.035,0.015,0.0,0.25,90,high_frequency,0.06774204964896835,6.774204964896835,0.6666666666666666,51,-0.059473071374559816,-5.947307137455981,20.676421568194964,1.314391925506026,2.2777777777777776e-10,0.5389835721235554,10677.420496489684,0.06774204964896835
btc_hl_breakout_8m,0,0.0125,0.045,0.0,0.15,5,high_frequency,0.01937494366747758,1.937494366747758,0.3333333333333333,48,-0.05396765838065798,-5.396765838065798,9.397806841728885,1.1374199690441413,2.545138888888889e-10,0.28576080200838666,10193.749436674776,0.01937494366747758
btc_vol_breakout_2m,0,0.025,0.045,0.0,0.1,5,high_frequency,0.008210650303146588,0.8210650303146587,0.425,40,-0.03254083801330998,-3.254083801330998,6.38096826595815,1.0917461268910251,3.2833333333333334e-10,0.2174163503498896,10082.106503031466,0.008210650303146588
btc_hl_breakout_3m,0,0.035,0.035,0.0,0.15,90,high_frequency,0.03777446782108768,3.7774467821087683,0.5833333333333334,36,-0.044308152951471835,-4.430815295147184,18.951087415063768,1.3180371889608178,3.675925925925926e-10,0.7087685692993724,10377.744678210876,0.03777446782108768
btc_small_up_9m,0,0.005,0.05,0.0,0.25,5,high_frequency,0.042720200276326704,4.272020027632671,0.2653061224489796,49,-0.05422775820783776,-5.422775820783777,14.698068005373427,1.2403035434612826,1.738095238095238e-10,0.3660563213588146,10427.202002763268,0.042720200276326704
btc_bullish,0,0.0075,0.04,0.0,0.05,90,high_frequency,0.009402392865423485,0.9402392865423486,0.2894736842105263,76,-0.014805011284288017,-1.4805011284288017,12.636153973133657,1.163408842678214,1.6030701754385964e-10,0.25102884563670597,10094.023928654235,0.009402392865423485
btc_alt_aligned,0,0.02,0.03,0.0,0.25,5,high_frequency,0.048208185936650536,4.820818593665053,0.43859649122807015,57,-0.08610244893591223,-8.610244893591224,13.412049374384171,1.1602993719930779,2.4269005847953215e-10,0.36063347073345753,10482.081859366506,0.048208185936650536
btc_small_up_9m,0,0.02,0.01,0.0,0.15,5,high_frequency,0.032721335009441556,3.2721335009441557,0.6379310344827587,58,-0.023493257003093015,-2.3493257003093015,18.84830845493737,1.3089363249643402,1.5e-10,0.38039003896034845,10327.213350094415,0.032721335009441556
btc_vol_breakout_10m,0,0.0125,0.01,0.0,0.05,5,high_frequency,0.000337251278535058,0.033725127853505794,0.5471698113207547,53,-0.011545097289000328,-1.1545097289000328,0.8514512109780795,1.011159448088267,1.1415094339622641e-10,0.015111680198973788,10003.37251278535,0.000337251278535058
btc_hl_breakout_3m,0,0.01,0.035,0.0,0.2,90,high_frequency,0.015326882552798474,1.5326882552798473,0.3559322033898305,59,-0.06719889322407058,-6.719889322407058,6.838151540798176,1.078887380975579,1.8220338983050848e-10,0.14574089630774223,10153.268825527985,0.015326882552798474
btc_hl_breakout_10m,0,0.03,0.04,0.0,0.15,10,high_frequency,0.032981431619153366,3.2981431619153367,0.47368421052631576,38,-0.055129986914191687,-5.512998691419169,15.098109846700646,1.2340331801907725,3.342105263157895e-10,0.5962897068472192,10329.814316191534,0.032981431619153366
btc_small_down_10m,0,0.0175,0.01,0.0,0.15,30,high_frequency,0.03636148715462068,3.636148715462068,0.5964912280701754,57,-0.027766433398039414,-2.7766433398039414,22.927318417102992,1.3526186568999639,1.280701754385965e-10,0.4268597506403548,10363.614871546208,0.03636148715462068
btc_hl_breakout_8m,0,0.0175,0.02,0.0,0.05,45,high_frequency,0.00705454658683538,0.705454658683538,0.4745762711864407,59,-0.01622779093173221,-1.622779093173221,10.003468697345049,1.1344624688249636,1.8954802259887007e-10,0.24378051976603768,10070.545465868354,0.00705454658683538
btc_hl_breakout_2m,0,0.02,0.01,0.0,0.15,20,high_frequency,0.003752660044156437,0.3752660044156437,0.5972222222222222,72,-0.047810970352336724,-4.781097035233673,2.504387249043604,1.024584586788821,1.3935185185185185e-10,0.04451784680872459,10037.526600441564,0.003752660044156437
btc_hl_breakout_6m,0,0.005,0.025,0.0,0.1,45,high_frequency,-0.0074554232989194925,-0.7455423298919492,0.2558139534883721,86,-0.05396497726875249,-5.396497726875249,-5.144671553632636,0.935118524664916,1.125968992248062e-10,-0.08046489747023762,9925.445767010806,-0.0074554232989194925
btc_hl_breakout_10m,0,0.03,0.015,0.0,0.05,10,high_frequency,0.010403295227369245,1.0403295227369245,0.6037735849056604,53,-0.01594293859442275,-1.594293859442275,14.476499294065409,1.2255636214022112,2.270440251572327e-10,0.3965983032839752,10104.032952273692,0.010403295227369245
btc_small_up_9m,0,0.015,0.035,0.0,0.2,10,high_frequency,0.02117875002422734,2.1178750024227337,0.37209302325581395,43,-0.04988319682318887,-4.9883196823188864,9.4284582951275,1.1390675897923794,2.2906976744186046e-10,0.2626378719199892,10211.787500242273,0.02117875002422734
btc_small_up_10m,0,0.02,0.035,0.0,0.05,20,high_frequency,0.011451667821397098,1.1451667821397098,0.4222222222222222,45,-0.01508395541120755,-1.508395541120755,15.730041071490167,1.2591786009569552,2.325925925925926e-10,0.5132273477016611,10114.516678213971,0.011451667821397098
btc_vol_breakout_10m,0,0.02,0.02,0.0,0.2,90,high_frequency,0.03559469562977433,3.559469562977433,0.5384615384615384,39,-0.04244512965995961,-4.244512965995961,17.377909859556915,1.283914365465323,2.0213675213675213e-10,0.4653618035164609,10355.946956297743,0.03559469562977433
btc_small_up_9m,0,0.0175,0.045,0.0,0.05,90,high_frequency,0.003598041627633421,0.3598041627633421,0.358974358974359,39,-0.015056635613846292,-1.5056635613846292,6.02413958049753,1.0954777552886945,2.5726495726495726e-10,0.18982319564158054,10035.980416276334,0.003598041627633421
btc_vol_breakout_3m,0,0.035,0.01,0.0,0.05,30,high_frequency,0.009979459695992642,0.9979459695992642,0.7358490566037735,53,-0.01166272181899386,-1.166272181899386,15.687057905294854,1.2686725561055012,1.9748427672955974e-10,0.37926846014958016,10099.794596959926,0.009979459695992642
btc_hl_breakout_5m,0,0.0125,0.015,0.0,0.2,10,high_frequency,0.013923772751167258,1.3923772751167258,0.5,74,-0.05742875353159549,-5.742875353159549,6.102785561311287,1.065111206622563,1.3288288288288288e-10,0.10668034452141213,10139.237727511672,0.013923772751167258
btc_hl_breakout_2m,0,0.02,0.03,0.0,0.2,10,high_frequency,0.04068186645879414,4.068186645879414,0.4791666666666667,48,-0.05194562417456061,-5.194562417456061,15.72431514917927,1.2162031898975503,2.621527777777778e-10,0.43732238788029365,10406.818664587941,0.04068186645879414
btc_vol_breakout_10m,0,0.03,0.06,0.0,0.1,30,high_frequency,0.02492768893976512,2.492768893976512,0.42857142857142855,21,-0.021916887607364544,-2.1916887607364544,20.937206548479978,1.5029430424641352,5.253968253968254e-10,1.1957854236409886,10249.276889397652,0.02492768893976512
btc_bullish,0,0.02,0.03,0.0,0.1,60,high_frequency,0.03966216070448232,3.9662160704482323,0.4791666666666667,48,-0.01863637500107751,-1.863637500107751,28.060036734180024,1.4573379732006821,2.715277777777778e-10,0.8233065670818376,10396.621607044823,0.03966216070448232
btc_vol_breakout_2m,0,0.025,0.06,0.0,0.15,10,high_frequency,0.029613160382986097,2.9613160382986097,0.37142857142857144,35,-0.04719585495897394,-4.719585495897394,14.404734337328163,1.222724334459314,3.7952380952380956e-10,0.586360212023361,10296.131603829861,0.029613160382986097
btc_vol_breakout_10m,0,0.0075,0.02,0.0,0.05,10,high_frequency,-0.0008552669192788528,-0.08552669192788528,0.3829787234042553,47,-0.014814412101395669,-1.4814412101395669,-1.724298374049167,0.9736282325538331,1.3900709219858158e-10,-0.03360322361913424,9991.447330807212,-0.0008552669192788528
btc_vol_breakout_2m,0,0.02,0.025,0.0,0.2,45,high_frequency,0.03033267249507912,3.033267249507912,0.5102040816326531,49,-0.0527155226142485,-5.27155226142485,12.291107824731473,1.167007387149632,2.503401360544218e-10,0.32454430668077244,10303.326724950792,0.03033267249507912
btc_vol_breakout_10m,0,0.01,0.035,0.0,0.2,5,high_frequency,0.007977376437817497,0.7977376437817497,0.3170731707317073,41,-0.04826177249766672,-4.826177249766673,4.7085677779203134,1.0626037998746638,1.8699186991869918e-10,0.11126453737326325,10079.773764378175,0.007977376437817497
btc_hl_breakout_9m,0,0.025,0.06,0.0,0.2,60,high_frequency,0.059072948345742386,5.907294834574238,0.40625,32,-0.06589494566387788,-6.589494566387788,19.389610378208452,1.3469761794044348,4.2864583333333335e-10,0.9457544559151149,10590.729483457424,0.059072948345742386
btc_vol_breakout_9m,0,0.03,0.04,0.0,0.15,90,high_frequency,0.030095420551821326,3.009542055182133,0.5517241379310345,29,-0.043247437358518104,-4.32474373585181,16.433336377021337,1.302408572235225,3.8333333333333335e-10,0.70533035660892,10300.954205518214,0.030095420551821326
btc_vol_breakout_3m,0,0.02,0.01,0.0,0.2,10,high_frequency,0.03279629086491068,3.2796290864910675,0.6515151515151515,66,-0.05037015235895226,-5.037015235895225,13.741291990019928,1.1896221657331763,1.318181818181818e-10,0.2580973128830026,10327.962908649108,0.03279629086491068
btc_hl_breakout_5m,0,0.0075,0.01,0.0,0.05,45,high_frequency,-0.008849654014191816,-0.8849654014191817,0.4673913043478261,92,-0.024842070532391847,-2.4842070532391847,-14.730578206044514,0.8381629993380774,9.438405797101448e-11,-0.19112577397066075,9911.503459858082,-0.008849654014191816
btc_vol_breakout_3m,0,0.03,0.025,0.0,0.1,10,high_frequency,0.023311841348158568,2.3311841348158566,0.5897435897435898,39,-0.0229258914385555,-2.29258914385555,17.809710649929343,1.308745773221617,3.1111111111111114e-10,0.6036295006095321,10233.118413481585,0.023311841348158568
btc_hl_breakout_10m,0,0.0175,0.045,0.0,0.15,30,high_frequency,0.02590472776775432,2.590472776775432,0.391304347826087,46,-0.05026485689870708,-5.026485689870707,12.15201967898675,1.1705844511194496,2.673913043478261e-10,0.3923340850331768,10259.047277677542,0.02590472776775432
btc_hl_breakout_10m,0,0.0175,0.015,0.0,0.2,30,high_frequency,0.027868003581491597,2.7868003581491596,0.5147058823529411,68,-0.06940698475424656,-6.9406984754246555,10.404335925525045,1.122417335940967,1.5269607843137254e-10,0.22034729850104137,10278.680035814916,0.027868003581491597
btc_hl_breakout_1m,0,0.015,0.035,0.0,0.15,90,high_frequency,0.014792177579499572,1.4792177579499572,0.3877551020408163,49,-0.044684522704807494,-4.46845227048075,8.267888542257586,1.1059877543108187,2.615646258503401e-10,0.2155249903672971,10147.921775794995,0.014792177579499572
btc_hl_breakout_8m,0,0.03,0.04,0.0,0.05,60,high_frequency,0.008270232028181522,0.8270232028181522,0.46153846153846156,39,-0.01979528670401165,-1.979528670401165,11.218979104383031,1.1767266773871967,3.2478632478632476e-10,0.4312388268656121,10082.702320281815,0.008270232028181522
btc_hl_breakout_10m,0,0.0125,0.015,0.0,0.2,5,high_frequency,0.03014904515108349,3.014904515108349,0.48,75,-0.06409829584877336,-6.409829584877336,11.345606890203973,1.1359005349421216,1.3155555555555555e-10,0.21386743310699347,10301.490451510836,0.03014904515108349
btc_small_down_10m,0,0.015,0.05,0.0,0.25,5,high_frequency,0.04258712378524833,4.258712378524833,0.34210526315789475,38,-0.047063315135493555,-4.7063315135493555,15.196663122737014,1.2534038984971094,2.8289473684210526e-10,0.4640118922336841,10425.871237852483,0.04258712378524833
btc_alt_aligned,0,0.03,0.035,0.0,0.15,30,high_frequency,0.023833365509886493,2.3833365509886493,0.4772727272727273,44,-0.056889619298399086,-5.688961929839909,10.805550617651157,1.1473892690371914,3.1780303030303026e-10,0.3816499415485753,10238.333655098864,0.023833365509886493
btc_small_up_9m,0,0.015,0.06,0.0,0.2,15,high_frequency,-0.005076461754067987,-0.5076461754067987,0.24324324324324326,37,-0.06799748055755839,-6.799748055755838,-1.247500419969791,0.9678603132793828,2.86036036036036e-10,-0.0408066818957649,9949.23538245932,-0.005076461754067987
btc_hl_breakout_9m,0,0.01,0.01,0.0,0.2,30,high_frequency,-0.001345768543792974,-0.1345768543792974,0.4782608695652174,92,-0.08240735351310269,-8.240735351310269,0.31755000396082195,0.9943592401988234,9.909420289855074e-11,0.004914017454357629,9986.54231456207,-0.001345768543792974
btc_vol_breakout_10m,0,0.01,0.045,0.0,0.05,15,high_frequency,0.0005824686553844629,0.05824686553844629,0.2702702702702703,37,-0.012266628316362937,-1.2266628316362937,1.3395349437051638,1.0206973851909513,2.3783783783783784e-10,0.03511253095502043,10005.824686553844,0.0005824686553844629
btc_vol_breakout_2m,0,0.025,0.01,0.0,0.25,30,high_frequency,0.07369646692091747,7.369646692091747,0.696969696969697,66,-0.037716387239695504,-3.7716387239695504,25.28884841099263,1.3763034961373204,1.5126262626262626e-10,0.44505918433604064,10736.964669209174,0.07369646692091747
btc_small_up_9m,0,0.0075,0.03,0.0,0.15,20,high_frequency,0.016735647490873067,1.6735647490873067,0.34615384615384615,52,-0.03305908739208718,-3.3059087392087183,9.998630876849093,1.1570860994937342,1.6217948717948718e-10,0.2232962286105083,10167.35647490873,0.016735647490873067
btc_hl_breakout_3m,0,0.005,0.01,0.0,0.05,20,high_frequency,-0.01568318527692251,-1.568318527692251,0.3958333333333333,96,-0.025965376432042886,-2.5965376432042886,-31.221047077411555,0.6921690667135354,8.038194444444445e-11,-0.3280872964866651,9843.168147230776,-0.01568318527692251
btc_hl_breakout_9m,0,0.0175,0.015,0.0,0.25,20,high_frequency,0.007428454855987002,0.7428454855987002,0.4927536231884058,69,-0.10914577261622893,-10.914577261622894,3.1356855887049537,1.0248833116186755,1.5096618357487923e-10,0.06472854984745252,10074.28454855987,0.007428454855987002
btc_hl_breakout_10m,0,0.03,0.02,0.0,0.25,20,high_frequency,0.07736385231868512,7.736385231868511,0.5918367346938775,49,-0.06621743865161844,-6.621743865161845,21.578333436487668,1.3249495675606295,2.5068027210884354e-10,0.6395619164125816,10773.638523186852,0.07736385231868512
btc_hl_breakout_8m,0,0.02,0.05,0.0,0.25,20,high_frequency,0.03338929792621348,3.338929792621348,0.358974358974359,39,-0.08475934205284952,-8.475934205284952,9.775859436339797,1.1405510825014709,3.337606837606838e-10,0.3815653135987076,10333.892979262135,0.03338929792621348
btc_vol_breakout_8m,0,0.01,0.06,0.0,0.1,5,high_frequency,-0.0009642765057384054,-0.09642765057384053,0.2,35,-0.024539473159532976,-2.4539473159532976,-0.5504491548234068,0.9841552229257012,2.8e-10,-0.01761770373678944,9990.357234942616,-0.0009642765057384054
btc_vol_breakout_3m,0,0.0125,0.025,0.0,0.05,30,high_frequency,0.007807517564704898,0.7807517564704898,0.4423076923076923,52,-0.011761464453948545,-1.1761464453948545,12.447665461320033,1.185339942464344,1.8974358974358975e-10,0.30379105463536765,10078.075175647049,0.007807517564704898
btc_bullish,0,0.02,0.04,0.0,0.05,15,high_frequency,0.014305033783236035,1.4305033783236034,0.4375,48,-0.01497866419913818,-1.497866419913818,19.02818612921558,1.3002737429070594,2.71875e-10,0.5991312794940706,10143.050337832361,0.014305033783236035
btc_hl_breakout_7m,0,0.0175,0.03,0.0,0.1,45,high_frequency,0.003995875224481438,0.39958752244814383,0.3888888888888889,54,-0.04942458527729998,-4.942458527729999,3.216309650548229,1.036575536999561,2.2870370370370369e-10,0.08540359840347704,10039.958752244815,0.003995875224481438
btc_hl_breakout_3m,0,0.01,0.02,0.0,0.15,10,high_frequency,0.002231982735632164,0.22319827356321642,0.4166666666666667,72,-0.05065395057439437,-5.065395057439437,1.745896695560395,1.0142703387200362,1.4467592592592592e-10,0.03028505326270807,10022.319827356321,0.002231982735632164
btc_vol_breakout_3m,0,0.035,0.015,0.0,0.2,30,high_frequency,0.07373822046479782,7.3738220464797815,0.717391304347826,46,-0.03899366363109891,-3.8993663631098907,30.9667185272197,1.5846038584968107,2.1956521739130435e-10,0.7899067362632191,10737.382204647978,0.07373822046479782
btc_vol_breakout_3m,0,0.005,0.015,0.0,0.05,5,high_frequency,-0.006497418405944427,-0.6497418405944427,0.35526315789473684,76,-0.023006855607049848,-2.3006855607049848,-11.465064447130555,0.8580212215742433,9.057017543859649e-11,-0.16927330408602193,9935.025815940557,-0.006497418405944427
btc_hl_breakout_10m,0,0.005,0.05,0.0,0.25,90,high_frequency,0.015173462833549957,1.5173462833549958,0.20967741935483872,62,-0.10812258657329277,-10.812258657329277,5.340499802583799,1.062336424041325,1.7580645161290323e-10,0.1233218107242813,10151.7346283355,0.015173462833549957
btc_vol_breakout_8m,0,0.035,0.06,0.0,0.1,30,high_frequency,0.004007701029012708,0.4007701029012708,0.38095238095238093,21,-0.03197979831605002,-3.1979798316050023,3.4578069523095043,1.0617474148845294,5.626984126984127e-10,0.21659059268358294,10040.077010290128,0.004007701029012708
btc_vol_breakout_3m,0,0.01,0.02,0.0,0.1,90,high_frequency,-0.001998546611213101,-0.1998546611213101,0.4090909090909091,66,-0.033067745054010445,-3.3067745054010445,-1.3109466459697516,0.9795387406494312,1.3308080808080807e-10,-0.0237625674250862,9980.014533887868,-0.001998546611213101
btc_vol_breakout_8m,0,0.01,0.03,0.0,0.1,30,high_frequency,0.014453011541443482,1.4453011541443481,0.35555555555555557,45,-0.020208505414154754,-2.0208505414154754,14.191638619524635,1.2196898374483232,1.9074074074074075e-10,0.3267308012987622,10144.530115414434,0.014453011541443482
btc_small_up_9m,0,0.0075,0.025,0.0,0.05,20,high_frequency,0.004114635310390008,0.4114635310390008,0.35185185185185186,54,-0.01112912121818066,-1.112912121818066,7.355675191297452,1.115266590154467,1.447530864197531e-10,0.15547257653867416,10041.1463531039,0.004114635310390008
btc_vol_breakout_2m,0,0.005,0.025,0.0,0.1,15,high_frequency,-0.01965127309071604,-1.965127309071604,0.25555555555555554,90,-0.039851908437745664,-3.9851908437745664,-16.490441535259045,0.8262047096858872,1.05e-10,-0.21585502082651617,9803.487269092839,-0.01965127309071604
btc_small_up_10m,0,0.0075,0.06,0.0,0.2,5,high_frequency,0.025672839288475507,2.5672839288475506,0.21739130434782608,46,-0.06528643354231667,-6.528643354231667,9.755358016458032,1.1584590864109219,2.0144927536231885e-10,0.30322504298332337,10256.728392884756,0.025672839288475507
btc_hl_breakout_9m,0,0.0125,0.035,0.0,0.25,30,high_frequency,0.05717443132292629,5.717443132292629,0.375,56,-0.07758245052947321,-7.758245052947322,16.247948168713723,1.2107894680627826,2.0416666666666666e-10,0.4268624357009072,10571.744313229263,0.05717443132292629
btc_small_up_9m,0,0.03,0.04,0.0,0.1,10,high_frequency,0.025294456447875348,2.529445644787535,0.5151515151515151,33,-0.020606420083251642,-2.060642008325164,20.71913936543373,1.3688257062127005,3.3030303030303027e-10,0.7715254837800293,10252.944564478754,0.025294456447875348
btc_hl_breakout_7m,0,0.01,0.045,0.0,0.15,60,high_frequency,0.021185645267998803,2.1185645267998803,0.29310344827586204,58,-0.049251441129582685,-4.925144112958268,10.235738134574119,1.1386000880250344,2.0804597701149424e-10,0.2578515487955757,10211.856452679987,0.021185645267998803
btc_vol_breakout_2m,0,0.01,0.03,0.0,0.25,10,high_frequency,-0.009019773123240203,-0.9019773123240202,0.3384615384615385,65,-0.0678055614208457,-6.780556142084571,-2.072758392188978,0.9646325884256937,1.6512820512820513e-10,-0.038208867652005,9909.802268767598,-0.009019773123240203
btc_hl_breakout_7m,0,0.0075,0.01,0.0,0.1,60,high_frequency,-0.011073544566591534,-1.1073544566591533,0.4387755102040816,98,-0.05119669933095483,-5.119669933095484,-7.781688428815462,0.9070854535262387,9.404761904761906e-11,-0.10816463533104527,9889.264554334084,-0.011073544566591534
btc_hl_breakout_8m,0,0.0125,0.035,0.0,0.25,90,high_frequency,0.048412908145079744,4.841290814507975,0.35714285714285715,56,-0.08662072955390199,-8.6620729553902,14.182685038001129,1.1802077862245424,2.0267857142857145e-10,0.36721072860425197,10484.129081450797,0.048412908145079744
btc_small_up_10m,0,0.035,0.05,0.0,0.25,20,high_frequency,0.07458571053447995,7.4585710534479945,0.4827586206896552,29,-0.08638500720015474,-8.638500720015474,20.2187124362146,1.3848217127242168,4.275862068965517e-10,1.0507588271340091,10745.8571053448,0.07458571053447995
btc_small_down_10m,0,0.005,0.06,0.0,0.1,15,high_frequency,0.018597459369533397,1.8597459369533398,0.21052631578947367,57,-0.024785775713663027,-2.4785775713663027,14.244740203709956,1.2437340491467554,1.7426900584795323e-10,0.33266993387683785,10185.974593695333,0.018597459369533397
btc_vol_breakout_3m,0,0.035,0.035,0.0,0.2,10,high_frequency,0.045422409112685046,4.542240911268505,0.5714285714285714,35,-0.06056035283267136,-6.056035283267136,17.46521617031901,1.284006793192075,3.461904761904762e-10,0.6646033693369514,10454.22409112685,0.045422409112685046
btc_vol_breakout_8m,0,0.005,0.03,0.0,0.2,45,high_frequency,0.009154413562081208,0.9154413562081208,0.2830188679245283,53,-0.05165363508366749,-5.165363508366749,5.042924789482875,1.0648258340785408,1.4654088050314466e-10,0.09822812191017055,10091.544135620812,0.009154413562081208
btc_hl_breakout_1m,0,0.025,0.04,0.0,0.1,60,high_frequency,0.03043143436758868,3.043143436758868,0.5,40,-0.028002876629654838,-2.800287662965484,22.55779180329989,1.3681609326072495,3.2833333333333334e-10,0.7638325653198881,10304.314343675887,0.03043143436758868
btc_vol_breakout_3m,0,0.015,0.03,0.0,0.15,30,high_frequency,0.038569801432385295,3.8569801432385296,0.44680851063829785,47,-0.03534380638321044,-3.534380638321044,20.231755576123422,1.3168706816764224,2.2127659574468084e-10,0.5527069264018717,10385.698014323852,0.038569801432385295
btc_hl_breakout_9m,0,0.015,0.025,0.0,0.2,45,high_frequency,0.043299799780016406,4.32997997800164,0.45,60,-0.06791043375347372,-6.791043375347372,15.802794143048628,1.2025222638087538,1.872222222222222e-10,0.3731836433595718,10432.997997800165,0.043299799780016406
btc_hl_breakout_5m,0,0.015,0.04,0.0,0.05,45,high_frequency,0.0025376258364914975,0.2537625836491498,0.3541666666666667,48,-0.017844036892818105,-1.7844036892818105,4.109785112015525,1.0555363744542172,2.6597222222222224e-10,0.1108625666299538,10025.376258364915,0.0025376258364914975
btc_hl_breakout_4m,0,0.0075,0.06,0.0,0.05,90,high_frequency,-0.0002359076387592893,-0.02359076387592893,0.22,50,-0.017999617447410188,-1.7999617447410188,-0.15120348163381214,0.9950091983569179,2.473333333333333e-10,-0.00287254581926564,9997.640923612407,-0.0002359076387592893
btc_small_up_10m,0,0.015,0.05,0.0,0.05,5,high_frequency,0.010181524282853105,1.0181524282853105,0.3111111111111111,45,-0.019612078022902546,-1.9612078022902546,14.244309250391664,1.2384487691042496,2.2222222222222224e-10,0.457962948288981,10101.81524282853,0.010181524282853105
btc_hl_breakout_8m,0,0.0175,0.02,0.0,0.25,10,high_frequency,0.032595876985918405,3.2595876985918406,0.4745762711864407,59,-0.08024332449745275,-8.024332449745275,9.983998427699538,1.117249170102734,1.8954802259887007e-10,0.24378051976603876,10325.958769859184,0.032595876985918405
btc_vol_breakout_8m,0,0.035,0.025,0.0,0.05,60,high_frequency,0.013739692365628144,1.3739692365628144,0.625,32,-0.010967360407394877,-1.0967360407394877,24.549428053148265,1.4880873139818434,3.3177083333333336e-10,0.859397285748795,10137.39692365628,0.013739692365628144
btc_small_up_9m,0,0.0125,0.035,0.0,0.05,30,high_frequency,0.0072952777248751315,0.7295277724875131,0.37209302325581395,43,-0.01200304845815836,-1.200304845815836,12.281629980304118,1.2077850398569427,2.2286821705426357e-10,0.343036106851186,10072.95277724875,0.0072952777248751315
btc_small_up_9m,0,0.0125,0.045,0.0,0.05,30,high_frequency,0.005359053258298576,0.5359053258298576,0.3333333333333333,42,-0.01340898422566461,-1.340898422566461,8.989420549249399,1.1490669083032894,2.1904761904761904e-10,0.25963932164831083,10053.590532582986,0.005359053258298576
btc_vol_breakout_3m,0,0.02,0.06,0.0,0.25,20,high_frequency,-0.006749075517549227,-0.6749075517549227,0.3,30,-0.08651472272691318,-8.651472272691318,-1.089019698814003,0.9655455310990917,3.972222222222222e-10,-0.04426253928975469,9932.509244824509,-0.006749075517549227
btc_small_up_9m,0,0.03,0.04,0.0,0.15,15,high_frequency,0.03782712116205439,3.782712116205439,0.5151515151515151,33,-0.030780908339481328,-3.0780908339481328,20.718848854546476,1.3619895378111577,3.3030303030303027e-10,0.7715254837800293,10378.271211620544,0.03782712116205439
btc_vol_breakout_9m,0,0.01,0.01,0.0,0.05,90,high_frequency,-5.6853792835340754e-05,-0.0056853792835340755,0.5087719298245614,57,-0.010837280387588466,-1.0837280387588466,0.016857966322746318,0.998196787364206,1.0380116959064328e-10,0.0003187716718747046,9999.431462071647,-5.6853792835340754e-05
btc_hl_breakout_8m,0,0.035,0.04,0.0,0.2,5,high_frequency,0.044704120519993146,4.470412051999315,0.5,34,-0.07723284103875783,-7.723284103875782,15.35017472093233,1.239959559473814,3.852941176470588e-10,0.6861416200837394,10447.041205199932,0.044704120519993146
btc_hl_breakout_2m,0,0.03,0.025,0.0,0.15,90,high_frequency,0.017970671224984813,1.7970671224984813,0.5581395348837209,43,-0.04406689187998447,-4.406689187998447,9.754927970258173,1.134768108123851,2.9767441860465116e-10,0.293627744952993,10179.706712249848,0.017970671224984813
btc_hl_breakout_7m,0,0.005,0.04,0.0,0.2,30,high_frequency,0.02557386542720758,2.557386542720758,0.2571428571428571,70,-0.09305566887551608,-9.305566887551608,9.750439403749729,1.119705813129259,1.5952380952380952e-10,0.19841677056296955,10255.738654272076,0.02557386542720758
btc_vol_breakout_2m,0,0.015,0.045,0.0,0.15,15,high_frequency,0.0173299852131134,1.7329985213113401,0.3617021276595745,47,-0.0435864592781563,-4.35864592781563,9.354386943333864,1.129844615556973,2.602836879432624e-10,0.2598826682177337,10173.299852131135,0.0173299852131134
btc_small_down_10m,0,0.035,0.02,0.0,0.1,90,high_frequency,0.029152393417704456,2.915239341770446,0.6410256410256411,39,-0.01992138059500881,-1.9921380595008809,23.16317485216209,1.4406399682169455,2.5683760683760685e-10,0.7482874544383014,10291.523934177045,0.029152393417704456
btc_vol_breakout_9m,0,0.015,0.05,0.0,0.1,90,high_frequency,0.02451920337630437,2.451920337630437,0.3793103448275862,29,-0.018829031501035542,-1.8829031501035542,22.56907197790386,1.5345911352532922,3.6436781609195403e-10,0.8469847596367397,10245.192033763044,0.02451920337630437
btc_hl_breakout_7m,0,0.035,0.035,0.0,0.2,30,high_frequency,0.05575838767630162,5.575838767630162,0.5405405405405406,37,-0.0690383799753912,-6.903837997539119,18.928366133570748,1.3120707053602032,3.5990990990990986e-10,0.7682718362817762,10557.583876763016,0.05575838767630162
btc_bullish,0,0.005,0.03,0.0,0.15,15,high_frequency,0.041168446529906214,4.116844652990621,0.2872340425531915,94,-0.03942909501128322,-3.942909501128322,19.710586427566966,1.2376865765783045,1.2340425531914894e-10,0.2960393296027889,10411.684465299062,0.041168446529906214
btc_bullish,0,0.0075,0.035,0.0,0.05,5,high_frequency,0.008811355954213883,0.8811355954213883,0.2911392405063291,79,-0.014626560166572822,-1.4626560166572822,11.883226234289893,1.1480040867705157,1.5337552742616032e-10,0.22672109779513946,10088.113559542138,0.008811355954213883
btc_alt_aligned,0,0.01,0.01,0.0,0.2,15,high_frequency,0.008344898053940961,0.8344898053940961,0.4789915966386555,119,-0.07712877155562037,-7.712877155562037,3.6284526277727958,1.0275673220000487,1.0448179271708684e-10,0.04647088115070581,10083.44898053941,0.008344898053940961
btc_hl_breakout_10m,0,0.02,0.025,0.0,0.2,30,high_frequency,0.039846582088006496,3.9846582088006497,0.4807692307692308,52,-0.05626760850616708,-5.626760850616708,14.35716534019969,1.1957287046718872,2.3173076923076923e-10,0.3997573119424539,10398.465820880065,0.039846582088006496
btc_hl_breakout_10m,0,0.0175,0.06,0.0,0.15,5,high_frequency,0.025133238756105947,2.513323875610595,0.3,40,-0.05458151242804321,-5.4581512428043215,11.502486063764296,1.1711266589647213,3.225e-10,0.444741893636577,10251.332387561059,0.025133238756105947
btc_vol_breakout_8m,0,0.005,0.05,0.0,0.2,5,high_frequency,-0.0033348306315582705,-0.33348306315582704,0.20408163265306123,49,-0.0469471717092772,-4.694717170927721,-1.0031597801178953,0.9756229795538361,1.7448979591836735e-10,-0.02074735929231886,9966.651693684416,-0.0033348306315582705
btc_hl_breakout_5m,0,0.0075,0.02,0.0,0.25,45,high_frequency,-0.025397959338934788,-2.539795933893479,0.3670886075949367,79,-0.10852125765584242,-10.852125765584242,-7.37082354226727,0.9119792010808415,1.2848101265822786e-10,-0.11553422762250379,9746.020406610653,-0.025397959338934788
btc_hl_breakout_9m,0,0.035,0.015,0.0,0.1,30,high_frequency,0.024070309588805437,2.4070309588805436,0.6530612244897959,49,-0.03098750960329033,-3.098750960329033,16.543488002565983,1.2694882125121478,2.537414965986395e-10,0.49818669647015423,10240.703095888055,0.024070309588805437
btc_small_up_10m,0,0.0125,0.01,0.0,0.15,90,high_frequency,0.027107045107277874,2.7107045107277874,0.527027027027027,74,-0.03894896326669406,-3.894896326669406,14.10255989011486,1.2026570337211022,1.0405405405405405e-10,0.25132662189580735,10271.07045107278,0.027107045107277874
btc_vol_breakout_9m,0,0.005,0.02,0.0,0.15,20,high_frequency,0.007336472379386442,0.7336472379386442,0.35185185185185186,54,-0.03614625290442408,-3.614625290442408,5.408964807806208,1.0725233990581278,1.1728395061728395e-10,0.09861927349434181,10073.364723793864,0.007336472379386442
btc_hl_breakout_4m,0,0.025,0.045,0.0,0.05,90,high_frequency,0.01282204321702411,1.282204321702411,0.47368421052631576,38,-0.015326367252067707,-1.5326367252067707,18.695499035046275,1.3168428995847854,3.4692982456140346e-10,0.6784215827278192,10128.220432170241,0.01282204321702411
btc_hl_breakout_4m,0,0.03,0.035,0.0,0.15,30,high_frequency,0.03748676202514632,3.7486762025146323,0.5384615384615384,39,-0.042044182673164565,-4.2044182673164565,18.573781550077157,1.2993826931243952,3.452991452991453e-10,0.6497423779120772,10374.867620251463,0.03748676202514632
btc_hl_breakout_10m,0,0.015,0.025,0.0,0.2,45,high_frequency,0.057961199452007214,5.796119945200721,0.4666666666666667,60,-0.049051464624425,-4.9051464624425005,20.42770564013794,1.2776147882070084,1.8388888888888888e-10,0.4900868652553093,10579.611994520072,0.057961199452007214
btc_hl_breakout_2m,0,0.0175,0.025,0.0,0.1,5,high_frequency,-0.010241958383338795,-1.0241958383338796,0.40384615384615385,52,-0.04317174572547111,-4.317174572547112,-7.953712115380186,0.8985063911472805,2.217948717948718e-10,-0.18924773008381718,9897.580416166613,-0.010241958383338795
btc_hl_breakout_8m,0,0.005,0.02,0.0,0.05,60,high_frequency,-0.0005007439153647396,-0.050074391536473965,0.3023255813953488,86,-0.025359723881126506,-2.5359723881126506,-0.5452685073516671,0.9908390747179926,1.0678294573643411e-10,-0.008416763802341267,9994.992560846353,-0.0005007439153647396
btc_hl_breakout_8m,0,0.015,0.05,0.0,0.25,60,high_frequency,0.03823834658484343,3.8238346584843432,0.32558139534883723,43,-0.08452405281345299,-8.4524052813453,11.248632599140315,1.161526904092182,2.949612403100775e-10,0.38986449917869964,10382.383465848434,0.03823834658484343
btc_hl_breakout_3m,0,0.0175,0.035,0.0,0.25,10,high_frequency,0.009231057439422421,0.9231057439422421,0.3958333333333333,48,-0.08010185736882014,-8.010185736882015,3.7622348230744294,1.0368256127388147,2.579861111111111e-10,0.10356739633242518,10092.310574394225,0.009231057439422421
btc_hl_breakout_1m,0,0.025,0.03,0.0,0.25,60,high_frequency,0.04189358739726927,4.189358739726927,0.5,44,-0.0643910063388844,-6.439100633888439,13.196308396373109,1.1749246080255393,2.875e-10,0.40459435799535076,10418.935873972692,0.04189358739726927
btc_hl_breakout_10m,0,0.03,0.01,0.0,0.05,5,high_frequency,0.013277057504625328,1.3277057504625327,0.6833333333333333,60,-0.012851984193014365,-1.2851984193014365,18.669796350118844,1.3083326999914369,1.8916666666666666e-10,0.44487025890122633,10132.770575046254,0.013277057504625328
btc_small_up_9m,0,0.01,0.03,0.0,0.1,30,high_frequency,0.015053078107212889,1.505307810721289,0.375,48,-0.023649423248358836,-2.3649423248358836,12.911358180188504,1.211091080032592,1.8680555555555557e-10,0.31953310133439916,10150.53078107213,0.015053078107212889
btc_vol_breakout_8m,0,0.01,0.04,0.0,0.05,45,high_frequency,0.005664816858845222,0.5664816858845222,0.3170731707317073,41,-0.010210244662430146,-1.0210244662430146,10.847898921771256,1.1817217973057088,2.345528455284553e-10,0.2798756804831163,10056.648168588452,0.005664816858845222
btc_bullish,0,0.0075,0.025,0.0,0.05,15,high_frequency,0.009278416851879974,0.9278416851879974,0.3409090909090909,88,-0.013536583280719605,-1.3536583280719605,12.64803686757737,1.1544310458887028,1.3465909090909091e-10,0.21382952897083868,10092.7841685188,0.009278416851879974
btc_hl_breakout_10m,0,0.03,0.05,0.0,0.05,15,high_frequency,0.00848775371248737,0.848775371248737,0.42857142857142855,35,-0.018652674886682208,-1.8652674886682208,11.29704765427339,1.1814971164992136,3.804761904761905e-10,0.4943392095519891,10084.877537124874,0.00848775371248737
btc_hl_breakout_8m,0,0.005,0.04,0.0,0.25,60,high_frequency,0.00034006116802956965,0.03400611680295697,0.22857142857142856,70,-0.13259269475277524,-13.259269475277524,1.1037804042288488,1.0012664182869384,1.4904761904761905e-10,0.022937363394317192,10003.400611680296,0.00034006116802956965
btc_hl_breakout_3m,0,0.01,0.02,0.0,0.15,30,high_frequency,0.002231982735632164,0.22319827356321642,0.4166666666666667,72,-0.05065395057439437,-5.065395057439437,1.745896695560395,1.0142703387200362,1.4467592592592592e-10,0.03028505326270807,10022.319827356321,0.002231982735632164
btc_bullish,0,0.015,0.06,0.0,0.15,20,high_frequency,0.03744947353794721,3.7449473537947213,0.2978723404255319,47,-0.038846929701969235,-3.8846929701969235,16.699914091000085,1.2528371203939708,2.7801418439716316e-10,0.5467218611817216,10374.494735379472,0.03744947353794721
btc_hl_breakout_10m,0,0.035,0.035,0.0,0.05,10,high_frequency,0.01389825461243425,1.3898254612434249,0.5428571428571428,35,-0.016309017664867476,-1.6309017664867476,18.80157058042362,1.332155330658771,3.671428571428571e-10,0.7987638443371232,10138.982546124342,0.01389825461243425
btc_hl_breakout_6m,0,0.005,0.035,0.0,0.05,20,high_frequency,0.003697696392531617,0.3697696392531617,0.24324324324324326,74,-0.024334873070294583,-2.4334873070294583,5.538711745858562,1.0702845841585984,1.4166666666666667e-10,0.10407661879147799,10036.976963925315,0.003697696392531617
btc_vol_breakout_2m,0,0.0125,0.01,0.0,0.2,60,high_frequency,0.010586743153037355,1.0586743153037355,0.5632183908045977,87,-0.06481241913501012,-6.481241913501012,5.037759398259117,1.0526560267402154,1.049808429118774e-10,0.07014728288337838,10105.867431530374,0.010586743153037355
btc_alt_aligned,0,0.0175,0.035,0.0,0.1,5,high_frequency,0.015579860397177663,1.5579860397177663,0.39344262295081966,61,-0.037738128793443404,-3.7738128793443404,10.518045624963847,1.1269202417733795,2.243169398907104e-10,0.2655110099256549,10155.798603971776,0.015579860397177663
btc_vol_breakout_2m,0,0.01,0.02,0.0,0.1,45,high_frequency,-0.012487476036699877,-1.2487476036699876,0.379746835443038,79,-0.03779670911603128,-3.779670911603128,-9.979496066540614,0.8884911445595814,1.2932489451476793e-10,-0.15371060699448943,9875.125239633002,-0.012487476036699877
btc_bullish,0,0.02,0.04,0.0,0.25,45,high_frequency,0.0701748269211348,7.0174826921134805,0.4375,48,-0.07314904143301149,-7.314904143301149,19.080999156630153,1.2762863580786354,2.71875e-10,0.5991312794940705,10701.748269211348,0.0701748269211348
btc_small_up_10m,0,0.025,0.045,0.0,0.15,45,high_frequency,0.05078849034710895,5.078849034710895,0.4722222222222222,36,-0.04152189377901294,-4.152189377901294,24.236970810065042,1.4445666683377651,2.972222222222222e-10,0.9424310936274337,10507.88490347109,0.05078849034710895
btc_small_down_10m,0,0.0175,0.03,0.0,0.25,10,high_frequency,0.028107045470768935,2.8107045470768934,0.4444444444444444,45,-0.0552356851792406,-5.52356851792406,10.004878522457721,1.1393090679026687,2.0888888888888887e-10,0.2696032966164782,10281.07045470769,0.028107045470768935
btc_hl_breakout_2m,0,0.0175,0.015,0.0,0.15,20,high_frequency,-0.02397313068825456,-2.397313068825456,0.5,68,-0.06723933932589143,-6.723933932589143,-12.744939535158274,0.8558311954768223,1.4607843137254902e-10,-0.2278165276794533,9760.268693117454,-0.02397313068825456
btc_hl_breakout_10m,0,0.025,0.045,0.0,0.25,15,high_frequency,0.065446834474462,6.544683447446201,0.4594594594594595,37,-0.07499057079752613,-7.499057079752614,17.957417588269102,1.2955377949191114,3.4414414414414416e-10,0.7278544292771515,10654.46834474462,0.065446834474462
btc_hl_breakout_5m,0,0.015,0.04,0.0,0.1,90,high_frequency,0.00483353932825479,0.483353932825479,0.3541666666666667,48,-0.03550816819715363,-3.5508168197153633,4.109626080039442,1.052296612128893,2.6597222222222224e-10,0.11086256662995456,10048.335393282548,0.00483353932825479
btc_hl_breakout_6m,0,0.0075,0.06,0.0,0.05,30,high_frequency,-0.009887286717803557,-0.9887286717803556,0.17307692307692307,52,-0.026963960851323465,-2.6963960851323465,-14.88047440620592,0.7987147904193789,2.326923076923077e-10,-0.3769066813769033,9901.127132821965,-0.009887286717803557
btc_hl_breakout_4m,0,0.02,0.02,0.0,0.15,45,high_frequency,0.03841275388870893,3.841275388870893,0.5689655172413793,58,-0.031182816170779448,-3.118281617077945,19.69731741193255,1.2696907955670629,1.9166666666666668e-10,0.44678136812119784,10384.127538887089,0.03841275388870893
btc_vol_breakout_3m,0,0.03,0.02,0.0,0.15,45,high_frequency,0.040958163262062655,4.095816326206266,0.6136363636363636,44,-0.03702203078772126,-3.702203078772126,21.066294650067004,1.3542513269330525,2.5606060606060607e-10,0.6244469966396936,10409.581632620626,0.040958163262062655
btc_vol_breakout_8m,0,0.02,0.025,0.0,0.25,60,high_frequency,0.04878814889765345,4.878814889765345,0.5,38,-0.06131900704186344,-6.131900704186344,18.277242734444698,1.2928585729901525,2.68859649122807e-10,0.5247806971211253,10487.881488976534,0.04878814889765345
btc_vol_breakout_3m,0,0.01,0.06,0.0,0.15,30,high_frequency,-0.01094085045471884,-1.094085045471884,0.2222222222222222,36,-0.054657814508860425,-5.465781450886043,-5.074670163313524,0.9048813564425616,3.12962962962963e-10,-0.18063028296182138,9890.591495452813,-0.01094085045471884
btc_vol_breakout_10m,0,0.005,0.06,0.0,0.15,5,high_frequency,0.0014206403928989175,0.14206403928989175,0.19047619047619047,42,-0.03324400247795045,-3.324400247795045,1.3441788604116554,1.014730988391665,1.9880952380952382e-10,0.035614608906407275,10014.206403928989,0.0014206403928989175
btc_vol_breakout_8m,0,0.015,0.015,0.0,0.05,5,high_frequency,0.007314530028565412,0.7314530028565411,0.5283018867924528,53,-0.008483855548508501,-0.8483855548508501,14.452570142665486,1.2278309233067841,1.449685534591195e-10,0.2780671759207688,10073.145300285654,0.007314530028565412
btc_bullish,0,0.0125,0.045,0.0,0.05,5,high_frequency,0.010103504432138772,1.0103504432138772,0.3389830508474576,59,-0.013772908061591593,-1.3772908061591593,13.524659571786644,1.1926953918858767,2.1610169491525425e-10,0.34671189766635513,10101.035044321388,0.010103504432138772
btc_hl_breakout_4m,0,0.035,0.04,0.0,0.15,90,high_frequency,0.04874439099687927,4.874439099687927,0.5675675675675675,37,-0.04379252049520921,-4.379252049520921,23.626510990291163,1.3948231640685216,3.6396396396396397e-10,0.8824945377194554,10487.443909968793,0.04874439099687927
btc_hl_breakout_3m,0,0.03,0.05,0.0,0.2,5,high_frequency,0.01806469050525484,1.806469050525484,0.4375,32,-0.07733508606915906,-7.7335086069159065,7.2315563309921576,1.1051405953755762,4.2760416666666667e-10,0.31829549531495266,10180.646905052548,0.01806469050525484
btc_hl_breakout_4m,0,0.035,0.035,0.0,0.05,60,high_frequency,0.012579905908960564,1.2579905908960565,0.5526315789473685,38,-0.0147526073685329,-1.47526073685329,18.48785881432977,1.3176718220248185,3.5657894736842104e-10,0.6654402519368252,10125.799059089606,0.012579905908960564
btc_hl_breakout_9m,0,0.005,0.045,0.0,0.15,30,high_frequency,-0.00044237042192023636,-0.04423704219202364,0.2112676056338028,71,-0.08531968126457978,-8.53196812645798,0.3972127442604219,0.9971775271824376,1.4577464788732394e-10,0.008348727595043985,9995.576295780798,-0.00044237042192023636
btc_hl_breakout_3m,0,0.035,0.045,0.0,0.2,30,high_frequency,0.05396200716276364,5.396200716276364,0.5483870967741935,31,-0.06749080430094512,-6.749080430094512,19.90181052496059,1.35150189664247,4.32258064516129e-10,0.8867610028580519,10539.620071627636,0.05396200716276364
btc_small_up_10m,0,0.035,0.04,0.0,0.05,30,high_frequency,0.019028057429146185,1.9028057429146186,0.5294117647058824,34,-0.015646569573083746,-1.5646569573083746,25.687643431839742,1.5026659086249026,3.3872549019607846e-10,1.1197800637332014,10190.280574291462,0.019028057429146185
btc_vol_breakout_2m,0,0.0125,0.06,0.0,0.15,15,high_frequency,0.008093627791689824,0.8093627791689824,0.275,40,-0.05365071967749435,-5.365071967749435,4.562131843478102,1.0659273836070429,3.1458333333333336e-10,0.15586736299944703,10080.936277916899,0.008093627791689824
btc_small_up_9m,0,0.0125,0.06,0.0,0.15,45,high_frequency,-0.0012308972082617174,-0.12308972082617174,0.23076923076923078,39,-0.04965254898662219,-4.965254898662219,-0.08931011694135542,0.9893475724369845,2.547008547008547e-10,-0.0013145420129827144,9987.691027917383,-0.0012308972082617174
btc_small_up_9m,0,0.0075,0.045,0.0,0.05,20,high_frequency,0.006831035041084703,0.6831035041084703,0.2978723404255319,47,-0.011274226414023425,-1.1274226414023425,11.470714823660426,1.1946287808342937,1.8404255319148935e-10,0.2943150015935404,10068.310350410848,0.006831035041084703
btc_hl_breakout_5m,0,0.0075,0.045,0.0,0.25,5,high_frequency,-0.014365285839995568,-1.4365285839995567,0.26666666666666666,60,-0.1075268296171068,-10.75268296171068,-3.5638380393737057,0.9447981715949845,2e-10,-0.07531049623277793,9856.347141600045,-0.014365285839995568
btc_hl_breakout_1m,0,0.0175,0.03,0.0,0.2,5,high_frequency,0.004870660416932992,0.4870660416932992,0.40384615384615385,52,-0.07414843053285403,-7.414843053285402,2.6783482226489537,1.0245581644981467,2.3653846153846154e-10,0.06565912164621045,10048.70660416933,0.004870660416932992
btc_small_up_10m,0,0.015,0.01,0.0,0.2,60,high_frequency,0.02503948182639019,2.5039481826390193,0.527027027027027,74,-0.05794970059509397,-5.794970059509397,10.132762805895352,1.1316007865523283,1.0968468468468468e-10,0.18101512613681284,10250.394818263901,0.02503948182639019
btc_bullish,0,0.0125,0.05,0.0,0.25,45,high_frequency,0.04339325120172975,4.339325120172975,0.30357142857142855,56,-0.07087699247961066,-7.087699247961066,12.288637833064465,1.1530171611773548,2.3035714285714286e-10,0.3374355811057467,10433.932512017298,0.04339325120172975
btc_hl_breakout_10m,0,0.035,0.035,0.0,0.1,10,high_frequency,0.027657813238264543,2.765781323826454,0.5428571428571428,35,-0.032416804455014936,-3.2416804455014936,18.802274224010958,1.3241978483856303,3.671428571428571e-10,0.7987638443371229,10276.578132382645,0.027657813238264543
btc_bullish,0,0.0125,0.01,0.0,0.25,10,high_frequency,0.020098344296799724,2.0098344296799726,0.5377358490566038,106,-0.07230163254369604,-7.230163254369604,6.458791440307694,1.0583884472896616,1.080188679245283e-10,0.09048373509151872,10200.983442967998,0.020098344296799724
btc_small_up_10m,0,0.0075,0.04,0.0,0.05,30,high_frequency,0.01299909691910106,1.299909691910106,0.32727272727272727,55,-0.014029990160042471,-1.4029990160042471,18.622678688549495,1.3055255847484288,1.5424242424242423e-10,0.4753848143604618,10129.99096919101,0.01299909691910106
btc_hl_breakout_2m,0,0.02,0.025,0.0,0.2,30,high_frequency,0.034697271005557744,3.469727100555774,0.5,48,-0.0497174114178085,-4.97174114178085,13.746233901125102,1.1915169405878536,2.559027777777778e-10,0.3758794700705001,10346.972710055577,0.034697271005557744
btc_alt_aligned,0,0.0175,0.04,0.0,0.25,10,high_frequency,0.044738481416296556,4.473848141629656,0.38596491228070173,57,-0.09007765612797547,-9.007765612797547,12.496838016520877,1.148661026882078,2.409356725146199e-10,0.3378875786190175,10447.384814162966,0.044738481416296556
btc_alt_aligned,0,0.01,0.01,0.0,0.15,90,high_frequency,0.0067672647240890685,0.6767264724089068,0.4789915966386555,119,-0.058121099846130786,-5.812109984613079,3.6325349105368505,1.0301571153410103,1.0448179271708684e-10,0.04647088115070487,10067.67264724089,0.0067672647240890685
btc_small_down_10m,0,0.0125,0.01,0.0,0.2,60,high_frequency,0.04138522357287741,4.138522357287741,0.5483870967741935,62,-0.04016864320491664,-4.016864320491664,20.224099663556732,1.2963715865963454,1.1424731182795698e-10,0.337287146494361,10413.852235728775,0.04138522357287741
btc_hl_breakout_6m,0,0.02,0.025,0.0,0.2,30,high_frequency,-0.01111425802070887,-1.1114258020708871,0.44,50,-0.08163512667458384,-8.163512667458384,-3.5261681908746243,0.9457999649137944,2.473333333333333e-10,-0.09208450279141743,9888.857419792912,-0.01111425802070887
btc_vol_breakout_8m,0,0.02,0.06,0.0,0.2,60,high_frequency,0.013615288000954387,1.3615288000954386,0.3076923076923077,26,-0.049989870237614364,-4.998987023761437,6.497565735689717,1.1152462877134304,4.237179487179487e-10,0.2894813977220622,10136.152880009544,0.013615288000954387
btc_hl_breakout_2m,0,0.01,0.05,0.0,0.1,90,high_frequency,0.012933122307789528,1.2933122307789529,0.2962962962962963,54,-0.03636331389342995,-3.636331389342995,10.08704408000508,1.1436293422569175,2.1944444444444443e-10,0.24902869685871099,10129.331223077896,0.012933122307789528
btc_small_up_9m,0,0.03,0.06,0.0,0.2,90,high_frequency,0.008745891879306283,0.8745891879306282,0.34615384615384615,26,-0.061000623376557095,-6.100062337655709,4.139659206545957,1.059603654880267,4.666666666666667e-10,0.21129857260142101,10087.458918793063,0.008745891879306283
btc_hl_breakout_7m,0,0.03,0.01,0.0,0.25,5,high_frequency,0.035221592781235996,3.5221592781235995,0.65625,64,-0.10404220010030374,-10.404220010030373,10.784325899556,1.134714437502679,1.8046875e-10,0.23906482380629065,10352.21592781236,0.035221592781235996
btc_small_up_10m,0,0.02,0.05,0.0,0.2,30,high_frequency,0.049639095722317936,4.963909572231794,0.36585365853658536,41,-0.07203220757065587,-7.203220757065587,17.076037822585377,1.2767093348827505,2.6260162601626015e-10,0.6246711658043563,10496.390957223179,0.049639095722317936
btc_bullish,0,0.005,0.035,0.0,0.25,90,high_frequency,0.044546966133486465,4.454696613348647,0.26136363636363635,88,-0.06890948353400006,-6.890948353400006,12.70162334973711,1.1417284087735797,1.3371212121212121e-10,0.217609238619623,10445.469661334864,0.044546966133486465
btc_small_up_10m,0,0.035,0.04,0.0,0.25,45,high_frequency,0.09518009527417744,9.518009527417744,0.5294117647058824,34,-0.0764112005107459,-7.641120051074591,25.6767548341322,1.4668298229845385,3.3872549019607846e-10,1.119780063733201,10951.800952741774,0.09518009527417744
btc_vol_breakout_10m,0,0.02,0.05,0.0,0.15,15,high_frequency,0.021239477518094373,2.123947751809437,0.38461538461538464,26,-0.03137507726967714,-3.1375077269677143,12.988177150613192,1.2739838392924387,3.801282051282051e-10,0.5584277197329581,10212.394775180943,0.021239477518094373
btc_small_up_10m,0,0.0125,0.015,0.0,0.25,15,high_frequency,0.03131470154411963,3.131470154411963,0.4444444444444444,63,-0.0672267755577659,-6.72267755577659,10.205292914913347,1.1347452797866884,1.2936507936507937e-10,0.21646248715373115,10313.147015441196,0.03131470154411963
btc_small_up_9m,0,0.02,0.02,0.0,0.2,20,high_frequency,0.07098377716476723,7.0983777164767226,0.5416666666666666,48,-0.02708901650161122,-2.708901650161122,31.338133658825985,1.5312395219189192,1.920138888888889e-10,0.7297512395238397,10709.837771647672,0.07098377716476723
btc_vol_breakout_2m,0,0.015,0.01,0.0,0.1,15,high_frequency,0.005650132710531011,0.5650132710531011,0.5925925925925926,81,-0.02892222236967934,-2.892222236967934,4.99934763855656,1.0590888721330114,1.1152263374485597e-10,0.07467019457521448,10056.50132710531,0.005650132710531011
btc_hl_breakout_4m,0,0.035,0.035,0.0,0.1,5,high_frequency,0.025053213235291638,2.505321323529164,0.5526315789473685,38,-0.029349816401892714,-2.9349816401892714,18.50063100301797,1.3112644733751468,3.5657894736842104e-10,0.6654402519368253,10250.532132352917,0.025053213235291638
btc_vol_breakout_10m,0,0.0075,0.06,0.0,0.25,30,high_frequency,-0.020314982373544125,-2.0314982373544126,0.1891891891891892,37,-0.07595779879437337,-7.595779879437337,-7.027179172569393,0.8745619958002327,2.5045045045045044e-10,-0.19969071156118254,9796.85017626456,-0.020314982373544125
btc_alt_aligned,0,0.005,0.025,0.0,0.05,90,high_frequency,0.001964806008168392,0.1964806008168392,0.29310344827586204,116,-0.02066456355159829,-2.066456355159829,2.7898011125279982,1.0269056850955027,1.081896551724138e-10,0.036965831074129034,10019.648060081683,0.001964806008168392
btc_hl_breakout_10m,0,0.015,0.015,0.0,0.2,45,high_frequency,0.0302275641903512,3.0227564190351197,0.5070422535211268,71,-0.05785180553860736,-5.7851805538607355,11.316966225259145,1.1396128135470043,1.4295774647887323e-10,0.2263193096616799,10302.275641903512,0.0302275641903512
btc_vol_breakout_10m,0,0.025,0.02,0.0,0.2,10,high_frequency,0.0640333987896967,6.40333987896967,0.6111111111111112,36,-0.028302228296121612,-2.830222829612161,30.056359741611374,1.5984081724310748,2.138888888888889e-10,0.8806922203489137,10640.333987896967,0.0640333987896967
btc_small_down_10m,0,0.035,0.05,0.0,0.1,10,high_frequency,0.007009484961873568,0.7009484961873568,0.44,25,-0.033337352144202415,-3.3337352144202415,5.69225949616317,1.1009302835107937,4.8e-10,0.30131517450477535,10070.094849618736,0.007009484961873568
btc_vol_breakout_8m,0,0.02,0.05,0.0,0.25,30,high_frequency,0.046677301689323575,4.667730168932358,0.39285714285714285,28,-0.051786463620166034,-5.178646362016604,16.649941105079385,1.3338862696340312,3.9345238095238094e-10,0.6838800096074763,10466.773016893236,0.046677301689323575
btc_hl_breakout_7m,0,0.01,0.03,0.0,0.15,10,high_frequency,0.021548116008899457,2.154811600889946,0.3382352941176471,68,-0.052500187212118465,-5.2500187212118465,10.441035479832331,1.129305149961566,1.6740196078431374e-10,0.2232943214209877,10215.481160088995,0.021548116008899457
btc_hl_breakout_1m,0,0.005,0.035,0.0,0.2,20,high_frequency,0.01170761555144295,1.170761555144295,0.2714285714285714,70,-0.07514841046936716,-7.5148410469367155,5.461662402128389,1.0600714029873501,1.4452380952380952e-10,0.09701715968236455,10117.076155514429,0.01170761555144295
btc_hl_breakout_2m,0,0.025,0.04,0.0,0.05,20,high_frequency,0.015926832666142247,1.5926832666142248,0.5,40,-0.013905327166835346,-1.3905327166835346,23.320586328702003,1.3861571082062638,3.325e-10,0.7979489253709792,10159.268326661422,0.015926832666142247
btc_vol_breakout_3m,0,0.0075,0.01,0.0,0.25,90,high_frequency,-0.051534483987969636,-5.1534483987969635,0.425,80,-0.10752720237374114,-10.752720237374113,-18.542740384335218,0.7869561078930652,8.708333333333333e-11,-0.2536531546123161,9484.655160120303,-0.051534483987969636
btc_vol_breakout_3m,0,0.03,0.04,0.0,0.15,15,high_frequency,0.032235551372536295,3.2235551372536295,0.5151515151515151,33,-0.04434562337535586,-4.434562337535586,16.44252954196142,1.2803962706213496,3.676767676767677e-10,0.6664041958029756,10322.355513725362,0.032235551372536295
btc_vol_breakout_10m,0,0.02,0.025,0.0,0.25,30,high_frequency,0.04601221422558692,4.601221422558692,0.5,36,-0.05486370742803803,-5.486370742803803,17.670253162650415,1.2887441010990206,2.5648148148148146e-10,0.5238173833192526,10460.12214225587,0.04601221422558692
btc_small_up_9m,0,0.01,0.05,0.0,0.1,45,high_frequency,0.009925834554660945,0.9925834554660945,0.2857142857142857,42,-0.031088653821986,-3.1088653821986,8.300102611490022,1.137711136743393,2.2341269841269843e-10,0.24683275039886632,10099.25834554661,0.009925834554660945
btc_hl_breakout_2m,0,0.015,0.01,0.0,0.15,30,high_frequency,-0.014321497645858881,-1.432149764585888,0.5625,80,-0.05881147018078514,-5.881147018078514,-7.409530796134759,0.9098735560466141,1.2020833333333334e-10,-0.11215285112886463,9856.785023541412,-0.014321497645858881
btc_vol_breakout_3m,0,0.0075,0.02,0.0,0.25,20,high_frequency,-0.02870289688615762,-2.8702896886157623,0.36231884057971014,69,-0.11153617427320117,-11.153617427320118,-9.294140843818266,0.8846275488508998,1.1956521739130433e-10,-0.15460892624489425,9712.971031138424,-0.02870289688615762
btc_hl_breakout_8m,0,0.005,0.05,0.0,0.2,60,high_frequency,-0.0037933613780648328,-0.3793361378064833,0.1875,64,-0.10116716185290509,-10.116716185290509,-0.5553606553818936,0.980714207547847,1.703125e-10,-0.01013949612551887,9962.066386219352,-0.0037933613780648328
btc_bullish,0,0.01,0.06,0.0,0.1,15,high_frequency,0.028729195214039122,2.872919521403912,0.2727272727272727,55,-0.024605610838107417,-2.4605610838107417,19.19290925520187,1.291348574288103,2.318181818181818e-10,0.5295892453146606,10287.291952140391,0.028729195214039122
btc_hl_breakout_3m,0,0.01,0.025,0.0,0.25,5,high_frequency,-0.003960554858928299,-0.3960554858928299,0.36923076923076925,65,-0.08758712093708043,-8.758712093708043,-0.418066971894091,0.9845019478019961,1.505128205128205e-10,-0.00662473153277023,9960.394451410717,-0.003960554858928299
btc_hl_breakout_3m,0,0.015,0.035,0.0,0.25,5,high_frequency,0.05673518389968435,5.673518389968435,0.42,50,-0.06812607775226642,-6.812607775226642,17.769177974118072,1.2417918547388456,2.3933333333333333e-10,0.46829922840024896,10567.351838996843,0.05673518389968435
btc_hl_breakout_10m,0,0.01,0.03,0.0,0.25,30,high_frequency,0.013059040941012108,1.3059040941012108,0.3387096774193548,62,-0.08427500367913521,-8.42750036791352,4.783953515856847,1.0497343482211436,1.7419354838709677e-10,0.10690480500998767,10130.59040941012,0.013059040941012108
btc_hl_breakout_9m,0,0.02,0.03,0.0,0.05,30,high_frequency,0.010558186029238822,1.0558186029238823,0.44,50,-0.01808253488032796,-1.808253488032796,14.37533732905886,1.2114220493560295,2.4899999999999997e-10,0.42705127498442846,10105.581860292388,0.010558186029238822
btc_alt_aligned,0,0.035,0.03,0.0,0.05,90,high_frequency,0.013156324292087868,1.3156324292087869,0.5476190476190477,42,-0.017397934427262673,-1.7397934427262673,17.11376217623636,1.2756673904881606,3.365079365079365e-10,0.6313393507301068,10131.563242920878,0.013156324292087868
btc_small_down_10m,0,0.0175,0.025,0.0,0.2,45,high_frequency,0.0330305657147459,3.30305657147459,0.5,46,-0.04236769635330173,-4.236769635330173,14.255379379265479,1.2114410939972922,1.9492753623188405e-10,0.3714007751104312,10330.305657147459,0.0330305657147459
btc_hl_breakout_2m,0,0.015,0.01,0.0,0.2,30,high_frequency,-0.019476405916325167,-1.9476405916325168,0.5625,80,-0.07795745159695089,-7.795745159695089,-7.4117418014330845,0.908694846277586,1.2020833333333334e-10,-0.11215285112886303,9805.235940836748,-0.019476405916325167
btc_vol_breakout_3m,0,0.035,0.05,0.0,0.25,90,high_frequency,0.041204898719520676,4.120489871952068,0.5185185185185185,27,-0.08490031903412165,-8.490031903412165,12.872635485133218,1.2241085147042006,4.6111111111111114e-10,0.6503915678849743,10412.048987195207,0.041204898719520676
btc_vol_breakout_9m,0,0.0175,0.045,0.0,0.2,90,high_frequency,-0.003257359727940934,-0.3257359727940934,0.36363636363636365,33,-0.05902906709363065,-5.902906709363065,-0.6638088560781881,0.9769615728517231,3.1515151515151516e-10,-0.02587637384988735,9967.42640272059,-0.003257359727940934
btc_vol_breakout_3m,0,0.01,0.03,0.0,0.05,5,high_frequency,0.0014410653434173127,0.14410653434173126,0.34545454545454546,55,-0.01461974772979413,-1.461974772979413,2.54208428590648,1.0318893795759088,1.7242424242424242e-10,0.05663459788754653,10014.410653434174,0.0014410653434173127
btc_hl_breakout_4m,0,0.035,0.015,0.0,0.15,5,high_frequency,0.04088657757231993,4.088657757231993,0.6666666666666666,51,-0.03590754006089547,-3.590754006089547,20.666071462877618,1.3268945293185699,2.2777777777777776e-10,0.5389835721235559,10408.8657757232,0.04088657757231993
btc_hl_breakout_6m,0,0.0175,0.05,0.0,0.2,5,high_frequency,-0.03647049345874043,-3.6470493458740427,0.275,40,-0.08741212910479579,-8.741212910479579,-13.720961729990579,0.8105562567595639,3.1875e-10,-0.4372835467279802,9635.295065412596,-0.03647049345874043
btc_hl_breakout_6m,0,0.02,0.06,0.0,0.25,60,high_frequency,-0.01017856956849605,-1.017856956849605,0.2777777777777778,36,-0.1038296615069989,-10.38296615069989,-1.9492679456392437,0.9564803396393173,3.597222222222222e-10,-0.06870818663003678,9898.214304315039,-0.01017856956849605
btc_hl_breakout_8m,0,0.03,0.03,0.0,0.25,20,high_frequency,0.04653328488214315,4.653328488214315,0.5121951219512195,41,-0.07912207770184099,-7.912207770184098,13.370648548406193,1.188475352005824,3.0975609756097563e-10,0.48365221150578785,10465.332848821432,0.04653328488214315
btc_alt_aligned,0,0.035,0.01,0.0,0.05,20,high_frequency,0.013506374994803741,1.350637499480374,0.7123287671232876,73,-0.014668146242308278,-1.4668146242308278,17.771977112000034,1.2641866264622128,1.8333333333333332e-10,0.3723325424979744,10135.063749948038,0.013506374994803741
btc_hl_breakout_6m,0,0.02,0.01,0.0,0.2,5,high_frequency,-0.014172301415115043,-1.4172301415115043,0.5915492957746479,71,-0.07207357823124638,-7.207357823124639,-4.837114175710399,0.9318911672958865,1.4295774647887323e-10,-0.08774590966725627,9858.27698584885,-0.014172301415115043
btc_vol_breakout_9m,0,0.025,0.035,0.0,0.15,5,high_frequency,0.031739476338831674,3.1739476338831674,0.5161290322580645,31,-0.04150774689572667,-4.150774689572668,17.53078397930539,1.3324587389509215,3.381720430107527e-10,0.6929462173838709,10317.394763388316,0.031739476338831674
btc_hl_breakout_2m,0,0.0075,0.03,0.0,0.05,10,high_frequency,-0.0021422607183852393,-0.21422607183852393,0.3194444444444444,72,-0.02164290892851617,-2.164290892851617,-3.271343580177506,0.9601270429734338,1.5185185185185186e-10,-0.056159690481647664,9978.577392816147,-0.0021422607183852393
btc_vol_breakout_8m,0,0.0125,0.02,0.0,0.15,15,high_frequency,0.017000309976399102,1.7000309976399102,0.44680851063829785,47,-0.03841628609614833,-3.8416286096148333,11.517605058175702,1.167774663626676,1.6418439716312058e-10,0.24918490012372105,10170.003099763991,0.017000309976399102
btc_hl_breakout_7m,0,0.035,0.015,0.0,0.1,5,high_frequency,0.030189190351863467,3.0189190351863466,0.6530612244897959,49,-0.030658046824801555,-3.0658046824801555,20.555955426383715,1.353227468940496,2.4557823129251703e-10,0.6198422515487327,10301.891903518635,0.030189190351863467
btc_hl_breakout_4m,0,0.0175,0.06,0.0,0.15,5,high_frequency,0.005645467681302103,0.5645467681302103,0.3157894736842105,38,-0.04304653775789169,-4.304653775789169,3.4105315996105423,1.041105374113141,3.399122807017544e-10,0.12375656737139112,10056.45467681302,0.005645467681302103
btc_hl_breakout_4m,0,0.02,0.025,0.0,0.1,30,high_frequency,0.016857451358884078,1.6857451358884077,0.5098039215686274,51,-0.02642362369080331,-2.642362369080331,13.042514867749668,1.1773713886098982,2.441176470588235e-10,0.3383682082481543,10168.574513588841,0.016857451358884078
btc_small_up_9m,0,0.02,0.03,0.0,0.1,90,high_frequency,0.02260110713747979,2.260110713747979,0.46511627906976744,43,-0.0204801460307672,-2.04801460307672,17.917611157705725,1.3007954686221634,2.4031007751937986e-10,0.5304036261957626,10226.011071374798,0.02260110713747979
btc_hl_breakout_10m,0,0.02,0.025,0.0,0.2,90,high_frequency,0.039846582088006496,3.9846582088006497,0.4807692307692308,52,-0.05626760850616708,-5.626760850616708,14.35716534019969,1.1957287046718872,2.3173076923076923e-10,0.3997573119424539,10398.465820880065,0.039846582088006496
btc_bullish,0,0.03,0.06,0.0,0.1,30,high_frequency,0.02900719916744787,2.900719916744787,0.375,32,-0.03277511812302969,-3.277511812302969,19.041378327881862,1.3471356921038014,4.2760416666666667e-10,0.9189826609559496,10290.071991674478,0.02900719916744787
btc_hl_breakout_4m,0,0.0125,0.06,0.0,0.1,30,high_frequency,0.014726609554073912,1.472660955407391,0.3023255813953488,43,-0.031076476478884896,-3.1076476478884896,10.947362850191638,1.1675975105343233,2.937984496124031e-10,0.3560104807751649,10147.26609554074,0.014726609554073912
btc_hl_breakout_5m,0,0.005,0.03,0.0,0.25,30,high_frequency,0.017334479843090868,1.7334479843090869,0.2804878048780488,82,-0.11769456968013892,-11.769456968013891,6.0173642228207544,1.0602909677825865,1.2154471544715447e-10,0.10175005591799272,10173.34479843091,0.017334479843090868
btc_vol_breakout_10m,0,0.015,0.035,0.0,0.2,5,high_frequency,0.04886302261477958,4.886302261477958,0.42105263157894735,38,-0.034988481618323686,-3.4988481618323686,22.95604831562462,1.3995431019490419,2.2368421052631578e-10,0.6464906052950663,10488.630226147796,0.04886302261477958
btc_hl_breakout_9m,0,0.0175,0.015,0.0,0.1,15,high_frequency,0.0038667819389000217,0.3866781938900022,0.4927536231884058,69,-0.04466436694828224,-4.466436694828224,3.1638395038788047,1.0337391215574994,1.5096618357487923e-10,0.06472854984745169,10038.667819389,0.0038667819389000217
btc_vol_breakout_10m,0,0.005,0.035,0.0,0.1,60,high_frequency,0.002819956958871626,0.2819956958871626,0.2653061224489796,49,-0.026264919807216902,-2.62649198072169,3.0619219386614036,1.0419206391372435,1.414965986394558e-10,0.06409740049984458,10028.199569588716,0.002819956958871626
btc_hl_breakout_1m,0,0.0175,0.035,0.0,0.15,20,high_frequency,0.0033590221874867667,0.33590221874867665,0.375,48,-0.05401466224139517,-5.401466224139517,2.331181175560892,1.0237155981983732,2.628472222222222e-10,0.061870030078099006,10033.590221874867,0.0033590221874867667
btc_vol_breakout_8m,0,0.03,0.05,0.0,0.1,5,high_frequency,0.023204249090404302,2.32042490904043,0.4583333333333333,24,-0.021916887607363322,-2.1916887607363322,19.588283287663316,1.4311704443182944,4.951388888888888e-10,0.9752150966861192,10232.042490904043,0.023204249090404302
btc_vol_breakout_10m,0,0.005,0.05,0.0,0.1,5,high_frequency,0.0034526782584762827,0.3452678258476283,0.2222222222222222,45,-0.021361145255681113,-2.1361145255681113,3.650333269457475,1.0548417849501963,1.740740740740741e-10,0.08391815029792371,10034.526782584762,0.0034526782584762827
btc_hl_breakout_6m,0,0.035,0.04,0.0,0.15,60,high_frequency,0.02066380144236948,2.066380144236948,0.5,34,-0.05110169977689405,-5.110169977689405,10.656965344324915,1.1619491502987505,3.877450980392157e-10,0.42690611593954014,10206.638014423695,0.02066380144236948
btc_hl_breakout_4m,0,0.02,0.025,0.0,0.15,10,high_frequency,0.02499108843245133,2.499108843245133,0.5098039215686274,51,-0.039441259895930614,-3.9441259895930614,13.038474646179136,1.1726180939028077,2.441176470588235e-10,0.3383682082481529,10249.910884324514,0.02499108843245133
btc_bullish,0,0.01,0.03,0.0,0.1,90,high_frequency,0.019600982949550677,1.9600982949550678,0.352112676056338,71,-0.028022104013656124,-2.8022104013656124,13.357779185940473,1.1704811805216342,1.720657276995305e-10,0.28302524847301613,10196.009829495506,0.019600982949550677
btc_small_up_9m,0,0.025,0.01,0.0,0.15,60,high_frequency,0.01962125995397853,1.962125995397853,0.6666666666666666,51,-0.03279033348874616,-3.279033348874616,11.85399860185688,1.1936842616434373,1.8169934640522875e-10,0.2649802337951306,10196.212599539786,0.01962125995397853
btc_small_up_9m,0,0.015,0.035,0.0,0.25,90,high_frequency,0.026030050616073868,2.6030050616073868,0.37209302325581395,43,-0.062001532765566525,-6.2001532765566525,9.440655541950965,1.1352559903514385,2.2906976744186046e-10,0.2626378719199913,10260.300506160738,0.026030050616073868
btc_alt_aligned,0,0.01,0.025,0.0,0.1,60,high_frequency,0.016340974900153026,1.6340974900153027,0.37209302325581395,86,-0.03421752274539669,-3.421752274539669,11.129374949543104,1.1277341410772281,1.5426356589147287e-10,0.19653771260946876,10163.40974900153,0.016340974900153026
btc_hl_breakout_5m,0,0.02,0.015,0.0,0.1,30,high_frequency,0.010564175782916492,1.0564175782916492,0.5606060606060606,66,-0.030961733713772865,-3.0961733713772865,8.299151312472851,1.102705986001759,1.6641414141414142e-10,0.1669474750053531,10105.641757829166,0.010564175782916492
btc_small_up_9m,0,0.02,0.02,0.0,0.05,20,high_frequency,0.01756053473125001,1.756053473125001,0.5416666666666666,48,-0.006795963237694491,-0.6795963237694491,31.32836356841824,1.554178440891094,1.920138888888889e-10,0.729751239523839,10175.6053473125,0.01756053473125001
btc_hl_breakout_10m,0,0.0075,0.01,0.0,0.1,15,high_frequency,-0.010583533655971257,-1.0583533655971258,0.44680851063829785,94,-0.046836704176855704,-4.683670417685571,-7.52680332444464,0.9083230663117542,9.25531914893617e-11,-0.10761783345280246,9894.164663440288,-0.010583533655971257
btc_hl_breakout_2m,0,0.015,0.06,0.0,0.15,60,high_frequency,0.008649324384946703,0.8649324384946703,0.28205128205128205,39,-0.05100189776465236,-5.1001897764652355,4.868043793108587,1.0682660798886523,3.277777777777778e-10,0.17009066586935684,10086.493243849467,0.008649324384946703
btc_vol_breakout_8m,0,0.0175,0.03,0.0,0.15,60,high_frequency,0.019246649778303572,1.9246649778303573,0.42105263157894735,38,-0.036056851176869964,-3.6056851176869964,12.2169571632524,1.1892041952749814,2.644736842105263e-10,0.3487662291468447,10192.466497783036,0.019246649778303572
btc_hl_breakout_8m,0,0.03,0.06,0.0,0.15,45,high_frequency,0.02605605216712095,2.6056052167120947,0.375,32,-0.06160348013340711,-6.160348013340711,11.8185362315507,1.1850874575540045,4.3072916666666665e-10,0.574865682152524,10260.56052167121,0.02605605216712095
btc_hl_breakout_5m,0,0.015,0.025,0.0,0.25,10,high_frequency,0.005744156059323677,0.5744156059323677,0.43103448275862066,58,-0.08420514433015092,-8.420514433015091,2.75171109634842,1.0220308202532247,1.8936781609195404e-10,0.06025596638745369,10057.441560593237,0.005744156059323677
btc_hl_breakout_2m,0,0.015,0.05,0.0,0.1,30,high_frequency,0.015473458466873775,1.5473458466873775,0.3409090909090909,44,-0.027118695708473806,-2.7118695708473806,12.117380477584689,1.1770965061146765,2.893939393939394e-10,0.3627900930598106,10154.734584668739,0.015473458466873775
btc_hl_breakout_9m,0,0.015,0.06,0.0,0.1,90,high_frequency,0.017800156255244566,1.7800156255244566,0.3157894736842105,38,-0.035631270605692156,-3.5631270605692156,12.246974389372543,1.2140561347292638,3.4692982456140346e-10,0.4832078181690262,10178.001562552447,0.017800156255244566
btc_hl_breakout_6m,0,0.03,0.045,0.0,0.25,30,high_frequency,-0.02887862616900088,-2.887862616900088,0.3888888888888889,36,-0.1291778423161728,-12.91778423161728,-7.967953650224883,0.8797771086769292,3.5e-10,-0.2899439776213559,9711.21373830999,-0.02887862616900088
btc_hl_breakout_7m,0,0.005,0.015,0.0,0.1,90,high_frequency,-0.002957195210366842,-0.2957195210366842,0.31958762886597936,97,-0.05028226692111448,-5.028226692111448,-1.749419304711793,0.9747813325970284,9.776632302405497e-11,-0.024725320261704174,9970.428047896332,-0.002957195210366842
btc_small_up_9m,0,0.0175,0.045,0.0,0.05,60,high_frequency,0.003598041627633421,0.3598041627633421,0.358974358974359,39,-0.015056635613846292,-1.5056635613846292,6.02413958049753,1.0954777552886945,2.5726495726495726e-10,0.18982319564158054,10035.980416276334,0.003598041627633421
btc_hl_breakout_3m,0,0.015,0.035,0.0,0.15,90,high_frequency,0.034480756961594874,3.4480756961594876,0.42,50,-0.04127968415029637,-4.1279684150296365,17.78003147884939,1.251694323547979,2.3933333333333333e-10,0.4682992284002484,10344.807569615949,0.034480756961594874
btc_hl_breakout_4m,0,0.02,0.03,0.0,0.05,10,high_frequency,0.012008593078829483,1.2008593078829484,0.4897959183673469,49,-0.01117859077176464,-1.117859077176464,18.055933794984153,1.266090359920638,2.54421768707483e-10,0.4931721276562515,10120.085930788295,0.012008593078829483
btc_hl_breakout_2m,0,0.0075,0.045,0.0,0.1,90,high_frequency,-0.00735824303635626,-0.735824303635626,0.25806451612903225,62,-0.04399687658554441,-4.399687658554441,-5.462951836293891,0.9254423364453435,1.8763440860215054e-10,-0.11142926934470777,9926.417569636438,-0.00735824303635626
btc_hl_breakout_2m,0,0.035,0.04,0.0,0.05,5,high_frequency,0.016786258412130547,1.6786258412130546,0.5714285714285714,35,-0.01466662300224919,-1.466662300224919,24.320777542088855,1.4386624805176695,3.8857142857142857e-10,0.9606982047822559,10167.862584121305,0.016786258412130547
btc_hl_breakout_7m,0,0.0125,0.01,0.0,0.05,20,high_frequency,0.005629565183461562,0.5629565183461562,0.5454545454545454,88,-0.014751997744894996,-1.4751997744894996,8.176233332939193,1.1034166691573777,1.1079545454545454e-10,0.13098581494574935,10056.295651834616,0.005629565183461562
btc_hl_breakout_2m,0,0.0075,0.06,0.0,0.1,60,high_frequency,-0.00704724480740316,-0.704724480740316,0.21428571428571427,56,-0.04554422042795536,-4.554422042795537,-4.9546694194558825,0.927606863880812,2.1101190476190478e-10,-0.11567944493600367,9929.527551925969,-0.00704724480740316
btc_hl_breakout_9m,0,0.005,0.05,0.0,0.2,20,high_frequency,0.00075551240209752,0.075551240209752,0.19696969696969696,66,-0.10574402561871898,-10.5744025618719,1.0913050402080113,1.0037089083420172,1.6515151515151513e-10,0.025281234760617416,10007.555124020975,0.00075551240209752
btc_alt_aligned,0,0.0125,0.03,0.0,0.15,60,high_frequency,0.02947700645222685,2.947700645222685,0.3717948717948718,78,-0.050277671235178345,-5.027767123517835,13.27911447110172,1.1510412971047856,1.7136752136752137e-10,0.26208575256384453,10294.770064522269,0.02947700645222685
btc_vol_breakout_3m,0,0.01,0.045,0.0,0.15,10,high_frequency,-0.006202207283062922,-0.6202207283062922,0.2916666666666667,48,-0.04797069896351813,-4.797069896351813,-2.989634076648774,0.9499233388518918,2.1597222222222223e-10,-0.07346569277364648,9937.977927169371,-0.006202207283062922
btc_alt_aligned,0,0.025,0.035,0.0,0.1,45,high_frequency,0.01837855689397021,1.837855689397021,0.45098039215686275,51,-0.03551657261103092,-3.5516572611030917,12.254521647773892,1.1610090708292697,2.725490196078431e-10,0.37164209147871935,10183.785568939702,0.01837855689397021
btc_vol_breakout_3m,0,0.035,0.04,0.0,0.05,10,high_frequency,0.008962277184913041,0.8962277184913041,0.5454545454545454,33,-0.015408316606030592,-1.5408316606030592,13.562161842811397,1.2316828330325849,3.651515151515152e-10,0.5496995910299259,10089.62277184913,0.008962277184913041
btc_small_up_10m,0,0.03,0.04,0.0,0.25,45,high_frequency,0.06909682238814284,6.909682238814284,0.4864864864864865,37,-0.07454657430611766,-7.454657430611766,19.806918402179452,1.3189146011782509,3.022522522522523e-10,0.76375213935764,10690.968223881428,0.06909682238814284
btc_hl_breakout_8m,0,0.0175,0.03,0.0,0.15,20,high_frequency,0.008185202956252533,0.8185202956252533,0.39622641509433965,53,-0.061883238781910044,-6.188323878191005,4.392388217150969,1.049876381920058,2.289308176100629e-10,0.12040891379030817,10081.852029562526,0.008185202956252533
btc_bullish,0,0.015,0.01,0.0,0.1,90,high_frequency,0.009231600310606063,0.9231600310606063,0.5490196078431373,102,-0.029255780065654213,-2.9255780065654213,6.637468899263553,1.0695130179770989,1.1470588235294119e-10,0.09667613275429221,10092.316003106062,0.009231600310606063
btc_vol_breakout_2m,0,0.015,0.035,0.0,0.15,20,high_frequency,0.029883809489738133,2.988380948973813,0.4117647058823529,51,-0.04034808669713108,-4.034808669713108,15.932825139521954,1.221329988273566,2.2483660130718954e-10,0.4000969832170867,10298.83809489738,0.029883809489738133
btc_vol_breakout_3m,0,0.03,0.05,0.0,0.15,45,high_frequency,0.017011860189614595,1.7011860189614596,0.4482758620689655,29,-0.05915739657213448,-5.915739657213448,8.834003204334477,1.14737862373183,4.3908045977011496e-10,0.41712649907624166,10170.118601896145,0.017011860189614595
btc_vol_breakout_3m,0,0.03,0.025,0.0,0.05,5,high_frequency,0.01170852579944633,1.170852579944633,0.5897435897435898,39,-0.011504126664035552,-1.1504126664035552,17.793717856090538,1.3146016259130164,3.1111111111111114e-10,0.6036295006095321,10117.085257994464,0.01170852579944633
btc_hl_breakout_3m,0,0.03,0.045,0.0,0.2,5,high_frequency,0.03541143634542418,3.541143634542418,0.4857142857142857,35,-0.07733508606916129,-7.7335086069161285,13.468294075413956,1.2081351367875477,3.8523809523809525e-10,0.528858246959315,10354.114363454242,0.03541143634542418
btc_hl_breakout_7m,0,0.03,0.035,0.0,0.1,30,high_frequency,0.016201112291726168,1.6201112291726167,0.475,40,-0.04497722385134206,-4.497722385134207,11.466603053944633,1.1730033644882718,3.2375e-10,0.41782930712379335,10162.011122917262,0.016201112291726168
btc_small_up_9m,0,0.025,0.04,0.0,0.05,60,high_frequency,0.014255052551934096,1.4255052551934095,0.5,34,-0.011175896755862613,-1.1175896755862613,23.393124113374604,1.4425667896574528,3.068627450980392e-10,0.83990117933291,10142.55052551934,0.014255052551934096
btc_hl_breakout_10m,0,0.0125,0.045,0.0,0.25,20,high_frequency,0.053974599312929465,5.397459931292946,0.37777777777777777,45,-0.07393657298520095,-7.393657298520095,15.438073906527377,1.228930954038445,2.7e-10,0.5027089992503966,10539.745993129294,0.053974599312929465
btc_vol_breakout_9m,0,0.015,0.035,0.0,0.2,20,high_frequency,0.05164667257002743,5.164667257002743,0.42105263157894735,38,-0.034988481618323575,-3.4988481618323575,24.024293531424163,1.4212282635843916,2.460526315789474e-10,0.6816938544853307,10516.466725700275,0.05164667257002743
btc_hl_breakout_6m,0,0.0125,0.05,0.0,0.05,10,high_frequency,0.0002041737784156169,0.02041737784156169,0.30612244897959184,49,-0.016882793528831486,-1.6882793528831486,0.50194378968727,1.0041903339172762,2.510204081632653e-10,0.014617479389397421,10002.041737784157,0.0002041737784156169
btc_alt_aligned,0,0.035,0.035,0.0,0.2,30,high_frequency,0.0398203344650999,3.9820334465099902,0.5121951219512195,41,-0.07233419213008219,-7.233419213008219,13.486374544990918,1.19789392251746,3.4390243902439024e-10,0.5098156086415834,10398.203344651,0.0398203344650999
btc_small_up_10m,0,0.015,0.03,0.0,0.05,20,high_frequency,0.0114362841275535,1.14362841275535,0.40384615384615385,52,-0.017294679661141177,-1.7294679661141177,16.377812926452904,1.256431452415476,1.8205128205128205e-10,0.4432713567057873,10114.362841275535,0.0114362841275535
btc_bullish,0,0.0175,0.06,0.0,0.05,15,high_frequency,0.013233274593866987,1.3233274593866986,0.3181818181818182,44,-0.013920423426242445,-1.3920423426242445,17.369378769815192,1.2820695706924152,2.996212121212121e-10,0.6070245895937966,10132.33274593867,0.013233274593866987
btc_small_up_9m,0,0.025,0.035,0.0,0.25,60,high_frequency,0.06102150824607961,6.102150824607961,0.5,34,-0.05484621234415665,-5.484621234415665,20.28538790543252,1.3559421163182641,3.176470588235294e-10,0.7284781462064593,10610.215082460796,0.06102150824607961
btc_alt_aligned,0,0.02,0.3,0.0,0.4,180,random,0.1547515596698986,15.47515596698986,0.2,15,-0.12680847279995733,-12.680847279995733,23.53012115457399,1.8242835031936613,9.744444444444445e-10,2.7476199559299084,11547.515596698986,0.1547515596698986
btc_bullish,0,0.0075,0.08,0.0,0.1,45,random,0.023356000058102826,2.335600005810283,0.22916666666666666,48,-0.03210387898750133,-3.2103878987501333,15.436037700459584,1.279828320882791,2.7430555555555555e-10,0.4958356924610081,10233.560000581028,0.023356000058102826
btc_hl_breakout_7m,0,0.01,0.04,0.0,0.5,90,random,0.07167610016213484,7.167610016213484,0.3050847457627119,59,-0.16250969298276374,-16.250969298276374,11.590625023379902,1.1271422084907925,2.0593220338983052e-10,0.2886517770704372,10716.761001621348,0.07167610016213484
btc_hl_breakout_3m,0,0.025,0.12,0.0,0.1,480,random,0.03050981294447579,3.050981294447579,0.3181818181818182,22,-0.038336588024569296,-3.8336588024569296,21.561985006525184,1.4696080565669407,6.257575757575758e-10,1.4093722317262276,10305.098129444757,0.03050981294447579
btc_vol_breakout_8m,0,0.025,0.2,0.0,0.5,15,random,0.1567787301662519,15.67787301662519,0.3076923076923077,13,-0.10071210664905883,-10.071210664905884,25.256886302429436,1.815367524896893,1.0115384615384616e-09,2.525512693508388,11567.78730166252,0.1567787301662519
btc_small_up_10m,0,0.05,0.02,0.0,0.4,480,random,0.09609218224092833,9.609218224092833,0.6666666666666666,36,-0.11107170075787909,-11.10717007578791,17.267767131135844,1.2708979876948534,3.148148148148148e-10,0.7086546990274243,10960.921822409284,0.09609218224092833
btc_hl_breakout_3m,0,0.02,0.05,0.0,0.05,480,random,0.005276472796075945,0.5276472796075945,0.3783783783783784,37,-0.016969309304391222,-1.6969309304391222,7.794110386087142,1.127516763476606,3.5045045045045046e-10,0.2924991864393677,10052.764727960759,0.005276472796075945
btc_small_up_9m,0,0.01,0.04,0.0,0.15,1440,random,0.03029061543323537,3.0290615433235373,0.36363636363636365,44,-0.0357106996282599,-3.57106996282599,17.1713028199569,1.2879244681107995,2.0643939393939394e-10,0.46650581901167737,10302.906154332353,0.03029061543323537
btc_vol_breakout_8m,0,0.06,0.045,0.0,0.3,10,random,-0.009105105086045569,-0.9105105086045568,0.55,20,-0.10556407033849802,-10.556407033849801,-1.234901121816141,0.9542936725210398,6.091666666666666e-10,-0.07620357988448581,9908.948949139543,-0.009105105086045569
btc_vol_breakout_8m,0,0.1,0.04,0.0,0.05,120,random,0.007548519732679267,0.7548519732679267,0.7,20,-0.016584349515083474,-1.6584349515083474,11.918852095417966,1.259855136164341,6.6e-10,0.7660731909190387,10075.485197326792,0.007548519732679267
btc_vol_breakout_10m,0,0.015,0.3,0.0,0.3,15,random,0.06866046833271207,6.866046833271207,0.2222222222222222,9,-0.06226462792172982,-6.226462792172982,17.902577402993526,2.2295951386815926,1.5203703703703705e-09,2.6352442314206637,10686.604683327121,0.06866046833271207
btc_vol_breakout_10m,0,0.0175,0.1,0.0,0.5,10,random,0.17046946239897426,17.046946239897427,0.2916666666666667,24,-0.10114802047770854,-10.114802047770855,27.57731931342185,1.6352815610666744,4.4305555555555556e-10,1.4181079888060186,11704.694623989742,0.17046946239897426
btc_hl_breakout_5m,0,0.025,0.04,0.0,0.5,720,random,0.10219549371424355,10.219549371424355,0.4634146341463415,41,-0.15342161155144485,-15.342161155144485,16.311670409292912,1.202909807901399,3.170731707317073e-10,0.5409542158253098,11021.954937142436,0.10219549371424355
btc_hl_breakout_9m,0,0.035,0.3,0.0,0.2,120,random,0.08080374852907012,8.080374852907012,0.3,10,-0.07502168933429998,-7.5021689334299975,24.02056357370986,1.9537908667127644,1.4483333333333334e-09,4.162221719896761,10808.0374852907,0.08080374852907012
btc_hl_breakout_9m,0,0.1,0.04,0.0,0.2,15,random,0.054615056865870745,5.461505686587074,0.7142857142857143,21,-0.07735698693157367,-7.735698693157367,18.334881367511187,1.4217676581324306,6.658730158730158e-10,1.3312248679690803,10546.150568658708,0.054615056865870745
btc_vol_breakout_10m,0,0.1,0.06,0.0,0.4,30,random,0.023058321440943972,2.3058321440943974,0.5454545454545454,11,-0.12753313158560708,-12.753313158560708,5.869890723883797,1.1163879388021607,1.15e-09,0.7151837280680692,10230.58321440944,0.023058321440943972
btc_hl_breakout_7m,0,0.1,0.015,0.0,0.5,180,random,0.12727947926082525,12.727947926082525,0.8125,32,-0.16810388097165552,-16.81038809716555,18.20063300071488,1.3444242365816765,4.010416666666667e-10,0.8405785535537589,11272.794792608252,0.12727947926082525
btc_hl_breakout_2m,0,0.025,0.25,0.0,0.25,5,random,0.05504001850114842,5.504001850114841,0.25,16,-0.09210970260298301,-9.210970260298302,15.558539537669704,1.3605447153545338,8.864583333333333e-10,1.5273515209229402,10550.400185011484,0.05504001850114842
btc_hl_breakout_6m,0,0.08,0.25,0.0,0.5,90,random,0.1116569177039204,11.16569177039204,0.4,10,-0.1832769589833002,-18.32769589833002,15.761846569354116,1.3585321738935054,1.4366666666666667e-09,2.7185424113885563,11116.569177039204,0.1116569177039204
btc_small_down_10m,0,0.005,0.12,0.0,0.4,5,random,0.09742945821912881,9.742945821912881,0.15384615384615385,39,-0.11714926074799115,-11.714926074799115,18.210275659499054,1.4189874028769827,3.094017094017094e-10,0.6695695781207194,10974.294582191287,0.09742945821912881
btc_small_up_10m,0,0.05,0.2,0.0,0.2,180,random,0.04186781395666276,4.186781395666276,0.35714285714285715,14,-0.07525154717337956,-7.525154717337957,14.267217713047884,1.3196506789258233,9.571428571428571e-10,1.6234227593060442,10418.678139566628,0.04186781395666276
btc_hl_breakout_3m,0,0.03,0.25,0.0,0.2,5,random,0.041636920455891915,4.163692045589191,0.26666666666666666,15,-0.07733508606915862,-7.733508606915862,14.62751137421859,1.3384351315434138,9.577777777777778e-10,1.5225846933501466,10416.36920455892,0.041636920455891915
btc_small_up_10m,0,0.1,0.03,0.0,0.15,30,random,0.07355097933279246,7.3550979332792465,0.8181818181818182,22,-0.034805877569531796,-3.4805877569531796,33.18238236952138,2.1003271944515953,5.787878787878788e-10,2.1890825462307886,10735.509793327925,0.07355097933279246
btc_vol_breakout_8m,0,0.01,0.045,0.0,0.2,180,random,0.011400372151552051,1.1400372151552052,0.28205128205128205,39,-0.03935280133048802,-3.935280133048802,6.0450318054621235,1.0937235945978285,2.44017094017094e-10,0.16103911827964812,10114.00372151552,0.011400372151552051
btc_bullish,0,0.04,0.08,0.0,0.5,1440,random,0.12728240982474964,12.728240982474965,0.45,20,-0.15518293648019277,-15.518293648019277,17.779600320555186,1.3346603381813928,7.016666666666667e-10,1.3833763012557256,11272.824098247496,0.12728240982474964
btc_hl_breakout_3m,0,0.015,0.15,0.0,0.25,180,random,0.09000244980559233,9.000244980559232,0.2777777777777778,18,-0.07991565799561395,-7.991565799561395,22.8898268133501,1.7344547825791619,7.62962962962963e-10,2.0441685706712756,10900.024498055924,0.09000244980559233
btc_hl_breakout_5m,0,0.005,0.035,0.0,0.25,10,random,0.043185713069550546,4.318571306955055,0.273972602739726,73,-0.10573041240156222,-10.573041240156222,13.088205883477645,1.1572393443482045,1.454337899543379e-10,0.2533776618108652,10431.857130695505,0.043185713069550546
btc_hl_breakout_6m,0,0.04,0.2,0.0,0.05,480,random,0.0073537281503228144,0.7353728150322815,0.2857142857142857,14,-0.019336807567151615,-1.9336807567151615,10.327562890468736,1.2500158860822863,1.0059523809523809e-09,1.086266075599369,10073.537281503228,0.0073537281503228144
btc_vol_breakout_3m,0,0.04,0.3,0.0,0.05,120,random,0.014715158362983363,1.4715158362983363,0.5,4,-0.01939609030694822,-1.9396090306948222,17.17042458558117,3.7241999478055368,3.6791666666666665e-09,7.378469097235632,10147.151583629833,0.014715158362983363
btc_alt_aligned,0,0.06,0.035,0.0,0.2,15,random,0.058267911152857094,5.826791115285709,0.6428571428571429,28,-0.0712130565105007,-7.121305651050069,19.273236934559705,1.3981406954004265,5.130952380952381e-10,1.053157508693439,10582.67911152857,0.058267911152857094
btc_hl_breakout_4m,0,0.02,0.05,0.0,0.4,180,random,0.056803813354536305,5.680381335453631,0.39473684210526316,38,-0.11058944474381927,-11.058944474381926,11.547520953948979,1.1559886569593,3.4385964912280705e-10,0.42625864636653876,10568.038133545364,0.056803813354536305
btc_hl_breakout_10m,0,0.08,0.3,0.0,0.15,120,random,0.04776248083548153,4.776248083548153,0.6666666666666666,3,-0.05387378075659888,-5.387378075659887,18.95757979523272,4.312689434641473,4.916666666666667e-09,10.65415821736986,10477.624808354816,0.04776248083548153
btc_hl_breakout_9m,0,0.0175,0.2,0.0,0.4,1440,random,0.09761770659193171,9.761770659193171,0.23809523809523808,21,-0.14702715314168124,-14.702715314168124,17.112198275892908,1.3483996308621367,6.626984126984126e-10,1.306202444217511,10976.177065919317,0.09761770659193171
btc_small_up_10m,0,0.03,0.06,0.0,0.1,20,random,0.023641601522966574,2.3641601522966575,0.37037037037037035,27,-0.03371765225112677,-3.3717652251126773,16.374398907531987,1.3210775099007028,4.580246913580247e-10,0.8935211483052087,10236.416015229666,0.023641601522966574
btc_small_up_9m,0,0.0175,0.08,0.0,0.05,720,random,0.003799724151786194,0.3799724151786194,0.27586206896551724,29,-0.017205177316445774,-1.7205177316445774,5.987910907770013,1.109989137185651,3.9310344827586204e-10,0.2715435377787072,10037.997241517862,0.003799724151786194
btc_small_down_10m,0,0.0175,0.025,0.0,0.3,90,random,0.04866706169997519,4.866706169997519,0.5,46,-0.0630132756717392,-6.30132756717392,14.267038290431392,1.2036019348898326,1.9492753623188405e-10,0.37140077511043185,10486.670616999752,0.04866706169997519
btc_vol_breakout_10m,0,0.035,0.3,0.0,0.4,90,random,0.042175848324442176,4.217584832444218,0.3333333333333333,6,-0.12313645660076455,-12.313645660076455,8.983963796849299,1.349191830992771,2.3527777777777775e-09,2.12698621484369,10421.758483244423,0.042175848324442176
btc_small_up_10m,0,0.05,0.06,0.0,0.5,20,random,0.15160126870050417,15.160126870050416,0.5,22,-0.17018137028476588,-17.018137028476588,20.772582817775678,1.3724812732993736,5.863636363636363e-10,1.459349109156368,11516.01268700504,0.15160126870050417
btc_vol_breakout_2m,0,0.025,0.015,0.0,0.25,480,random,0.03679973667331237,3.679973667331237,0.6206896551724138,58,-0.05551800059674139,-5.5518000596741395,12.18680365319273,1.161267754485225,1.8419540229885057e-10,0.2684801697614762,10367.997366733123,0.03679973667331237
btc_vol_breakout_10m,0,0.02,0.08,0.0,0.4,60,random,0.10977173457102526,10.977173457102527,0.32,25,-0.0859598345445749,-8.595983454457489,22.571368542665468,1.4381347067447887,4.26e-10,1.1281335120670937,11097.717345710253,0.10977173457102526
btc_vol_breakout_3m,0,0.03,0.045,0.0,0.25,120,random,0.020577099970324253,2.0577099970324255,0.45161290322580644,31,-0.09695977596375072,-9.695977596375071,6.933204247375827,1.1002924959261606,4.10752688172043e-10,0.3085540931046897,10205.770999703243,0.020577099970324253
btc_hl_breakout_9m,0,0.0125,0.1,0.0,0.2,10,random,0.06557285677763075,6.557285677763075,0.29411764705882354,34,-0.06796400203369035,-6.796400203369036,21.454489376356392,1.4159610283687538,3.975490196078431e-10,0.9820903824922695,10655.728567776307,0.06557285677763075
btc_vol_breakout_2m,0,0.035,0.05,0.0,0.3,720,random,0.03563265016971127,3.5632650169711266,0.4666666666666667,30,-0.1140168041081322,-11.40168041081322,9.723784860873414,1.1444156070486406,4.505555555555556e-10,0.44714473709298164,10356.326501697113,0.03563265016971127
btc_hl_breakout_7m,0,0.05,0.02,0.0,0.5,30,random,0.13749856404732608,13.749856404732608,0.675,40,-0.1475495613834079,-14.754956138340791,19.41624345325783,1.2799716854095342,3.2625e-10,0.7231238772429933,11374.98564047326,0.13749856404732608
btc_small_up_9m,0,0.03,0.12,0.0,0.4,90,random,0.0673297139545241,6.7329713954524095,0.3333333333333333,18,-0.11377079372897936,-11.377079372897935,13.934380625934459,1.262875747461018,6.888888888888889e-10,1.078846687062785,10673.29713954524,0.0673297139545241
btc_hl_breakout_1m,0,0.0125,0.08,0.0,0.1,5,random,0.011435345348542876,1.1435345348542876,0.2631578947368421,38,-0.03893451042343499,-3.8934510423434987,9.078892895572471,1.1542370267221655,3.298245614035088e-10,0.31383651336260043,10114.353453485428,0.011435345348542876
btc_hl_breakout_3m,0,0.1,0.12,0.0,0.4,45,random,0.19748521856558127,19.748521856558128,0.6363636363636364,11,-0.11897399286688914,-11.897399286688914,31.162532372942312,1.9227811069561227,1.3242424242424243e-09,4.432017242762298,11974.852185655813,0.19748521856558127
btc_hl_breakout_9m,0,0.03,0.025,0.0,0.2,90,random,0.04046242541862034,4.046242541862035,0.5348837209302325,43,-0.06880544749189621,-6.880544749189621,14.593069904612792,1.2176970881328564,2.934108527131783e-10,0.4894501991146495,10404.624254186203,0.04046242541862034
btc_hl_breakout_10m,0,0.0125,0.05,0.0,0.2,120,random,0.04691269622777652,4.691269622777652,0.3409090909090909,44,-0.059484441333084837,-5.948444133308484,16.416148186546593,1.2502135039618945,2.7954545454545453e-10,0.5543483121179241,10469.126962277765,0.04691269622777652
btc_hl_breakout_9m,0,0.05,0.015,0.0,0.05,15,random,0.007796927613238001,0.7796927613238,0.6818181818181818,44,-0.019759178202146788,-1.9759178202146788,10.610584265518902,1.1703655680780787,2.9734848484848485e-10,0.3609253477529493,10077.96927613238,0.007796927613238001
btc_vol_breakout_9m,0,0.01,0.01,0.0,0.25,720,random,-0.0015908617336359838,-0.15908617336359837,0.5087719298245614,57,-0.05323582410405869,-5.323582410405869,0.007036832497374132,0.9901456102744681,1.0380116959064328e-10,0.0003187716718755142,9984.09138266364,-0.0015908617336359838
btc_small_down_10m,0,0.005,0.015,0.0,0.5,60,random,0.12317629909258312,12.317629909258313,0.36046511627906974,86,-0.13414029354844326,-13.414029354844326,23.609784667651443,1.2736997429850234,7.189922480620155e-11,0.29044347950459054,11231.762990925832,0.12317629909258312
btc_hl_breakout_10m,0,0.005,0.12,0.0,0.2,480,random,0.035599812944559675,3.5599812944559677,0.1590909090909091,44,-0.08571935139274212,-8.571935139274212,12.699216309419635,1.2197922612163463,2.7196969696969693e-10,0.4399524476474673,10355.998129445597,0.035599812944559675
btc_hl_breakout_1m,0,0.035,0.25,0.0,0.05,30,random,0.016723809730876126,1.6723809730876127,0.3333333333333333,12,-0.017214560791766753,-1.7214560791766753,22.549206728578252,1.7086853756134615,1.1986111111111112e-09,2.817317959501887,10167.238097308762,0.016723809730876126
btc_vol_breakout_2m,0,0.035,0.03,0.0,0.5,120,random,0.0719100129681875,7.19100129681875,0.5789473684210527,38,-0.14317631883001358,-14.317631883001358,12.343494793608498,1.1613685071839155,3.473684210526316e-10,0.43070821058810255,10719.100129681876,0.0719100129681875
btc_small_down_10m,0,0.06,0.01,0.0,0.4,1440,random,0.17493474031221468,17.493474031221467,0.8055555555555556,36,-0.07186246688485431,-7.186246688485431,33.37006106488766,1.834949518136793,2.634259259259259e-10,1.1617112399320435,11749.347403122147,0.17493474031221468
btc_bullish,0,0.005,0.02,0.0,0.1,720,random,0.016629442100767403,1.6629442100767402,0.3425925925925926,108,-0.024274150611997336,-2.4274150611997336,11.647425771157565,1.1292045496011411,1.0339506172839506e-10,0.15893474644847413,10166.294421007675,0.016629442100767403
btc_vol_breakout_3m,0,0.05,0.12,0.0,0.2,240,random,0.03608441438471118,3.608441438471118,0.35714285714285715,14,-0.0735576972091867,-7.35576972091867,13.410788459277079,1.314166303533139,9.547619047619048e-10,1.3801037959493676,10360.844143847113,0.03608441438471118
btc_hl_breakout_5m,0,0.0175,0.035,0.0,0.1,180,random,-0.010256251784377935,-1.0256251784377934,0.3469387755102041,49,-0.04762524413095082,-4.762524413095082,-7.653927943808411,0.9001051698345587,2.5680272108843537e-10,-0.200478277670969,9897.437482156221,-0.010256251784377935
btc_hl_breakout_9m,0,0.04,0.2,0.0,0.3,240,random,0.11785373076729147,11.785373076729147,0.38461538461538464,13,-0.09926487584224408,-9.926487584224407,24.964133592589487,1.739951270122246,1.117948717948718e-09,3.0990025514552504,11178.537307672916,0.11785373076729147
btc_hl_breakout_5m,0,0.04,0.01,0.0,0.2,15,random,0.052521616787088984,5.252161678708898,0.75,60,-0.049027461973480624,-4.902746197348062,20.463880579667954,1.3203073296429264,1.8361111111111111e-10,0.44220001592657643,10525.21616787089,0.052521616787088984
btc_hl_breakout_1m,0,0.0075,0.3,0.0,0.05,15,random,0.01282329856506887,1.282329856506887,0.15,20,-0.020123562125463956,-2.0123562125463956,16.948163622462136,1.5485480523068844,6.808333333333333e-10,1.3031979628861805,10128.23298565069,0.01282329856506887
btc_vol_breakout_2m,0,0.08,0.08,0.0,0.15,120,random,0.050059081954898055,5.0059081954898055,0.625,16,-0.05176570191524399,-5.176570191524399,21.82476574494817,1.547584432095183,8.739583333333333e-10,2.107262511826986,10500.590819548981,0.050059081954898055
btc_small_down_10m,0,0.015,0.03,0.0,0.15,30,random,0.04069514964121438,4.069514964121438,0.4375,48,-0.034293777958152805,-3.4293777958152805,24.2904301250443,1.3826631391314204,1.9270833333333333e-10,0.5660147632448661,10406.951496412144,0.04069514964121438
btc_vol_breakout_8m,0,0.01,0.2,0.0,0.1,90,random,0.021772485132803002,2.1772485132803,0.125,24,-0.02787880154373079,-2.787880154373079,17.822258592311332,1.4899709460287005,5.034722222222222e-10,0.9301395865026785,10217.72485132803,0.021772485132803002
btc_hl_breakout_4m,0,0.035,0.025,0.0,0.5,60,random,0.10662078287053472,10.662078287053472,0.5952380952380952,42,-0.11211959382835845,-11.211959382835845,17.011193993715185,1.2259024817994812,3.1547619047619047e-10,0.5452559607429228,11066.207828705348,0.10662078287053472
btc_hl_breakout_4m,0,0.06,0.05,0.0,0.05,240,random,0.014013251978003115,1.4013251978003116,0.6086956521739131,23,-0.016400971220666638,-1.6400971220666638,18.450299050393802,1.4171508890386886,6.036231884057971e-10,1.2253738215649523,10140.13251978003,0.014013251978003115
btc_hl_breakout_5m,0,0.0125,0.03,0.0,0.4,240,random,0.06714953047379672,6.714953047379672,0.4166666666666667,60,-0.10570711473682892,-10.570711473682891,13.91605937015784,1.156435425847996,1.872222222222222e-10,0.30478196079713493,10671.495304737968,0.06714953047379672
btc_hl_breakout_1m,0,0.015,0.045,0.0,0.25,10,random,0.016530256615564485,1.6530256615564485,0.3409090909090909,44,-0.08210007351514625,-8.210007351514626,6.081822353581577,1.0740401506427368,2.909090909090909e-10,0.1773573100322002,10165.302566155646,0.016530256615564485
btc_vol_breakout_10m,0,0.0075,0.15,0.0,0.2,480,random,0.0020282170534147554,0.20282170534147553,0.10714285714285714,28,-0.06653044867401059,-6.653044867401059,1.55374847000309,1.0177001727685302,3.869047619047619e-10,0.08189231853095298,10020.282170534148,0.0020282170534147554
btc_vol_breakout_8m,0,0.06,0.045,0.0,0.1,60,random,-0.0020301120737029462,-0.20301120737029463,0.55,20,-0.036227856730638885,-3.6227856730638885,-1.2005639979569191,0.9688212899070153,6.091666666666666e-10,-0.07620357988448777,9979.69887926297,-0.0020301120737029462
btc_vol_breakout_10m,0,0.01,0.045,0.0,0.4,15,random,0.0009812568000235387,0.09812568000235387,0.2702702702702703,37,-0.09637346403212332,-9.637346403212332,1.3839361631201135,1.0041471330178482,2.3783783783783784e-10,0.03511253095502343,10009.812568000236,0.0009812568000235387
btc_vol_breakout_2m,0,0.05,0.05,0.0,0.15,90,random,0.02309469832161378,2.309469832161378,0.5172413793103449,29,-0.05045038334025864,-5.045038334025865,11.68267969958575,1.179470751440013,4.683908045977012e-10,0.5605747690277926,10230.946983216138,0.02309469832161378
btc_hl_breakout_2m,0,0.035,0.02,0.0,0.5,180,random,0.21280955438397542,21.28095543839754,0.6818181818181818,44,-0.09350076947497221,-9.350076947497222,33.466613118469674,1.539291124885626,2.7272727272727273e-10,0.9235690882195823,12128.095543839754,0.21280955438397542
btc_hl_breakout_6m,0,0.01,0.25,0.0,0.25,240,random,0.049105505847291946,4.910550584729195,0.15384615384615385,26,-0.09650884494625533,-9.650884494625533,14.339012287453423,1.304605244175455,5.192307692307692e-10,0.8524684614203613,10491.055058472919,0.049105505847291946
btc_vol_breakout_3m,0,0.03,0.015,0.0,0.15,720,random,0.05898948471504359,5.898948471504359,0.6875,48,-0.0279380793714038,-2.79380793714038,33.03615314477717,1.6303141761022035,2.1145833333333334e-10,0.8082676328129571,10589.894847150435,0.05898948471504359
btc_hl_breakout_6m,0,0.025,0.03,0.0,0.15,10,random,0.01617837685267898,1.6178376852678982,0.4883720930232558,43,-0.041962557358532604,-4.19625573585326,8.589498187981937,1.1161315619042789,2.9883720930232563e-10,0.26762192616834757,10161.78376852679,0.01617837685267898
btc_vol_breakout_3m,0,0.08,0.1,0.0,0.4,15,random,0.14766906220167594,14.766906220167595,0.5333333333333333,15,-0.12279097910106196,-12.279097910106195,24.7848611112916,1.5550287088954633,9.011111111111112e-10,2.5175184447411696,11476.690622016758,0.14766906220167594
btc_hl_breakout_5m,0,0.02,0.25,0.0,0.3,15,random,0.07215363107501475,7.215363107501475,0.2222222222222222,18,-0.09883826592828193,-9.883826592828193,17.010218371867943,1.3811982198386108,8.018518518518519e-10,1.495434320475145,10721.536310750147,0.07215363107501475
btc_vol_breakout_9m,0,0.035,0.06,0.0,0.3,720,random,0.019839967819049342,1.9839967819049342,0.4,20,-0.09353140188119535,-9.353140188119536,6.205408082959753,1.104271089256791,5.833333333333333e-10,0.4080112017305069,10198.399678190493,0.019839967819049342
btc_small_up_10m,0,0.0125,0.06,0.0,0.05,480,random,0.009590647046685632,0.9590647046685632,0.2682926829268293,41,-0.018008060596172437,-1.8008060596172437,13.393743986224361,1.2448834738877719,2.5121951219512194e-10,0.4740872175537664,10095.906470466856,0.009590647046685632
btc_hl_breakout_6m,0,0.1,0.12,0.0,0.05,480,random,0.01695703930517087,1.6957039305170871,0.5,12,-0.018623050644153483,-1.8623050644153483,22.122859204527327,1.598104163902732,1.2111111111111111e-09,2.848236258618087,10169.570393051708,0.01695703930517087
btc_hl_breakout_1m,0,0.005,0.12,0.0,0.2,45,random,0.030501106381075622,3.0501106381075624,0.14583333333333334,48,-0.076845084869263,-7.6845084869263,11.07076102830862,1.1846111158570067,2.3125e-10,0.3512854154454579,10305.011063810756,0.030501106381075622
btc_hl_breakout_2m,0,0.015,0.045,0.0,0.4,180,random,0.03891851212319357,3.8918512123193567,0.35555555555555557,45,-0.11319472604831848,-11.319472604831848,8.900370977489066,1.1026561209957397,2.874074074074074e-10,0.2577793326544999,10389.185121231936,0.03891851212319357
btc_vol_breakout_2m,0,0.1,0.1,0.0,0.5,180,random,0.1816960259282594,18.16960259282594,0.5833333333333334,12,-0.15794086500770865,-15.794086500770865,24.100619505925113,1.6551524671862852,1.1805555555555554e-09,3.075608750379457,11816.960259282594,0.1816960259282594
btc_hl_breakout_9m,0,0.015,0.015,0.0,0.4,240,random,0.04328648493082478,4.328648493082478,0.5070422535211268,71,-0.14360647470958088,-14.360647470958089,9.219385309602734,1.0929991123277787,1.4295774647887323e-10,0.18148264264155012,10432.864849308247,0.04328648493082478
btc_hl_breakout_7m,0,0.03,0.3,0.0,0.3,360,random,0.10916756962934278,10.916756962934278,0.2727272727272727,11,-0.11942693655144376,-11.942693655144376,22.18449966733674,1.7599323287677364,1.2954545454545457e-09,3.5122979952632076,11091.675696293427,0.10916756962934278
btc_hl_breakout_9m,0,0.08,0.025,0.0,0.15,360,random,0.04432846252787197,4.432846252787197,0.7307692307692307,26,-0.0451324745358046,-4.51324745358046,20.06434915075298,1.464180533952908,5.307692307692308e-10,1.1456764611444135,10443.28462527872,0.04432846252787197
btc_hl_breakout_8m,0,0.02,0.3,0.0,0.15,60,random,0.04517700292323846,4.517700292323846,0.4,5,-0.055191315084846426,-5.519131508484643,18.082698465315584,3.663248027087869,2.933333333333333e-09,6.056059707893778,10451.770029232384,0.04517700292323846
btc_small_up_10m,0,0.04,0.2,0.0,0.05,120,random,0.011244803572243353,1.1244803572243354,0.3333333333333333,15,-0.017417976787568734,-1.7417976787568734,14.811967043570778,1.361038291290805,8.744444444444445e-10,1.5289832312202636,10112.448035722433,0.011244803572243353
btc_small_up_10m,0,0.06,0.045,0.0,0.3,20,random,0.07266843582550186,7.2668435825501865,0.6,25,-0.09955955304120678,-9.955955304120678,17.509312199653873,1.316036581960578,4.806666666666667e-10,1.0127742813294411,10726.68435825502,0.07266843582550186
btc_vol_breakout_10m,0,0.02,0.2,0.0,0.25,90,random,0.08882923361138614,8.882923361138614,0.2,15,-0.05178646362016637,-5.178646362016637,27.193722075669903,1.882508420723256,7.944444444444444e-10,2.427785659361723,10888.292336113862,0.08882923361138614
btc_hl_breakout_4m,0,0.015,0.04,0.0,0.3,60,random,0.07652910040260368,7.652910040260368,0.4166666666666667,48,-0.07534797176319052,-7.534797176319053,19.578265416377782,1.2800900262778658,2.6354166666666665e-10,0.5450781204799121,10765.291004026036,0.07652910040260368
btc_hl_breakout_7m,0,0.005,0.2,0.0,0.3,30,random,0.06821126990713142,6.821126990713141,0.15625,32,-0.11649939460201253,-11.649939460201253,15.839079662816172,1.3190171573078104,4.057291666666667e-10,0.7861748824013591,10682.112699071315,0.06821126990713142
btc_bullish,0,0.1,0.025,0.0,0.3,30,random,0.06937066214392162,6.937066214392162,0.7692307692307693,26,-0.09685276890169536,-9.685276890169536,16.14980567053424,1.323458821810387,5.435897435897436e-10,0.9362262912966488,10693.706621439216,0.06937066214392162
btc_hl_breakout_7m,0,0.0075,0.12,0.0,0.15,120,random,0.03653248647131079,3.653248647131079,0.18181818181818182,44,-0.059577272189577424,-5.957727218957743,16.382175413965804,1.2726840470263463,2.965909090909091e-10,0.5799850915964494,10365.324864713108,0.03653248647131079
btc_hl_breakout_3m,0,0.015,0.045,0.0,0.25,10,random,0.0608501262822459,6.0850126282245895,0.4,45,-0.06812607775226498,-6.812607775226498,18.849196112510942,1.2784935144482865,2.825925925925926e-10,0.5548590687171487,10608.50126282246,0.0608501262822459
btc_small_down_10m,0,0.015,0.015,0.0,0.1,10,random,0.026947223016216652,2.694722301621665,0.5344827586206896,58,-0.0207253127445024,-2.07253127445024,24.893598880182257,1.367693644932945,1.2902298850574712e-10,0.46512545345031864,10269.472230162166,0.026947223016216652
btc_vol_breakout_10m,0,0.005,0.12,0.0,0.2,30,random,0.026867471591626713,2.6867471591626715,0.125,32,-0.041658942091922335,-4.165894209192233,11.920851707632142,1.2741219060516351,3.244791666666667e-10,0.45059471579448906,10268.674715916268,0.026867471591626713
btc_hl_breakout_7m,0,0.08,0.035,0.0,0.15,5,random,0.04445212679470369,4.4452126794703695,0.6956521739130435,23,-0.04791696900775788,-4.791696900775788,19.980430359769702,1.4875191805477372,6.18840579710145e-10,1.2974183897606217,10444.521267947037,0.04445212679470369
btc_hl_breakout_2m,0,0.0175,0.025,0.0,0.1,90,random,-0.010241958383338795,-1.0241958383338796,0.40384615384615385,52,-0.04317174572547111,-4.317174572547112,-7.953712115380186,0.8985063911472805,2.217948717948718e-10,-0.18924773008381718,9897.580416166613,-0.010241958383338795
btc_hl_breakout_6m,0,0.01,0.045,0.0,0.2,360,random,-0.003635118086970488,-0.3635118086970488,0.2857142857142857,56,-0.06738436756653177,-6.738436756653177,-0.623524767782467,0.9818819648069727,2.1160714285714285e-10,-0.013762697435868443,9963.648819130296,-0.003635118086970488
btc_vol_breakout_8m,0,0.0125,0.3,0.0,0.15,90,random,0.03331503890955109,3.3315038909551093,0.2,10,-0.033133296851140304,-3.3133296851140304,16.94561600155846,2.1632440443880685,1.3316666666666667e-09,2.2670696528150134,10333.15038909551,0.03331503890955109
btc_hl_breakout_2m,0,0.03,0.05,0.0,0.4,1440,random,0.03116616978605225,3.1166169786052254,0.42424242424242425,33,-0.16216925426768913,-16.216925426768913,7.241368436537623,1.0833890575978484,4.181818181818182e-10,0.3074321229810802,10311.661697860523,0.03116616978605225
btc_hl_breakout_4m,0,0.04,0.02,0.0,0.15,120,random,0.03528527499787151,3.528527499787151,0.6521739130434783,46,-0.03227440331562381,-3.227440331562381,17.90872902659103,1.2636589008010428,2.568840579710145e-10,0.5204538269133373,10352.852749978716,0.03528527499787151
btc_hl_breakout_1m,0,0.05,0.12,0.0,0.05,120,random,0.013504622019985778,1.3504622019985777,0.4117647058823529,17,-0.018570089427161096,-1.8570089427161096,18.76864887487783,1.4057753809882088,8.313725490196078e-10,1.608416976201572,10135.046220199858,0.013504622019985778
btc_hl_breakout_4m,0,0.02,0.2,0.0,0.2,720,random,0.10524172712364174,10.524172712364175,0.35714285714285715,14,-0.04977602897255562,-4.9776028972555615,32.681319695566245,2.305023858834649,1.011904761904762e-09,3.7223095135910502,11052.417271236418,0.10524172712364174
btc_small_down_10m,0,0.035,0.025,0.0,0.05,60,random,0.01650591637214668,1.650591637214668,0.6410256410256411,39,-0.00947027899596009,-0.9470278995960091,26.1924340033041,1.5020169852348968,2.55982905982906e-10,0.8459033166410411,10165.059163721467,0.01650591637214668
btc_vol_breakout_10m,0,0.06,0.06,0.0,0.1,240,random,-0.0011445139024800028,-0.11445139024800029,0.42857142857142855,14,-0.036227856730640884,-3.6227856730640884,-0.4807548955795176,0.979132903838124,9.083333333333333e-10,-0.04578241973152963,9988.5548609752,-0.0011445139024800028
btc_vol_breakout_10m,0,0.02,0.02,0.0,0.2,30,random,0.03559469562977433,3.559469562977433,0.5384615384615384,39,-0.04244512965995961,-4.244512965995961,17.377909859556915,1.283914365465323,2.0213675213675213e-10,0.4653618035164609,10355.946956297743,0.03559469562977433
btc_alt_aligned,0,0.02,0.015,0.0,0.05,10,random,0.00791584192717654,0.791584192717654,0.547945205479452,73,-0.017329734525330376,-1.7329734525330376,10.578828285567663,1.12958820425848,1.851598173515982e-10,0.22095914920166765,10079.158419271766,0.00791584192717654
btc_alt_aligned,0,0.005,0.25,0.0,0.25,90,random,0.09224014487827172,9.224014487827171,0.125,32,-0.08031153432431226,-8.031153432431227,22.66938410122505,1.713316561042055,4.453125e-10,1.1954711403973812,10922.401448782717,0.09224014487827172
btc_bullish,0,0.015,0.12,0.0,0.15,5,random,0.040496123309059384,4.049612330905939,0.2413793103448276,29,-0.04463801503107945,-4.463801503107945,17.54979830050621,1.392232664341583,4.741379310344828e-10,0.9586071377516522,10404.961233090595,0.040496123309059384
btc_hl_breakout_1m,0,0.0125,0.035,0.0,0.25,240,random,0.019650981748916455,1.9650981748916454,0.35714285714285715,56,-0.08634964239390219,-8.63496423939022,6.906895951533021,1.0746501991320923,2.142857142857143e-10,0.16375693666971483,10196.509817489165,0.019650981748916455
btc_small_up_10m,0,0.025,0.1,0.0,0.5,720,random,0.15354034409808345,15.354034409808346,0.32,25,-0.16971536910611917,-16.971536910611917,21.79115297995204,1.3868588546616096,4.726666666666667e-10,1.3171277619404118,11535.403440980834,0.15354034409808345
btc_alt_aligned,0,0.06,0.02,0.0,0.25,60,random,0.0591240772631616,5.91240772631616,0.6944444444444444,36,-0.09040214964502513,-9.040214964502514,16.128810425460454,1.2799767965482116,3.9537037037037037e-10,0.6802474888078895,10591.240772631616,0.0591240772631616
btc_vol_breakout_10m,0,0.0125,0.25,0.0,0.15,360,random,0.05368450027847835,5.368450027847834,0.14285714285714285,21,-0.033133296851138416,-3.3133296851138416,27.316697709887347,1.7914283260652482,5.317460317460317e-10,1.7382952377420473,10536.845002784783,0.05368450027847835
btc_vol_breakout_3m,0,0.0175,0.12,0.0,0.1,1440,random,0.021122571486946413,2.1122571486946415,0.2857142857142857,21,-0.03351314357572299,-3.3513143575722992,15.707765252323174,1.3740793577321733,5.873015873015873e-10,1.0326209337788297,10211.225714869464,0.021122571486946413
btc_bullish,0,0.0075,0.04,0.0,0.15,15,random,0.02742328218255184,2.742328218255184,0.2894736842105263,76,-0.043930440538869076,-4.393044053886907,12.632966706917422,1.154250126112064,1.6030701754385964e-10,0.2510288456367054,10274.232821825519,0.02742328218255184
btc_small_up_9m,0,0.015,0.2,0.0,0.15,15,random,0.005171800292676653,0.5171800292676653,0.16666666666666666,24,-0.048664353718923414,-4.866435371892342,3.2238371820008918,1.0545112331506996,4.881944444444445e-10,0.1945860062510506,10051.718002926766,0.005171800292676653
btc_vol_breakout_9m,0,0.0175,0.045,0.0,0.15,1440,random,-0.0021534269707457953,-0.21534269707457954,0.36363636363636365,33,-0.044390070565258344,-4.439007056525835,-0.676169461045091,0.9795853774048783,3.1515151515151516e-10,-0.02587637384988828,9978.465730292543,-0.0021534269707457953
btc_hl_breakout_8m,0,0.06,0.01,0.0,0.25,360,random,0.06687127888445597,6.687127888445597,0.8,45,-0.06227696890038237,-6.227696890038237,18.736238932751185,1.3717866262581944,2.8666666666666666e-10,0.6040656861835993,10668.71278884456,0.06687127888445597
btc_hl_breakout_7m,0,0.015,0.12,0.0,0.5,45,random,0.1527981329637302,15.279813296373021,0.24242424242424243,33,-0.17198691200766136,-17.198691200766135,21.11034012093696,1.3331095661559478,4.0959595959595955e-10,1.0139290055265866,11527.981329637303,0.1527981329637302
btc_hl_breakout_1m,0,0.05,0.08,0.0,0.2,90,random,0.04300966982444995,4.300966982444995,0.45,20,-0.07266766978033434,-7.266766978033434,15.751777746336126,1.3074988901591236,7.041666666666667e-10,1.1232474157508476,10430.096698244499,0.04300966982444995
btc_hl_breakout_2m,0,0.01,0.03,0.0,0.5,360,random,0.07716969922639964,7.716969922639964,0.38235294117647056,68,-0.15391750034589546,-15.391750034589545,13.46951753311111,1.1375686777824252,1.517156862745098e-10,0.2580853540110255,10771.696992263996,0.07716969922639964
btc_vol_breakout_3m,0,0.0075,0.05,0.0,0.4,60,random,-0.09133349709095724,-9.133349709095723,0.21052631578947367,57,-0.17305243820905503,-17.305243820905503,-19.135577318146538,0.7685880347393801,1.7339181286549709e-10,-0.3861401462211942,9086.665029090427,-0.09133349709095724
btc_vol_breakout_8m,0,0.05,0.06,0.0,0.3,20,random,0.002501627289418002,0.2501627289418002,0.42105263157894735,19,-0.1016160745922352,-10.161607459223521,1.7897003543965626,1.012055028615063,6.789473684210526e-10,0.1355994283006057,10025.01627289418,0.002501627289418002
btc_vol_breakout_9m,0,0.05,0.25,0.0,0.1,30,random,0.028030008938115896,2.8030008938115896,0.36363636363636365,11,-0.0348340883745607,-3.48340883745607,19.363290355598117,1.5225338901650014,1.2696969696969698e-09,2.631011552908437,10280.300089381159,0.028030008938115896
btc_hl_breakout_3m,0,0.0075,0.15,0.0,0.15,480,random,0.029642860249989234,2.9642860249989234,0.1724137931034483,29,-0.0541071358927947,-5.41071358927947,13.35602249778442,1.3215107609362022,4.471264367816092e-10,0.7187659787545564,10296.428602499893,0.029642860249989234
btc_small_up_10m,0,0.0075,0.015,0.0,0.25,360,random,0.03584792161942332,3.584792161942332,0.391304347826087,69,-0.06483333621025256,-6.483333621025256,11.591257777714588,1.1576803439352912,1.0507246376811593e-10,0.22283564795682734,10358.479216194233,0.03584792161942332
btc_small_down_10m,0,0.04,0.025,0.0,0.2,720,random,0.0708243460197195,7.08243460197195,0.6842105263157895,38,-0.03392821593243356,-3.392821593243356,27.969021604913145,1.509703757380654,2.6798245614035085e-10,0.9249467791434254,10708.243460197195,0.0708243460197195
btc_hl_breakout_8m,0,0.04,0.08,0.0,0.3,360,random,0.057509053910918234,5.750905391091823,0.4166666666666667,24,-0.10568300337881398,-10.568300337881398,13.561038472056385,1.2232966336384754,5.5e-10,0.8784587832399352,10575.090539109182,0.057509053910918234
btc_small_up_10m,0,0.005,0.025,0.0,0.05,120,random,0.008735671808745326,0.8735671808745327,0.3382352941176471,68,-0.014876051474264074,-1.4876051474264074,12.94490154492001,1.1965036520843602,1.0759803921568628e-10,0.25991108276380737,10087.356718087452,0.008735671808745326
btc_hl_breakout_1m,0,0.03,0.045,0.0,0.15,90,random,-0.0003620039167911955,-0.03620039167911955,0.4166666666666667,36,-0.06933234711987502,-6.9332347119875015,0.4057453288197394,0.9973335058246473,3.62037037037037e-10,0.015045795851664306,9996.379960832088,-0.0003620039167911955
btc_hl_breakout_4m,0,0.03,0.02,0.0,0.15,90,random,0.03986150995056853,3.986150995056853,0.6041666666666666,48,-0.03215514572089462,-3.215514572089462,20.30021056882267,1.3057603994434304,2.430555555555556e-10,0.5592095969770197,10398.615099505685,0.03986150995056853
btc_vol_breakout_3m,0,0.02,0.015,0.0,0.25,240,random,0.059542287550015,5.9542287550015,0.5964912280701754,57,-0.04806140480873344,-4.806140480873344,20.825168999647456,1.298296204339168,1.6578947368421054e-10,0.42291290376920193,10595.42287550015,0.059542287550015
btc_hl_breakout_9m,0,0.1,0.01,0.0,0.15,10,random,0.03555138539706347,3.555138539706347,0.8378378378378378,37,-0.05013377720661372,-5.013377720661372,16.330264123723413,1.3699620549492708,3.662162162162162e-10,0.6528011043106733,10355.513853970635,0.03555138539706347
btc_vol_breakout_2m,0,0.06,0.025,0.0,0.2,180,random,0.0663084149860051,6.6308414986005095,0.71875,32,-0.04832356577635233,-4.832356577635233,22.938647736825974,1.494346462310271,4.083333333333333e-10,1.0344415653415475,10663.084149860051,0.0663084149860051
btc_vol_breakout_10m,0,0.08,0.08,0.0,0.15,15,random,0.007514155594702515,0.7514155594702515,0.5,12,-0.0509115596550177,-5.09115596550177,4.421187506169083,1.0933959721318554,1.125e-09,0.4843668037750386,10075.141555947026,0.007514155594702515
btc_hl_breakout_8m,0,0.04,0.05,0.0,0.5,1440,random,0.08916183906059032,8.916183906059032,0.4827586206896552,29,-0.1709741979104369,-17.097419791043688,13.447337607809532,1.194421522779105,4.5344827586206896e-10,0.7098746368227377,10891.618390605903,0.08916183906059032
btc_hl_breakout_7m,0,0.0075,0.2,0.0,0.4,180,random,0.08946381334768784,8.946381334768784,0.1724137931034483,29,-0.15424120665397922,-15.424120665397922,15.899043070858959,1.3043219531402745,4.706896551724138e-10,0.8820276168889739,10894.638133476878,0.08946381334768784
btc_alt_aligned,0,0.01,0.12,0.0,0.2,90,random,0.050202528883573155,5.020252888357316,0.17777777777777778,45,-0.07114077584922085,-7.114077584922085,16.408684297723504,1.2824150351112709,3.1074074074074075e-10,0.5895124799911727,10502.025288835732,0.050202528883573155
btc_small_up_9m,0,0.01,0.02,0.0,0.3,120,random,0.05671072431313896,5.671072431313896,0.42592592592592593,54,-0.053559083423158294,-5.355908342315829,18.805140410884725,1.2698527885019286,1.462962962962963e-10,0.35822713266491424,10567.10724313139,0.05671072431313896
btc_hl_breakout_2m,0,0.08,0.15,0.0,0.25,90,random,0.10410441145251871,10.410441145251871,0.5454545454545454,11,-0.0836760097940008,-8.36760097940008,26.375448084614046,1.7620030220889245,1.3181818181818183e-09,3.8497971116341825,11041.044114525186,0.10410441145251871
btc_hl_breakout_8m,0,0.005,0.03,0.0,0.15,20,random,0.002895904791328917,0.2895904791328917,0.2625,80,-0.07753876744077881,-7.753876744077881,2.0195763482641764,1.0175677217474333,1.2041666666666666e-10,0.034965826306650086,10028.95904791329,0.002895904791328917
btc_hl_breakout_6m,0,0.0125,0.045,0.0,0.2,45,random,0.0017573231625320205,0.17573231625320204,0.3333333333333333,51,-0.06617301611098714,-6.617301611098714,1.4392571801409066,1.0089078272589187,2.3627450980392157e-10,0.0378575964199665,10017.57323162532,0.0017573231625320205
btc_vol_breakout_3m,0,0.0125,0.035,0.0,0.1,240,random,0.0162967561213389,1.62967561213389,0.3877551020408163,49,-0.028780088988170083,-2.8780088988170083,12.995149020701197,1.1853933598227544,1.9829931972789115e-10,0.340645398843788,10162.967561213389,0.0162967561213389
btc_hl_breakout_9m,0,0.04,0.02,0.0,0.5,240,random,0.16583022940659858,16.58302294065986,0.6511627906976745,43,-0.1257876861699545,-12.57876861699545,22.947466254455684,1.3375241752636742,2.8333333333333334e-10,0.7820529446493052,11658.302294065987,0.16583022940659858
btc_vol_breakout_10m,0,0.0125,0.015,0.0,0.05,480,random,0.003620735725553402,0.36207357255534023,0.4897959183673469,49,-0.00998593068789455,-0.9985930687894551,7.492213336473899,1.116222275751436,1.3435374149659864e-10,0.15050929708637414,10036.207357255535,0.003620735725553402
btc_hl_breakout_1m,0,0.0125,0.025,0.0,0.05,720,random,0.0059694516511735515,0.5969451651173552,0.4126984126984127,63,-0.014878565880667494,-1.4878565880667494,9.361442670699981,1.1195104371400282,1.8042328042328043e-10,0.19309392893343186,10059.694516511736,0.0059694516511735515
btc_hl_breakout_7m,0,0.015,0.2,0.0,0.4,480,random,0.12559556399093744,12.559556399093744,0.22727272727272727,22,-0.13162172046048692,-13.162172046048692,21.323161483219522,1.4843399073423322,6.356060606060605e-10,1.5316740530076276,11255.955639909374,0.12559556399093744
btc_small_up_10m,0,0.06,0.2,0.0,0.05,120,random,0.005939375069994469,0.5939375069994469,0.3333333333333333,12,-0.020516848386676223,-2.0516848386676223,8.10475323537195,1.2254060526315713,1.1333333333333333e-09,1.0235499940075297,10059.393750699945,0.005939375069994469
btc_hl_breakout_4m,0,0.03,0.15,0.0,0.15,60,random,0.0656583058225294,6.565830582252941,0.4,15,-0.054198124690232885,-5.419812469023288,27.421566595303727,1.8839038587150683,9.511111111111112e-10,2.9253309999395243,10656.583058225295,0.0656583058225294
btc_vol_breakout_9m,0,0.02,0.3,0.0,0.5,120,random,0.11354038244786771,11.354038244786771,0.25,8,-0.10110038113701103,-10.110038113701103,18.534249309605155,2.193730345819418,1.69375e-09,3.0067803404198177,11135.403824478677,0.11354038244786771
btc_hl_breakout_9m,0,0.01,0.035,0.0,0.3,360,random,0.038671461720537266,3.867146172053727,0.3333333333333333,60,-0.10951979300329884,-10.951979300329883,10.165293738597377,1.1186653545507608,1.8361111111111111e-10,0.24168049460534877,10386.714617205373,0.038671461720537266
btc_hl_breakout_9m,0,0.0175,0.2,0.0,0.1,240,random,0.02668791495996171,2.668791495996171,0.23809523809523808,21,-0.0377465496622128,-3.7746549662212803,17.605235623545354,1.4336495598470536,6.626984126984126e-10,1.3062024442175089,10266.879149599617,0.02668791495996171
btc_vol_breakout_10m,0,0.02,0.045,0.0,0.1,480,random,0.012512314371152548,1.2512314371152549,0.4,30,-0.02101872992710263,-2.101872992710263,11.420087855325354,1.2183239745767458,3.2444444444444443e-10,0.42599734291072994,10125.123143711526,0.012512314371152548
btc_vol_breakout_8m,0,0.035,0.035,0.0,0.15,15,random,0.02261060749058731,2.261060749058731,0.5483870967741935,31,-0.04459040460485031,-4.459040460485031,12.490662439829785,1.2075138619913497,3.634408602150537e-10,0.503593014778656,10226.106074905872,0.02261060749058731
btc_hl_breakout_2m,0,0.03,0.06,0.0,0.25,90,random,0.015252054251969412,1.5252054251969411,0.3870967741935484,31,-0.10243464748682829,-10.243464748682829,5.4278985492599645,1.0681337982570016,4.4301075268817206e-10,0.24767642695025868,10152.520542519695,0.015252054251969412
btc_small_up_10m,0,0.0125,0.15,0.0,0.05,45,random,0.009333862232115023,0.9333862232115023,0.19230769230769232,26,-0.01732512839521605,-1.732512839521605,12.717389905709656,1.3179986824395098,4.5128205128205126e-10,0.7315090137253072,10093.338622321151,0.009333862232115023
btc_hl_breakout_1m,0,0.015,0.015,0.0,0.1,240,random,0.004125770700492137,0.41257707004921373,0.5211267605633803,71,-0.032681209358845664,-3.2681209358845664,3.720231137225311,1.0404322490233262,1.4342723004694837e-10,0.0645073947118105,10041.257707004921,0.004125770700492137
btc_vol_breakout_3m,0,0.08,0.08,0.0,0.25,720,random,0.08339310686700728,8.339310686700728,0.6428571428571429,14,-0.08358880134062752,-8.358880134062751,22.3630637751818,1.6132144058495332,9.904761904761906e-10,2.412886291938255,10833.931068670074,0.08339310686700728
btc_hl_breakout_5m,0,0.0125,0.05,0.0,0.5,20,random,0.019887370551937237,1.9887370551937238,0.3125,48,-0.14406801301624794,-14.406801301624794,4.893764498733811,1.037912066391645,2.607638888888889e-10,0.14757384730207632,10198.873705519372,0.019887370551937237
btc_small_down_10m,0,0.04,0.045,0.0,0.05,1440,random,-0.00011110351263506573,-0.011110351263506573,0.5,24,-0.017047328741541468,-1.7047328741541468,0.024118343052530456,0.9968221779298805,4.958333333333333e-10,0.0003189275265578067,9998.88896487365,-0.00011110351263506573
btc_hl_breakout_3m,0,0.03,0.04,0.0,0.05,10,random,0.014224952464968204,1.4224952464968204,0.5405405405405406,37,-0.014935402983994428,-1.4935402983994428,20.928059173183666,1.3553148903572076,3.635135135135135e-10,0.7716329310131872,10142.249524649682,0.014224952464968204
btc_hl_breakout_8m,0,0.04,0.025,0.0,0.15,120,random,0.0372467116439964,3.72467116439964,0.6052631578947368,38,-0.04014588922182194,-4.0145889221821935,17.216801175739036,1.289638483207772,3.3728070175438593e-10,0.6663063778196625,10372.467116439964,0.0372467116439964
btc_vol_breakout_9m,0,0.08,0.15,0.0,0.4,5,random,0.08197110352484065,8.197110352484065,0.5,8,-0.131447279514191,-13.1447279514191,15.885538641347884,1.4521038212011417,1.7875e-09,2.8997541934444673,10819.711035248407,0.08197110352484065
btc_hl_breakout_1m,0,0.03,0.3,0.0,0.2,10,random,0.08217297899567083,8.217297899567082,0.3,10,-0.07313027828165763,-7.3130278281657635,24.44682942606296,1.9961749904986381,1.4316666666666668e-09,4.222401786586771,10821.72978995671,0.08217297899567083
btc_small_up_10m,0,0.0125,0.035,0.0,0.5,20,random,0.07619269685487388,7.619269685487389,0.36,50,-0.15337679947770033,-15.337679947770033,12.478030315167318,1.1549387848292605,1.9033333333333332e-10,0.3490542612927254,10761.926968548738,0.07619269685487388
btc_hl_breakout_2m,0,0.015,0.08,0.0,0.05,10,random,0.007379026441659079,0.7379026441659079,0.2903225806451613,31,-0.017243308789772205,-1.7243308789772205,11.124880828703919,1.21849359450723,4.290322580645161e-10,0.4842049212387297,10073.790264416592,0.007379026441659079
btc_vol_breakout_10m,0,0.03,0.015,0.0,0.15,180,random,0.02354603878173559,2.354603878173559,0.625,40,-0.030328148979982816,-3.0328148979982816,14.96714579626033,1.2596128648876634,2.345833333333333e-10,0.40018773394978024,10235.460387817357,0.02354603878173559
btc_small_up_9m,0,0.1,0.15,0.0,0.2,5,random,0.072351322775788,7.2351322775788,0.6666666666666666,6,-0.06359124542476025,-6.3591245424760245,23.556928844371587,2.5179747489907576,2.3305555555555556e-09,6.052651483368509,10723.51322775788,0.072351322775788
btc_hl_breakout_10m,0,0.08,0.25,0.0,0.5,1440,random,0.14032963085990532,14.032963085990533,0.5,6,-0.17253494927381374,-17.253494927381375,18.866612363146448,1.9065066901756997,2.4527777777777775e-09,5.016672661298408,11403.296308599052,0.14032963085990532
btc_hl_breakout_4m,0,0.015,0.015,0.0,0.3,360,random,0.06912088979203923,6.912088979203923,0.5652173913043478,69,-0.0648970269778183,-6.48970269778183,18.277782821982758,1.2312370125001737,1.4879227053140098e-10,0.3441851758354713,10691.208897920393,0.06912088979203923
btc_small_up_9m,0,0.02,0.045,0.0,0.05,90,random,0.009581630281269843,0.9581630281269843,0.41025641025641024,39,-0.012280864963191251,-1.2280864963191251,14.954881889497882,1.2587753433343314,2.6495726495726495e-10,0.49534402667756466,10095.816302812698,0.009581630281269843
btc_vol_breakout_3m,0,0.1,0.25,0.0,0.15,5,random,0.04878096672670404,4.878096672670404,0.6,5,-0.04926188264231879,-4.926188264231879,20.304689615224348,2.282449240909249,2.9433333333333333e-09,6.605717526282288,10487.80966726704,0.04878096672670404
btc_small_down_10m,0,0.04,0.06,0.0,0.15,180,random,0.02183654411251348,2.183654411251348,0.4782608695652174,23,-0.05052376332105668,-5.052376332105668,11.1734551889135,1.2008921571816256,5.181159420289855e-10,0.6684013720550813,10218.365441125135,0.02183654411251348
btc_vol_breakout_10m,0,0.035,0.02,0.0,0.1,360,random,0.029713271568875665,2.9713271568875665,0.6666666666666666,33,-0.01699272453845624,-1.6992724538456239,27.89659927970609,1.5845186515207312,2.5101010101010103e-10,0.8978288440535298,10297.132715688756,0.029713271568875665
btc_vol_breakout_9m,0,0.02,0.1,0.0,0.5,360,random,0.18190433429095865,18.190433429095865,0.3181818181818182,22,-0.1011003811370128,-10.11003811370128,28.90101662647401,1.6947529277269309,5.363636363636364e-10,1.637355972923592,11819.043342909586,0.18190433429095865
btc_hl_breakout_8m,0,0.035,0.025,0.0,0.05,120,random,0.014090534757418822,1.4090534757418822,0.6153846153846154,39,-0.013501370902564425,-1.3501370902564425,19.239310805500693,1.348365241767152,3.307692307692308e-10,0.7259953135476418,10140.905347574188,0.014090534757418822
btc_small_down_10m,0,0.02,0.035,0.0,0.05,60,random,0.006313332313427156,0.6313332313427156,0.4473684210526316,38,-0.011779037576210682,-1.1779037576210682,10.32290635551072,1.1776305778768372,2.5964912280701754e-10,0.3369555010462437,10063.133323134272,0.006313332313427156
btc_hl_breakout_6m,0,0.06,0.045,0.0,0.3,60,random,0.0675348331109682,6.7534833110968195,0.5909090909090909,22,-0.10517894953328977,-10.517894953328977,15.719631978271545,1.3188285917369398,6.159090909090909e-10,1.0767111613993965,10675.348331109682,0.0675348331109682
btc_vol_breakout_2m,0,0.01,0.06,0.0,0.2,240,random,0.0103969497013009,1.03969497013009,0.2682926829268293,41,-0.06996447957918739,-6.996447957918739,4.641791789798055,1.0627307229262783,2.9471544715447154e-10,0.15610568671904923,10103.96949701301,0.0103969497013009
btc_vol_breakout_3m,0,0.015,0.25,0.0,0.3,240,random,0.07032999931759973,7.0329999317599725,0.19047619047619047,21,-0.10142906306247057,-10.142906306247056,17.090747242758322,1.3862169422148658,6.23015873015873e-10,1.2468836764119005,10703.299993175997,0.07032999931759973
btc_small_up_9m,0,0.035,0.01,0.0,0.5,1440,random,0.12921733240729974,12.921733240729974,0.7446808510638298,47,-0.08432079747853327,-8.432079747853328,21.876618735580834,1.404637078434029,2.1134751773049644e-10,0.5569965451552075,11292.173324072997,0.12921733240729974
btc_bullish,0,0.02,0.01,0.0,0.4,1440,random,0.06696411596865241,6.696411596865241,0.6292134831460674,89,-0.11024230924625811,-11.024230924625812,12.698308232298219,1.1315594443502683,1.3558052434456927e-10,0.21032951287799834,10669.641159686524,0.06696411596865241
btc_vol_breakout_10m,0,0.01,0.06,0.0,0.1,240,random,-0.001060816071229658,-0.1060816071229658,0.20588235294117646,34,-0.0242958862374677,-2.42958862374677,-0.7014728471152201,0.9815270246976671,2.823529411764706e-10,-0.021856279596677332,9989.391839287704,-0.001060816071229658
btc_vol_breakout_2m,0,0.05,0.12,0.0,0.25,20,random,0.06359378512248805,6.359378512248805,0.4117647058823529,17,-0.08640156701850499,-8.640156701850499,18.218582963851535,1.3724980042843633,8.284313725490195e-10,1.5881069428249712,10635.93785122488,0.06359378512248805
btc_bullish,0,0.0075,0.025,0.0,0.4,120,random,0.06698961368748924,6.698961368748924,0.3409090909090909,88,-0.10607055281972178,-10.607055281972178,12.652841078826727,1.1263808419985428,1.3465909090909091e-10,0.2138295289708394,10669.896136874893,0.06698961368748924
btc_small_up_9m,0,0.06,0.12,0.0,0.4,180,random,0.11652587583541121,11.652587583541122,0.4666666666666667,15,-0.11103142452767223,-11.103142452767223,20.585970282228033,1.4134891965184484,8.5e-10,2.0903176036846,11165.258758354112,0.11652587583541121
btc_small_up_9m,0,0.0075,0.3,0.0,0.1,10,random,0.03153289250383646,3.153289250383646,0.2857142857142857,7,-0.030560577727592797,-3.0560577727592797,19.214789856150748,4.592092285690897,1.9476190476190475e-09,4.511119782908919,10315.328925038364,0.03153289250383646
btc_vol_breakout_3m,0,0.035,0.045,0.0,0.15,10,random,0.021040466127352466,2.1040466127352464,0.5172413793103449,29,-0.05163867204570449,-5.163867204570449,10.729541715944718,1.185423907942489,4.281609195402299e-10,0.508333391032285,10210.404661273526,0.021040466127352466
btc_hl_breakout_1m,0,0.005,0.015,0.0,0.5,20,random,-0.08251480102931145,-8.251480102931145,0.33707865168539325,89,-0.1952241382077009,-19.52241382077009,-12.989961508043445,0.8473890080885097,9.662921348314606e-11,-0.1709210350683279,9174.851989706885,-0.08251480102931145
btc_small_up_9m,0,0.08,0.04,0.0,0.25,480,random,0.11259003433093963,11.259003433093962,0.7272727272727273,22,-0.06038661805361445,-6.0386618053614445,30.226416771606917,1.8025267963726712,5.643939393939395e-10,2.00882311904757,11125.900343309397,0.11259003433093963
btc_alt_aligned,0,0.02,0.02,0.0,0.1,60,random,0.016460509861090555,1.6460509861090555,0.5151515151515151,66,-0.03300906814998805,-3.3009068149988052,11.244658579505058,1.1408965380082086,2.068181818181818e-10,0.25773077160660196,10164.605098610906,0.016460509861090555
btc_hl_breakout_7m,0,0.08,0.015,0.0,0.4,360,random,0.1196469202400714,11.964692024007139,0.8055555555555556,36,-0.11759013012865083,-11.759013012865083,20.780822855571767,1.4092251875470634,3.4907407407407405e-10,0.8474421779791512,11196.469202400714,0.1196469202400714
btc_hl_breakout_2m,0,0.02,0.045,0.0,0.05,240,random,0.00608215188057049,0.608215188057049,0.3902439024390244,41,-0.01660449862564728,-1.660449862564728,8.976557071131785,1.1431131785396706,3.1788617886178864e-10,0.3023059530233024,10060.821518805706,0.00608215188057049
btc_hl_breakout_3m,0,0.06,0.3,0.0,0.5,480,random,0.1770597654742307,17.70597654742307,0.42857142857142855,7,-0.17079236273563814,-17.079236273563815,22.465424560133872,1.8163372334827028,2.095238095238095e-09,5.580031489738378,11770.597654742307,0.1770597654742307
btc_vol_breakout_9m,0,0.01,0.2,0.0,0.25,120,random,0.04759902443383807,4.759902443383807,0.12,25,-0.07177542194881448,-7.177542194881448,16.104604202547492,1.3927352405615123,4.82e-10,0.8198346390788794,10475.99024433838,0.04759902443383807
btc_hl_breakout_6m,0,0.0125,0.12,0.0,0.25,360,random,0.010678905529428675,1.0678905529428675,0.1875,32,-0.09650884494625467,-9.650884494625467,4.037993197064859,1.0564234884155026,4.192708333333333e-10,0.19490649031075313,10106.789055294286,0.010678905529428675
btc_small_up_10m,0,0.08,0.1,0.0,0.4,60,random,0.15337390515001512,15.33739051500151,0.5714285714285714,14,-0.13127963599017423,-13.127963599017423,25.25909029633066,1.6117062112124247,9.547619047619048e-10,2.8094444357034574,11533.739051500152,0.15337390515001512
btc_small_up_9m,0,0.06,0.04,0.0,0.25,480,random,0.06970507406953624,6.970507406953624,0.6296296296296297,27,-0.06294320733277148,-6.294320733277148,19.88988044265742,1.349725109450092,4.4135802469135803e-10,1.0611370170029288,10697.050740695362,0.06970507406953624
btc_vol_breakout_9m,0,0.03,0.1,0.0,0.15,360,random,0.06030453457561721,6.030453457561721,0.4117647058823529,17,-0.032719091970750624,-3.2719091970750624,32.047938676291025,1.9753828356550438,6.970588235294117e-10,2.345852803536964,10603.045345756173,0.06030453457561721
btc_vol_breakout_8m,0,0.0075,0.3,0.0,0.5,15,random,0.11153053153695419,11.153053153695419,0.18181818181818182,11,-0.10182610345052623,-10.182610345052623,18.36853904149298,2.1495291641145386,1.1969696969696968e-09,2.1519762262080357,11115.305315369542,0.11153053153695419
btc_alt_aligned,0,0.0125,0.015,0.0,0.15,90,random,0.0235555497413161,2.35555497413161,0.46875,96,-0.05153987070312849,-5.153987070312849,10.88410177833377,1.1136853355760608,1.3489583333333333e-10,0.17265171929101555,10235.555497413161,0.0235555497413161
btc_vol_breakout_10m,0,0.05,0.25,0.0,0.25,15,random,0.06254344146399848,6.254344146399848,0.36363636363636365,11,-0.08527454371426146,-8.527454371426145,17.93198003384406,1.4463530573789316,1.1924242424242424e-09,2.48095556624287,10625.434414639985,0.06254344146399848
btc_vol_breakout_9m,0,0.015,0.06,0.0,0.25,30,random,0.03804744364529634,3.804744364529634,0.2962962962962963,27,-0.0521532965529512,-5.21532965529512,13.857394894833517,1.2979299860440865,4.0123456790123455e-10,0.5860948943911108,10380.474436452963,0.03804744364529634
btc_hl_breakout_7m,0,0.0125,0.2,0.0,0.2,360,random,0.06783654640876105,6.783654640876105,0.21739130434782608,23,-0.06769424169738059,-6.769424169738059,21.798168950213668,1.5837846667070348,6.08695652173913e-10,1.5187995378476065,10678.36546408761,0.06783654640876105
btc_hl_breakout_5m,0,0.1,0.035,0.0,0.25,90,random,0.07119357089990144,7.119357089990144,0.7391304347826086,23,-0.09059371614342893,-9.059371614342894,19.421247992662018,1.4340770166014036,5.992753623188406e-10,1.2623815886352612,10711.935708999015,0.07119357089990144
btc_vol_breakout_10m,0,0.02,0.12,0.0,0.25,180,random,0.09446284326034719,9.44628432603472,0.2777777777777778,18,-0.05178646362016692,-5.178646362016693,29.21959920069185,1.9072945658700575,6.805555555555556e-10,2.102279456788868,10944.628432603473,0.09446284326034719
btc_vol_breakout_2m,0,0.035,0.02,0.0,0.3,30,random,0.05322484003368049,5.322484003368049,0.627906976744186,43,-0.07674035464601048,-7.674035464601047,14.439711868455976,1.2169657237310096,2.844961240310077e-10,0.43299407850746496,10532.248400336804,0.05322484003368049
btc_hl_breakout_1m,0,0.01,0.05,0.0,0.3,5,random,0.008835051334901254,0.8835051334901254,0.2692307692307692,52,-0.10463078006552673,-10.463078006552673,3.38336630452122,1.030292880604062,2.3108974358974358e-10,0.09015805195139921,10088.350513349013,0.008835051334901254
btc_alt_aligned,0,0.02,0.25,0.0,0.3,360,random,0.1129456763124459,11.29456763124459,0.25,16,-0.09855938424527666,-9.855938424527666,23.19223428021134,1.7632533474106658,9.114583333333333e-10,2.4420294756608247,11129.456763124459,0.1129456763124459
btc_hl_breakout_2m,0,0.02,0.04,0.0,0.05,90,random,0.013254556234090699,1.32545562340907,0.45454545454545453,44,-0.01351059042178726,-1.351059042178726,19.57069734753573,1.3120094866434797,2.9166666666666664e-10,0.6052792483501451,10132.545562340907,0.013254556234090699
btc_vol_breakout_8m,0,0.02,0.12,0.0,0.2,45,random,0.07078587696941668,7.078587696941669,0.2631578947368421,19,-0.04163067636549589,-4.163067636549589,27.404378628846153,1.8170488173236568,6.482456140350876e-10,1.8737572975461882,10707.858769694167,0.07078587696941668
btc_hl_breakout_8m,0,0.015,0.1,0.0,0.4,180,random,0.08827059106772213,8.827059106772213,0.2727272727272727,33,-0.14048540929248,-14.048540929247999,15.705352643130949,1.263887282496869,4.070707070707071e-10,0.7316972297467482,10882.705910677221,0.08827059106772213
btc_hl_breakout_10m,0,0.05,0.045,0.0,0.5,240,random,0.0796803332193831,7.96803332193831,0.5172413793103449,29,-0.19180715959156658,-19.180715959156657,12.276240877663835,1.1648942109448992,4.620689655172414e-10,0.6564096184228625,10796.803332193831,0.0796803332193831
btc_vol_breakout_2m,0,0.0175,0.025,0.0,0.3,480,random,0.027655615842913584,2.7655615842913583,0.4528301886792453,53,-0.06680282284141859,-6.6802822841418585,8.282702702188848,1.0948999065904101,2.20125786163522e-10,0.19828715046700357,10276.556158429135,0.027655615842913584
btc_hl_breakout_2m,0,0.08,0.025,0.0,0.05,120,random,0.019333248624522674,1.9333248624522674,0.75,28,-0.011765345105040459,-1.176534510504046,26.222424639053447,1.6502303634294768,4.785714285714286e-10,1.379184969857834,10193.332486245226,0.019333248624522674
btc_vol_breakout_10m,0,0.02,0.08,0.0,0.15,30,random,0.041898507535506425,4.189850753550642,0.32,25,-0.03280567019241443,-3.2805670192414427,22.6738356872794,1.4860405659503866,4.26e-10,1.1281335120670934,10418.985075355064,0.041898507535506425
btc_alt_aligned,0,0.08,0.08,0.0,0.25,720,random,0.08453260031103123,8.453260031103122,0.6153846153846154,13,-0.0870441037217684,-8.704410372176842,22.085981236962287,1.6821097327799173,1.1282051282051283e-09,2.6183710477197053,10845.326003110313,0.08453260031103123
btc_vol_breakout_10m,0,0.02,0.025,0.0,0.25,720,random,0.04601221422558692,4.601221422558692,0.5,36,-0.05486370742803803,-5.486370742803803,17.670253162650415,1.2887441010990206,2.5648148148148146e-10,0.5238173833192526,10460.12214225587,0.04601221422558692
btc_hl_breakout_10m,0,0.03,0.05,0.0,0.15,15,random,0.024515703120594253,2.451570312059425,0.42857142857142855,35,-0.05512998691419424,-5.5129986914194244,11.255085932876826,1.1701936504080512,3.804761904761905e-10,0.4943392095519859,10245.157031205943,0.024515703120594253
btc_small_up_10m,0,0.025,0.04,0.0,0.4,20,random,0.11198754791250348,11.198754791250348,0.46153846153846156,39,-0.12670557410987937,-12.670557410987938,20.40904507532755,1.3071902716478851,2.7051282051282047e-10,0.7417291443922636,11119.875479125036,0.11198754791250348
btc_hl_breakout_5m,0,0.0125,0.035,0.0,0.1,1440,random,0.014431578306554104,1.4431578306554105,0.37037037037037035,54,-0.0308828767153444,-3.08828767153444,11.209450946438674,1.1496152823947554,2.1265432098765432e-10,0.2755538078955623,10144.315783065542,0.014431578306554104
btc_bullish,0,0.005,0.05,0.0,0.2,30,random,0.03548905896728766,3.5489058967287654,0.21794871794871795,78,-0.05601322836834732,-5.601322836834733,12.373709012195935,1.1537811634131085,1.5512820512820514e-10,0.24307792388270155,10354.890589672876,0.03548905896728766
btc_vol_breakout_3m,0,0.02,0.06,0.0,0.5,360,random,-0.020124952549093997,-2.0124952549093997,0.3,30,-0.16704864730444768,-16.70486473044477,-1.1719943005390676,0.9493694118485889,3.972222222222222e-10,-0.044262539289751435,9798.75047450906,-0.020124952549093997
btc_alt_aligned,0,0.005,0.08,0.0,0.2,5,random,0.05360860601061238,5.360860601061238,0.2,60,-0.06411354031682592,-6.411354031682592,17.619912604896832,1.2933656429406162,2.2722222222222222e-10,0.45972698155515057,10536.086060106123,0.05360860601061238
btc_vol_breakout_9m,0,0.005,0.06,0.0,0.05,20,random,-0.003530910802641591,-0.35309108026415914,0.1590909090909091,44,-0.01521200672047096,-1.521200672047096,-6.358350966674206,0.8924560467884163,1.893939393939394e-10,-0.1569742343649501,9964.690891973583,-0.003530910802641591
btc_hl_breakout_1m,0,0.04,0.04,0.0,0.05,480,random,0.01809407547808743,1.8094075478087428,0.5757575757575758,33,-0.015122927561060817,-1.5122927561060817,26.39530749192535,1.4977179570784283,4.141414141414141e-10,1.0969025973436832,10180.940754780875,0.01809407547808743
btc_alt_aligned,0,0.05,0.025,0.0,0.15,10,random,0.045225428203035836,4.522542820303584,0.6428571428571429,42,-0.050460043052906633,-5.046004305290664,19.801191502945343,1.3064608012880956,3.365079365079365e-10,0.7286481456951113,10452.254282030359,0.045225428203035836
btc_hl_breakout_10m,0,0.035,0.06,0.0,0.2,5,random,0.0520072750305706,5.20072750305706,0.42857142857142855,28,-0.07502168933429687,-7.502168933429687,17.380130939477926,1.3010646898568121,4.833333333333333e-10,0.9634629005897054,10520.072750305706,0.0520072750305706
btc_small_down_10m,0,0.0075,0.01,0.0,0.25,10,random,0.04408491241104707,4.408491241104707,0.4473684210526316,76,-0.05075844344532188,-5.075844344532188,17.140682121976315,1.214337047023565,7.894736842105263e-11,0.23855475391883146,10440.849124110471,0.04408491241104707
btc_hl_breakout_7m,0,0.08,0.2,0.0,0.1,10,random,0.04347884362347561,4.3478843623475605,0.4444444444444444,9,-0.03213631695760777,-3.213631695760777,27.58201161936774,1.9753460857857046,1.6277777777777778e-09,4.8571970476961965,10434.788436234756,0.04347884362347561
btc_hl_breakout_10m,0,0.04,0.03,0.0,0.5,180,random,0.11956776311323619,11.956776311323619,0.5789473684210527,38,-0.15952197530653978,-15.952197530653978,17.295387503270156,1.2365287116678103,3.4649122807017544e-10,0.6800735998525318,11195.677631132363,0.11956776311323619
btc_hl_breakout_5m,0,0.0125,0.025,0.0,0.15,240,random,0.01988365175320455,1.988365175320455,0.42857142857142855,63,-0.04208651145034148,-4.208651145034148,10.662981484179799,1.1293597010856924,1.7222222222222223e-10,0.2204640575270628,10198.836517532045,0.01988365175320455
btc_vol_breakout_9m,0,0.0175,0.045,0.0,0.25,120,random,-0.004552766220818649,-0.45527662208186487,0.36363636363636365,33,-0.07358358434132206,-7.358358434132207,-0.6514656209608239,0.9743723770320127,3.1515151515151516e-10,-0.025876373849887547,9954.472337791813,-0.004552766220818649
btc_vol_breakout_10m,0,0.06,0.15,0.0,0.05,120,random,0.006400814633082268,0.6400814633082268,0.3333333333333333,9,-0.018246448123819814,-1.8246448123819814,9.494522858695493,1.2971113591352792,1.5074074074074074e-09,1.458729289912695,10064.008146330823,0.006400814633082268
btc_small_down_10m,0,0.03,0.04,0.0,0.15,20,random,0.02023657822363223,2.023657822363223,0.5,30,-0.033213343233129855,-3.3213343233129855,11.138652742237701,1.197173670310481,3.8000000000000003e-10,0.4674034577996538,10202.365782236322,0.02023657822363223
btc_hl_breakout_8m,0,0.01,0.25,0.0,0.2,240,random,0.059369859255764615,5.936985925576462,0.16,25,-0.07511290089423928,-7.511290089423928,18.96815781440698,1.5938365155160084,5.273333333333334e-10,1.2382240174838814,10593.698592557646,0.059369859255764615
btc_vol_breakout_2m,0,0.0125,0.3,0.0,0.3,20,random,0.13147885005710205,13.147885005710206,0.2,15,-0.09780941206566196,-9.780941206566196,26.007510647478963,2.0431461532105066,9.455555555555555e-10,3.020893785397063,11314.78850057102,0.13147885005710205
btc_hl_breakout_9m,0,0.03,0.035,0.0,0.1,240,random,0.019660883374964147,1.9660883374964147,0.48717948717948717,39,-0.041045638492241854,-4.104563849224185,13.81933760261389,1.2167545529952353,3.2649572649572653e-10,0.515700454014245,10196.608833749642,0.019660883374964147
btc_alt_aligned,0,0.0075,0.025,0.0,0.5,480,random,0.026331628773649755,2.6331628773649753,0.3402061855670103,97,-0.19620225377099676,-19.620225377099676,5.619935965294855,1.0335905827013439,1.3436426116838488e-10,0.09022635707051539,10263.316287736498,0.026331628773649755
btc_hl_breakout_6m,0,0.06,0.05,0.0,0.5,720,random,0.09267789508663073,9.267789508663073,0.5652173913043478,23,-0.1703385308894323,-17.03385308894323,13.881571289987896,1.2297810098892947,5.978260869565217e-10,0.9133432029715141,10926.778950866308,0.09267789508663073
btc_hl_breakout_9m,0,0.0175,0.045,0.0,0.4,20,random,0.04110204527731998,4.110204527731998,0.3617021276595745,47,-0.16191291965414134,-16.191291965414134,8.70108788093344,1.0946323929654307,2.606382978723404e-10,0.26736851495944486,10411.0204527732,0.04110204527731998
btc_small_up_9m,0,0.06,0.025,0.0,0.2,90,random,0.04344054312496717,4.344054312496716,0.6774193548387096,31,-0.04971543238324927,-4.9715432383249265,16.014303630458137,1.2866062786756272,3.6559139784946235e-10,0.7224110768466113,10434.405431249672,0.04344054312496717
btc_hl_breakout_9m,0,0.035,0.12,0.0,0.05,30,random,0.015026669383348821,1.502666938334882,0.36363636363636365,22,-0.01921850736499453,-1.921850736499453,19.08559117108381,1.396217057564518,6.318181818181818e-10,1.3813473676635872,10150.266693833488,0.015026669383348821
btc_vol_breakout_2m,0,0.0075,0.015,0.0,0.15,45,random,-0.026222658333928395,-2.6222658333928397,0.39285714285714285,84,-0.06351070361909217,-6.351070361909217,-15.078139394212975,0.8349028382547257,1.0297619047619048e-10,-0.20429212355343565,9737.773416660715,-0.026222658333928395
btc_hl_breakout_10m,0,0.015,0.035,0.0,0.15,30,random,0.03381296536108096,3.3812965361080956,0.38461538461538464,52,-0.04519698296792529,-4.519698296792529,15.918137898255242,1.2198373686574362,2.25e-10,0.4458336744223316,10338.12965361081,0.03381296536108096
btc_hl_breakout_7m,0,0.0175,0.3,0.0,0.3,480,random,0.12060005563302448,12.060005563302449,0.2,15,-0.10682267003125223,-10.682267003125222,24.218746770712187,1.8719202540798363,9.4e-10,2.811461776630681,11206.000556330244,0.12060005563302448
btc_hl_breakout_2m,0,0.0075,0.01,0.0,0.25,30,random,-0.056403926121013956,-5.640392612101396,0.44086021505376344,93,-0.1212117287188369,-12.12117287188369,-18.99844794322705,0.795378547569351,8.799283154121864e-11,-0.2388887155836804,9435.960738789861,-0.056403926121013956
btc_hl_breakout_2m,0,0.0125,0.025,0.0,0.1,5,random,0.01711766299825482,1.7117662998254821,0.4603174603174603,63,-0.02365005142011789,-2.365005142011789,13.98139186623336,1.1770043770747596,1.740740740740741e-10,0.27726713179410034,10171.176629982549,0.01711766299825482
btc_vol_breakout_3m,0,0.03,0.02,0.0,0.5,15,random,0.13408873930391138,13.408873930391138,0.6136363636363636,44,-0.12029577417590076,-12.029577417590076,21.189384441427123,1.3138747820579122,2.5606060606060607e-10,0.6244469966396936,11340.887393039113,0.13408873930391138
btc_vol_breakout_10m,0,0.05,0.045,0.0,0.15,360,random,0.0034935579888821394,0.34935579888821394,0.5416666666666666,24,-0.051886253670784366,-5.188625367078437,2.3873544147412358,1.0322630059670952,4.527777777777778e-10,0.12892607133683082,10034.935579888821,0.0034935579888821394
btc_hl_breakout_3m,0,0.03,0.04,0.0,0.3,45,random,0.0840182490412803,8.40182490412803,0.5405405405405406,37,-0.08714070860981049,-8.71407086098105,20.93729070664938,1.3222535256808492,3.635135135135135e-10,0.7716329310131904,10840.182490412803,0.0840182490412803
btc_alt_aligned,0,0.025,0.05,0.0,0.5,30,random,0.1080804543848174,10.808045438481741,0.4,40,-0.16694341832494564,-16.694341832494565,15.455645606804463,1.1955708030877965,3.5e-10,0.6058818939399037,11080.804543848175,0.1080804543848174
btc_hl_breakout_4m,0,0.035,0.12,0.0,0.15,20,random,0.046104877748850456,4.610487774885046,0.3333333333333333,18,-0.04833363990448625,-4.833363990448625,21.42991833036252,1.4846075348669818,7.962962962962963e-10,1.7497487082999963,10461.048777488504,0.046104877748850456
btc_hl_breakout_7m,0,0.0075,0.02,0.0,0.1,360,random,0.0041261355833213205,0.41261355833213204,0.36470588235294116,85,-0.04608863395523466,-4.608863395523466,3.3583080886459196,1.034968219809398,1.196078431372549e-10,0.05543066785993611,10041.261355833212,0.0041261355833213205
btc_hl_breakout_7m,0,0.015,0.025,0.0,0.25,240,random,0.026639577183764276,2.6639577183764276,0.4067796610169492,59,-0.10359228023440037,-10.359228023440037,8.50019908066365,1.095670483650599,1.9661016949152542e-10,0.20312098292016376,10266.395771837642,0.026639577183764276
btc_small_up_10m,0,0.0125,0.1,0.0,0.25,720,random,0.07504496261608984,7.504496261608984,0.24242424242424243,33,-0.08165824955399925,-8.165824955399925,20.82243270214581,1.3996825644763882,3.171717171717172e-10,0.9444761816505001,10750.449626160898,0.07504496261608984
btc_bullish,0,0.06,0.035,0.0,0.2,360,random,0.05394844196120987,5.394844196120987,0.625,32,-0.06776612222893641,-6.776612222893641,18.244090829783094,1.3055202058360396,4.2760416666666667e-10,0.8627516780612915,10539.4844196121,0.05394844196120987
btc_hl_breakout_3m,0,0.02,0.03,0.0,0.1,1440,random,0.01733946599814151,1.7339465998141508,0.4782608695652174,46,-0.027513230957155965,-2.7513230957155965,13.328852201603736,1.1941297736152816,2.731884057971014e-10,0.38496819226852996,10173.394659981415,0.01733946599814151
btc_hl_breakout_3m,0,0.08,0.05,0.0,0.4,180,random,0.1257036100195714,12.570361001957139,0.6666666666666666,18,-0.1313400884796353,-13.13400884796353,21.25565323300391,1.5337175419164564,7.796296296296296e-10,1.7786274122946824,11257.036100195714,0.1257036100195714
btc_vol_breakout_8m,0,0.025,0.03,0.0,0.3,1440,random,0.08952072348191578,8.952072348191578,0.5454545454545454,33,-0.05062388533934803,-5.0623885339348025,26.33415978944282,1.476016046810769,3.1515151515151516e-10,0.9012524175764811,10895.207234819158,0.08952072348191578
btc_vol_breakout_2m,0,0.05,0.06,0.0,0.05,360,random,0.012369060518992973,1.2369060518992974,0.48148148148148145,27,-0.01701484900358108,-1.7014849003581078,17.66287723006329,1.304502538426496,5.024691358024691e-10,0.9255768214258457,10123.69060518993,0.012369060518992973
btc_small_down_10m,0,0.04,0.03,0.0,0.25,480,random,0.04579154714006313,4.579154714006313,0.6363636363636364,33,-0.04837691544595624,-4.837691544595623,15.18240878384633,1.2580321333710816,3.292929292929293e-10,0.5755079483468825,10457.91547140063,0.04579154714006313
btc_small_up_10m,0,0.035,0.015,0.0,0.3,60,random,0.09443213918041128,9.443213918041128,0.6444444444444445,45,-0.09307603033777778,-9.307603033777777,21.89168910050809,1.3783404305226048,2.4407407407407405e-10,0.7070566051225688,10944.321391804113,0.09443213918041128
btc_vol_breakout_2m,0,0.06,0.01,0.0,0.15,180,random,0.05562161794565282,5.562161794565282,0.8333333333333334,48,-0.027864040820181568,-2.786404082018157,27.521417415296607,1.6382129747091185,2.4097222222222223e-10,0.7649528699630471,10556.216179456529,0.05562161794565282
btc_hl_breakout_6m,0,0.1,0.06,0.0,0.1,30,random,0.018086044195975422,1.8086044195975421,0.6,15,-0.03925190852484761,-3.925190852484761,12.31800742580013,1.3018600313040363,9.277777777777777e-10,1.2428887033423122,10180.860441959754,0.018086044195975422
btc_hl_breakout_7m,0,0.03,0.1,0.0,0.4,45,random,0.03875218162079118,3.875218162079118,0.3333333333333333,27,-0.18122197675106555,-18.122197675106555,8.067790390697205,1.1032510218109666,5.049382716049383e-10,0.46772619487155814,10387.52181620791,0.03875218162079118
btc_hl_breakout_3m,0,0.06,0.15,0.0,0.5,480,random,0.15007349578140466,15.007349578140467,0.5,10,-0.17079236273563703,-17.0792362735637,20.10704136800914,1.6095270006288205,1.4333333333333333e-09,3.20149197581425,11500.734957814046,0.15007349578140466
btc_small_up_10m,0,0.1,0.03,0.0,0.3,15,random,0.14974602934994058,14.974602934994058,0.8181818181818182,22,-0.06924299824414781,-6.924299824414781,33.153717312857935,2.0421775408940417,5.787878787878788e-10,2.18908254623079,11497.460293499405,0.14974602934994058
btc_hl_breakout_6m,0,0.05,0.12,0.0,0.2,20,random,0.019361205843502854,1.9361205843502853,0.375,16,-0.08246898273391967,-8.246898273391967,7.556426111366685,1.1392615776656612,8.84375e-10,0.7088122300392569,10193.612058435028,0.019361205843502854
btc_hl_breakout_4m,0,0.005,0.05,0.0,0.4,30,random,-0.002273724956634533,-0.22737249566345327,0.22033898305084745,59,-0.12094746071365836,-12.094746071365837,1.0214523166391343,0.9938669623397303,1.8841807909604517e-10,0.026284533314711426,9977.262750433654,-0.002273724956634533
btc_hl_breakout_2m,0,0.01,0.01,0.0,0.05,60,random,0.0004038628692867803,0.04038628692867803,0.5168539325842697,89,-0.020389900534572902,-2.0389900534572902,0.84107605618206,1.0079730223122143,9.513108614232209e-11,0.011589355769478074,10004.038628692868,0.0004038628692867803
btc_hl_breakout_1m,0,0.005,0.1,0.0,0.15,30,random,0.007834199179357234,0.7834199179357234,0.16666666666666666,48,-0.06136216916135728,-6.136216916135728,4.227229128342159,1.0641154845413312,2.295138888888889e-10,0.12937416585228206,10078.341991793572,0.007834199179357234
btc_hl_breakout_4m,0,0.0125,0.05,0.0,0.15,15,random,0.018213373995555684,1.8213373995555684,0.3333333333333333,45,-0.039534661321874,-3.9534661321874,9.509130822833315,1.13505814578779,2.744444444444444e-10,0.2886924107673533,10182.133739955556,0.018213373995555684
btc_alt_aligned,0,0.01,0.025,0.0,0.1,15,random,0.016340974900153026,1.6340974900153027,0.37209302325581395,86,-0.03421752274539669,-3.421752274539669,11.129374949543104,1.1277341410772281,1.5426356589147287e-10,0.19653771260946876,10163.40974900153,0.016340974900153026
btc_hl_breakout_5m,0,0.04,0.045,0.0,0.1,120,random,0.010648474466854031,1.064847446685403,0.5,32,-0.03864859622136452,-3.8648596221364517,8.035863784150353,1.1202782666100464,4.2239583333333334e-10,0.3509460373749392,10106.48474466854,0.010648474466854031
btc_vol_breakout_10m,0,0.1,0.03,0.0,0.25,180,random,0.06404999253364153,6.404999253364154,0.7619047619047619,21,-0.05718500589191966,-5.718500589191966,22.03767665241082,1.4937755864426907,5.944444444444444e-10,1.2392018267182618,10640.499925336415,0.06404999253364153
btc_small_down_10m,0,0.0175,0.15,0.0,0.1,45,random,0.011651028235604996,1.1651028235604997,0.21052631578947367,19,-0.03283978256007192,-3.2839782560071917,8.854588187011863,1.2381099840206504,6.833333333333334e-10,0.6473803703084189,10116.51028235605,0.011651028235604996
btc_hl_breakout_1m,0,0.1,0.3,0.0,0.15,60,random,0.06867853295829823,6.867853295829823,0.6,5,-0.04589097418821497,-4.589097418821497,27.81248819095772,2.9144902013836513,2.953333333333333e-09,9.201865228157736,10686.785329582983,0.06867853295829823
btc_hl_breakout_3m,0,0.005,0.3,0.0,0.05,480,random,0.015378107564065352,1.537810756406535,0.125,24,-0.019446808965632556,-1.9446808965632556,20.621116014727253,1.737465623589513,5.486111111111111e-10,1.2959476999997008,10153.781075640654,0.015378107564065352
btc_hl_breakout_5m,0,0.0075,0.035,0.0,0.5,10,random,-0.027070865989415598,-2.70708659894156,0.296875,64,-0.2085838462194919,-20.858384621949188,-2.3732268928438347,0.9533087958743159,1.8671875e-10,-0.044634409374165906,9729.291340105843,-0.027070865989415598
btc_vol_breakout_8m,0,0.02,0.08,0.0,0.3,20,random,0.06997995289880296,6.997995289880296,0.3076923076923077,26,-0.07192982524468572,-7.192982524468572,19.415729125996876,1.372225265577094,4.3525641025641026e-10,0.9285106723491307,10699.79952898803,0.06997995289880296
btc_hl_breakout_6m,0,0.015,0.05,0.0,0.5,45,random,-0.046631514263596,-4.6631514263596,0.2857142857142857,42,-0.16783944323778066,-16.783944323778066,-5.5626535548216784,0.9005243384965588,3e-10,-0.16240660924892422,9533.68485736404,-0.046631514263596
btc_hl_breakout_5m,0,0.025,0.08,0.0,0.2,240,random,0.05397761403441459,5.397761403441459,0.3793103448275862,29,-0.06853502837993908,-6.853502837993908,18.06531686069432,1.3452616854641053,4.5229885057471266e-10,0.9552898972429351,10539.776140344145,0.05397761403441459
btc_hl_breakout_2m,0,0.0175,0.045,0.0,0.3,90,random,-0.031255518612899096,-3.1255518612899094,0.3181818181818182,44,-0.13364916008495453,-13.364916008495452,-7.118732518172975,0.8942672949123693,2.8295454545454544e-10,-0.20732951898341798,9687.444813871009,-0.031255518612899096
btc_vol_breakout_8m,0,0.01,0.15,0.0,0.4,1440,random,0.02812398738437355,2.8123987384373548,0.125,24,-0.10656700887619408,-10.656700887619408,7.193521898636114,1.1440881860734708,4.993055555555555e-10,0.38284447887219647,10281.239873843735,0.02812398738437355
btc_small_up_10m,0,0.0175,0.12,0.0,0.5,10,random,0.12458508424461716,12.458508424461716,0.25,28,-0.1739974969197895,-17.39974969197895,18.21443235217064,1.3237482786049135,4.125e-10,0.9900550624923222,11245.850842446172,0.12458508424461716
btc_vol_breakout_10m,0,0.0175,0.035,0.0,0.2,20,random,0.005019213717577532,0.5019213717577532,0.40540540540540543,37,-0.06218453718155148,-6.218453718155148,2.7901245501103555,1.032705399146306,2.527027027027027e-10,0.09017816143820911,10050.192137175774,0.005019213717577532
btc_hl_breakout_7m,0,0.005,0.08,0.0,0.2,720,random,0.010990236473021515,1.0990236473021515,0.18181818181818182,55,-0.0893163533357918,-8.93163533357918,4.695284293925018,1.0623852892213543,2.0636363636363636e-10,0.12212854663175934,10109.902364730215,0.010990236473021515
btc_vol_breakout_8m,0,0.0075,0.02,0.0,0.05,45,random,0.002100952123966374,0.21009521239663742,0.38461538461538464,52,-0.013650118170308145,-1.3650118170308145,4.367765640433984,1.0600355641101753,1.330128205128205e-10,0.08378282683397677,10021.009521239665,0.002100952123966374
btc_hl_breakout_10m,0,0.1,0.015,0.0,0.2,120,random,0.04490498840946748,4.490498840946748,0.8064516129032258,31,-0.06971493357423286,-6.971493357423286,15.766395995693914,1.3490473378758094,4.3870967741935484e-10,0.7458014565962394,10449.049884094675,0.04490498840946748
btc_hl_breakout_2m,0,0.0175,0.025,0.0,0.05,1440,random,-0.005018886449860048,-0.5018886449860048,0.40384615384615385,52,-0.021737610220452175,-2.1737610220452175,-7.946458692583653,0.8997346683036911,2.217948717948718e-10,-0.1892477300838156,9949.811135501399,-0.005018886449860048
btc_hl_breakout_6m,0,0.015,0.045,0.0,0.4,10,random,-0.03218887237265608,-3.218887237265608,0.3111111111111111,45,-0.14959073986926963,-14.959073986926963,-4.9739542440816225,0.9152389346700767,2.7518518518518523e-10,-0.1400016623915652,9678.11127627344,-0.03218887237265608
btc_small_down_10m,0,0.06,0.12,0.0,0.2,360,random,0.08170156635313743,8.170156635313743,0.5,12,-0.06621359589200093,-6.621359589200093,26.56103054510496,1.8914907530360492,1.1388888888888888e-09,3.398352916457987,10817.015663531374,0.08170156635313743
btc_hl_breakout_10m,0,0.01,0.015,0.0,0.4,45,random,0.004258465194978407,0.4258465194978407,0.43037974683544306,79,-0.13560763628960104,-13.560763628960103,2.3604436383541016,1.0093356496386519,1.1940928270042195e-10,0.04094627167335898,10042.584651949785,0.004258465194978407
btc_alt_aligned,0,0.01,0.25,0.0,0.3,90,random,0.13680511635980844,13.680511635980844,0.19047619047619047,21,-0.10044437955876406,-10.044437955876406,27.523933945362007,2.0397031518299906,6.896825396825396e-10,2.202463297550984,11368.051163598084,0.13680511635980844
btc_hl_breakout_1m,0,0.035,0.15,0.0,0.05,360,random,0.017384556553756987,1.7384556553756987,0.38461538461538464,13,-0.017549308277234887,-1.7549308277234887,21.72662372504062,1.7574744273232594,1.085897435897436e-09,2.691508427688577,10173.84556553757,0.017384556553756987
btc_small_down_10m,0,0.015,0.2,0.0,0.4,1440,random,0.07337414990228586,7.337414990228586,0.2,20,-0.12490354795488456,-12.490354795488457,14.340221674525193,1.3611648914852321,6.733333333333333e-10,1.041805363069546,10733.741499022859,0.07337414990228586
btc_hl_breakout_5m,0,0.025,0.08,0.0,0.4,360,random,0.1048089212143309,10.48089212143309,0.3793103448275862,29,-0.13495272732241625,-13.495272732241625,18.09258199483085,1.3097984452213014,4.5229885057471266e-10,0.955289897242941,11048.08921214331,0.1048089212143309
btc_bullish,0,0.08,0.03,0.0,0.1,720,random,0.04591825087410241,4.591825087410241,0.782608695652174,23,-0.027067599658311403,-2.7067599658311403,30.8711530301688,1.9487934986427369,6.021739130434782e-10,1.9777280396415873,10459.182508741023,0.04591825087410241
btc_vol_breakout_10m,0,0.06,0.12,0.0,0.2,240,random,0.024634335829587805,2.4634335829587806,0.4,10,-0.07140781025633813,-7.140781025633814,9.65391905061569,1.274488580277835,1.3400000000000001e-09,1.332196644810156,10246.343358295879,0.024634335829587805
btc_vol_breakout_2m,0,0.0125,0.08,0.0,0.05,120,random,0.013294736873482543,1.3294736873482542,0.30303030303030304,33,-0.01815753624835703,-1.8157536248357031,18.96353606253381,1.3939038174128362,4e-10,0.8108406473067005,10132.947368734825,0.013294736873482543
btc_hl_breakout_4m,0,0.08,0.12,0.0,0.15,45,random,0.06932211025541078,6.932211025541078,0.5,14,-0.047333038471530586,-4.733303847153058,29.52611062459315,1.7593043687824943,1.011904761904762e-09,3.3088366531031617,10693.221102554107,0.06932211025541078
btc_hl_breakout_7m,0,0.04,0.015,0.0,0.05,240,random,0.014113118436541356,1.4113118436541356,0.6666666666666666,48,-0.015414391769806746,-1.5414391769806746,19.196532568018934,1.3288530267670553,2.5e-10,0.5908771109627887,10141.131184365413,0.014113118436541356
btc_hl_breakout_9m,0,0.015,0.3,0.0,0.25,90,random,0.11274787652691406,11.274787652691407,0.23076923076923078,13,-0.08438013971652403,-8.438013971652403,26.945615414895883,2.501612259273312,1.1166666666666667e-09,3.484460615265412,11127.478765269141,0.11274787652691406
btc_vol_breakout_8m,0,0.03,0.015,0.0,0.4,480,random,0.07725171611293517,7.725171611293518,0.6428571428571429,42,-0.06990515149246723,-6.990515149246724,18.51573629844843,1.301304057691299,2.2738095238095237e-10,0.473609713357186,10772.517161129352,0.07725171611293517
btc_vol_breakout_3m,0,0.005,0.035,0.0,0.05,240,random,-0.003833573435358005,-0.38335734353580053,0.24242424242424243,66,-0.022275800363800835,-2.2275800363800835,-6.292050322613748,0.9155768770350996,1.244949494949495e-10,-0.11322680746781535,9961.66426564642,-0.003833573435358005
btc_small_up_9m,0,0.025,0.25,0.0,0.1,20,random,0.04055028366923275,4.055028366923275,0.3333333333333333,12,-0.02855863349572696,-2.855863349572696,25.43288145784044,2.071869212195835,1.126388888888889e-09,3.40469409563957,10405.502836692327,0.04055028366923275
btc_vol_breakout_3m,0,0.025,0.03,0.0,0.25,1440,random,0.04996011799632979,4.996011799632979,0.5263157894736842,38,-0.06495991484492869,-6.495991484492869,15.652792348136803,1.2400691846387402,3.153508771929825e-10,0.5468900329541145,10499.601179963298,0.04996011799632979
btc_bullish,0,0.025,0.12,0.0,0.15,45,random,0.050112187935595014,5.011218793559501,0.3181818181818182,22,-0.04411571086542809,-4.411571086542809,21.441562331347903,1.5336644981791754,6.325757575757575e-10,1.5427527671389303,10501.12187935595,0.050112187935595014
btc_hl_breakout_3m,0,0.0175,0.25,0.0,0.3,1440,random,0.06536940456059369,6.5369404560593685,0.2,20,-0.098755743804953,-9.8755743804953,15.93007775547778,1.3262896548269,6.9e-10,1.2452144031567292,10653.694045605936,0.06536940456059369
btc_vol_breakout_8m,0,0.0175,0.2,0.0,0.15,480,random,0.02304679979181451,2.3046799791814507,0.17647058823529413,17,-0.042970687644723116,-4.297068764472312,12.005721295535555,1.3032189078391976,7.637254901960784e-10,0.9677485330774684,10230.467997918146,0.02304679979181451
btc_small_up_9m,0,0.02,0.025,0.0,0.05,20,random,0.007213898813691003,0.7213898813691003,0.4666666666666667,45,-0.013132299014729787,-1.3132299014729787,11.538211798622788,1.1875028401620804,2.1555555555555557e-10,0.3244178001001559,10072.13898813691,0.007213898813691003
btc_vol_breakout_10m,0,0.08,0.08,0.0,0.4,1440,random,0.014636117396914415,1.4636117396914414,0.5,12,-0.13144727951418878,-13.144727951418878,4.323022579395428,1.0656991787184467,1.125e-09,0.48436680377504243,10146.361173969144,0.014636117396914415
btc_bullish,0,0.08,0.01,0.0,0.4,720,random,0.1397236339767087,13.97236339767087,0.8478260869565217,46,-0.11207738826514502,-11.207738826514502,23.93405291316037,1.4739321324812817,2.8768115942028983e-10,0.7623659978283551,11397.236339767087,0.1397236339767087
btc_hl_breakout_2m,0,0.03,0.045,0.0,0.05,240,random,0.0011989987034983017,0.11989987034983017,0.42857142857142855,35,-0.024319417325093795,-2.4319417325093795,1.9776574229177757,1.0270724309794055,3.8142857142857146e-10,0.07627520341456712,10011.989987034984,0.0011989987034983017
btc_small_down_10m,0,0.0125,0.15,0.0,0.4,120,random,0.16876705984564933,16.876705984564932,0.25,20,-0.10866302781076176,-10.866302781076175,26.6727944389736,1.9448323595516195,6.658333333333334e-10,2.120438999074316,11687.670598456494,0.16876705984564933
btc_small_up_9m,0,0.05,0.05,0.0,0.4,1440,random,0.054424502941956644,5.442450294195664,0.56,25,-0.1201366534604631,-12.01366534604631,11.397468949081462,1.1711241486251363,4.786666666666667e-10,0.6274955147992708,10544.245029419566,0.054424502941956644
btc_vol_breakout_8m,0,0.035,0.05,0.0,0.15,480,random,0.017980689655375363,1.7980689655375364,0.4583333333333333,24,-0.04766554421542113,-4.7665544215421125,9.71728030609383,1.1844039727567226,5.083333333333333e-10,0.5282242915076715,10179.806896553753,0.017980689655375363
btc_vol_breakout_3m,0,0.1,0.045,0.0,0.15,180,random,0.04191121865214363,4.191121865214363,0.7058823529411765,17,-0.04926188264231768,-4.926188264231768,18.759088287728506,1.5471285838327085,8.215686274509805e-10,1.6625173285288402,10419.112186521437,0.04191121865214363
btc_hl_breakout_4m,0,0.08,0.06,0.0,0.25,720,random,0.0710053159187878,7.10053159187878,0.625,16,-0.08342260059525808,-8.342260059525808,19.304568499562382,1.5194798219424552,8.916666666666667e-10,1.81171622029903,10710.053159187879,0.0710053159187878
btc_vol_breakout_2m,0,0.03,0.025,0.0,0.15,5,random,0.020311718097295307,2.0311718097295306,0.5476190476190477,42,-0.035929659389979274,-3.5929659389979274,10.7395011965103,1.1585553417848957,3.055555555555555e-10,0.3364500243464697,10203.117180972953,0.020311718097295307
btc_hl_breakout_9m,0,0.0175,0.15,0.0,0.15,360,random,0.03181233197549327,3.181233197549327,0.2222222222222222,27,-0.06385568133236896,-6.385568133236896,14.171600971407598,1.2828360562840946,5.08641975308642e-10,0.8326365976367021,10318.123319754934,0.03181233197549327
btc_hl_breakout_6m,0,0.04,0.025,0.0,0.5,45,random,0.0198382770567041,1.9838277056704101,0.5897435897435898,39,-0.13876757763770953,-13.876757763770954,4.904429736805446,1.0419838691597734,3.2863247863247866e-10,0.1651867103954346,10198.382770567041,0.0198382770567041
btc_hl_breakout_10m,0,0.0075,0.12,0.0,0.4,120,random,0.06606819873347426,6.606819873347426,0.1891891891891892,37,-0.14791680314809208,-14.791680314809208,12.426594049445873,1.1942964517848595,3.5045045045045046e-10,0.5320809343357743,10660.681987334743,0.06606819873347426
btc_vol_breakout_9m,0,0.0075,0.04,0.0,0.4,180,random,0.021520212994868008,2.1520212994868007,0.29545454545454547,44,-0.10022075687194099,-10.022075687194098,6.2766164648415765,1.0744325474793788,2.1325757575757574e-10,0.15176193521381848,10215.20212994868,0.021520212994868008
btc_bullish,0,0.015,0.025,0.0,0.05,360,random,0.013641430617866815,1.3641430617866814,0.4444444444444444,63,-0.013171917103185882,-1.3171917103185882,18.42802102866712,1.2645402346234242,2.0079365079365078e-10,0.4356117324941462,10136.414306178669,0.013641430617866815
btc_hl_breakout_10m,0,0.0075,0.15,0.0,0.3,45,random,0.04638629362267002,4.638629362267002,0.16666666666666666,30,-0.11468733501025952,-11.468733501025952,11.22943126365749,1.2236734646716063,4.477777777777778e-10,0.5967381801679532,10463.8629362267,0.04638629362267002
btc_alt_aligned,0,0.03,0.08,0.0,0.25,5,random,0.06622143896467828,6.622143896467827,0.39285714285714285,28,-0.08712962108675437,-8.712962108675438,17.462301443657008,1.3053511914508926,5.119047619047619e-10,0.9868255555044104,10662.214389646782,0.06622143896467828
btc_small_up_9m,0,0.08,0.12,0.0,0.5,10,random,0.22493254266070298,22.4932542660703,0.6363636363636364,11,-0.142642195687249,-14.2642195687249,29.25655433289758,1.9388184575257004,1.1924242424242424e-09,4.019802340239708,12249.325426607029,0.22493254266070298
btc_vol_breakout_2m,0,0.035,0.06,0.0,0.5,15,random,0.08641783358969979,8.64178335896998,0.4230769230769231,26,-0.18515749752550292,-18.515749752550292,13.820542280423831,1.2120988603862481,5.243589743589743e-10,0.7635779843957419,10864.178335896999,0.08641783358969979
btc_small_up_10m,0,0.06,0.08,0.0,0.25,1440,random,0.06016160344032319,6.016160344032319,0.5294117647058824,17,-0.08970850990758261,-8.970850990758262,17.011970742372434,1.3821310097656105,7.529411764705883e-10,1.4709057181896545,10601.616034403232,0.06016160344032319
btc_vol_breakout_2m,0,0.08,0.05,0.0,0.1,480,random,0.027593164329160185,2.7593164329160187,0.65,20,-0.03473908382964386,-3.4739083829643858,18.53979745491596,1.4559300588010096,7.041666666666667e-10,1.3938593073308512,10275.931643291602,0.027593164329160185
btc_hl_breakout_7m,0,0.06,0.12,0.0,0.05,1440,random,0.02070688778575015,2.0706887785750148,0.4666666666666667,15,-0.017021630789794018,-1.7021630789794018,26.697521072789236,1.7461390155399417,9.6e-10,2.7642650872945116,10207.068877857502,0.02070688778575015
btc_hl_breakout_7m,0,0.03,0.02,0.0,0.5,360,random,0.12261276018325926,12.261276018325926,0.5714285714285714,49,-0.16844957159880236,-16.844957159880238,18.301984758107,1.22751506621471,2.387755102040816e-10,0.5323371699409046,11226.127601832592,0.12261276018325926
btc_bullish,0,0.005,0.025,0.0,0.5,240,random,0.09201897861809148,9.201897861809147,0.3173076923076923,104,-0.12073202788269533,-12.073202788269533,14.058555043799686,1.1292808768003129,1.0881410256410257e-10,0.20172811515765324,10920.189786180916,0.09201897861809148
btc_hl_breakout_10m,0,0.0175,0.03,0.0,0.3,15,random,0.044896731128745294,4.489673112874529,0.41509433962264153,53,-0.1186864223126477,-11.86864223126477,11.330801120020661,1.1307095266565899,2.20125786163522e-10,0.3132002950735577,10448.967311287453,0.044896731128745294
btc_hl_breakout_7m,0,0.005,0.2,0.0,0.1,45,random,0.024354496699290906,2.4354496699290906,0.15625,32,-0.03962323949773128,-3.9623239497731277,16.197495094531615,1.3702562238464946,4.057291666666667e-10,0.7861748824013597,10243.54496699291,0.024354496699290906
btc_hl_breakout_6m,0,0.01,0.02,0.0,0.05,45,random,-0.0056588424303300995,-0.56588424303301,0.3717948717948718,78,-0.021686848120240132,-2.168684812024013,-8.722405004286843,0.9019214124731368,1.3696581196581196e-10,-0.1424936222241166,9943.411575696698,-0.0056588424303300995
btc_hl_breakout_6m,0,0.03,0.035,0.0,0.3,15,random,-0.013773283049695738,-1.3773283049695737,0.4473684210526316,38,-0.13173067608011135,-13.173067608011134,-2.4533215165585376,0.9519796376275432,3.342105263157895e-10,-0.08235229265175986,9862.267169503042,-0.013773283049695738
btc_hl_breakout_9m,0,0.035,0.1,0.0,0.4,240,random,0.09000439322484581,9.000439322484581,0.4090909090909091,22,-0.14526163046785245,-14.526163046785246,15.695739808369558,1.2813255311663914,6.287878787878788e-10,1.1187142224636535,10900.043932248458,0.09000439322484581
btc_vol_breakout_8m,0,0.025,0.05,0.0,0.15,240,random,0.038531690188174636,3.8531690188174634,0.44,25,-0.031230048363352303,-3.1230048363352303,21.858011968036504,1.4890470607567765,4.6266666666666667e-10,1.0349023789127478,10385.316901881746,0.038531690188174636
btc_hl_breakout_8m,0,0.0075,0.045,0.0,0.4,60,random,-0.03296324479747186,-3.2963244797471862,0.23728813559322035,59,-0.20338322331061676,-20.338322331061676,-4.353739698885283,0.9235476201775964,1.9293785310734463e-10,-0.10364674916521971,9670.367552025282,-0.03296324479747186
btc_bullish,0,0.04,0.015,0.0,0.2,1440,random,0.07172534055810911,7.172534055810911,0.6875,48,-0.051242071979824666,-5.124207197982466,24.141544462820075,1.4272285380613625,2.736111111111111e-10,0.7470580551688183,10717.25340558109,0.07172534055810911
btc_hl_breakout_2m,0,0.01,0.025,0.0,0.25,60,random,0.014731981546562566,1.4731981546562567,0.37681159420289856,69,-0.07554055265736981,-7.554055265736981,5.591080471694474,1.0559096588513521,1.4202898550724639e-10,0.10294199813993112,10147.319815465626,0.014731981546562566
btc_hl_breakout_9m,0,0.1,0.15,0.0,0.5,240,random,0.15500444594712434,15.500444594712434,0.5454545454545454,11,-0.18502415697810937,-18.502415697810935,20.596356356280094,1.4485143619850391,1.321212121212121e-09,3.1419928767931213,11550.044459471243,0.15500444594712434
btc_vol_breakout_10m,0,0.02,0.25,0.0,0.4,60,random,0.16161979430145793,16.16197943014579,0.2,15,-0.08166418598859204,-8.166418598859204,30.209999423878223,1.9120788500523729,7.944444444444444e-10,2.7771991747104607,11616.19794301458,0.16161979430145793
btc_hl_breakout_2m,0,0.005,0.3,0.0,0.05,480,random,0.0158559577719969,1.58559577719969,0.13043478260869565,23,-0.01951941658357126,-1.9519416583571259,21.266353865691123,1.781448752312833,5.688405797101449e-10,1.393118846625579,10158.559577719969,0.0158559577719969
btc_hl_breakout_1m,0,0.04,0.12,0.0,0.15,120,random,0.04647115273185591,4.647115273185591,0.4117647058823529,17,-0.05095769346130341,-5.095769346130341,21.75987842362146,1.4876362091131583,8.284313725490195e-10,1.8660572167779985,10464.71152731856,0.04647115273185591
btc_vol_breakout_3m,0,0.02,0.03,0.0,0.05,480,random,0.008748498310430597,0.8748498310430597,0.475,40,-0.013140868863745214,-1.3140868863745214,13.58859643469967,1.2182394760894624,2.845833333333333e-10,0.4421082064647119,10087.484983104307,0.008748498310430597
btc_hl_breakout_2m,0,0.005,0.015,0.0,0.3,20,random,-0.013961973754060318,-1.396197375406032,0.3595505617977528,89,-0.10973817854495538,-10.973817854495538,-2.9252636098031086,0.955821525899601,9.756554307116105e-11,-0.038518457343223726,9860.380262459397,-0.013961973754060318
btc_small_up_10m,0,0.01,0.045,0.0,0.1,10,random,0.032021613438276475,3.2021613438276475,0.3617021276595745,47,-0.02776119817735312,-2.776119817735312,23.24027055027868,1.418462992016053,1.900709219858156e-10,0.682949105185879,10320.216134382765,0.032021613438276475
btc_vol_breakout_3m,0,0.1,0.01,0.0,0.05,30,random,0.013948269497882308,1.3948269497882309,0.8461538461538461,39,-0.015832466047125737,-1.5832466047125737,19.351876620273206,1.4611964767914238,3.2564102564102567e-10,0.7181834037139072,10139.482694978824,0.013948269497882308
btc_vol_breakout_10m,0,0.0075,0.01,0.0,0.15,30,random,-0.021660071640618686,-2.1660071640618686,0.45614035087719296,57,-0.04858170685799579,-4.858170685799578,-16.16826362632355,0.7841971358806088,1.0321637426900585e-10,-0.25029447992973314,9783.399283593813,-0.021660071640618686
btc_small_down_10m,0,0.025,0.08,0.0,0.5,10,random,0.11931679924389892,11.931679924389892,0.38461538461538464,26,-0.15886596361345218,-15.886596361345218,18.32533392364517,1.3352303611062728,4.698717948717948e-10,0.9762290554821943,11193.16799243899,0.11931679924389892
btc_hl_breakout_6m,0,0.01,0.3,0.0,0.25,20,random,0.08045175919843536,8.045175919843537,0.4,5,-0.08497050539843987,-8.497050539843986,19.688559629911172,4.3883532397395495,2.9266666666666665e-09,6.454238292352002,10804.517591984353,0.08045175919843536
btc_hl_breakout_2m,0,0.04,0.15,0.0,0.25,5,random,0.10717266843343072,10.717266843343072,0.46153846153846156,13,-0.0779614122257325,-7.796141222573249,26.848869342845337,1.8220390771069528,1.1064102564102564e-09,3.325220802138054,11071.726684334308,0.10717266843343072
btc_vol_breakout_3m,0,0.03,0.01,0.0,0.3,180,random,0.06993854886983727,6.993854886983727,0.7192982456140351,57,-0.06898766159934022,-6.898766159934022,18.75328634137373,1.2883814304147734,1.7953216374269007e-10,0.4188457728684412,10699.385488698372,0.06993854886983727
btc_vol_breakout_8m,0,0.005,0.02,0.0,0.25,480,random,0.004630682775064997,0.4630682775064997,0.3392857142857143,56,-0.0638188011868821,-6.38188011868821,2.5930121468515654,1.0257595966374773,1.1607142857142857e-10,0.046485724840372014,10046.30682775065,0.004630682775064997
btc_vol_breakout_2m,0,0.015,0.25,0.0,0.05,480,random,0.0132535917963303,1.32535917963303,0.19047619047619047,21,-0.018242778419321093,-1.8242778419321093,17.733482551655527,1.4786574458273,6.46031746031746e-10,1.2845860999739112,10132.535917963303,0.0132535917963303
btc_hl_breakout_8m,0,0.03,0.12,0.0,0.1,1440,random,0.02334750904208189,2.334750904208189,0.3333333333333333,21,-0.041441796512999396,-4.14417965129994,15.194085908831038,1.3251700574862786,6.658730158730158e-10,1.1455088860363232,10233.47509042082,0.02334750904208189
btc_hl_breakout_7m,0,0.005,0.025,0.0,0.15,60,random,-0.0026331439415429258,-0.2633143941542926,0.2696629213483146,89,-0.07747559664881676,-7.747559664881676,-0.6748345596303165,0.9852063212421177,1.1198501872659177e-10,-0.009858531219607199,9973.66856058457,-0.0026331439415429258
btc_bullish,0,0.0125,0.03,0.0,0.15,90,random,0.028268232936918616,2.8268232936918616,0.36764705882352944,68,-0.041834844308500485,-4.183484430850049,13.029064745373908,1.1607588429201516,1.8284313725490197e-10,0.28829127572764635,10282.682329369187,0.028268232936918616
btc_bullish,0,0.01,0.045,0.0,0.2,90,random,0.04630557723952279,4.630557723952279,0.31746031746031744,63,-0.05614205879414391,-5.614205879414391,15.94603953527549,1.2166464384484659,1.986772486772487e-10,0.380024618004149,10463.055772395228,0.04630557723952279
btc_hl_breakout_8m,0,0.03,0.12,0.0,0.15,360,random,0.034494502500363115,3.4494502500363113,0.3333333333333333,21,-0.061603480133409216,-6.160348013340922,15.141531498784223,1.3152555235980783,6.658730158730158e-10,1.1455088860363287,10344.945025003632,0.034494502500363115
btc_small_up_9m,0,0.035,0.3,0.0,0.15,5,random,0.04650563316537643,4.650563316537643,0.5,4,-0.046032071429336296,-4.60320714293363,19.07066895979891,4.2963382550275195,3.5416666666666665e-09,7.7738448450265185,10465.056331653765,0.04650563316537643
btc_small_up_9m,0,0.0075,0.08,0.0,0.15,5,random,0.007089665491398137,0.7089665491398137,0.22857142857142856,35,-0.04055993812602632,-4.055993812602631,4.339499167415862,1.074702837907434,2.9190476190476193e-10,0.15341847615447785,10070.89665491398,0.007089665491398137
btc_hl_breakout_10m,0,0.03,0.02,0.0,0.25,10,random,0.07736385231868512,7.736385231868511,0.5918367346938775,49,-0.06621743865161844,-6.621743865161845,21.578333436487668,1.3249495675606295,2.5068027210884354e-10,0.6395619164125816,10773.638523186852,0.07736385231868512
btc_hl_breakout_9m,0,0.025,0.04,0.0,0.1,480,random,0.029939210098665545,2.9939210098665545,0.4634146341463415,41,-0.032052557702750506,-3.2052557702750506,19.88966226156271,1.3379499051065264,3.1463414634146345e-10,0.7356550829651297,10299.392100986655,0.029939210098665545
btc_hl_breakout_3m,0,0.1,0.12,0.0,0.1,180,random,0.04893556789897351,4.893556789897351,0.6363636363636364,11,-0.03076675182182731,-3.076675182182731,31.56880098153731,2.069820939618595,1.3242424242424243e-09,4.432017242762291,10489.355678989736,0.04893556789897351
btc_vol_breakout_8m,0,0.08,0.035,0.0,0.5,20,random,0.07655259382272589,7.655259382272589,0.6818181818181818,22,-0.13504971961159695,-13.504971961159695,13.408174141713006,1.229671045449381,5.939393939393939e-10,0.7897077864975164,10765.52593822726,0.07655259382272589
btc_vol_breakout_8m,0,0.05,0.1,0.0,0.15,480,random,0.0279492725977919,2.79492725977919,0.42105263157894735,19,-0.05188625367078359,-5.188625367078359,14.01706165656841,1.2586159317952101,7.052631578947369e-10,1.0276828126039643,10279.49272597792,0.0279492725977919
btc_bullish,0,0.0075,0.04,0.0,0.3,720,random,0.05239535709390043,5.239535709390044,0.2894736842105263,76,-0.08642278227814837,-8.642278227814836,12.628016306550562,1.1411841405286067,1.6030701754385964e-10,0.25102884563670413,10523.953570939004,0.05239535709390043
btc_hl_breakout_8m,0,0.0175,0.1,0.0,0.2,10,random,0.03638028033698486,3.6380280336984856,0.2727272727272727,33,-0.07273446081705592,-7.273446081705592,12.653491659540052,1.222669041596172,3.9898989898989895e-10,0.5870307382232794,10363.802803369848,0.03638028033698486
btc_hl_breakout_9m,0,0.025,0.12,0.0,0.15,10,random,0.06002262352211542,6.002262352211542,0.3333333333333333,24,-0.04978041831491942,-4.978041831491941,25.44924061767119,1.5762871228133934,5.76388888888889e-10,1.6829548861132966,10600.226235221155,0.06002262352211542
btc_hl_breakout_4m,0,0.03,0.25,0.0,0.25,180,random,0.051979668113290974,5.197966811329097,0.26666666666666666,15,-0.09477133162383666,-9.477133162383666,14.685677101469219,1.3356196581063304,9.655555555555555e-10,1.5525646466106016,10519.79668113291,0.051979668113290974
btc_vol_breakout_2m,0,0.005,0.05,0.0,0.25,20,random,-0.0333911785079446,-3.3391178507944597,0.18181818181818182,66,-0.08964199064391964,-8.964199064391964,-10.247163721134731,0.8559878067776293,1.585858585858586e-10,-0.18770164591239072,9666.088214920554,-0.0333911785079446
btc_vol_breakout_3m,0,0.01,0.15,0.0,0.25,90,random,0.054648738524733564,5.464873852473357,0.20833333333333334,24,-0.08441524667318656,-8.441524667318657,15.366584326068981,1.3836308432569824,5.131944444444444e-10,0.9760530802631744,10546.487385247336,0.054648738524733564
btc_vol_breakout_10m,0,0.015,0.015,0.0,0.1,120,random,0.014690348489639462,1.4690348489639462,0.5306122448979592,49,-0.01691625242063355,-1.6916252420633549,14.760458440092492,1.2434034307190065,1.445578231292517e-10,0.30372754812151403,10146.903484896395,0.014690348489639462
btc_hl_breakout_4m,0,0.0075,0.025,0.0,0.2,180,random,-0.006958140684643626,-0.6958140684643627,0.352112676056338,71,-0.07417458405225152,-7.417458405225153,-2.0750119925171013,0.9679164757006262,1.563380281690141e-10,-0.03559775357858876,9930.418593153563,-0.006958140684643626
btc_hl_breakout_3m,0,0.04,0.045,0.0,0.15,15,random,0.03237350397184298,3.237350397184298,0.5333333333333333,30,-0.05095769346130419,-5.095769346130419,15.958794489158775,1.2706198743594013,4.516666666666667e-10,0.7390396093267102,10323.73503971843,0.03237350397184298
btc_hl_breakout_9m,0,0.025,0.3,0.0,0.15,360,random,0.07053699847390835,7.053699847390835,0.2727272727272727,11,-0.04978041831491831,-4.978041831491831,27.521458552660647,2.31968951070893,1.3181818181818183e-09,4.318056817983674,10705.369984739084,0.07053699847390835
btc_hl_breakout_6m,0,0.035,0.03,0.0,0.5,720,random,0.013949517204500899,1.3949517204500899,0.5277777777777778,36,-0.166750392471826,-16.6750392471826,4.031338659170092,1.0296961971160958,3.5925925925925927e-10,0.1485393973308415,10139.495172045008,0.013949517204500899
btc_hl_breakout_1m,0,0.035,0.12,0.0,0.2,20,random,0.05225293374914609,5.225293374914608,0.3684210526315789,19,-0.06749080430094445,-6.749080430094445,18.644143704079536,1.3743164795850527,7.298245614035088e-10,1.4405717325622172,10522.529337491462,0.05225293374914609
btc_hl_breakout_6m,0,0.035,0.01,0.0,0.05,10,random,0.0054292386903531,0.54292386903531,0.7090909090909091,55,-0.014698503302227772,-1.4698503302227772,8.587199835068553,1.1330614513572719,1.9545454545454545e-10,0.2011336840884605,10054.292386903531,0.0054292386903531
btc_hl_breakout_7m,0,0.08,0.06,0.0,0.4,5,random,0.133204989666708,13.3204989666708,0.625,16,-0.1324116222788907,-13.24116222788907,22.112752876610905,1.5711821294890367,9.09375e-10,2.112558606050442,11332.04989666708,0.133204989666708
btc_vol_breakout_2m,0,0.1,0.08,0.0,0.1,240,random,0.024986951247619116,2.4986951247619116,0.6363636363636364,11,-0.03545531037469618,-3.545531037469618,16.926307462081457,1.5889988982142536,1.3075757575757575e-09,2.2952907648653285,10249.86951247619,0.024986951247619116
btc_hl_breakout_6m,0,0.06,0.06,0.0,0.15,60,random,0.03373746794261644,3.373746794261644,0.5294117647058824,17,-0.053735304007557216,-5.373530400755722,15.273391496075549,1.3812217728902965,8.07843137254902e-10,1.3567994097903335,10337.374679426164,0.03373746794261644
btc_hl_breakout_7m,0,0.05,0.25,0.0,0.2,20,random,0.08460408607055547,8.460408607055548,0.36363636363636365,11,-0.0713213894386644,-7.1321389438664395,25.538443282594052,1.96236985729482,1.3348484848484849e-09,3.9182817672448578,10846.040860705554,0.08460408607055547
btc_hl_breakout_7m,0,0.025,0.25,0.0,0.2,30,random,0.07670674535708283,7.670674535708283,0.2857142857142857,14,-0.07222578272638847,-7.222578272638847,23.486052483262586,1.846501079817535,1.0226190476190475e-09,2.8035861412688794,10767.067453570828,0.07670674535708283
btc_vol_breakout_3m,0,0.0125,0.2,0.0,0.15,480,random,0.01564617616109499,1.564617616109499,0.19047619047619047,21,-0.04832357518469077,-4.8323575184690775,8.211565526409883,1.1880349537044355,6.055555555555556e-10,0.5534205498116223,10156.46176161095,0.01564617616109499
btc_hl_breakout_9m,0,0.0075,0.05,0.0,0.2,20,random,0.0012769610437586153,0.12769610437586154,0.23214285714285715,56,-0.0955209214938384,-9.552092149383839,1.2850066008890766,1.0063126983766246,2.1339285714285716e-10,0.0348555663766558,10012.769610437586,0.0012769610437586153
btc_vol_breakout_10m,0,0.025,0.1,0.0,0.5,5,random,0.21349622393395248,21.349622393395247,0.3684210526315789,19,-0.10071210664905794,-10.071210664905795,33.64108794512634,1.9430271026876167,5.614035087719298e-10,2.171094465538752,12134.962239339526,0.21349622393395248
btc_hl_breakout_2m,0,0.0125,0.2,0.0,0.05,180,random,0.00947120684937916,0.947120684937916,0.19047619047619047,21,-0.01494212421993979,-1.494212421993979,14.136142644219994,1.3950184001559784,6.650793650793651e-10,0.9181286253453562,10094.71206849379,0.00947120684937916
btc_vol_breakout_8m,0,0.005,0.01,0.0,0.1,15,random,-0.013403244105009458,-1.3403244105009458,0.3880597014925373,67,-0.028430687739849025,-2.8430687739849025,-13.983709650724975,0.8153803946358311,8.582089552238805e-11,-0.19762312587826378,9865.967558949906,-0.013403244105009458
btc_small_down_10m,0,0.005,0.025,0.0,0.2,5,random,0.06103743314758221,6.103743314758221,0.3333333333333333,78,-0.053962959881052375,-5.396295988105237,28.448522690989474,1.3880077779643332,9.294871794871794e-11,0.38938797417534954,10610.374331475821,0.06103743314758221
btc_hl_breakout_4m,0,0.0075,0.035,0.0,0.05,20,random,0.0033183328566375337,0.33183328566375336,0.328125,64,-0.014606286405052793,-1.4606286405052793,5.335247984490978,1.0651248663614994,1.8645833333333332e-10,0.10773054484262085,10033.183328566376,0.0033183328566375337
btc_hl_breakout_5m,0,0.015,0.04,0.0,0.15,240,random,0.00688654172696929,0.688654172696929,0.3541666666666667,48,-0.05299056336740138,-5.299056336740138,4.1094505131028,1.049120395402872,2.6597222222222224e-10,0.1108625666299546,10068.865417269693,0.00688654172696929
btc_hl_breakout_5m,0,0.06,0.035,0.0,0.25,10,random,0.07550507102529569,7.5505071025295685,0.6538461538461539,26,-0.08284182726244249,-8.28418272624425,20.46011617259896,1.439592987983294,5.224358974358974e-10,1.173081878767535,10755.050710252957,0.07550507102529569
btc_hl_breakout_2m,0,0.01,0.03,0.0,0.15,60,random,0.02541086888866271,2.5410868888662708,0.38235294117647056,68,-0.04829831151648334,-4.829831151648333,13.592720095917777,1.16362433097023,1.517156862745098e-10,0.2580853540110268,10254.108688886627,0.02541086888866271
btc_vol_breakout_8m,0,0.04,0.08,0.0,0.5,60,random,0.05100201146534764,5.100201146534764,0.38095238095238093,21,-0.1519826609134446,-15.19826609134446,9.379323676681501,1.1349918764166889,5.968253968253968e-10,0.623488881867575,10510.020114653476,0.05100201146534764
btc_hl_breakout_7m,0,0.0125,0.2,0.0,0.15,180,random,0.05126316091519011,5.126316091519011,0.21739130434782608,23,-0.05114491026039625,-5.114491026039625,21.854722046898825,1.6014696304004081,6.08695652173913e-10,1.5187995378476038,10512.6316091519,0.05126316091519011
btc_vol_breakout_2m,0,0.0175,0.06,0.0,0.15,1440,random,0.004406540680749208,0.44065406807492086,0.3,40,-0.0511061759100877,-5.11061759100877,2.7716005821958354,1.0322397774897383,3.095833333333333e-10,0.09679782932083096,10044.065406807493,0.004406540680749208
btc_vol_breakout_3m,0,0.1,0.025,0.0,0.1,480,random,0.03267295302772456,3.2672953027724563,0.7692307692307693,26,-0.03180879723307106,-3.180879723307106,22.251600104855005,1.5410328650507892,5.243589743589743e-10,1.2600476532647238,10326.729530277245,0.03267295302772456
btc_hl_breakout_8m,0,0.1,0.025,0.0,0.5,720,random,0.10408244040722765,10.408244040722765,0.75,24,-0.16719552095654944,-16.719552095654944,15.464043300133001,1.2909057718207715,5.784722222222223e-10,0.9465888487389594,11040.824404072277,0.10408244040722765
btc_hl_breakout_5m,0,0.005,0.045,0.0,0.4,5,random,0.048011362148151104,4.80113621481511,0.24285714285714285,70,-0.1717029151997489,-17.17029151997489,10.010708675324775,1.108437868453864,1.5214285714285713e-10,0.2023312642550706,10480.11362148151,0.048011362148151104
btc_bullish,0,0.08,0.08,0.0,0.2,45,random,0.05742550548547181,5.742550548547181,0.5833333333333334,12,-0.06813143088781581,-6.813143088781581,19.14295423588159,1.620253627175431,1.2055555555555555e-09,2.426289975815771,10574.255054854719,0.05742550548547181
btc_hl_breakout_10m,0,0.08,0.15,0.0,0.2,360,random,0.05974881065949023,5.974881065949023,0.4444444444444444,9,-0.06793523275287627,-6.793523275287628,19.54873472367588,1.6269674786801291,1.6203703703703704e-09,3.432703066035661,10597.488106594903,0.05974881065949023
btc_small_up_9m,0,0.025,0.02,0.0,0.3,720,random,0.09973591957125687,9.973591957125686,0.5853658536585366,41,-0.06468565463589537,-6.468565463589537,30.550113752415307,1.5330727613422994,2.3252032520325204e-10,0.7979290088814622,10997.359195712568,0.09973591957125687
btc_hl_breakout_9m,0,0.0075,0.06,0.0,0.2,720,random,-0.0019145034262321133,-0.19145034262321134,0.2037037037037037,54,-0.09940925915890853,-9.940925915890853,0.21862349825110236,0.9907442141339868,2.2685185185185186e-10,0.008563992288379167,9980.854965737679,-0.0019145034262321133
btc_vol_breakout_3m,0,0.0075,0.3,0.0,0.15,720,random,0.047346124604281746,4.734612460428175,0.4,5,-0.05376279563161379,-5.376279563161379,18.88427099708066,4.193045500623995,2.92e-09,6.331683474511332,10473.461246042818,0.047346124604281746
btc_hl_breakout_7m,0,0.03,0.2,0.0,0.2,360,random,0.05212771050736901,5.212771050736901,0.29411764705882354,17,-0.078438121052952,-7.8438121052952,17.433934403322887,1.4064124494173642,8.382352941176471e-10,1.6216223613110734,10521.27710507369,0.05212771050736901
btc_alt_aligned,0,0.02,0.25,0.0,0.5,20,random,0.18289572351538827,18.289572351538826,0.25,16,-0.1574452474455348,-15.744524744553479,23.15498431285125,1.6875857115043424,9.114583333333333e-10,2.442029475660826,11828.957235153883,0.18289572351538827
btc_small_up_10m,0,0.05,0.05,0.0,0.4,90,random,0.11326203097953062,11.326203097953062,0.5555555555555556,27,-0.13816834050660587,-13.816834050660587,19.480166359907344,1.3194106646919346,4.444444444444445e-10,1.1049872684261328,11132.620309795306,0.11326203097953062
btc_hl_breakout_7m,0,0.005,0.05,0.0,0.15,120,random,0.017237192133800566,1.7237192133800567,0.23076923076923078,65,-0.06438891980024941,-6.438891980024941,8.61147270367827,1.1134667010518193,1.794871794871795e-10,0.1912183046550041,10172.371921338006,0.017237192133800566
btc_small_up_10m,0,0.035,0.045,0.0,0.3,15,random,0.10807531174514007,10.807531174514008,0.5161290322580645,31,-0.0988969611526439,-9.88969611526439,24.449395791789318,1.4643559662329,3.801075268817204e-10,1.1669633419737029,11080.7531174514,0.10807531174514007
btc_hl_breakout_7m,0,0.0125,0.01,0.0,0.4,90,random,0.03762303335833053,3.762303335833053,0.5454545454545454,88,-0.11644513400050005,-11.644513400050005,8.191564752849118,1.079702316777275,1.1079545454545454e-10,0.13098581494575026,10376.230333583306,0.03762303335833053
btc_hl_breakout_10m,0,0.03,0.3,0.0,0.2,480,random,0.05201087198697442,5.201087198697442,0.4,5,-0.08081510051229157,-8.081510051229158,15.952254100292473,2.729590969878573,2.93e-09,5.289957535732807,10520.108719869744,0.05201087198697442
btc_hl_breakout_10m,0,0.0125,0.05,0.0,0.25,30,random,0.058035553702364996,5.8035553702364995,0.3409090909090909,44,-0.07393657298520162,-7.3936572985201625,16.394781730281913,1.2442545663520495,2.7954545454545453e-10,0.5543483121179227,10580.35553702365,0.058035553702364996
btc_hl_breakout_5m,0,0.035,0.04,0.0,0.3,480,random,0.059231440667557124,5.923144066755713,0.5142857142857142,35,-0.09699929845621591,-9.699929845621591,15.148585651565076,1.2225545285550738,3.847619047619048e-10,0.5985768854449977,10592.31440667557,0.059231440667557124
btc_hl_breakout_9m,0,0.03,0.25,0.0,0.4,20,random,0.14754531879996666,14.754531879996666,0.3076923076923077,13,-0.13916691863766173,-13.916691863766173,23.109439555362105,1.755209944098078,1.1128205128205129e-09,2.9863918611909503,11475.453187999667,0.14754531879996666
btc_bullish,0,0.02,0.035,0.0,0.3,30,random,0.062463619819254565,6.246361981925457,0.43137254901960786,51,-0.08060618188909663,-8.060618188909663,14.707371634188933,1.1862735307101757,2.5588235294117645e-10,0.4350293016714091,10624.636198192546,0.062463619819254565
btc_alt_aligned,0,0.005,0.02,0.0,0.2,10,random,-0.012262149264170148,-1.2262149264170148,0.2975206611570248,121,-0.08021756902619914,-8.021756902619915,-3.1938322994191335,0.9594146512411473,1.0275482093663912e-10,-0.039749073539502564,9877.378507358299,-0.012262149264170148
btc_vol_breakout_3m,0,0.08,0.12,0.0,0.15,120,random,0.05889467936642693,5.889467936642693,0.5,12,-0.04743164630593921,-4.743164630593921,25.880705372023463,1.754124480052111,1.1444444444444445e-09,3.298809328849418,10588.946793664269,0.05889467936642693
btc_small_up_9m,0,0.0175,0.2,0.0,0.15,5,random,0.0007055369616334929,0.07055369616334929,0.17391304347826086,23,-0.05289140775213774,-5.289140775213774,0.9361633392289409,1.0071042136535637,5.268115942028986e-10,0.07460271907466229,10007.055369616335,0.0007055369616334929
btc_hl_breakout_8m,0,0.06,0.05,0.0,0.05,45,random,0.011250147196512466,1.1250147196512466,0.5714285714285714,21,-0.01817124220209676,-1.817124220209676,14.99077546002118,1.3551338375003403,6.658730158730158e-10,1.081176265152308,10112.501471965124,0.011250147196512466
btc_hl_breakout_10m,0,0.0075,0.04,0.0,0.3,360,random,0.02225161306534501,2.225161306534501,0.288135593220339,59,-0.12131856323396917,-12.131856323396917,6.431639388392006,1.0695453253436125,1.9661016949152542e-10,0.1557591289368215,10222.51613065345,0.02225161306534501
btc_hl_breakout_10m,0,0.035,0.05,0.0,0.5,90,random,0.09315099046819178,9.315099046819178,0.46875,32,-0.17608663965672178,-17.60866396567218,13.918290510461532,1.1874081039605608,4.119791666666667e-10,0.6707738402833091,10931.509904681918,0.09315099046819178
btc_vol_breakout_8m,0,0.05,0.03,0.0,0.3,10,random,0.07168064374828245,7.168064374828245,0.6206896551724138,29,-0.0718520285752603,-7.185202857526029,20.916807028396565,1.3543946429839302,4.03448275862069e-10,0.8420052459295554,10716.806437482825,0.07168064374828245
btc_hl_breakout_10m,0,0.025,0.015,0.0,0.15,90,random,0.0357625776149677,3.5762577614967697,0.5925925925925926,54,-0.04360296108213435,-4.360296108213435,16.85019908319587,1.256535738198231,2.117283950617284e-10,0.45055345414885295,10357.625776149676,0.0357625776149677
btc_small_up_10m,0,0.03,0.04,0.0,0.05,60,random,0.014061896722821309,1.406189672282131,0.4864864864864865,37,-0.01511283846623468,-1.511283846623468,19.807126338808857,1.34756862481582,3.022522522522523e-10,0.7637521393576387,10140.618967228213,0.014061896722821309
btc_vol_breakout_3m,0,0.015,0.25,0.0,0.2,120,random,0.04872980844620197,4.872980844620197,0.19047619047619047,21,-0.06859849570410104,-6.859849570410104,17.35027595168317,1.41292278325109,6.23015873015873e-10,1.2468836764118987,10487.29808446202,0.04872980844620197
btc_hl_breakout_5m,0,0.08,0.06,0.0,0.1,10,random,0.034706549373126575,3.4706549373126574,0.625,16,-0.03440803233202061,-3.440803233202061,22.69617070972127,1.673757019425699,9.041666666666667e-10,2.174282100371181,10347.065493731267,0.034706549373126575
btc_hl_breakout_1m,0,0.08,0.06,0.0,0.5,720,random,0.1369229583105732,13.692295831057319,0.625,16,-0.16208939710502712,-16.20893971050271,19.352792048416973,1.458626917678575,8.84375e-10,1.796434778689733,11369.22958310573,0.1369229583105732
btc_hl_breakout_5m,0,0.035,0.05,0.0,0.1,720,random,0.010245782052197979,1.0245782052197978,0.4666666666666667,30,-0.035887406708556724,-3.5887406708556724,7.652046816020647,1.1260343300252804,4.6333333333333334e-10,0.3599630137543613,10102.45782052198,0.010245782052197979
btc_hl_breakout_3m,0,0.04,0.01,0.0,0.15,45,random,0.03222280341422368,3.2222803414223677,0.7321428571428571,56,-0.03597599298779364,-3.5975992987793637,16.721848882081822,1.2607220079013446,1.994047619047619e-10,0.39062136315515694,10322.228034142237,0.03222280341422368
btc_hl_breakout_5m,0,0.05,0.015,0.0,0.1,120,random,0.005054371010900309,0.5054371010900308,0.6818181818181818,44,-0.038770397914435484,-3.8770397914435484,4.104157869873335,1.0551696275708813,2.9469696969696975e-10,0.1273676288960844,10050.543710109003,0.005054371010900309
btc_alt_aligned,0,0.0125,0.3,0.0,0.5,480,random,0.22009072117779288,22.009072117779287,0.21428571428571427,14,-0.14744783339615664,-14.744783339615664,26.739309476169627,2.329019988811083,1.0452380952380954e-09,3.189200027251177,12200.907211777929,0.22009072117779288
btc_small_down_10m,0,0.1,0.06,0.0,0.05,480,random,0.014447815053804823,1.4447815053804822,0.6666666666666666,15,-0.017768982506813247,-1.7768982506813247,19.223930390116532,1.5769963588713964,8.244444444444445e-10,1.9349385973641515,10144.478150538049,0.014447815053804823
btc_hl_breakout_9m,0,0.005,0.25,0.0,0.1,720,random,0.024801118421000207,2.480111842100021,0.08333333333333333,36,-0.043766737854536886,-4.376673785453688,15.63129277820012,1.4154465588818748,3.412037037037037e-10,0.7148947680206996,10248.011184210001,0.024801118421000207
btc_hl_breakout_3m,0,0.08,0.035,0.0,0.05,30,random,0.02050139582359805,2.050139582359805,0.7307692307692307,26,-0.01404982241799757,-1.404982241799757,27.55125048480722,1.687680928329043,5.358974358974359e-10,1.5739312641020908,10205.01395823598,0.02050139582359805
btc_small_up_9m,0,0.0175,0.3,0.0,0.4,5,random,0.11050789033459882,11.050789033459882,0.2857142857142857,7,-0.1264369464890458,-12.64369464890458,18.20983754727175,3.1006525418778605,1.992857142857143e-09,4.022302705619008,11105.078903345988,0.11050789033459882
btc_vol_breakout_2m,0,0.05,0.1,0.0,0.05,45,random,0.010992931486594677,1.0992931486594677,0.42105263157894735,19,-0.017763013839924735,-1.7763013839924735,15.625234919318547,1.3342249902505827,7.368421052631579e-10,1.1707005250587532,10109.929314865947,0.010992931486594677
btc_small_down_10m,0,0.025,0.3,0.0,0.1,60,random,0.04697422056020316,4.697422056020316,0.2727272727272727,11,-0.03160409363152539,-3.1604093631525387,27.160430503678903,2.3477454322589293,1.303030303030303e-09,4.3003275687107,10469.742205602031,0.04697422056020316
btc_hl_breakout_5m,0,0.02,0.06,0.0,0.15,180,random,0.021804685061590477,2.180468506159048,0.35,40,-0.04827048783020471,-4.827048783020471,10.809289708319936,1.1520889804100034,3.395833333333333e-10,0.385317992555499,10218.046850615905,0.021804685061590477
btc_hl_breakout_8m,0,0.0075,0.08,0.0,0.15,720,random,-0.01846123127835865,-1.846123127835865,0.1568627450980392,51,-0.08115819696106175,-8.115819696106175,-8.316146995618361,0.8713048418817692,2.2679738562091503e-10,-0.225633624139117,9815.387687216413,-0.01846123127835865
btc_hl_breakout_7m,0,0.035,0.12,0.0,0.05,60,random,0.01415302473226966,1.415302473226966,0.34782608695652173,23,-0.02101350350550457,-2.101350350550457,17.976540392470824,1.3569038688334762,6.115942028985507e-10,1.2464939793218905,10141.530247322697,0.01415302473226966
btc_vol_breakout_3m,0,0.04,0.2,0.0,0.4,5,random,0.07381815932116784,7.381815932116783,0.3333333333333333,12,-0.13309389724956022,-13.309389724956022,14.26419234463563,1.331307421887122,1.1402777777777778e-09,1.8190753801256718,10738.181593211679,0.07381815932116784
btc_hl_breakout_7m,0,0.06,0.035,0.0,0.05,5,random,0.014714866398213395,1.4714866398213395,0.6538461538461539,26,-0.017021630789795128,-1.7021630789795128,19.69295792265468,1.4645349165509245,5.256410256410257e-10,1.1350981899547707,10147.148663982134,0.014714866398213395
btc_small_up_10m,0,0.02,0.025,0.0,0.4,10,random,0.0988484873464602,9.88484873464602,0.46938775510204084,49,-0.1159134378885871,-11.59134378885871,18.002438842142677,1.2543502961116115,1.9795918367346937e-10,0.5280846963646028,10988.484873464602,0.0988484873464602
btc_hl_breakout_8m,0,0.03,0.2,0.0,0.25,10,random,0.08373247629210828,8.373247629210828,0.3125,16,-0.08998733689897531,-8.99873368989753,21.750109551789944,1.5244046952087733,8.8125e-10,2.2032223799232407,10837.324762921082,0.08373247629210828
btc_vol_breakout_10m,0,0.08,0.03,0.0,0.4,90,random,0.12065072650547667,12.065072650547668,0.75,20,-0.08920984257713138,-8.920984257713139,25.595415584296774,1.6404681846841347,6.533333333333334e-10,1.5034453746627763,11206.507265054766,0.12065072650547667
btc_hl_breakout_1m,0,0.01,0.25,0.0,0.5,90,random,0.09599978746537399,9.5999787465374,0.16,25,-0.188655321451752,-18.8655321451752,14.901316215631468,1.2744696264924606,5.286666666666666e-10,0.9754806685727124,10959.99787465374,0.09599978746537399
btc_small_up_9m,0,0.025,0.3,0.0,0.2,5,random,0.05795661956086465,5.795661956086465,0.4,5,-0.06423529452708232,-6.423529452708232,18.102079303789054,3.5214210378381003,2.85e-09,5.840813629675315,10579.566195608646,0.05795661956086465
btc_small_up_9m,0,0.03,0.06,0.0,0.15,360,random,0.006978304290246001,0.6978304290246001,0.34615384615384615,26,-0.04584450046419708,-4.5844500464197075,4.167885420640073,1.0639979624392244,4.666666666666667e-10,0.21129857260141727,10069.78304290246,0.006978304290246001
btc_hl_breakout_8m,0,0.005,0.045,0.0,0.4,20,random,-0.01488319596031465,-1.488319596031465,0.20588235294117646,68,-0.2060018440881487,-20.60018440881487,-1.1191454195247825,0.9647289776800361,1.5318627450980392e-10,-0.022415633439504198,9851.168040396853,-0.01488319596031465
btc_hl_breakout_2m,0,0.06,0.12,0.0,0.3,45,random,0.11640728660783839,11.64072866078384,0.46153846153846156,13,-0.09903360101660275,-9.903360101660274,25.30961788846896,1.7356682913958148,1.0820512820512819e-09,3.0048624270922977,11164.072866078384,0.11640728660783839
btc_small_down_10m,0,0.04,0.03,0.0,0.25,180,random,0.04579154714006313,4.579154714006313,0.6363636363636364,33,-0.04837691544595624,-4.837691544595623,15.18240878384633,1.2580321333710816,3.292929292929293e-10,0.5755079483468825,10457.91547140063,0.04579154714006313
btc_small_up_10m,0,0.0175,0.04,0.0,0.3,45,random,0.06492973600298742,6.4929736002987415,0.391304347826087,46,-0.10224221613136708,-10.224221613136708,16.090202638753585,1.2299251054290143,2.1739130434782608e-10,0.4942394632998801,10649.297360029874,0.06492973600298742
btc_vol_breakout_10m,0,0.01,0.035,0.0,0.15,45,random,0.006196508382372554,0.6196508382372554,0.3170731707317073,41,-0.03626721522390519,-3.626721522390519,4.719675121685879,1.065434404438362,1.8699186991869918e-10,0.11126453737326418,10061.965083823725,0.006196508382372554
btc_hl_breakout_2m,0,0.0075,0.015,0.0,0.1,10,random,-0.01078466135793102,-1.078466135793102,0.3953488372093023,86,-0.04308285535636902,-4.308285535636902,-8.586179951421228,0.9031246703465714,1.0562015503875968e-10,-0.12099503633159596,9892.15338642069,-0.01078466135793102
btc_hl_breakout_8m,0,0.08,0.025,0.0,0.4,240,random,0.0931952673616136,9.31952673616136,0.72,25,-0.11728434358677153,-11.728434358677154,16.782336008717493,1.338450730813602,5.5e-10,0.9796598679241528,10931.952673616135,0.0931952673616136
btc_vol_breakout_9m,0,0.1,0.12,0.0,0.5,15,random,0.0814381208026446,8.14381208026446,0.5,8,-0.1574610588093034,-15.746105880930338,13.400129793572619,1.3768855805495894,1.6875e-09,2.3306037165521545,10814.381208026447,0.0814381208026446
btc_small_up_10m,0,0.0125,0.08,0.0,0.1,360,random,0.026221089628993558,2.6221089628993557,0.2727272727272727,33,-0.03425537642081633,-3.425537642081633,18.264082104410285,1.384574724843462,3.237373737373738e-10,0.8055217267635173,10262.210896289936,0.026221089628993558
btc_hl_breakout_2m,0,0.08,0.08,0.0,0.4,15,random,0.14889373153464744,14.889373153464744,0.6,15,-0.13134008847963663,-13.134008847963663,24.53775838516725,1.5926985816386974,9.288888888888889e-10,2.5155202785424744,11488.937315346475,0.14889373153464744
btc_small_up_10m,0,0.04,0.2,0.0,0.5,5,random,0.09233699049692623,9.233699049692623,0.3333333333333333,15,-0.16393576919464126,-16.393576919464124,13.864478743068501,1.2578458448166465,8.744444444444445e-10,1.5289832312202665,10923.369904969262,0.09233699049692623
btc_hl_breakout_4m,0,0.01,0.04,0.0,0.2,480,random,0.029259681774338107,2.925968177433811,0.3508771929824561,57,-0.047493615660446964,-4.749361566044696,11.97344742272335,1.156162952430882,2.1461988304093566e-10,0.27072300677758726,10292.59681774338,0.029259681774338107
btc_bullish,0,0.03,0.035,0.0,0.4,10,random,0.11555287826209742,11.555287826209742,0.5,42,-0.10610811193252323,-10.610811193252323,19.84113581567488,1.2743345114813538,3.178571428571429e-10,0.7170021734085266,11155.528782620975,0.11555287826209742
btc_hl_breakout_8m,0,0.0125,0.025,0.0,0.4,5,random,0.07960952448378589,7.960952448378588,0.421875,64,-0.1146783610322164,-11.46783610322164,15.141897206447624,1.1753254537934823,1.6875e-10,0.3363278200049849,10796.09524483786,0.07960952448378589
btc_hl_breakout_5m,0,0.02,0.1,0.0,0.15,240,random,0.021186218895106527,2.118621889510653,0.3076923076923077,26,-0.05197850051955977,-5.197850051955976,10.44892381941592,1.203745615539308,5.371794871794872e-10,0.5740098909029345,10211.862188951065,0.021186218895106527
btc_bullish,0,0.025,0.025,0.0,0.1,10,random,0.026450681922336936,2.6450681922336936,0.52,50,-0.02913573922548185,-2.913573922548185,17.884864488755554,1.2768838416320651,2.6266666666666664e-10,0.5349937821281632,10264.50681922337,0.026450681922336936
btc_small_up_10m,0,0.1,0.015,0.0,0.5,120,random,0.16222714389332996,16.222714389332996,0.8148148148148148,27,-0.11671264758595634,-11.671264758595633,22.435406553109864,1.5150287346479467,4.709876543209876e-10,1.2181791850488974,11622.2714389333,0.16222714389332996
btc_hl_breakout_3m,0,0.05,0.02,0.0,0.4,1440,random,0.021023111404197742,2.1023111404197743,0.6578947368421053,38,-0.1279840766780549,-12.798407667805488,5.519356618722715,1.0566617862502612,3.425438596491228e-10,0.1956622704088451,10210.231114041977,0.021023111404197742
btc_hl_breakout_3m,0,0.005,0.1,0.0,0.4,30,random,0.04020312778364469,4.0203127783644685,0.16666666666666666,48,-0.14884081420316353,-14.884081420316353,8.467194873612529,1.1236767346678584,2.326388888888889e-10,0.2600387287497148,10402.031277836446,0.04020312778364469
btc_hl_breakout_10m,0,0.025,0.12,0.0,0.25,120,random,0.08016198483480794,8.016198483480794,0.3181818181818182,22,-0.08158193393954993,-8.158193393954994,20.954349483415683,1.4782339694206725,6.348484848484849e-10,1.5055641725068503,10801.61984834808,0.08016198483480794
btc_hl_breakout_1m,0,0.08,0.03,0.0,0.2,10,random,0.08452365190359751,8.452365190359751,0.76,25,-0.051832077108892705,-5.1832077108892705,28.219544596777492,1.7222903818843867,5.453333333333333e-10,1.6686687839477514,10845.236519035974,0.08452365190359751
btc_hl_breakout_3m,0,0.025,0.035,0.0,0.5,240,random,0.11995712942763476,11.995712942763475,0.5121951219512195,41,-0.13508661383167386,-13.508661383167386,18.897296253965553,1.2557159030393599,3.1463414634146345e-10,0.6155368029947763,11199.571294276348,0.11995712942763476
btc_hl_breakout_9m,0,0.1,0.035,0.0,0.25,30,random,0.07371785659900848,7.371785659900848,0.7391304347826086,23,-0.09059371614342893,-9.059371614342894,20.052734310706672,1.4564937930034445,5.985507246376811e-10,1.3030147410517237,10737.178565990085,0.07371785659900848
btc_hl_breakout_7m,0,0.025,0.02,0.0,0.05,720,random,0.01925042093210743,1.925042093210743,0.5849056603773585,53,-0.01145920185080418,-1.145920185080418,26.17972991740848,1.4321168956218553,2.2264150943396227e-10,0.7260883584387077,10192.504209321074,0.01925042093210743
btc_vol_breakout_2m,0,0.03,0.04,0.0,0.5,180,random,-0.009025177841286586,-0.9025177841286586,0.4473684210526316,38,-0.17832936882061723,-17.832936882061723,0.6556242765102349,0.9818387499798017,3.2850877192982456e-10,0.02801740477034451,9909.748221587135,-0.009025177841286586
btc_vol_breakout_8m,0,0.03,0.06,0.0,0.25,10,random,0.039466848457793864,3.9466848457793864,0.38095238095238093,21,-0.05447983204233309,-5.447983204233308,13.925009818552347,1.286929662034295,5.333333333333334e-10,0.7921601782296707,10394.668484577938,0.039466848457793864
btc_vol_breakout_10m,0,0.0175,0.015,0.0,0.4,60,random,0.004284825089263859,0.42848250892638595,0.5106382978723404,47,-0.09500830150237294,-9.500830150237293,2.2349970098545757,1.014889540670137,1.6063829787234043e-10,0.048254882374120504,10042.848250892639,0.004284825089263859
btc_hl_breakout_9m,0,0.03,0.1,0.0,0.5,180,random,0.07458050528250887,7.458050528250887,0.36,25,-0.19521857582184599,-19.521857582184598,11.772842848320613,1.1667315622759689,5.326666666666667e-10,0.7279526228642006,10745.80505282509,0.07458050528250887
btc_bullish,0,0.0125,0.045,0.0,0.1,240,random,0.01997360712590321,1.997360712590321,0.3389830508474576,59,-0.027405953173488706,-2.7405953173488706,13.532036336754867,1.1875547952135572,2.1610169491525425e-10,0.3467118976663538,10199.736071259033,0.01997360712590321
btc_alt_aligned,0,0.06,0.25,0.0,0.2,10,random,0.07445607140921222,7.445607140921222,0.5,6,-0.0706279656899731,-7.062796568997309,22.663568688986842,2.267112565237183,2.466666666666667e-09,6.335494634656599,10744.560714092122,0.07445607140921222
btc_vol_breakout_10m,0,0.0075,0.08,0.0,0.05,1440,random,-0.0004728686455146658,-0.04728686455146658,0.17142857142857143,35,-0.015100240315858549,-1.5100240315858549,-0.7137586928739816,0.9845601643313222,2.685714285714286e-10,-0.021448071049901363,9995.271313544854,-0.0004728686455146658
btc_hl_breakout_6m,0,0.02,0.15,0.0,0.25,120,random,0.058631093164124425,5.863109316412443,0.2631578947368421,19,-0.07805067918425757,-7.805067918425756,15.96404135594216,1.4143502130987267,7.350877192982457e-10,1.311175916724435,10586.310931641245,0.058631093164124425
btc_hl_breakout_7m,0,0.06,0.03,0.0,0.4,10,random,0.12883852982452923,12.883852982452924,0.6666666666666666,27,-0.12321404488700727,-12.321404488700727,21.911398340008915,1.4434744134904574,5.018518518518519e-10,1.20254989811916,11288.385298245292,0.12883852982452923
btc_vol_breakout_10m,0,0.01,0.08,0.0,0.25,720,random,0.010732788224222713,1.0732788224222714,0.1875,32,-0.0568140989838698,-5.681409898386979,4.753631233177687,1.075121951067755,3.046875e-10,0.16287957067407624,10107.327882242227,0.010732788224222713
btc_hl_breakout_1m,0,0.04,0.08,0.0,0.25,45,random,0.06386381907149312,6.386381907149312,0.45,20,-0.08380127814855154,-8.380127814855154,18.62368507117221,1.3811056860151312,6.975e-10,1.3231611251170894,10638.638190714932,0.06386381907149312
btc_small_up_9m,0,0.03,0.06,0.0,0.15,20,random,0.006978304290246001,0.6978304290246001,0.34615384615384615,26,-0.04584450046419708,-4.5844500464197075,4.167885420640073,1.0639979624392244,4.666666666666667e-10,0.21129857260141727,10069.78304290246,0.006978304290246001
btc_hl_breakout_7m,0,0.035,0.06,0.0,0.4,10,random,0.06717023061728596,6.717023061728596,0.4,30,-0.16129023500953377,-16.129023500953377,12.325219481615294,1.1713345837785456,4.483333333333333e-10,0.6463473797410609,10671.70230617286,0.06717023061728596
btc_small_up_10m,0,0.06,0.2,0.0,0.15,45,random,0.01664214282255648,1.664214282255648,0.3333333333333333,12,-0.06027840556756847,-6.027840556756847,8.011275947951315,1.205712676385783,1.1333333333333333e-09,1.023549994007526,10166.421428225565,0.01664214282255648
btc_vol_breakout_9m,0,0.03,0.035,0.0,0.1,120,random,0.017733032255944966,1.7733032255944965,0.5333333333333333,30,-0.02898807728115982,-2.898807728115982,14.578531946254882,1.2688639029834559,3.6222222222222225e-10,0.6010920576870058,10177.33032255945,0.017733032255944966
btc_alt_aligned,0,0.1,0.08,0.0,0.5,720,random,0.16960458664952813,16.960458664952814,0.6923076923076923,13,-0.16717142393050233,-16.71714239305023,22.445284634773127,1.6024107175838687,1.1282051282051283e-09,2.6642453094844942,11696.045866495282,0.16960458664952813
btc_small_up_9m,0,0.05,0.25,0.0,0.15,60,random,0.05654664103967057,5.654664103967057,0.4444444444444444,9,-0.0450743017436791,-4.50743017436791,23.631317981381986,1.9134051251488375,1.525925925925926e-09,4.265161928269659,10565.466410396706,0.05654664103967057
btc_hl_breakout_6m,0,0.035,0.035,0.0,0.4,90,random,0.022181603141257392,2.2181603141257393,0.5142857142857142,35,-0.14042282162290642,-14.042282162290643,5.662129922461448,1.061997326889648,3.7190476190476186e-10,0.21359696459010546,10221.816031412574,0.022181603141257392
btc_hl_breakout_3m,0,0.0175,0.04,0.0,0.1,15,random,0.00837230413677496,0.837230413677496,0.4,45,-0.03236051458417932,-3.2360514584179323,6.701649650583087,1.0903700697966126,2.7555555555555557e-10,0.19694319454194564,10083.72304136775,0.00837230413677496
btc_hl_breakout_7m,0,0.05,0.01,0.0,0.5,180,random,0.09692663115700934,9.692663115700933,0.74,50,-0.1538512845712421,-15.385128457124209,14.596242274125238,1.1960278911101194,2.5e-10,0.43169917338560704,10969.266311570093,0.09692663115700934
btc_hl_breakout_9m,0,0.08,0.15,0.0,0.05,10,random,0.018567054152087197,1.8567054152087197,0.45454545454545453,11,-0.017315140971888132,-1.7315140971888132,23.53101277761792,1.6937723638581141,1.3287878787878789e-09,3.397260530275839,10185.670541520873,0.018567054152087197
btc_hl_breakout_3m,0,0.025,0.025,0.0,0.15,720,random,0.0345867882736957,3.4586788273695697,0.5454545454545454,44,-0.038098269018917,-3.8098269018916997,17.62532652525132,1.2711386357910988,2.840909090909091e-10,0.532471550071161,10345.867882736957,0.0345867882736957
btc_bullish,0,0.0125,0.3,0.0,0.4,1440,random,0.12455001280283386,12.455001280283385,0.4,5,-0.13339860837525175,-13.339860837525174,19.707794953404235,4.178025673052989,2.9266666666666665e-09,6.267445047734895,11245.50012802834,0.12455001280283386
btc_small_up_9m,0,0.0075,0.03,0.0,0.4,480,random,0.04155499075404764,4.155499075404764,0.34615384615384615,52,-0.08601289642518595,-8.601289642518594,10.105510057717323,1.1395838711851154,1.6217948717948718e-10,0.22329622861050735,10415.549907540477,0.04155499075404764
btc_hl_breakout_4m,0,0.0125,0.1,0.0,0.15,45,random,0.02731792127120998,2.731792127120998,0.2857142857142857,28,-0.047830152993981856,-4.783015299398185,13.35317686389049,1.287900591318802,4.833333333333333e-10,0.6733793234175828,10273.1792127121,0.02731792127120998
btc_vol_breakout_2m,0,0.03,0.08,0.0,0.4,45,random,0.04165865538784456,4.165865538784455,0.4,25,-0.14699783542242184,-14.699783542242184,8.868383450773038,1.1267834054511248,5.3e-10,0.5136211598588534,10416.586553878446,0.04165865538784456
btc_hl_breakout_8m,0,0.06,0.04,0.0,0.05,60,random,0.012088194101038926,1.2088194101038925,0.625,24,-0.018171242202095872,-1.8171242202095872,16.18932751739534,1.3723719472790974,5.715277777777778e-10,1.0139247101020665,10120.88194101039,0.012088194101038926
btc_vol_breakout_10m,0,0.015,0.01,0.0,0.15,360,random,0.01715642465704991,1.7156424657049911,0.6037735849056604,53,-0.025080924128037085,-2.5080924128037085,12.200549554808248,1.2036709488669797,1.2232704402515723e-10,0.22138284510376757,10171.564246570499,0.01715642465704991
btc_hl_breakout_1m,0,0.08,0.03,0.0,0.4,180,random,0.17099967063497978,17.099967063497978,0.76,25,-0.10218553349272674,-10.218553349272675,28.2511397947792,1.6615542550770854,5.453333333333333e-10,1.6686687839477485,11709.996706349797,0.17099967063497978
btc_hl_breakout_7m,0,0.005,0.3,0.0,0.2,1440,random,0.10138333476781063,10.138333476781062,0.17647058823529413,17,-0.06943944262810442,-6.943944262810442,30.176283665165162,3.1083095424103355,8.19607843137255e-10,2.9604132910797487,11013.833347678106,0.10138333476781063
btc_hl_breakout_9m,0,0.005,0.1,0.0,0.4,15,random,0.008494001931447746,0.8494001931447747,0.13559322033898305,59,-0.21082876530932548,-21.08287653093255,3.1495125065480094,1.0201762748961556,1.9124293785310736e-10,0.08858295164610341,10084.940019314477,0.008494001931447746
btc_vol_breakout_8m,0,0.02,0.025,0.0,0.25,180,random,0.04878814889765345,4.878814889765345,0.5,38,-0.06131900704186344,-6.131900704186344,18.277242734444698,1.2928585729901525,2.68859649122807e-10,0.5247806971211253,10487.881488976534,0.04878814889765345
btc_vol_breakout_9m,0,0.02,0.035,0.0,0.05,720,random,0.004065197466735668,0.4065197466735668,0.4411764705882353,34,-0.01470320639371836,-1.470320639371836,6.849681674515502,1.1149346684809,3.1323529411764704e-10,0.2450731904960652,10040.651974667357,0.004065197466735668
btc_hl_breakout_9m,0,0.03,0.3,0.0,0.05,10,random,0.021151320870229057,2.115132087022906,0.3,10,-0.018736256826501374,-1.8736256826501374,24.624496985445223,2.1003056183884894,1.4366666666666667e-09,4.260462430173171,10211.51320870229,0.021151320870229057
btc_vol_breakout_3m,0,0.0125,0.12,0.0,0.1,720,random,0.015151269862437198,1.5151269862437198,0.24,25,-0.034628852557184064,-3.4628852557184064,11.162019792155274,1.2486557627486017,4.913333333333333e-10,0.6328404672126444,10151.512698624372,0.015151269862437198
btc_small_down_10m,0,0.05,0.25,0.0,0.4,180,random,0.10508747230538575,10.508747230538575,0.3333333333333333,12,-0.13370678546823211,-13.37067854682321,18.794600376264903,1.4444488166387413,1.1902777777777778e-09,2.4906444253793945,11050.874723053857,0.10508747230538575
btc_hl_breakout_10m,0,0.035,0.1,0.0,0.15,1440,random,0.04030839537215283,4.030839537215283,0.4090909090909091,22,-0.05672505972493613,-5.672505972493614,17.871166885435947,1.371295629443763,6.234848484848484e-10,1.2517271353257584,10403.083953721529,0.04030839537215283
btc_hl_breakout_5m,0,0.005,0.2,0.0,0.4,480,random,0.11677275532207905,11.677275532207904,0.15151515151515152,33,-0.1453022339397223,-14.53022339397223,20.314523875580857,1.3940451050054485,3.823232323232323e-10,0.9791086391112371,11167.72755322079,0.11677275532207905
btc_hl_breakout_5m,0,0.05,0.15,0.0,0.1,480,random,0.032403816746956644,3.2403816746956644,0.42857142857142855,14,-0.039891479743120795,-3.9891479743120795,20.485024217029956,1.5451599061857468,1.0226190476190475e-09,2.3546828174075403,10324.038167469567,0.032403816746956644
btc_vol_breakout_8m,0,0.05,0.12,0.0,0.25,15,random,0.050828896981346953,5.082889698134696,0.35714285714285715,14,-0.08527454371425802,-8.527454371425803,15.220367373881972,1.3548256386707953,9.595238095238095e-10,1.5619043252998277,10508.28896981347,0.050828896981346953
btc_vol_breakout_3m,0,0.06,0.12,0.0,0.4,720,random,0.13146087381164043,13.146087381164042,0.46153846153846156,13,-0.13013404223693448,-13.013404223693447,22.280040143643763,1.5934973968298871,1.0397435897435898e-09,2.6005502199993282,11314.608738116403,0.13146087381164043
btc_hl_breakout_8m,0,0.015,0.15,0.0,0.4,20,random,0.08585550798168988,8.585550798168988,0.22727272727272727,22,-0.14048540929247944,-14.048540929247944,15.022551641792798,1.3495043520187777,6.196969696969697e-10,1.0978552133209596,10858.555079816899,0.08585550798168988
btc_vol_breakout_3m,0,0.0175,0.06,0.0,0.2,240,random,-0.01022060303998444,-1.022060303998444,0.28125,32,-0.06806864425982806,-6.8068644259828055,-3.2569105832116403,0.9367336196918553,3.651041666666667e-10,-0.12574033386876823,9897.793969600156,-0.01022060303998444
btc_alt_aligned,0,0.035,0.3,0.0,0.4,360,random,0.14718877969292035,14.718877969292036,0.2727272727272727,11,-0.14000706134337382,-14.000706134337381,22.535446061072616,1.7696939349802692,1.3348484848484849e-09,3.6033898665472646,11471.887796929204,0.14718877969292035
btc_hl_breakout_4m,0,0.1,0.03,0.0,0.25,45,random,0.08144619886568562,8.144619886568561,0.76,25,-0.07953119138890374,-7.953119138890374,21.973899330929274,1.4893649851764,5.593333333333334e-10,1.3146977159920905,10814.461988656856,0.08144619886568562
btc_hl_breakout_7m,0,0.01,0.015,0.0,0.2,45,random,0.02249211555761201,2.249211555761201,0.43373493975903615,83,-0.06327924189068357,-6.327924189068357,8.619955902178635,1.0978816454792188,1.2108433734939757e-10,0.14846305180726832,10224.92115557612,0.02249211555761201
btc_hl_breakout_7m,0,0.0125,0.1,0.0,0.25,120,random,0.08057641245878863,8.057641245878862,0.2777777777777778,36,-0.08958279968226912,-8.958279968226911,21.196070905421852,1.391013611299189,3.787037037037037e-10,0.9175659158598338,10805.764124587886,0.08057641245878863
btc_vol_breakout_2m,0,0.03,0.06,0.0,0.2,30,random,0.03166613332005709,3.166613332005709,0.42857142857142855,28,-0.07590541934519157,-7.590541934519157,11.839503676788452,1.2007982068757894,4.732142857142857e-10,0.6041736174506941,10316.66133320057,0.03166613332005709
btc_vol_breakout_2m,0,0.025,0.045,0.0,0.1,120,random,0.008210650303146588,0.8210650303146587,0.425,40,-0.03254083801330998,-3.254083801330998,6.38096826595815,1.0917461268910251,3.2833333333333334e-10,0.2174163503498896,10082.106503031466,0.008210650303146588
btc_hl_breakout_2m,0,0.0175,0.045,0.0,0.5,15,random,-0.0561566531232379,-5.61566531232379,0.3181818181818182,44,-0.21517701990077975,-21.517701990077974,-7.139513711824757,0.8889427612639264,2.8295454545454544e-10,-0.20732951898341828,9438.43346876762,-0.0561566531232379
btc_hl_breakout_4m,0,0.0175,0.045,0.0,0.5,10,random,0.04547806464772766,4.5478064647727665,0.38636363636363635,44,-0.13762642793458912,-13.762642793458912,8.65274292107445,1.0912616335659941,2.875e-10,0.2624375109784215,10454.780646477277,0.04547806464772766
btc_vol_breakout_10m,0,0.035,0.025,0.0,0.15,720,random,0.04170581696723684,4.1705816967236835,0.6333333333333333,30,-0.026659431939083045,-2.6659431939083045,25.38348421849935,1.5127132672437005,3.1833333333333337e-10,0.9262884157428236,10417.058169672368,0.04170581696723684
btc_hl_breakout_8m,0,0.035,0.04,0.0,0.15,60,random,0.033899139433386426,3.3899139433386427,0.5,34,-0.05840139240948705,-5.840139240948705,15.363276293119036,1.246789755940048,3.852941176470588e-10,0.686141620083742,10338.991394333865,0.033899139433386426
btc_small_up_10m,0,0.03,0.06,0.0,0.2,30,random,0.0463195755524431,4.63195755524431,0.37037037037037035,27,-0.06695091312893942,-6.6950913128939415,16.325512821638878,1.3040685787657005,4.580246913580247e-10,0.8935211483052106,10463.195755524432,0.0463195755524431
btc_small_down_10m,0,0.02,0.01,0.0,0.4,240,random,0.11661396120428977,11.661396120428977,0.6071428571428571,56,-0.07344276650715309,-7.344276650715309,26.897446608146442,1.3965465837084858,1.2946428571428573e-10,0.5173698281485841,11166.139612042898,0.11661396120428977
btc_hl_breakout_2m,0,0.0175,0.1,0.0,0.4,60,random,0.009685002166570802,0.9685002166570802,0.25806451612903225,31,-0.1631807255324058,-16.318072553240583,3.3741459501837188,1.0286063337834794,4.150537634408602e-10,0.16056976135616408,10096.850021665708,0.009685002166570802
btc_bullish,0,0.02,0.045,0.0,0.15,90,random,0.04078705887202182,4.078705887202181,0.4222222222222222,45,-0.042008296885214125,-4.200829688521413,18.27407310161702,1.2928804414116593,2.9222222222222223e-10,0.6135861716243441,10407.870588720218,0.04078705887202182
btc_small_up_10m,0,0.035,0.03,0.0,0.2,240,random,0.06256884195789851,6.256884195789851,0.5714285714285714,35,-0.061490548036642445,-6.149054803664244,21.46027849357592,1.4010668780680446,3.314285714285714e-10,0.9010729098269842,10625.688419578984,0.06256884195789851
btc_hl_breakout_8m,0,0.02,0.02,0.0,0.2,120,random,0.04124221679547829,4.124221679547829,0.5087719298245614,57,-0.05872009526160282,-5.872009526160282,14.801657478858907,1.1973992325290128,2.04093567251462e-10,0.3762093709876473,10412.422167954783,0.04124221679547829
btc_hl_breakout_4m,0,0.06,0.15,0.0,0.4,30,random,0.15610631442063141,15.610631442063141,0.5,12,-0.1257108803759971,-12.57108803759971,24.834855300040868,1.6605392441366533,1.2041666666666667e-09,3.3628338180647734,11561.063144206313,0.15610631442063141
btc_vol_breakout_10m,0,0.08,0.03,0.0,0.5,1440,random,0.15077258884058248,15.077258884058248,0.75,20,-0.1107723275640713,-11.07723275640713,25.57217912789073,1.6161799135423816,6.533333333333334e-10,1.503445374662778,11507.725888405825,0.15077258884058248
btc_small_up_9m,0,0.025,0.15,0.0,0.1,90,random,0.02949469214214346,2.949469214214346,0.29411764705882354,17,-0.029138980164455597,-2.9138980164455597,19.927451226748953,1.5653743488547847,7.598039215686275e-10,1.7660521155350908,10294.946921421435,0.02949469214214346
btc_vol_breakout_2m,0,0.1,0.035,0.0,0.15,1440,random,0.04010982832010407,4.010982832010407,0.7391304347826086,23,-0.050537634368785556,-5.053763436878556,18.420683373229895,1.4208128242519926,6.173913043478261e-10,1.1796588258680007,10401.098283201041,0.04010982832010407
btc_hl_breakout_3m,0,0.0175,0.03,0.0,0.4,180,random,0.0008268452891803918,0.08268452891803918,0.4117647058823529,51,-0.1376172977777027,-13.76172977777027,1.683107649849969,1.001945611895837,2.3562091503267974e-10,0.0430010765045438,10008.268452891803,0.0008268452891803918
btc_vol_breakout_9m,0,0.1,0.12,0.0,0.15,1440,random,0.02694512080394368,2.694512080394368,0.5,8,-0.04932276196470253,-4.932276196470253,13.459135977855674,1.46095493669497,1.6875e-09,2.3306037165521567,10269.451208039436,0.02694512080394368
btc_vol_breakout_2m,0,0.0125,0.15,0.0,0.2,10,random,0.08875183612671331,8.87518361267133,0.2727272727272727,22,-0.066167649686796,-6.6167649686796,27.854369580963954,1.8552613757327412,6.136363636363637e-10,2.0238548836470023,10887.518361267134,0.08875183612671331
btc_vol_breakout_8m,0,0.02,0.035,0.0,0.05,60,random,0.004598790870934886,0.4598790870934886,0.4444444444444444,36,-0.014179587139139027,-1.4179587139139027,7.677586832941555,1.125966102826684,3.0138888888888886e-10,0.26110616699200273,10045.987908709349,0.004598790870934886
btc_alt_aligned,0,0.035,0.2,0.0,0.3,30,random,0.07221176815788913,7.221176815788913,0.3333333333333333,15,-0.10623394169150013,-10.623394169150014,16.23449178157935,1.3728939626143677,9.733333333333333e-10,1.7585001912176275,10722.117681578891,0.07221176815788913
btc_hl_breakout_10m,0,0.04,0.08,0.0,0.5,360,random,0.10026647129958191,10.02664712995819,0.4166666666666667,24,-0.1709976318747657,-17.09976318747657,14.72634651018949,1.2194868691559957,5.701388888888889e-10,0.9647899387858933,11002.664712995818,0.10026647129958191
btc_vol_breakout_10m,0,0.05,0.03,0.0,0.15,360,random,0.02835766137439573,2.835766137439573,0.6071428571428571,28,-0.036431908781589306,-3.6431908781589306,16.871334056389788,1.2871509607156935,3.630952380952381e-10,0.6900795159597374,10283.576613743957,0.02835766137439573
btc_small_down_10m,0,0.08,0.25,0.0,0.4,1440,random,0.11890763397860155,11.890763397860155,0.5,6,-0.14123489161889824,-14.123489161889824,19.368440422755683,1.7992869226125987,2.4194444444444443e-09,5.343809835079288,11189.076339786016,0.11890763397860155
btc_vol_breakout_3m,0,0.1,0.015,0.0,0.1,60,random,0.04125024959030568,4.1250249590305685,0.8484848484848485,33,-0.0236451465575781,-2.36451465575781,30.22012828734322,1.831281462005391,3.6464646464646466e-10,1.2408717607635105,10412.502495903056,0.04125024959030568
btc_hl_breakout_2m,0,0.08,0.1,0.0,0.5,20,random,0.2151450731859588,21.51450731859588,0.5714285714285714,14,-0.15184296224967764,-15.184296224967763,27.957969963261416,1.6776807109465455,1.0059523809523809e-09,3.0616312024661623,12151.450731859588,0.2151450731859588
btc_vol_breakout_8m,0,0.0075,0.2,0.0,0.1,45,random,0.021547756122303075,2.1547756122303077,0.12,25,-0.029276165685060862,-2.927616568506086,17.660986140954844,1.482141658418371,4.773333333333333e-10,0.8841197441787334,10215.477561223031,0.021547756122303075
btc_hl_breakout_5m,0,0.08,0.035,0.0,0.15,10,random,0.04473997594654784,4.473997594654784,0.6956521739130435,23,-0.04791696900775866,-4.791696900775866,20.116824632126818,1.4834781938833321,6.137681159420291e-10,1.3059964013454728,10447.39975946548,0.04473997594654784
btc_vol_breakout_2m,0,0.025,0.15,0.0,0.3,180,random,0.06389349778739838,6.389349778739837,0.29411764705882354,17,-0.10052967694674209,-10.052967694674209,15.955090972649284,1.394225866486197,8.245098039215686e-10,1.3557176689630523,10638.934977873983,0.06389349778739838
btc_hl_breakout_9m,0,0.035,0.035,0.0,0.25,720,random,0.0698612156540919,6.9861215654091895,0.5555555555555556,36,-0.08228870501713503,-8.228870501713503,19.086310367587608,1.3051668126248799,3.5925925925925927e-10,0.7952129695480304,10698.61215654092,0.0698612156540919
btc_hl_breakout_1m,0,0.005,0.01,0.0,0.2,360,random,-0.04393610216402974,-4.393610216402974,0.3838383838383838,99,-0.08516235434913533,-8.516235434913533,-19.09850883274294,0.790841286149602,7.794612794612794e-11,-0.21938038075998428,9560.638978359702,-0.04393610216402974
btc_vol_breakout_10m,0,0.0125,0.2,0.0,0.15,45,random,0.0389424178297485,3.89424178297485,0.14285714285714285,21,-0.040920061974716315,-4.0920061974716315,20.444256634348015,1.5326939637333066,5.388888888888889e-10,1.2822415243915943,10389.424178297486,0.0389424178297485
btc_vol_breakout_2m,0,0.1,0.01,0.0,0.15,180,random,0.06334652506315915,6.334652506315915,0.8863636363636364,44,-0.03149178403172881,-3.149178403172881,31.332049972060535,1.8167956143948705,2.6742424242424243e-10,0.9472834886541598,10633.46525063159,0.06334652506315915
btc_hl_breakout_3m,0,0.08,0.12,0.0,0.1,480,random,0.04614854785945442,4.614854785945442,0.5,14,-0.031845162275095484,-3.1845162275095484,29.780922759680802,1.7686846345534672,1.013095238095238e-09,3.3030548401751116,10461.485478594544,0.04614854785945442
btc_hl_breakout_4m,0,0.1,0.01,0.0,0.25,45,random,0.08914954635297563,8.914954635297564,0.8604651162790697,43,-0.07588975736715464,-7.588975736715464,24.657052979332185,1.5479621545167155,2.7674418604651163e-10,0.8278964862218448,10891.495463529756,0.08914954635297563
btc_vol_breakout_2m,0,0.0075,0.02,0.0,0.2,240,random,-0.037868454912211,-3.7868454912211,0.34523809523809523,84,-0.0895737733469576,-8.95737733469576,-15.913642743312467,0.8330120463855367,1.1408730158730159e-10,-0.22031250660817192,9621.31545087789,-0.037868454912211
btc_hl_breakout_1m,0,0.04,0.035,0.0,0.1,60,random,0.023039026246448623,2.3039026246448624,0.5714285714285714,35,-0.030074529019839202,-3.0074529019839202,17.221612339321734,1.2918906930645262,3.8380952380952383e-10,0.6665885914517656,10230.390262464487,0.023039026246448623
btc_alt_aligned,0,0.03,0.25,0.0,0.15,45,random,0.056036989998963394,5.60369899989634,0.3076923076923077,13,-0.05594204838754291,-5.59420483875429,22.61764144612578,1.8291232281935088,1.1269230769230769e-09,2.930121121425859,10560.369899989633,0.056036989998963394
btc_vol_breakout_9m,0,0.03,0.3,0.0,0.25,10,random,0.055668870905228506,5.566887090522851,0.3333333333333333,6,-0.05401551407764571,-5.401551407764571,17.24125221484739,2.1871166582374375,2.3027777777777774e-09,3.8391263106428686,10556.688709052285,0.055668870905228506
btc_small_up_10m,0,0.005,0.05,0.0,0.1,90,random,0.026357720696181208,2.635772069618121,0.2631578947368421,57,-0.02661796901209179,-2.661796901209179,18.891962394995055,1.3180740860390303,1.4502923976608187e-10,0.4680435445043215,10263.577206961812,0.026357720696181208
btc_vol_breakout_3m,0,0.015,0.01,0.0,0.05,30,random,0.008319165703831111,0.8319165703831112,0.6197183098591549,71,-0.013359408841038034,-1.3359408841038034,13.876397986666065,1.2048334423456146,1.1314553990610328e-10,0.23650597574689716,10083.191657038311,0.008319165703831111
btc_small_up_10m,0,0.005,0.03,0.0,0.2,5,random,0.03651752786327252,3.651752786327252,0.3333333333333333,63,-0.052817090968143576,-5.281709096814358,13.826035527735232,1.2031516348258522,1.2169312169312168e-10,0.30162686962540175,10365.175278632725,0.03651752786327252
btc_hl_breakout_10m,0,0.05,0.15,0.0,0.15,60,random,0.04008615220000752,4.008615220000752,0.4166666666666667,12,-0.05974657492841118,-5.974657492841118,17.319230198758312,1.5316585170673074,1.1958333333333333e-09,2.297113782945927,10400.861522000076,0.04008615220000752
btc_vol_breakout_2m,0,0.015,0.025,0.0,0.4,20,random,0.03454208377315499,3.4542083773154992,0.4406779661016949,59,-0.09554313855962693,-9.554313855962693,8.243052428088626,1.0835587147378398,1.903954802259887e-10,0.17627140331458116,10345.42083773155,0.03454208377315499
btc_small_up_9m,0,0.04,0.1,0.0,0.3,1440,random,0.0892853499419762,8.928534994197621,0.4444444444444444,18,-0.07820302664106116,-7.820302664106116,22.360228514785167,1.4976619100158772,6.648148148148148e-10,1.6967170562529819,10892.853499419762,0.0892853499419762
btc_small_up_10m,0,0.04,0.03,0.0,0.15,30,random,0.05513838002902648,5.513838002902649,0.6111111111111112,36,-0.04574641645438027,-4.574641645438026,24.945717072875894,1.4577321694635454,3.1435185185185186e-10,1.0218115581932161,10551.383800290265,0.05513838002902648
btc_hl_breakout_5m,0,0.05,0.015,0.0,0.05,1440,random,0.0026636629428185357,0.26636629428185354,0.6818181818181818,44,-0.01953178968311775,-1.953178968311775,4.1105224019913615,1.0587808009078514,2.9469696969696975e-10,0.1273676288960859,10026.636629428185,0.0026636629428185357
btc_hl_breakout_2m,0,0.08,0.045,0.0,0.3,30,random,0.10349086743569227,10.349086743569227,0.6666666666666666,21,-0.09977193406619889,-9.97719340661989,22.88026786218614,1.5151104999532157,6.706349206349207e-10,1.6603829132182348,11034.908674356922,0.10349086743569227
btc_hl_breakout_5m,0,0.03,0.015,0.0,0.5,720,random,0.02381971403373791,2.381971403373791,0.6,55,-0.1853503395606545,-18.53503395606545,5.549096360443076,1.0450118880135584,2.0636363636363636e-10,0.12977063163672434,10238.19714033738,0.02381971403373791
btc_vol_breakout_9m,0,0.0125,0.035,0.0,0.2,180,random,0.0345501351843174,3.45501351843174,0.3684210526315789,38,-0.03972837957240205,-3.972837957240205,16.72258408168668,1.280389063365793,2.3289473684210523e-10,0.46468551679028663,10345.501351843173,0.0345501351843174
btc_alt_aligned,0,0.035,0.1,0.0,0.1,180,random,0.03054519699881331,3.054519699881331,0.36363636363636365,22,-0.03670697287875502,-3.6706972878755018,19.336812221260416,1.4194896043208896,6.560606060606061e-10,1.4127505553099151,10305.451969988133,0.03054519699881331
btc_small_up_10m,0,0.03,0.03,0.0,0.4,1440,random,0.06997822158472995,6.997822158472995,0.5,38,-0.12032130677948716,-12.032130677948716,13.533973844391678,1.1900987809034114,3.0350877192982454e-10,0.5055269354056228,10699.782215847299,0.06997822158472995
btc_alt_aligned,0,0.06,0.03,0.0,0.25,480,random,0.07288881270480078,7.288881270480078,0.6428571428571429,28,-0.08837512463807529,-8.837512463807528,19.373169151399374,1.4003256475032808,5.142857142857143e-10,1.0556191908512589,10728.888127048009,0.07288881270480078
btc_hl_breakout_6m,0,0.05,0.035,0.0,0.2,360,random,0.0024807656028369594,0.24807656028369593,0.5625,32,-0.07664535853560628,-7.664535853560627,1.7100151096566631,1.0138314357605163,4.130208333333333e-10,0.073369763878792,10024.80765602837,0.0024807656028369594
btc_bullish,0,0.035,0.03,0.0,0.3,120,random,0.08385637534980164,8.385637534980164,0.575,40,-0.08913346287046431,-8.91334628704643,19.05219756499866,1.2889207653443595,3.333333333333333e-10,0.7214673346270367,10838.563753498016,0.08385637534980164
btc_hl_breakout_4m,0,0.03,0.3,0.0,0.4,1440,random,0.16473644731342538,16.47364473134254,0.3,10,-0.1390790597341789,-13.90790597341789,24.938685978896377,1.9307032849637922,1.45e-09,4.339675338223105,11647.364473134254,0.16473644731342538
btc_hl_breakout_3m,0,0.05,0.08,0.0,0.5,720,random,0.05960125537566155,5.960125537566155,0.47368421052631576,19,-0.1738678977851028,-17.38678977851028,10.518009111376138,1.1613321455688395,7.31578947368421e-10,0.7781902630685981,10596.012553756616,0.05960125537566155
btc_hl_breakout_4m,0,0.06,0.03,0.0,0.4,1440,random,0.17310368946033491,17.310368946033492,0.71875,32,-0.11299401396800635,-11.299401396800635,28.28418910409686,1.5739691166495042,4.2447916666666664e-10,1.3164005652441328,11731.036894603349,0.17310368946033491
btc_small_down_10m,0,0.1,0.25,0.0,0.5,10,random,0.1744381200253155,17.44381200253155,0.6,5,-0.16731201480253677,-16.731201480253677,22.361007814951904,2.1973885105286985,2.946666666666667e-09,7.368179517233429,11744.381200253156,0.1744381200253155
btc_small_up_9m,0,0.08,0.1,0.0,0.15,5,random,0.06235844386312288,6.235844386312288,0.6153846153846154,13,-0.048195621062942284,-4.819562106294228,27.38987242891867,1.8536635549584795,9.794871794871794e-10,3.1918427007133285,10623.58443863123,0.06235844386312288
btc_hl_breakout_2m,0,0.1,0.06,0.0,0.3,90,random,0.11387847482303855,11.387847482303854,0.6666666666666666,15,-0.09674069262631113,-9.674069262631113,24.805870552203466,1.729670086151086,9.222222222222223e-10,2.529616547538414,11138.784748230386,0.11387847482303855
btc_bullish,0,0.03,0.06,0.0,0.15,60,random,0.04321631572423773,4.321631572423773,0.375,32,-0.048814457201920125,-4.881445720192012,19.026106786099415,1.338790451084315,4.2760416666666667e-10,0.9189826609559486,10432.163157242378,0.04321631572423773
btc_hl_breakout_9m,0,0.03,0.06,0.0,0.05,360,random,0.008226782518936842,0.8226782518936842,0.4,30,-0.02134194966842451,-2.134194966842451,10.997040170019714,1.1925726305634217,4.5444444444444444e-10,0.559783431186159,10082.267825189369,0.008226782518936842
btc_vol_breakout_2m,0,0.04,0.04,0.0,0.2,20,random,0.021172529619350688,2.1172529619350686,0.5151515151515151,33,-0.06421254575832913,-6.421254575832913,8.533167850815536,1.1234872705317283,3.9595959595959594e-10,0.3531679223387169,10211.725296193506,0.021172529619350688
btc_vol_breakout_10m,0,0.03,0.1,0.0,0.15,90,random,0.059643086572391965,5.964308657239196,0.4117647058823529,17,-0.03271909197075362,-3.271909197075362,31.867418324162553,1.9652288657336299,6.480392156862745e-10,2.3209577252282365,10596.43086572392,0.059643086572391965
btc_vol_breakout_8m,0,0.0125,0.01,0.0,0.25,1440,random,0.013810434502631688,1.3810434502631688,0.5789473684210527,57,-0.048382829669776695,-4.838282966977669,6.435638008794809,1.0891956131912837,1.1286549707602339e-10,0.10740988200799459,10138.104345026317,0.013810434502631688
btc_hl_breakout_10m,0,0.0075,0.3,0.0,0.4,720,random,0.12682846330686226,12.682846330686226,0.4,5,-0.13443715457032968,-13.443715457032967,20.033118328556792,4.086684901536084,2.9266666666666665e-09,6.378791588376692,11268.284633068622,0.12682846330686226
btc_hl_breakout_10m,0,0.01,0.045,0.0,0.3,480,random,0.026142026095099573,2.6142026095099573,0.3,50,-0.09480064095946505,-9.480064095946506,7.382937965856364,1.09333422014934,2.3333333333333335e-10,0.20657127025011077,10261.420260950996,0.026142026095099573
btc_hl_breakout_2m,0,0.0075,0.3,0.0,0.1,10,random,0.02418799976537249,2.4187999765372488,0.13636363636363635,22,-0.04075772867536587,-4.075772867536587,16.20568882666275,1.4947671710676154,6.227272727272728e-10,1.1378067561551979,10241.879997653725,0.02418799976537249
btc_small_up_10m,0,0.0125,0.15,0.0,0.2,360,random,0.03530815013635986,3.5308150136359857,0.19230769230769232,26,-0.06856343832444545,-6.856343832444544,12.600407452253751,1.2868467931777878,4.5128205128205126e-10,0.7315090137253063,10353.081501363598,0.03530815013635986
btc_small_up_10m,0,0.005,0.3,0.0,0.2,180,random,0.052695348405115916,5.269534840511591,0.2,10,-0.06925503707656311,-6.925503707656311,16.53871416834991,2.810130197046643,1.3633333333333334e-09,2.6735902031146543,10526.953484051159,0.052695348405115916
btc_hl_breakout_1m,0,0.015,0.025,0.0,0.1,60,random,0.01022791047688712,1.0227910476887119,0.4339622641509434,53,-0.030130893716676765,-3.0130893716676765,8.504292440825408,1.113067575420723,2.289308176100629e-10,0.20078451711271691,10102.279104768872,0.01022791047688712
btc_hl_breakout_4m,0,0.015,0.15,0.0,0.1,120,random,0.04788361274461678,4.7883612744616775,0.2857142857142857,21,-0.030057114514971728,-3.005711451497173,29.7771109625129,1.964161270378678,6.595238095238095e-10,2.2779060913989686,10478.836127446168,0.04788361274461678
btc_small_up_10m,0,0.0125,0.2,0.0,0.05,360,random,0.007831497105765322,0.7831497105765322,0.17857142857142858,28,-0.017973448782844015,-1.7973448782844015,10.85504430790092,1.2208866715324462,4.113095238095238e-10,0.5763193215589225,10078.314971057653,0.007831497105765322
btc_small_up_10m,0,0.015,0.035,0.0,0.15,1440,random,0.02363538122902719,2.363538122902719,0.3673469387755102,49,-0.05209939250290152,-5.209939250290152,11.635565288136863,1.1716223688368173,2.0170068027210883e-10,0.3354400238390859,10236.353812290272,0.02363538122902719
btc_alt_aligned,0,0.06,0.12,0.0,0.2,720,random,0.07197091232119021,7.197091232119021,0.4375,16,-0.0712130565105028,-7.12130565105028,23.030637001704754,1.552582148373411,9.135416666666667e-10,2.28364986621663,10719.709123211902,0.07197091232119021
btc_hl_breakout_1m,0,0.005,0.03,0.0,0.25,10,random,-0.00812222594573118,-0.812222594573118,0.28205128205128205,78,-0.109147053458023,-10.9147053458023,-1.842744416714757,0.9690105074150531,1.2393162393162394e-10,-0.027425684603087346,9918.777740542688,-0.00812222594573118
btc_hl_breakout_8m,0,0.005,0.04,0.0,0.1,240,random,0.0010144133463666548,0.10144133463666548,0.22857142857142856,70,-0.054853104706190536,-5.485310470619053,1.140094757126328,1.009868918079079,1.4904761904761905e-10,0.02293736339431754,10010.144133463666,0.0010144133463666548
btc_small_up_10m,0,0.02,0.04,0.0,0.05,45,random,0.014063117695391423,1.4063117695391423,0.4222222222222222,45,-0.015083955411209327,-1.5083955411209327,19.273749052717775,1.3192953174328446,2.2407407407407407e-10,0.6281670506361374,10140.631176953913,0.014063117695391423
btc_vol_breakout_3m,0,0.005,0.02,0.0,0.1,120,random,-0.010051824090264814,-1.0051824090264814,0.3287671232876712,73,-0.04607862626863979,-4.607862626863978,-8.539335204643917,0.8926230449591452,1.0251141552511416e-10,-0.13321825221085767,9899.481759097353,-0.010051824090264814
btc_vol_breakout_3m,0,0.05,0.06,0.0,0.2,120,random,0.029402115455635452,2.940211545563545,0.45,20,-0.07355769720918948,-7.355769720918948,11.243488792134515,1.2097673789469423,6.708333333333333e-10,0.7925804868969498,10294.021154556354,0.029402115455635452
btc_bullish,0,0.015,0.15,0.0,0.2,240,random,0.056443067842542424,5.644306784254242,0.23809523809523808,21,-0.059133246716789656,-5.913324671678966,18.23616121974232,1.5391394319380887,6.682539682539683e-10,1.3887569161747588,10564.430678425424,0.056443067842542424
btc_small_up_10m,0,0.005,0.015,0.0,0.2,15,random,0.030170470841696214,3.0170470841696213,0.3783783783783784,74,-0.05079168149243163,-5.079168149243163,11.993800816825715,1.1677486502445604,9.234234234234234e-11,0.21473901371761953,10301.704708416963,0.030170470841696214
btc_vol_breakout_8m,0,0.04,0.045,0.0,0.05,360,random,0.000996305086244007,0.0996305086244007,0.5,26,-0.01609199283089513,-1.609199283089513,1.7543319104508168,1.0285299640945584,4.5705128205128204e-10,0.08533331739157447,10009.96305086244,0.000996305086244007
btc_hl_breakout_6m,0,0.0075,0.06,0.0,0.4,480,random,-0.08386222782027854,-8.386222782027854,0.17307692307692307,52,-0.2009162428814294,-20.09162428814294,-15.169255490769686,0.7906085758639126,2.326923076923077e-10,-0.3769066813769072,9161.377721797215,-0.08386222782027854
btc_vol_breakout_8m,0,0.02,0.3,0.0,0.1,240,random,0.023769425084268016,2.3769425084268017,0.25,8,-0.02104510284404948,-2.104510284404948,17.755759774720314,2.3590156268671945,1.69375e-09,3.0067803404198257,10237.69425084268,0.023769425084268016
btc_hl_breakout_1m,0,0.0125,0.05,0.0,0.4,720,random,0.024853586001866098,2.48535860018661,0.29411764705882354,51,-0.1379616798205051,-13.79616798205051,6.183518093904273,1.0595566269284116,2.352941176470588e-10,0.16879588726171563,10248.535860018661,0.024853586001866098
btc_small_up_10m,0,0.015,0.05,0.0,0.4,15,random,0.07470177753621725,7.470177753621725,0.3111111111111111,45,-0.14992344513087197,-14.992344513087197,14.208395240517088,1.1980553837414485,2.2222222222222224e-10,0.45796294828897904,10747.017775362172,0.07470177753621725
btc_small_up_9m,0,0.015,0.04,0.0,0.1,90,random,0.014755037597937757,1.4755037597937757,0.37209302325581395,43,-0.025226422567820594,-2.5226422567820594,12.57473055268913,1.1977772567878537,2.2054263565891473e-10,0.3507366272003094,10147.550375979377,0.014755037597937757
btc_hl_breakout_4m,0,0.005,0.3,0.0,0.4,45,random,0.15236421180466822,15.236421180466822,0.16666666666666666,18,-0.11703126854058143,-11.703126854058144,25.774881956901204,1.9889100618672813,7.768518518518519e-10,2.2010834860790807,11523.642118046682,0.15236421180466822
btc_hl_breakout_3m,0,0.025,0.015,0.0,0.2,5,random,0.033333383064262395,3.3333383064262394,0.6037735849056604,53,-0.05612214159215145,-5.612214159215146,13.323143211735813,1.1847463473209554,2.0503144654088051e-10,0.3279527795068859,10333.333830642623,0.033333383064262395
btc_small_up_9m,0,0.1,0.05,0.0,0.4,720,random,0.11336257862974602,11.336257862974602,0.6875,16,-0.13282166286812946,-13.282166286812947,19.54214738568422,1.5062824652981839,8.229166666666667e-10,1.8243194839847556,11133.62578629746,0.11336257862974602
btc_hl_breakout_8m,0,0.025,0.035,0.0,0.3,240,random,0.0887207587633337,8.87207587633337,0.4878048780487805,41,-0.08206308226998626,-8.206308226998626,20.51418485226154,1.3161775396878002,3.1178861788617884e-10,0.7367122703759852,10887.207587633337,0.0887207587633337
btc_vol_breakout_10m,0,0.1,0.035,0.0,0.2,10,random,0.021108350858737048,2.110835085873705,0.7,20,-0.06527205177699436,-6.527205177699436,8.937765333115271,1.1724931453260004,6.575000000000001e-10,0.5758457922942639,10211.08350858737,0.021108350858737048
btc_hl_breakout_10m,0,0.0075,0.3,0.0,0.05,90,random,0.015923017720674885,1.5923017720674886,0.4,5,-0.018483975267093222,-1.8483975267093222,18.566379520907336,4.392426494842746,2.9266666666666665e-09,6.378791588376689,10159.23017720675,0.015923017720674885
btc_alt_aligned,0,0.01,0.12,0.0,0.25,480,random,0.06183756735499483,6.1837567354994825,0.17777777777777778,45,-0.08866542886963924,-8.866542886963924,16.35117425647807,1.2731957633296807,3.1074074074074075e-10,0.5895124799911711,10618.375673549948,0.06183756735499483
btc_vol_breakout_10m,0,0.035,0.02,0.0,0.1,45,random,0.029713271568875665,2.9713271568875665,0.6666666666666666,33,-0.01699272453845624,-1.6992724538456239,27.89659927970609,1.5845186515207312,2.5101010101010103e-10,0.8978288440535298,10297.132715688756,0.029713271568875665
btc_bullish,0,0.0125,0.15,0.0,0.3,120,random,0.069845955682543,6.984595568254299,0.20833333333333334,24,-0.09483549785774126,-9.483549785774127,15.649007332331463,1.3964975108756157,5.826388888888889e-10,1.0430801598611434,10698.45955682543,0.069845955682543
btc_hl_breakout_6m,0,0.03,0.04,0.0,0.5,1440,random,-0.0005702980548426239,-0.0570298054842624,0.4473684210526316,38,-0.2062288227307959,-20.62288227307959,1.8120955786701884,0.9988711517856945,3.3684210526315786e-10,0.06578710499716063,9994.297019451573,-0.0005702980548426239
btc_hl_breakout_3m,0,0.025,0.045,0.0,0.5,60,random,0.10108794245435465,10.108794245435465,0.4722222222222222,36,-0.17967088480606752,-17.96708848060675,16.141341322403694,1.227945931508013,3.657407407407407e-10,0.6088755667166514,11010.879424543546,0.10108794245435465
btc_hl_breakout_9m,0,0.0125,0.06,0.0,0.05,90,random,0.010924885534824699,1.09248855348247,0.30952380952380953,42,-0.01738043789861221,-1.738043789861221,14.386763192041938,1.2574115299799749,3.0912698412698413e-10,0.5265835180740313,10109.248855348247,0.010924885534824699
btc_vol_breakout_9m,0,0.02,0.25,0.0,0.1,60,random,0.043029714489037835,4.302971448903784,0.2,15,-0.021018729927102076,-2.1018729927102076,31.690154136403958,2.1024829266116942,8.511111111111111e-10,2.8872402315985415,10430.297144890379,0.043029714489037835
btc_bullish,0,0.0175,0.04,0.0,0.3,90,random,0.07864927099991387,7.8649270999913865,0.4,55,-0.08582447929755965,-8.582447929755965,18.03923957525406,1.2350543122416586,2.336363636363636e-10,0.49554630020223556,10786.492709999138,0.07864927099991387
btc_hl_breakout_10m,0,0.05,0.025,0.0,0.15,10,random,0.040754938521259054,4.075493852125906,0.6486486486486487,37,-0.046273584754413455,-4.627358475441346,18.68882271447415,1.3208719697377012,3.5495495495495495e-10,0.7462191892232415,10407.549385212591,0.040754938521259054
btc_vol_breakout_2m,0,0.1,0.035,0.0,0.2,5,random,0.05320852914109594,5.320852914109594,0.7391304347826086,23,-0.06699747654292632,-6.699747654292631,18.418883409913693,1.4111743768946312,6.173913043478261e-10,1.1796588258679999,10532.08529141096,0.05320852914109594
btc_hl_breakout_7m,0,0.035,0.04,0.0,0.05,180,random,0.013052997740203302,1.3052997740203303,0.5,36,-0.01971569194250089,-1.971569194250089,17.159819334199565,1.2947326913112145,3.7175925925925927e-10,0.7312297487696938,10130.529977402033,0.013052997740203302
btc_hl_breakout_3m,0,0.035,0.2,0.0,0.15,20,random,0.02980594320344519,2.980594320344519,0.36363636363636365,11,-0.05122932694434845,-5.122932694434845,14.505968283463028,1.4318304066644705,1.3045454545454545e-09,1.8975694105818133,10298.059432034452,0.02980594320344519
btc_hl_breakout_9m,0,0.0075,0.03,0.0,0.25,45,random,0.009076430450210865,0.9076430450210865,0.31343283582089554,67,-0.12170282156810686,-12.170282156810686,3.5942659589937938,1.0319218432072514,1.6417910447761194e-10,0.07634450326078655,10090.764304502109,0.009076430450210865
btc_hl_breakout_4m,0,0.06,0.02,0.0,0.1,240,random,0.03653915647098182,3.6539156470981817,0.75,36,-0.02708752128757297,-2.708752128757297,24.72910082307736,1.5411817042429257,3.625e-10,1.0125525326917304,10365.391564709818,0.03653915647098182
btc_alt_aligned,0,0.0125,0.025,0.0,0.5,20,random,0.0915344505054787,9.15344505054787,0.4146341463414634,82,-0.155513248264585,-15.551324826458501,13.667097611401704,1.1254391247551954,1.6260162601626016e-10,0.2556850182591922,10915.344505054787,0.0915344505054787
btc_vol_breakout_10m,0,0.03,0.3,0.0,0.05,5,random,0.011431988928273466,1.1431988928273467,0.3333333333333333,6,-0.01101082574624146,-1.101082574624146,16.869971607247706,2.275501924335382,2.3027777777777774e-09,3.8391263106428646,10114.319889282735,0.011431988928273466
btc_hl_breakout_7m,0,0.035,0.04,0.0,0.2,30,random,0.050979416216977574,5.097941621697758,0.5,36,-0.07695313012785643,-7.695313012785643,17.1371424606674,1.2714503328462146,3.7175925925925927e-10,0.7312297487696936,10509.794162169776,0.050979416216977574
btc_vol_breakout_9m,0,0.0125,0.035,0.0,0.3,15,random,0.05124423641529356,5.124423641529356,0.3684210526315789,38,-0.059175036644787404,-5.91750366447874,16.725932185575022,1.2696314033403269,2.3289473684210523e-10,0.46468551679028847,10512.442364152936,0.05124423641529356
btc_hl_breakout_10m,0,0.005,0.03,0.0,0.2,5,random,0.005163983117614726,0.5163983117614726,0.26582278481012656,79,-0.1013716458506202,-10.13716458506202,2.6920118742235695,1.0232692485399955,1.219409282700422e-10,0.04736776756379912,10051.639831176148,0.005163983117614726
btc_hl_breakout_6m,0,0.01,0.06,0.0,0.15,240,random,-0.01295029250364023,-1.295029250364023,0.20833333333333334,48,-0.061026277417732144,-6.102627741773214,-5.801575816388476,0.9087013477622983,2.5347222222222223e-10,-0.16231614262307603,9870.497074963598,-0.01295029250364023
btc_small_up_9m,0,0.03,0.045,0.0,0.15,180,random,0.031288469788424256,3.1288469788424256,0.5,30,-0.033750351685408186,-3.3750351685408186,17.133842337778418,1.311123134079115,3.6722222222222223e-10,0.708248443246331,10312.884697884243,0.031288469788424256
btc_hl_breakout_2m,0,0.035,0.12,0.0,0.4,120,random,0.09786803233779864,9.786803233779864,0.3684210526315789,19,-0.12922856224420753,-12.922856224420753,17.94758912290063,1.3271367186663146,7.5e-10,1.4259946563484995,10978.680323377986,0.09786803233779864
btc_hl_breakout_7m,0,0.0125,0.3,0.0,0.05,180,random,0.021793001682660677,2.1793001682660678,0.2,15,-0.018527989414509505,-1.8527989414509505,25.701052986268614,2.4862092465585466,9.444444444444444e-10,2.9122579283980454,10217.930016826607,0.021793001682660677
btc_hl_breakout_3m,0,0.05,0.1,0.0,0.25,30,random,0.02379884269612153,2.3798842696121527,0.3888888888888889,18,-0.09017243635150607,-9.017243635150606,7.899387927455005,1.136033688994059,7.787037037037037e-10,0.6143715673025639,10237.988426961216,0.02379884269612153
btc_alt_aligned,0,0.1,0.02,0.0,0.1,45,random,0.02093606135133559,2.0936061351335593,0.7666666666666667,30,-0.036485944207997445,-3.6485944207997445,14.169309635585615,1.2752524602499482,4.772222222222223e-10,0.7150103420314289,10209.360613513356,0.02093606135133559
btc_small_up_10m,0,0.03,0.02,0.0,0.15,180,random,0.034734751775090535,3.4734751775090533,0.5581395348837209,43,-0.04503807094408241,-4.503807094408241,16.80954703427172,1.280592709948817,2.503875968992248e-10,0.5489377854882144,10347.347517750906,0.034734751775090535
btc_hl_breakout_9m,0,0.1,0.25,0.0,0.25,5,random,0.08155226635713266,8.155226635713266,0.375,8,-0.09598681353279237,-9.598681353279236,20.342310124381054,1.5682506739383686,1.8375e-09,4.389902843699267,10815.522663571326,0.08155226635713266
btc_hl_breakout_1m,0,0.1,0.12,0.0,0.3,45,random,0.12853306486328592,12.853306486328592,0.5555555555555556,9,-0.09024310922056855,-9.024310922056856,27.585768238123347,2.0734923412968946,1.5888888888888887e-09,4.74211665608418,11285.330648632858,0.12853306486328592
btc_bullish,0,0.05,0.3,0.0,0.4,15,random,0.10275295533921144,10.275295533921144,0.5,4,-0.15019586960529763,-15.019586960529763,16.70054612666146,2.7073654521125228,3.6791666666666665e-09,6.64329995682611,11027.529553392114,0.10275295533921144
btc_alt_aligned,0,0.0075,0.2,0.0,0.1,180,random,0.019248717044184356,1.9248717044184356,0.15625,32,-0.034564394743873406,-3.4564394743873406,12.562335577554482,1.2803786141089066,4.4375e-10,0.6285141033078342,10192.487170441844,0.019248717044184356
btc_small_up_9m,0,0.04,0.12,0.0,0.3,30,random,0.07803448203465714,7.803448203465714,0.4,15,-0.07820302664106193,-7.820302664106194,19.419413418714594,1.4760170294155692,8.355555555555555e-10,1.8267033616813952,10780.34482034657,0.07803448203465714
btc_bullish,0,0.03,0.03,0.0,0.25,120,random,0.06057022712588505,6.0570227125885046,0.5111111111111111,45,-0.06719783023841097,-6.719783023841098,16.729768064603,1.233109575774803,2.9333333333333335e-10,0.561203315046109,10605.702271258851,0.06057022712588505
btc_vol_breakout_10m,0,0.04,0.03,0.0,0.4,180,random,0.08133359701083727,8.133359701083727,0.5862068965517241,29,-0.08296243782885993,-8.296243782885993,18.60232434413999,1.3009041661053615,3.442528735632184e-10,0.7294549763459657,10813.335970108372,0.08133359701083727
btc_hl_breakout_4m,0,0.02,0.02,0.0,0.2,360,random,0.05101126196261657,5.101126196261657,0.5689655172413793,58,-0.04151333923374978,-4.1513339233749775,19.697181869401344,1.2642784753885818,1.9166666666666668e-10,0.4467813681211956,10510.112619626165,0.05101126196261657
btc_small_up_9m,0,0.0125,0.05,0.0,0.4,20,random,0.026162171336341408,2.616217133634141,0.2926829268292683,41,-0.12569279933383937,-12.569279933383937,6.665917673934848,1.0840265037276609,2.321138211382114e-10,0.20437850126568657,10261.621713363415,0.026162171336341408
btc_hl_breakout_2m,0,0.035,0.03,0.0,0.2,180,random,0.05185479247651283,5.185479247651283,0.6153846153846154,39,-0.0501356668924382,-5.01356668924382,19.363840510356336,1.3080965406849971,3.337606837606838e-10,0.6756942240884869,10518.547924765127,0.05185479247651283
btc_hl_breakout_10m,0,0.1,0.025,0.0,0.5,360,random,0.10738231337068392,10.738231337068392,0.75,24,-0.16719552095654955,-16.719552095654954,15.866111879090079,1.2992344198621473,5.777777777777777e-10,0.9719788323048592,11073.82313370684,0.10738231337068392
btc_vol_breakout_10m,0,0.06,0.05,0.0,0.3,120,random,-0.04541361180388894,-4.541361180388894,0.4375,16,-0.10756744558102993,-10.756744558102993,-11.131622012559118,0.760076687912131,6.645833333333333e-10,-0.8791134228721613,9545.863881961111,-0.04541361180388894
btc_hl_breakout_1m,0,0.05,0.02,0.0,0.1,5,random,0.01888856597426782,1.888856597426782,0.6842105263157895,38,-0.02803013337499627,-2.803013337499627,14.49793028126663,1.23077750202653,3.342105263157895e-10,0.5078595296393209,10188.885659742678,0.01888856597426782
btc_alt_aligned,0,0.0125,0.3,0.0,0.25,720,random,0.11095727144133338,11.095727144133338,0.21428571428571427,14,-0.0776524223627616,-7.76524223627616,26.357470987634464,2.457869737672325,1.0452380952380954e-09,3.1892000272511747,11109.572714413334,0.11095727144133338
btc_small_up_10m,0,0.08,0.08,0.0,0.05,20,random,0.01804466440653119,1.804466440653119,0.6428571428571429,14,-0.017193469499740988,-1.7193469499740988,23.992984042129233,1.7711247904158725,9.797619047619048e-10,2.5800904141717593,10180.446644065312,0.01804466440653119
btc_hl_breakout_1m,0,0.015,0.1,0.0,0.2,20,random,0.025835208747641468,2.583520874764147,0.27586206896551724,29,-0.06409059692959995,-6.409059692959995,10.354431388562398,1.1824609208578432,4.551724137931034e-10,0.4825098509760828,10258.352087476414,0.025835208747641468
btc_hl_breakout_5m,0,0.1,0.2,0.0,0.2,180,random,0.08109553609843374,8.109553609843374,0.5555555555555556,9,-0.0729745789175178,-7.29745789175178,25.680090052586117,1.816698578834016,1.6296296296296296e-09,4.593071820496236,10810.955360984337,0.08109553609843374
btc_hl_breakout_1m,0,0.035,0.04,0.0,0.5,90,random,0.1852570436308425,18.52570436308425,0.5588235294117647,34,-0.14367560886502329,-14.367560886502329,27.073748762338905,1.4414728817789468,3.946078431372549e-10,1.0836248103987185,11852.570436308426,0.1852570436308425
btc_vol_breakout_3m,0,0.025,0.045,0.0,0.1,720,random,0.009668321881276313,0.9668321881276313,0.4411764705882353,34,-0.037294853109910875,-3.7294853109910875,7.481020076589512,1.1189453190899779,3.607843137254902e-10,0.29850736016398643,10096.683218812763,0.009668321881276313
btc_vol_breakout_2m,0,0.005,0.2,0.0,0.2,5,random,-0.0036143345673267276,-0.36143345673267274,0.075,40,-0.07824998494985869,-7.824998494985868,-0.5787689427564983,0.9730682884030702,3.0666666666666664e-10,-0.00509068950525451,9963.856654326733,-0.0036143345673267276
btc_vol_breakout_3m,0,0.02,0.02,0.0,0.3,240,random,0.05922942342391052,5.922942342391052,0.5490196078431373,51,-0.07704934100501626,-7.704934100501626,16.127381127582584,1.2235536113467504,1.9281045751633987e-10,0.40350432707568296,10592.294234239105,0.05922942342391052
btc_hl_breakout_2m,0,0.02,0.04,0.0,0.2,720,random,0.052376582590471524,5.237658259047152,0.45454545454545453,44,-0.05323513850961037,-5.323513850961037,19.58408904159905,1.2933602082928513,2.9166666666666664e-10,0.6052792483501448,10523.765825904715,0.052376582590471524
btc_hl_breakout_9m,0,0.1,0.03,0.0,0.25,180,random,0.07439641258206757,7.439641258206757,0.75,24,-0.08618844783134005,-8.618844783134005,20.17864932626361,1.44893126025451,5.944444444444444e-10,1.26012895703971,10743.964125820676,0.07439641258206757
btc_vol_breakout_8m,0,0.0175,0.25,0.0,0.2,240,random,0.05397787808095263,5.397787808095264,0.16666666666666666,18,-0.05695828110696666,-5.695828110696666,19.613943167424296,1.481843906149016,7.157407407407407e-10,1.5932800141401866,10539.778780809527,0.05397787808095263
btc_hl_breakout_4m,0,0.03,0.035,0.0,0.1,10,random,0.02510397001233147,2.5103970012331467,0.5384615384615384,39,-0.02816924805452481,-2.816924805452481,18.5624860802691,1.3055068784348312,3.452991452991453e-10,0.649742377912077,10251.039700123314,0.02510397001233147
btc_hl_breakout_10m,0,0.02,0.015,0.0,0.3,360,random,0.0286587025694163,2.86587025694163,0.53125,64,-0.09854940741434948,-9.854940741434948,7.841760524980121,1.085635206963105,1.6614583333333332e-10,0.17508727211985475,10286.587025694163,0.0286587025694163
btc_hl_breakout_7m,0,0.015,0.06,0.0,0.15,120,random,0.011805941151421325,1.1805941151421326,0.2682926829268293,41,-0.06417192872059507,-6.417192872059507,5.935045072954755,1.0841578973185728,3.1463414634146345e-10,0.2169446426724873,10118.059411514214,0.011805941151421325
btc_vol_breakout_8m,0,0.015,0.02,0.0,0.25,30,random,0.045544063052053115,4.554406305205312,0.4782608695652174,46,-0.05130655007053253,-5.130655007053253,17.889640171105498,1.270754646708866,1.7934782608695651e-10,0.40494831400708314,10455.44063052053,0.045544063052053115
btc_hl_breakout_2m,0,0.015,0.15,0.0,0.2,30,random,0.0702167514697911,7.02167514697911,0.24,25,-0.06320614079437459,-6.320614079437458,23.184589623805042,1.5899056698436602,5.5e-10,1.4324498483849686,10702.16751469791,0.0702167514697911
btc_hl_breakout_6m,0,0.0175,0.045,0.0,0.25,15,random,-0.0496723299601922,-4.96723299601922,0.29545454545454547,44,-0.12005833012655054,-12.005833012655053,-15.281375978213116,0.7986140765242216,2.7992424242424244e-10,-0.43707911669867905,9503.276700398077,-0.0496723299601922
btc_hl_breakout_8m,0,0.0175,0.045,0.0,0.05,720,random,0.004422192244113825,0.4422192244113825,0.35555555555555557,45,-0.018328061807590723,-1.8328061807590723,6.202283274868422,1.0906794109456153,2.7703703703703703e-10,0.2033166941245128,10044.221922441138,0.004422192244113825
btc_hl_breakout_3m,0,0.03,0.03,0.0,0.05,480,random,0.009869313138544937,0.9869313138544937,0.575,40,-0.014048998238704868,-1.4048998238704868,14.703705494561367,1.2332183786023845,3.1958333333333334e-10,0.4980995681140644,10098.69313138545,0.009869313138544937
btc_hl_breakout_9m,0,0.0125,0.06,0.0,0.5,5,random,0.09712577527425784,9.712577527425784,0.30952380952380953,42,-0.1624408460520108,-16.24408460520108,14.369414461728038,1.1996758596617894,3.0912698412698413e-10,0.5265835180740326,10971.257752742578,0.09712577527425784
btc_hl_breakout_10m,0,0.005,0.2,0.0,0.1,240,random,0.02119911877256295,2.1199118772562953,0.1388888888888889,36,-0.0418381806610586,-4.18381806610586,14.474120193063554,1.3011831740652806,3.4583333333333333e-10,0.6140069096344615,10211.991187725629,0.02119911877256295
btc_hl_breakout_2m,0,0.025,0.02,0.0,0.15,180,random,0.03089259623634109,3.089259623634109,0.56,50,-0.03581510673549715,-3.581510673549715,15.959428120647438,1.2226345646681789,2.3133333333333334e-10,0.42136909138258927,10308.925962363412,0.03089259623634109
btc_hl_breakout_6m,0,0.02,0.3,0.0,0.2,360,random,0.060144120966315724,6.014412096631572,0.4,5,-0.07259516820495726,-7.259516820495726,18.28542449797618,3.6256072514699844,2.933333333333333e-09,6.056059707893775,10601.441209663157,0.060144120966315724
btc_small_down_10m,0,0.025,0.035,0.0,0.25,240,random,0.04749092253634558,4.749092253634558,0.5,36,-0.05824106175803756,-5.824106175803756,15.620669633768577,1.2671666218749218,2.902777777777778e-10,0.5449306214650338,10474.909225363455,0.04749092253634558
btc_hl_breakout_8m,0,0.0175,0.01,0.0,0.1,1440,random,-0.002651351942373719,-0.2651351942373719,0.5466666666666666,75,-0.041952888940097965,-4.1952888940097965,-1.4700362818494725,0.9764803364400026,1.342222222222222e-10,-0.0277326551329236,9973.486480576263,-0.002651351942373719
btc_vol_breakout_3m,0,0.05,0.06,0.0,0.05,45,random,0.007778833508364511,0.7778833508364511,0.45,20,-0.018804571264922743,-1.8804571264922743,11.339228336974307,1.2299388887066007,6.708333333333333e-10,0.7925804868969526,10077.788335083646,0.007778833508364511
btc_vol_breakout_3m,0,0.03,0.015,0.0,0.15,1440,random,0.05898948471504359,5.898948471504359,0.6875,48,-0.0279380793714038,-2.79380793714038,33.03615314477717,1.6303141761022035,2.1145833333333334e-10,0.8082676328129571,10589.894847150435,0.05898948471504359
btc_vol_breakout_8m,0,0.0175,0.01,0.0,0.25,480,random,0.0011687797549467178,0.11687797549467177,0.5925925925925926,54,-0.06462675453455768,-6.462675453455768,1.1964620723472346,1.006832305509609,1.367283950617284e-10,0.021780439085403173,10011.687797549468,0.0011687797549467178
btc_vol_breakout_9m,0,0.03,0.03,0.0,0.25,360,random,0.06776262777090537,6.776262777090538,0.5666666666666667,30,-0.04708178486716974,-4.7081784867169745,24.07241587653709,1.4516066162412817,3.488888888888889e-10,0.906732794609178,10677.626277709054,0.06776262777090537
btc_hl_breakout_10m,0,0.0125,0.2,0.0,0.1,10,random,0.03161831632381841,3.161831632381841,0.22727272727272727,22,-0.03211942698964576,-3.211942698964576,21.064636785810883,1.5503512527529844,6.287878787878788e-10,1.4640938877216114,10316.183163238184,0.03161831632381841
btc_vol_breakout_8m,0,0.03,0.035,0.0,0.25,60,random,0.04234662938087368,4.234662938087368,0.53125,32,-0.07130239381852288,-7.130239381852288,14.240237910024799,1.2344150506135603,3.484375e-10,0.5539973514382248,10423.466293808737,0.04234662938087368
btc_hl_breakout_2m,0,0.02,0.025,0.0,0.15,5,random,0.026284086542353906,2.6284086542353906,0.5,48,-0.03746465850265934,-3.7464658502659343,13.73620277602969,1.1965028475360526,2.559027777777778e-10,0.37587947007050104,10262.840865423539,0.026284086542353906
btc_vol_breakout_2m,0,0.015,0.2,0.0,0.3,45,random,0.04530103189961324,4.5301031899613236,0.2222222222222222,18,-0.10535592009928019,-10.535592009928019,11.792322923010058,1.2976652740572836,7.583333333333333e-10,0.9548858641289895,10453.010318996132,0.04530103189961324
btc_small_up_10m,0,0.02,0.25,0.0,0.1,20,random,0.028534375057438614,2.8534375057438615,0.2,20,-0.03944803432885158,-3.944803432885158,17.818420610520985,1.5341304548859602,6.4e-10,1.4640535607170158,10285.343750574386,0.028534375057438614
btc_bullish,0,0.035,0.15,0.0,0.15,10,random,0.04246072156468895,4.246072156468895,0.38461538461538464,13,-0.05230800296747218,-5.230800296747217,18.251094234772022,1.5822866278174013,1.1064102564102564e-09,2.2327481368785618,10424.607215646889,0.04246072156468895
btc_hl_breakout_10m,0,0.04,0.02,0.0,0.15,360,random,0.046900583097671235,4.690058309767124,0.6590909090909091,44,-0.03964309601143623,-3.964309601143623,21.513515276848118,1.360137506360183,2.9204545454545454e-10,0.7157827729242427,10469.005830976712,0.046900583097671235
btc_hl_breakout_8m,0,0.02,0.03,0.0,0.05,15,random,0.0073238363794655755,0.7323836379465576,0.42857142857142855,49,-0.018576228912101977,-1.8576228912101977,10.208519018035107,1.1474695509629536,2.574829931972789e-10,0.3046015118273815,10073.238363794655,0.0073238363794655755
btc_alt_aligned,0,0.04,0.3,0.0,0.5,30,random,0.23191087421807496,23.191087421807495,0.375,8,-0.15038417965948958,-15.038417965948959,27.871453766767267,2.1242226948384775,1.84375e-09,6.035595781812757,12319.10874218075,0.23191087421807496
btc_hl_breakout_3m,0,0.05,0.04,0.0,0.25,30,random,0.041184951721561586,4.118495172156159,0.5806451612903226,31,-0.08381307887369305,-8.381307887369305,13.039445296541734,1.188051312346074,4.3602150537634406e-10,0.5720620915826454,10411.849517215616,0.041184951721561586
btc_vol_breakout_8m,0,0.03,0.04,0.0,0.05,15,random,0.00833470190014687,0.833470190014687,0.5333333333333333,30,-0.014572638738392985,-1.4572638738392985,13.461902657817602,1.243884492986077,3.755555555555556e-10,0.561425291780125,10083.347019001469,0.00833470190014687
btc_hl_breakout_7m,0,0.06,0.04,0.0,0.15,720,random,0.04393156351181358,4.393156351181358,0.64,25,-0.053735304007558216,-5.373530400755822,19.479192852781523,1.432558851943242,5.52e-10,1.1819321041470776,10439.315635118135,0.04393156351181358
btc_hl_breakout_7m,0,0.06,0.01,0.0,0.5,60,random,0.15392067985173288,15.392067985173288,0.8,45,-0.12212598111779405,-12.212598111779405,21.40006253899305,1.3832403596716858,2.87037037037037e-10,0.6947663043370864,11539.206798517329,0.15392067985173288
btc_hl_breakout_4m,0,0.025,0.05,0.0,0.3,60,random,0.049669645439271014,4.9669645439271015,0.42857142857142855,35,-0.0895013609284463,-8.95013609284463,12.785427231875053,1.1879052307876488,3.8380952380952383e-10,0.5150059648160643,10496.69645439271,0.049669645439271014
btc_hl_breakout_9m,0,0.0175,0.25,0.0,0.5,480,random,0.15040300501608972,15.040300501608971,0.21052631578947367,19,-0.16724760685490414,-16.724760685490413,19.826012569684824,1.5036138302777167,7.324561403508771e-10,1.780654567021403,11504.030050160898,0.15040300501608972
btc_small_down_10m,0,0.015,0.025,0.0,0.05,30,random,0.016357254032063877,1.6357254032063877,0.48,50,-0.011015634169540767,-1.1015634169540767,29.658862218858665,1.4740101419527671,1.7633333333333334e-10,0.6534549907072005,10163.572540320638,0.016357254032063877
btc_vol_breakout_9m,0,0.03,0.035,0.0,0.05,15,random,0.008937739077414875,0.8937739077414875,0.5333333333333333,30,-0.014572638738394428,-1.4572638738394428,14.571681342405258,1.2743795843773136,3.6222222222222225e-10,0.6010920576870068,10089.377390774149,0.008937739077414875
btc_small_down_10m,0,0.05,0.15,0.0,0.1,120,random,0.017643930670833426,1.7643930670833425,0.4,10,-0.03482456424690217,-3.4824564246902168,12.847447376036559,1.4312882603464996,1.4016666666666665e-09,1.823467416343778,10176.439306708335,0.017643930670833426
btc_small_down_10m,0,0.0125,0.015,0.0,0.15,10,random,0.05082394220875371,5.082394220875371,0.5245901639344263,61,-0.03122237793184046,-3.122237793184046,31.398379727629603,1.472657713683188,1.1967213114754098e-10,0.5508917756704699,10508.239422087538,0.05082394220875371
btc_hl_breakout_6m,0,0.04,0.1,0.0,0.4,30,random,0.029067697262727142,2.906769726272714,0.38095238095238093,21,-0.14642458415658688,-14.642458415658687,6.795058659419423,1.0927169577421942,6.555555555555556e-10,0.4728872664250377,10290.676972627272,0.029067697262727142
btc_small_up_10m,0,0.04,0.1,0.0,0.4,90,random,0.13397897131710915,13.397897131710915,0.42105263157894735,19,-0.1249600321865435,-12.49600321865435,22.28366453566115,1.4471690617427266,6.491228070175439e-10,1.8546436364038081,11339.789713171092,0.13397897131710915
btc_vol_breakout_10m,0,0.005,0.08,0.0,0.05,15,random,0.0034650451538429648,0.3465045153842965,0.17073170731707318,41,-0.012739953878320054,-1.2739953878320054,6.308741034392014,1.1117462595187741,2.0365853658536584e-10,0.17409575224810397,10034.65045153843,0.0034650451538429648
btc_bullish,0,0.025,0.04,0.0,0.15,30,random,0.04774029745894816,4.774029745894816,0.4666666666666667,45,-0.04656677369792139,-4.656677369792139,21.217344723114266,1.329939818454631,2.9222222222222223e-10,0.7137717394654014,10477.402974589482,0.04774029745894816
btc_small_down_10m,0,0.08,0.045,0.0,0.15,720,random,0.015265039296489544,1.5265039296489544,0.625,16,-0.05491052931883045,-5.491052931883045,7.562230678730653,1.1970164979555642,8.020833333333334e-10,0.6750048003835033,10152.650392964895,0.015265039296489544
btc_alt_aligned,0,0.0125,0.01,0.0,0.3,1440,random,0.00983395313854753,0.9833953138547531,0.5175438596491229,114,-0.10504240400317955,-10.504240400317954,3.487716704944469,1.0220935285689203,1.0994152046783626e-10,0.04615052127127666,10098.339531385474,0.00983395313854753
btc_hl_breakout_6m,0,0.005,0.035,0.0,0.4,15,random,0.021116769115034458,2.1116769115034457,0.24324324324324326,74,-0.18289366728425316,-18.289366728425314,5.390974281141502,1.045373011369047,1.4166666666666667e-10,0.10407661879147821,10211.167691150345,0.021116769115034458
btc_hl_breakout_4m,0,0.03,0.035,0.0,0.3,120,random,0.07386867367660475,7.386867367660475,0.5384615384615384,39,-0.08283881123232939,-8.28388112323294,18.60746707220641,1.2815987544687415,3.452991452991453e-10,0.6497423779120757,10738.686736766047,0.07386867367660475
btc_vol_breakout_2m,0,0.05,0.3,0.0,0.4,240,random,0.1580530087582255,15.805300875822551,0.375,8,-0.12679653833288695,-12.679653833288695,24.01808120300195,1.8817720397222917,1.8333333333333334e-09,5.25701464758125,11580.530087582254,0.1580530087582255
btc_hl_breakout_3m,0,0.05,0.025,0.0,0.05,20,random,0.006257644108203721,0.625764410820372,0.6285714285714286,35,-0.015823862122439025,-1.5823862122439025,9.674240982123035,1.1534817862794975,3.804761904761905e-10,0.3642909950505386,10062.576441082037,0.006257644108203721
btc_hl_breakout_3m,0,0.025,0.04,0.0,0.15,720,random,0.04940251196112222,4.9402511961122215,0.5263157894736842,38,-0.04207732360799443,-4.207732360799444,24.410771245775035,1.4177199550525947,3.4605263157894737e-10,0.867501031504523,10494.025119611222,0.04940251196112222
btc_vol_breakout_10m,0,0.0125,0.15,0.0,0.3,90,random,0.03254707432305713,3.2547074323057132,0.14285714285714285,21,-0.08008220459804472,-8.008220459804472,9.916920737518707,1.2268069054788264,5.357142857142857e-10,0.5971240165577747,10325.470743230571,0.03254707432305713
btc_small_up_9m,0,0.005,0.1,0.0,0.3,15,random,0.08983287636594714,8.983287636594714,0.21052631578947367,38,-0.0782132076455122,-7.821320764551221,21.570476391255397,1.4825978818890613,2.4956140350877194e-10,0.8053637509512909,10898.328763659472,0.08983287636594714
btc_vol_breakout_9m,0,0.06,0.25,0.0,0.5,720,random,0.10054470334797415,10.054470334797415,0.42857142857142855,7,-0.17089999219505625,-17.089999219505625,15.544110894922786,1.4930424449389403,2.0119047619047618e-09,3.3519513593291284,11005.44703347974,0.10054470334797415
btc_vol_breakout_9m,0,0.0175,0.08,0.0,0.1,10,random,0.01509374918173088,1.509374918173088,0.2962962962962963,27,-0.028816234164702692,-2.881623416470269,11.961706517613376,1.2253870886031208,4.141975308641975e-10,0.5770774996018502,10150.937491817309,0.01509374918173088
btc_vol_breakout_9m,0,0.02,0.01,0.0,0.05,30,random,0.005187795576758754,0.5187795576758754,0.64,50,-0.011477054001469478,-1.1477054001469478,10.542040584156966,1.1761006058776189,1.4333333333333333e-10,0.21000516387657056,10051.877955767588,0.005187795576758754
btc_small_up_10m,0,0.06,0.05,0.0,0.15,45,random,0.03813332537645174,3.813332537645174,0.5833333333333334,24,-0.05464423275581343,-5.464423275581343,17.71880256490207,1.3432540628534986,4.965277777777778e-10,1.082002637354784,10381.333253764518,0.03813332537645174
btc_hl_breakout_3m,0,0.01,0.25,0.0,0.05,240,random,0.013986304369963426,1.3986304369963425,0.16,25,-0.0200072622732127,-2.00072622732127,18.90284915812553,1.4829822532663612,5.366666666666667e-10,1.1380408716679622,10139.863043699634,0.013986304369963426
btc_vol_breakout_2m,0,0.08,0.12,0.0,0.05,1440,random,0.023128702086865092,2.312870208686509,0.5,14,-0.016334178926821985,-1.6334178926821985,29.736019385617563,1.7950267741173045,1.0154761904761906e-09,3.307719655311167,10231.28702086865,0.023128702086865092
btc_hl_breakout_9m,0,0.04,0.15,0.0,0.4,60,random,0.14626429434687252,14.626429434687251,0.4,15,-0.1388472589954467,-13.88472589954467,23.537615541544557,1.5892137904699706,9.633333333333333e-10,2.5364635636278576,11462.642943468725,0.14626429434687252
btc_small_up_9m,0,0.05,0.01,0.0,0.5,60,random,0.050132473151049455,5.0132473151049455,0.7608695652173914,46,-0.10542269900445389,-10.542269900445389,9.601805651033816,1.130915056361068,2.2282608695652175e-10,0.2619947122501987,10501.324731510495,0.050132473151049455
btc_hl_breakout_5m,0,0.0175,0.06,0.0,0.15,90,random,-0.003241193832546469,-0.3241193832546469,0.2926829268292683,41,-0.0603673517334089,-6.03673517334089,-1.0535388281157936,0.9784272995947672,3.231707317073171e-10,-0.028842477412415288,9967.588061674534,-0.003241193832546469
btc_alt_aligned,0,0.06,0.045,0.0,0.25,45,random,0.08672104163675877,8.672104163675877,0.625,24,-0.08765790110960814,-8.765790110960815,22.604041352463287,1.4892109841689611,6.034722222222222e-10,1.456035068295929,10867.210416367587,0.08672104163675877
btc_alt_aligned,0,0.03,0.04,0.0,0.4,60,random,0.08635589166443965,8.635589166443964,0.47619047619047616,42,-0.13621759033385028,-13.621759033385029,15.130821521236038,1.1969507283280567,3.333333333333333e-10,0.5584989104976966,10863.558916644397,0.08635589166443965
btc_hl_breakout_3m,0,0.02,0.3,0.0,0.25,10,random,0.11538178081846905,11.538178081846905,0.23076923076923078,13,-0.07105160528358856,-7.105160528358856,27.703759551632544,2.16568060606938,1.0730769230769232e-09,3.6305773964198367,11153.81780818469,0.11538178081846905
btc_vol_breakout_2m,0,0.0075,0.045,0.0,0.1,120,random,-0.011444978644231264,-1.1444978644231263,0.234375,64,-0.03696019613722468,-3.6960196137224677,-9.165350524621019,0.8786715965459123,1.7526041666666666e-10,-0.17352275489154453,9885.550213557688,-0.011444978644231264
btc_hl_breakout_9m,0,0.01,0.25,0.0,0.05,10,random,0.019921855394749416,1.9921855394749417,0.19047619047619047,21,-0.018403993966175203,-1.8403993966175203,24.07221488352056,1.9322387153933929,6.46031746031746e-10,1.9085714203391095,10199.218553947494,0.019921855394749416
btc_hl_breakout_3m,0,0.025,0.04,0.0,0.05,45,random,0.016469216619254348,1.6469216619254348,0.5263157894736842,38,-0.014176917714768034,-1.4176917714768034,24.39659578192441,1.4326979751398181,3.4605263157894737e-10,0.8675010315045217,10164.692166192544,0.016469216619254348
btc_bullish,0,0.01,0.015,0.0,0.1,360,random,0.023243013701126473,2.3243013701126474,0.45652173913043476,92,-0.024107318857425564,-2.4107318857425564,16.126346226651908,1.1960014085632502,1.2753623188405797e-10,0.2568485081568759,10232.430137011264,0.023243013701126473
btc_small_down_10m,0,0.015,0.25,0.0,0.25,240,random,0.07717323191290297,7.717323191290297,0.2,20,-0.07969781931173248,-7.969781931173248,21.264543007993957,1.542890226964141,6.75e-10,1.6420174810385837,10771.73231912903,0.07717323191290297
btc_vol_breakout_3m,0,0.0175,0.08,0.0,0.1,20,random,0.016245716671909678,1.6245716671909678,0.3333333333333333,27,-0.033513143575724325,-3.3513143575724325,12.405444035517839,1.2308186659837872,4.5e-10,0.6208063769920058,10162.457166719098,0.016245716671909678
btc_hl_breakout_5m,0,0.0175,0.045,0.0,0.15,60,random,-0.01680590797510972,-1.680590797510972,0.32608695652173914,46,-0.06903551723480039,-6.903551723480039,-8.288753839672253,0.8886613156041071,2.7391304347826086e-10,-0.22973046283607954,9831.940920248902,-0.01680590797510972
btc_hl_breakout_5m,0,0.0175,0.25,0.0,0.05,1440,random,0.012052245084774454,1.2052245084774453,0.2,20,-0.017107327768349334,-1.7107327768349334,16.46282122253796,1.3905775418913646,7.083333333333334e-10,1.2318997964548113,10120.522450847744,0.012052245084774454
btc_hl_breakout_6m,0,0.025,0.035,0.0,0.3,5,random,0.03998620456628055,3.9986204566280548,0.4634146341463415,41,-0.08695225164587628,-8.695225164587628,10.9814714123637,1.1437893227869202,3.130081300813008e-10,0.35702349850271525,10399.862045662805,0.03998620456628055
btc_hl_breakout_8m,0,0.0175,0.04,0.0,0.15,10,random,0.018698351785551903,1.8698351785551903,0.375,48,-0.0529959047718046,-5.299590477180461,9.079300405535664,1.1210666261388185,2.6006944444444443e-10,0.2775558980888646,10186.983517855519,0.018698351785551903
btc_vol_breakout_2m,0,0.005,0.15,0.0,0.5,1440,random,0.08702474879655374,8.702474879655373,0.10416666666666667,48,-0.18900458653275276,-18.900458653275276,13.25216119748402,1.2034955459964645,2.520833333333333e-10,0.44990146393282526,10870.247487965538,0.08702474879655374
btc_hl_breakout_8m,0,0.08,0.12,0.0,0.3,45,random,0.10314130877852667,10.314130877852667,0.5,10,-0.09412794488770593,-9.412794488770594,22.775208296029447,1.715197483787091,1.455e-09,3.524221961304315,11031.413087785266,0.10314130877852667
btc_vol_breakout_9m,0,0.08,0.08,0.0,0.25,15,random,0.04717902320924836,4.7179023209248365,0.5384615384615384,13,-0.08376309916375557,-8.376309916375558,14.606979134852462,1.3345374806306551,1.058974358974359e-09,1.5436095663922724,10471.790232092484,0.04717902320924836
btc_small_up_9m,0,0.1,0.01,0.0,0.2,15,random,0.058180565650712814,5.818056565071282,0.8571428571428571,35,-0.03890251707501813,-3.890251707501813,20.815897826407692,1.5742087309701984,3.438095238095238e-10,0.8351345417313685,10581.805656507127,0.058180565650712814
btc_vol_breakout_9m,0,0.06,0.015,0.0,0.2,480,random,-0.00817568537778145,-0.8175685377781451,0.7142857142857143,35,-0.05923303322320039,-5.92330332232004,-2.6618098829904935,0.9446470643132211,2.961904761904762e-10,-0.09130030913553226,9918.243146222185,-0.00817568537778145
btc_hl_breakout_9m,0,0.08,0.025,0.0,0.1,5,random,0.029627263717774906,2.9627263717774905,0.7307692307692307,26,-0.030243448390351424,-3.0243448390351424,20.05204931103162,1.474850962696766,5.307692307692308e-10,1.1456764611444132,10296.27263717775,0.029627263717774906
btc_small_down_10m,0,0.08,0.025,0.0,0.25,180,random,0.09748456464590118,9.748456464590118,0.7916666666666666,24,-0.057546918965444505,-5.7546918965444505,27.145902420542573,1.8180582790320565,4.965277777777778e-10,1.5970558216859596,10974.845646459013,0.09748456464590118
btc_vol_breakout_2m,0,0.04,0.015,0.0,0.05,180,random,0.008814878559495469,0.8814878559495469,0.6862745098039216,51,-0.011454267952573094,-1.1454267952573094,13.846644042937465,1.2234529309615327,2.209150326797386e-10,0.3487003518452432,10088.148785594954,0.008814878559495469
btc_hl_breakout_2m,0,0.05,0.015,0.0,0.3,10,random,0.02345863450565912,2.345863450565912,0.7142857142857143,42,-0.08601033695396443,-8.601033695396442,7.161376810139863,1.0941419486654942,2.976190476190476e-10,0.2200316709051286,10234.586345056592,0.02345863450565912
btc_vol_breakout_9m,0,0.08,0.3,0.0,0.2,120,random,0.018811488940865023,1.8811488940865022,0.4,5,-0.06744489765163697,-6.7444897651636975,7.333174120427032,1.2967914451700595,2.8633333333333336e-09,2.1320682723033135,10188.114889408651,0.018811488940865023
btc_vol_breakout_9m,0,0.1,0.045,0.0,0.1,180,random,9.41412097415082e-05,0.00941412097415082,0.6153846153846154,13,-0.03308519003950827,-3.308519003950827,0.45028398588450963,1.0019378461212565,9.384615384615385e-10,0.044095039956451906,10000.941412097414,9.41412097415082e-05
btc_small_up_9m,0,0.0175,0.15,0.0,0.4,15,random,0.083737685950472,8.3737685950472,0.21739130434782608,23,-0.13513951392808354,-13.513951392808355,15.304418899068642,1.31375935301181,5.369565217391305e-10,1.0307203634194377,10837.37685950472,0.083737685950472
btc_alt_aligned,0,0.015,0.01,0.0,0.5,360,random,0.03598190122740134,3.598190122740134,0.5462962962962963,108,-0.16326496610249475,-16.326496610249475,6.869340719444335,1.0467700757443295,1.1743827160493828e-10,0.09711122391796369,10359.819012274012,0.03598190122740134
btc_hl_breakout_7m,0,0.0125,0.01,0.0,0.5,30,random,0.04429756486428432,4.429756486428432,0.5454545454545454,88,-0.14487313512577782,-14.487313512577781,8.195950169957953,1.0734661541873862,1.1079545454545454e-10,0.13098581494574982,10442.975648642843,0.04429756486428432
btc_vol_breakout_3m,0,0.0075,0.06,0.0,0.05,240,random,-0.009448115982142275,-0.9448115982142276,0.14893617021276595,47,-0.024448603135828306,-2.4448603135828306,-14.707099967938506,0.7866181474068532,2.25886524822695e-10,-0.39833632489521403,9905.518840178578,-0.009448115982142275
btc_hl_breakout_8m,0,0.01,0.02,0.0,0.5,30,random,-0.024642523321918453,-2.4642523321918453,0.36619718309859156,71,-0.194912016297197,-19.4912016297197,-1.661093748465815,0.9580628605844695,1.4906103286384976e-10,-0.03148043757857519,9753.574766780815,-0.024642523321918453
btc_hl_breakout_8m,0,0.04,0.015,0.0,0.1,30,random,0.021203884317602773,2.1203884317602775,0.6521739130434783,46,-0.03151908723073482,-3.151908723073482,14.881186455601558,1.2433811469505898,2.5471014492753626e-10,0.46969382451037056,10212.038843176028,0.021203884317602773
btc_hl_breakout_8m,0,0.03,0.03,0.0,0.15,45,random,0.028659843215198884,2.8659843215198886,0.5121951219512195,41,-0.04772702927447259,-4.772702927447259,13.376053819243024,1.1998243046830834,3.0975609756097563e-10,0.48365221150578724,10286.598432151988,0.028659843215198884
btc_hl_breakout_9m,0,0.08,0.12,0.0,0.15,180,random,0.06174908374509273,6.174908374509273,0.5,12,-0.04791696900775677,-4.791696900775677,26.52150992194763,1.75877209302906,1.2069444444444444e-09,3.454444205057567,10617.490837450927,0.06174908374509273
btc_hl_breakout_8m,0,0.015,0.1,0.0,0.4,480,random,0.08827059106772213,8.827059106772213,0.2727272727272727,33,-0.14048540929248,-14.048540929247999,15.705352643130949,1.263887282496869,4.070707070707071e-10,0.7316972297467482,10882.705910677221,0.08827059106772213
btc_alt_aligned,0,0.035,0.05,0.0,0.5,240,random,0.1371947698386748,13.719476983867478,0.4722222222222222,36,-0.16671297802612606,-16.671297802612607,18.73921385449874,1.2570792937544437,3.930555555555555e-10,0.81769152463244,11371.947698386748,0.1371947698386748
btc_hl_breakout_1m,0,0.01,0.2,0.0,0.4,1440,random,0.04909772932889682,4.909772932889682,0.16666666666666666,24,-0.14695690743246848,-14.695690743246848,10.412577650800127,1.2185465553995232,5.583333333333334e-10,0.6310463843096242,10490.977293288968,0.04909772932889682
btc_hl_breakout_9m,0,0.0175,0.02,0.0,0.05,240,random,0.005573375611164215,0.5573375611164215,0.46774193548387094,62,-0.021108467473241688,-2.1108467473241688,8.092974149891285,1.1029289232542563,1.7043010752688173e-10,0.18438161110392587,10055.733756111642,0.005573375611164215
btc_hl_breakout_4m,0,0.025,0.015,0.0,0.4,10,random,0.09482535164114847,9.482535164114847,0.6140350877192983,57,-0.09043919004937151,-9.043919004937152,18.663413534778726,1.2417455999700517,1.894736842105263e-10,0.43215205963017167,10948.253516411485,0.09482535164114847
btc_vol_breakout_3m,0,0.0125,0.3,0.0,0.4,120,random,0.12576292582846535,12.576292582846534,0.4,5,-0.1341425427780476,-13.41425427780476,19.90153267711675,3.986450908460882,2.92e-09,6.331683474511323,11257.629258284654,0.12576292582846535
btc_hl_breakout_10m,0,0.015,0.15,0.0,0.05,45,random,0.014221061320578281,1.422106132057828,0.23809523809523808,21,-0.017716666219204646,-1.7716666219204646,17.98285904203854,1.5376097812628795,6.690476190476191e-10,1.3684672234236703,10142.210613205783,0.014221061320578281
btc_small_up_10m,0,0.05,0.3,0.0,0.5,720,random,0.09272847950714222,9.272847950714223,0.4,5,-0.19010796802663144,-19.010796802663144,13.364214632212029,1.8428741153682933,2.8833333333333335e-09,4.087002553423694,10927.284795071422,0.09272847950714222
btc_hl_breakout_6m,0,0.0075,0.025,0.0,0.5,720,random,-0.0946588875808431,-9.465888758084311,0.30985915492957744,71,-0.2392482871174204,-23.92482871174204,-14.289107674023144,0.8381802709267223,1.5704225352112677e-10,-0.247183646442982,9053.411124191569,-0.0946588875808431
btc_hl_breakout_5m,0,0.025,0.3,0.0,0.4,240,random,0.19552319831825835,19.552319831825834,0.3,10,-0.1208210384159979,-12.082103841599789,29.091590463168743,2.2944008856913927,1.4233333333333334e-09,4.988642826071114,11955.231983182584,0.19552319831825835
btc_vol_breakout_9m,0,0.025,0.12,0.0,0.4,1440,random,0.16163415622861985,16.163415622861983,0.3125,16,-0.08133261197416108,-8.133261197416108,31.05150518742524,1.9798829096834851,7.770833333333334e-10,2.5107788507124407,11616.341562286198,0.16163415622861985
btc_hl_breakout_6m,0,0.025,0.03,0.0,0.05,15,random,0.00563098150713455,0.5630981507134549,0.4883720930232558,43,-0.014009987625139608,-1.4009987625139608,8.593853168730679,1.124180264029641,2.9883720930232563e-10,0.2676219261683506,10056.309815071345,0.00563098150713455
btc_hl_breakout_10m,0,0.0125,0.12,0.0,0.15,45,random,0.04386805005917411,4.386805005917411,0.25,28,-0.05135880086536038,-5.135880086536037,19.097617712929598,1.4311366563896442,4.803571428571429e-10,1.0720152258012117,10438.680500591741,0.04386805005917411
btc_hl_breakout_9m,0,0.04,0.06,0.0,0.2,360,random,0.056218756933237725,5.621875693323773,0.48148148148148145,27,-0.07152449301105446,-7.152449301105445,18.458869959294255,1.3385179134645466,5.191358024691358e-10,1.0720575580983769,10562.187569332378,0.056218756933237725
btc_alt_aligned,0,0.0175,0.1,0.0,0.05,90,random,0.013655424923220307,1.3655424923220307,0.2857142857142857,35,-0.01668028432044044,-1.6680284320440442,17.432644694067328,1.3205049044319677,4.042857142857143e-10,0.7882032669528128,10136.554249232204,0.013655424923220307
btc_hl_breakout_2m,0,0.04,0.2,0.0,0.3,20,random,0.053292488272353965,5.329248827235396,0.36363636363636365,11,-0.09945879407339975,-9.945879407339975,13.487988253158777,1.364725118028951,1.3121212121212123e-09,1.8035106243731434,10532.924882723539,0.053292488272353965
btc_bullish,0,0.035,0.03,0.0,0.25,90,random,0.0702893759004975,7.0289375900497495,0.575,40,-0.07466371679436501,-7.4663716794365005,19.051968480013276,1.295495905827776,3.333333333333333e-10,0.7214673346270397,10702.893759004975,0.0702893759004975
btc_hl_breakout_8m,0,0.0075,0.035,0.0,0.2,480,random,-0.013156616835525051,-1.3156616835525052,0.26153846153846155,65,-0.1062992517931921,-10.62992517931921,-3.9161478710568103,0.9423780767457707,1.7435897435897436e-10,-0.08312644999606104,9868.43383164475,-0.013156616835525051
btc_vol_breakout_3m,0,0.0075,0.02,0.0,0.05,45,random,-0.005413305314354716,-0.5413305314354716,0.36231884057971014,69,-0.02308918292069939,-2.308918292069939,-9.27410503553342,0.8879505553713652,1.1956521739130433e-10,-0.1546089262448931,9945.866946856453,-0.005413305314354716
btc_vol_breakout_10m,0,0.0125,0.025,0.0,0.05,240,random,0.008455341623618086,0.8455341623618086,0.42857142857142855,42,-0.010848179523792356,-1.0848179523792356,16.71677333460336,1.2746249117294937,1.853174603174603e-10,0.405171072294915,10084.55341623618,0.008455341623618086
btc_vol_breakout_8m,0,0.08,0.08,0.0,0.25,10,random,0.04783249708403641,4.783249708403641,0.5384615384615384,13,-0.08376309916375557,-8.376309916375558,14.786608824277497,1.3407169630976885,1.0615384615384616e-09,1.562342284717341,10478.324970840364,0.04783249708403641
btc_hl_breakout_9m,0,0.015,0.035,0.0,0.05,30,random,0.009180787383131422,0.9180787383131421,0.38461538461538464,52,-0.018370946847440672,-1.8370946847440672,13.017300325921337,1.184496311527632,2.2532051282051283e-10,0.3579748767868103,10091.807873831314,0.009180787383131422
btc_hl_breakout_8m,0,0.1,0.3,0.0,0.25,45,random,0.06874452676030032,6.874452676030033,0.6666666666666666,3,-0.09464561039237895,-9.464561039237896,17.009610197885472,3.0134188608347436,4.916666666666667e-09,9.35492363008938,10687.445267603003,0.06874452676030032
btc_vol_breakout_8m,0,0.03,0.035,0.0,0.1,1440,random,0.01741119540960974,1.7411195409609739,0.53125,32,-0.02898807728115982,-2.898807728115982,14.22641098486761,1.249912733639166,3.484375e-10,0.553997351438224,10174.111954096097,0.01741119540960974
btc_alt_aligned,0,0.0175,0.12,0.0,0.1,720,random,0.03257838963006999,3.257838963006999,0.25806451612903225,31,-0.03311785936491529,-3.311785936491529,20.514040261040453,1.4149175112492374,4.596774193548387e-10,1.0684577497215118,10325.7838963007,0.03257838963006999
btc_vol_breakout_2m,0,0.06,0.025,0.0,0.05,10,random,0.016548981847074897,1.6548981847074897,0.71875,32,-0.012214911318587096,-1.2214911318587096,22.853333253023113,1.5225901452271782,4.083333333333333e-10,1.0344415653415409,10165.489818470749,0.016548981847074897
btc_hl_breakout_2m,0,0.04,0.12,0.0,0.1,480,random,0.028426642266060672,2.8426642266060673,0.3888888888888889,18,-0.033858437812890885,-3.3858437812890885,19.76307304259808,1.42742877090845,7.86111111111111e-10,1.6120117891001884,10284.266422660607,0.028426642266060672
btc_hl_breakout_2m,0,0.04,0.05,0.0,0.25,360,random,0.05009498892799866,5.009498892799866,0.5172413793103449,29,-0.08298562625646122,-8.298562625646122,14.88010958804567,1.2358531922218154,4.747126436781609e-10,0.7304039336847487,10500.949889279986,0.05009498892799866
btc_hl_breakout_1m,0,0.03,0.02,0.0,0.05,180,random,0.005152857591148677,0.5152857591148677,0.5434782608695652,46,-0.014790650587520715,-1.4790650587520715,8.319020512559497,1.119820772126904,2.543478260869565e-10,0.22873263454634335,10051.528575911487,0.005152857591148677
btc_hl_breakout_10m,0,0.035,0.045,0.0,0.25,480,random,0.04945851888045531,4.9458518880455316,0.48484848484848486,33,-0.09143252210520303,-9.143252210520302,13.807089615730927,1.20879019310706,3.904040404040404e-10,0.6407802574677025,10494.585188804553,0.04945851888045531
btc_vol_breakout_3m,0,0.035,0.15,0.0,0.1,1440,random,0.03235553648946287,3.235553648946287,0.4166666666666667,12,-0.03531977472495951,-3.5319774724959507,20.918717138176206,1.7599155060188794,1.1375e-09,2.725599681272346,10323.555364894628,0.03235553648946287
btc_hl_breakout_9m,0,0.0175,0.25,0.0,0.5,30,random,0.15040300501608972,15.040300501608971,0.21052631578947367,19,-0.16724760685490414,-16.724760685490413,19.826012569684824,1.5036138302777167,7.324561403508771e-10,1.780654567021403,11504.030050160898,0.15040300501608972
btc_vol_breakout_10m,0,0.005,0.01,0.0,0.3,20,random,-0.029392052844699264,-2.9392052844699266,0.3968253968253968,63,-0.08174207176921877,-8.174207176921877,-9.742671154265631,0.8595536540271865,8.492063492063492e-11,-0.145447469380318,9706.079471553006,-0.029392052844699264
btc_vol_breakout_9m,0,0.005,0.25,0.0,0.5,45,random,0.12418697094674044,12.418697094674044,0.09375,32,-0.13834821873294545,-13.834821873294544,20.37875732206008,1.4078637488597794,3.3541666666666667e-10,0.8918179663248217,11241.869709467404,0.12418697094674044
btc_hl_breakout_5m,0,0.06,0.015,0.0,0.15,10,random,0.04405740656659009,4.405740656659009,0.75,40,-0.050486796438500736,-5.048679643850074,19.845587362800785,1.3768192164267925,3.2916666666666667e-10,0.7413260520799184,10440.5740656659,0.04405740656659009
btc_hl_breakout_8m,0,0.035,0.25,0.0,0.5,360,random,0.14187882331922774,14.187882331922774,0.2857142857142857,14,-0.19178290591293856,-19.178290591293855,19.057813170471302,1.5066816973789592,1.019047619047619e-09,2.277488889577437,11418.788233192277,0.14187882331922774
btc_hl_breakout_2m,0,0.06,0.035,0.0,0.4,15,random,0.1558485238491117,15.58485238491117,0.7037037037037037,27,-0.11962098519283648,-11.962098519283648,25.89223779323331,1.5740823336590306,5.04320987654321e-10,1.4201135006296086,11558.485238491117,0.1558485238491117
btc_hl_breakout_3m,0,0.035,0.1,0.0,0.4,1440,random,0.0847511486312631,8.47511486312631,0.4444444444444444,18,-0.13141910688914737,-13.141910688914738,16.15497607026643,1.3368830282138446,7.703703703703703e-10,1.266489703419397,10847.511486312631,0.0847511486312631
btc_hl_breakout_4m,0,0.03,0.015,0.0,0.5,120,random,0.1038047815394134,10.38047815394134,0.6296296296296297,54,-0.1241785892976649,-12.41785892976649,16.813600819354047,1.2074639672425662,2.0864197530864197e-10,0.4124084525697194,11038.047815394133,0.1038047815394134
btc_hl_breakout_2m,0,0.0175,0.2,0.0,0.05,1440,random,0.0015090068859842064,0.15090068859842065,0.19047619047619047,21,-0.019322002714240116,-1.9322002714240116,2.4472670490919306,1.0470797038856838,6.547619047619048e-10,0.1643179366528504,10015.090068859841,0.0015090068859842064
btc_hl_breakout_7m,0,0.04,0.3,0.0,0.5,1440,random,0.20261755834860815,20.261755834860814,0.3333333333333333,9,-0.17018788579573285,-17.018788579573286,25.0237342663946,1.8735270553667975,1.5888888888888887e-09,4.832882569525801,12026.175583486081,0.20261755834860815
btc_hl_breakout_6m,0,0.06,0.15,0.0,0.05,480,random,0.014325970832312886,1.4325970832312886,0.5,10,-0.018171242202097204,-1.8171242202097204,18.362070796765078,1.7119618369091198,1.4466666666666666e-09,2.884819377241372,10143.259708323129,0.014325970832312886
btc_small_up_9m,0,0.025,0.025,0.0,0.2,30,random,0.04265971270907519,4.265971270907519,0.5405405405405406,37,-0.04352058091509725,-4.352058091509726,18.228236737107444,1.3203072219736034,2.707207207207207e-10,0.586126370555249,10426.597127090752,0.04265971270907519
btc_hl_breakout_9m,0,0.08,0.08,0.0,0.15,15,random,0.044503590571138577,4.450359057113857,0.5714285714285714,14,-0.05128071953454039,-5.128071953454039,19.589793880867933,1.5352746841955234,1.0273809523809525e-09,2.149713467321388,10445.035905711386,0.044503590571138577
btc_hl_breakout_10m,0,0.08,0.06,0.0,0.5,240,random,0.1340134003161512,13.401340031615119,0.6,15,-0.1633924579369077,-16.339245793690772,18.73079737402393,1.4538733598204383,9.655555555555555e-10,1.8824250328401335,11340.134003161511,0.1340134003161512
btc_small_up_9m,0,0.06,0.025,0.0,0.15,15,random,0.03283692254394045,3.283692254394045,0.6774193548387096,31,-0.03741042184168564,-3.7410421841685637,16.01933014580279,1.2935334914729952,3.6559139784946235e-10,0.722411076846611,10328.369225439405,0.03283692254394045
btc_hl_breakout_10m,0,0.0075,0.015,0.0,0.5,720,random,-0.026922588252678997,-2.6922588252678996,0.38095238095238093,84,-0.21830488478402743,-21.830488478402742,-1.992133552607892,0.9567648341352457,1.1170634920634921e-10,-0.03187542615782356,9730.774117473211,-0.026922588252678997
btc_hl_breakout_1m,0,0.005,0.2,0.0,0.3,240,random,0.001120882176377154,0.11208821763771538,0.11428571428571428,35,-0.11474556148376613,-11.474556148376614,1.4333145458464718,1.0056087851417754,3.3857142857142854e-10,0.07928236182482301,10011.208821763772,0.001120882176377154
btc_vol_breakout_9m,0,0.0075,0.12,0.0,0.15,30,random,0.018599866300282316,1.8599866300282315,0.13793103448275862,29,-0.0325190731449192,-3.2519073144919197,10.810614792264206,1.2488935301718498,3.890804597701149e-10,0.45416601924569266,10185.998663002823,0.018599866300282316
btc_vol_breakout_8m,0,0.08,0.12,0.0,0.3,20,random,0.07128879381410616,7.128879381410616,0.45454545454545453,11,-0.09986821186516348,-9.986821186516348,17.77036170196373,1.4332861526260203,1.2848484848484848e-09,2.3242485976988467,10712.887938141062,0.07128879381410616
btc_hl_breakout_5m,0,0.0175,0.04,0.0,0.5,15,random,-0.05447538118476077,-5.447538118476078,0.3404255319148936,47,-0.21975955950642834,-21.975955950642835,-6.850133833205425,0.8970292565421223,2.695035460992908e-10,-0.18651485170698218,9455.246188152392,-0.05447538118476077
btc_hl_breakout_4m,0,0.035,0.05,0.0,0.1,15,random,0.018988590464377616,1.8988590464377615,0.4827586206896552,29,-0.030997373741819545,-3.0997373741819545,13.818911526657287,1.2521692441662973,4.787356321839081e-10,0.6696733509412084,10189.885904643776,0.018988590464377616
btc_vol_breakout_9m,0,0.08,0.015,0.0,0.4,360,random,-0.0015636371056807548,-0.1563637105680755,0.7666666666666667,30,-0.10801338687310003,-10.801338687310002,1.0920654874708642,0.9939412701559485,3.5777777777777775e-10,0.04827987463410332,9984.363628943192,-0.0015636371056807548
btc_vol_breakout_10m,0,0.0125,0.3,0.0,0.5,90,random,0.10589715699424841,10.589715699424842,0.2,10,-0.10637816011490808,-10.63781601149081,17.57600398525585,2.034423460600291,1.3316666666666667e-09,2.267069652815016,11058.971569942485,0.10589715699424841
btc_alt_aligned,0,0.04,0.035,0.0,0.4,720,random,0.10537902702313563,10.537902702313563,0.55,40,-0.1342887957159158,-13.42887957159158,18.063184827695174,1.2486731188988909,3.533333333333333e-10,0.6958027143973898,11053.790270231357,0.10537902702313563
btc_hl_breakout_5m,0,0.04,0.1,0.0,0.2,30,random,0.026284251892278485,2.6284251892278485,0.4,20,-0.07543549246481773,-7.543549246481773,9.943998676974191,1.186281857868336,7.125e-10,0.7169019306130662,10262.842518922786,0.026284251892278485
btc_hl_breakout_7m,0,0.04,0.015,0.0,0.25,240,random,0.06933503048042552,6.933503048042552,0.6666666666666666,48,-0.0754698184227569,-7.546981842275691,19.22004059755015,1.2978673083202539,2.5e-10,0.590877110962789,10693.350304804255,0.06933503048042552
btc_small_up_10m,0,0.1,0.035,0.0,0.15,1440,random,0.05720110533601507,5.720110533601507,0.7727272727272727,22,-0.03480587756953113,-3.480587756953113,25.71507440575106,1.68818295753365,5.977272727272728e-10,1.7279421924493694,10572.011053360151,0.05720110533601507
btc_small_down_10m,0,0.015,0.05,0.0,0.1,90,random,0.017389394109176396,1.7389394109176397,0.34210526315789475,38,-0.019046072922725976,-1.9046072922725976,15.15713041955703,1.2669429060769177,2.8289473684210526e-10,0.46401189223368694,10173.893941091765,0.017389394109176396
btc_hl_breakout_9m,0,0.0075,0.035,0.0,0.2,20,random,0.0014558649755022088,0.14558649755022088,0.28125,64,-0.10226140890383484,-10.226140890383483,1.344156917935108,1.0064563238693531,1.8072916666666666e-10,0.030781183147595412,10014.558649755021,0.0014558649755022088
btc_small_up_9m,0,0.01,0.15,0.0,0.2,180,random,0.05679840220369244,5.679840220369244,0.19230769230769232,26,-0.05779368212422831,-5.779368212422831,19.547230438966047,1.5047857509275742,4.41025641025641e-10,1.1322896503854876,10567.984022036924,0.05679840220369244
btc_hl_breakout_9m,0,0.025,0.1,0.0,0.4,120,random,0.11460916786021216,11.460916786021217,0.35714285714285715,28,-0.12803906697557021,-12.803906697557021,19.360956704672606,1.3314820143725135,4.880952380952381e-10,1.0816017339248722,11146.091678602123,0.11460916786021216
btc_alt_aligned,0,0.08,0.02,0.0,0.2,20,random,0.055693977554036926,5.569397755403693,0.7586206896551724,29,-0.06189831499680609,-6.18983149968061,18.831993416000795,1.3964605551888616,4.948275862068966e-10,0.9788936048758501,10556.93977554037,0.055693977554036926
btc_vol_breakout_8m,0,0.025,0.12,0.0,0.2,1440,random,0.07282042957437047,7.2820429574370475,0.29411764705882354,17,-0.04144298409225633,-4.144298409225633,28.163022991220757,1.860395105935667,7.401960784313726e-10,2.15062588371436,10728.204295743704,0.07282042957437047
btc_hl_breakout_5m,0,0.0075,0.01,0.0,0.2,20,random,-0.0361572111076508,-3.61572111076508,0.4673913043478261,92,-0.09663872222127334,-9.663872222127335,-14.741361206685285,0.8366734037214044,9.438405797101448e-11,-0.19112577397066174,9638.427888923492,-0.0361572111076508
btc_hl_breakout_1m,0,0.035,0.045,0.0,0.2,5,random,0.04796636537908694,4.796636537908694,0.5172413793103449,29,-0.06749080430094545,-6.749080430094545,17.869636984779213,1.3301678895501523,4.5977011494252873e-10,0.8471077165651058,10479.663653790869,0.04796636537908694
btc_vol_breakout_10m,0,0.06,0.035,0.0,0.1,60,random,0.0066452497118729865,0.6645249711872987,0.625,24,-0.029587382882489077,-2.9587382882489077,5.661983252919073,1.1026715508148686,4.472222222222222e-10,0.29488865917375123,10066.45249711873,0.0066452497118729865
btc_alt_aligned,0,0.0125,0.25,0.0,0.25,480,random,0.11920900929873551,11.920900929873552,0.21052631578947367,19,-0.07765242236276126,-7.765242236276126,28.637255395262354,2.15689430819259,7.649122807017543e-10,2.5266362604457484,11192.090092987355,0.11920900929873551
btc_hl_breakout_8m,0,0.025,0.05,0.0,0.25,240,random,0.04330364212443542,4.330364212443541,0.4117647058823529,34,-0.08179921051702677,-8.179921051702676,12.264876008221066,1.1935099756460794,3.877450980392157e-10,0.5493246635957357,10433.036421244355,0.04330364212443542
btc_hl_breakout_1m,0,0.005,0.06,0.0,0.15,90,random,0.008197975608292518,0.8197975608292518,0.2033898305084746,59,-0.058295768491311906,-5.829576849131191,4.853519429849114,1.0596981257120415,1.8107344632768363e-10,0.10753612835177218,10081.979756082925,0.008197975608292518
btc_vol_breakout_10m,0,0.015,0.2,0.0,0.2,120,random,0.06909316955096276,6.909316955096275,0.17647058823529413,17,-0.0421176671706498,-4.21176671706498,26.448743619363118,1.848576006015982,7.058823529411764e-10,2.0775451098894586,10690.931695509627,0.06909316955096276
btc_vol_breakout_3m,0,0.04,0.025,0.0,0.5,60,random,0.08148487234069834,8.148487234069835,0.6111111111111112,36,-0.1110800689498117,-11.10800689498117,13.771903431877062,1.1911430259585216,3.398148148148148e-10,0.5013680697586023,10814.848723406983,0.08148487234069834
btc_vol_breakout_9m,0,0.01,0.08,0.0,0.25,60,random,0.021799006867124673,2.1799006867124673,0.20588235294117646,34,-0.055133316726515114,-5.513331672651511,8.510934379447855,1.1460132570968182,2.9901960784313724e-10,0.2833742401056696,10217.990068671246,0.021799006867124673
btc_hl_breakout_6m,0,0.08,0.02,0.0,0.25,60,random,0.06486382617498694,6.486382617498694,0.7586206896551724,29,-0.07444934855319618,-7.444934855319618,18.238643962582003,1.3903074054924804,4.442528735632184e-10,0.9140848350450996,10648.63826174987,0.06486382617498694
btc_hl_breakout_7m,0,0.01,0.03,0.0,0.4,240,random,0.05184761782932587,5.184761782932587,0.3382352941176471,68,-0.13720630855561677,-13.720630855561676,10.408798966759925,1.1083294676100173,1.6740196078431374e-10,0.22329432142098563,10518.476178293258,0.05184761782932587
btc_vol_breakout_8m,0,0.04,0.3,0.0,0.15,480,random,0.01787511818357018,1.7875118183570178,0.3333333333333333,6,-0.04766554421542046,-4.766554421542047,8.81804827737753,1.4132803078858018,2.3527777777777775e-09,2.12698621484369,10178.751181835702,0.01787511818357018
btc_small_down_10m,0,0.0125,0.03,0.0,0.1,30,random,0.03334467353753092,3.3344673537530922,0.4375,48,-0.021561346820993643,-2.1561346820993643,30.069306275459308,1.5214377772282632,1.9131944444444443e-10,0.6912681110938717,10333.44673537531,0.03334467353753092
btc_hl_breakout_4m,0,0.08,0.05,0.0,0.5,10,random,0.1571231697462068,15.71231697462068,0.6666666666666666,18,-0.16158350122080523,-16.158350122080524,21.260611476175804,1.5199302332782259,7.787037037037037e-10,1.7867169685632456,11571.231697462068,0.1571231697462068
btc_hl_breakout_7m,0,0.0075,0.3,0.0,0.3,360,random,0.1322298293722743,13.222982937227428,0.1875,16,-0.10357704111382082,-10.357704111382082,26.55400109764532,2.394485876626386,8.78125e-10,2.7768855875478518,11322.298293722743,0.1322298293722743
btc_hl_breakout_5m,0,0.0175,0.01,0.0,0.1,10,random,-0.01932578447569706,-1.932578447569706,0.5540540540540541,74,-0.04850279963184534,-4.8502799631845335,-15.780494052718085,0.8212623214896703,1.2837837837837837e-10,-0.2580787942489968,9806.74215524303,-0.01932578447569706
btc_hl_breakout_3m,0,0.0125,0.15,0.0,0.15,10,random,0.04939875237955769,4.939875237955769,0.2631578947368421,19,-0.04837998563068069,-4.837998563068069,20.9587526043557,1.6836731127780808,7.289473684210526e-10,1.7636472611273128,10493.987523795577,0.04939875237955769
btc_vol_breakout_10m,0,0.03,0.25,0.0,0.4,10,random,0.16526228882401675,16.526228882401675,0.3333333333333333,12,-0.08520342274069825,-8.520342274069826,30.635241021784722,1.9545703347329908,1.0541666666666666e-09,3.5393532370424428,11652.622888240167,0.16526228882401675
btc_hl_breakout_6m,0,0.05,0.08,0.0,0.25,15,random,0.007688604184160976,0.7688604184160976,0.4,20,-0.10219281387034529,-10.21928138703453,3.2234689025691323,1.040867410393793,6.85e-10,0.23134445724537242,10076.88604184161,0.007688604184160976
btc_small_up_9m,0,0.06,0.035,0.0,0.15,45,random,0.03539964772490173,3.5399647724901726,0.6428571428571429,28,-0.04277047154761282,-4.2770471547612825,16.900508017441492,1.3082292733570646,4.351190476190476e-10,0.8611472899577947,10353.996477249017,0.03539964772490173
btc_hl_breakout_6m,0,0.0175,0.015,0.0,0.4,720,random,-0.07399423252026291,-7.399423252026291,0.4925373134328358,67,-0.17734508111555658,-17.73450811155566,-14.136564304234808,0.836645584604206,1.599502487562189e-10,-0.2594436314961686,9260.057674797372,-0.07399423252026291
btc_hl_breakout_7m,0,0.02,0.2,0.0,0.25,45,random,0.09463756990956172,9.463756990956172,0.2777777777777778,18,-0.07760942524746128,-7.760942524746128,24.182837444308003,1.6817697871941863,7.842592592592593e-10,2.1547179691181766,10946.375699095617,0.09463756990956172
btc_bullish,0,0.01,0.03,0.0,0.15,480,random,0.02903535939512783,2.903535939512783,0.352112676056338,71,-0.042010854295511324,-4.201085429551132,13.360354676182427,1.165730146946496,1.720657276995305e-10,0.2830252484730187,10290.353593951279,0.02903535939512783
btc_alt_aligned,0,0.035,0.02,0.0,0.2,20,random,0.057705115004139905,5.77051150041399,0.62,50,-0.05403769673461156,-5.403769673461156,19.264236791419638,1.2919301620917556,2.7899999999999997e-10,0.5874638506266783,10577.0511500414,0.057705115004139905
btc_hl_breakout_6m,0,0.035,0.06,0.0,0.05,120,random,-0.0004852366534332816,-0.04852366534332816,0.36,25,-0.02169829719796912,-2.169829719796912,-0.49257460971615546,0.9878187281846106,5.373333333333333e-10,-0.02615127452233406,9995.147633465667,-0.0004852366534332816
btc_hl_breakout_4m,0,0.005,0.25,0.0,0.15,120,random,0.050921538341199155,5.092153834119915,0.15384615384615385,26,-0.04533107970857997,-4.533107970857997,23.106019217214563,1.6359867286569352,4.948717948717949e-10,1.347137480335798,10509.21538341199,0.050921538341199155
btc_hl_breakout_2m,0,0.1,0.3,0.0,0.4,120,random,0.18234762675241778,18.23476267524178,0.6,5,-0.11897399286688926,-11.897399286688925,27.931455930290827,2.6673434515407886,2.9433333333333333e-09,9.249696038309043,11823.476267524178,0.18234762675241778
btc_vol_breakout_9m,0,0.06,0.01,0.0,0.15,90,random,0.016286767451428433,1.6286767451428434,0.7948717948717948,39,-0.03479979888253626,-3.479979888253626,10.70548900978366,1.2035986737020803,2.282051282051282e-10,0.2886496278846901,10162.867674514284,0.016286767451428433
btc_hl_breakout_7m,0,0.01,0.25,0.0,0.4,180,random,0.1560694354052871,15.60694354052871,0.18181818181818182,22,-0.13660741138909205,-13.660741138909206,24.38513841065755,1.7765183050855604,6.295454545454545e-10,1.8537391677006199,11560.69435405287,0.1560694354052871
btc_bullish,0,0.0125,0.02,0.0,0.4,20,random,0.15390555652625432,15.390555652625432,0.46835443037974683,79,-0.07395762525618532,-7.395762525618532,27.437004235163734,1.3220536575078707,1.521097046413502e-10,0.48252869755486294,11539.055565262543,0.15390555652625432
btc_vol_breakout_9m,0,0.0075,0.3,0.0,0.25,240,random,0.0574532762848391,5.74532762848391,0.18181818181818182,11,-0.052245049604974114,-5.224504960497411,17.89865881896659,2.244940088150667,1.1969696969696968e-09,2.151976226208034,10574.53276284839,0.0574532762848391
btc_small_down_10m,0,0.02,0.01,0.0,0.25,480,random,0.072736728856321,7.2736728856321005,0.6071428571428571,56,-0.04631606601215843,-4.631606601215843,26.912413045617377,1.4130422723025193,1.2946428571428573e-10,0.517369828148581,10727.36728856321,0.072736728856321
btc_vol_breakout_2m,0,0.04,0.01,0.0,0.1,1440,random,0.03450546262162326,3.450546262162326,0.7833333333333333,60,-0.015340918549202498,-1.5340918549202498,29.593817375235677,1.5349987783097054,1.7444444444444445e-10,0.57167922928775,10345.054626216233,0.03450546262162326
btc_vol_breakout_10m,0,0.04,0.1,0.0,0.4,240,random,0.09591136006071756,9.591136006071755,0.4117647058823529,17,-0.12313645660076344,-12.313645660076345,18.642944751697556,1.4018505320159538,6.901960784313726e-10,1.4943633883739675,10959.113600607176,0.09591136006071756
btc_hl_breakout_9m,0,0.03,0.02,0.0,0.25,240,random,0.06692579767223569,6.692579767223569,0.574468085106383,47,-0.0809213779063056,-8.09213779063056,19.265204039719727,1.2856653789744705,2.471631205673759e-10,0.5827018264280724,10669.257976722358,0.06692579767223569
btc_vol_breakout_3m,0,0.05,0.045,0.0,0.1,720,random,0.01486503767932303,1.486503767932303,0.5416666666666666,24,-0.03733030053747033,-3.733030053747033,11.094394561398648,1.2150175565083838,5.479166666666667e-10,0.6394112307759481,10148.65037679323,0.01486503767932303
btc_hl_breakout_4m,0,0.035,0.025,0.0,0.15,5,random,0.033693498023505734,3.3693498023505732,0.5952380952380952,42,-0.034318026597323414,-3.4318026597323414,16.998892455689436,1.262955747239682,3.1547619047619047e-10,0.5452559607429218,10336.934980235057,0.033693498023505734
btc_vol_breakout_9m,0,0.035,0.02,0.0,0.3,480,random,0.0956830237414868,9.56830237414868,0.6764705882352942,34,-0.050485540380041605,-5.048554038004161,29.57954077060489,1.5841745045405218,2.5049019607843137e-10,0.9248902634602674,10956.830237414868,0.0956830237414868
btc_vol_breakout_8m,0,0.0125,0.3,0.0,0.15,360,random,0.03331503890955109,3.3315038909551093,0.2,10,-0.033133296851140304,-3.3133296851140304,16.94561600155846,2.1632440443880685,1.3316666666666667e-09,2.2670696528150134,10333.15038909551,0.03331503890955109
btc_hl_breakout_9m,0,0.1,0.15,0.0,0.1,10,random,0.033918793069357994,3.3918793069357993,0.5454545454545454,11,-0.0392519085248465,-3.92519085248465,21.47567256761643,1.5717673328563317,1.321212121212121e-09,3.1419928767931213,10339.18793069358,0.033918793069357994
btc_hl_breakout_9m,0,0.04,0.25,0.0,0.05,360,random,0.018445315702284085,1.8445315702284086,0.3076923076923077,13,-0.01976351549224198,-1.9763515492241979,22.202602356884597,1.8142665731715035,1.1089743589743588e-09,2.860597177906663,10184.453157022841,0.018445315702284085
btc_small_down_10m,0,0.08,0.02,0.0,0.05,480,random,0.018606032880668325,1.8606032880668324,0.8,25,-0.01165098205613646,-1.165098205613646,26.202073244971967,1.8525716454779162,4.679999999999999e-10,1.4847989059204794,10186.060328806683,0.018606032880668325
btc_small_up_10m,0,0.0175,0.025,0.0,0.25,20,random,0.04845541132505591,4.845541132505591,0.44,50,-0.08446613128287617,-8.446613128287616,14.62504045391086,1.211164308618287,1.9266666666666667e-10,0.4060134439572398,10484.554113250559,0.04845541132505591
btc_vol_breakout_8m,0,0.03,0.15,0.0,0.2,20,random,0.04615876592252216,4.615876592252216,0.36363636363636365,11,-0.04341833727257438,-4.341833727257438,18.948025194961737,1.710165819088335,1.206060606060606e-09,2.158068211546362,10461.58765922522,0.04615876592252216
btc_hl_breakout_1m,0,0.04,0.25,0.0,0.1,90,random,0.030748570676820203,3.07485706768202,0.3333333333333333,12,-0.03419969951513291,-3.419969951513291,20.735855015296327,1.5977772102317775,1.2e-09,2.6299131871996244,10307.485706768202,0.030748570676820203
btc_hl_breakout_6m,0,0.0125,0.08,0.0,0.5,180,random,0.00962311510621903,0.962311510621903,0.24324324324324326,37,-0.18495398385582318,-18.49539838558232,3.407972163883527,1.0220301847669746,3.490990990990991e-10,0.13622456119849008,10096.231151062191,0.00962311510621903
btc_small_up_10m,0,0.03,0.01,0.0,0.1,20,random,0.018866294138175716,1.8866294138175717,0.6666666666666666,60,-0.02979814502042888,-2.979814502042888,13.988450719743545,1.2189780278953108,1.7138888888888887e-10,0.320794244177691,10188.662941381757,0.018866294138175716
btc_hl_breakout_4m,0,0.03,0.02,0.0,0.15,45,random,0.03986150995056853,3.986150995056853,0.6041666666666666,48,-0.03215514572089462,-3.215514572089462,20.30021056882267,1.3057603994434304,2.430555555555556e-10,0.5592095969770197,10398.615099505685,0.03986150995056853
btc_hl_breakout_1m,0,0.1,0.045,0.0,0.1,15,random,0.02748128857627628,2.748128857627628,0.7058823529411765,17,-0.03304168176274391,-3.3041681762743913,18.553787892169545,1.5464697427535907,8.470588235294117e-10,1.6299004308042784,10274.812885762763,0.02748128857627628
btc_small_up_9m,0,0.0075,0.025,0.0,0.4,60,random,0.028382159352222606,2.8382159352222605,0.35185185185185186,54,-0.08601289642518672,-8.601289642518672,7.474717893497636,1.0942560684471954,1.447530864197531e-10,0.15547257653867327,10283.821593522225,0.028382159352222606
btc_vol_breakout_9m,0,0.1,0.3,0.0,0.3,20,random,0.028467843141326513,2.8467843141326514,0.5,4,-0.09683729461118773,-9.683729461118773,7.911991513124741,1.3778174362625921,3.5916666666666666e-09,2.7836904344608433,10284.678431413266,0.028467843141326513
btc_vol_breakout_10m,0,0.03,0.025,0.0,0.25,10,random,0.074197246281033,7.4197246281033,0.59375,32,-0.040614100138633646,-4.061410013863364,27.025104669788096,1.517135331592715,2.9375e-10,0.9234085116921458,10741.97246281033,0.074197246281033
btc_small_up_10m,0,0.01,0.3,0.0,0.05,15,random,0.013261091399637838,1.3261091399637837,0.25,8,-0.018175186325513737,-1.8175186325513737,15.986102266966853,2.936274491547094,1.7291666666666666e-09,3.3297180147337673,10132.61091399638,0.013261091399637838
btc_vol_breakout_8m,0,0.0175,0.2,0.0,0.05,15,random,0.008039862058350581,0.8039862058350581,0.17647058823529413,17,-0.014493237685012872,-1.4493237685012872,12.182832132871782,1.3249372125363967,7.637254901960784e-10,0.9677485330774696,10080.398620583506,0.008039862058350581
btc_hl_breakout_1m,0,0.1,0.045,0.0,0.25,720,random,0.06784349301753213,6.784349301753213,0.7058823529411765,17,-0.08110967342663233,-8.110967342663233,18.603122420494643,1.5102188885851655,8.470588235294117e-10,1.6299004308042824,10678.434930175321,0.06784349301753213
btc_small_up_10m,0,0.015,0.04,0.0,0.2,60,random,0.038801566837559,3.8801566837559,0.3673469387755102,49,-0.06909199459667537,-6.909199459667537,14.322301329241649,1.207600201863335,1.9421768707482996e-10,0.41255209507609514,10388.01566837559,0.038801566837559
btc_hl_breakout_9m,0,0.08,0.06,0.0,0.3,120,random,0.100381763053022,10.0381763053022,0.625,16,-0.10059778237141337,-10.059778237141337,22.0927697286424,1.597884194116361,9.09375e-10,2.1125586060504356,11003.81763053022,0.100381763053022
btc_hl_breakout_2m,0,0.01,0.03,0.0,0.3,180,random,0.04894739636769782,4.894739636769782,0.38235294117647056,68,-0.09475324433110022,-9.475324433110021,13.539819360268458,1.1521311146812117,1.517156862745098e-10,0.2580853540110269,10489.473963676977,0.04894739636769782
btc_hl_breakout_2m,0,0.0175,0.2,0.0,0.3,1440,random,0.002780937082898936,0.2780937082898936,0.19047619047619047,21,-0.11349203825125032,-11.34920382512503,1.8657597042103613,1.0137432193511051,6.547619047619048e-10,0.16431793665285369,10027.809370828989,0.002780937082898936
btc_vol_breakout_8m,0,0.025,0.045,0.0,0.2,60,random,0.04230652499044068,4.2306524990440675,0.48148148148148145,27,-0.041442984092255886,-4.144298409225589,18.95347100937884,1.3925504761902576,3.8333333333333335e-10,0.7931417866425818,10423.065249904406,0.04230652499044068
btc_hl_breakout_9m,0,0.025,0.05,0.0,0.1,360,random,0.02452205578630594,2.4522055786305943,0.42857142857142855,35,-0.033428472393451036,-3.3428472393451036,16.209342306148127,1.2863192025503287,3.728571428571428e-10,0.7128772222600179,10245.22055786306,0.02452205578630594
btc_small_up_10m,0,0.0125,0.08,0.0,0.25,5,random,0.06419790012625667,6.4197900126256675,0.2727272727272727,33,-0.0842241483402707,-8.42241483402707,18.250664297585082,1.357487762167315,3.237373737373738e-10,0.8055217267635167,10641.979001262567,0.06419790012625667
btc_vol_breakout_9m,0,0.005,0.05,0.0,0.4,20,random,0.003478951095080447,0.3478951095080447,0.2127659574468085,47,-0.08359679114411578,-8.359679114411577,2.0420635283278035,1.012975476147596,1.8049645390070923e-10,0.04596440940109902,10034.789510950804,0.003478951095080447
btc_hl_breakout_2m,0,0.01,0.015,0.0,0.5,120,random,0.02895103518118203,2.895103518118203,0.45,80,-0.17162717151739448,-17.16271715173945,6.383121929617318,1.0520277059702097,1.1625e-10,0.101223497743038,10289.51035181182,0.02895103518118203
btc_small_up_9m,0,0.05,0.04,0.0,0.1,5,random,0.02342069462283149,2.342069462283149,0.6071428571428571,28,-0.02285194671883206,-2.285194671883206,17.75275257165243,1.3134316896229123,4.1904761904761905e-10,0.8496231520735945,10234.206946228314,0.02342069462283149
btc_hl_breakout_2m,0,0.04,0.1,0.0,0.05,30,random,0.011086813128898166,1.1086813128898165,0.4444444444444444,18,-0.017041375867298925,-1.7041375867298925,15.711327400605478,1.3713647594033607,7.675925925925926e-10,1.2447190974282634,10110.868131288982,0.011086813128898166
btc_small_down_10m,0,0.02,0.035,0.0,0.05,360,random,0.006313332313427156,0.6313332313427156,0.4473684210526316,38,-0.011779037576210682,-1.1779037576210682,10.32290635551072,1.1776305778768372,2.5964912280701754e-10,0.3369555010462437,10063.133323134272,0.006313332313427156
btc_hl_breakout_1m,0,0.035,0.035,0.0,0.15,20,random,0.04083751217356787,4.083751217356787,0.5714285714285714,35,-0.044856111902265794,-4.48561119022658,20.529249116864424,1.3661589459928618,3.7619047619047624e-10,0.7842330416646783,10408.375121735678,0.04083751217356787
btc_vol_breakout_8m,0,0.02,0.015,0.0,0.25,120,random,0.012764043346364997,1.2764043346364997,0.5416666666666666,48,-0.05519635513253218,-5.519635513253219,5.634324006272675,1.0718449554711638,1.763888888888889e-10,0.12180221972956862,10127.64043346365,0.012764043346364997
btc_vol_breakout_3m,0,0.03,0.06,0.0,0.1,60,random,0.01265563847761963,1.265563847761963,0.38461538461538464,26,-0.039769973647086454,-3.9769973647086454,9.531655195710748,1.167514078165172,4.929487179487179e-10,0.509442335191929,10126.556384776197,0.01265563847761963
btc_vol_breakout_10m,0,0.04,0.04,0.0,0.4,120,random,0.06308068694115604,6.308068694115604,0.5517241379310345,29,-0.11559299742215556,-11.559299742215556,13.707951901883606,1.2117242094863034,3.7126436781609196e-10,0.5918849837929844,10630.806869411561,0.06308068694115604
btc_vol_breakout_2m,0,0.035,0.03,0.0,0.25,240,random,0.03852077524976921,3.852077524976921,0.5789473684210527,38,-0.07357316180660312,-7.357316180660312,12.28508157797756,1.1821297893262757,3.473684210526316e-10,0.4307082105881019,10385.207752497692,0.03852077524976921
btc_vol_breakout_2m,0,0.015,0.03,0.0,0.25,30,random,0.0333147992087127,3.3314799208712698,0.41818181818181815,55,-0.06057413478577167,-6.057413478577168,11.289436168174246,1.1390953964326922,2.0363636363636365e-10,0.260407393270636,10333.147992087128,0.0333147992087127
btc_vol_breakout_9m,0,0.005,0.03,0.0,0.25,240,random,0.007287844680103717,0.7287844680103717,0.27450980392156865,51,-0.06709129349571863,-6.709129349571863,3.6008969497238716,1.042248678889555,1.4869281045751635e-10,0.07238565758349111,10072.878446801038,0.007287844680103717
btc_hl_breakout_1m,0,0.06,0.3,0.0,0.05,360,random,0.01912209592452458,1.912209592452458,0.42857142857142855,7,-0.01822323833483941,-1.822323833483941,22.704015009192926,2.070537640675648,2.095238095238095e-09,5.515922404091706,10191.220959245245,0.01912209592452458
btc_small_up_9m,0,0.02,0.045,0.0,0.2,60,random,0.03747154137377761,3.747154137377761,0.41025641025641024,39,-0.04851452451518834,-4.851452451518834,15.009244749270177,1.244139566018956,2.6495726495726495e-10,0.4953440266775657,10374.715413737777,0.03747154137377761
btc_small_up_10m,0,0.06,0.06,0.0,0.2,360,random,0.04179745159265231,4.179745159265231,0.5263157894736842,19,-0.07231061084416457,-7.2310610844164565,14.788406656076011,1.3167663995348364,6.938596491228069e-10,1.1444693236172487,10417.974515926522,0.04179745159265231
btc_vol_breakout_10m,0,0.0175,0.025,0.0,0.5,120,random,0.0696073024403121,6.96073024403121,0.46153846153846156,39,-0.11353112152227562,-11.353112152227563,14.276412356323192,1.1933336629034303,2.2564102564102563e-10,0.38862248225380824,10696.073024403122,0.0696073024403121
btc_hl_breakout_8m,0,0.1,0.025,0.0,0.05,45,random,0.011267395548275124,1.1267395548275125,0.75,24,-0.017660506491919414,-1.7660506491919414,15.404815160828088,1.372014229933557,5.784722222222223e-10,0.9465888487389594,10112.67395548275,0.011267395548275124
btc_vol_breakout_2m,0,0.0075,0.08,0.0,0.05,180,random,-0.0017361012700342542,-0.17361012700342543,0.1568627450980392,51,-0.020937848612930687,-2.0937848612930687,-2.474468946748509,0.95802388143583,2.3333333333333335e-10,-0.06284748286336383,9982.638987299657,-0.0017361012700342542
btc_hl_breakout_7m,0,0.0075,0.045,0.0,0.4,45,random,0.021951574409595376,2.195157440959538,0.2698412698412698,63,-0.17573687482662492,-17.573687482662493,5.465384844636619,1.0476434754324733,1.9126984126984126e-10,0.12634106023825684,10219.515744095954,0.021951574409595376
btc_hl_breakout_5m,0,0.01,0.06,0.0,0.4,5,random,0.02254055863974936,2.254055863974936,0.26,50,-0.1333666166989107,-13.33666166989107,5.644498493484573,1.054839606694214,2.58e-10,0.16464504948988548,10225.405586397494,0.02254055863974936
btc_vol_breakout_2m,0,0.01,0.025,0.0,0.25,180,random,-0.021627857794650117,-2.1627857794650116,0.352112676056338,71,-0.07486061887934792,-7.486061887934792,-6.376182094994614,0.918673330960168,1.4741784037558688e-10,-0.10772173697673679,9783.721422053499,-0.021627857794650117
btc_vol_breakout_2m,0,0.0075,0.06,0.0,0.25,360,random,-0.010003134644987494,-1.0003134644987495,0.18867924528301888,53,-0.09103776874625136,-9.103776874625137,-2.1263913923323097,0.9570308233969356,2.1792452830188681e-10,-0.04741718665628458,9899.968653550124,-0.010003134644987494
btc_hl_breakout_1m,0,0.025,0.08,0.0,0.5,120,random,0.10715262274571415,10.715262274571415,0.38461538461538464,26,-0.17692137763072113,-17.692137763072115,16.73709152083878,1.2778741067583859,5.147435897435897e-10,0.9053351454162732,11071.526227457141,0.10715262274571415
btc_hl_breakout_1m,0,0.02,0.03,0.0,0.25,5,random,0.04353457984029337,4.353457984029338,0.46808510638297873,47,-0.06845611763354431,-6.845611763354431,13.756041737095995,1.1825943016635136,2.6879432624113477e-10,0.39100733548821903,10435.345798402934,0.04353457984029337
btc_hl_breakout_1m,0,0.08,0.03,0.0,0.1,240,random,0.041980087313789896,4.19800873137899,0.76,25,-0.0261004075671043,-2.61004075671043,28.203672580332398,1.754711913033513,5.453333333333333e-10,1.6686687839477516,10419.8008731379,0.041980087313789896
btc_vol_breakout_9m,0,0.0125,0.06,0.0,0.5,120,random,0.027539803643199412,2.753980364319941,0.25806451612903225,31,-0.11814102253206793,-11.814102253206793,6.485511060768006,1.0878808643664093,3.306451612903226e-10,0.23259243968869625,10275.398036431994,0.027539803643199412
btc_hl_breakout_4m,0,0.1,0.3,0.0,0.1,5,random,0.04360452209884818,4.3604522098848175,0.6,5,-0.03297506560257968,-3.297506560257968,26.72306340200258,2.9208910220178175,2.9599999999999997e-09,8.770881226006479,10436.045220988482,0.04360452209884818
btc_hl_breakout_4m,0,0.025,0.05,0.0,0.3,360,random,0.049669645439271014,4.9669645439271015,0.42857142857142855,35,-0.0895013609284463,-8.95013609284463,12.785427231875053,1.1879052307876488,3.8380952380952383e-10,0.5150059648160643,10496.69645439271,0.049669645439271014
btc_hl_breakout_4m,0,0.025,0.045,0.0,0.5,480,random,0.12208084305044249,12.208084305044249,0.47368421052631576,38,-0.1459442085787397,-14.594420857873969,18.760459441193138,1.2634343878582617,3.4692982456140346e-10,0.6784215827278175,11220.808430504425,0.12208084305044249
btc_bullish,0,0.015,0.03,0.0,0.5,15,random,0.10849764721532884,10.849764721532884,0.3898305084745763,59,-0.12191175795267939,-12.191175795267938,15.899520805729798,1.1790904185913489,2.15819209039548e-10,0.40525008009217695,11084.976472153288,0.10849764721532884
btc_hl_breakout_10m,0,0.0075,0.15,0.0,0.05,30,random,0.008742993125349716,0.8742993125349716,0.16666666666666666,30,-0.01958311284445602,-1.9583112844456019,11.486757466642272,1.2739879268092442,4.477777777777778e-10,0.5967381801679538,10087.429931253497,0.008742993125349716
btc_small_up_10m,0,0.0125,0.08,0.0,0.05,45,random,0.013195542070115415,1.3195542070115414,0.2727272727272727,33,-0.01722146323215068,-1.722146323215068,18.268730869558148,1.3940268419330237,3.237373737373738e-10,0.8055217267635185,10131.955420701153,0.013195542070115415
btc_hl_breakout_8m,0,0.08,0.015,0.0,0.15,120,random,0.035096741070497935,3.5096741070497934,0.8,35,-0.045221268014517646,-4.522126801451765,16.508511134408433,1.3562892768369792,3.4285714285714286e-10,0.6806389174798158,10350.96741070498,0.035096741070497935
btc_small_down_10m,0,0.0075,0.12,0.0,0.3,720,random,0.09458848378674939,9.458848378674938,0.1875,32,-0.06914797564878516,-6.9147975648785165,24.155388019445596,1.6179439091156098,3.7083333333333335e-10,1.0064085085052248,10945.884837867494,0.09458848378674939
btc_hl_breakout_2m,0,0.06,0.06,0.0,0.25,120,random,0.08195656521368014,8.195656521368013,0.5882352941176471,17,-0.08852577902840819,-8.85257790284082,21.73965092057073,1.5884259096753348,8.088235294117647e-10,1.9440079076174344,10819.565652136802,0.08195656521368014
btc_small_up_9m,0,0.0075,0.05,0.0,0.15,720,random,0.014044764393353398,1.4044764393353397,0.2608695652173913,46,-0.04033006046973564,-4.033006046973564,8.073506945481284,1.1296025935260758,1.9420289855072464e-10,0.2176618553651422,10140.447643933534,0.014044764393353398
btc_vol_breakout_3m,0,0.035,0.06,0.0,0.3,45,random,0.04356645356056033,4.356645356056033,0.45454545454545453,22,-0.10118902394531748,-10.118902394531748,11.570899131581962,1.2076728248350648,5.787878787878788e-10,0.7324856792836352,10435.664535605603,0.04356645356056033
btc_hl_breakout_10m,0,0.04,0.02,0.0,0.15,480,random,0.046900583097671235,4.690058309767124,0.6590909090909091,44,-0.03964309601143623,-3.964309601143623,21.513515276848118,1.360137506360183,2.9204545454545454e-10,0.7157827729242427,10469.005830976712,0.046900583097671235
btc_hl_breakout_10m,0,0.06,0.05,0.0,0.1,480,random,0.02260861527839985,2.260861527839985,0.5714285714285714,21,-0.03608203203201776,-3.6082032032017763,15.19655235914558,1.3501311014330248,6.619047619047619e-10,1.0951534016203515,10226.086152783999,0.02260861527839985
btc_vol_breakout_3m,0,0.02,0.01,0.0,0.1,5,random,0.016714082682194816,1.6714082682194815,0.6515151515151515,66,-0.025396191369934984,-2.5396191369934984,13.735751931377202,1.1972248806094412,1.318181818181818e-10,0.2580973128830028,10167.140826821947,0.016714082682194816
btc_hl_breakout_8m,0,0.02,0.035,0.0,0.15,60,random,0.03177917031418285,3.1779170314182847,0.425531914893617,47,-0.04755703046653459,-4.755703046653458,14.781011056773673,1.213874799064197,2.7340425531914896e-10,0.4645845994305105,10317.79170314183,0.03177917031418285
btc_hl_breakout_4m,0,0.005,0.03,0.0,0.05,480,random,-0.001753255968740001,-0.1753255968740001,0.2727272727272727,77,-0.01825929314719088,-1.825929314719088,-2.724231713340673,0.9649419785519069,1.2835497835497835e-10,-0.042651792193718875,9982.4674403126,-0.001753255968740001
btc_hl_breakout_10m,0,0.035,0.06,0.0,0.25,60,random,0.0643726489037011,6.437264890370111,0.42857142857142855,28,-0.09301952393065438,-9.301952393065438,17.354128985411954,1.2933169720185203,4.833333333333333e-10,0.9634629005897084,10643.726489037012,0.0643726489037011
btc_hl_breakout_6m,0,0.025,0.1,0.0,0.4,5,random,0.04243332452467925,4.243332452467925,0.32142857142857145,28,-0.14484209702359696,-14.484209702359696,9.163303919681953,1.1223092382107274,4.827380952380953e-10,0.4744311488112878,10424.333245246793,0.04243332452467925
btc_small_up_10m,0,0.0125,0.1,0.0,0.3,720,random,0.08931916032933022,8.931916032933023,0.24242424242424243,33,-0.0976606236320613,-9.76606236320613,20.770806063205647,1.3897766828104139,3.171717171717172e-10,0.9444761816505028,10893.191603293302,0.08931916032933022
btc_hl_breakout_6m,0,0.005,0.015,0.0,0.05,240,random,-0.004776432159234338,-0.47764321592343384,0.3125,96,-0.026276451791286015,-2.6276451791286015,-6.908469494890063,0.9169014608007704,9.6875e-11,-0.09699478290948689,9952.235678407656,-0.004776432159234338
btc_hl_breakout_9m,0,0.035,0.04,0.0,0.15,120,random,0.037293258487007916,3.7293258487007916,0.5142857142857142,35,-0.05609182011702096,-5.609182011702096,16.641611307860217,1.2695001586724572,3.714285714285714e-10,0.7288662066977865,10372.93258487008,0.037293258487007916
btc_small_up_9m,0,0.025,0.03,0.0,0.25,90,random,0.04507747191796925,4.507747191796925,0.5135135135135135,37,-0.05415211327266101,-5.415211327266101,15.293320454033529,1.2432267743073266,2.882882882882883e-10,0.5059082034648427,10450.774719179692,0.04507747191796925
btc_bullish,0,0.025,0.045,0.0,0.2,30,random,0.06445696578094633,6.4456965780946325,0.4523809523809524,42,-0.05561742904858946,-5.561742904858946,21.450768869365387,1.354320279774757,3.1507936507936506e-10,0.7742877634233348,10644.569657809463,0.06445696578094633
btc_hl_breakout_9m,0,0.02,0.2,0.0,0.25,720,random,0.08584565703358016,8.584565703358017,0.2777777777777778,18,-0.08028206814766103,-8.028206814766104,22.14277187793445,1.6032997097938835,7.824074074074073e-10,1.975559149260598,10858.456570335802,0.08584565703358016
btc_hl_breakout_7m,0,0.015,0.045,0.0,0.15,360,random,0.020480098884226847,2.0480098884226847,0.3404255319148936,47,-0.05765927687015404,-5.765927687015404,10.068692769698343,1.1438540685969736,2.7198581560283685e-10,0.30711718493221307,10204.800988842268,0.020480098884226847
btc_vol_breakout_8m,0,0.015,0.015,0.0,0.3,360,random,0.042416374037251896,4.241637403725189,0.5283018867924528,53,-0.050134280522110775,-5.0134280522110775,14.478894226040582,1.2095089379718302,1.449685534591195e-10,0.2780671759207684,10424.163740372518,0.042416374037251896
btc_hl_breakout_6m,0,0.025,0.045,0.0,0.3,15,random,0.022703157641259804,2.2703157641259804,0.42105263157894735,38,-0.10370548732875151,-10.37054873287515,6.722995970264649,1.0819219234607869,3.3289473684210525e-10,0.23954360969988642,10227.031576412599,0.022703157641259804
btc_bullish,0,0.05,0.2,0.0,0.05,10,random,0.019492228051450417,1.9492228051450418,0.38461538461538464,13,-0.014922164475798971,-1.4922164475798971,24.569485586739287,1.7153276044445185,1.1025641025641028e-09,3.021131197986607,10194.922280514504,0.019492228051450417
btc_hl_breakout_6m,0,0.035,0.06,0.0,0.5,15,random,-0.018775356569497217,-1.8775356569497217,0.36,25,-0.20469571759674066,-20.469571759674064,-0.6993320553670765,0.9562891583071041,5.373333333333333e-10,-0.02615127452233638,9812.246434305027,-0.018775356569497217
btc_hl_breakout_4m,0,0.02,0.02,0.0,0.4,360,random,0.10017734914845623,10.017734914845624,0.5689655172413793,58,-0.08249586036224121,-8.249586036224121,19.69669596704522,1.243506242651934,1.9166666666666668e-10,0.44678136812119656,11001.773491484562,0.10017734914845623
btc_hl_breakout_1m,0,0.03,0.04,0.0,0.4,720,random,0.0776613814864605,7.76613814864605,0.5,38,-0.11291084720323619,-11.291084720323619,15.765382067607476,1.2104747821683544,3.535087719298245e-10,0.5480307462851902,10776.613814864606,0.0776613814864605
btc_hl_breakout_6m,0,0.0075,0.3,0.0,0.05,120,random,0.01611460016817265,1.611460016817265,0.4,5,-0.01793668401877102,-1.793668401877102,18.834301511638653,4.578539969701807,2.9266666666666665e-09,6.454238292352008,10161.146001681727,0.01611460016817265
btc_small_down_10m,0,0.04,0.01,0.0,0.1,480,random,0.03796397459965921,3.7963974599659207,0.7380952380952381,42,-0.018090846690049678,-1.8090846690049678,33.14954099721017,1.6726959463620334,2.2182539682539683e-10,0.8966608512796962,10379.639745996592,0.03796397459965921
btc_vol_breakout_9m,0,0.05,0.03,0.0,0.25,480,random,0.048186803854212215,4.818680385421222,0.6071428571428571,28,-0.06015654734367115,-6.015654734367115,17.259016221619348,1.2844442351729792,3.9404761904761903e-10,0.7122983332944464,10481.868038542121,0.048186803854212215
btc_vol_breakout_10m,0,0.035,0.045,0.0,0.25,240,random,0.02020469270043809,2.020469270043809,0.52,25,-0.07843926805552148,-7.843926805552148,7.30394262230878,1.121861166641099,4.2e-10,0.3645749652693039,10202.046927004381,0.02020469270043809
btc_small_up_10m,0,0.04,0.015,0.0,0.05,360,random,0.014352321882839351,1.4352321882839352,0.6585365853658537,41,-0.01566219383725398,-1.566219383725398,19.726787293136063,1.378907058694225,2.747967479674797e-10,0.7030353593725965,10143.523218828394,0.014352321882839351
btc_vol_breakout_10m,0,0.0175,0.03,0.0,0.1,180,random,0.014287408658793696,1.4287408658793697,0.43243243243243246,37,-0.02523021363235156,-2.523021363235156,13.461092773651135,1.2204906239010669,2.4504504504504505e-10,0.39321689883791794,10142.874086587937,0.014287408658793696
btc_hl_breakout_8m,0,0.015,0.05,0.0,0.5,10,random,0.06880685077503486,6.880685077503486,0.32558139534883723,43,-0.1629566617469953,-16.29566617469953,11.178078060287898,1.137702976943279,2.949612403100775e-10,0.38986449917870014,10688.068507750348,0.06880685077503486
btc_hl_breakout_1m,0,0.015,0.06,0.0,0.5,20,random,0.057821290109834625,5.782129010983462,0.3076923076923077,39,-0.14584806639920767,-14.584806639920767,10.58822441170531,1.1270705473730762,3.2435897435897436e-10,0.3664163167810949,10578.212901098346,0.057821290109834625
btc_hl_breakout_3m,0,0.02,0.025,0.0,0.25,120,random,0.05074552937847548,5.074552937847548,0.5106382978723404,47,-0.06105521199953379,-6.105521199953379,15.84596133132936,1.2199176190628085,2.620567375886525e-10,0.4482692152028225,10507.455293784755,0.05074552937847548
btc_hl_breakout_2m,0,0.1,0.035,0.0,0.3,180,random,0.11605572268615237,11.605572268615237,0.75,24,-0.09677639139861216,-9.677639139861217,25.675375335451985,1.5720986132905699,5.902777777777777e-10,1.6053482181021788,11160.557226861523,0.11605572268615237
btc_hl_breakout_1m,0,0.0075,0.01,0.0,0.15,90,random,-0.03578231124766594,-3.578231124766594,0.43333333333333335,90,-0.07549778624859738,-7.549778624859737,-20.06303274787223,0.7868028655210606,9.055555555555556e-11,-0.26323414492175584,9642.176887523341,-0.03578231124766594
btc_small_up_9m,0,0.0125,0.1,0.0,0.25,60,random,0.05088000342976652,5.0880003429766525,0.25,32,-0.07538726272835183,-7.538726272835183,16.475810156714076,1.3001202478086564,3.1458333333333336e-10,0.6695648334897052,10508.800034297665,0.05088000342976652
btc_vol_breakout_2m,0,0.01,0.06,0.0,0.3,180,random,0.013798738019740995,1.3798738019740995,0.2682926829268293,41,-0.10349804245935945,-10.349804245935946,4.590144013333267,1.054698973096076,2.9471544715447154e-10,0.15610568671905056,10137.98738019741,0.013798738019740995
btc_hl_breakout_4m,0,0.005,0.045,0.0,0.05,360,random,-0.0002328037749803741,-0.02328037749803741,0.23076923076923078,65,-0.01751478942584661,-1.751478942584661,-0.1929234655128424,0.9949473892077096,1.6333333333333334e-10,-0.003469740374963027,9997.671962250197,-0.0002328037749803741
btc_hl_breakout_6m,0,0.0125,0.02,0.0,0.1,360,random,-0.005981170991435579,-0.5981170991435578,0.42857142857142855,70,-0.037542447801534595,-3.7542447801534595,-4.310981411533669,0.9452481963179271,1.5738095238095238e-10,-0.07913361767243834,9940.188290085644,-0.005981170991435579
btc_small_down_10m,0,0.08,0.1,0.0,0.3,30,random,0.08750711026966933,8.750711026966933,0.5,12,-0.10092129047418363,-10.092129047418364,20.15675655425991,1.548033408591158,1.1666666666666666e-09,2.5174760070636415,10875.071102696693,0.08750711026966933
btc_hl_breakout_9m,0,0.01,0.1,0.0,0.25,45,random,0.041795624233058014,4.179562423305802,0.21951219512195122,41,-0.09271251086195287,-9.271251086195287,12.041535891879942,1.1994144182267936,3.16260162601626e-10,0.44490049021944733,10417.95624233058,0.041795624233058014
btc_hl_breakout_3m,0,0.005,0.06,0.0,0.2,5,random,-0.012963146915678613,-1.2963146915678614,0.1864406779661017,59,-0.07714979862786564,-7.714979862786564,-4.394213991408923,0.9281709343674871,1.7937853107344634e-10,-0.09192626295631709,9870.368530843214,-0.012963146915678613
btc_hl_breakout_6m,0,0.035,0.25,0.0,0.1,720,random,0.017449320746929824,1.7449320746929824,0.26666666666666666,15,-0.04176364230173202,-4.176364230173202,12.221483585734163,1.279175979951613,9.433333333333334e-10,1.2351540698198602,10174.493207469299,0.017449320746929824
btc_vol_breakout_2m,0,0.08,0.045,0.0,0.5,360,random,0.11275064552537105,11.275064552537104,0.65,20,-0.16475552237853663,-16.475552237853663,16.356680761020815,1.3269097614468686,7.049999999999999e-10,1.2240302453287673,11127.506455253711,0.11275064552537105
btc_vol_breakout_3m,0,0.05,0.1,0.0,0.5,720,random,0.0909974620285664,9.09974620285664,0.3888888888888889,18,-0.17586737855665535,-17.586737855665536,14.543291782876365,1.2343554722682168,7.361111111111111e-10,1.2159611146134173,10909.974620285664,0.0909974620285664
btc_hl_breakout_9m,0,0.0125,0.1,0.0,0.5,480,random,0.15844850877450145,15.844850877450146,0.29411764705882354,34,-0.16244084605201004,-16.244084605201003,21.351105205190002,1.3581901810457442,3.975490196078431e-10,0.9820903824922695,11584.485087745015,0.15844850877450145
btc_hl_breakout_5m,0,0.005,0.035,0.0,0.5,15,random,0.0798780369740527,7.98780369740527,0.273972602739726,73,-0.20376041499944675,-20.376041499944677,13.011215574039134,1.1328257023940949,1.454337899543379e-10,0.2533776618108649,10798.780369740527,0.0798780369740527
btc_hl_breakout_3m,0,0.01,0.05,0.0,0.2,180,random,0.006500261356443116,0.6500261356443116,0.2765957446808511,47,-0.06883900971595547,-6.883900971595547,3.2933234461235608,1.038307709221282,2.5106382978723406e-10,0.09276394109399444,10065.002613564431,0.006500261356443116
btc_small_up_9m,0,0.1,0.3,0.0,0.5,720,random,0.10115764525720233,10.115764525720234,0.6666666666666666,3,-0.18153042553816967,-18.153042553816967,14.425071167778507,2.682381343274462,4.8444444444444445e-09,7.209062790379002,11011.576452572022,0.10115764525720233
btc_hl_breakout_2m,0,0.015,0.02,0.0,0.05,5,random,0.0034914899747235948,0.3491489974723595,0.46875,64,-0.014335948998219883,-1.4335948998219883,5.7488681421247305,1.069391316188473,1.7760416666666665e-10,0.11269727119392187,10034.914899747237,0.0034914899747235948
btc_hl_breakout_4m,0,0.02,0.1,0.0,0.15,45,random,0.03319625751766268,3.319625751766268,0.34782608695652173,23,-0.04461281227737113,-4.461281227737112,15.956857272666436,1.3746355190953172,5.978260869565217e-10,0.9846691517677666,10331.962575176627,0.03319625751766268
btc_hl_breakout_2m,0,0.0075,0.05,0.0,0.05,60,random,-0.001837219242580329,-0.1837219242580329,0.2459016393442623,61,-0.020769611489906525,-2.0769611489906525,-2.6793177910221213,0.9624070730825671,1.9153005464480872e-10,-0.05574262616673956,9981.627807574198,-0.001837219242580329
btc_hl_breakout_5m,0,0.08,0.15,0.0,0.5,90,random,0.1790676012327387,17.90676012327387,0.45454545454545453,11,-0.1633924579369075,-16.33924579369075,23.312292213138413,1.5544758200146087,1.3257575757575759e-09,3.4786683818120565,11790.676012327387,0.1790676012327387
btc_alt_aligned,0,0.02,0.04,0.0,0.05,20,random,0.00886379961840044,0.8863799618400441,0.40384615384615385,52,-0.017758617535823862,-1.7758617535823862,11.631642714366434,1.1661061324523094,2.669871794871795e-10,0.34620634422617286,10088.637996184005,0.00886379961840044
btc_hl_breakout_9m,0,0.02,0.015,0.0,0.4,15,random,0.04884523136226812,4.884523136226812,0.5303030303030303,66,-0.14889850386115178,-14.889850386115178,9.880486324524519,1.1017209028324317,1.6287878787878788e-10,0.21754843831506965,10488.452313622682,0.04884523136226812
btc_hl_breakout_9m,0,0.08,0.15,0.0,0.25,360,random,0.09057284957872075,9.057284957872074,0.45454545454545453,11,-0.08437358702071451,-8.437358702071451,23.196026683033192,1.6219848191894406,1.3287878787878789e-09,3.3972605302758376,10905.728495787207,0.09057284957872075
btc_hl_breakout_10m,0,0.05,0.035,0.0,0.05,1440,random,0.010111972180010411,1.0111972180010411,0.5757575757575758,33,-0.0195238194830043,-1.95238194830043,13.671372730783084,1.2313152102370615,3.994949494949495e-10,0.6207479021238063,10101.119721800103,0.010111972180010411
btc_vol_breakout_10m,0,0.04,0.05,0.0,0.05,180,random,0.0032728026678856964,0.32728026678856964,0.45454545454545453,22,-0.016091992830896462,-1.6091992830896462,5.320897205791837,1.1047623767708215,5.06060606060606e-10,0.30886596214664136,10032.728026678857,0.0032728026678856964
btc_small_up_9m,0,0.1,0.08,0.0,0.25,180,random,0.07182886086346617,7.182886086346617,0.6666666666666666,12,-0.08466804530243499,-8.466804530243499,19.291133549094337,1.5819199581738959,1.1597222222222221e-09,2.4495800416488978,10718.288608634663,0.07182886086346617
btc_small_down_10m,0,0.08,0.06,0.0,0.3,30,random,0.06732374277954778,6.7323742779547775,0.6,15,-0.1074667944744011,-10.74667944744011,15.749976421629418,1.3870578132798284,8.488888888888888e-10,1.576592778340425,10673.237427795477,0.06732374277954778
btc_hl_breakout_6m,0,0.04,0.05,0.0,0.1,5,random,0.0020096947681244727,0.20096947681244726,0.4642857142857143,28,-0.03837085371568072,-3.837085371568072,1.8558468028827488,1.0242959589763956,4.785714285714286e-10,0.09264555887049326,10020.096947681244,0.0020096947681244727
btc_hl_breakout_2m,0,0.1,0.2,0.0,0.5,480,random,0.1008709749665024,10.08709749665024,0.42857142857142855,7,-0.18274051872017916,-18.274051872017914,14.663739543517458,1.4663650368952157,2.076190476190476e-09,3.2803894058937737,11008.709749665024,0.1008709749665024
btc_hl_breakout_1m,0,0.025,0.045,0.0,0.15,480,random,0.015917437001960046,1.5917437001960046,0.42105263157894735,38,-0.05610367744486655,-5.6103677444866555,8.300665358801538,1.1199936478909207,3.355263157894737e-10,0.29849479929520106,10159.1743700196,0.015917437001960046
btc_small_up_9m,0,0.005,0.1,0.0,0.2,240,random,0.06035010892415987,6.035010892415987,0.21052631578947367,38,-0.05273226440359624,-5.273226440359624,21.56491117747052,1.5015435867019857,2.4956140350877194e-10,0.8053637509512929,10603.5010892416,0.06035010892415987
btc_hl_breakout_3m,0,0.05,0.02,0.0,0.5,1440,random,0.02347376643937978,2.3473766439379777,0.6578947368421053,38,-0.15914265343447476,-15.914265343447475,5.470506993921213,1.0495739893724352,3.425438596491228e-10,0.1956622704088454,10234.737664393797,0.02347376643937978
btc_small_up_10m,0,0.01,0.06,0.0,0.4,60,random,0.03838497342031251,3.838497342031251,0.22727272727272727,44,-0.13902493528470705,-13.902493528470705,8.282580518039008,1.10955469967305,2.1666666666666667e-10,0.27159432897678815,10383.849734203126,0.03838497342031251
btc_bullish,0,0.0125,0.08,0.0,0.3,1440,random,0.06403006876673599,6.403006876673599,0.2682926829268293,41,-0.09491645341852928,-9.491645341852928,14.832141597707077,1.2406856854967299,3.2682926829268293e-10,0.555657969245029,10640.30068766736,0.06403006876673599
btc_small_down_10m,0,0.0125,0.3,0.0,0.1,120,random,0.05447970350708474,5.447970350708474,0.23076923076923078,13,-0.028199921772585013,-2.8199921772585013,31.41992021993367,2.8648011699903164,1.085897435897436e-09,4.19185981301444,10544.797035070847,0.05447970350708474
btc_small_up_10m,0,0.06,0.02,0.0,0.05,360,random,0.010861978539690443,1.0861978539690442,0.696969696969697,33,-0.014508787859239813,-1.4508787859239813,15.403808094133776,1.3004802351674398,3.3636363636363637e-10,0.6635358846668646,10108.619785396904,0.010861978539690443
btc_hl_breakout_2m,0,0.01,0.08,0.0,0.05,20,random,0.00932212522157264,0.9322125221572639,0.2564102564102564,39,-0.020729050043540864,-2.0729050043540864,13.750087417608665,1.2587743957600248,3.2264957264957263e-10,0.48419736334475993,10093.221252215726,0.00932212522157264
btc_hl_breakout_5m,0,0.03,0.25,0.0,0.5,15,random,0.0844974688555787,8.44974688555787,0.26666666666666666,15,-0.18707319360736085,-18.707319360736086,13.254439334800942,1.2499995701575208,9.611111111111112e-10,1.4714151006883478,10844.974688555787,0.0844974688555787
btc_hl_breakout_9m,0,0.03,0.15,0.0,0.1,360,random,0.02720888852313585,2.720888852313585,0.3157894736842105,19,-0.04027157266339709,-4.027157266339709,17.83105201819229,1.4188041863706904,7.43859649122807e-10,1.4669171179117633,10272.088885231358,0.02720888852313585
btc_vol_breakout_8m,0,0.03,0.1,0.0,0.2,1440,random,0.0728346752778615,7.28346752778615,0.3888888888888889,18,-0.0434183372725746,-4.341833727257461,28.99413040415219,1.7935513872680215,6.666666666666666e-10,2.0148708928818597,10728.346752778614,0.0728346752778615
btc_hl_breakout_7m,0,0.0075,0.1,0.0,0.4,10,random,0.05160838210603751,5.160838210603751,0.2,45,-0.16860930724268752,-16.86093072426875,10.130899449539722,1.1354110792612724,2.896296296296296e-10,0.3486593855530109,10516.083821060376,0.05160838210603751
btc_hl_breakout_3m,0,0.08,0.03,0.0,0.25,10,random,0.10180203456667959,10.18020345666796,0.75,24,-0.0647995236925939,-6.47995236925939,27.152341754212536,1.7163537119657821,5.791666666666667e-10,1.67126269792011,11018.020345666795,0.10180203456667959
btc_hl_breakout_4m,0,0.015,0.12,0.0,0.25,15,random,0.0754046104649688,7.54046104649688,0.2692307692307692,26,-0.0790917385612544,-7.90917385612544,21.423737904400063,1.4559463553649454,5.153846153846154e-10,1.2028179643585288,10754.046104649688,0.0754046104649688
btc_small_up_10m,0,0.035,0.1,0.0,0.15,90,random,0.05088934488287437,5.088934488287436,0.4,20,-0.05260618879211154,-5.260618879211155,22.238955275887825,1.4984551525938312,6.258333333333333e-10,1.726418798523747,10508.893448828743,0.05088934488287437
btc_hl_breakout_1m,0,0.01,0.25,0.0,0.05,45,random,0.011929853632818907,1.1929853632818908,0.16,25,-0.020422780579102073,-2.0422780579102073,16.249786931240134,1.3873053650454554,5.286666666666666e-10,0.975480668572716,10119.29853632819,0.011929853632818907
btc_small_down_10m,0,0.035,0.03,0.0,0.1,60,random,0.016579518128709732,1.6579518128709732,0.5714285714285714,35,-0.026088388040939714,-2.6088388040939714,13.40513252233569,1.231256931248358,3.0428571428571427e-10,0.48277641290041035,10165.795181287098,0.016579518128709732
btc_vol_breakout_9m,0,0.005,0.01,0.0,0.05,15,random,-0.004901877119142574,-0.4901877119142574,0.3968253968253968,63,-0.013556380353912378,-1.3556380353912378,-10.332417392786583,0.8561533711503644,8.73015873015873e-11,-0.15406214278892438,9950.981228808574,-0.004901877119142574
btc_vol_breakout_3m,0,0.025,0.15,0.0,0.05,20,random,0.015104670452132615,1.5104670452132616,0.3125,16,-0.016827573797423834,-1.6827573797423834,19.515756824908493,1.669847919214303,8.1875e-10,1.9018763916838215,10151.046704521326,0.015104670452132615
btc_hl_breakout_4m,0,0.015,0.035,0.0,0.2,15,random,0.057562507010561696,5.756250701056169,0.43137254901960786,51,-0.05066993568904998,-5.066993568904998,21.935717802890366,1.3152937689682713,2.2810457516339868e-10,0.5700267272101284,10575.625070105616,0.057562507010561696
btc_vol_breakout_3m,0,0.035,0.06,0.0,0.3,1440,random,0.04356645356056033,4.356645356056033,0.45454545454545453,22,-0.10118902394531748,-10.118902394531748,11.570899131581962,1.2076728248350648,5.787878787878788e-10,0.7324856792836352,10435.664535605603,0.04356645356056033
btc_hl_breakout_10m,0,0.02,0.025,0.0,0.05,90,random,0.010281486264643945,1.0281486264643944,0.4807692307692308,52,-0.014101423376109645,-1.4101423376109645,14.361659721160994,1.2122171407155606,2.3173076923076923e-10,0.39975731194245395,10102.814862646439,0.010281486264643945
btc_hl_breakout_4m,0,0.04,0.3,0.0,0.5,120,random,0.23222330849685924,23.222330849685925,0.375,8,-0.14917102233718682,-14.917102233718682,27.909943993720503,2.136097891244285,1.8375e-09,6.035187428204136,12322.233084968593,0.23222330849685924
btc_hl_breakout_4m,0,0.025,0.2,0.0,0.3,1440,random,0.16077926781381002,16.077926781381002,0.38461538461538464,13,-0.07577912880115478,-7.577912880115479,33.04797914608531,2.340539074748972,1.1076923076923078e-09,4.05688922066951,11607.7926781381,0.16077926781381002
btc_alt_aligned,0,0.0125,0.2,0.0,0.15,5,random,0.03107507748854364,3.107507748854364,0.18518518518518517,27,-0.049824415490530405,-4.982441549053041,13.703878922494797,1.3042560273272565,5.302469135802469e-10,0.8136315316326571,10310.750774885437,0.03107507748854364
btc_alt_aligned,0,0.05,0.02,0.0,0.15,10,random,0.03285642853134125,3.285642853134125,0.6739130434782609,46,-0.05400988906066162,-5.400988906066162,14.735088607528596,1.214463106824074,3.0507246376811593e-10,0.4924702419275767,10328.564285313412,0.03285642853134125
btc_hl_breakout_1m,0,0.06,0.08,0.0,0.15,90,random,0.03999067021989931,3.9990670219899314,0.5,16,-0.053886713903323,-5.3886713903323,17.759964775133707,1.4473006912670234,8.625e-10,1.700965537775297,10399.906702198994,0.03999067021989931
btc_hl_breakout_5m,0,0.08,0.02,0.0,0.1,180,random,0.030647324406413178,3.064732440641318,0.7586206896551724,29,-0.03024344839035209,-3.024344839035209,20.999339861465224,1.485320761180071,4.327586206896552e-10,1.061077585851482,10306.473244064131,0.030647324406413178
btc_small_up_9m,0,0.0175,0.04,0.0,0.2,15,random,0.02553230517628822,2.5532305176288217,0.3902439024390244,41,-0.05316038635768017,-5.316038635768017,11.112601939365335,1.1638775458509416,2.4105691056910567e-10,0.32875262234606206,10255.323051762882,0.02553230517628822
btc_alt_aligned,0,0.005,0.045,0.0,0.05,20,random,0.005505023419824608,0.5505023419824607,0.2222222222222222,90,-0.019094003805547155,-1.9094003805547155,7.326316390794275,1.092045675322629,1.4537037037037036e-10,0.12587875690148898,10055.050234198246,0.005505023419824608
btc_hl_breakout_8m,0,0.03,0.3,0.0,0.05,360,random,0.013285269571973476,1.3285269571973477,0.4,5,-0.020615362516303914,-2.0615362516303914,15.565242043233058,2.8662110575529747,2.93e-09,5.339330242405849,10132.852695719735,0.013285269571973476
btc_hl_breakout_1m,0,0.03,0.12,0.0,0.2,60,random,0.026626967930223257,2.6626967930223255,0.30434782608695654,23,-0.07784960560908072,-7.784960560908072,10.288582181762424,1.1638152608602037,6e-10,0.654235860878141,10266.269679302233,0.026626967930223257
btc_small_up_9m,0,0.03,0.1,0.0,0.1,720,random,0.023037350826594933,2.303735082659493,0.38095238095238093,21,-0.029398794717157117,-2.9398794717157117,18.00714568471088,1.3646240624866108,5.619047619047619e-10,1.1179806849238902,10230.37350826595,0.023037350826594933
btc_small_up_9m,0,0.04,0.035,0.0,0.15,90,random,0.04742928001191942,4.742928001191942,0.6,30,-0.028738144522767017,-2.8738144522767017,24.684546456688018,1.4989102955884497,3.9333333333333337e-10,1.0543254250565117,10474.292800119194,0.04742928001191942
btc_hl_breakout_5m,0,0.005,0.04,0.0,0.25,90,random,0.039961281224791353,3.9961281224791354,0.2676056338028169,71,-0.10981574722861431,-10.981574722861431,12.175268476569087,1.146637123556606,1.5070422535211268e-10,0.24300267008825754,10399.612812247913,0.039961281224791353
btc_hl_breakout_9m,0,0.08,0.015,0.0,0.2,480,random,0.05322269320639402,5.3222693206394025,0.8,40,-0.05999308445657958,-5.999308445657958,18.456175797956302,1.3492984126979513,3.1875e-10,0.6783850493355947,10532.22693206394,0.05322269320639402
btc_hl_breakout_8m,0,0.015,0.035,0.0,0.3,720,random,0.06429035304922617,6.429035304922618,0.39215686274509803,51,-0.09405391952500886,-9.405391952500885,15.609375086341396,1.2029196506225428,2.2908496732026143e-10,0.4457491495611988,10642.903530492262,0.06429035304922617
btc_alt_aligned,0,0.02,0.035,0.0,0.05,180,random,0.007315319011967881,0.7315319011967881,0.4107142857142857,56,-0.01839970700949234,-1.8399707009492339,9.677997308712955,1.1270995610212422,2.470238095238095e-10,0.2667733843561036,10073.15319011968,0.007315319011967881
btc_alt_aligned,0,0.035,0.2,0.0,0.5,90,random,0.11219041144113308,11.219041144113309,0.3333333333333333,15,-0.17186767869276054,-17.186767869276053,15.941233674520918,1.3252742236435473,9.733333333333333e-10,1.7585001912176275,11121.90411441133,0.11219041144113308
btc_hl_breakout_8m,0,0.005,0.05,0.0,0.3,90,random,-0.007524105578320495,-0.7524105578320496,0.1875,64,-0.14879440262843435,-14.879440262843435,-0.5998410298398492,0.9750872962437999,1.703125e-10,-0.010139496125516663,9924.758944216795,-0.007524105578320495
btc_small_down_10m,0,0.0125,0.01,0.0,0.2,10,random,0.04138522357287741,4.138522357287741,0.5483870967741935,62,-0.04016864320491664,-4.016864320491664,20.224099663556732,1.2963715865963454,1.1424731182795698e-10,0.337287146494361,10413.852235728775,0.04138522357287741
btc_small_up_10m,0,0.06,0.03,0.0,0.5,20,random,0.15774980217488765,15.774980217488766,0.6774193548387096,31,-0.13887308759521966,-13.887308759521966,22.44371652368785,1.3793333754067607,3.6451612903225806e-10,1.0369731891403644,11577.498021748877,0.15774980217488765
btc_hl_breakout_2m,0,0.025,0.015,0.0,0.5,480,random,0.07714513829529523,7.7145138295295235,0.6101694915254238,59,-0.12279533996252379,-12.279533996252379,13.274058812558879,1.146018918070995,1.8559322033898304e-10,0.2952352966578343,10771.451382952953,0.07714513829529523
btc_bullish,0,0.0175,0.25,0.0,0.4,480,random,0.12513936598619677,12.513936598619676,0.2,20,-0.13716152486905286,-13.716152486905287,20.275000783587284,1.580521222921516,7.008333333333332e-10,1.6893453251548574,11251.393659861968,0.12513936598619677
btc_hl_breakout_6m,0,0.0175,0.25,0.0,0.15,120,random,0.023883271551052417,2.388327155105242,0.18181818181818182,22,-0.054724658072651255,-5.4724658072651255,11.63390109944388,1.2356481977787537,6.257575757575758e-10,0.7991241160869205,10238.832715510523,0.023883271551052417
btc_vol_breakout_3m,0,0.0075,0.1,0.0,0.05,20,random,-0.0005772813967339687,-0.05772813967339687,0.15555555555555556,45,-0.02104155208096059,-2.104155208096059,-0.7199125737521054,0.98599906144444,2.3518518518518516e-10,-0.01869948739281957,9994.22718603266,-0.0005772813967339687
btc_hl_breakout_5m,0,0.08,0.025,0.0,0.2,60,random,0.05613428554813247,5.613428554813247,0.7307692307692307,26,-0.059867493666189264,-5.986749366618927,19.294253033499214,1.4271827641892467,5.25e-10,1.094598397807999,10561.342855481325,0.05613428554813247
btc_hl_breakout_7m,0,0.03,0.03,0.0,0.05,30,random,0.007943114650726528,0.7943114650726527,0.5121951219512195,41,-0.021815126609634805,-2.1815126609634805,11.065573072872441,1.1679903967534482,3.0853658536585365e-10,0.3941516778491156,10079.431146507266,0.007943114650726528
btc_small_up_9m,0,0.04,0.15,0.0,0.05,45,random,0.019942594958676788,1.994259495867679,0.4166666666666667,12,-0.01291191399652969,-1.291191399652969,25.82079284000092,1.9724676434046786,1.109722222222222e-09,3.333612667236628,10199.425949586768,0.019942594958676788
btc_bullish,0,0.05,0.05,0.0,0.1,30,random,0.03676777558484724,3.676777558484724,0.5769230769230769,26,-0.028629066562960492,-2.8629066562960492,24.114202943120535,1.5072660410265575,5.346153846153847e-10,1.41784206734556,10367.677755848472,0.03676777558484724
btc_vol_breakout_2m,0,0.06,0.1,0.0,0.15,60,random,0.054810828902621504,5.48108289026215,0.5333333333333333,15,-0.04630485506507853,-4.630485506507853,23.804693008800424,1.6315861082268441,9.044444444444444e-10,2.4612140798696,10548.108289026215,0.054810828902621504
btc_hl_breakout_3m,0,0.025,0.15,0.0,0.25,480,random,0.08707652295517723,8.707652295517724,0.3333333333333333,15,-0.08747330559664801,-8.747330559664801,22.24383011769143,1.719875969660758,9.144444444444445e-10,2.3823258909670164,10870.765229551773,0.08707652295517723
btc_small_up_10m,0,0.02,0.1,0.0,0.2,240,random,0.05495028426818351,5.495028426818351,0.2857142857142857,28,-0.07203220757065731,-7.203220757065731,18.339840573198387,1.3603602111060895,4.160714285714286e-10,1.0205749522003633,10549.502842681835,0.05495028426818351
btc_small_down_10m,0,0.04,0.3,0.0,0.25,120,random,0.11588271291287465,11.588271291287464,0.375,8,-0.07765918975091113,-7.765918975091113,27.212795031944143,2.2366997562279463,1.8041666666666667e-09,5.911793787434927,11158.827129128746,0.11588271291287465
btc_vol_breakout_10m,0,0.08,0.035,0.0,0.1,20,random,0.01559464653542907,1.5594646535429069,0.6818181818181818,22,-0.02800136293896327,-2.800136293896327,12.566346514287188,1.2550788253582283,5.537878787878788e-10,0.7274441104958378,10155.946465354291,0.01559464653542907
btc_vol_breakout_2m,0,0.0075,0.2,0.0,0.3,180,random,-0.006796268673628037,-0.6796268673628038,0.08571428571428572,35,-0.11400748957362672,-11.400748957362673,-0.5567195843998994,0.9665906554369524,3.671428571428571e-10,0.003529978663749529,9932.03731326372,-0.006796268673628037
btc_hl_breakout_10m,0,0.01,0.06,0.0,0.1,5,random,0.012967147982872757,1.2967147982872758,0.24444444444444444,45,-0.03393605995906146,-3.393605995906146,9.412697207026646,1.149408890820672,2.733333333333333e-10,0.30199633998040665,10129.671479828728,0.012967147982872757
btc_hl_breakout_6m,0,0.01,0.01,0.0,0.25,1440,random,-0.01757511707424419,-1.7575117074244189,0.5168539325842697,89,-0.08951888546473785,-8.951888546473786,-4.827794643740023,0.9349046958691356,1.0318352059925093e-10,-0.06701197986647472,9824.248829257558,-0.01757511707424419
btc_alt_aligned,0,0.1,0.2,0.0,0.1,90,random,0.03280140434194666,3.280140434194666,0.5714285714285714,7,-0.033943423543911,-3.3943423543911,21.121936968410523,1.9759078623722377,2.107142857142857e-09,4.740173452959602,10328.014043419467,0.03280140434194666
btc_vol_breakout_2m,0,0.08,0.03,0.0,0.1,240,random,0.030400841668815518,3.040084166881552,0.7391304347826086,23,-0.026703003012308324,-2.6703003012308324,20.952663564869468,1.5710986497455237,6.021739130434782e-10,1.3245112534296382,10304.008416688155,0.030400841668815518
btc_hl_breakout_5m,0,0.0175,0.035,0.0,0.25,30,random,-0.0272478104315333,-2.72478104315333,0.3469387755102041,49,-0.11593792507899559,-11.593792507899558,-7.673268486696134,0.896028081574269,2.5680272108843537e-10,-0.20047827767096862,9727.521895684667,-0.0272478104315333
btc_hl_breakout_8m,0,0.0175,0.1,0.0,0.25,20,random,0.044722176782264526,4.472217678226452,0.2727272727272727,33,-0.09017873052778969,-9.017873052778969,12.64030448243722,1.2157928575345718,3.9898989898989895e-10,0.5870307382232803,10447.221767822644,0.044722176782264526
btc_vol_breakout_10m,0,0.03,0.02,0.0,0.3,10,random,0.09847115306501655,9.847115306501655,0.6285714285714286,35,-0.04590473406580675,-4.590473406580675,30.50361378903288,1.5971168591276605,2.3142857142857143e-10,0.9230505481305471,10984.711530650166,0.09847115306501655
btc_hl_breakout_6m,0,0.0175,0.03,0.0,0.25,90,random,-0.05524759225557868,-5.524759225557868,0.35294117647058826,51,-0.1319881844713835,-13.19881844713835,-17.426306261146017,0.7958946535777593,2.395424836601307e-10,-0.4228826883133374,9447.524077444214,-0.05524759225557868
btc_vol_breakout_3m,0,0.04,0.04,0.0,0.2,60,random,0.024276904419777246,2.4276904419777248,0.53125,32,-0.060560352832670694,-6.05603528326707,9.734519654139817,1.144029852304481,3.890625e-10,0.4103807762296139,10242.769044197772,0.024276904419777246
btc_bullish,0,0.0175,0.045,0.0,0.05,90,random,0.012699206394440006,1.2699206394440006,0.38,50,-0.014119066560457472,-1.4119066560457472,16.865522994166735,1.270620483710468,2.6e-10,0.5116055428856262,10126.9920639444,0.012699206394440006
btc_alt_aligned,0,0.0175,0.045,0.0,0.1,15,random,0.02031830514884107,2.031830514884107,0.36538461538461536,52,-0.035175244031580455,-3.5175244031580455,13.488903264684371,1.192537838703476,2.663461538461538e-10,0.4003065233641671,10203.183051488411,0.02031830514884107
btc_hl_breakout_7m,0,0.08,0.3,0.0,0.5,720,random,0.1904430743734938,19.04430743734938,0.42857142857142855,7,-0.16339245793690815,-16.339245793690814,23.676879552277335,1.7760690205346001,2.0976190476190476e-09,5.990448823406839,11904.430743734938,0.1904430743734938
btc_small_down_10m,0,0.035,0.06,0.0,0.4,90,random,0.06826552772648474,6.826552772648474,0.44,25,-0.12864823653734836,-12.864823653734836,13.834263574535788,1.2256491517440427,4.693333333333334e-10,0.7619911453022997,10682.655277264847,0.06826552772648474
btc_bullish,0,0.04,0.12,0.0,0.1,30,random,0.03161260140372032,3.1612601403720317,0.35294117647058826,17,-0.0327163495883519,-3.27163495883519,20.329794646361407,1.5127503296859992,8.343137254901962e-10,1.8877567948313991,10316.126014037203,0.03161260140372032
btc_alt_aligned,0,0.0175,0.035,0.0,0.15,20,random,0.02291034191897877,2.291034191897877,0.39344262295081966,61,-0.056379861211712345,-5.6379861211712345,10.511353409245208,1.1223724982666399,2.243169398907104e-10,0.2655110099256554,10229.103419189787,0.02291034191897877
btc_vol_breakout_10m,0,0.06,0.1,0.0,0.25,1440,random,0.026394608732123605,2.6394608732123603,0.4166666666666667,12,-0.08861240746584109,-8.861240746584109,8.646639534437524,1.1967780483650576,1.011111111111111e-09,0.9970968474827446,10263.946087321236,0.026394608732123605
btc_bullish,0,0.015,0.06,0.0,0.05,180,random,0.012721030699672958,1.2721030699672957,0.2978723404255319,47,-0.013071383773230694,-1.3071383773230694,16.73401786885718,1.26687541762415,2.7801418439716316e-10,0.5467218611817214,10127.210306996729,0.012721030699672958
btc_hl_breakout_8m,0,0.005,0.015,0.0,0.3,10,random,-0.02342030745513257,-2.3420307455132567,0.3118279569892473,93,-0.1519688338246974,-15.19688338246974,-4.684753725321589,0.9342007830079656,9.49820788530466e-11,-0.06745699151063062,9765.796925448674,-0.02342030745513257
btc_small_up_9m,0,0.06,0.02,0.0,0.15,720,random,0.03262429359837863,3.262429359837863,0.7058823529411765,34,-0.03834483495502661,-3.8344834955026608,15.928234703324115,1.2840833396242932,3.264705882352941e-10,0.6549047671700627,10326.242935983786,0.03262429359837863
btc_vol_breakout_2m,0,0.1,0.03,0.0,0.05,480,random,0.012174915555678604,1.2174915555678603,0.75,24,-0.0161314572454887,-1.61314572454887,16.760329544743062,1.4044209460715276,5.784722222222223e-10,1.0210701095200139,10121.749155556787,0.012174915555678604
btc_hl_breakout_1m,0,0.03,0.25,0.0,0.5,60,random,0.09444064913222465,9.444064913222466,0.26666666666666666,15,-0.18517579625109537,-18.517579625109537,14.54220376796183,1.289778635946958,9.511111111111112e-10,1.58698340197043,10944.406491322246,0.09444064913222465
btc_hl_breakout_6m,0,0.0075,0.04,0.0,0.5,480,random,-0.05683966687542179,-5.683966687542179,0.26666666666666666,60,-0.21561251476619925,-21.561251476619926,-7.389936020340462,0.8955283683427137,1.9666666666666669e-10,-0.15321839259543676,9431.603331245782,-0.05683966687542179
btc_hl_breakout_3m,0,0.005,0.035,0.0,0.3,20,random,0.00229696037430831,0.22969603743083097,0.2676056338028169,71,-0.10488047537126821,-10.488047537126821,1.6966141839128834,1.0078459370531132,1.4178403755868544e-10,0.03040494284773937,10022.969603743084,0.00229696037430831
btc_vol_breakout_10m,0,0.0175,0.25,0.0,0.25,90,random,0.08739837666195927,8.739837666195927,0.16666666666666666,18,-0.05555380409737165,-5.555380409737165,26.37690034980687,1.7367327036759423,6.546296296296296e-10,2.012291759052951,10873.983766619593,0.08739837666195927
btc_vol_breakout_3m,0,0.035,0.2,0.0,0.2,10,random,0.042892182611080173,4.289218261108017,0.3333333333333333,12,-0.06838432072128653,-6.8384320721286525,15.598004930132452,1.4152011019709871,1.1347222222222221e-09,1.9213649227998473,10428.921826110802,0.042892182611080173
btc_small_up_9m,0,0.04,0.08,0.0,0.2,1440,random,0.038325702771242615,3.8325702771242613,0.4444444444444444,18,-0.052622469939079375,-5.2622469939079375,14.585921838969924,1.3226063560711883,7.046296296296297e-10,1.1120651888608482,10383.257027712427,0.038325702771242615
btc_hl_breakout_7m,0,0.015,0.01,0.0,0.25,30,random,0.006819910853230249,0.6819910853230249,0.5609756097560976,82,-0.09773840616772278,-9.773840616772278,2.9795475842904686,1.024111510815824,1.2113821138211382e-10,0.0497743340349365,10068.199108532302,0.006819910853230249
btc_alt_aligned,0,0.0075,0.08,0.0,0.3,1440,random,0.07167218526581319,7.167218526581319,0.23076923076923078,52,-0.10394406930608502,-10.394406930608502,16.11775229642821,1.245584749324771,2.66025641025641e-10,0.4862670197399263,10716.721852658131,0.07167218526581319
btc_small_down_10m,0,0.05,0.04,0.0,0.15,5,random,0.017953853722513895,1.7953853722513895,0.5769230769230769,26,-0.03484249836337383,-3.484249836337383,9.71324893396869,1.1756085303111896,4.4871794871794873e-10,0.4831466937218593,10179.538537225138,0.017953853722513895
btc_vol_breakout_3m,0,0.035,0.015,0.0,0.25,5,random,0.09251377139208562,9.251377139208563,0.717391304347826,46,-0.04858387054101698,-4.858387054101698,30.9781194240067,1.575165021750574,2.1956521739130435e-10,0.7899067362632237,10925.137713920856,0.09251377139208562
btc_vol_breakout_10m,0,0.0125,0.08,0.0,0.3,5,random,0.08391700800000367,8.391700800000367,0.26666666666666666,30,-0.06520562884822667,-6.520562884822667,23.43874587402772,1.464667505493907,3.3666666666666664e-10,0.9477820942996092,10839.170080000036,0.08391700800000367
btc_hl_breakout_6m,0,0.03,0.2,0.0,0.4,20,random,-0.017748210675854536,-1.7748210675854537,0.21052631578947367,19,-0.17767510604639813,-17.767510604639813,-1.6196312880011983,0.9438718373883027,7.350877192982457e-10,-0.014371446120107515,9822.517893241455,-0.017748210675854536
btc_hl_breakout_10m,0,0.02,0.3,0.0,0.05,360,random,0.015392390796017917,1.5392390796017916,0.4,5,-0.018996631069374104,-1.8996631069374104,17.954846740824816,3.9478697044922937,2.93e-09,6.169826450762015,10153.92390796018,0.015392390796017917
btc_bullish,0,0.01,0.15,0.0,0.05,30,random,0.012992232648708382,1.2992232648708382,0.2,25,-0.015137037956232002,-1.5137037956232002,16.401038686904034,1.4954084608702216,5.573333333333333e-10,1.0506715560506874,10129.922326487083,0.012992232648708382
btc_vol_breakout_9m,0,0.06,0.12,0.0,0.25,30,random,0.03016061205221786,3.016061205221786,0.4,10,-0.08861240746584109,-8.861240746584109,9.655034714762614,1.2653395979093924,1.3400000000000001e-09,1.3321966448101612,10301.606120522178,0.03016061205221786
btc_vol_breakout_3m,0,0.0075,0.04,0.0,0.1,360,random,-0.013509345522994544,-1.3509345522994545,0.25862068965517243,58,-0.045561777563831396,-4.556177756383139,-10.908525901921422,0.8586357694977292,1.692528735632184e-10,-0.22714471211122494,9864.906544770054,-0.013509345522994544
btc_alt_aligned,0,0.02,0.08,0.0,0.25,20,random,0.061695939919147624,6.169593991914763,0.3235294117647059,34,-0.0838076092308242,-8.38076092308242,16.419549151188452,1.2771034536423291,4.1862745098039214e-10,0.7610504915539706,10616.959399191477,0.061695939919147624
btc_alt_aligned,0,0.005,0.25,0.0,0.15,20,random,0.05616953051007763,5.616953051007763,0.125,32,-0.04924847113678077,-4.9248471136780765,22.703323609874065,1.7529732731599224,4.453125e-10,1.1954711403973823,10561.695305100777,0.05616953051007763
btc_vol_breakout_9m,0,0.03,0.025,0.0,0.5,60,random,0.14032089984345603,14.032089984345603,0.5806451612903226,31,-0.09269882320411671,-9.269882320411671,25.51128984791419,1.4521109715970857,3.268817204301075e-10,0.9054169615198735,11403.20899843456,0.14032089984345603
btc_hl_breakout_4m,0,0.0075,0.01,0.0,0.5,360,random,-0.0587986654577583,-5.879866545775831,0.48314606741573035,89,-0.18940771019315072,-18.940771019315072,-8.48605075054575,0.890871767941042,9.45692883895131e-11,-0.11280842009604969,9412.013345422416,-0.0587986654577583
btc_hl_breakout_5m,0,0.03,0.05,0.0,0.1,480,random,-0.0016341771154849767,-0.16341771154849768,0.4,35,-0.04319119974222174,-4.319119974222174,-0.7986974469423359,0.9826171901951087,3.876190476190476e-10,-0.029006372086417685,9983.65822884515,-0.0016341771154849767
btc_vol_breakout_8m,0,0.03,0.045,0.0,0.05,180,random,0.008790739565004384,0.8790739565004384,0.5,26,-0.011010825746242348,-1.1010825746242348,15.435117794287324,1.3180271485797186,4.1730769230769233e-10,0.680795461538467,10087.907395650043,0.008790739565004384
btc_small_down_10m,0,0.03,0.02,0.0,0.2,45,random,0.061081094876982454,6.108109487698245,0.6341463414634146,41,-0.03484963781574357,-3.4849637815743573,24.552853402917986,1.4355782784496216,2.483739837398374e-10,0.744372257125406,10610.810948769824,0.061081094876982454
btc_hl_breakout_8m,0,0.1,0.2,0.0,0.4,20,random,0.1389207062094196,13.89207062094196,0.5714285714285714,7,-0.12942017714914933,-12.942017714914932,22.635576569564712,1.940506523900998,2.095238095238095e-09,5.155663870924703,11389.207062094196,0.1389207062094196
btc_small_up_10m,0,0.06,0.02,0.0,0.4,480,random,0.08211762547176864,8.211762547176864,0.696969696969697,33,-0.1121933646971296,-11.21933646971296,15.484748603685942,1.256379863963172,3.3636363636363637e-10,0.6635358846668654,10821.176254717686,0.08211762547176864
btc_hl_breakout_6m,0,0.0075,0.06,0.0,0.5,5,random,-0.10625394195584677,-10.625394195584677,0.17307692307692307,52,-0.2459859291310168,-24.59859291310168,-15.250736590916242,0.7886864438642993,2.326923076923077e-10,-0.3769066813769056,8937.460580441533,-0.10625394195584677
btc_vol_breakout_10m,0,0.01,0.1,0.0,0.1,45,random,0.01073801684646255,1.073801684646255,0.1875,32,-0.02241895934417648,-2.241895934417648,10.262307367160053,1.1968512408008707,3.078125e-10,0.34707941496818095,10107.380168464626,0.01073801684646255
btc_bullish,0,0.04,0.25,0.0,0.2,1440,random,0.0841596559461882,8.41596559461882,0.36363636363636365,11,-0.06953231626466894,-6.953231626466893,25.94750296522849,2.083091587309138,1.2969696969696969e-09,3.8696277729524957,10841.596559461883,0.0841596559461882
btc_alt_aligned,0,0.0125,0.1,0.0,0.1,480,random,0.03707904199752735,3.7079041997527353,0.2702702702702703,37,-0.03128702492490898,-3.128702492490898,23.68587262671284,1.4726496071449773,3.8108108108108106e-10,1.0079881484251776,10370.790419975274,0.03707904199752735
btc_hl_breakout_2m,0,0.015,0.08,0.0,0.15,180,random,0.021412955833152864,2.1412955833152862,0.2903225806451613,31,-0.05100189776465158,-5.100189776465158,11.108116978123578,1.2062399226882283,4.290322580645161e-10,0.4842049212387297,10214.12955833153,0.021412955833152864
btc_small_up_10m,0,0.04,0.015,0.0,0.2,1440,random,0.05679060248331464,5.6790602483314645,0.6585365853658537,41,-0.061610956109396486,-6.161095610939649,19.747240941779612,1.355686358427157,2.747967479674797e-10,0.7030353593725954,10567.906024833146,0.05679060248331464
btc_vol_breakout_8m,0,0.035,0.3,0.0,0.3,60,random,0.033272142018027126,3.3272142018027124,0.3333333333333333,6,-0.09353140188119613,-9.353140188119614,8.92308864214266,1.373911034309006,2.3527777777777775e-09,2.1269862148436856,10332.72142018027,0.033272142018027126
btc_hl_breakout_2m,0,0.0175,0.02,0.0,0.3,90,random,-0.014021868461029862,-1.4021868461029863,0.46551724137931033,58,-0.11920053812787179,-11.92005381278718,-2.7190071126769793,0.9556117121120701,1.8017241379310343e-10,-0.05755742408268106,9859.7813153897,-0.014021868461029862
btc_vol_breakout_8m,0,0.02,0.025,0.0,0.15,360,random,0.029527236232775773,2.9527236232775773,0.5,38,-0.037138345669451844,-3.7138345669451844,18.276856658425,1.3048468196872178,2.68859649122807e-10,0.5247806971211262,10295.272362327758,0.029527236232775773
btc_hl_breakout_8m,0,0.0175,0.035,0.0,0.5,90,random,0.047172457975322414,4.717245797532241,0.38,50,-0.17206764870385294,-17.206764870385292,8.43182072218978,1.0812158281912618,2.4833333333333335e-10,0.24843204377981973,10471.724579753223,0.047172457975322414
btc_hl_breakout_7m,0,0.005,0.2,0.0,0.5,30,random,0.10525871805158504,10.525871805158504,0.15625,32,-0.18989455386184106,-18.989455386184105,15.493904984377714,1.2741247195533751,4.057291666666667e-10,0.7861748824013624,11052.58718051585,0.10525871805158504
btc_hl_breakout_1m,0,0.06,0.02,0.0,0.05,720,random,0.01901668598691079,1.901668598691079,0.7575757575757576,33,-0.011917411691296564,-1.1917411691296564,26.030807787641464,1.6279636003788711,4.035353535353535e-10,1.1507808235180823,10190.166859869109,0.01901668598691079
btc_vol_breakout_9m,0,0.03,0.1,0.0,0.15,90,random,0.06030453457561721,6.030453457561721,0.4117647058823529,17,-0.032719091970750624,-3.2719091970750624,32.047938676291025,1.9753828356550438,6.970588235294117e-10,2.345852803536964,10603.045345756173,0.06030453457561721
btc_hl_breakout_1m,0,0.02,0.01,0.0,0.15,360,random,0.008327806038729273,0.8327806038729273,0.5857142857142857,70,-0.04646576312630968,-4.646576312630968,4.87907643842894,1.0568312855755186,1.392857142857143e-10,0.0888539103200183,10083.278060387292,0.008327806038729273
btc_hl_breakout_3m,0,0.0075,0.06,0.0,0.3,240,random,-0.017673238100134995,-1.7673238100134996,0.21153846153846154,52,-0.1165328201171777,-11.653282011717769,-3.36968276880726,0.9379185999905166,2.2403846153846154e-10,-0.07889820514335484,9823.26761899865,-0.017673238100134995
btc_hl_breakout_9m,0,0.025,0.035,0.0,0.2,120,random,0.06527752857223518,6.5277528572235175,0.4883720930232558,43,-0.058992701029808026,-5.899270102980802,22.051444618529924,1.3488617974897885,2.9844961240310077e-10,0.7656107212664447,10652.775285722351,0.06527752857223518
btc_hl_breakout_5m,0,0.02,0.035,0.0,0.15,10,random,0.01697580192991786,1.697580192991786,0.425531914893617,47,-0.05059626202800849,-5.059626202800849,8.874276918201113,1.1166807599346067,2.7730496453900713e-10,0.25591087821151226,10169.758019299179,0.01697580192991786
btc_small_down_10m,0,0.0075,0.25,0.0,0.4,1440,random,0.17016577066245236,17.016577066245237,0.16,25,-0.09124737627888968,-9.124737627888969,30.619240021723265,1.8862590963263006,5.32e-10,1.7523980308646239,11701.657706624523,0.17016577066245236
btc_hl_breakout_9m,0,0.01,0.03,0.0,0.2,30,random,0.019009260668284834,1.9009260668284833,0.34375,64,-0.07641653362843237,-7.641653362843237,7.521438885144294,1.0883790717210127,1.7265625e-10,0.1657828700651074,10190.092606682849,0.019009260668284834
btc_small_down_10m,0,0.01,0.15,0.0,0.3,1440,random,0.02251855359326205,2.251855359326205,0.16,25,-0.09946477434452705,-9.946477434452705,6.547729528869798,1.1475848474568893,5.28e-10,0.37359836049498196,10225.18553593262,0.02251855359326205
btc_hl_breakout_1m,0,0.025,0.01,0.0,0.2,20,random,0.019977762870208016,1.9977762870208016,0.6290322580645161,62,-0.06030026041426784,-6.030026041426783,8.350922685674206,1.104826813414871,1.6612903225806451e-10,0.17529887236222033,10199.77762870208,0.019977762870208016
btc_vol_breakout_8m,0,0.01,0.015,0.0,0.25,180,random,0.015032623245054265,1.5032623245054266,0.44642857142857145,56,-0.04576165976231328,-4.576165976231328,6.758866723414286,1.0853111640646662,1.226190476190476e-10,0.11988278003166092,10150.326232450543,0.015032623245054265
btc_vol_breakout_8m,0,0.1,0.15,0.0,0.5,720,random,0.09377697402199792,9.377697402199791,0.5714285714285714,7,-0.15746105880930517,-15.746105880930516,15.068130248873622,1.4674031633499993,1.973809523809524e-09,3.0710377772393054,10937.76974021998,0.09377697402199792
btc_vol_breakout_2m,0,0.02,0.015,0.0,0.05,120,random,0.005847069949803773,0.5847069949803773,0.5873015873015873,63,-0.013108042878768877,-1.3108042878768877,9.397601559523869,1.128829124993332,1.6455026455026454e-10,0.1886661598026131,10058.470699498037,0.005847069949803773
btc_hl_breakout_10m,0,0.035,0.03,0.0,0.15,90,random,0.039840416353671845,3.9840416353671846,0.5789473684210527,38,-0.048335717979199,-4.8335717979199,18.11841017044168,1.2986379324631172,3.412280701754386e-10,0.7115045663660937,10398.404163536718,0.039840416353671845
btc_hl_breakout_8m,0,0.015,0.15,0.0,0.5,480,random,0.10380302157279075,10.380302157279075,0.22727272727272727,22,-0.17278505206519035,-17.278505206519036,14.97708405221297,1.3277956986681416,6.196969696969697e-10,1.097855213320957,11038.030215727907,0.10380302157279075
btc_hl_breakout_5m,0,0.03,0.015,0.0,0.05,45,random,0.003449886736934013,0.3449886736934013,0.6,55,-0.019527608897146775,-1.9527608897146775,5.550577805413957,1.0730081771915938,2.0636363636363636e-10,0.12977063163672192,10034.49886736934,0.003449886736934013
btc_hl_breakout_9m,0,0.005,0.05,0.0,0.5,240,random,-0.007538609578897922,-0.7538609578897921,0.19696969696969696,66,-0.24801094956813474,-24.801094956813476,0.9571838360506738,0.9863007288846345,1.6515151515151513e-10,0.02528123476061759,9924.61390421102,-0.007538609578897922
btc_hl_breakout_2m,0,0.03,0.06,0.0,0.5,90,random,0.022562006723610466,2.2562006723610466,0.3870967741935484,31,-0.19868311186149956,-19.868311186149956,5.272394120806877,1.04780212848791,4.4301075268817206e-10,0.24767642695025932,10225.620067236105,0.022562006723610466
btc_small_down_10m,0,0.035,0.05,0.0,0.4,45,random,0.021752411280654905,2.1752411280654904,0.44,25,-0.12864823653734714,-12.864823653734714,5.63864858519539,1.0751871904120018,4.8e-10,0.3013151745047721,10217.52411280655,0.021752411280654905
btc_alt_aligned,0,0.08,0.15,0.0,0.4,60,random,0.1371023638175976,13.71023638175976,0.45454545454545453,11,-0.13647771314028678,-13.647771314028677,22.182725363422904,1.5505931538484292,1.3363636363636365e-09,3.2994026969984427,11371.023638175975,0.1371023638175976
btc_vol_breakout_8m,0,0.06,0.045,0.0,0.4,5,random,-0.01412514367540075,-1.412514367540075,0.55,20,-0.13872037346276922,-13.872037346276922,-1.2514584118248269,0.9473023396235952,6.091666666666666e-10,-0.07620357988448699,9858.748563245992,-0.01412514367540075
btc_vol_breakout_3m,0,0.0125,0.1,0.0,0.3,60,random,0.05128846785546862,5.128846785546862,0.27586206896551724,29,-0.10095888322949154,-10.095888322949154,13.44245344977169,1.2501455138033035,4.0804597701149424e-10,0.6404630871700959,10512.884678554687,0.05128846785546862
btc_vol_breakout_8m,0,0.02,0.06,0.0,0.1,480,random,0.007164442214676422,0.7164442214676422,0.3076923076923077,26,-0.0252406459231328,-2.52406459231328,6.477840548393655,1.1237856880579726,4.237179487179487e-10,0.2894813977220649,10071.644422146765,0.007164442214676422
btc_bullish,0,0.0125,0.06,0.0,0.05,240,random,0.01458270726124108,1.458270726124108,0.29411764705882354,51,-0.012037410264946868,-1.2037410264946868,19.378697651588677,1.3022982955381868,2.542483660130719e-10,0.5759809368844522,10145.82707261241,0.01458270726124108
btc_vol_breakout_10m,0,0.0125,0.01,0.0,0.1,120,random,0.0005492033123540068,0.054920331235400674,0.5471698113207547,53,-0.022980253918796656,-2.2980253918796656,0.8574795039637647,1.009025120317756,1.1415094339622641e-10,0.01511168019897384,10005.49203312354,0.0005492033123540068
btc_vol_breakout_10m,0,0.025,0.05,0.0,0.05,120,random,0.011259089943077305,1.1259089943077305,0.43478260869565216,23,-0.010509443626641413,-1.0509443626641413,19.669475745078785,1.477331054095783,4.5e-10,0.9832704320130111,10112.590899430774,0.011259089943077305
btc_hl_breakout_2m,0,0.015,0.05,0.0,0.2,120,random,0.029974790527398612,2.997479052739861,0.3409090909090909,44,-0.05372197846203863,-5.372197846203863,12.067017213081447,1.166997483607072,2.893939393939394e-10,0.3627900930598116,10299.747905273985,0.029974790527398612
btc_alt_aligned,0,0.025,0.06,0.0,0.5,1440,random,0.11184269354866291,11.184269354866291,0.35135135135135137,37,-0.17069389576742333,-17.06938957674233,15.87489230549771,1.2035622618068633,3.8153153153153154e-10,0.6825633235088538,11118.42693548663,0.11184269354866291
btc_vol_breakout_8m,0,0.08,0.15,0.0,0.05,240,random,0.011551378576348123,1.1551378576348124,0.5,8,-0.017191200340764823,-1.7191200340764823,16.656069277970044,1.5639500235963069,1.7916666666666666e-09,2.9301948607227004,10115.513785763482,0.011551378576348123
btc_hl_breakout_1m,0,0.1,0.12,0.0,0.2,60,random,0.08561477649565791,8.561477649565791,0.5555555555555556,9,-0.06084421995165423,-6.084421995165423,27.630698950403065,2.1289021189397435,1.5888888888888887e-09,4.74211665608418,10856.147764956579,0.08561477649565791
btc_hl_breakout_6m,0,0.02,0.05,0.0,0.05,60,random,-0.0015074796841956924,-0.15074796841956925,0.34210526315789475,38,-0.018450709963165113,-1.8450709963165113,-1.9874108968458066,0.9665757416189596,3.425438596491228e-10,-0.0719746785941429,9984.925203158044,-0.0015074796841956924
btc_hl_breakout_7m,0,0.01,0.02,0.0,0.1,20,random,0.0017770807569976795,0.17770807569976796,0.36585365853658536,82,-0.04327038608303524,-4.327038608303524,1.6610491008907535,1.0148520654972861,1.2865853658536587e-10,0.02909771084157945,10017.770807569977,0.0017770807569976795
btc_small_down_10m,0,0.03,0.1,0.0,0.05,480,random,0.015671479804584623,1.5671479804584623,0.38095238095238093,21,-0.01508172313663203,-1.508172313663203,24.157994050255066,1.5474210278084155,6.238095238095238e-10,1.4985947600368208,10156.714798045847,0.015671479804584623
btc_hl_breakout_5m,0,0.035,0.05,0.0,0.3,180,random,0.027402142743877495,2.7402142743877493,0.4666666666666667,30,-0.10483043256515134,-10.483043256515135,7.643106207644166,1.1076378608753141,4.6333333333333334e-10,0.35996301375435924,10274.021427438774,0.027402142743877495
btc_hl_breakout_3m,0,0.06,0.025,0.0,0.1,720,random,0.03913212667458922,3.913212667458922,0.71875,32,-0.028645247133246565,-2.8645247133246565,26.22848711348315,1.5987961928707266,4.192708333333333e-10,1.2173670287286782,10391.321266745892,0.03913212667458922
btc_small_down_10m,0,0.025,0.15,0.0,0.4,720,random,0.058255193995187436,5.825519399518743,0.2857142857142857,14,-0.128915680698103,-12.8915680698103,11.707085278360518,1.3260556895628872,9.892857142857143e-10,1.2006986116049354,10582.551939951874,0.058255193995187436
btc_bullish,0,0.08,0.12,0.0,0.5,180,random,0.13533938686925204,13.533938686925204,0.5,10,-0.1625015881587607,-16.25015881587607,18.68691412636869,1.4790623380962047,1.4616666666666667e-09,2.9689138940803605,11353.393868692521,0.13533938686925204
btc_hl_breakout_9m,0,0.0175,0.06,0.0,0.4,360,random,0.024830155196283295,2.4830155196283297,0.3076923076923077,39,-0.16764278354266338,-16.764278354266338,5.853067353376148,1.0620452114455592,3.337606837606838e-10,0.2307557474448907,10248.301551962833,0.024830155196283295
btc_hl_breakout_3m,0,0.02,0.05,0.0,0.15,60,random,0.015044968592935743,1.5044968592935744,0.3783783783783784,37,-0.05019359433908788,-5.019359433908788,7.798338565192781,1.1188572714919696,3.5045045045045046e-10,0.29249918643936706,10150.449685929358,0.015044968592935743
btc_hl_breakout_6m,0,0.01,0.01,0.0,0.3,20,random,-0.021717559431275412,-2.171755943127541,0.5168539325842697,89,-0.10693204680358681,-10.693204680358681,-4.829966191975255,0.9330824916873574,1.0318352059925093e-10,-0.06701197986647427,9782.824405687246,-0.021717559431275412
btc_vol_breakout_2m,0,0.06,0.01,0.0,0.3,30,random,0.1123528701264328,11.23528701264328,0.8333333333333334,48,-0.05544431905451508,-5.544431905451508,27.570374019532256,1.6057914940929687,2.4097222222222223e-10,0.7649528699630463,11123.528701264328,0.1123528701264328
btc_hl_breakout_4m,0,0.01,0.02,0.0,0.4,180,random,0.022517166794962896,2.2517166794962895,0.4246575342465753,73,-0.10303648685664468,-10.303648685664468,5.954353289924878,1.0524452616264763,1.4200913242009132e-10,0.1016094441198141,10225.17166794963,0.022517166794962896
btc_hl_breakout_2m,0,0.015,0.1,0.0,0.25,45,random,0.03990279482859651,3.990279482859651,0.26666666666666666,30,-0.08380857704166633,-8.380857704166633,12.48884698724652,1.2249551687695437,4.472222222222222e-10,0.5751916530658355,10399.027948285966,0.03990279482859651
btc_small_down_10m,0,0.1,0.3,0.0,0.1,240,random,0.0407489831952135,4.07489831952135,0.6,5,-0.03530128945244504,-3.530128945244504,24.789482293365925,2.689191615047493,2.903333333333333e-09,8.216959643602959,10407.489831952134,0.0407489831952135
btc_bullish,0,0.025,0.04,0.0,0.3,240,random,0.09450950790317807,9.450950790317806,0.4666666666666667,45,-0.09142369243547199,-9.142369243547199,21.23541059916282,1.3104034489862861,2.9222222222222223e-10,0.7137717394654014,10945.09507903178,0.09450950790317807
btc_vol_breakout_10m,0,0.05,0.1,0.0,0.2,60,random,0.037004583092905524,3.7004583092905525,0.42105263157894735,19,-0.06869883331185578,-6.869883331185578,14.192315818268781,1.256085278565299,6.254385964912281e-10,1.0360139202419285,10370.045830929055,0.037004583092905524
btc_hl_breakout_9m,0,0.0125,0.12,0.0,0.1,60,random,0.03260219889401541,3.260219889401541,0.23529411764705882,34,-0.034498817012699856,-3.4498817012699856,20.904472457576805,1.4237582825036077,3.926470588235294e-10,0.974693706973627,10326.021988940154,0.03260219889401541
btc_hl_breakout_10m,0,0.01,0.025,0.0,0.2,90,random,0.004940479210583749,0.49404792105837486,0.3484848484848485,66,-0.0737657096361034,-7.376570963610341,2.6128549809476187,1.0231660561365103,1.585858585858586e-10,0.05444428813181516,10049.404792105837,0.004940479210583749
btc_hl_breakout_10m,0,0.0075,0.03,0.0,0.3,15,random,0.011404936381347488,1.1404936381347488,0.3181818181818182,66,-0.13247177322305648,-13.247177322305648,3.940042178588142,1.033943753338651,1.6363636363636363e-10,0.08406058975723393,10114.049363813476,0.011404936381347488
btc_vol_breakout_3m,0,0.1,0.2,0.0,0.3,90,random,0.10058260788566559,10.058260788566558,0.5714285714285714,7,-0.10012978419161445,-10.012978419161445,21.939476710475166,1.917362955726279,2.0023809523809523e-09,4.955171733182269,11005.826078856655,0.10058260788566559
btc_vol_breakout_10m,0,0.03,0.05,0.0,0.3,10,random,0.05833660426327628,5.833660426327628,0.45454545454545453,22,-0.06451150515833548,-6.4511505158335485,17.375876436468836,1.3750514584379836,4.848484848484848e-10,0.915810126543067,10583.366042632762,0.05833660426327628
btc_vol_breakout_10m,0,0.025,0.3,0.0,0.2,180,random,0.04721844119712866,4.721844119712866,0.2857142857142857,7,-0.04144298409225755,-4.144298409225755,18.07485379598666,2.327681994792696,1.9428571428571428e-09,3.4514006806174926,10472.184411971286,0.04721844119712866
btc_hl_breakout_4m,0,0.1,0.03,0.0,0.1,720,random,0.03275510435165179,3.275510435165179,0.76,25,-0.032296462663496506,-3.2296462663496506,21.982510649567747,1.5268690734631118,5.593333333333334e-10,1.3146977159920916,10327.551043516518,0.03275510435165179
btc_hl_breakout_6m,0,0.0075,0.035,0.0,0.4,60,random,-0.04465927636695342,-4.4659276366953415,0.27419354838709675,62,-0.1763878327184869,-17.63878327184869,-7.546770118333992,0.898739865232393,1.8844086021505378e-10,-0.15128786824819748,9553.407236330466,-0.04465927636695342
btc_small_down_10m,0,0.06,0.025,0.0,0.4,10,random,0.09586755145205034,9.586755145205034,0.6896551724137931,29,-0.12729375572460377,-12.729375572460377,17.917777220809313,1.3509304503913742,3.7701149425287353e-10,0.8549617456723045,10958.675514520502,0.09586755145205034
btc_hl_breakout_7m,0,0.015,0.25,0.0,0.4,720,random,0.16636102248035478,16.636102248035478,0.21052631578947367,19,-0.13624291436859992,-13.624291436859991,25.757606219949217,1.845599712333426,7.350877192982457e-10,2.269707771812253,11663.610224803548,0.16636102248035478
btc_hl_breakout_2m,0,0.1,0.1,0.0,0.25,360,random,0.10887067246509269,10.887067246509268,0.5833333333333334,12,-0.07562782305593008,-7.562782305593007,28.147882463038428,1.8773203386808446,1.1583333333333334e-09,3.613643828577638,11088.706724650927,0.10887067246509269
btc_vol_breakout_2m,0,0.04,0.06,0.0,0.15,20,random,0.03273393542124872,3.273393542124872,0.46153846153846156,26,-0.05027629960145097,-5.027629960145097,15.848142326174358,1.282858781144372,5.326923076923076e-10,0.8663511358744534,10327.339354212487,0.03273393542124872
btc_small_down_10m,0,0.06,0.08,0.0,0.3,15,random,0.10028657663892522,10.028657663892522,0.5333333333333333,15,-0.10456722512829841,-10.456722512829842,22.113850756075234,1.6149335733263475,8.744444444444445e-10,2.2572018015056856,11002.865766389252,0.10028657663892522
btc_vol_breakout_8m,0,0.0175,0.08,0.0,0.25,5,random,0.030121291979166607,3.0121291979166607,0.2857142857142857,28,-0.07078068244310864,-7.078068244310865,10.117868480109141,1.1676648679113835,4.017857142857143e-10,0.47648039001528186,10301.212919791666,0.030121291979166607
btc_bullish,0,0.005,0.1,0.0,0.4,20,random,0.09665131421127734,9.665131421127734,0.1724137931034483,58,-0.10978133679188884,-10.978133679188884,16.899354423675852,1.2563849159243348,2.1867816091954025e-10,0.4510920713580745,10966.513142112773,0.09665131421127734
btc_hl_breakout_10m,0,0.015,0.05,0.0,0.05,360,random,0.010854766171912065,1.0854766171912065,0.3488372093023256,43,-0.015238581553116082,-1.5238581553116082,14.819210452899428,1.2375027207243796,2.9108527131782946e-10,0.5111156019184003,10108.54766171912,0.010854766171912065
btc_bullish,0,0.01,0.04,0.0,0.2,30,random,0.053349503869415525,5.334950386941553,0.3384615384615385,65,-0.055841747447087475,-5.584174744708747,18.230277868633312,1.2413068806966494,1.9051282051282052e-10,0.42066893065125754,10533.495038694155,0.053349503869415525
btc_hl_breakout_6m,0,0.015,0.3,0.0,0.15,720,random,0.046811745186536406,4.68117451865364,0.4,5,-0.05371355707482184,-5.371355707482184,18.701819914632544,4.048846509858416,2.93e-09,6.263805056306766,10468.117451865364,0.046811745186536406
btc_vol_breakout_2m,0,0.0175,0.3,0.0,0.5,5,random,0.2143457895300381,21.43457895300381,0.21428571428571427,14,-0.1541781993267427,-15.41781993267427,26.08944953303592,1.951980364045522,1.0083333333333333e-09,3.2441600659688303,12143.45789530038,0.2143457895300381
btc_hl_breakout_2m,0,0.06,0.2,0.0,0.4,5,random,0.04606027987461425,4.606027987461426,0.4,10,-0.14689766293605044,-14.689766293605045,9.622705906241718,1.2258273573852825,1.455e-09,1.4323609815004659,10460.602798746142,0.04606027987461425
btc_hl_breakout_8m,0,0.04,0.04,0.0,0.3,30,random,0.06162119332468737,6.1621193324687376,0.5151515151515151,33,-0.10644949139479709,-10.64494913947971,14.519568645142453,1.2140383417521654,3.9747474747474744e-10,0.6703308304002115,10616.211933246874,0.06162119332468737
btc_hl_breakout_1m,0,0.0175,0.25,0.0,0.25,90,random,0.07084869683443867,7.084869683443867,0.21052631578947367,19,-0.08268561884265968,-8.268561884265967,20.176809085663486,1.4777725772382695,7.149122807017544e-10,1.605852691060799,10708.486968344387,0.07084869683443867
btc_hl_breakout_3m,0,0.035,0.01,0.0,0.3,360,random,0.0775822899260751,7.758228992607511,0.7321428571428571,56,-0.06802448832196095,-6.802448832196095,20.230656221601425,1.30939709613698,1.9970238095238096e-10,0.47020272256891343,10775.822899260751,0.0775822899260751
btc_vol_breakout_3m,0,0.0175,0.12,0.0,0.05,5,random,0.010697438728812255,1.0697438728812256,0.2857142857142857,21,-0.01687329739065868,-1.6873297390658681,15.755278349162921,1.3835355473963558,5.873015873015873e-10,1.0326209337788312,10106.974387288123,0.010697438728812255
btc_hl_breakout_7m,0,0.0075,0.25,0.0,0.4,45,random,0.13851877520922817,13.851877520922818,0.16666666666666666,24,-0.13509201499796786,-13.509201499796786,21.962926680819326,1.6179814936481858,5.715277777777778e-10,1.5462078170805855,11385.187752092283,0.13851877520922817
btc_small_up_9m,0,0.02,0.015,0.0,0.4,240,random,0.08374725490891992,8.374725490891992,0.5576923076923077,52,-0.06953655219768906,-6.9536552197689065,18.143538372286006,1.2633560967293966,1.730769230769231e-10,0.418379772644242,10837.4725490892,0.08374725490891992
btc_vol_breakout_9m,0,0.01,0.035,0.0,0.05,60,random,0.005999091017486717,0.5999091017486716,0.32558139534883723,43,-0.009787106001289625,-0.9787106001289625,11.793902895523823,1.1864107607852714,1.9379844961240308e-10,0.2824317710542811,10059.990910174867,0.005999091017486717
btc_hl_breakout_10m,0,0.06,0.01,0.0,0.1,240,random,0.0322339518689144,3.22339518689144,0.8048780487804879,41,-0.02520439085866999,-2.520439085866999,22.258946262035526,1.5285124244856565,3.154471544715447e-10,0.786359216674319,10322.339518689145,0.0322339518689144
btc_alt_aligned,0,0.01,0.025,0.0,0.3,5,random,0.04561241633440186,4.561241633440186,0.37209302325581395,86,-0.0999529492140917,-9.99529492140917,11.134981488610139,1.112349255766628,1.5426356589147287e-10,0.1965377126094685,10456.124163344019,0.04561241633440186
btc_hl_breakout_3m,0,0.0175,0.1,0.0,0.15,20,random,0.02358566532150103,2.358566532150103,0.2962962962962963,27,-0.05043186811911271,-5.043186811911271,11.956669654205042,1.2369224069576752,4.82716049382716e-10,0.6090368676076203,10235.85665321501,0.02358566532150103
btc_hl_breakout_8m,0,0.02,0.045,0.0,0.3,20,random,0.026816276751811485,2.6816276751811485,0.38095238095238093,42,-0.10406086465782916,-10.406086465782916,7.176762881625831,1.0912786549312845,3.055555555555555e-10,0.25307376762722994,10268.162767518115,0.026816276751811485
btc_hl_breakout_2m,0,0.04,0.12,0.0,0.15,720,random,0.042201812495019884,4.220181249501988,0.3888888888888889,18,-0.050453381868227565,-5.0453381868227565,19.677665603636225,1.4160866017103733,7.86111111111111e-10,1.61201178910019,10422.018124950198,0.042201812495019884
btc_hl_breakout_2m,0,0.03,0.04,0.0,0.15,480,random,0.032317561985472795,3.2317561985472794,0.5135135135135135,37,-0.04653945255804315,-4.653945255804315,16.52045739252537,1.2495740993373032,3.6936936936936936e-10,0.595975912226852,10323.175619854728,0.032317561985472795
btc_hl_breakout_10m,0,0.005,0.02,0.0,0.05,360,random,0.0007308305640275478,0.07308305640275478,0.313953488372093,86,-0.025171853843816705,-2.5171853843816705,1.277296944839246,1.0135069540512875,1.0736434108527132e-10,0.0202661088925181,10007.308305640276,0.0007308305640275478
btc_hl_breakout_8m,0,0.1,0.12,0.0,0.1,30,random,0.03367234495716617,3.3672344957166174,0.5,12,-0.03699158917316947,-3.699158917316947,22.02684715850882,1.581639023808497,1.2111111111111111e-09,2.8482362586180883,10336.723449571662,0.03367234495716617
btc_hl_breakout_4m,0,0.08,0.15,0.0,0.2,360,random,0.08373186158281458,8.373186158281458,0.5454545454545454,11,-0.06716693707617827,-6.716693707617827,26.30789194048784,1.7884935973013831,1.3242424242424243e-09,3.8530790449620023,10837.318615828146,0.08373186158281458
btc_hl_breakout_5m,0,0.005,0.15,0.0,0.2,1440,random,0.05482541802912556,5.482541802912555,0.16216216216216217,37,-0.07884266949656915,-7.884266949656915,18.33066430778997,1.3799672886464023,3.391891891891892e-10,0.77749320178879,10548.254180291256,0.05482541802912556
btc_hl_breakout_9m,0,0.0075,0.015,0.0,0.1,5,random,-0.0055385750231943575,-0.5538575023194358,0.37209302325581395,86,-0.05312648313807267,-5.312648313807267,-3.582918498408529,0.9535197914303944,1.1007751937984496e-10,-0.057972360424083186,9944.614249768056,-0.0055385750231943575
btc_hl_breakout_2m,0,0.04,0.03,0.0,0.5,5,random,0.09652371379273308,9.652371379273308,0.5945945945945946,37,-0.13904239105811833,-13.904239105811833,15.555340844575552,1.201928200199849,3.5e-10,0.5720277450697938,10965.237137927332,0.09652371379273308
btc_hl_breakout_5m,0,0.04,0.3,0.0,0.05,10,random,0.02153624753991894,2.153624753991894,0.3333333333333333,9,-0.01825488094012606,-1.8254880940126061,25.031604087936138,2.134849648049292,1.625925925925926e-09,4.819012988687146,10215.36247539919,0.02153624753991894
btc_hl_breakout_6m,0,0.04,0.15,0.0,0.3,90,random,0.07800876520989418,7.8008765209894175,0.38461538461538464,13,-0.10568300337881398,-10.568300337881398,17.385168991167415,1.4904410681330613,1.0897435897435898e-09,2.1275479230525227,10780.087652098942,0.07800876520989418
btc_vol_breakout_9m,0,0.04,0.08,0.0,0.4,360,random,0.06307104840060024,6.307104840060024,0.4,20,-0.12313645660076422,-12.313645660076421,13.019952779150936,1.2272606607522656,6.075e-10,0.8898681859826716,10630.710484006002,0.06307104840060024
btc_vol_breakout_3m,0,0.025,0.1,0.0,0.4,480,random,0.0738699818790803,7.38699818790803,0.34782608695652173,23,-0.14234646961519826,-14.234646961519825,14.650491737167185,1.2675344243808941,5.543478260869566e-10,0.8865165447320482,10738.699818790803,0.0738699818790803
btc_small_down_10m,0,0.03,0.025,0.0,0.05,45,random,0.017074069305391112,1.7074069305391113,0.6341463414634146,41,-0.008640916376561392,-0.8640916376561392,27.425993194831893,1.5066735756478606,2.4715447154471546e-10,0.8319397172805968,10170.740693053911,0.017074069305391112
btc_hl_breakout_1m,0,0.0175,0.035,0.0,0.05,360,random,0.0013622655628416566,0.13622655628416566,0.375,48,-0.01816819556441529,-1.816819556441529,2.3475519763471606,1.0294110858831689,2.628472222222222e-10,0.06187003007810064,10013.622655628416,0.0013622655628416566
btc_vol_breakout_10m,0,0.04,0.25,0.0,0.1,720,random,0.03095931032089085,3.095931032089085,0.3333333333333333,12,-0.03197979831605102,-3.1979798316051022,21.575661540976828,1.6283300241050775,1.0819444444444446e-09,2.6415926754785235,10309.593103208908,0.03095931032089085
btc_hl_breakout_9m,0,0.0175,0.1,0.0,0.25,90,random,0.025094228719762895,2.5094228719762897,0.2647058823529412,34,-0.11206703412590113,-11.206703412590112,7.7014224158877544,1.1114671519442874,3.8333333333333335e-10,0.34785553212529924,10250.94228719763,0.025094228719762895
btc_vol_breakout_2m,0,0.0075,0.08,0.0,0.5,360,random,-0.029017279912662706,-2.9017279912662706,0.1568627450980392,51,-0.1959945257324719,-19.599452573247188,-2.651127420794569,0.9349985515969651,2.3333333333333335e-10,-0.06284748286336495,9709.827200873373,-0.029017279912662706
btc_small_up_9m,0,0.0075,0.01,0.0,0.3,1440,random,0.02338192844181153,2.3381928441811533,0.484375,64,-0.05178514088487052,-5.178514088487052,8.200286019935286,1.1119746643025674,1.0885416666666667e-10,0.13576385554631076,10233.819284418116,0.02338192844181153
btc_hl_breakout_2m,0,0.0175,0.045,0.0,0.15,480,random,-0.014667465273959466,-1.4667465273959466,0.3181818181818182,44,-0.06855536141853147,-6.855536141853147,-7.10336201599529,0.8986979695339331,2.8295454545454544e-10,-0.2073295189834205,9853.325347260405,-0.014667465273959466
btc_hl_breakout_6m,0,0.0125,0.08,0.0,0.5,20,random,0.00962311510621903,0.962311510621903,0.24324324324324326,37,-0.18495398385582318,-18.49539838558232,3.407972163883527,1.0220301847669746,3.490990990990991e-10,0.13622456119849008,10096.231151062191,0.00962311510621903
btc_vol_breakout_8m,0,0.08,0.2,0.0,0.05,180,random,0.013547741239509787,1.3547741239509787,0.5,8,-0.0171912003407656,-1.71912003407656,19.320751613478265,1.6601117010521895,1.7916666666666666e-09,3.427448226356458,10135.477412395097,0.013547741239509787
btc_hl_breakout_1m,0,0.03,0.06,0.0,0.05,1440,random,0.00479859943764082,0.47985994376408203,0.36666666666666664,30,-0.019954562100058304,-1.9954562100058304,7.215577049716374,1.1158286536415514,4.4888888888888887e-10,0.330732090022796,10047.985994376408,0.00479859943764082
btc_vol_breakout_8m,0,0.05,0.01,0.0,0.5,1440,random,0.049715284316385625,4.971528431638562,0.7674418604651163,43,-0.108892572333955,-10.8892572333955,10.49912670715167,1.15495253656132,2.375968992248062e-10,0.2661707686349669,10497.152843163856,0.049715284316385625
btc_alt_aligned,0,0.01,0.035,0.0,0.25,180,random,0.04414256145037207,4.414256145037207,0.32894736842105265,76,-0.08340455574633243,-8.340455574633243,12.380419130274694,1.1357641293199898,1.7653508771929825e-10,0.2506612732436398,10441.425614503722,0.04414256145037207
btc_vol_breakout_2m,0,0.04,0.06,0.0,0.4,60,random,0.08231653683934159,8.231653683934159,0.46153846153846156,26,-0.12977650620803893,-12.977650620803892,15.706433036827763,1.2488173752789078,5.326923076923076e-10,0.8663511358744557,10823.165368393416,0.08231653683934159
btc_hl_breakout_8m,0,0.015,0.12,0.0,0.2,240,random,0.05205891284901347,5.205891284901347,0.25,28,-0.07256982001989432,-7.2569820019894316,17.25293291898752,1.364430281934572,4.827380952380953e-10,0.9721944191149511,10520.589128490135,0.05205891284901347
btc_vol_breakout_9m,0,0.0075,0.15,0.0,0.5,90,random,0.029368644343837787,2.9368644343837786,0.12,25,-0.1380547523738327,-13.80547523738327,6.598437633635673,1.1165262631100599,4.726666666666667e-10,0.34315794801861177,10293.686443438379,0.029368644343837787
btc_hl_breakout_4m,0,0.005,0.2,0.0,0.4,10,random,0.07096839147394812,7.096839147394812,0.13793103448275862,29,-0.11703126854058077,-11.703126854058077,14.126473775951746,1.2921138592340675,4.339080459770115e-10,0.7258441924151698,10709.683914739482,0.07096839147394812
btc_vol_breakout_2m,0,0.0175,0.1,0.0,0.2,90,random,0.038235563896523016,3.8235563896523015,0.2962962962962963,27,-0.06915908842353857,-6.915908842353858,14.203811403269247,1.3021672774207895,4.820987654320988e-10,0.7388411833837555,10382.35563896523,0.038235563896523016
btc_vol_breakout_8m,0,0.03,0.015,0.0,0.1,5,random,0.019744839719948323,1.9744839719948324,0.6428571428571429,42,-0.017731042980977163,-1.7731042980977163,18.468331731501454,1.3312090314285245,2.2738095238095237e-10,0.4736097133571864,10197.448397199483,0.019744839719948323
btc_hl_breakout_8m,0,0.035,0.2,0.0,0.2,1440,random,0.07247617085215556,7.247617085215556,0.3333333333333333,15,-0.07255580216910285,-7.2555802169102845,23.266477545329828,1.6011039992843203,9.411111111111112e-10,2.4985840945563633,10724.761708521555,0.07247617085215556
btc_vol_breakout_9m,0,0.1,0.03,0.0,0.2,1440,random,0.05141099362008895,5.1410993620088945,0.7619047619047619,21,-0.04588548791365865,-4.588548791365865,22.080503836433245,1.5043115153444344,5.944444444444444e-10,1.2392018267182634,10514.10993620089,0.05141099362008895
btc_hl_breakout_10m,0,0.06,0.15,0.0,0.3,1440,random,0.08317795635841976,8.317795635841977,0.5,10,-0.10517894953328888,-10.517894953328888,18.422429226270506,1.6255854031681654,1.4466666666666666e-09,2.8848193772413704,10831.779563584198,0.08317795635841976
btc_hl_breakout_3m,0,0.04,0.03,0.0,0.2,90,random,0.03754753497042491,3.7547534970424907,0.5945945945945946,37,-0.057291657089659886,-5.729165708965988,14.353205863455186,1.2174990189217538,3.5405405405405404e-10,0.5268792456605019,10375.47534970425,0.03754753497042491
btc_vol_breakout_8m,0,0.015,0.25,0.0,0.5,120,random,0.22914435439840353,22.914435439840354,0.17647058823529413,17,-0.10168260817738084,-10.168260817738084,33.71560499086128,2.083288140903367,7.470588235294117e-10,2.738000629517736,12291.443543984034,0.22914435439840353
btc_hl_breakout_1m,0,0.03,0.08,0.0,0.25,360,random,0.019559200332155295,1.9559200332155295,0.375,24,-0.09650656818809,-9.650656818809,6.6821551308852065,1.1013656333653081,5.75e-10,0.3895508873091319,10195.592003321553,0.019559200332155295
btc_hl_breakout_8m,0,0.015,0.035,0.0,0.2,120,random,0.043756068074194285,4.3756068074194285,0.39215686274509803,51,-0.06351075236368842,-6.351075236368842,15.630575559601393,1.213653902714741,2.2908496732026143e-10,0.44574914956119976,10437.560680741943,0.043756068074194285
btc_hl_breakout_4m,0,0.035,0.2,0.0,0.1,1440,random,0.05211760095795104,5.211760095795103,0.45454545454545453,11,-0.0280543180254772,-2.80543180254772,32.54987587174203,2.414720696570698,1.321212121212121e-09,4.717913526775073,10521.17600957951,0.05211760095795104
btc_alt_aligned,0,0.06,0.12,0.0,0.4,480,random,0.14127042297924264,14.127042297924264,0.4375,16,-0.13836652157810203,-13.836652157810203,22.87306396363531,1.499253777098959,9.135416666666667e-10,2.2836498662166296,11412.704229792427,0.14127042297924264
btc_hl_breakout_2m,0,0.035,0.1,0.0,0.1,480,random,0.01998289780592138,1.998289780592138,0.42105263157894735,19,-0.03360028965960249,-3.360028965960249,14.355269332997189,1.320819231159977,7.324561403508771e-10,1.0769417266375347,10199.828978059213,0.01998289780592138
btc_hl_breakout_7m,0,0.005,0.1,0.0,0.4,120,random,0.07353381059601342,7.353381059601342,0.18,50,-0.16768512214854037,-16.768512214854038,13.71220674578584,1.199884039366765,2.43e-10,0.41641845355004536,10735.338105960134,0.07353381059601342
btc_vol_breakout_10m,0,0.015,0.06,0.0,0.05,1440,random,0.011623380604486208,1.1623380604486209,0.3333333333333333,27,-0.010647352679838296,-1.0647352679838296,20.229773681886403,1.4999348848810077,3.7962962962962964e-10,0.8635764285962308,10116.233806044862,0.011623380604486208
btc_alt_aligned,0,0.03,0.15,0.0,0.05,60,random,0.01670055866791845,1.670055866791845,0.3333333333333333,18,-0.017975091665867193,-1.7975091665867193,20.759550124144035,1.5831562757827704,8.074074074074074e-10,1.8689033009487919,10167.005586679184,0.01670055866791845
btc_hl_breakout_7m,0,0.025,0.05,0.0,0.2,20,random,0.04167328056003855,4.167328056003855,0.40540540540540543,37,-0.06555738426892543,-6.555738426892543,14.122710989923744,1.2232434021314889,3.747747747747748e-10,0.5908501158918719,10416.732805600386,0.04167328056003855
btc_hl_breakout_9m,0,0.05,0.12,0.0,0.1,180,random,0.030145718360454772,3.0145718360454774,0.42105263157894735,19,-0.04016621448270086,-4.016621448270086,19.265228979959613,1.392089095296971,7.368421052631579e-10,1.6227137108690841,10301.457183604547,0.030145718360454772
btc_vol_breakout_10m,0,0.015,0.15,0.0,0.05,45,random,0.010351378767496066,1.0351378767496067,0.17647058823529413,17,-0.010720562041478643,-1.0720562041478643,16.74546847155385,1.5610146758105856,7.019607843137255e-10,1.231223482565337,10103.513787674961,0.010351378767496066
btc_hl_breakout_9m,0,0.03,0.035,0.0,0.5,1440,random,0.08877552201670205,8.877552201670206,0.48717948717948717,39,-0.1944962933573301,-19.44962933573301,13.822291757800189,1.1684359516991598,3.2649572649572653e-10,0.5157004540142459,10887.75522016702,0.08877552201670205
btc_hl_breakout_7m,0,0.015,0.02,0.0,0.15,480,random,0.039600774229738386,3.9600774229738387,0.4696969696969697,66,-0.04413668144627991,-4.413668144627991,20.308349611482633,1.2692799418857241,1.7348484848484846e-10,0.4043386191811845,10396.007742297385,0.039600774229738386
btc_hl_breakout_6m,0,0.1,0.01,0.0,0.3,5,random,0.05890014643133081,5.890014643133081,0.8378378378378378,37,-0.09861354501115172,-9.861354501115171,14.42588953014317,1.3028900953195222,3.2837837837837835e-10,0.5597931012528199,10589.001464313307,0.05890014643133081
btc_hl_breakout_10m,0,0.005,0.015,0.0,0.1,360,random,-0.0005497263700894223,-0.05497263700894223,0.3333333333333333,93,-0.04937280213468287,-4.937280213468287,-0.01254297258951982,0.9950760154235115,9.480286738351255e-11,-7.841100784292121e-07,9994.502736299106,-0.0005497263700894223
btc_hl_breakout_10m,0,0.035,0.05,0.0,0.1,240,random,0.020924063925689552,2.092406392568955,0.46875,32,-0.03741140805327403,-3.741140805327403,14.026723341576375,1.23421350624745,4.119791666666667e-10,0.6707738402833094,10209.240639256896,0.020924063925689552
btc_hl_breakout_10m,0,0.05,0.025,0.0,0.3,15,random,0.08009668373825944,8.009668373825944,0.6486486486486487,37,-0.09105888708286602,-9.105888708286603,18.68051764926506,1.298791500418494,3.5495495495495495e-10,0.7462191892232402,10800.966837382595,0.08009668373825944
btc_alt_aligned,0,0.0125,0.3,0.0,0.2,30,random,0.08887791419710261,8.887791419710261,0.21428571428571427,14,-0.06278766888372078,-6.278766888372078,26.27528138810448,2.485969254506361,1.0452380952380954e-09,3.189200027251181,10888.779141971027,0.08887791419710261
btc_hl_breakout_5m,0,0.02,0.1,0.0,0.2,10,random,0.02771452195562647,2.771452195562647,0.3076923076923077,26,-0.06901239303736839,-6.901239303736839,10.449614053888354,1.1971447641783375,5.371794871794872e-10,0.5740098909029318,10277.145219556265,0.02771452195562647
btc_hl_breakout_6m,0,0.04,0.03,0.0,0.5,5,random,0.01377152325222296,1.3771523252222961,0.5555555555555556,36,-0.16232651376145546,-16.232651376145547,4.005222817189266,1.028515777241178,3.597222222222222e-10,0.14959770637203387,10137.71523252223,0.01377152325222296
btc_hl_breakout_6m,0,0.0075,0.05,0.0,0.15,10,random,-0.01570695240761388,-1.570695240761388,0.23636363636363636,55,-0.062448265930102775,-6.244826593010277,-7.679107705931906,0.8953193219211756,2.209090909090909e-10,-0.17649354206299356,9842.930475923862,-0.01570695240761388
btc_hl_breakout_2m,0,0.0075,0.25,0.0,0.15,180,random,0.02569526070654588,2.5695260706545877,0.12903225806451613,31,-0.06059184078742186,-6.059184078742186,12.07621477744045,1.2468939895078008,4.32258064516129e-10,0.6079523539014886,10256.95260706546,0.02569526070654588
btc_hl_breakout_4m,0,0.0175,0.08,0.0,0.25,45,random,0.05030941632109379,5.030941632109379,0.3448275862068966,29,-0.07385843724729813,-7.3858437247298125,15.464163418350905,1.2819025333670215,4.5344827586206896e-10,0.7283893885979906,10503.094163210939,0.05030941632109379
btc_hl_breakout_2m,0,0.08,0.05,0.0,0.3,5,random,0.1163076057736047,11.630760577360471,0.6666666666666666,21,-0.099771934066198,-9.9771934066198,25.37923414834487,1.5809904833765922,6.746031746031746e-10,1.845877261751911,11163.076057736047,0.1163076057736047
btc_hl_breakout_2m,0,0.04,0.15,0.0,0.4,5,random,0.17021969683139437,17.02196968313944,0.46153846153846156,13,-0.1224308096710236,-12.24308096710236,26.739208950280652,1.7664566141896827,1.1064102564102564e-09,3.3252208021380527,11702.196968313943,0.17021969683139437
btc_hl_breakout_7m,0,0.035,0.3,0.0,0.2,180,random,0.07345096213097818,7.345096213097818,0.2727272727272727,11,-0.08179190949930615,-8.179190949930614,22.006591625316673,1.7939338322159506,1.2984848484848485e-09,3.4762162135368384,10734.509621309782,0.07345096213097818
btc_hl_breakout_7m,0,0.05,0.1,0.0,0.4,30,random,0.09793618442446532,9.793618442446531,0.42105263157894735,19,-0.15181702717404144,-15.181702717404145,16.840590138563805,1.315332097909511,7.456140350877193e-10,1.3979062029415747,10979.361844244653,0.09793618442446532
btc_vol_breakout_9m,0,0.025,0.015,0.0,0.3,120,random,0.06547989039514927,6.547989039514928,0.6341463414634146,41,-0.052888229955284194,-5.288822995528419,20.93949928065898,1.375613673091584,2.0243902439024392e-10,0.5383875503534972,10654.798903951492,0.06547989039514927
btc_hl_breakout_1m,0,0.05,0.025,0.0,0.2,360,random,0.05033031318861097,5.033031318861097,0.6666666666666666,36,-0.05305636738673658,-5.305636738673658,19.096565108240778,1.3116485803313356,3.5879629629629633e-10,0.7129318772859315,10503.30313188611,0.05033031318861097
btc_hl_breakout_10m,0,0.015,0.025,0.0,0.4,480,random,0.11396576150810306,11.396576150810306,0.4666666666666667,60,-0.09648181444918857,-9.648181444918858,20.442398740858444,1.2533319539516408,1.8388888888888888e-10,0.4900868652553094,11139.65761508103,0.11396576150810306
btc_vol_breakout_3m,0,0.03,0.12,0.0,0.1,15,random,0.015006135664750434,1.5006135664750433,0.3333333333333333,18,-0.03976997364708512,-3.976997364708512,10.977053346079982,1.2448673609868408,7.324074074074074e-10,0.8715327780090573,10150.061356647504,0.015006135664750434
btc_hl_breakout_4m,0,0.025,0.2,0.0,0.5,10,random,0.27009139698511964,27.009139698511962,0.38461538461538464,13,-0.12377310508123263,-12.377310508123262,32.971259981089325,2.223067927996648,1.1076923076923078e-09,4.056889220669505,12700.913969851197,0.27009139698511964
btc_hl_breakout_5m,0,0.06,0.04,0.0,0.25,180,random,0.07516348334127579,7.516348334127579,0.64,25,-0.0882808960646172,-8.82808960646172,20.116543042856595,1.4263259423735386,5.493333333333333e-10,1.2184528878043617,10751.634833412758,0.07516348334127579
btc_small_up_10m,0,0.0075,0.045,0.0,0.25,180,random,0.0883081781516912,8.83081781516912,0.3333333333333333,51,-0.0588985385442643,-5.8898538544264305,25.639618375773665,1.4437543229157739,1.699346405228758e-10,0.6911626208181263,10883.081781516912,0.0883081781516912
btc_hl_breakout_5m,0,0.0175,0.02,0.0,0.25,45,random,-0.021460059733868685,-2.1460059733868686,0.4666666666666667,60,-0.10900430741878475,-10.900430741878475,-6.050457783605426,0.9206967004313252,1.8000000000000002e-10,-0.12519110449796242,9785.399402661313,-0.021460059733868685
btc_vol_breakout_3m,0,0.06,0.15,0.0,0.4,15,random,0.10253408195817693,10.253408195817693,0.5,10,-0.13847845126889302,-13.847845126889302,17.66827065997617,1.5499164576501774,1.395e-09,2.731735184283194,11025.340819581768,0.10253408195817693
btc_hl_breakout_3m,0,0.035,0.06,0.0,0.4,5,random,0.09791140402222341,9.791140402222341,0.48148148148148145,27,-0.13141910688914538,-13.141910688914537,18.359197634433222,1.3017003369705555,5.074074074074074e-10,0.9648088058105418,10979.114040222234,0.09791140402222341
btc_hl_breakout_8m,0,0.01,0.25,0.0,0.25,15,random,0.07340682668128443,7.3406826681284425,0.16,25,-0.09280188952452106,-9.280188952452107,18.955433816998934,1.5786977382979392,5.273333333333334e-10,1.2382240174838846,10734.068266812845,0.07340682668128443
btc_small_up_10m,0,0.01,0.02,0.0,0.5,720,random,0.05823792197196099,5.823792197196099,0.39344262295081966,61,-0.14918211026406902,-14.918211026406903,10.31324062411839,1.1164607101258581,1.308743169398907e-10,0.2279816606770007,10582.379219719609,0.05823792197196099
btc_vol_breakout_10m,0,0.03,0.015,0.0,0.05,45,random,0.007947634926460763,0.7947634926460763,0.625,40,-0.01018186511120478,-1.018186511120478,14.9533275600302,1.2688756022293675,2.345833333333333e-10,0.400187733949779,10079.476349264607,0.007947634926460763
btc_hl_breakout_1m,0,0.035,0.1,0.0,0.3,360,random,0.044476391936956634,4.447639193695664,0.4,20,-0.09989134562665813,-9.989134562665814,11.642996027136459,1.215628102386465,6.816666666666667e-10,0.8224259496601577,10444.763919369567,0.044476391936956634
btc_vol_breakout_2m,0,0.035,0.025,0.0,0.15,30,random,0.028685847063000394,2.868584706300039,0.6052631578947368,38,-0.03720950674659673,-3.720950674659673,14.856430860907468,1.2490066192089406,3.434210526315789e-10,0.514770289555022,10286.858470630004,0.028685847063000394
btc_alt_aligned,0,0.1,0.1,0.0,0.05,30,random,0.018146994924907484,1.8146994924907482,0.6363636363636364,11,-0.017738769289687983,-1.7738769289687983,23.20051270974411,1.7975567118914053,1.3333333333333333e-09,3.309151113749357,10181.469949249074,0.018146994924907484
btc_hl_breakout_1m,0,0.06,0.1,0.0,0.15,1440,random,0.04442156140873558,4.442156140873558,0.46153846153846156,13,-0.05388671390332289,-5.38867139033229,19.442033354003097,1.5709178713150544,1.0756410256410256e-09,2.3176512043961655,10444.215614087356,0.04442156140873558
btc_hl_breakout_7m,0,0.08,0.025,0.0,0.1,10,random,0.030008197991532166,3.0008197991532164,0.7307692307692307,26,-0.030243448390352423,-3.0243448390352423,20.298970076050267,1.480802874685242,5.358974358974359e-10,1.1599777692772892,10300.081979915321,0.030008197991532166
btc_vol_breakout_9m,0,0.05,0.25,0.0,0.5,5,random,0.12125609533635642,12.125609533635643,0.36363636363636365,11,-0.16469327756568242,-16.46932775656824,18.17333031094439,1.4015856741739732,1.2696969696969698e-09,2.631011552908431,11212.560953363565,0.12125609533635642
btc_vol_breakout_9m,0,0.06,0.02,0.0,0.1,45,random,0.02107646212427296,2.107646212427296,0.7333333333333333,30,-0.022048965412429955,-2.2048965412429955,19.380977107949107,1.391879422919422,3.261111111111111e-10,0.7079430969171283,10210.76462124273,0.02107646212427296
btc_hl_breakout_3m,0,0.015,0.03,0.0,0.25,45,random,0.054570118274464494,5.45701182744645,0.45454545454545453,55,-0.05904347709997482,-5.904347709997482,17.28436104085191,1.22144785983414,2.1030303030303032e-10,0.4097327894895379,10545.701182744644,0.054570118274464494
btc_bullish,0,0.0175,0.12,0.0,0.3,1440,random,0.0857630546136214,8.57630546136214,0.2692307692307692,26,-0.09255793455204508,-9.255793455204508,18.893661088773705,1.407330706420623,5.33974358974359e-10,1.1556385609044943,10857.630546136214,0.0857630546136214
btc_vol_breakout_8m,0,0.015,0.1,0.0,0.4,30,random,0.1433464159997442,14.334641599974422,0.28,25,-0.08217691449388942,-8.217691449388942,28.543713593779326,1.7045856695754773,4.753333333333333e-10,1.4219057912602098,11433.464159997442,0.1433464159997442
btc_small_up_10m,0,0.005,0.025,0.0,0.2,90,random,0.03379440824743076,3.3794408247430763,0.3382352941176471,68,-0.05884686619993529,-5.884686619993529,12.979943202998282,1.1838893759563365,1.0759803921568628e-10,0.2599110827638056,10337.944082474307,0.03379440824743076
btc_hl_breakout_1m,0,0.05,0.025,0.0,0.2,60,random,0.05033031318861097,5.033031318861097,0.6666666666666666,36,-0.05305636738673658,-5.305636738673658,19.096565108240778,1.3116485803313356,3.5879629629629633e-10,0.7129318772859315,10503.30313188611,0.05033031318861097
btc_hl_breakout_3m,0,0.1,0.25,0.0,0.15,60,random,0.06069728494128176,6.069728494128176,0.6,5,-0.049261882642318566,-4.926188264231857,24.423281653083166,2.5778015815827664,2.9599999999999997e-09,8.181220037099271,10606.972849412818,0.06069728494128176
btc_small_up_9m,0,0.02,0.1,0.0,0.4,15,random,0.0679948154221689,6.79948154221689,0.2962962962962963,27,-0.1286420379735137,-12.86420379735137,13.763365764887366,1.2342389242711787,4.2037037037037034e-10,0.7040083278339747,10679.948154221689,0.0679948154221689
btc_small_down_10m,0,0.02,0.1,0.0,0.25,10,random,0.06553644502569428,6.553644502569428,0.3333333333333333,27,-0.08246730626195264,-8.246730626195264,19.162712037465322,1.370529424313415,4.728395061728395e-10,1.0042427401397789,10655.364450256942,0.06553644502569428
btc_small_up_9m,0,0.01,0.2,0.0,0.4,5,random,0.03279705748571846,3.279705748571846,0.15384615384615385,26,-0.11817364973305644,-11.817364973305644,7.844082522580722,1.1360216744899496,4.314102564102564e-10,0.43010615389751755,10327.970574857185,0.03279705748571846
btc_hl_breakout_5m,0,0.025,0.015,0.0,0.1,15,random,0.01621261906978351,1.621261906978351,0.5862068965517241,58,-0.030419128939790374,-3.0419128939790374,12.507172534519732,1.1703512875918023,1.8793103448275864e-10,0.2862391955845455,10162.126190697834,0.01621261906978351
btc_hl_breakout_5m,0,0.005,0.045,0.0,0.3,45,random,0.03766381986302626,3.766381986302626,0.24285714285714285,70,-0.1308995508057207,-13.089955080572068,10.031159816359935,1.1172325446952074,1.5214285714285713e-10,0.20233126425507128,10376.638198630262,0.03766381986302626
btc_small_up_9m,0,0.0175,0.2,0.0,0.5,720,random,-0.011356767802926333,-1.1356767802926333,0.17391304347826086,23,-0.17156097859903308,-17.15609785990331,0.12280995117674734,0.9675969462978186,5.268115942028986e-10,0.07460271907466012,9886.432321970737,-0.011356767802926333
btc_small_down_10m,0,0.02,0.01,0.0,0.5,1440,random,0.14589513495594364,14.589513495594364,0.6071428571428571,56,-0.09125049069366487,-9.125049069366487,26.887431135766377,1.3858837308040655,1.2946428571428573e-10,0.5173698281485817,11458.951349559436,0.14589513495594364
btc_small_down_10m,0,0.025,0.15,0.0,0.3,180,random,0.045383728595230426,4.538372859523043,0.2857142857142857,14,-0.0980760517194833,-9.80760517194833,11.711846457723015,1.3445648964965802,9.892857142857143e-10,1.2006986116049316,10453.837285952304,0.045383728595230426
btc_vol_breakout_8m,0,0.02,0.025,0.0,0.2,30,random,0.039202397363571756,3.9202397363571757,0.5,38,-0.049286115799449526,-4.928611579944953,18.27704367141409,1.2987978676626115,2.68859649122807e-10,0.5247806971211278,10392.023973635718,0.039202397363571756
btc_hl_breakout_9m,0,0.0125,0.2,0.0,0.5,15,random,0.16320949482326833,16.32094948232683,0.23809523809523808,21,-0.15224583684100457,-15.224583684100457,21.71396695353937,1.5115401667030444,6.611111111111111e-10,1.68052806687038,11632.094948232683,0.16320949482326833
btc_hl_breakout_6m,0,0.04,0.3,0.0,0.3,30,random,0.07461138587119658,7.461138587119658,0.4,5,-0.11831760754376186,-11.831760754376186,15.823268916364642,2.5267174805551416,2.9366666666666667e-09,5.120650928286912,10746.113858711966,0.07461138587119658
btc_bullish,0,0.0075,0.3,0.0,0.2,1440,random,0.06335072650958364,6.335072650958364,0.2857142857142857,7,-0.06903615731816226,-6.903615731816226,19.132607973650202,4.3478792040796,2.0833333333333334e-09,4.537543852434349,10633.507265095835,0.06335072650958364
btc_hl_breakout_6m,0,0.04,0.02,0.0,0.1,240,random,0.00972564633349457,0.972564633349457,0.627906976744186,43,-0.02814525051433303,-2.814525051433303,7.699579312248362,1.10983984496283,2.798449612403101e-10,0.23704989856570463,10097.256463334947,0.00972564633349457
btc_hl_breakout_5m,0,0.08,0.25,0.0,0.05,45,random,0.019493473934540123,1.9493473934540124,0.4444444444444444,9,-0.01731514097188447,-1.7315140971884468,23.46493307687701,1.7681113945588773,1.6296296296296296e-09,4.378871664491444,10194.9347393454,0.019493473934540123
btc_hl_breakout_10m,0,0.03,0.25,0.0,0.5,240,random,0.17098675946902395,17.098675946902393,0.3076923076923077,13,-0.17024144550091547,-17.024144550091545,22.225110998398893,1.6753895953433802,1.1025641025641028e-09,2.8330773631160233,11709.86759469024,0.17098675946902395
btc_vol_breakout_8m,0,0.03,0.15,0.0,0.25,720,random,0.057286460432557945,5.728646043255795,0.36363636363636365,11,-0.054015514077646154,-5.401551407764615,18.936396326106735,1.6976896297935944,1.206060606060606e-09,2.158068211546362,10572.86460432558,0.057286460432557945
btc_vol_breakout_2m,0,0.0175,0.25,0.0,0.4,1440,random,0.07942262788576995,7.942262788576995,0.2,20,-0.1343421626335347,-13.434216263353472,14.792401442832361,1.3054803600808456,6.766666666666667e-10,1.1939749384780465,10794.226278857699,0.07942262788576995
btc_hl_breakout_8m,0,0.025,0.15,0.0,0.25,720,random,0.0748130184584411,7.48130184584411,0.3125,16,-0.08179921051702743,-8.179921051702744,19.555694592847598,1.6091952770601616,8.989583333333333e-10,1.9341209156906483,10748.13018458441,0.0748130184584411
btc_hl_breakout_3m,0,0.1,0.025,0.0,0.25,360,random,0.08763992535499328,8.763992535499328,0.7692307692307693,26,-0.07693585866020658,-7.693585866020658,23.67172417438828,1.5391815142997793,5.262820512820513e-10,1.3501963325047115,10876.399253549933,0.08763992535499328
btc_vol_breakout_2m,0,0.035,0.08,0.0,0.1,180,random,0.013775880593680791,1.3775880593680792,0.375,24,-0.03958122813789311,-3.958122813789311,10.04173755658843,1.184142453696376,5.701388888888889e-10,0.5981845297287548,10137.758805936808,0.013775880593680791
btc_hl_breakout_1m,0,0.0175,0.2,0.0,0.4,1440,random,0.03507875650740757,3.507875650740757,0.21052631578947367,19,-0.13024258070572614,-13.024258070572614,8.168787664443828,1.1465656066524392,7.157894736842105e-10,0.6240795178202841,10350.787565074075,0.03507875650740757
btc_hl_breakout_6m,0,0.03,0.3,0.0,0.2,360,random,0.05253337917490742,5.253337917490742,0.4,5,-0.07905423584571791,-7.905423584571791,16.12915345992192,2.7772307745201137,2.93e-09,5.339330242405852,10525.333791749073,0.05253337917490742
btc_hl_breakout_7m,0,0.02,0.25,0.0,0.05,20,random,0.019431653641932264,1.9431653641932265,0.25,16,-0.017899740775479733,-1.7899740775479733,23.39735975635479,1.8459183958430354,8.822916666666667e-10,2.4459268660424267,10194.316536419323,0.019431653641932264
btc_small_up_9m,0,0.0075,0.015,0.0,0.1,5,random,0.009900401037379708,0.9900401037379708,0.4098360655737705,61,-0.01798278182487778,-1.798278182487778,9.311360437748686,1.1381558920942798,1.1939890710382514e-10,0.16740734256904657,10099.004010373797,0.009900401037379708
btc_hl_breakout_3m,0,0.03,0.1,0.0,0.05,240,random,0.007028052189342634,0.7028052189342634,0.38095238095238093,21,-0.019818639542993677,-1.9818639542993677,10.126541671250536,1.2158823686385043,6.515873015873016e-10,0.6824488238734887,10070.280521893426,0.007028052189342634
btc_alt_aligned,0,0.06,0.1,0.0,0.2,180,random,0.07647083526739859,7.647083526739859,0.4666666666666667,15,-0.07062796568997376,-7.062796568997376,24.29495152055602,1.6419360154781697,9.744444444444445e-10,2.5731922065128563,10764.708352673986,0.07647083526739859
btc_vol_breakout_10m,0,0.0075,0.25,0.0,0.5,1440,random,0.127276165199979,12.7276165199979,0.1111111111111111,27,-0.14101756558067136,-14.101756558067136,20.708721569692727,1.4198978401599576,4.049382716049383e-10,1.0779373977601183,11272.76165199979,0.127276165199979
btc_hl_breakout_2m,0,0.02,0.2,0.0,0.2,45,random,0.029798898452773413,2.9798898452773415,0.23529411764705882,17,-0.06541568242040285,-6.541568242040285,11.209837911937102,1.2807373656562058,8.205882352941177e-10,0.9609076638899507,10297.988984527734,0.029798898452773413
btc_vol_breakout_2m,0,0.02,0.1,0.0,0.3,480,random,0.05881496726207924,5.881496726207924,0.3333333333333333,24,-0.09593034750522744,-9.593034750522744,14.978527176849335,1.3090870487765722,5.638888888888889e-10,0.8660599584522994,10588.149672620792,0.05881496726207924
btc_small_down_10m,0,0.08,0.02,0.0,0.4,480,random,0.1520183343513194,15.20183343513194,0.8,25,-0.09122238547447492,-9.122238547447491,26.445618551090792,1.7514685392888776,4.679999999999999e-10,1.4847989059204776,11520.183343513194,0.1520183343513194
btc_small_up_9m,0,0.06,0.2,0.0,0.05,5,random,0.008490243912108638,0.8490243912108638,0.36363636363636365,11,-0.017731667885344415,-1.7731667885344415,11.565443892516864,1.3530825934736506,1.2287878787878788e-09,1.5774510575956562,10084.902439121086,0.008490243912108638
btc_hl_breakout_4m,0,0.04,0.025,0.0,0.3,480,random,0.0617038312150225,6.17038312150225,0.6190476190476191,42,-0.06805523209639897,-6.8055232096398965,15.984631560549133,1.2229295808522802,3.119047619047619e-10,0.5138465593500664,10617.038312150225,0.0617038312150225
btc_vol_breakout_9m,0,0.0175,0.015,0.0,0.4,180,random,0.003948914223813518,0.3948914223813518,0.5217391304347826,46,-0.08703442526968608,-8.703442526968608,2.150198951477425,1.0142579404234386,1.6304347826086957e-10,0.04670826701086761,10039.489142238135,0.003948914223813518
btc_bullish,0,0.015,0.08,0.0,0.2,5,random,0.05047920584446658,5.047920584446658,0.2972972972972973,37,-0.05913324671679043,-5.913324671679043,16.923012342300794,1.3050498116171163,3.644144144144144e-10,0.7039568161577229,10504.792058444666,0.05047920584446658
btc_hl_breakout_4m,0,0.04,0.06,0.0,0.4,30,random,0.0964689470661116,9.64689470661116,0.4827586206896552,29,-0.12013287244274695,-12.013287244274695,17.975026946615635,1.2667071041261784,4.816091954022989e-10,0.8891629393388513,10964.689470661117,0.0964689470661116
btc_vol_breakout_2m,0,0.02,0.035,0.0,0.1,30,random,0.014291776386929916,1.4291776386929915,0.45454545454545453,44,-0.030290637458227687,-3.0290637458227687,11.22984172724164,1.1642483244181896,2.8446969696969694e-10,0.3339572850508285,10142.9177638693,0.014291776386929916
btc_hl_breakout_5m,0,0.0175,0.08,0.0,0.05,30,random,0.0019388361466244136,0.19388361466244136,0.29411764705882354,34,-0.022965179878331576,-2.2965179878331576,3.134968035523874,1.0475434566761266,3.8480392156862746e-10,0.12251611011292439,10019.388361466245,0.0019388361466244136
btc_vol_breakout_2m,0,0.0175,0.03,0.0,0.2,15,random,0.01848023452605653,1.848023452605653,0.43137254901960786,51,-0.044367183620444894,-4.436718362044489,7.910281866816415,1.09713179619335,2.3267973856209152e-10,0.19847198072636937,10184.802345260565,0.01848023452605653
btc_hl_breakout_10m,0,0.0075,0.15,0.0,0.5,1440,random,0.06908475958857244,6.9084759588572435,0.16666666666666666,30,-0.18703575171580045,-18.703575171580045,11.025704609380915,1.1884704414877119,4.477777777777778e-10,0.5967381801679532,10690.847595885723,0.06908475958857244
btc_bullish,0,0.0075,0.01,0.0,0.05,20,random,0.00468118024868258,0.468118024868258,0.4596774193548387,124,-0.014028456408312517,-1.4028456408312517,6.588471127111023,1.0690726250679183,8.723118279569892e-11,0.0779921394331951,10046.811802486825,0.00468118024868258
btc_vol_breakout_2m,0,0.0125,0.1,0.0,0.15,45,random,0.029132969530683978,2.913296953068398,0.2857142857142857,28,-0.0536507196774938,-5.36507196774938,14.222503026256634,1.3115701748505324,4.708333333333333e-10,0.7156720049119125,10291.32969530684,0.029132969530683978
btc_vol_breakout_10m,0,0.08,0.08,0.0,0.3,480,random,0.012605844196062935,1.2605844196062934,0.5,12,-0.09986821186516526,-9.986821186516526,4.3619862182918725,1.0765614282762295,1.125e-09,0.4843668037750412,10126.05844196063,0.012605844196062935
btc_small_up_9m,0,0.0175,0.3,0.0,0.25,15,random,0.06955064287016421,6.955064287016421,0.2857142857142857,7,-0.08176252844010179,-8.176252844010179,17.691013879265707,3.1882290858150646,1.992857142857143e-09,4.022302705619012,10695.506428701643,0.06955064287016421
btc_small_down_10m,0,0.01,0.15,0.0,0.5,30,random,0.03156004326514167,3.156004326514167,0.16,25,-0.16097295833393688,-16.097295833393687,6.519600039527117,1.1213810570395875,5.28e-10,0.3735983604949783,10315.600432651416,0.03156004326514167
btc_hl_breakout_8m,0,0.1,0.06,0.0,0.5,90,random,0.11525101259294351,11.52510125929435,0.625,16,-0.18502415697810926,-18.502415697810925,16.496266006318162,1.3401282285970002,9.052083333333334e-10,1.5894388113352889,11152.510125929435,0.11525101259294351
btc_hl_breakout_4m,0,0.05,0.3,0.0,0.3,120,random,0.12449287261909357,12.449287261909356,0.375,8,-0.09556635466997121,-9.556635466997122,24.801558599806626,1.9758937908233327,1.8145833333333332e-09,5.408052358925379,11244.928726190936,0.12449287261909357
btc_small_down_10m,0,0.035,0.25,0.0,0.4,1440,random,0.05489434315305898,5.489434315305898,0.3,10,-0.14763143070533913,-14.763143070533912,10.89609448415093,1.2913032490447283,1.4416666666666668e-09,1.676064201154729,10548.94343153059,0.05489434315305898
btc_alt_aligned,0,0.06,0.04,0.0,0.5,45,random,0.16343653840116013,16.343653840116012,0.6538461538461539,26,-0.16918450226161252,-16.91845022616125,21.82619466935508,1.4226373411711501,5.538461538461539e-10,1.277949877133101,11634.365384011602,0.16343653840116013
btc_hl_breakout_3m,0,0.0125,0.03,0.0,0.15,90,random,0.03577602845027605,3.5776028450276045,0.45,60,-0.035314719453003796,-3.5314719453003796,18.67672681314819,1.2499646301126186,1.8833333333333336e-10,0.40340231578576585,10357.760284502761,0.03577602845027605
btc_hl_breakout_9m,0,0.1,0.03,0.0,0.05,180,random,0.015068382415327363,1.5068382415327364,0.75,24,-0.01766050649191797,-1.766050649191797,20.17756712180733,1.4968223411262258,5.944444444444444e-10,1.26012895703971,10150.683824153273,0.015068382415327363
btc_vol_breakout_2m,0,0.0125,0.15,0.0,0.1,10,random,0.04444679387023603,4.444679387023602,0.2727272727272727,22,-0.03357340864131275,-3.357340864131275,27.886589749737503,1.8960079963881682,6.136363636363637e-10,2.0238548836470036,10444.46793870236,0.04444679387023603
btc_alt_aligned,0,0.02,0.04,0.0,0.15,360,random,0.02580034467832179,2.580034467832179,0.40384615384615385,52,-0.05287584464959294,-5.287584464959294,11.658176107140518,1.156034576625402,2.669871794871795e-10,0.34620634422617375,10258.003446783217,0.02580034467832179
btc_hl_breakout_3m,0,0.02,0.04,0.0,0.05,1440,random,0.012500914860102842,1.250091486010284,0.46511627906976744,43,-0.013782078672802345,-1.3782078672802345,18.644396692819388,1.3004285082716696,2.934108527131783e-10,0.5844784781364444,10125.009148601028,0.012500914860102842
btc_hl_breakout_6m,0,0.0175,0.08,0.0,0.25,360,random,-0.04909997320758489,-4.909997320758489,0.23529411764705882,34,-0.11648640728298332,-11.648640728298332,-15.218974043692226,0.77530510578849,3.784313725490196e-10,-0.55545020688745,9509.000267924152,-0.04909997320758489
btc_bullish,0,0.03,0.2,0.0,0.4,240,random,0.12385569124809062,12.385569124809063,0.29411764705882354,17,-0.12510335209833112,-12.510335209833112,20.409993641955296,1.4525345458544126,8.382352941176471e-10,1.996970881040024,11238.556912480906,0.12385569124809062
btc_hl_breakout_1m,0,0.02,0.3,0.0,0.05,45,random,0.0231847748932378,2.3184774893237803,0.23076923076923078,13,-0.014509278206171095,-1.4509278206171095,27.37567291010235,2.2863624471628596,1.0615384615384616e-09,3.58458337124628,10231.847748932378,0.0231847748932378
btc_vol_breakout_10m,0,0.06,0.02,0.0,0.1,240,random,0.01922544577004935,1.9225445770049352,0.7241379310344828,29,-0.022048965412426735,-2.2048965412426735,17.73972880207272,1.358010017306166,3.293103448275862e-10,0.6696681311596974,10192.254457700494,0.01922544577004935
btc_bullish,0,0.035,0.2,0.0,0.25,180,random,0.07031712621011715,7.031712621011716,0.3125,16,-0.0884542440586833,-8.845424405868329,18.326394457751945,1.4104513359835626,8.958333333333333e-10,1.8925861794637955,10703.171262101172,0.07031712621011715
btc_small_up_10m,0,0.0125,0.015,0.0,0.3,240,random,0.036897764085286555,3.6897764085286555,0.4444444444444444,63,-0.08027577414563258,-8.027577414563257,10.20757878077055,1.131059287169455,1.2936507936507937e-10,0.21646248715373198,10368.977640852865,0.036897764085286555
btc_hl_breakout_7m,0,0.05,0.025,0.0,0.2,120,random,0.05663642158536188,5.663642158536188,0.6486486486486487,37,-0.06244429181605937,-6.244429181605938,19.311934783730813,1.3284846468595475,3.5990990990990986e-10,0.7792505394997046,10566.364215853619,0.05663642158536188
btc_small_down_10m,0,0.03,0.15,0.0,0.2,15,random,0.029207042129453634,2.9207042129453633,0.3333333333333333,12,-0.05917265796086901,-5.917265796086902,11.931082927088987,1.3901459024553964,1.1388888888888888e-09,1.284904615385387,10292.070421294537,0.029207042129453634
btc_vol_breakout_9m,0,0.025,0.035,0.0,0.2,15,random,0.04210566320520618,4.210566320520618,0.5161290322580645,31,-0.055053407897568185,-5.5053407897568185,17.542804384090353,1.3265516273708655,3.381720430107527e-10,0.6929462173838685,10421.056632052061,0.04210566320520618
btc_hl_breakout_2m,0,0.015,0.12,0.0,0.5,720,random,0.10964605528129523,10.964605528129523,0.23333333333333334,30,-0.16180515958897423,-16.180515958897423,17.275752231455115,1.274533662890261,4.411111111111111e-10,0.8405094238231622,11096.460552812952,0.10964605528129523
btc_hl_breakout_8m,0,0.0075,0.035,0.0,0.25,5,random,-0.01716563210476993,-1.716563210476993,0.26153846153846155,65,-0.1314121795007217,-13.141217950072171,-3.930974336927305,0.9405066091560662,1.7435897435897436e-10,-0.08312644999606096,9828.3436789523,-0.01716563210476993
btc_hl_breakout_5m,0,0.02,0.05,0.0,0.15,240,random,0.007299642683038246,0.7299642683038245,0.36585365853658536,41,-0.04827048783020538,-4.827048783020538,4.082398762276602,1.0508170570795612,3.252032520325203e-10,0.14079223416005796,10072.996426830383,0.007299642683038246
btc_small_down_10m,0,0.0075,0.035,0.0,0.4,5,random,0.06664139328988776,6.664139328988776,0.3148148148148148,54,-0.10132330359896069,-10.13233035989607,15.622421095055063,1.2114362381184718,1.6882716049382715e-10,0.32580692132183764,10666.413932898879,0.06664139328988776
btc_vol_breakout_2m,0,0.015,0.04,0.0,0.1,20,random,0.009317861542549611,0.9317861542549611,0.375,48,-0.02921586126513276,-2.921586126513276,7.509277508520669,1.1053493413983224,2.545138888888889e-10,0.2034008864747599,10093.178615425497,0.009317861542549611
btc_hl_breakout_2m,0,0.0175,0.08,0.0,0.3,90,random,0.03019971473006267,3.019971473006267,0.3,30,-0.10984453022142437,-10.984453022142437,8.672201061785966,1.1280555419276943,4.3722222222222225e-10,0.392884645008918,10301.997147300626,0.03019971473006267
btc_small_up_10m,0,0.04,0.2,0.0,0.3,480,random,0.06089613675651649,6.089613675651649,0.3333333333333333,15,-0.1010474164540841,-10.10474164540841,14.27549292680375,1.3006127144220434,8.744444444444445e-10,1.5289832312202676,10608.961367565165,0.06089613675651649
btc_hl_breakout_5m,0,0.025,0.025,0.0,0.5,30,random,0.073700779536354,7.370077953635399,0.5306122448979592,49,-0.1426148144246011,-14.261481442460111,12.602233480835757,1.1387053914754022,2.574829931972789e-10,0.34377396171585467,10737.007795363541,0.073700779536354
btc_bullish,0,0.04,0.04,0.0,0.4,10,random,0.18405213199706077,18.40521319970608,0.5882352941176471,34,-0.1156148170771456,-11.56148170771456,29.77271253856149,1.5249761081686286,3.970588235294118e-10,1.325643028844107,11840.521319970609,0.18405213199706077
