pattern,lag,stop_loss,take_profit,trailing_stop,position_size,holding_time,source,total_return,total_return_pct,win_rate,total_trades,max_drawdown,max_drawdown_pct,sharpe_ratio,profit_factor,avg_trade_duration_minutes,avg_trade_return_pct,final_value,risk_adjusted_return
btc_alt_aligned,0,0.035,0.02,0.0,0.15,30,high_frequency,0.043478327033004326,4.3478327033004325,0.62,50,-0.040692884688632414,-4.069288468863242,19.255038434123335,1.2984837589310216,2.7899999999999997e-10,0.5874638506266796,10434.783270330043,0.043478327033004326
btc_hl_breakout_9m,0,0.005,0.045,0.0,0.2,45,high_frequency,-0.0011766875561095731,-0.11766875561095731,0.2112676056338028,71,-0.11238688061516233,-11.238688061516234,0.3875352136328725,0.9944495805052664,1.4577464788732394e-10,0.008348727595043178,9988.233124438904,-0.0011766875561095731
btc_hl_breakout_6m,0,0.015,0.015,0.0,0.25,5,high_frequency,-0.011112628097804009,-1.111262809780401,0.5070422535211268,71,-0.08384716302985318,-8.384716302985318,-2.7044310420887645,0.9586815257733484,1.4624413145539906e-10,-0.04694182255571192,9888.87371902196,-0.011112628097804009
btc_small_up_10m,0,0.035,0.01,0.0,0.1,10,high_frequency,0.029575709083035816,2.9575709083035817,0.7142857142857143,56,-0.026090183673362133,-2.6090183673362133,20.835942107122776,1.3773483917500748,1.919642857142857e-10,0.5307514214991202,10295.757090830359,0.029575709083035816
btc_vol_breakout_3m,0,0.02,0.045,0.0,0.15,60,high_frequency,0.0035019421580553853,0.3501942158055385,0.3888888888888889,36,-0.05037334273703886,-5.037334273703886,2.3313390409003216,1.0282304700858722,3.1712962962962965e-10,0.08491170665559555,10035.019421580553,0.0035019421580553853
btc_hl_breakout_8m,0,0.025,0.05,0.0,0.25,15,high_frequency,0.04330364212443542,4.330364212443541,0.4117647058823529,34,-0.08179921051702677,-8.179921051702676,12.264876008221066,1.1935099756460794,3.877450980392157e-10,0.5493246635957357,10433.036421244355,0.04330364212443542
btc_vol_breakout_3m,0,0.03,0.02,0.0,0.1,90,high_frequency,0.02735738002976518,2.735738002976518,0.6136363636363636,44,-0.02476988695316129,-2.476988695316129,21.04868577930554,1.3603593778744851,2.5606060606060607e-10,0.6244469966396964,10273.573800297652,0.02735738002976518
btc_vol_breakout_10m,0,0.035,0.04,0.0,0.2,60,high_frequency,0.03579146962579118,3.5791469625791184,0.5517241379310345,29,-0.05911900617433252,-5.911900617433252,14.84644042145767,1.256426315649126,3.6551724137931034e-10,0.6384742281047967,10357.914696257913,0.03579146962579118
btc_hl_breakout_7m,0,0.0175,0.06,0.0,0.25,15,high_frequency,-0.004730525950749007,-0.47305259507490066,0.2619047619047619,42,-0.1250384772854961,-12.50384772854961,-0.19897252682271868,0.9819545147441359,3.0238095238095237e-10,-0.0018578307317836024,9952.69474049251,-0.004730525950749007
btc_hl_breakout_10m,0,0.035,0.02,0.0,0.05,90,high_frequency,0.016322950880779105,1.6322950880779106,0.6444444444444445,45,-0.012824345976379048,-1.2824345976379048,22.390170945011004,1.3982327263404128,2.7814814814814816e-10,0.7268677984198013,10163.229508807792,0.016322950880779105
btc_alt_aligned,0,0.005,0.05,0.0,0.2,5,high_frequency,0.023800137589808174,2.3800137589808172,0.20238095238095238,84,-0.07480878931466017,-7.480878931466018,8.479066759118352,1.0980018164091636,1.5634920634920634e-10,0.15811927783245167,10238.001375898082,0.023800137589808174
btc_hl_breakout_9m,0,0.01,0.03,0.0,0.1,30,high_frequency,0.010056023767363888,1.0056023767363889,0.34375,64,-0.038647410411716154,-3.8647410411716154,7.5295886210204355,1.096193971957341,1.7265625e-10,0.16578287006510659,10100.560237673639,0.010056023767363888
btc_hl_breakout_10m,0,0.0175,0.01,0.0,0.1,20,high_frequency,0.004821772697236747,0.4821772697236747,0.5657894736842105,76,-0.0416489673206899,-4.16489673206899,3.8073199208904325,1.0434633730030456,1.2894736842105262e-10,0.07104188215048972,10048.217726972367,0.004821772697236747
btc_vol_breakout_2m,0,0.015,0.01,0.0,0.15,60,high_frequency,0.008178725906474666,0.8178725906474665,0.5925925925925926,81,-0.0431766220773907,-4.317662207739071,5.008934570189275,1.0566299919625148,1.1152263374485597e-10,0.07467019457521401,10081.787259064746,0.008178725906474666
btc_vol_breakout_8m,0,0.0125,0.05,0.0,0.15,20,high_frequency,0.029104984252081703,2.9104984252081705,0.3333333333333333,36,-0.029564653070808022,-2.9564653070808022,18.001916701962926,1.3250231508684103,2.851851851851852e-10,0.5464850545596451,10291.049842520817,0.029104984252081703
btc_small_up_10m,0,0.0125,0.05,0.0,0.15,30,high_frequency,0.035345506757074145,3.5345506757074143,0.3111111111111111,45,-0.053618783826246186,-5.361878382624619,16.705971723334667,1.2790261715803297,2.151851851851852e-10,0.5366583705624601,10353.455067570741,0.035345506757074145
btc_hl_breakout_6m,0,0.0075,0.05,0.0,0.1,20,high_frequency,-0.010217123943742263,-1.0217123943742263,0.23636363636363636,55,-0.04187708817933322,-4.187708817933322,-7.639100191433186,0.8973207202219012,2.209090909090909e-10,-0.1764935420629947,9897.828760562577,-0.010217123943742263
btc_vol_breakout_3m,0,0.0075,0.01,0.0,0.25,10,high_frequency,-0.051534483987969636,-5.1534483987969635,0.425,80,-0.10752720237374114,-10.752720237374113,-18.542740384335218,0.7869561078930652,8.708333333333333e-11,-0.2536531546123161,9484.655160120303,-0.051534483987969636
btc_hl_breakout_1m,0,0.02,0.06,0.0,0.25,15,high_frequency,0.04427417218541072,4.4274172185410725,0.35135135135135137,37,-0.08186670441422728,-8.186670441422727,13.489857630358465,1.2038878846919003,3.4414414414414416e-10,0.5107858161765111,10442.741721854107,0.04427417218541072
btc_hl_breakout_5m,0,0.0175,0.035,0.0,0.1,45,high_frequency,-0.010256251784377935,-1.0256251784377934,0.3469387755102041,49,-0.04762524413095082,-4.762524413095082,-7.653927943808411,0.9001051698345587,2.5680272108843537e-10,-0.200478277670969,9897.437482156221,-0.010256251784377935
btc_vol_breakout_10m,0,0.015,0.06,0.0,0.1,20,high_frequency,0.02319791210525392,2.319791210525392,0.3333333333333333,27,-0.021185202626666122,-2.118520262666612,20.25337727394276,1.4934425993073375,3.7962962962962964e-10,0.8635764285962279,10231.97912105254,0.02319791210525392
btc_bullish,0,0.01,0.06,0.0,0.1,90,high_frequency,0.028729195214039122,2.872919521403912,0.2727272727272727,55,-0.024605610838107417,-2.4605610838107417,19.19290925520187,1.291348574288103,2.318181818181818e-10,0.5295892453146606,10287.291952140391,0.028729195214039122
btc_hl_breakout_6m,0,0.0075,0.015,0.0,0.05,10,high_frequency,-0.012984931446466539,-1.2984931446466539,0.35714285714285715,84,-0.02783126032719374,-2.783126032719374,-21.254058011595756,0.7760908256828501,1.1646825396825397e-10,-0.3088491827891442,9870.150685535335,-0.012984931446466539
btc_hl_breakout_3m,0,0.0175,0.04,0.0,0.2,10,high_frequency,0.01576843178332915,1.576843178332915,0.4,45,-0.06390541973721431,-6.390541973721431,6.700757747322397,1.0834708635850623,2.7555555555555557e-10,0.19694319454194462,10157.684317833291,0.01576843178332915
btc_hl_breakout_8m,0,0.03,0.04,0.0,0.1,10,high_frequency,0.016275159925369813,1.6275159925369813,0.46153846153846156,39,-0.03937690639157465,-3.937690639157465,11.219458019757969,1.1710514994039125,3.2478632478632476e-10,0.43123882686561005,10162.751599253697,0.016275159925369813
btc_vol_breakout_8m,0,0.03,0.05,0.0,0.15,20,high_frequency,0.03466641363745164,3.466641363745164,0.4583333333333333,24,-0.03271909197075362,-3.271909197075362,19.590473178542023,1.4235399419828612,4.951388888888888e-10,0.9752150966861208,10346.664136374517,0.03466641363745164
btc_small_up_9m,0,0.005,0.06,0.0,0.15,20,high_frequency,0.01411929016878114,1.411929016878114,0.20454545454545456,44,-0.041055530438709464,-4.105553043870946,7.911296270527038,1.1339294124158004,2.128787878787879e-10,0.23036733116868685,10141.192901687811,0.01411929016878114
btc_hl_breakout_5m,0,0.0075,0.02,0.0,0.1,45,high_frequency,-0.009541741123370183,-0.9541741123370183,0.3670886075949367,79,-0.04438288539993507,-4.438288539993507,-7.349605524966589,0.9152541777500445,1.2848101265822786e-10,-0.11553422762250264,9904.582588766298,-0.009541741123370183
btc_small_down_10m,0,0.01,0.015,0.0,0.2,45,high_frequency,0.05621072214503067,5.621072214503068,0.4647887323943662,71,-0.04566395179182503,-4.5663951791825035,25.878754964309756,1.3469815442607653,9.507042253521127e-11,0.3955828156956558,10562.107221450307,0.05621072214503067
btc_vol_breakout_9m,0,0.0125,0.02,0.0,0.1,15,high_frequency,0.014602934771258196,1.4602934771258196,0.4666666666666667,45,-0.024015425579251737,-2.4015425579251737,14.692118562780127,1.231715599674576,1.662962962962963e-10,0.3292457978513167,10146.029347712582,0.014602934771258196
btc_vol_breakout_10m,0,0.0175,0.015,0.0,0.2,10,high_frequency,0.003334385595562094,0.3334385595562094,0.5106382978723404,47,-0.04840303349710351,-4.840303349710351,2.225693669657762,1.0238780535627316,1.6063829787234043e-10,0.04825488237412004,10033.343855955622,0.003334385595562094
btc_hl_breakout_7m,0,0.01,0.025,0.0,0.25,10,high_frequency,0.02458012881478253,2.458012881478253,0.3472222222222222,72,-0.0874945545853908,-8.74945545853908,7.836818674916758,1.0843878246749263,1.5231481481481482e-10,0.15663840959159953,10245.801288147824,0.02458012881478253
btc_hl_breakout_5m,0,0.0125,0.06,0.0,0.15,20,high_frequency,0.012643796658803967,1.2643796658803967,0.2826086956521739,46,-0.0517144760086774,-5.17144760086774,6.628554523529991,1.08618459536906,2.782608695652174e-10,0.20436601868045157,10126.43796658804,0.012643796658803967
btc_hl_breakout_1m,0,0.0125,0.02,0.0,0.2,20,high_frequency,0.009079663055160381,0.9079663055160382,0.44285714285714284,70,-0.0654537307618166,-6.54537307618166,4.299533433991731,1.0414476666435588,1.4714285714285715e-10,0.0789302278380842,10090.796630551604,0.009079663055160381
btc_hl_breakout_9m,0,0.02,0.025,0.0,0.2,20,high_frequency,0.04501928664257243,4.501928664257243,0.48148148148148145,54,-0.06646861694431239,-6.646861694431239,15.805110655945146,1.2122932940430577,2.2623456790123456e-10,0.4315195027963516,10450.192866425725,0.04501928664257243
btc_alt_aligned,0,0.035,0.06,0.0,0.05,5,high_frequency,0.016361679924938092,1.6361679924938093,0.4375,32,-0.01776524950149827,-1.776524950149827,20.849652069702305,1.3714075168141475,4.4427083333333333e-10,1.0285371556408331,10163.616799249381,0.016361679924938092
btc_vol_breakout_8m,0,0.005,0.035,0.0,0.15,90,high_frequency,0.003345138598480776,0.3345138598480776,0.2641509433962264,53,-0.03784433486146899,-3.7844334861468987,2.611953135088999,1.0311555032572426,1.4654088050314466e-10,0.0513582657235142,10033.451385984808,0.003345138598480776
btc_vol_breakout_3m,0,0.0125,0.035,0.0,0.15,15,high_frequency,0.024153844954352417,2.4153844954352417,0.3877551020408163,49,-0.042943307406726694,-4.294330740672669,12.986540546447145,1.1811927069047037,1.9829931972789115e-10,0.3406453988437878,10241.538449543525,0.024153844954352417
btc_vol_breakout_2m,0,0.0175,0.025,0.0,0.05,10,high_frequency,0.005145169726063989,0.514516972606399,0.4528301886792453,53,-0.011309963126477585,-1.1309963126477585,8.271632651588263,1.1115746169424519,2.20125786163522e-10,0.198287150467002,10051.45169726064,0.005145169726063989
btc_small_down_10m,0,0.02,0.05,0.0,0.1,15,high_frequency,0.0046716424885484345,0.4671642488548434,0.35294117647058826,34,-0.027248217922728246,-2.7248217922728246,3.964794823376586,1.063972348677319,3.2352941176470585e-10,0.14984255079944175,10046.716424885484,0.0046716424885484345
btc_hl_breakout_8m,0,0.0175,0.01,0.0,0.05,5,high_frequency,-0.0011826529378000316,-0.11826529378000317,0.5466666666666666,75,-0.021112185766209657,-2.1112185766209657,-1.472140735488604,0.9787875679522234,1.342222222222222e-10,-0.02773265513292276,9988.173470622,-0.0011826529378000316
btc_hl_breakout_1m,0,0.0175,0.05,0.0,0.2,20,high_frequency,0.008926625318677748,0.8926625318677748,0.3170731707317073,41,-0.0690522924540673,-6.90522924540673,4.227215022046611,1.0507501026543118,3.0975609756097563e-10,0.13549441854636626,10089.266253186777,0.008926625318677748
btc_hl_breakout_7m,0,0.03,0.015,0.0,0.25,45,high_frequency,0.0387712400458322,3.87712400458322,0.5925925925925926,54,-0.10417918727764186,-10.417918727764185,11.688895447192952,1.151478896647898,2.138888888888889e-10,0.3093997032916254,10387.712400458322,0.0387712400458322
btc_small_down_10m,0,0.02,0.05,0.0,0.2,60,high_frequency,0.008502890327016734,0.8502890327016734,0.35294117647058826,34,-0.0539718822155244,-5.39718822155244,4.020073373329418,1.057450766922314,3.2352941176470585e-10,0.14984255079943984,10085.028903270168,0.008502890327016734
btc_hl_breakout_2m,0,0.035,0.025,0.0,0.15,90,high_frequency,0.04013075732091686,4.013075732091686,0.65,40,-0.030110239491657365,-3.0110239491657365,20.218797763506746,1.3516662424865271,3.2291666666666666e-10,0.6740346432522492,10401.30757320917,0.04013075732091686
btc_hl_breakout_6m,0,0.035,0.035,0.0,0.2,60,high_frequency,0.013035724016831183,1.3035724016831183,0.5142857142857142,35,-0.07160888519295328,-7.1608885192953275,5.61588809672415,1.076242758535854,3.7190476190476186e-10,0.2135969645901054,10130.357240168312,0.013035724016831183
btc_hl_breakout_1m,0,0.035,0.035,0.0,0.15,45,high_frequency,0.04083751217356787,4.083751217356787,0.5714285714285714,35,-0.044856111902265794,-4.48561119022658,20.529249116864424,1.3661589459928618,3.7619047619047624e-10,0.7842330416646783,10408.375121735678,0.04083751217356787
btc_hl_breakout_6m,0,0.03,0.035,0.0,0.2,10,high_frequency,-0.00821543955321697,-0.821543955321697,0.4473684210526316,38,-0.08927479127122051,-8.927479127122051,-2.4437716274783337,0.956248286559162,3.342105263157895e-10,-0.08235229265176298,9917.84560446783,-0.00821543955321697
btc_hl_breakout_2m,0,0.025,0.03,0.0,0.15,60,high_frequency,0.029524905143820182,2.9524905143820184,0.5106382978723404,47,-0.036173333774715544,-3.6173333774715544,14.93489985114298,1.2035750107557242,2.6773049645390067e-10,0.43083308120205505,10295.249051438203,0.029524905143820182
btc_hl_breakout_10m,0,0.005,0.045,0.0,0.15,90,high_frequency,0.008874232527010622,0.8874232527010621,0.22727272727272727,66,-0.07010190373171132,-7.010190373171133,4.8638623888382515,1.061046197320205,1.5782828282828282e-10,0.1025851051977629,10088.742325270106,0.008874232527010622
btc_hl_breakout_10m,0,0.015,0.025,0.0,0.15,10,high_frequency,0.043632312921620516,4.363231292162052,0.4666666666666667,60,-0.036941364435207125,-3.6941364435207125,20.423991785493584,1.284011732044935,1.8388888888888888e-10,0.49008686525531026,10436.323129216205,0.043632312921620516
btc_hl_breakout_8m,0,0.0075,0.025,0.0,0.05,20,high_frequency,-0.0008770082941548764,-0.08770082941548764,0.323943661971831,71,-0.025279099179866482,-2.527909917986648,-1.0755832887237413,0.9839733816909222,1.4741784037558688e-10,-0.020668763115023414,9991.229917058452,-0.0008770082941548764
btc_hl_breakout_7m,0,0.035,0.06,0.0,0.2,30,high_frequency,0.03624113009559446,3.624113009559446,0.4,30,-0.08272280231969498,-8.272280231969498,12.416358223923691,1.1973508468586884,4.483333333333333e-10,0.6463473797410618,10362.411300955944,0.03624113009559446
btc_hl_breakout_7m,0,0.015,0.06,0.0,0.15,30,high_frequency,0.011805941151421325,1.1805941151421326,0.2682926829268293,41,-0.06417192872059507,-6.417192872059507,5.935045072954755,1.0841578973185728,3.1463414634146345e-10,0.2169446426724873,10118.059411514214,0.011805941151421325
btc_hl_breakout_10m,0,0.005,0.045,0.0,0.2,15,high_frequency,0.011264562144298565,1.1264562144298564,0.22727272727272727,66,-0.09265602394422712,-9.26560239442271,4.857448230933003,1.0573613182990427,1.5782828282828282e-10,0.10258510519776202,10112.645621442985,0.011264562144298565
btc_hl_breakout_1m,0,0.015,0.04,0.0,0.25,15,high_frequency,0.03544500719701873,3.544500719701873,0.3829787234042553,47,-0.07280510770540627,-7.2805107705406265,11.859448511172165,1.1532570339489132,2.712765957446808e-10,0.32433752116201375,10354.450071970186,0.03544500719701873
btc_hl_breakout_3m,0,0.025,0.04,0.0,0.1,90,high_frequency,0.032939421276248354,3.2939421276248355,0.5263157894736842,38,-0.02820231186459965,-2.820231186459965,24.403680249602118,1.425148164839065,3.4605263157894737e-10,0.8675010315045244,10329.394212762483,0.032939421276248354
btc_hl_breakout_4m,0,0.025,0.04,0.0,0.15,5,high_frequency,0.0555722476708145,5.55722476708145,0.525,40,-0.033068616347539215,-3.3068616347539215,27.033274790811394,1.4621301350523759,3.3374999999999996e-10,0.9221262169516955,10555.722476708144,0.0555722476708145
btc_vol_breakout_3m,0,0.0175,0.02,0.0,0.05,90,high_frequency,0.004732530792656013,0.47325307926560134,0.5,52,-0.0159266024120307,-1.59266024120307,7.707036023675924,1.1081903859676987,1.807692307692308e-10,0.1861179420314146,10047.32530792656,0.004732530792656013
btc_hl_breakout_4m,0,0.035,0.015,0.0,0.05,20,high_frequency,0.0136990544874747,1.36990544874747,0.6666666666666666,51,-0.012043455904784173,-1.2043455904784173,20.655717557542115,1.3398082007704906,2.2777777777777776e-10,0.5389835721235556,10136.990544874747,0.0136990544874747
btc_hl_breakout_5m,0,0.005,0.045,0.0,0.2,30,high_frequency,0.026193539970088022,2.619353997008802,0.24285714285714285,70,-0.08868759176211871,-8.86875917621187,10.05161362730346,1.1264886141762196,1.5214285714285713e-10,0.2023312642550703,10261.93539970088,0.026193539970088022
btc_vol_breakout_10m,0,0.0075,0.01,0.0,0.2,45,high_frequency,-0.028998208494742765,-2.8998208494742763,0.45614035087719296,57,-0.06430162117803073,-6.430162117803073,-16.171385383198754,0.7839282755473704,1.0321637426900585e-10,-0.2502944799297335,9710.017915052573,-0.028998208494742765
btc_hl_breakout_2m,0,0.015,0.03,0.0,0.2,10,high_frequency,0.031071343747856646,3.1071343747856646,0.43859649122807015,57,-0.053318398660120225,-5.3318398660120225,12.870054692129303,1.152478813245697,2.0087719298245613e-10,0.2865212222766542,10310.713437478567,0.031071343747856646
btc_hl_breakout_2m,0,0.02,0.02,0.0,0.15,5,high_frequency,0.03374277681882354,3.374277681882354,0.5454545454545454,55,-0.033550869791573845,-3.3550869791573845,17.424310963602785,1.2449887728394777,2.0424242424242424e-10,0.4157720982181432,10337.427768188236,0.03374277681882354
btc_hl_breakout_7m,0,0.025,0.05,0.0,0.2,15,high_frequency,0.04167328056003855,4.167328056003855,0.40540540540540543,37,-0.06555738426892543,-6.555738426892543,14.122710989923744,1.2232434021314889,3.747747747747748e-10,0.5908501158918719,10416.732805600386,0.04167328056003855
btc_hl_breakout_2m,0,0.035,0.03,0.0,0.25,45,high_frequency,0.06453714423878236,6.453714423878236,0.6153846153846154,39,-0.06241329754711722,-6.241329754711722,19.371310177360623,1.3017559215128114,3.337606837606838e-10,0.675694224088485,10645.371442387823,0.06453714423878236
btc_small_down_10m,0,0.005,0.01,0.0,0.15,10,high_frequency,0.012284783961950416,1.2284783961950416,0.39080459770114945,87,-0.03505913541895789,-3.5059135418957887,9.76247680840615,1.109701995352251,6.398467432950191e-11,0.09758053949283434,10122.847839619504,0.012284783961950416
btc_hl_breakout_3m,0,0.01,0.015,0.0,0.15,20,high_frequency,0.007776298509178059,0.7776298509178059,0.47368421052631576,76,-0.04778647625959842,-4.778647625959842,4.741779622245779,1.0509084921726553,1.2653508771929824e-10,0.0769924618922603,10077.76298509178,0.007776298509178059
btc_bullish,0,0.0125,0.04,0.0,0.1,15,high_frequency,0.02320327464437048,2.320327464437048,0.3548387096774194,62,-0.027442620370111914,-2.7442620370111914,15.664976259075146,1.2106296709985165,2.032258064516129e-10,0.3813033576435255,10232.032746443705,0.02320327464437048
btc_hl_breakout_5m,0,0.03,0.015,0.0,0.25,20,high_frequency,0.014907467597471531,1.490746759747153,0.6,55,-0.09546254987475389,-9.54625498747539,5.550018032281318,1.0599274597679567,2.0636363636363636e-10,0.1297706316367225,10149.074675974716,0.014907467597471531
btc_vol_breakout_8m,0,0.015,0.02,0.0,0.1,5,high_frequency,0.018458264432331714,1.8458264432331715,0.4782608695652174,46,-0.02075483797289246,-2.075483797289246,17.890345039085474,1.285709553787396,1.7934782608695651e-10,0.40494831400708337,10184.582644323316,0.018458264432331714
btc_small_up_9m,0,0.02,0.05,0.0,0.15,30,high_frequency,0.022025861533995432,2.202586153399543,0.3684210526315789,38,-0.0478171248155278,-4.7817124815527805,11.557842945435695,1.1866941682794347,2.8201754385964917e-10,0.40363313162327696,10220.258615339953,0.022025861533995432
btc_hl_breakout_4m,0,0.025,0.06,0.0,0.1,60,high_frequency,0.02461571185452467,2.4615711854524673,0.3939393939393939,33,-0.03048783658658072,-3.048783658658072,17.58340439470635,1.2962674249117976,4.156565656565656e-10,0.7590901718539144,10246.157118545247,0.02461571185452467
btc_hl_breakout_6m,0,0.025,0.06,0.0,0.15,90,high_frequency,0.001244761494250929,0.12447614942509291,0.3125,32,-0.06093344647544563,-6.093344647544563,1.2087965062412658,1.009327988212932,4.083333333333333e-10,0.057349085056572775,10012.44761494251,0.001244761494250929
btc_vol_breakout_8m,0,0.01,0.06,0.0,0.25,60,high_frequency,-0.003698201335950489,-0.3698201335950489,0.2,35,-0.060980764047060654,-6.098076404706065,-0.5399279806184503,0.9761458272041001,2.8e-10,-0.01761770373678873,9963.017986640494,-0.003698201335950489
btc_hl_breakout_9m,0,0.03,0.03,0.0,0.05,90,high_frequency,0.00933291980161959,0.933291980161959,0.5121951219512195,41,-0.01907525376095165,-1.907525376095165,12.95300230818531,1.206310740764361,3.126016260162602e-10,0.4612336295502997,10093.329198016196,0.00933291980161959
btc_bullish,0,0.01,0.03,0.0,0.2,30,high_frequency,0.038216280180325746,3.8216280180325746,0.352112676056338,71,-0.05597756281520061,-5.597756281520061,13.362921773294179,1.161077390641843,1.720657276995305e-10,0.2830252484730157,10382.162801803257,0.038216280180325746
btc_small_up_9m,0,0.01,0.05,0.0,0.05,45,high_frequency,0.0050709343341442835,0.5070934334144284,0.2857142857142857,42,-0.0155940521607848,-1.55940521607848,8.30204559632138,1.1420059588270859,2.2341269841269843e-10,0.24683275039886504,10050.709343341443,0.0050709343341442835
btc_vol_breakout_2m,0,0.0075,0.045,0.0,0.05,30,high_frequency,-0.005635470461091325,-0.5635470461091325,0.234375,64,-0.018579957679603742,-1.8579957679603742,-9.167626145461451,0.8799884731430961,1.7526041666666666e-10,-0.17352275489154517,9943.645295389088,-0.005635470461091325
btc_small_up_10m,0,0.005,0.06,0.0,0.2,20,high_frequency,0.04751711710537274,4.751711710537275,0.22448979591836735,49,-0.06386618280829792,-6.386618280829792,17.037414833055152,1.297305901176603,1.7993197278911564e-10,0.5013751510224772,10475.171171053727,0.04751711710537274
btc_hl_breakout_6m,0,0.015,0.03,0.0,0.15,5,high_frequency,-0.00620442533495534,-0.620442533495534,0.38181818181818183,55,-0.05900264753848328,-5.900264753848328,-2.7803976019163765,0.9593237325348504,2.084848484848485e-10,-0.06295520387443151,9937.955746650447,-0.00620442533495534
btc_hl_breakout_10m,0,0.0175,0.06,0.0,0.05,5,high_frequency,0.008718784504388696,0.8718784504388696,0.3,40,-0.018492122714636183,-1.8492122714636183,11.57242663775426,1.1835431910514516,3.225e-10,0.44474189363657696,10087.187845043887,0.008718784504388696
btc_hl_breakout_9m,0,0.01,0.02,0.0,0.25,90,high_frequency,0.019332400333096574,1.9332400333096573,0.4,75,-0.09621112060452353,-9.621112060452353,6.504431153602872,1.0666887500801185,1.4022222222222224e-10,0.12148445702376269,10193.324003330967,0.019332400333096574
btc_vol_breakout_2m,0,0.0075,0.03,0.0,0.2,60,high_frequency,-0.01506752837402787,-1.506752837402787,0.29577464788732394,71,-0.06383561405219962,-6.383561405219962,-5.659078794123034,0.9260983768654057,1.5375586854460094e-10,-0.09487299108492045,9849.324716259722,-0.01506752837402787
btc_hl_breakout_5m,0,0.02,0.02,0.0,0.25,45,high_frequency,0.02839126376089862,2.8391263760898617,0.5254237288135594,59,-0.07756379357526644,-7.756379357526644,9.450341410245354,1.1082963897989873,1.9067796610169494e-10,0.21133533353617362,10283.912637608986,0.02839126376089862
btc_hl_breakout_8m,0,0.01,0.045,0.0,0.05,20,high_frequency,-0.0006832153149835506,-0.06832153149835506,0.2545454545454545,55,-0.021660743707437646,-2.1660743707437646,-0.7502609998229949,0.9853238430452156,2.084848484848485e-10,-0.01985757325838637,9993.167846850165,-0.0006832153149835506
btc_small_down_10m,0,0.01,0.035,0.0,0.1,60,high_frequency,0.00995493002089712,0.995493002089712,0.32075471698113206,53,-0.024700203453551728,-2.470020345355173,8.39068124629056,1.125799460004188,1.7547169811320755e-10,0.1946812751172057,10099.549300208972,0.00995493002089712
btc_hl_breakout_8m,0,0.02,0.01,0.0,0.05,20,high_frequency,0.0048191556081858605,0.48191556081858605,0.589041095890411,73,-0.01923833705067446,-1.9238337050674459,6.93890244216871,1.0922674932787393,1.4223744292237445e-10,0.13582487127675785,10048.191556081858,0.0048191556081858605
btc_vol_breakout_3m,0,0.005,0.05,0.0,0.25,30,high_frequency,-0.05160072878501851,-5.16007287850185,0.19047619047619047,63,-0.11213349655618521,-11.21334965561852,-17.674680343781805,0.7765658495166778,1.3042328042328042e-10,-0.318326772382408,9483.992712149815,-0.05160072878501851
btc_hl_breakout_10m,0,0.015,0.01,0.0,0.2,5,high_frequency,0.020431475303927277,2.043147530392728,0.5679012345679012,81,-0.06346078489102691,-6.346078489102691,8.033277753032221,1.0937653271922092,1.185185185185185e-10,0.1387804251068497,10204.314753039273,0.020431475303927277
btc_vol_breakout_3m,0,0.0125,0.04,0.0,0.05,30,high_frequency,0.0041984083587667444,0.4198408358766744,0.3695652173913043,46,-0.014465980156024072,-1.4465980156024072,6.663400692123293,1.097683017065593,2.355072463768116e-10,0.18765005435872786,10041.984083587668,0.0041984083587667444
btc_hl_breakout_9m,0,0.03,0.01,0.0,0.1,45,high_frequency,0.014816456313912284,1.4816456313912283,0.6557377049180327,61,-0.03945071229385333,-3.945071229385333,10.782819447948405,1.1550612500283917,1.8961748633879782e-10,0.2507028191135037,10148.164563139122,0.014816456313912284
btc_hl_breakout_8m,0,0.02,0.02,0.0,0.25,10,high_frequency,0.0510217849808429,5.10217849808429,0.5087719298245614,57,-0.07326128733507165,-7.326128733507165,14.802881912320851,1.1921981741883603,2.04093567251462e-10,0.3762093709876459,10510.217849808429,0.0510217849808429
btc_alt_aligned,0,0.025,0.05,0.0,0.25,10,high_frequency,0.057463953082416586,5.746395308241659,0.4,40,-0.08495291091971491,-8.495291091971492,15.468835924403969,1.226145127252052,3.5e-10,0.6058818939399038,10574.639530824166,0.057463953082416586
btc_alt_aligned,0,0.0175,0.045,0.0,0.1,30,high_frequency,0.02031830514884107,2.031830514884107,0.36538461538461536,52,-0.035175244031580455,-3.5175244031580455,13.488903264684371,1.192537838703476,2.663461538461538e-10,0.4003065233641671,10203.183051488411,0.02031830514884107
btc_small_up_10m,0,0.035,0.05,0.0,0.05,5,high_frequency,0.015166701182224046,1.5166701182224047,0.4827586206896552,29,-0.017798259425243934,-1.7798259425243934,20.206456486820983,1.4192034372569784,4.275862068965517e-10,1.0507588271340123,10151.667011822241,0.015166701182224046
btc_bullish,0,0.025,0.05,0.0,0.1,5,high_frequency,0.030461455388175046,3.0461455388175045,0.41025641025641024,39,-0.027751809879367317,-2.7751809879367317,20.042275015330176,1.3389707792177103,3.431623931623932e-10,0.7888592627692882,10304.61455388175,0.030461455388175046
btc_hl_breakout_5m,0,0.015,0.025,0.0,0.05,45,high_frequency,0.0016267864453404514,0.16267864453404515,0.43103448275862066,58,-0.01711658047497744,-1.7116580474977439,2.7862810771859907,1.0326058886915321,1.8936781609195404e-10,0.0602559663874542,10016.267864453404,0.0016267864453404514
btc_hl_breakout_10m,0,0.0125,0.05,0.0,0.25,60,high_frequency,0.058035553702364996,5.8035553702364995,0.3409090909090909,44,-0.07393657298520162,-7.3936572985201625,16.394781730281913,1.2442545663520495,2.7954545454545453e-10,0.5543483121179227,10580.35553702365,0.058035553702364996
btc_vol_breakout_3m,0,0.035,0.045,0.0,0.25,20,high_frequency,0.03386193687964646,3.386193687964646,0.5172413793103449,29,-0.08490031903412054,-8.490031903412055,10.727272795439928,1.175294834802773,4.281609195402299e-10,0.5083333910322866,10338.619368796464,0.03386193687964646
btc_small_up_9m,0,0.0125,0.015,0.0,0.05,5,high_frequency,0.0038281930899955055,0.3828193089995506,0.4727272727272727,55,-0.011954858544161673,-1.1954858544161673,6.975265125989999,1.1022699861359628,1.4545454545454545e-10,0.14247037977195867,10038.281930899955,0.0038281930899955055
btc_hl_breakout_4m,0,0.02,0.05,0.0,0.2,90,high_frequency,0.030432233850675675,3.0432233850675674,0.39473684210526316,38,-0.0564251548664384,-5.642515486643839,11.550770682269627,1.1745437757349453,3.4385964912280705e-10,0.4262586463665389,10304.322338506758,0.030432233850675675
btc_vol_breakout_9m,0,0.035,0.045,0.0,0.05,15,high_frequency,0.004155617341971015,0.4155617341971015,0.52,25,-0.016091992830896795,-1.6091992830896795,6.777324055769402,1.1292572016156222,4.533333333333333e-10,0.3408795116216462,10041.55617341971,0.004155617341971015
btc_vol_breakout_8m,0,0.0125,0.015,0.0,0.05,15,high_frequency,0.003916875326040582,0.3916875326040582,0.49056603773584906,53,-0.009883603441987687,-0.9883603441987687,8.007246507126558,1.1186008945380705,1.3490566037735848e-10,0.15036820098951884,10039.168753260406,0.003916875326040582
btc_hl_breakout_5m,0,0.01,0.045,0.0,0.2,60,high_frequency,0.016467200619895813,1.6467200619895812,0.30357142857142855,56,-0.06295447667750353,-6.295447667750354,6.929027811356376,1.0838404954004532,2.1666666666666667e-10,0.16508541177905459,10164.672006198958,0.016467200619895813
btc_small_up_10m,0,0.0175,0.02,0.0,0.25,5,high_frequency,0.02591730522069529,2.591730522069529,0.45454545454545453,55,-0.08616598424469168,-8.616598424469169,8.469875122147037,1.107386953891067,1.703030303030303e-10,0.2102810388159616,10259.173052206952,0.02591730522069529
btc_vol_breakout_10m,0,0.0075,0.03,0.0,0.25,30,high_frequency,-0.0018843979765115365,-0.18843979765115365,0.30952380952380953,42,-0.07824636766904769,-7.824636766904769,-0.06981399423121655,0.9885233166491869,1.9246031746031745e-10,-0.0009030693700364909,9981.156020234885,-0.0018843979765115365
btc_vol_breakout_8m,0,0.03,0.03,0.0,0.2,60,high_frequency,0.054222100386382366,5.422210038638236,0.5625,32,-0.03780100596552649,-3.780100596552649,23.863094631218978,1.4303939263989733,3.359375e-10,0.850448571805016,10542.221003863824,0.054222100386382366
btc_vol_breakout_10m,0,0.03,0.02,0.0,0.2,45,high_frequency,0.06529829209887755,6.5298292098877555,0.6285714285714286,35,-0.030706158318280274,-3.0706158318280274,30.50281913482811,1.614456205277518,2.3142857142857143e-10,0.9230505481305477,10652.982920988776,0.06529829209887755
btc_hl_breakout_6m,0,0.015,0.06,0.0,0.1,60,high_frequency,-0.012410719187314408,-1.2410719187314407,0.23076923076923078,39,-0.04547268956882855,-4.547268956882855,-9.096657671986703,0.8628266151819464,3.2179487179487177e-10,-0.3056858484384305,9875.892808126857,-0.012410719187314408
btc_hl_breakout_7m,0,0.015,0.03,0.0,0.05,10,high_frequency,0.007237778832253685,0.7237778832253685,0.39655172413793105,58,-0.020954084305268794,-2.0954084305268794,10.369482591199166,1.1401861613143829,2.0517241379310345e-10,0.2540720014393053,10072.377788322538,0.007237778832253685
btc_vol_breakout_3m,0,0.0125,0.025,0.0,0.15,5,high_frequency,0.02291086190926601,2.291086190926601,0.4423076923076923,52,-0.03501839459663958,-3.501839459663958,12.467159492657581,1.1767469079458142,1.8974358974358975e-10,0.3037910546353687,10229.10861909266,0.02291086190926601
btc_hl_breakout_1m,0,0.03,0.01,0.0,0.1,45,high_frequency,0.005874145394446805,0.5874145394446805,0.6610169491525424,59,-0.03455424554568953,-3.4554245545689533,5.023967475200632,1.0656167750301118,1.8022598870056497e-10,0.10710167300875284,10058.741453944469,0.005874145394446805
btc_hl_breakout_2m,0,0.02,0.015,0.0,0.1,90,high_frequency,0.013791304988790954,1.3791304988790953,0.5757575757575758,66,-0.02373987948903833,-2.373987948903833,10.888167574835714,1.1403621531135637,1.6035353535353536e-10,0.21511254604663255,10137.91304988791,0.013791304988790954
btc_hl_breakout_2m,0,0.025,0.03,0.0,0.05,5,high_frequency,0.010025761856668742,1.0025761856668742,0.5106382978723404,47,-0.012016702947159952,-1.2016702947159952,14.942268052830853,1.214167941548078,2.6773049645390067e-10,0.4308330812020556,10100.257618566688,0.010025761856668742
btc_vol_breakout_10m,0,0.0175,0.025,0.0,0.25,5,high_frequency,0.03638171932382684,3.638171932382684,0.46153846153846156,39,-0.0580204073507804,-5.80204073507804,14.305026760651824,1.2151963201332259,2.2564102564102563e-10,0.38862248225381024,10363.817193238268,0.03638171932382684
btc_small_up_9m,0,0.025,0.04,0.0,0.2,45,high_frequency,0.056864167640147505,5.6864167640147505,0.5,34,-0.04408207357620941,-4.408207357620942,23.409676483844695,1.4199360958484126,3.068627450980392e-10,0.8399011793329091,10568.641676401476,0.056864167640147505
btc_hl_breakout_6m,0,0.035,0.03,0.0,0.2,45,high_frequency,0.008664137087637778,0.8664137087637778,0.5277777777777778,36,-0.06840147342593472,-6.840147342593472,3.9964252047169984,1.049024307575133,3.5925925925925927e-10,0.14853939733084326,10086.641370876378,0.008664137087637778
btc_hl_breakout_1m,0,0.015,0.05,0.0,0.05,20,high_frequency,0.0056011156609070785,0.5601115660907079,0.32558139534883723,43,-0.015430956320865996,-1.5430956320865996,8.849469875241052,1.1314433811854776,2.937984496124031e-10,0.266766968385664,10056.01115660907,0.0056011156609070785
btc_hl_breakout_9m,0,0.02,0.05,0.0,0.1,90,high_frequency,0.016679343388250514,1.6679343388250514,0.375,40,-0.035614250166412176,-3.5614250166412176,11.223453247762995,1.178986192157542,3.1916666666666665e-10,0.43152537048321404,10166.793433882505,0.016679343388250514
btc_hl_breakout_3m,0,0.0075,0.045,0.0,0.25,30,high_frequency,-0.00850939974319772,-0.850939974319772,0.2711864406779661,59,-0.08707377898107305,-8.707377898107305,-1.9622924155897068,0.9627592673664765,1.9350282485875707e-10,-0.039341136304291334,9914.906002568023,-0.00850939974319772
btc_vol_breakout_10m,0,0.035,0.035,0.0,0.1,20,high_frequency,0.01422128396080883,1.422128396080883,0.5517241379310345,29,-0.02989522179579629,-2.989522179579629,11.818345430943154,1.2091810094222322,3.4942528735632183e-10,0.5027071197756977,10142.212839608088,0.01422128396080883
btc_hl_breakout_5m,0,0.005,0.02,0.0,0.05,90,high_frequency,0.0024282955972456193,0.24282955972456194,0.3111111111111111,90,-0.023011004436916616,-2.3011004436916616,3.7356262837485805,1.0437581223221324,1.05e-10,0.05712933155410468,10024.282955972456,0.0024282955972456193
btc_hl_breakout_6m,0,0.01,0.03,0.0,0.1,5,high_frequency,0.0008019787709208231,0.08019787709208231,0.3384615384615385,65,-0.03444124157770234,-3.444124157770234,0.9995686835848793,1.0075474192568468,1.6871794871794872e-10,0.020366372944021636,10008.019787709209,0.0008019787709208231
btc_hl_breakout_2m,0,0.025,0.035,0.0,0.25,5,high_frequency,0.0544277432145846,5.44277432145846,0.4883720930232558,43,-0.06808764702605796,-6.808764702605796,16.658207926219763,1.2323185674739994,3e-10,0.5252994969241983,10544.277432145846,0.0544277432145846
btc_bullish,0,0.025,0.025,0.0,0.15,15,high_frequency,0.03945890291262012,3.945890291262012,0.52,50,-0.04347598200224145,-4.347598200224145,17.900362710708265,1.2705709887785686,2.6266666666666664e-10,0.5349937821281635,10394.5890291262,0.03945890291262012
btc_hl_breakout_2m,0,0.035,0.045,0.0,0.05,5,high_frequency,0.010416978789296712,1.0416978789296711,0.5333333333333333,30,-0.01691037747395463,-1.691037747395463,15.053422337657722,1.2781956459567838,4.516666666666667e-10,0.7013390346765275,10104.169787892966,0.010416978789296712
btc_vol_breakout_2m,0,0.005,0.015,0.0,0.05,15,high_frequency,-0.00807885130506848,-0.8078851305068481,0.3469387755102041,98,-0.019091207296025536,-1.9091207296025536,-13.784448577379509,0.8522050416101766,8.248299319727892e-11,-0.1636414218008191,9919.211486949314,-0.00807885130506848
btc_vol_breakout_10m,0,0.0125,0.05,0.0,0.25,15,high_frequency,0.035842782648503865,3.5842782648503864,0.3235294117647059,34,-0.04883287691339988,-4.883287691339988,14.122255310523176,1.2463743150672135,2.6911764705882354e-10,0.4387024846312027,10358.427826485038,0.035842782648503865
btc_vol_breakout_10m,0,0.025,0.015,0.0,0.2,20,high_frequency,0.033920734178299605,3.3920734178299607,0.6097560975609756,41,-0.03625639526320845,-3.625639526320845,16.400629901383336,1.2843160571042107,2.0243902439024392e-10,0.4222195721891295,10339.207341782996,0.033920734178299605
btc_hl_breakout_9m,0,0.0125,0.02,0.0,0.2,60,high_frequency,0.04090365285724506,4.090365285724506,0.44285714285714284,70,-0.06103062806963322,-6.103062806963322,14.685300628018387,1.1810064025248634,1.5714285714285714e-10,0.30384950327813615,10409.036528572451,0.04090365285724506
btc_hl_breakout_6m,0,0.035,0.035,0.0,0.1,60,high_frequency,0.00699618435849369,0.699618435849369,0.5142857142857142,35,-0.036143510548285684,-3.6143510548285684,5.592903012091482,1.0837737453310816,3.7190476190476186e-10,0.21359696459010585,10069.961843584937,0.00699618435849369
btc_hl_breakout_1m,0,0.02,0.025,0.0,0.15,10,high_frequency,0.02070322904812308,2.0703229048123077,0.4791666666666667,48,-0.04205011327219188,-4.205011327219188,10.958844927962234,1.1510579656424824,2.5625e-10,0.30049214587066764,10207.032290481231,0.02070322904812308
btc_vol_breakout_9m,0,0.025,0.02,0.0,0.05,10,high_frequency,0.016803562907697092,1.6803562907697092,0.6216216216216216,37,-0.007111236816982003,-0.7111236816982003,31.743064771853533,1.6591070186318289,2.1441441441441443e-10,0.9060226226065776,10168.03562907697,0.016803562907697092
btc_hl_breakout_2m,0,0.02,0.035,0.0,0.25,45,high_frequency,0.05046247574219156,5.046247574219156,0.45652173913043476,46,-0.06621067599018726,-6.621067599018726,15.568309633590987,1.2147000036325575,2.8007246376811596e-10,0.45729535097995655,10504.624757421916,0.05046247574219156
btc_hl_breakout_7m,0,0.015,0.015,0.0,0.25,60,high_frequency,0.034617578783471846,3.4617578783471847,0.5068493150684932,73,-0.08775341774752321,-8.77534177475232,10.729222661098627,1.1226912192644432,1.449771689497717e-10,0.2064880018326996,10346.175787834718,0.034617578783471846
btc_vol_breakout_8m,0,0.015,0.025,0.0,0.1,10,high_frequency,0.024824011744211633,2.482401174421163,0.46511627906976744,43,-0.020008372874977587,-2.0008372874977587,23.29525237632921,1.3939238170100126,2.1589147286821706e-10,0.5787588128890717,10248.240117442116,0.024824011744211633
btc_vol_breakout_10m,0,0.015,0.035,0.0,0.25,5,high_frequency,0.0609942201319328,6.09942201319328,0.42105263157894735,38,-0.043586819248588204,-4.3586819248588204,22.954447004346786,1.3931383028798374,2.2368421052631578e-10,0.6464906052950621,10609.942201319329,0.0609942201319328
btc_vol_breakout_2m,0,0.0175,0.025,0.0,0.25,45,high_frequency,0.023591708069284505,2.3591708069284505,0.4528301886792453,53,-0.055845579212088436,-5.584557921208844,8.280476171509035,1.0981335228639988,2.20125786163522e-10,0.19828715046700376,10235.917080692845,0.023591708069284505
btc_hl_breakout_6m,0,0.015,0.03,0.0,0.15,60,high_frequency,-0.00620442533495534,-0.620442533495534,0.38181818181818183,55,-0.05900264753848328,-5.900264753848328,-2.7803976019163765,0.9593237325348504,2.084848484848485e-10,-0.06295520387443151,9937.955746650447,-0.00620442533495534
btc_vol_breakout_8m,0,0.0175,0.03,0.0,0.2,15,high_frequency,0.02538337334100595,2.538337334100595,0.42105263157894735,38,-0.04786596454651515,-4.786596454651515,12.213337613419476,1.1848189701940852,2.644736842105263e-10,0.348766229146845,10253.83373341006,0.02538337334100595
btc_vol_breakout_9m,0,0.0175,0.06,0.0,0.05,10,high_frequency,-0.0017442006897770285,-0.17442006897770285,0.2857142857142857,28,-0.016328553155511072,-1.6328553155511072,-2.6654938087647335,0.9486364068963281,3.8511904761904763e-10,-0.11697487048503982,9982.55799310223,-0.0017442006897770285
btc_hl_breakout_4m,0,0.01,0.05,0.0,0.25,60,high_frequency,0.019614225023327846,1.9614225023327845,0.2765957446808511,47,-0.06469036472058853,-6.469036472058853,6.948681114161268,1.0907614095549536,2.6134751773049645e-10,0.19624194941598058,10196.142250233279,0.019614225023327846
btc_vol_breakout_8m,0,0.0075,0.05,0.0,0.2,90,high_frequency,-0.004841816894702401,-0.4841816894702401,0.23255813953488372,43,-0.05008897894689757,-5.008897894689756,-1.6913217102600524,0.964720272029407,2.2480620155038762e-10,-0.04117785156940612,9951.581831052976,-0.004841816894702401
btc_vol_breakout_8m,0,0.025,0.06,0.0,0.05,15,high_frequency,0.00941219068721689,0.941219068721689,0.36363636363636365,22,-0.010509443626641413,-1.0509443626641413,16.06209952994944,1.3735444951921467,4.954545454545454e-10,0.8626476325535587,10094.12190687217,0.00941219068721689
btc_small_down_10m,0,0.0075,0.06,0.0,0.05,45,high_frequency,0.01013792087403113,1.013792087403113,0.24489795918367346,49,-0.010493349552861075,-1.0493349552861075,16.547585872537805,1.2814372798424072,1.9931972789115646e-10,0.41696831182140803,10101.37920874031,0.01013792087403113
btc_small_down_10m,0,0.0125,0.015,0.0,0.25,90,high_frequency,0.08519733559571856,8.519733559571856,0.5245901639344263,61,-0.05165472408884686,-5.1654724088846855,31.383857561938783,1.458974346170861,1.1967213114754098e-10,0.5508917756704683,10851.973355957185,0.08519733559571856
btc_hl_breakout_7m,0,0.0175,0.02,0.0,0.05,90,high_frequency,0.00710642125045141,0.710642125045141,0.4838709677419355,62,-0.019690286105359278,-1.9690286105359278,10.236511204245009,1.1343085381939741,1.7741935483870967e-10,0.23353135235091688,10071.064212504514,0.00710642125045141
btc_hl_breakout_7m,0,0.025,0.015,0.0,0.15,30,high_frequency,0.04625811596613305,4.625811596613305,0.5964912280701754,57,-0.044361849306029044,-4.436184930602904,21.08337771677679,1.319765981249505,2.0672514619883043e-10,0.5455730378980315,10462.581159661331,0.04625811596613305
btc_hl_breakout_7m,0,0.0175,0.035,0.0,0.2,30,high_frequency,0.017221918701994833,1.7221918701994834,0.37254901960784315,51,-0.08606129654227779,-8.606129654227779,6.769860376799444,1.0792141650708726,2.477124183006536e-10,0.19228178090364165,10172.219187019948,0.017221918701994833
btc_hl_breakout_7m,0,0.02,0.02,0.0,0.25,45,high_frequency,0.054117097803104204,5.411709780310421,0.5166666666666667,60,-0.07779626531032202,-7.779626531032202,15.551977091038088,1.19781338960225,1.886111111111111e-10,0.3772441440402609,10541.170978031041,0.054117097803104204
btc_hl_breakout_1m,0,0.0175,0.035,0.0,0.05,15,high_frequency,0.0013622655628416566,0.13622655628416566,0.375,48,-0.01816819556441529,-1.816819556441529,2.3475519763471606,1.0294110858831689,2.628472222222222e-10,0.06187003007810064,10013.622655628416,0.0013622655628416566
btc_hl_breakout_9m,0,0.015,0.04,0.0,0.15,10,high_frequency,0.026649539912815726,2.6649539912815725,0.375,48,-0.05558605688728424,-5.558605688728424,12.825592166884663,1.1825590522849085,2.625e-10,0.3849912760452308,10266.495399128158,0.026649539912815726
btc_hl_breakout_5m,0,0.03,0.035,0.0,0.1,90,high_frequency,0.0015956931797379524,0.15956931797379525,0.46153846153846156,39,-0.046135908637163436,-4.613590863716343,1.5978795399485353,1.0174730938127243,3.3675213675213676e-10,0.05382617431329174,10015.95693179738,0.0015956931797379524
btc_hl_breakout_2m,0,0.02,0.02,0.0,0.15,10,high_frequency,0.03374277681882354,3.374277681882354,0.5454545454545454,55,-0.033550869791573845,-3.3550869791573845,17.424310963602785,1.2449887728394777,2.0424242424242424e-10,0.4157720982181432,10337.427768188236,0.03374277681882354
btc_hl_breakout_2m,0,0.025,0.03,0.0,0.2,45,high_frequency,0.03898499795562968,3.898499795562968,0.5106382978723404,47,-0.04830256273506961,-4.830256273506961,14.931190852376735,1.1984309962972102,2.6773049645390067e-10,0.4308330812020552,10389.849979556297,0.03898499795562968
btc_hl_breakout_1m,0,0.0175,0.015,0.0,0.2,90,high_frequency,0.0007679073589448307,0.07679073589448307,0.5147058823529411,68,-0.07080144103063357,-7.080144103063358,1.0339252935172825,1.0036935519897199,1.5196078431372549e-10,0.018858049764203216,10007.679073589448,0.0007679073589448307
btc_alt_aligned,0,0.0125,0.045,0.0,0.05,45,high_frequency,0.012116510286101794,1.2116510286101794,0.31666666666666665,60,-0.015124640910740728,-1.5124640910740728,15.839086552556527,1.232793649708492,2.2888888888888888e-10,0.4075343674032057,10121.165102861018,0.012116510286101794
btc_hl_breakout_9m,0,0.035,0.03,0.0,0.1,45,high_frequency,0.026749963840007992,2.6749963840007993,0.5789473684210527,38,-0.03242487560946439,-3.2424875609464388,17.97458402001695,1.3048102495882625,3.425438596491228e-10,0.7122614550372497,10267.49963840008,0.026749963840007992
btc_vol_breakout_8m,0,0.02,0.03,0.0,0.15,5,high_frequency,0.03108878032378491,3.108878032378491,0.4722222222222222,36,-0.03411686375907497,-3.4116863759074967,18.960819806597137,1.3226396746194982,2.9305555555555556e-10,0.5825680054651601,10310.887803237849,0.03108878032378491
btc_alt_aligned,0,0.025,0.03,0.0,0.15,90,high_frequency,0.028052201653882843,2.8052201653882842,0.47058823529411764,51,-0.052365558159613856,-5.236555815961386,12.642812152550896,1.1644474868664625,2.725490196078431e-10,0.3828045300294631,10280.52201653883,0.028052201653882843
btc_hl_breakout_2m,0,0.01,0.025,0.0,0.1,10,high_frequency,0.006618288154246193,0.6618288154246194,0.37681159420289856,69,-0.03075071567266696,-3.075071567266696,5.635338173799568,1.0646708000639562,1.4202898550724639e-10,0.1029419981399307,10066.182881542461,0.006618288154246193
btc_vol_breakout_3m,0,0.02,0.06,0.0,0.25,20,high_frequency,-0.006749075517549227,-0.6749075517549227,0.3,30,-0.08651472272691318,-8.651472272691318,-1.089019698814003,0.9655455310990917,3.972222222222222e-10,-0.04426253928975469,9932.509244824509,-0.006749075517549227
btc_small_down_10m,0,0.0175,0.06,0.0,0.15,30,high_frequency,0.023515571509442522,2.3515571509442523,0.3333333333333333,36,-0.040915976890420924,-4.091597689042093,12.481764320253827,1.205684864426603,2.9907407407407407e-10,0.45297625136384073,10235.155715094425,0.023515571509442522
btc_alt_aligned,0,0.035,0.025,0.0,0.1,20,high_frequency,0.032100001337160906,3.2100001337160906,0.6,45,-0.029442495332961616,-2.9442495332961616,20.974135163914614,1.3416362289032122,3.125925925925926e-10,0.717871862937581,10321.00001337161,0.032100001337160906
btc_hl_breakout_2m,0,0.015,0.03,0.0,0.05,15,high_frequency,0.008062704997209829,0.8062704997209829,0.43859649122807015,57,-0.013526860146149455,-1.3526860146149455,12.906939365265037,1.1658122892510767,2.0087719298245613e-10,0.28652122227665255,10080.627049972098,0.008062704997209829
btc_hl_breakout_1m,0,0.015,0.015,0.0,0.05,90,high_frequency,0.0021755028341956008,0.21755028341956006,0.5211267605633803,71,-0.016388982606749813,-1.6388982606749813,3.7270022037801676,1.0430475622365742,1.4342723004694837e-10,0.06450739471181101,10021.755028341957,0.0021755028341956008
btc_hl_breakout_4m,0,0.025,0.05,0.0,0.2,20,high_frequency,0.03411119956979253,3.4111199569792525,0.42857142857142855,35,-0.060319386230839434,-6.031938623083944,12.802208452901858,1.1982019131036619,3.8380952380952383e-10,0.5150059648160632,10341.111995697926,0.03411119956979253
btc_vol_breakout_10m,0,0.025,0.01,0.0,0.1,15,high_frequency,0.01799402871996041,1.7994028719960409,0.6739130434782609,46,-0.019422141742622245,-1.9422141742622245,17.780568611987032,1.3301364053791305,1.6702898550724638e-10,0.39431499907476664,10179.940287199604,0.01799402871996041
btc_hl_breakout_3m,0,0.025,0.035,0.0,0.15,10,high_frequency,0.037344414500472725,3.7344414500472727,0.5121951219512195,41,-0.04207732360799432,-4.207732360799432,18.849665565140313,1.2957916020534066,3.1463414634146345e-10,0.6155368029947769,10373.444145004727,0.037344414500472725
btc_vol_breakout_9m,0,0.0075,0.045,0.0,0.1,30,high_frequency,0.0011687300289168888,0.11687300289168888,0.2619047619047619,42,-0.02535049968841152,-2.535049968841152,1.4258415116428818,1.0180954796465138,2.2103174603174605e-10,0.03531304434539571,10011.68730028917,0.0011687300289168888
btc_hl_breakout_8m,0,0.02,0.045,0.0,0.2,90,high_frequency,0.01901188776551221,1.901188776551221,0.38095238095238093,42,-0.07005931598295534,-7.005931598295534,7.132162559618204,1.0993222299319159,3.055555555555555e-10,0.25307376762722883,10190.118877655123,0.01901188776551221
btc_hl_breakout_8m,0,0.035,0.04,0.0,0.15,5,high_frequency,0.033899139433386426,3.3899139433386427,0.5,34,-0.05840139240948705,-5.840139240948705,15.363276293119036,1.246789755940048,3.852941176470588e-10,0.686141620083742,10338.991394333865,0.033899139433386426
btc_hl_breakout_5m,0,0.01,0.015,0.0,0.15,45,high_frequency,0.008290980017376387,0.8290980017376387,0.45569620253164556,79,-0.04711323255252475,-4.711323255252475,4.826317149906704,1.0510439987572828,1.2215189873417722e-10,0.07911545515759995,10082.909800173764,0.008290980017376387
btc_vol_breakout_3m,0,0.0175,0.045,0.0,0.05,5,high_frequency,0.0007476361818276359,0.0747636181827636,0.3684210526315789,38,-0.01687329739065746,-1.687329739065746,1.340412847269548,1.0179889162309477,2.9210526315789477e-10,0.045741433886443555,10007.476361818277,0.0007476361818276359
btc_vol_breakout_10m,0,0.0175,0.045,0.0,0.15,30,high_frequency,0.012718665799994937,1.2718665799994937,0.36363636363636365,33,-0.03283798055846299,-3.2837980558462987,8.063548615630486,1.1375974730230545,2.823232323232323e-10,0.27064525048170185,10127.18665799995,0.012718665799994937
btc_vol_breakout_10m,0,0.01,0.01,0.0,0.25,10,high_frequency,-0.03042172211606285,-3.042172211606285,0.4827586206896552,58,-0.07244415794991332,-7.244415794991332,-13.549605920424712,0.81883852872537,1.0028735632183909e-10,-0.20336552564808072,9695.782778839372,-0.03042172211606285
btc_small_down_10m,0,0.025,0.035,0.0,0.2,15,high_frequency,0.038245999914287634,3.8245999914287636,0.5,36,-0.04680534997660346,-4.680534997660346,15.597980031112828,1.2722349848341659,2.902777777777778e-10,0.5449306214650299,10382.459999142877,0.038245999914287634
btc_hl_breakout_4m,0,0.01,0.035,0.0,0.2,10,high_frequency,0.0354698444653877,3.54698444653877,0.36666666666666664,60,-0.04749361566044685,-4.749361566044685,14.458928825980614,1.1839346835053208,1.8694444444444444e-10,0.30775568575396184,10354.698444653877,0.0354698444653877
btc_small_up_10m,0,0.0075,0.06,0.0,0.2,60,high_frequency,0.025672839288475507,2.5672839288475506,0.21739130434782608,46,-0.06528643354231667,-6.528643354231667,9.755358016458032,1.1584590864109219,2.0144927536231885e-10,0.30322504298332337,10256.728392884756,0.025672839288475507
btc_hl_breakout_5m,0,0.01,0.035,0.0,0.1,5,high_frequency,0.014399413284290211,1.439941328429021,0.3442622950819672,61,-0.030051736883510816,-3.0051736883510816,11.207871092165819,1.1414162483032309,1.8278688524590164e-10,0.2437977297373281,10143.994132842901,0.014399413284290211
btc_small_down_10m,0,0.025,0.01,0.0,0.05,5,high_frequency,0.015968664392531782,1.5968664392531782,0.6382978723404256,47,-0.011779509851878256,-1.1779509851878256,28.808070779943,1.532095662274974,1.7943262411347518e-10,0.6784119773997833,10159.686643925317,0.015968664392531782
btc_small_down_10m,0,0.015,0.02,0.0,0.1,15,high_frequency,0.03057937438169896,3.057937438169896,0.5,52,-0.020506304431601508,-2.0506304431601508,27.872642858160877,1.4344026187442553,1.6217948717948718e-10,0.5869227163289965,10305.79374381699,0.03057937438169896
btc_hl_breakout_5m,0,0.03,0.045,0.0,0.2,30,high_frequency,-0.003976224168379576,-0.3976224168379576,0.42105263157894735,38,-0.09973606331564921,-9.973606331564921,-0.7125417138972799,0.9794392972557245,3.416666666666667e-10,-0.024262364549733073,9960.237758316205,-0.003976224168379576
btc_small_up_10m,0,0.005,0.025,0.0,0.15,15,high_frequency,0.025637619801446566,2.5637619801446565,0.3382352941176471,68,-0.04430134725676582,-4.430134725676583,12.968277765529074,1.1880335700445739,1.0759803921568628e-10,0.2599110827638062,10256.376198014466,0.025637619801446566
btc_vol_breakout_2m,0,0.025,0.06,0.0,0.15,15,high_frequency,0.029613160382986097,2.9613160382986097,0.37142857142857144,35,-0.04719585495897394,-4.719585495897394,14.404734337328163,1.222724334459314,3.7952380952380956e-10,0.586360212023361,10296.131603829861,0.029613160382986097
btc_bullish,0,0.035,0.05,0.0,0.15,30,high_frequency,0.04391520228203433,4.391520228203433,0.4838709677419355,31,-0.05230800296747351,-5.230800296747351,19.343057966251127,1.359213353161342,4.4731182795698927e-10,0.9593427521009443,10439.152022820343,0.04391520228203433
btc_hl_breakout_4m,0,0.025,0.04,0.0,0.25,90,high_frequency,0.09288577227952251,9.288577227952251,0.525,40,-0.05474386866406522,-5.4743868664065225,27.05417801289827,1.4453297880758584,3.3374999999999996e-10,0.9221262169516936,10928.857722795225,0.09288577227952251
btc_vol_breakout_9m,0,0.025,0.04,0.0,0.15,10,high_frequency,0.03691472991223763,3.691472991223763,0.5333333333333333,30,-0.04150774689572723,-4.150774689572723,20.162745298701132,1.3952637596124422,3.5222222222222223e-10,0.827568342010154,10369.147299122376,0.03691472991223763
btc_vol_breakout_10m,0,0.01,0.06,0.0,0.25,5,high_frequency,-0.0038291687306691983,-0.38291687306691985,0.20588235294117646,34,-0.06040832395996498,-6.040832395996498,-0.6957284843441804,0.9737402804005462,2.823529411764706e-10,-0.021856279596677738,9961.708312693308,-0.0038291687306691983
btc_hl_breakout_8m,0,0.015,0.04,0.0,0.05,15,high_frequency,0.011214421587462517,1.1214421587462517,0.3829787234042553,47,-0.016185785405097075,-1.6185785405097075,15.492165377003861,1.243668628373338,2.673758865248227e-10,0.4817907884815157,10112.144215874625,0.011214421587462517
btc_hl_breakout_2m,0,0.03,0.01,0.0,0.1,60,high_frequency,0.010166240040146261,1.0166240040146262,0.6935483870967742,62,-0.03420858094162749,-3.4208580941627487,8.465353800168602,1.113387861027055,1.6881720430107527e-10,0.17081076137489412,10101.662400401463,0.010166240040146261
btc_hl_breakout_7m,0,0.015,0.025,0.0,0.25,30,high_frequency,0.026639577183764276,2.6639577183764276,0.4067796610169492,59,-0.10359228023440037,-10.359228023440037,8.50019908066365,1.095670483650599,1.9661016949152542e-10,0.20312098292016376,10266.395771837642,0.026639577183764276
btc_bullish,0,0.015,0.015,0.0,0.2,30,high_frequency,0.03458704133533174,3.458704133533174,0.5,82,-0.04874880272352211,-4.874880272352211,12.33304314975831,1.1391849861363479,1.491869918699187e-10,0.22351810359993135,10345.870413353317,0.03458704133533174
btc_hl_breakout_3m,0,0.02,0.06,0.0,0.1,15,high_frequency,0.019995843337723727,1.9995843337723727,0.3611111111111111,36,-0.033699581420288616,-3.3699581420288616,14.608211546740463,1.2412939347550627,3.62962962962963e-10,0.5682536962696847,10199.958433377236,0.019995843337723727
btc_vol_breakout_8m,0,0.03,0.04,0.0,0.05,5,high_frequency,0.00833470190014687,0.833470190014687,0.5333333333333333,30,-0.014572638738392985,-1.4572638738392985,13.461902657817602,1.243884492986077,3.755555555555556e-10,0.561425291780125,10083.347019001469,0.00833470190014687
btc_hl_breakout_3m,0,0.0175,0.035,0.0,0.15,15,high_frequency,0.006306052445245132,0.6306052445245132,0.3958333333333333,48,-0.0483479195019918,-4.83479195019918,3.7689478163541246,1.0427351246146404,2.579861111111111e-10,0.10356739633242248,10063.060524452452,0.006306052445245132
btc_vol_breakout_3m,0,0.025,0.03,0.0,0.25,10,high_frequency,0.04996011799632979,4.996011799632979,0.5263157894736842,38,-0.06495991484492869,-6.495991484492869,15.652792348136803,1.2400691846387402,3.153508771929825e-10,0.5468900329541145,10499.601179963298,0.04996011799632979
btc_hl_breakout_10m,0,0.0125,0.025,0.0,0.15,30,high_frequency,0.04057814077573069,4.0578140775730684,0.4406779661016949,59,-0.03689387809840583,-3.689387809840583,19.228764077376727,1.2727528775829908,1.8926553672316383e-10,0.4650340879009831,10405.781407757308,0.04057814077573069
btc_hl_breakout_10m,0,0.0175,0.03,0.0,0.15,15,high_frequency,0.023687530180250042,2.368753018025004,0.41509433962264153,53,-0.06042734279927764,-6.042734279927764,11.359643393534764,1.145814299184457,2.20125786163522e-10,0.31320029507355907,10236.8753018025,0.023687530180250042
btc_vol_breakout_2m,0,0.025,0.04,0.0,0.2,60,high_frequency,0.013049926050390013,1.3049926050390013,0.43902439024390244,41,-0.06474889419151697,-6.4748894191516975,5.585420407761829,1.0719927639425888,3.060975609756098e-10,0.18223011788940066,10130.4992605039,0.013049926050390013
btc_bullish,0,0.0175,0.02,0.0,0.1,30,high_frequency,0.02329936264880089,2.329936264880089,0.5068493150684932,73,-0.025196501810194838,-2.519650181019484,15.968454275852489,1.1977500499901916,1.6894977168949772e-10,0.32492075779662677,10232.993626488009,0.02329936264880089
btc_hl_breakout_9m,0,0.025,0.06,0.0,0.05,30,high_frequency,0.015035244386044349,1.5035244386044349,0.40625,32,-0.01683603574898851,-1.683603574898851,19.409699065195287,1.3745290816472409,4.2864583333333335e-10,0.9457544559151132,10150.352443860444,0.015035244386044349
btc_hl_breakout_2m,0,0.025,0.06,0.0,0.15,10,high_frequency,0.022865668987291882,2.286566898729188,0.38235294117647056,34,-0.05615228098153657,-5.615228098153658,11.334548188868206,1.172500361329282,3.9362745098039217e-10,0.47332433387464223,10228.656689872918,0.022865668987291882
btc_hl_breakout_4m,0,0.01,0.02,0.0,0.15,15,high_frequency,0.010127080035694371,1.0127080035694371,0.4246575342465753,73,-0.038647112627519076,-3.8647112627519076,5.975386213521052,1.0659006594859568,1.4200913242009132e-10,0.101609444119817,10101.270800356944,0.010127080035694371
btc_hl_breakout_1m,0,0.035,0.045,0.0,0.1,90,high_frequency,0.02427236325259497,2.4272363252594973,0.5172413793103449,29,-0.03419969951513491,-3.4199699515134907,17.864773670482414,1.344777445483076,4.5977011494252873e-10,0.8471077165651044,10242.72363252595,0.02427236325259497
btc_small_up_9m,0,0.035,0.06,0.0,0.05,5,high_frequency,0.011942388692302587,1.1942388692302586,0.45454545454545453,22,-0.013340108104434867,-1.3340108104434867,17.96892094252567,1.4160268033264605,5.5e-10,1.0927993795983169,10119.423886923027,0.011942388692302587
btc_vol_breakout_2m,0,0.005,0.015,0.0,0.1,60,high_frequency,-0.016291459175908473,-1.6291459175908474,0.3469387755102041,98,-0.037974955856330594,-3.7974955856330594,-13.789848085154194,0.8515395908234875,8.248299319727892e-11,-0.1636414218008212,9837.085408240915,-0.016291459175908473
btc_bullish,0,0.03,0.06,0.0,0.25,5,high_frequency,0.07099193371364595,7.099193371364596,0.375,32,-0.08021131074505417,-8.021131074505416,18.99574287645368,1.3226376224867755,4.2760416666666667e-10,0.9189826609559486,10709.91933713646,0.07099193371364595
btc_vol_breakout_9m,0,0.025,0.015,0.0,0.25,20,high_frequency,0.05467348077738011,5.467348077738011,0.6341463414634146,41,-0.044212840893034344,-4.421284089303434,20.930585278705475,1.3808925980937425,2.0243902439024392e-10,0.5383875503534998,10546.7348077738,0.05467348077738011
btc_hl_breakout_6m,0,0.03,0.06,0.0,0.1,60,high_frequency,-0.014020380702703722,-1.4020380702703723,0.2903225806451613,31,-0.055384842516362776,-5.5384842516362776,-10.135509861356766,0.8517514354889215,4.150537634408602e-10,-0.4345295177161368,9859.796192972963,-0.014020380702703722
btc_vol_breakout_9m,0,0.02,0.05,0.0,0.15,90,high_frequency,0.0203403106252681,2.03403106252681,0.38461538461538464,26,-0.031375077269677365,-3.1375077269677365,12.415155913419436,1.2626050544006495,4.1217948717948717e-10,0.535643629687132,10203.403106252681,0.0203403106252681
btc_vol_breakout_9m,0,0.025,0.045,0.0,0.2,15,high_frequency,0.049882337324956186,4.988233732495619,0.5,26,-0.041442984092255886,-4.144298409225589,22.261384859964114,1.4976040736907987,3.923076923076923e-10,0.9625634549078669,10498.823373249561,0.049882337324956186
btc_hl_breakout_8m,0,0.0175,0.05,0.0,0.25,90,high_frequency,0.024844819967747664,2.4844819967747664,0.3333333333333333,42,-0.07805067918425612,-7.805067918425612,7.699943353500214,1.099292454767206,3.0515873015873016e-10,0.2760617239715989,10248.448199677478,0.024844819967747664
btc_hl_breakout_10m,0,0.015,0.06,0.0,0.2,90,high_frequency,0.040010198897929374,4.001019889792937,0.3,40,-0.06924230574599155,-6.9242305745991555,13.869264204771671,1.2209259292400145,3.225e-10,0.5277393749764769,10400.101988979293,0.040010198897929374
btc_vol_breakout_2m,0,0.02,0.04,0.0,0.05,90,high_frequency,0.003894901387601146,0.3894901387601146,0.4186046511627907,43,-0.01634466101470644,-1.634466101470644,6.1231765118237815,1.0894144110896427,2.8953488372093023e-10,0.18656078085688066,10038.949013876012,0.003894901387601146
btc_vol_breakout_9m,0,0.005,0.015,0.0,0.1,30,high_frequency,-0.003250618885578683,-0.32506188855786833,0.3389830508474576,59,-0.025249408892696446,-2.5249408892696446,-3.047992263912448,0.9533819459206757,1.0112994350282486e-10,-0.05035492588829428,9967.493811144213,-0.003250618885578683
btc_small_down_10m,0,0.005,0.04,0.0,0.15,5,high_frequency,0.01370714247920489,1.370714247920489,0.2413793103448276,58,-0.03272556446523689,-3.272556446523689,7.753530624404978,1.1210311289209334,1.7155172413793103e-10,0.16706012953827215,10137.07142479205,0.01370714247920489
btc_hl_breakout_9m,0,0.035,0.05,0.0,0.15,15,high_frequency,0.031414310074737634,3.1414310074737632,0.48484848484848486,33,-0.05609182011702096,-5.609182011702096,14.059327842869276,1.22910921267674,4.0252525252525253e-10,0.6583726599784024,10314.143100747377,0.031414310074737634
btc_hl_breakout_3m,0,0.0075,0.03,0.0,0.25,30,high_frequency,-0.014542606879269669,-1.4542606879269668,0.32857142857142857,70,-0.09775741001347937,-9.775741001347937,-3.854064639368594,0.9462001103897837,1.5547619047619048e-10,-0.06666287848854119,9854.573931207304,-0.014542606879269669
btc_small_up_10m,0,0.01,0.06,0.0,0.15,5,high_frequency,0.016606352064547945,1.6606352064547945,0.22727272727272727,44,-0.05361164020429643,-5.3611640204296425,8.32416074994247,1.1343196006564338,2.1666666666666667e-10,0.2715943289767835,10166.063520645479,0.016606352064547945
btc_alt_aligned,0,0.03,0.02,0.0,0.1,90,high_frequency,0.0209132395686261,2.09132395686261,0.5769230769230769,52,-0.02941503013676905,-2.941503013676905,13.981647010607025,1.1996131888963277,2.666666666666667e-10,0.41155533415642404,10209.132395686262,0.0209132395686261
btc_hl_breakout_7m,0,0.015,0.045,0.0,0.1,20,high_frequency,0.013911980528826279,1.3911980528826278,0.3404255319148936,47,-0.03868414610540594,-3.8684146105405937,10.067487075755787,1.1488047614286911,2.7198581560283685e-10,0.30711718493221235,10139.119805288263,0.013911980528826279
btc_vol_breakout_3m,0,0.005,0.01,0.0,0.15,5,high_frequency,-0.028938760087610104,-2.8938760087610103,0.38372093023255816,86,-0.06628841467958912,-6.628841467958912,-17.581805772280504,0.7948524187680271,7.344961240310078e-11,-0.22177274877574613,9710.612399123898,-0.028938760087610104
btc_hl_breakout_3m,0,0.015,0.035,0.0,0.05,30,high_frequency,0.011630743404156419,1.1630743404156418,0.42,50,-0.013895569272755481,-1.3895569272755481,17.790899027882173,1.2619013277196252,2.3933333333333333e-10,0.4682992284002468,10116.307434041564,0.011630743404156419
btc_vol_breakout_9m,0,0.0175,0.05,0.0,0.15,5,high_frequency,-0.0012915429039206628,-0.12915429039206627,0.3448275862068966,29,-0.042970687644723005,-4.2970687644723,-0.18845811539498863,0.9868233983986788,3.735632183908046e-10,-0.009584106530810628,9987.084570960793,-0.0012915429039206628
btc_hl_breakout_1m,0,0.035,0.06,0.0,0.25,15,high_frequency,0.07156911885330301,7.1569118853303015,0.46153846153846156,26,-0.08380127814855332,-8.380127814855332,20.895348238988788,1.3928923536084843,5.211538461538462e-10,1.1273622815877082,10715.69118853303,0.07156911885330301
btc_hl_breakout_1m,0,0.0075,0.015,0.0,0.05,90,high_frequency,-0.006685085367511516,-0.6685085367511516,0.4074074074074074,81,-0.023977289925887546,-2.3977289925887546,-10.880690802673218,0.8778104901636042,1.1296296296296296e-10,-0.16307564864085786,9933.149146324884,-0.006685085367511516
btc_hl_breakout_4m,0,0.0175,0.02,0.0,0.15,60,high_frequency,0.017272924271378658,1.7272924271378658,0.5166666666666667,60,-0.03945513449766613,-3.9455134497666133,9.442729493669232,1.1147594841130293,1.7777777777777778e-10,0.2028658878966477,10172.729242713787,0.017272924271378658
btc_hl_breakout_1m,0,0.03,0.025,0.0,0.05,15,high_frequency,0.005702281457683205,0.5702281457683205,0.5348837209302325,43,-0.014119958174594105,-1.4119958174594105,8.993781428944422,1.1321223498808384,2.9573643410852713e-10,0.2705089754048624,10057.022814576832,0.005702281457683205
btc_vol_breakout_8m,0,0.0125,0.025,0.0,0.1,10,high_frequency,0.018042512625708423,1.8042512625708422,0.4318181818181818,44,-0.024157008730830487,-2.4157008730830487,17.461443510643885,1.2783411244321137,1.9886363636363636e-10,0.4143064467779547,10180.425126257083,0.018042512625708423
btc_hl_breakout_2m,0,0.0075,0.04,0.0,0.25,30,high_frequency,0.00471553481786691,0.471553481786691,0.296875,64,-0.09360506679491676,-9.360506679491676,2.411981958686955,1.018088481229829,1.8307291666666668e-10,0.04968954416033581,10047.155348178669,0.00471553481786691
btc_vol_breakout_3m,0,0.015,0.035,0.0,0.2,20,high_frequency,0.04442737368354494,4.442737368354495,0.41304347826086957,46,-0.0555962508939124,-5.55962508939124,17.689656273826223,1.2609262995015456,2.2246376811594203e-10,0.49529426999974474,10444.27373683545,0.04442737368354494
btc_vol_breakout_9m,0,0.035,0.01,0.0,0.05,20,high_frequency,0.008970299190055812,0.8970299190055813,0.7441860465116279,43,-0.010405205215314073,-1.0405205215314073,17.47288783890304,1.3454239814834439,1.996124031007752e-10,0.4191597252523128,10089.702991900558,0.008970299190055812
btc_small_up_9m,0,0.0125,0.04,0.0,0.25,20,high_frequency,0.04469638016681838,4.469638016681838,0.37209302325581395,43,-0.05874508047077298,-5.874508047077298,15.507274847784844,1.241802780505502,2.1434108527131783e-10,0.4311348621315035,10446.963801668184,0.04469638016681838
btc_hl_breakout_5m,0,0.005,0.015,0.0,0.15,30,high_frequency,-0.0011700503907781468,-0.11700503907781468,0.3263157894736842,95,-0.07248822687664047,-7.248822687664047,0.0280542372501823,0.9932066443338131,9.43859649122807e-11,0.0005638306849259294,9988.299496092219,-0.0011700503907781468
btc_vol_breakout_2m,0,0.025,0.04,0.0,0.25,60,high_frequency,0.01571745580279062,1.571745580279062,0.43902439024390244,41,-0.08040388305563728,-8.040388305563727,5.604011330507538,1.0687653892619913,3.060975609756098e-10,0.18223011788940446,10157.174558027906,0.01571745580279062
btc_hl_breakout_9m,0,0.0125,0.025,0.0,0.1,60,high_frequency,0.023297319036912734,2.3297319036912736,0.4126984126984127,63,-0.028271433912684274,-2.8271433912684274,16.331060123413085,1.2222857497251036,1.8015873015873017e-10,0.3757048342247034,10232.973190369128,0.023297319036912734
btc_hl_breakout_5m,0,0.03,0.01,0.0,0.15,15,high_frequency,0.021596957606254682,2.159695760625468,0.703125,64,-0.04955374130261503,-4.955374130261503,11.971103391920701,1.1626834837826123,1.6666666666666666e-10,0.23327131198591167,10215.969576062547,0.021596957606254682
btc_vol_breakout_9m,0,0.035,0.05,0.0,0.2,20,high_frequency,0.015801982598947415,1.5801982598947415,0.45454545454545453,22,-0.06315133820017071,-6.3151338200170715,6.912770623271247,1.129496785818195,5.371212121212122e-10,0.40125714174878624,10158.019825989475,0.015801982598947415
btc_hl_breakout_4m,0,0.03,0.05,0.0,0.15,90,high_frequency,0.019499508048391432,1.9499508048391432,0.4411764705882353,34,-0.05440925360046134,-5.440925360046133,9.768288522288186,1.1486003171434396,3.9901960784313726e-10,0.40698081396825975,10194.995080483914,0.019499508048391432
btc_vol_breakout_3m,0,0.02,0.04,0.0,0.05,90,high_frequency,0.0035457481367470733,0.35457481367470733,0.425,40,-0.014028090049388986,-1.4028090049388986,5.615801155021555,1.0827317652706157,2.8958333333333334e-10,0.18336534641921887,10035.45748136747,0.0035457481367470733
btc_hl_breakout_10m,0,0.02,0.045,0.0,0.05,90,high_frequency,0.008078445559565887,0.8078445559565887,0.40476190476190477,42,-0.014783389317059803,-1.4783389317059803,11.129770285993976,1.1737065341044466,2.972222222222222e-10,0.3910962917935224,10080.784455595658,0.008078445559565887
btc_hl_breakout_1m,0,0.005,0.03,0.0,0.05,20,high_frequency,-0.0011806256107569368,-0.11806256107569368,0.28205128205128205,78,-0.022538673855455715,-2.2538673855455715,-1.7940107346973488,0.9765246243155942,1.2393162393162394e-10,-0.027425684603085393,9988.19374389243,-0.0011806256107569368
btc_hl_breakout_7m,0,0.0125,0.045,0.0,0.05,5,high_frequency,0.0109353043436546,1.09353043436546,0.33962264150943394,53,-0.016525965183668445,-1.6525965183668445,14.99620214799399,1.2246681596674445,2.3679245283018867e-10,0.4170282165351637,10109.353043436546,0.0109353043436546
btc_hl_breakout_7m,0,0.02,0.05,0.0,0.15,5,high_frequency,0.024789092422748536,2.4789092422748538,0.375,40,-0.047190627779606364,-4.7190627779606364,11.521529966299035,1.176032224062905,3.2833333333333334e-10,0.4348343248145034,10247.890924227486,0.024789092422748536
btc_vol_breakout_9m,0,0.025,0.035,0.0,0.15,15,high_frequency,0.031739476338831674,3.1739476338831674,0.5161290322580645,31,-0.04150774689572667,-4.150774689572668,17.53078397930539,1.3324587389509215,3.381720430107527e-10,0.6929462173838709,10317.394763388316,0.031739476338831674
btc_hl_breakout_5m,0,0.035,0.02,0.0,0.25,60,high_frequency,0.049618732144796195,4.96187321447962,0.6136363636363636,44,-0.06493092718532778,-6.493092718532778,15.558364791003472,1.2293297268759684,2.738636363636364e-10,0.4683110517794623,10496.187321447962,0.049618732144796195
btc_hl_breakout_9m,0,0.0125,0.01,0.0,0.15,20,high_frequency,0.008912327196187949,0.8912327196187949,0.5172413793103449,87,-0.05168736688086484,-5.168736688086484,4.816149393800121,1.0515995591759104,1.0823754789272031e-10,0.07808247731285933,10089.12327196188,0.008912327196187949
btc_hl_breakout_4m,0,0.025,0.035,0.0,0.15,30,high_frequency,0.04899291823201061,4.899291823201061,0.5238095238095238,42,-0.03306861634753999,-3.306861634753999,24.069816774173525,1.3947711036449937,3.1468253968253965e-10,0.7785580087182955,10489.929182320106,0.04899291823201061
btc_hl_breakout_4m,0,0.005,0.045,0.0,0.1,90,high_frequency,-0.0007052905410536141,-0.07052905410536142,0.23076923076923078,65,-0.03488705990629026,-3.4887059906290263,-0.2043567797143734,0.9924154054069196,1.6333333333333334e-10,-0.0034697403749645774,9992.947094589465,-0.0007052905410536141
btc_hl_breakout_10m,0,0.015,0.02,0.0,0.1,45,high_frequency,0.022412564378078297,2.24125643780783,0.48484848484848486,66,-0.02507261153292073,-2.507261153292073,15.937888617139071,1.212695641266751,1.638888888888889e-10,0.34539945306570424,10224.125643780782,0.022412564378078297
btc_hl_breakout_3m,0,0.005,0.025,0.0,0.15,60,high_frequency,-0.017887134201584557,-1.7887134201584558,0.2716049382716049,81,-0.060560256217109365,-6.056025621710937,-9.759369969373026,0.8845609091005714,1.1111111111111112e-10,-0.14055966195924918,9821.128657984154,-0.017887134201584557
btc_vol_breakout_8m,0,0.025,0.01,0.0,0.2,90,high_frequency,0.03085519910177527,3.085519910177527,0.6666666666666666,51,-0.044389389778697885,-4.438938977869789,15.209693266131389,1.247436455536622,1.6666666666666666e-10,0.3099685690291978,10308.551991017754,0.03085519910177527
btc_hl_breakout_7m,0,0.02,0.03,0.0,0.15,60,high_frequency,0.020800338641905523,2.0800338641905523,0.42,50,-0.05932839330678519,-5.932839330678519,9.98968834151376,1.1316951358921647,2.5333333333333334e-10,0.29401395574547706,10208.003386419055,0.020800338641905523
btc_alt_aligned,0,0.005,0.06,0.0,0.05,90,high_frequency,0.008461444298025362,0.8461444298025361,0.189873417721519,79,-0.018898536736809968,-1.8898536736809968,11.019198868433731,1.1521290382797773,1.6772151898734178e-10,0.21852270092090537,10084.614442980253,0.008461444298025362
btc_hl_breakout_7m,0,0.02,0.02,0.0,0.05,20,high_frequency,0.011214664742357234,1.1214664742357234,0.5166666666666667,60,-0.01571733186154045,-1.5717331861540451,15.548074569045449,1.2203347847445132,1.886111111111111e-10,0.37724414404025985,10112.146647423573,0.011214664742357234
btc_hl_breakout_9m,0,0.0175,0.045,0.0,0.2,60,high_frequency,0.02286729940793375,2.286729940793375,0.3617021276595745,47,-0.0833868057635283,-8.33868057635283,8.726789695061614,1.1117081115164644,2.606382978723404e-10,0.26736851495944786,10228.672994079338,0.02286729940793375
btc_vol_breakout_9m,0,0.005,0.015,0.0,0.15,30,high_frequency,-0.005085804697548724,-0.5085804697548724,0.3389830508474576,59,-0.03766978493831741,-3.7669784938317408,-3.0526293454526634,0.951657280416578,1.0112994350282486e-10,-0.05035492588829376,9949.141953024513,-0.005085804697548724
btc_vol_breakout_2m,0,0.005,0.03,0.0,0.25,15,high_frequency,-0.04122877255345702,-4.122877255345702,0.24705882352941178,85,-0.09883849242482834,-9.883849242482833,-13.360385610752324,0.8498932070835887,1.1372549019607843e-10,-0.18558498493682837,9587.71227446543,-0.04122877255345702
btc_vol_breakout_3m,0,0.0175,0.015,0.0,0.2,30,high_frequency,0.03790963775308501,3.7909637753085006,0.5689655172413793,58,-0.03675108675185845,-3.6751086751858453,17.04878763265188,1.2392649853195241,1.525862068965517e-10,0.3338241749650148,10379.09637753085,0.03790963775308501
btc_vol_breakout_9m,0,0.03,0.02,0.0,0.1,15,high_frequency,0.03434103084423532,3.434103084423532,0.6388888888888888,36,-0.015414704285725445,-1.5414704285725445,32.18468385303937,1.6677068944807758,2.314814814814815e-10,0.9479079524569904,10343.410308442353,0.03434103084423532
btc_hl_breakout_3m,0,0.0075,0.025,0.0,0.25,90,high_frequency,-0.01942055276107353,-1.942055276107353,0.34285714285714286,70,-0.0994799862708583,-9.94799862708583,-5.499400505256184,0.9281432583552158,1.5e-10,-0.09519878694501376,9805.794472389265,-0.01942055276107353
btc_bullish,0,0.01,0.035,0.0,0.2,5,high_frequency,0.04983985593294558,4.983985593294558,0.3382352941176471,68,-0.05123435366096607,-5.123435366096607,17.14645224063301,1.2160843265004524,1.8137254901960786e-10,0.37788088978626566,10498.398559329456,0.04983985593294558
btc_hl_breakout_2m,0,0.02,0.045,0.0,0.2,90,high_frequency,0.022992798646658662,2.2992798646658663,0.3902439024390244,41,-0.06542130728884232,-6.542130728884232,9.041511355453117,1.1301903844083836,3.1788617886178864e-10,0.3023059530233004,10229.927986466586,0.022992798646658662
btc_hl_breakout_5m,0,0.0075,0.04,0.0,0.15,90,high_frequency,-0.003870263073338651,-0.3870263073338651,0.2903225806451613,62,-0.06539596116523116,-6.539596116523116,-1.4324322674492052,0.97558551846421,1.9408602150537633e-10,-0.029022010069311422,9961.297369266613,-0.003870263073338651
btc_hl_breakout_4m,0,0.03,0.06,0.0,0.25,90,high_frequency,0.04642022196702173,4.6420221967021735,0.43333333333333335,30,-0.08941481214256697,-8.941481214256697,13.811427437428502,1.2177088264338818,4.661111111111111e-10,0.6638665982375178,10464.202219670216,0.04642022196702173
btc_vol_breakout_8m,0,0.015,0.035,0.0,0.1,20,high_frequency,0.026942877125823158,2.694287712582316,0.425,40,-0.017613798607734044,-1.7613798607734044,24.81906316564395,1.436164249852287,2.3875e-10,0.6742925001322106,10269.428771258232,0.026942877125823158
btc_small_down_10m,0,0.005,0.06,0.0,0.15,5,high_frequency,0.027629720989214412,2.7629720989214412,0.21052631578947367,57,-0.03701872036689546,-3.7018720366895463,14.257685996885682,1.2382307463705018,1.7426900584795323e-10,0.3326699338768388,10276.297209892144,0.027629720989214412
btc_hl_breakout_10m,0,0.0075,0.06,0.0,0.25,90,high_frequency,0.01170014984475747,1.170014984475747,0.21568627450980393,51,-0.10142519971316888,-10.142519971316888,4.246169546931436,1.047619646885879,2.3986928104575163e-10,0.12609739772676734,10117.001498447575,0.01170014984475747
btc_small_up_9m,0,0.0075,0.045,0.0,0.25,45,high_frequency,0.03253400625343698,3.253400625343698,0.2978723404255319,47,-0.05525145138071652,-5.525145138071652,11.525494905610257,1.1782185090918555,1.8404255319148935e-10,0.29431500159354007,10325.34006253437,0.03253400625343698
btc_vol_breakout_9m,0,0.0075,0.035,0.0,0.25,45,high_frequency,0.012173128772409064,1.2173128772409063,0.29545454545454547,44,-0.06610581617874522,-6.610581617874523,5.393856217529736,1.0695135470066541,2.0416666666666666e-10,0.12922317208253978,10121.731287724091,0.012173128772409064
btc_hl_breakout_4m,0,0.02,0.04,0.0,0.15,20,high_frequency,0.047211863673839095,4.721186367383909,0.4772727272727273,44,-0.03296941737999359,-3.2969417379993593,23.246128368512768,1.371701120060093,2.9318181818181814e-10,0.7175467488169606,10472.11863673839,0.047211863673839095
btc_hl_breakout_10m,0,0.035,0.02,0.0,0.15,60,high_frequency,0.04884986285817531,4.884986285817531,0.6444444444444445,45,-0.03816451702628376,-3.816451702628376,22.40910746507386,1.3805914557719354,2.7814814814814816e-10,0.7268677984198011,10488.498628581754,0.04884986285817531
btc_hl_breakout_6m,0,0.02,0.03,0.0,0.15,45,high_frequency,-0.001430718055901275,-0.1430718055901275,0.4166666666666667,48,-0.05959759295188605,-5.959759295188604,-0.14483057482501266,0.9905440063487778,2.642361111111111e-10,-0.003799400184585521,9985.692819440987,-0.001430718055901275
btc_hl_breakout_7m,0,0.0175,0.04,0.0,0.2,15,high_frequency,0.018981385140506405,1.8981385140506406,0.3673469387755102,49,-0.08556763685651303,-8.556763685651303,7.363544435386248,1.0896425759467383,2.5918367346938775e-10,0.21757916268586144,10189.813851405064,0.018981385140506405
btc_small_up_9m,0,0.0125,0.035,0.0,0.25,20,high_frequency,0.03496812663373512,3.4968126633735124,0.37209302325581395,43,-0.05874508047077143,-5.874508047077143,12.343318716291275,1.1898620333437375,2.2286821705426357e-10,0.3430361068511871,10349.681266337351,0.03496812663373512
btc_hl_breakout_2m,0,0.01,0.015,0.0,0.25,10,high_frequency,0.017388784534602884,1.7388784534602884,0.45,80,-0.08893586886830507,-8.893586886830507,6.4095045103532415,1.0648996731696059,1.1625e-10,0.1012234977430367,10173.88784534603,0.017388784534602884
btc_vol_breakout_8m,0,0.0125,0.01,0.0,0.2,15,high_frequency,0.011286373037614589,1.128637303761459,0.5789473684210527,57,-0.03885218568919335,-3.8852185689193353,6.428205081976731,1.091829081977444,1.1286549707602339e-10,0.10740988200799613,10112.863730376146,0.011286373037614589
btc_hl_breakout_9m,0,0.02,0.025,0.0,0.1,60,high_frequency,0.022905101654727582,2.290510165472758,0.48148148148148145,54,-0.03345162900791532,-3.345162900791532,15.803547770011777,1.2245228274562776,2.2623456790123456e-10,0.43151950279635154,10229.051016547275,0.022905101654727582
btc_bullish,0,0.015,0.035,0.0,0.1,20,high_frequency,0.02216359740969391,2.216359740969391,0.3770491803278688,61,-0.025149318702250456,-2.5149318702250456,14.993374579019536,1.1961797671324763,2.087431693989071e-10,0.3710582939798087,10221.635974096938,0.02216359740969391
btc_hl_breakout_4m,0,0.02,0.025,0.0,0.15,10,high_frequency,0.02499108843245133,2.499108843245133,0.5098039215686274,51,-0.039441259895930614,-3.9441259895930614,13.038474646179136,1.1726180939028077,2.441176470588235e-10,0.3383682082481529,10249.910884324514,0.02499108843245133
btc_small_down_10m,0,0.0075,0.03,0.0,0.05,90,high_frequency,0.007115906330406853,0.7115906330406853,0.3559322033898305,59,-0.01178209751089987,-1.178209751089987,11.739637118286694,1.1726583305111102,1.446327683615819e-10,0.24412393344824612,10071.159063304069,0.007115906330406853
btc_vol_breakout_10m,0,0.0175,0.015,0.0,0.25,45,high_frequency,0.003794727476768412,0.3794727476768412,0.5106382978723404,47,-0.06022136660120636,-6.022136660120636,2.2280149466055867,1.0215751709238092,1.6063829787234043e-10,0.048254882374119484,10037.947274767685,0.003794727476768412
btc_hl_breakout_3m,0,0.025,0.045,0.0,0.15,45,high_frequency,0.03216124131007678,3.216124131007678,0.4722222222222222,36,-0.05704004445257427,-5.704004445257427,16.085610298048344,1.2640718216168025,3.657407407407407e-10,0.608875566716653,10321.612413100767,0.03216124131007678
btc_hl_breakout_1m,0,0.03,0.03,0.0,0.15,10,high_frequency,0.01078821474815502,1.078821474815502,0.5,40,-0.05000906632335589,-5.000906632335589,6.0512247639794285,1.07888888690945,3.225e-10,0.1985991393827988,10107.88214748155,0.01078821474815502
btc_vol_breakout_10m,0,0.025,0.015,0.0,0.25,90,high_frequency,0.04218124701724546,4.2181247017245465,0.6097560975609756,41,-0.04519552649472813,-4.519552649472813,16.408477567337076,1.2797722425408202,2.0243902439024392e-10,0.4222195721891292,10421.812470172456,0.04218124701724546
btc_hl_breakout_4m,0,0.0175,0.05,0.0,0.25,5,high_frequency,0.008805723678340836,0.8805723678340837,0.35,40,-0.0705755635138543,-7.05755635138543,3.5908043834427312,1.037538509058349,3.1583333333333333e-10,0.1250498620383757,10088.057236783408,0.008805723678340836
btc_vol_breakout_3m,0,0.01,0.025,0.0,0.05,15,high_frequency,-0.0018994844272395084,-0.18994844272395084,0.3559322033898305,59,-0.014910485046018995,-1.4910485046018995,-3.0163252613112723,0.9591226207526152,1.5451977401129943e-10,-0.06080516984657828,9981.005155727606,-0.0018994844272395084
btc_vol_breakout_8m,0,0.035,0.02,0.0,0.15,20,high_frequency,0.041659308928258545,4.1659308928258545,0.6571428571428571,35,-0.03021970009254482,-3.021970009254482,25.72718938377339,1.4999820683256304,2.6095238095238093e-10,0.7921559727974788,10416.593089282585,0.041659308928258545
btc_alt_aligned,0,0.02,0.04,0.0,0.25,45,high_frequency,0.04164029502415601,4.164029502415601,0.40384615384615385,52,-0.0874300686078443,-8.74300686078443,11.684550139309263,1.1463972486865421,2.669871794871795e-10,0.34620634422617186,10416.40295024156,0.04164029502415601
btc_vol_breakout_9m,0,0.0175,0.05,0.0,0.25,45,high_frequency,-0.003118570726212147,-0.3118570726212147,0.3448275862068966,29,-0.0707806824431102,-7.078068244311019,-0.1602458380122951,0.9810814265034444,3.735632183908046e-10,-0.00958410653081142,9968.81429273788,-0.003118570726212147
btc_vol_breakout_10m,0,0.005,0.03,0.0,0.2,5,high_frequency,0.009394226299047728,0.9394226299047728,0.2857142857142857,49,-0.053993369636261335,-5.3993369636261335,5.208723460827038,1.0702475651763688,1.414965986394558e-10,0.10831955221046674,10093.942262990477,0.009394226299047728
btc_hl_breakout_6m,0,0.025,0.025,0.0,0.1,45,high_frequency,0.009302093319090397,0.9302093319090398,0.5111111111111111,45,-0.02913387068790263,-2.913387068790263,7.435838467087507,1.103647371954173,2.7851851851851855e-10,0.21697302640310726,10093.020933190905,0.009302093319090397
btc_vol_breakout_9m,0,0.005,0.05,0.0,0.1,30,high_frequency,0.001833737104562931,0.1833737104562931,0.2127659574468085,47,-0.021361145255682557,-2.1361145255682557,2.077064518340182,1.0284380768509456,1.8049645390070923e-10,0.04596440940110029,10018.337371045629,0.001833737104562931
btc_vol_breakout_3m,0,0.005,0.06,0.0,0.05,10,high_frequency,-0.006959006208726248,-0.6959006208726248,0.14814814814814814,54,-0.023714451129980163,-2.3714451129980163,-11.043573027170947,0.8349033588924603,1.5987654320987655e-10,-0.2537765341702065,9930.409937912738,-0.006959006208726248
btc_vol_breakout_9m,0,0.0075,0.05,0.0,0.1,20,high_frequency,0.0010777322682581256,0.10777322682581257,0.24390243902439024,41,-0.022972058615419177,-2.2972058615419177,1.3356435075884534,1.0166641355589272,2.3414634146341464e-10,0.0343000056022173,10010.777322682581,0.0010777322682581256
btc_hl_breakout_6m,0,0.02,0.02,0.0,0.25,90,high_frequency,0.013461161925969736,1.3461161925969736,0.5172413793103449,58,-0.08296107404793163,-8.296107404793162,5.047998622515772,1.051665971189815,1.9655172413793102e-10,0.11344533797072184,10134.611619259696,0.013461161925969736
btc_small_up_10m,0,0.0075,0.03,0.0,0.1,90,high_frequency,0.01846053036204263,1.846053036204263,0.35,60,-0.027471093154428305,-2.7471093154428305,13.67398917504022,1.2097951685189878,1.3333333333333334e-10,0.31399161504817025,10184.605303620427,0.01846053036204263
btc_alt_aligned,0,0.0075,0.03,0.0,0.05,10,high_frequency,0.004975667646526756,0.49756676465267563,0.3076923076923077,91,-0.021062113904839475,-2.1062113904839475,6.669112980101283,1.075144346106563,1.4395604395604394e-10,0.11298079783386257,10049.756676465267,0.004975667646526756
btc_small_down_10m,0,0.0125,0.04,0.0,0.05,45,high_frequency,0.0032692327856520932,0.3269232785652093,0.325,40,-0.01009512747459651,-1.009512747459651,5.329152121602873,1.0910269065248945,2.6583333333333335e-10,0.1683400005640607,10032.692327856521,0.0032692327856520932
btc_vol_breakout_3m,0,0.0125,0.035,0.0,0.2,15,high_frequency,0.03181007315011348,3.181007315011348,0.3877551020408163,49,-0.056956617207765126,-5.695661720776513,12.977943806667225,1.177048328347594,1.9829931972789115e-10,0.3406453988437902,10318.100731501134,0.03181007315011348
btc_alt_aligned,0,0.03,0.015,0.0,0.25,5,high_frequency,0.057230980696440795,5.723098069644079,0.6065573770491803,61,-0.07532842877983947,-7.532842877983947,15.65488890609362,1.1968555578197597,2.243169398907104e-10,0.39342537180978915,10572.309806964407,0.057230980696440795
btc_hl_breakout_6m,0,0.005,0.03,0.0,0.05,90,high_frequency,-0.0007014929271946187,-0.07014929271946187,0.2619047619047619,84,-0.025976158234292113,-2.5976158234292113,-0.8349345072073802,0.9873971249495885,1.1924603174603176e-10,-0.01327527603758092,9992.985070728053,-0.0007014929271946187
btc_small_up_10m,0,0.0075,0.025,0.0,0.05,10,high_frequency,0.010565860962019127,1.0565860962019127,0.36666666666666664,60,-0.0137714993434912,-1.37714993434912,15.485298442692116,1.2472278653439972,1.3222222222222221e-10,0.35509412417948766,10105.658609620192,0.010565860962019127
btc_hl_breakout_4m,0,0.02,0.05,0.0,0.2,45,high_frequency,0.030432233850675675,3.0432233850675674,0.39473684210526316,38,-0.0564251548664384,-5.642515486643839,11.550770682269627,1.1745437757349453,3.4385964912280705e-10,0.4262586463665389,10304.322338506758,0.030432233850675675
btc_small_up_9m,0,0.01,0.03,0.0,0.25,20,high_frequency,0.03658148617001166,3.658148617001166,0.375,48,-0.05818864680219438,-5.818864680219438,12.966211857424335,1.1983174832354433,1.8680555555555557e-10,0.3195331013343986,10365.814861700117,0.03658148617001166
btc_hl_breakout_9m,0,0.0175,0.06,0.0,0.15,60,high_frequency,0.011930282854839288,1.193028285483929,0.3076923076923077,39,-0.06518937298049654,-6.518937298049654,5.945912367763078,1.0848119648712726,3.337606837606838e-10,0.23075574744488953,10119.302828548392,0.011930282854839288
btc_hl_breakout_8m,0,0.015,0.03,0.0,0.25,60,high_frequency,0.048853046836606066,4.885304683660607,0.41818181818181815,55,-0.0806116482535344,-8.06116482535344,14.309798104826388,1.183501948469641,2.075757575757576e-10,0.3746958904336369,10488.530468366062,0.048853046836606066
btc_hl_breakout_3m,0,0.03,0.025,0.0,0.1,15,high_frequency,0.021548220412495173,2.1548220412495174,0.5714285714285714,42,-0.02362520340259522,-2.362520340259522,16.214452224284944,1.2535082116612541,3.0912698412698413e-10,0.520334850785555,10215.482204124952,0.021548220412495173
btc_hl_breakout_1m,0,0.015,0.045,0.0,0.2,20,high_frequency,0.013702693288631235,1.3702693288631236,0.3409090909090909,44,-0.06595626985911818,-6.595626985911817,6.087195921670827,1.0775944519792973,2.909090909090909e-10,0.17735731003219624,10137.026932886312,0.013702693288631235
btc_vol_breakout_8m,0,0.015,0.035,0.0,0.05,60,high_frequency,0.01347256808810418,1.347256808810418,0.425,40,-0.008836921687898958,-0.8836921687898958,24.821154017535815,1.443245802373937,2.3875e-10,0.6742925001322115,10134.725680881042,0.01347256808810418
btc_vol_breakout_3m,0,0.025,0.03,0.0,0.25,30,high_frequency,0.04996011799632979,4.996011799632979,0.5263157894736842,38,-0.06495991484492869,-6.495991484492869,15.652792348136803,1.2400691846387402,3.153508771929825e-10,0.5468900329541145,10499.601179963298,0.04996011799632979
btc_vol_breakout_8m,0,0.03,0.01,0.0,0.05,15,high_frequency,0.009145343025384813,0.9145343025384812,0.7083333333333334,48,-0.011849629139734197,-1.1849629139734197,17.543601490517155,1.3199406322017662,1.8368055555555556e-10,0.3828367909746525,10091.453430253849,0.009145343025384813
btc_alt_aligned,0,0.02,0.01,0.0,0.1,20,high_frequency,0.010514012552254133,1.0514012552254133,0.6086956521739131,92,-0.03765583880749668,-3.7655838807496678,7.312925276981754,1.0800677020334366,1.4166666666666667e-10,0.1212147177968104,10105.140125522541,0.010514012552254133
btc_vol_breakout_2m,0,0.0125,0.04,0.0,0.15,5,high_frequency,0.012503817332443918,1.2503817332443918,0.36,50,-0.044620400024862006,-4.462040002486201,6.937463887007908,1.09240249028215,2.4533333333333337e-10,0.18021971455715555,10125.03817332444,0.012503817332443918
btc_hl_breakout_6m,0,0.0175,0.05,0.0,0.1,30,high_frequency,-0.017865255955189206,-1.7865255955189205,0.275,40,-0.04432634119867762,-4.432634119867762,-13.648793101110051,0.8138980186149463,3.1875e-10,-0.4372835467279807,9821.347440448108,-0.017865255955189206
btc_hl_breakout_3m,0,0.0125,0.03,0.0,0.2,60,high_frequency,0.04746402439962196,4.746402439962196,0.45,60,-0.046905017846388786,-4.690501784638879,18.67796721054401,1.2452897029321357,1.8833333333333336e-10,0.40340231578576785,10474.64024399622,0.04746402439962196
btc_hl_breakout_1m,0,0.005,0.05,0.0,0.2,60,high_frequency,-0.0024630276616747324,-0.24630276616747324,0.20634920634920634,63,-0.07798603856890096,-7.798603856890097,-0.2573136185611757,0.986543111631404,1.6772486772486772e-10,-0.002788780407471067,9975.369723383254,-0.0024630276616747324
btc_vol_breakout_3m,0,0.01,0.015,0.0,0.15,60,high_frequency,-1.850206706822064e-05,-0.001850206706822064,0.45714285714285713,70,-0.041312125717964165,-4.131212571796416,0.5133599964659881,0.9998705482058489,1.111904761904762e-10,0.008825959222766874,9999.814979329318,-1.850206706822064e-05
btc_vol_breakout_10m,0,0.01,0.025,0.0,0.2,90,high_frequency,0.009329948806408948,0.9329948806408948,0.36363636363636365,44,-0.04865887268962776,-4.865887268962776,5.555356936128971,1.0734632038320437,1.693181818181818e-10,0.11818318439779774,10093.299488064089,0.009329948806408948
btc_vol_breakout_8m,0,0.01,0.045,0.0,0.2,15,high_frequency,0.011400372151552051,1.1400372151552052,0.28205128205128205,39,-0.03935280133048802,-3.935280133048802,6.0450318054621235,1.0937235945978285,2.44017094017094e-10,0.16103911827964812,10114.00372151552,0.011400372151552051
btc_hl_breakout_3m,0,0.01,0.04,0.0,0.1,45,high_frequency,0.007688603044677359,0.7688603044677359,0.34545454545454546,55,-0.0340742925872799,-3.4074292587279897,6.427489447676391,1.0844332665625918,2.1151515151515152e-10,0.14821824142157441,10076.886030446774,0.007688603044677359
btc_hl_breakout_4m,0,0.0075,0.025,0.0,0.15,60,high_frequency,-0.004863113659331816,-0.48631136593318164,0.352112676056338,71,-0.055923055406060906,-5.592305540606091,-2.0633311742451292,0.9698209850596539,1.563380281690141e-10,-0.03559775357858811,9951.368863406682,-0.004863113659331816
btc_alt_aligned,0,0.025,0.01,0.0,0.05,5,high_frequency,0.006544710882463738,0.6544710882463738,0.6419753086419753,81,-0.017626209393022507,-1.7626209393022507,8.793095024417747,1.1087292356175253,1.6316872427983539e-10,0.16545358049043188,10065.447108824637,0.006544710882463738
btc_hl_breakout_2m,0,0.01,0.03,0.0,0.1,15,high_frequency,0.017141556779905885,1.7141556779905884,0.38235294117647056,68,-0.03240634913202156,-3.240634913202156,13.610387151973796,1.1675696561713806,1.517156862745098e-10,0.25808535401102467,10171.415567799058,0.017141556779905885
btc_vol_breakout_3m,0,0.01,0.04,0.0,0.1,30,high_frequency,-0.005058351882206432,-0.5058351882206432,0.3137254901960784,51,-0.03327346843418033,-3.327346843418033,-3.757436521152172,0.9437784809919263,1.9901960784313725e-10,-0.09073021434062578,9949.416481177936,-0.005058351882206432
btc_vol_breakout_10m,0,0.015,0.06,0.0,0.25,30,high_frequency,0.057593411744708875,5.759341174470888,0.3333333333333333,27,-0.05215329655295142,-5.215329655295142,20.3237935577339,1.4744557769555353,3.7962962962962964e-10,0.8635764285962269,10575.934117447088,0.057593411744708875
btc_vol_breakout_9m,0,0.0175,0.045,0.0,0.1,15,high_frequency,-0.0012419652924089632,-0.12419652924089632,0.36363636363636365,33,-0.029669915829879656,-2.9669915829879656,-0.6885475092297496,0.982244257924706,3.1515151515151516e-10,-0.025876373849887654,9987.580347075911,-0.0012419652924089632
btc_vol_breakout_2m,0,0.005,0.015,0.0,0.2,30,high_frequency,-0.0330992543454221,-3.30992543454221,0.3469387755102041,98,-0.07511129362891256,-7.511129362891255,-13.800634253068905,0.8502736514005053,8.248299319727892e-11,-0.16364142180082034,9669.00745654578,-0.0330992543454221
btc_vol_breakout_2m,0,0.02,0.01,0.0,0.25,90,high_frequency,0.06794992661102506,6.794992661102506,0.6666666666666666,72,-0.03818556704181353,-3.818556704181353,23.97556923359664,1.3368335465209706,1.3032407407407408e-10,0.37763614575593674,10679.499266110251,0.06794992661102506
btc_hl_breakout_9m,0,0.01,0.01,0.0,0.15,90,high_frequency,-0.0005895566720085753,-0.05895566720085753,0.4782608695652174,92,-0.06223099518854547,-6.223099518854546,0.32008768584691083,0.9966702236973357,9.909420289855074e-11,0.0049140174543571185,9994.104433279914,-0.0005895566720085753
btc_hl_breakout_3m,0,0.015,0.04,0.0,0.2,15,high_frequency,0.04920890115607247,4.920890115607246,0.41304347826086957,46,-0.05476972154736215,-5.476972154736215,18.85433281367357,1.2860265381701554,2.7391304347826086e-10,0.545070127635315,10492.089011560725,0.04920890115607247
btc_vol_breakout_2m,0,0.03,0.04,0.0,0.15,5,high_frequency,0.00029354924096069225,0.029354924096069226,0.4473684210526316,38,-0.05639062419174534,-5.639062419174534,0.7432585747532261,1.0020721078954542,3.2850877192982456e-10,0.028017404770345554,10002.935492409608,0.00029354924096069225
btc_hl_breakout_7m,0,0.01,0.035,0.0,0.1,20,high_frequency,0.016627244122551506,1.6627244122551506,0.31746031746031744,63,-0.03275912789816893,-3.2759127898168927,11.7717312661421,1.156803092217107,1.7883597883597883e-10,0.27246932047458694,10166.272441225516,0.016627244122551506
btc_vol_breakout_8m,0,0.0125,0.02,0.0,0.15,20,high_frequency,0.017000309976399102,1.7000309976399102,0.44680851063829785,47,-0.03841628609614833,-3.8416286096148333,11.517605058175702,1.167774663626676,1.6418439716312058e-10,0.24918490012372105,10170.003099763991,0.017000309976399102
btc_hl_breakout_1m,0,0.035,0.03,0.0,0.1,30,high_frequency,0.026910021187331597,2.69100211873316,0.5945945945945946,37,-0.02817762817650238,-2.817762817650238,20.180585665245616,1.3554775749743424,3.4819819819819817e-10,0.7320922785912451,10269.100211873316,0.026910021187331597
btc_hl_breakout_7m,0,0.02,0.02,0.0,0.15,60,high_frequency,0.033072495775950964,3.3072495775950963,0.5166666666666667,60,-0.04692330363636521,-4.692330363636521,15.550009735754934,1.2088267310167127,1.886111111111111e-10,0.37724414404025985,10330.72495775951,0.033072495775950964
btc_hl_breakout_7m,0,0.03,0.035,0.0,0.15,45,high_frequency,0.023921385179008506,2.3921385179008507,0.475,40,-0.06692946191419791,-6.692946191419791,11.466389461046024,1.1672284340770893,3.2375e-10,0.41782930712379546,10239.213851790086,0.023921385179008506
btc_vol_breakout_2m,0,0.02,0.05,0.0,0.15,30,high_frequency,0.022682370911814884,2.2682370911814886,0.38461538461538464,39,-0.04671803285260623,-4.671803285260623,11.802289814913358,1.1711869099726744,3.3034188034188033e-10,0.4072072823544795,10226.823709118149,0.022682370911814884
btc_vol_breakout_9m,0,0.0075,0.015,0.0,0.1,15,high_frequency,0.0009312595411828852,0.09312595411828853,0.4074074074074074,54,-0.026440548344231596,-2.6440548344231596,1.232168178800846,1.0135351167192836,1.2160493827160495e-10,0.022693555383028224,10009.31259541183,0.0009312595411828852
btc_alt_aligned,0,0.0075,0.03,0.0,0.15,60,high_frequency,0.01395848885160999,1.3958488851609991,0.3076923076923077,91,-0.062425552323641886,-6.242555232364189,6.678135160316636,1.0682134415032474,1.4395604395604394e-10,0.11298079783386358,10139.5848885161,0.01395848885160999
btc_hl_breakout_10m,0,0.005,0.03,0.0,0.15,20,high_frequency,0.004306350194853371,0.4306350194853371,0.26582278481012656,79,-0.07680085615425136,-7.680085615425137,2.7074165459859865,1.0262487458312206,1.219409282700422e-10,0.04736776756380029,10043.063501948534,0.004306350194853371
btc_small_up_9m,0,0.015,0.02,0.0,0.25,30,high_frequency,0.037267248296774275,3.7267248296774276,0.45098039215686275,51,-0.047971728444275774,-4.797172844427577,14.877194568835225,1.2022293236557435,1.6633986928104574e-10,0.3033288543134175,10372.672482967742,0.037267248296774275
btc_bullish,0,0.025,0.045,0.0,0.25,60,high_frequency,0.08036932247823829,8.03693224782383,0.4523809523809524,42,-0.06912055241584847,-6.912055241584847,21.473021621124808,1.3472823668782774,3.1507936507936506e-10,0.7742877634233336,10803.693224782382,0.08036932247823829
btc_hl_breakout_10m,0,0.02,0.015,0.0,0.05,15,high_frequency,0.005463272346310561,0.546327234631056,0.53125,64,-0.016683787391200466,-1.6683787391200466,7.838148758974934,1.104468390616147,1.6614583333333332e-10,0.17508727211985506,10054.632723463106,0.005463272346310561
btc_vol_breakout_10m,0,0.005,0.03,0.0,0.2,20,high_frequency,0.009394226299047728,0.9394226299047728,0.2857142857142857,49,-0.053993369636261335,-5.3993369636261335,5.208723460827038,1.0702475651763688,1.414965986394558e-10,0.10831955221046674,10093.942262990477,0.009394226299047728
btc_hl_breakout_2m,0,0.035,0.015,0.0,0.05,60,high_frequency,0.012166328955658043,1.2166328955658043,0.7058823529411765,51,-0.011728055427099315,-1.1728055427099315,18.672567039630444,1.316911689746774,2.238562091503268e-10,0.4791598246346962,10121.66328955658,0.012166328955658043
btc_hl_breakout_1m,0,0.035,0.05,0.0,0.25,90,high_frequency,0.07239521605336131,7.239521605336131,0.5172413793103449,29,-0.08380127814855265,-8.380127814855264,21.27349148026081,1.3959476773456045,4.666666666666667e-10,1.0145757132860656,10723.952160533612,0.07239521605336131
btc_small_up_9m,0,0.0125,0.015,0.0,0.15,15,high_frequency,0.010964080988120076,1.0964080988120077,0.4727272727272727,55,-0.03561634164805405,-3.561634164805405,6.973425922068408,1.0962471267842928,1.4545454545454545e-10,0.1424703797719581,10109.6408098812,0.010964080988120076
btc_hl_breakout_4m,0,0.015,0.025,0.0,0.05,15,high_frequency,0.010286351927452761,1.0286351927452762,0.47368421052631576,57,-0.01115414550231042,-1.115414550231042,16.054781185541184,1.2202227456336843,1.935672514619883e-10,0.3639045525839582,10102.863519274528,0.010286351927452761
btc_hl_breakout_8m,0,0.02,0.045,0.0,0.2,15,high_frequency,0.01901188776551221,1.901188776551221,0.38095238095238093,42,-0.07005931598295534,-7.005931598295534,7.132162559618204,1.0993222299319159,3.055555555555555e-10,0.25307376762722883,10190.118877655123,0.01901188776551221
btc_hl_breakout_2m,0,0.03,0.03,0.0,0.1,60,high_frequency,0.011901951659081953,1.1901951659081953,0.5365853658536586,41,-0.033985371593974856,-3.3985371593974856,9.363868846981298,1.1312119881001788,3.154471544715447e-10,0.3017455207650735,10119.019516590819,0.011901951659081953
btc_hl_breakout_4m,0,0.025,0.05,0.0,0.05,15,high_frequency,0.008887654046703136,0.8887654046703136,0.42857142857142855,35,-0.015326367252069484,-1.5326367252069484,12.827599437521986,1.2142821197777305,3.8380952380952383e-10,0.5150059648160643,10088.876540467032,0.008887654046703136
btc_hl_breakout_6m,0,0.03,0.02,0.0,0.25,90,high_frequency,0.007943551577157041,0.7943551577157041,0.5531914893617021,47,-0.0916991786634388,-9.16991786634388,3.4346576217793845,1.0338157074407608,2.49290780141844e-10,0.09206886853920696,10079.43551577157,0.007943551577157041
btc_vol_breakout_9m,0,0.025,0.06,0.0,0.2,5,high_frequency,0.04434725051949651,4.434725051949651,0.38095238095238093,21,-0.04144298409225611,-4.144298409225611,19.219170704212157,1.456232685021931,5.119047619047619e-10,1.0757175954492029,10443.472505194964,0.04434725051949651
btc_bullish,0,0.005,0.045,0.0,0.15,90,high_frequency,0.028753582066229546,2.8753582066229546,0.24390243902439024,82,-0.041006230985083714,-4.100623098508372,13.195952376511213,1.1723258847550881,1.459349593495935e-10,0.2424455977795371,10287.535820662295,0.028753582066229546
btc_hl_breakout_2m,0,0.035,0.02,0.0,0.15,15,high_frequency,0.06182046660876053,6.182046660876053,0.6818181818181818,44,-0.02857998387036964,-2.857998387036964,33.44177866833001,1.606922699185875,2.7272727272727273e-10,0.9235690882195807,10618.204666087606,0.06182046660876053
btc_hl_breakout_1m,0,0.035,0.01,0.0,0.05,5,high_frequency,0.011150679644858946,1.1150679644858945,0.7115384615384616,52,-0.0131534768691014,-1.31534768691014,17.192734916920582,1.31585228241974,2.2243589743589744e-10,0.4309557754755457,10111.50679644859,0.011150679644858946
btc_vol_breakout_8m,0,0.02,0.05,0.0,0.25,90,high_frequency,0.046677301689323575,4.667730168932358,0.39285714285714285,28,-0.051786463620166034,-5.178646362016604,16.649941105079385,1.3338862696340312,3.9345238095238094e-10,0.6838800096074763,10466.773016893236,0.046677301689323575
btc_bullish,0,0.035,0.03,0.0,0.2,10,high_frequency,0.05654489018042627,5.654489018042627,0.575,40,-0.06004048074979673,-6.004048074979673,19.051762030275615,1.3021939801286024,3.333333333333333e-10,0.7214673346270397,10565.448901804262,0.05654489018042627
btc_alt_aligned,0,0.015,0.03,0.0,0.2,30,high_frequency,0.039461310001306586,3.9461310001306584,0.3787878787878788,66,-0.061200350311913176,-6.120035031191318,13.498535752431012,1.1607835350484526,2.0656565656565657e-10,0.31465472417620555,10394.613100013066,0.039461310001306586
btc_hl_breakout_9m,0,0.0075,0.015,0.0,0.15,60,high_frequency,-0.00872101923761063,-0.8721019237610631,0.37209302325581395,86,-0.07884617861367271,-7.884617861367271,-3.5850749277859775,0.9517803490050933,1.1007751937984496e-10,-0.05797236042408444,9912.789807623894,-0.00872101923761063
btc_hl_breakout_2m,0,0.02,0.03,0.0,0.05,5,high_frequency,0.010409713636442228,1.0409713636442228,0.4791666666666667,48,-0.012984901420194594,-1.2984901420194594,15.709523150378848,1.2331623361113841,2.621527777777778e-10,0.43732238788029576,10104.097136364422,0.010409713636442228
btc_hl_breakout_9m,0,0.025,0.04,0.0,0.15,30,high_frequency,0.044750258512260985,4.475025851226098,0.4634146341463415,41,-0.047931431589972706,-4.793143158997271,19.90713283897535,1.3296172543414568,3.1463414634146345e-10,0.7356550829651297,10447.50258512261,0.044750258512260985
btc_hl_breakout_4m,0,0.0075,0.03,0.0,0.2,15,high_frequency,0.0058356424625512545,0.5835642462551255,0.3333333333333333,69,-0.06935547770952144,-6.9355477709521445,3.035606264777612,1.026956688105109,1.683574879227053e-10,0.056887483569354164,10058.356424625512,0.0058356424625512545
btc_hl_breakout_7m,0,0.005,0.01,0.0,0.2,30,high_frequency,-0.04879850119237863,-4.8798501192378625,0.37962962962962965,108,-0.12431742449410998,-12.431742449410999,-19.56730225081061,0.7952779188000592,8.132716049382717e-11,-0.22361245037057098,9512.014988076215,-0.04879850119237863
btc_hl_breakout_4m,0,0.02,0.015,0.0,0.15,15,high_frequency,0.03231587575293945,3.2315875752939447,0.59375,64,-0.032212175213835126,-3.2212175213835126,16.607458474805135,1.2223403200738683,1.6796875e-10,0.34330448084117055,10323.158757529394,0.03231587575293945
btc_small_up_9m,0,0.005,0.01,0.0,0.2,20,high_frequency,0.0076833912702452154,0.7683391270245216,0.43478260869565216,69,-0.0357251235600039,-3.57251235600039,4.296376892501474,1.0561821731571654,9.29951690821256e-11,0.06463373071861298,10076.833912702452,0.0076833912702452154
btc_vol_breakout_8m,0,0.005,0.04,0.0,0.05,45,high_frequency,0.0022620811278774625,0.22620811278774625,0.2549019607843137,51,-0.013851790927823848,-1.3851790927823848,4.479136891462667,1.0648778020150333,1.607843137254902e-10,0.09205587695962164,10022.620811278775,0.0022620811278774625
btc_vol_breakout_8m,0,0.0125,0.05,0.0,0.05,60,high_frequency,0.009786230772612379,0.9786230772612379,0.3333333333333333,36,-0.009944187696516948,-0.9944187696516948,17.994174479912488,1.3375059874318584,2.851851851851852e-10,0.5464850545596424,10097.862307726124,0.009786230772612379
btc_hl_breakout_8m,0,0.005,0.025,0.0,0.1,10,high_frequency,-0.0008118824124057824,-0.08118824124057823,0.27058823529411763,85,-0.051583575090134004,-5.158357509013401,-0.20716877355712476,0.9927242762938451,1.107843137254902e-10,-0.0028321283451424304,9991.881175875942,-0.0008118824124057824
btc_vol_breakout_3m,0,0.035,0.015,0.0,0.2,60,high_frequency,0.07373822046479782,7.3738220464797815,0.717391304347826,46,-0.03899366363109891,-3.8993663631098907,30.9667185272197,1.5846038584968107,2.1956521739130435e-10,0.7899067362632191,10737.382204647978,0.07373822046479782
btc_small_down_10m,0,0.01,0.025,0.0,0.05,15,high_frequency,0.015366575865804708,1.5366575865804708,0.4166666666666667,60,-0.009834805836258176,-0.9834805836258176,28.37446727271717,1.4323641918421344,1.3777777777777778e-10,0.5118598302837621,10153.665758658048,0.015366575865804708
btc_hl_breakout_2m,0,0.0175,0.02,0.0,0.2,15,high_frequency,-0.008465087223708315,-0.8465087223708315,0.46551724137931033,58,-0.08047992691672812,-8.047992691672812,-2.710952002673109,0.959093513710983,1.8017241379310343e-10,-0.057557424082679595,9915.349127762916,-0.008465087223708315
btc_bullish,0,0.03,0.01,0.0,0.05,5,high_frequency,0.013896464921012477,1.3896464921012477,0.676056338028169,71,-0.013122732341626087,-1.3122732341626087,18.91519703220871,1.2837552498977913,1.76056338028169e-10,0.39352829398133354,10138.964649210126,0.013896464921012477
btc_vol_breakout_8m,0,0.025,0.05,0.0,0.15,30,high_frequency,0.038531690188174636,3.8531690188174634,0.44,25,-0.031230048363352303,-3.1230048363352303,21.858011968036504,1.4890470607567765,4.6266666666666667e-10,1.0349023789127478,10385.316901881746,0.038531690188174636
btc_hl_breakout_9m,0,0.015,0.04,0.0,0.1,30,high_frequency,0.018002103013561713,1.8002103013561712,0.375,48,-0.0372553531062374,-3.72553531062374,12.82775581297678,1.1882551507436538,2.625e-10,0.38499127604522787,10180.021030135616,0.018002103013561713
btc_hl_breakout_8m,0,0.015,0.02,0.0,0.05,90,high_frequency,0.01616395173858194,1.616395173858194,0.49206349206349204,63,-0.010636579358137999,-1.0636579358137999,24.232575688257743,1.3593010585534313,1.7513227513227512e-10,0.5137025711347925,10161.63951738582,0.01616395173858194
btc_hl_breakout_5m,0,0.005,0.025,0.0,0.15,20,high_frequency,0.008824789826905112,0.8824789826905112,0.28735632183908044,87,-0.06937933949222042,-6.9379339492220415,4.871657783320905,1.0513779589981258,1.1206896551724139e-10,0.07750269473175007,10088.247898269052,0.008824789826905112
btc_bullish,0,0.03,0.06,0.0,0.1,5,high_frequency,0.02900719916744787,2.900719916744787,0.375,32,-0.03277511812302969,-3.277511812302969,19.041378327881862,1.3471356921038014,4.2760416666666667e-10,0.9189826609559496,10290.071991674478,0.02900719916744787
btc_small_up_10m,0,0.02,0.03,0.0,0.15,20,high_frequency,0.050352411656817184,5.035241165681718,0.46808510638297873,47,-0.04473558615657003,-4.473558615657003,23.209667996711886,1.3824701791498608,2.1312056737588652e-10,0.7163839685106581,10503.524116568173,0.050352411656817184
btc_hl_breakout_4m,0,0.02,0.045,0.0,0.05,60,high_frequency,0.010855436602231686,1.0855436602231685,0.42857142857142855,42,-0.014320388104054227,-1.4320388104054227,15.889907058872115,1.2576879799937122,3.071428571428571e-10,0.5209329718452161,10108.554366022317,0.010855436602231686
btc_hl_breakout_1m,0,0.035,0.04,0.0,0.2,20,high_frequency,0.07395197093151662,7.395197093151662,0.5588235294117647,34,-0.059468979517035114,-5.946897951703511,27.085070802006634,1.49087576386789,3.946078431372549e-10,1.0836248103987192,10739.519709315166,0.07395197093151662
btc_bullish,0,0.035,0.06,0.0,0.2,30,high_frequency,0.06401235302532603,6.401235302532602,0.4444444444444444,27,-0.06923447712910769,-6.923447712910768,21.04639056690119,1.4045197298905632,5.160493827160493e-10,1.2071352720075685,10640.12353025326,0.06401235302532603
btc_hl_breakout_6m,0,0.035,0.02,0.0,0.05,20,high_frequency,0.00723458178997306,0.723458178997306,0.6046511627906976,43,-0.014133982903547726,-1.4133982903547726,11.15565892043326,1.1776680998888187,2.810077519379845e-10,0.34109511709415075,10072.34581789973,0.00723458178997306
btc_vol_breakout_8m,0,0.03,0.01,0.0,0.1,30,high_frequency,0.018221693472569165,1.8221693472569165,0.7083333333333334,48,-0.023591335883150988,-2.359133588315099,17.551297074629925,1.3146048206008742,1.8368055555555556e-10,0.3828367909746496,10182.216934725691,0.018221693472569165
btc_hl_breakout_10m,0,0.0075,0.04,0.0,0.15,30,high_frequency,0.012458303209613109,1.2458303209613109,0.288135593220339,59,-0.06191275611848812,-6.191275611848813,6.462336149925643,1.081053409716507,1.9661016949152542e-10,0.15575912893682045,10124.58303209613,0.012458303209613109
btc_hl_breakout_10m,0,0.01,0.025,0.0,0.05,45,high_frequency,0.001654954374461346,0.1654954374461346,0.3484848484848485,66,-0.01873453090053767,-1.8734530900537671,2.6423633795430788,1.032089815332774,1.585858585858586e-10,0.05444428813181636,10016.549543744613,0.001654954374461346
btc_small_down_10m,0,0.015,0.01,0.0,0.2,5,high_frequency,0.038179897035123214,3.8179897035123216,0.55,60,-0.04192100158424539,-4.192100158424539,18.22889107077938,1.2577520217438163,1.1944444444444444e-10,0.32379014483563523,10381.798970351232,0.038179897035123214
btc_hl_breakout_5m,0,0.025,0.035,0.0,0.25,30,high_frequency,0.04248184437735854,4.248184437735854,0.46511627906976744,43,-0.07903774990553569,-7.903774990553569,13.279913289134026,1.1796610145390205,2.992248062015504e-10,0.41836315722952566,10424.818443773585,0.04248184437735854
btc_vol_breakout_8m,0,0.03,0.06,0.0,0.2,5,high_frequency,0.031914571926701066,3.1914571926701067,0.38095238095238093,21,-0.043754056304933786,-4.375405630493379,13.932647524001377,1.2935882927323232,5.333333333333334e-10,0.7921601782296755,10319.145719267011,0.031914571926701066
btc_small_down_10m,0,0.005,0.02,0.0,0.05,90,high_frequency,0.014346315149163269,1.434631514916327,0.34615384615384615,78,-0.013157704498077516,-1.3157704498077516,27.080866971796432,1.388476245745846,8.760683760683761e-11,0.3678708037135793,10143.463151491633,0.014346315149163269
btc_small_down_10m,0,0.02,0.04,0.0,0.15,15,high_frequency,0.007732007477037337,0.7732007477037337,0.38235294117647056,34,-0.0335485451408738,-3.35485451408738,4.601905694826351,1.0719644707953282,3.1372549019607844e-10,0.16941128905062774,10077.320074770374,0.007732007477037337
btc_hl_breakout_5m,0,0.005,0.03,0.0,0.2,5,high_frequency,0.014432642014517888,1.4432642014517887,0.2804878048780488,82,-0.09501623387903846,-9.501623387903846,6.0293505417508975,1.0637924503605218,1.2154471544715447e-10,0.10175005591799295,10144.326420145178,0.014432642014517888
btc_vol_breakout_9m,0,0.02,0.04,0.0,0.05,60,high_frequency,0.006262287549525155,0.6262287549525155,0.45454545454545453,33,-0.01387865476129857,-1.387865476129857,10.351865330760495,1.183267339837866,3.318181818181818e-10,0.3851538484469999,10062.622875495252,0.006262287549525155
btc_hl_breakout_2m,0,0.035,0.015,0.0,0.1,5,high_frequency,0.024248304892717693,2.4248304892717694,0.7058823529411765,51,-0.023387977963648887,-2.3387977963648887,18.686999041951154,1.3108792041550505,2.238562091503268e-10,0.4791598246346946,10242.483048927177,0.024248304892717693
btc_hl_breakout_7m,0,0.02,0.05,0.0,0.25,20,high_frequency,0.0398509801691685,3.98509801691685,0.375,40,-0.07760942524746084,-7.760942524746084,11.505647250347359,1.1652606531455107,3.2833333333333334e-10,0.43483432481450385,10398.509801691685,0.0398509801691685
btc_small_down_10m,0,0.035,0.025,0.0,0.1,20,high_frequency,0.033062389286097914,3.3062389286097913,0.6410256410256411,39,-0.018908964200960554,-1.8908964200960554,26.205726699700513,1.4961065591907317,2.55982905982906e-10,0.84590331664104,10330.623892860978,0.033062389286097914
btc_vol_breakout_3m,0,0.0175,0.045,0.0,0.25,30,high_frequency,0.0013292181624746718,0.13292181624746718,0.3684210526315789,38,-0.08205817925175396,-8.205817925175396,1.3623004026151768,1.006263842077246,2.9210526315789477e-10,0.04574143388644567,10013.292181624747,0.0013292181624746718
btc_vol_breakout_3m,0,0.01,0.035,0.0,0.1,15,high_frequency,0.002598607643928608,0.2598607643928608,0.3333333333333333,54,-0.03218554231093129,-3.218554231093129,2.482531702731341,1.028425590437043,1.7222222222222223e-10,0.05684550802462496,10025.986076439287,0.002598607643928608
btc_vol_breakout_3m,0,0.025,0.025,0.0,0.1,45,high_frequency,0.022540361136878618,2.254036113687862,0.5609756097560976,41,-0.025213093024040067,-2.5213093024040067,17.41053509385845,1.291972448345719,2.845528455284553e-10,0.5556061541321564,10225.403611368787,0.022540361136878618
btc_vol_breakout_3m,0,0.035,0.035,0.0,0.2,90,high_frequency,0.045422409112685046,4.542240911268505,0.5714285714285714,35,-0.06056035283267136,-6.056035283267136,17.46521617031901,1.284006793192075,3.461904761904762e-10,0.6646033693369514,10454.22409112685,0.045422409112685046
btc_hl_breakout_5m,0,0.0075,0.045,0.0,0.2,90,high_frequency,-0.01100654165409103,-1.1006541654091029,0.26666666666666666,60,-0.0866868165257828,-8.66868165257828,-3.553024513762009,0.9466652966743296,2e-10,-0.07531049623277963,9889.93458345909,-0.01100654165409103
btc_hl_breakout_6m,0,0.0125,0.03,0.0,0.1,15,high_frequency,0.00766868592840508,0.766868592840508,0.39344262295081966,61,-0.0303384894741191,-3.03384894741191,6.263200584173835,1.0747186980572143,1.8169398907103824e-10,0.13362841336287323,10076.686859284051,0.00766868592840508
btc_hl_breakout_1m,0,0.01,0.03,0.0,0.25,60,high_frequency,0.031504362616124125,3.1504362616124126,0.375,64,-0.07663540387258416,-7.663540387258417,10.462987735001851,1.1179663658651782,1.7734375e-10,0.2141176788476413,10315.043626161241,0.031504362616124125
btc_hl_breakout_3m,0,0.025,0.02,0.0,0.1,10,high_frequency,0.02064335717181199,2.064335717181199,0.5714285714285714,49,-0.02736207734554108,-2.736207734554108,15.922162225404593,1.2346341145700457,2.360544217687075e-10,0.42742649344597705,10206.43357171812,0.02064335717181199
btc_vol_breakout_2m,0,0.0075,0.025,0.0,0.25,45,high_frequency,-0.04375413550585967,-4.375413550585967,0.30666666666666664,75,-0.1002712714934566,-10.02712714934566,-14.771759758815563,0.835000634351533,1.4155555555555557e-10,-0.22525469373616275,9562.458644941404,-0.04375413550585967
btc_hl_breakout_3m,0,0.0175,0.05,0.0,0.15,45,high_frequency,-0.0018438811670250517,-0.18438811670250516,0.3333333333333333,39,-0.05043186811911404,-5.043186811911404,-0.33277844908315857,0.9864233210194148,3.2136752136752137e-10,-0.009570665107778773,9981.56118832975,-0.0018438811670250517
btc_vol_breakout_9m,0,0.01,0.06,0.0,0.2,90,high_frequency,-0.001276912156752701,-0.1276912156752701,0.2,35,-0.04760801519491753,-4.7608015194917535,0.05947877620893856,0.9895256590562002,2.780952380952381e-10,0.0015608204071563706,9987.230878432472,-0.001276912156752701
btc_vol_breakout_10m,0,0.03,0.04,0.0,0.15,10,high_frequency,0.031003184058728515,3.1003184058728515,0.5517241379310345,29,-0.04324743735851533,-4.324743735851532,16.961148152218716,1.311272138452184,3.5459770114942525e-10,0.7257574718224155,10310.031840587286,0.031003184058728515
btc_hl_breakout_5m,0,0.02,0.035,0.0,0.05,60,high_frequency,0.005892751454408568,0.5892751454408568,0.425531914893617,47,-0.016994008609847122,-1.6994008609847122,8.86385045640876,1.1249140784372371,2.7730496453900713e-10,0.25591087821150876,10058.927514544086,0.005892751454408568
btc_hl_breakout_1m,0,0.0175,0.045,0.0,0.2,45,high_frequency,-0.0014765845365236829,-0.1476584536523683,0.32558139534883723,43,-0.07811620098880312,-7.8116200988803115,0.1568288620400561,0.9917521875270882,2.930232558139535e-10,0.004947873422511535,9985.234154634763,-0.0014765845365236829
btc_hl_breakout_4m,0,0.0125,0.01,0.0,0.15,90,high_frequency,0.027201643946163086,2.7201643946163085,0.6049382716049383,81,-0.03962413001197829,-3.9624130011978287,14.989379672894486,1.1979459731948663,1.1378600823045267e-10,0.2292265291482279,10272.016439461631,0.027201643946163086
btc_small_down_10m,0,0.03,0.04,0.0,0.15,15,high_frequency,0.02023657822363223,2.023657822363223,0.5,30,-0.033213343233129855,-3.3213343233129855,11.138652742237701,1.197173670310481,3.8000000000000003e-10,0.4674034577996538,10202.365782236322,0.02023657822363223
btc_hl_breakout_2m,0,0.0075,0.03,0.0,0.15,15,high_frequency,-0.007155578762787423,-0.7155578762787422,0.3194444444444444,72,-0.06400657501585216,-6.400657501585217,-3.3096382737594654,0.9564277469782715,1.5185185185185186e-10,-0.05615969048164768,9928.444212372126,-0.007155578762787423
btc_small_up_10m,0,0.03,0.01,0.0,0.15,45,high_frequency,0.028019009940498177,2.801900994049818,0.6666666666666666,60,-0.044569939730970565,-4.456993973097056,13.993221589184305,1.2139767894901847,1.7138888888888887e-10,0.32079424417769065,10280.190099404981,0.028019009940498177
btc_hl_breakout_9m,0,0.02,0.045,0.0,0.1,30,high_frequency,0.017827454841445194,1.7827454841445194,0.4,45,-0.03601576587945654,-3.601576587945654,12.166598128686294,1.184299607225689,2.766666666666667e-10,0.407051115134632,10178.274548414453,0.017827454841445194
btc_small_up_9m,0,0.015,0.025,0.0,0.2,5,high_frequency,-0.0018021391586758228,-0.18021391586758229,0.3958333333333333,48,-0.06684792993661093,-6.684792993661093,-0.07578691122187191,0.9891441970809329,1.8645833333333332e-10,-0.002561908484227289,9981.978608413241,-0.0018021391586758228
btc_hl_breakout_4m,0,0.015,0.02,0.0,0.15,45,high_frequency,0.03174310862580689,3.1743108625806893,0.5079365079365079,63,-0.032046517131506747,-3.2046517131506747,16.630443735401517,1.2189585838553156,1.7645502645502646e-10,0.3427078222959218,10317.43108625807,0.03174310862580689
btc_alt_aligned,0,0.025,0.015,0.0,0.15,30,high_frequency,0.026217961315962178,2.6217961315962177,0.5714285714285714,63,-0.05137357677422194,-5.1373576774221945,11.954599931335395,1.150134311185691,2.1693121693121693e-10,0.2904074891484938,10262.179613159622,0.026217961315962178
btc_hl_breakout_9m,0,0.0075,0.01,0.0,0.05,60,high_frequency,-0.006009682938879217,-0.6009682938879217,0.43157894736842106,95,-0.02628187063021481,-2.628187063021481,-8.624813114146837,0.8987835432999324,9.403508771929824e-11,-0.1241340618993044,9939.903170611207,-0.006009682938879217
btc_bullish,0,0.005,0.06,0.0,0.25,45,high_frequency,0.07114551568484594,7.114551568484593,0.21428571428571427,70,-0.06019210585933743,-6.0192105859337435,19.388825144202244,1.2675738783936996,1.7547619047619046e-10,0.42025549028498527,10711.45515684846,0.07114551568484594
btc_vol_breakout_8m,0,0.015,0.02,0.0,0.05,60,high_frequency,0.009267305923464284,0.9267305923464284,0.4782608695652174,46,-0.010416266348617809,-1.0416266348617809,17.89060568356858,1.290856318624645,1.7934782608695651e-10,0.4049483140070801,10092.673059234643,0.009267305923464284
btc_hl_breakout_4m,0,0.03,0.05,0.0,0.1,45,high_frequency,0.01327738160354454,1.327738160354454,0.4411764705882353,34,-0.03652854587140686,-3.652854587140686,9.781656055015683,1.153361357448358,3.9901960784313726e-10,0.406980813968259,10132.773816035446,0.01327738160354454
btc_alt_aligned,0,0.005,0.02,0.0,0.25,90,high_frequency,-0.016138212317327406,-1.6138212317327407,0.2975206611570248,121,-0.09971832398978264,-9.971832398978265,-3.198269626695606,0.9575977585033266,1.0275482093663912e-10,-0.039749073539502015,9838.617876826725,-0.016138212317327406
btc_small_up_10m,0,0.0075,0.02,0.0,0.05,20,high_frequency,0.006263810914806782,0.6263810914806782,0.36363636363636365,66,-0.015224283013349327,-1.5224283013349327,9.471701765123028,1.1394040704636959,1.148989898989899e-10,0.1932772301994284,10062.638109148067,0.006263810914806782
btc_small_up_10m,0,0.035,0.04,0.0,0.2,20,high_frequency,0.0761576003144878,7.61576003144878,0.5294117647058824,34,-0.061490548036641224,-6.149054803664122,25.679428085063762,1.4755534533869112,3.3872549019607846e-10,1.1197800637332003,10761.576003144877,0.0761576003144878
btc_hl_breakout_8m,0,0.02,0.05,0.0,0.15,30,high_frequency,0.020953155923139344,2.095315592313934,0.358974358974359,39,-0.051641014635457894,-5.164101463545789,9.778515342998954,1.1504470487795346,3.337606837606838e-10,0.38156531359870716,10209.531559231393,0.020953155923139344
btc_alt_aligned,0,0.015,0.06,0.0,0.05,90,high_frequency,0.014006473091417126,1.4006473091417126,0.30612244897959184,49,-0.01555096088903063,-1.555096088903063,18.058113526054278,1.2841974388772843,2.840136054421769e-10,0.5764296758973116,10140.064730914171,0.014006473091417126
btc_hl_breakout_5m,0,0.0125,0.015,0.0,0.2,45,high_frequency,0.013923772751167258,1.3923772751167258,0.5,74,-0.05742875353159549,-5.742875353159549,6.102785561311287,1.065111206622563,1.3288288288288288e-10,0.10668034452141213,10139.237727511672,0.013923772751167258
btc_bullish,0,0.0075,0.06,0.0,0.15,5,high_frequency,0.035658140433006996,3.5658140433006995,0.234375,64,-0.04307650899164428,-4.307650899164428,16.14244857147442,1.222391239645467,1.9661458333333334e-10,0.38365928216959144,10356.58140433007,0.035658140433006996
btc_bullish,0,0.005,0.04,0.0,0.05,60,high_frequency,0.01149240705624914,1.149240705624914,0.2619047619047619,84,-0.012545893668341357,-1.2545893668341357,15.412363253757574,1.2065089867954464,1.4107142857142855e-10,0.27630958766176833,10114.92407056249,0.01149240705624914
btc_small_down_10m,0,0.03,0.03,0.0,0.25,15,high_frequency,0.045991973169481025,4.599197316948103,0.5675675675675675,37,-0.053155623657426654,-5.315562365742665,15.369233264727862,1.247146101981984,2.9144144144144145e-10,0.5156648665654969,10459.91973169481,0.045991973169481025
btc_hl_breakout_6m,0,0.01,0.01,0.0,0.25,5,high_frequency,-0.01757511707424419,-1.7575117074244189,0.5168539325842697,89,-0.08951888546473785,-8.951888546473786,-4.827794643740023,0.9349046958691356,1.0318352059925093e-10,-0.06701197986647472,9824.248829257558,-0.01757511707424419
btc_vol_breakout_3m,0,0.005,0.05,0.0,0.15,15,high_frequency,-0.030618266834419705,-3.0618266834419705,0.19047619047619047,63,-0.06836810170099283,-6.836810170099284,-17.58191143961049,0.7779212538868698,1.3042328042328042e-10,-0.31832677238240853,9693.817331655802,-0.030618266834419705
btc_bullish,0,0.035,0.05,0.0,0.15,60,high_frequency,0.04391520228203433,4.391520228203433,0.4838709677419355,31,-0.05230800296747351,-5.230800296747351,19.343057966251127,1.359213353161342,4.4731182795698927e-10,0.9593427521009443,10439.152022820343,0.04391520228203433
btc_small_down_10m,0,0.005,0.045,0.0,0.1,30,high_frequency,0.006223834916402325,0.6223834916402324,0.22807017543859648,57,-0.023088520879701147,-2.3088520879701147,5.214342767400149,1.082268687759225,1.7719298245614036e-10,0.11606524077207661,10062.238349164023,0.006223834916402325
btc_hl_breakout_9m,0,0.035,0.02,0.0,0.2,5,high_frequency,0.07068761134814187,7.068761134814188,0.6511627906976745,43,-0.051214109536207086,-5.121410953620709,24.086463819150165,1.419608285151131,2.7635658914728683e-10,0.8218709185203535,10706.87611348142,0.07068761134814187
btc_vol_breakout_10m,0,0.0175,0.04,0.0,0.15,15,high_frequency,0.012989830569074661,1.298983056907466,0.4166666666666667,36,-0.04339220265600652,-4.339220265600652,7.621206253321659,1.1170665090052254,2.6851851851851853e-10,0.25702383537280876,10129.898305690747,0.012989830569074661
btc_vol_breakout_8m,0,0.0075,0.035,0.0,0.25,5,high_frequency,0.015158501649830715,1.5158501649830716,0.30434782608695654,46,-0.06396375482610961,-6.396375482610961,6.47947134193507,1.0838134730906213,1.992753623188406e-10,0.14963096852262436,10151.585016498308,0.015158501649830715
btc_hl_breakout_5m,0,0.015,0.01,0.0,0.15,15,high_frequency,-0.01456289897901204,-1.456289897901204,0.569620253164557,79,-0.06014358811664089,-6.0143588116640885,-7.595574134257432,0.9059655152703461,1.1624472573839663e-10,-0.11596711347632042,9854.37101020988,-0.01456289897901204
btc_hl_breakout_2m,0,0.005,0.035,0.0,0.25,60,high_frequency,0.0241368517425507,2.41368517425507,0.2857142857142857,70,-0.09105149317410266,-9.105149317410266,8.708014910586309,1.1004235391813415,1.430952380952381e-10,0.1534330445706801,10241.368517425508,0.0241368517425507
btc_hl_breakout_2m,0,0.0075,0.05,0.0,0.1,15,high_frequency,-0.003949926490391511,-0.39499264903915104,0.2459016393442623,61,-0.04129278828787375,-4.129278828787375,-2.7117556870632575,0.9598914826244379,1.9153005464480872e-10,-0.05574262616673956,9960.500735096084,-0.003949926490391511
btc_hl_breakout_7m,0,0.015,0.02,0.0,0.25,45,high_frequency,0.06551651238733053,6.5516512387330526,0.4696969696969697,66,-0.07268004512868109,-7.268004512868109,20.30144704344337,1.257269583690549,1.7348484848484846e-10,0.4043386191811861,10655.165123873305,0.06551651238733053
btc_alt_aligned,0,0.0175,0.05,0.0,0.2,5,high_frequency,0.038664557803093726,3.8664557803093724,0.34,50,-0.07079384474929318,-7.079384474929318,13.149568089787374,1.1741257167112757,2.77e-10,0.4103841281048658,10386.645578030937,0.038664557803093726
btc_hl_breakout_10m,0,0.015,0.02,0.0,0.15,90,high_frequency,0.03333653631361972,3.333653631361972,0.48484848484848486,66,-0.03763350527875975,-3.763350527875975,15.933717594139395,1.2073936292474146,1.638888888888889e-10,0.3453994530657059,10333.365363136198,0.03333653631361972
btc_hl_breakout_9m,0,0.015,0.03,0.0,0.25,90,high_frequency,0.05192726340577401,5.192726340577401,0.42105263157894735,57,-0.08974082006973816,-8.974082006973816,15.253067929224976,1.1915569627104639,2.0204678362573099e-10,0.38186042857327374,10519.27263405774,0.05192726340577401
btc_hl_breakout_5m,0,0.0125,0.045,0.0,0.25,90,high_frequency,0.022339737610284283,2.2339737610284285,0.34,50,-0.0751747680224365,-7.51747680224365,7.62557020875475,1.0919817481064003,2.486666666666667e-10,0.2034177812289623,10223.397376102843,0.022339737610284283
btc_vol_breakout_2m,0,0.01,0.015,0.0,0.15,20,high_frequency,-0.003566705771781881,-0.35667057717818806,0.4567901234567901,81,-0.04153297925556898,-4.153297925556898,-1.4719639081903924,0.9772817475690987,1.0967078189300412e-10,-0.021604779417631545,9964.33294228218,-0.003566705771781881
btc_alt_aligned,0,0.03,0.02,0.0,0.05,10,high_frequency,0.010574601786013596,1.0574601786013595,0.5769230769230769,52,-0.014780197987456556,-1.4780197987456556,13.980755010157614,1.2051429408471657,2.666666666666667e-10,0.4115553341564232,10105.746017860136,0.010574601786013596
btc_vol_breakout_9m,0,0.015,0.015,0.0,0.1,10,high_frequency,0.016426868104007758,1.6426868104007757,0.54,50,-0.016916252420632882,-1.6916252420632882,16.439634842723166,1.271727782291098,1.4599999999999999e-10,0.33191480198594603,10164.268681040077,0.016426868104007758
btc_hl_breakout_2m,0,0.005,0.05,0.0,0.05,20,high_frequency,0.003116836518147187,0.3116836518147187,0.234375,64,-0.019474974726091387,-1.9474974726091387,5.19510068115513,1.0710728230019215,1.609375e-10,0.1015153081104971,10031.168365181471,0.003116836518147187
btc_vol_breakout_2m,0,0.005,0.01,0.0,0.2,5,high_frequency,-0.06419571634706113,-6.419571634706113,0.39090909090909093,110,-0.09976415608820721,-9.976415608820721,-32.85077287369818,0.7078941872089026,6.621212121212121e-11,-0.2965875884041764,9358.042836529388,-0.06419571634706113
btc_hl_breakout_8m,0,0.03,0.02,0.0,0.25,20,high_frequency,0.06967278425545223,6.967278425545223,0.574468085106383,47,-0.06833328538855832,-6.833328538855832,19.694913132732403,1.2966654868387382,2.453900709219858e-10,0.6053759626513984,10696.727842554523,0.06967278425545223
btc_bullish,0,0.03,0.06,0.0,0.1,60,high_frequency,0.02900719916744787,2.900719916744787,0.375,32,-0.03277511812302969,-3.277511812302969,19.041378327881862,1.3471356921038014,4.2760416666666667e-10,0.9189826609559496,10290.071991674478,0.02900719916744787
btc_vol_breakout_10m,0,0.0075,0.05,0.0,0.2,15,high_frequency,-0.010786216351218287,-1.0786216351218287,0.23076923076923078,39,-0.055649892936196155,-5.5649892936196155,-4.956522370148104,0.9150284828936064,2.252136752136752e-10,-0.12414602585474475,9892.137836487816,-0.010786216351218287
btc_vol_breakout_9m,0,0.02,0.02,0.0,0.25,30,high_frequency,0.04901377147240655,4.901377147240655,0.55,40,-0.052861580118740537,-5.286158011874054,19.094072406641363,1.3071540469104148,2.029166666666667e-10,0.49917568602561235,10490.137714724066,0.04901377147240655
btc_small_up_10m,0,0.01,0.06,0.0,0.2,90,high_frequency,0.021557143687473943,2.1557143687473945,0.22727272727272727,44,-0.0710934876111482,-7.10934876111482,8.315693835144895,1.1291436999146571,2.1666666666666667e-10,0.2715943289767842,10215.57143687474,0.021557143687473943
btc_small_up_9m,0,0.035,0.035,0.0,0.25,20,high_frequency,0.08276108001443362,8.276108001443362,0.5806451612903226,31,-0.04892171718974925,-4.892171718974925,25.75834138544529,1.516200827791272,3.704301075268817e-10,1.0623294179678047,10827.610800144335,0.08276108001443362
btc_hl_breakout_2m,0,0.025,0.05,0.0,0.05,60,high_frequency,0.009151655270991944,0.9151655270991944,0.4166666666666667,36,-0.01901819154265061,-1.9018191542650609,13.215329029926115,1.2125934104038172,3.7361111111111113e-10,0.5155643937404285,10091.51655270992,0.009151655270991944
btc_hl_breakout_3m,0,0.02,0.06,0.0,0.15,45,high_frequency,0.02965321625634897,2.965321625634897,0.3611111111111111,36,-0.050193594339087655,-5.0193594339087655,14.594994126050944,1.2352189207408684,3.62962962962963e-10,0.5682536962696868,10296.53216256349,0.02965321625634897
btc_hl_breakout_2m,0,0.0125,0.015,0.0,0.15,45,high_frequency,0.010102599617842475,1.0102599617842476,0.5263157894736842,76,-0.04015979872313602,-4.015979872313602,5.997069659858801,1.0643438917556376,1.3355263157894738e-10,0.09749750910055194,10101.025996178425,0.010102599617842475
btc_vol_breakout_3m,0,0.02,0.04,0.0,0.2,60,high_frequency,0.012752369887160876,1.2752369887160875,0.425,40,-0.05522969330615635,-5.522969330615634,5.622823949741339,1.0723832483410234,2.8958333333333334e-10,0.18336534641921667,10127.52369887161,0.012752369887160876
btc_hl_breakout_6m,0,0.0125,0.01,0.0,0.15,15,high_frequency,-0.005839873586823819,-0.5839873586823819,0.5529411764705883,85,-0.050872353052105024,-5.087235305210502,-2.6076436846107307,0.962811530776505,1.1e-10,-0.03814482499060171,9941.601264131761,-0.005839873586823819
btc_vol_breakout_3m,0,0.0175,0.06,0.0,0.1,5,high_frequency,-0.004569757089996847,-0.45697570899968465,0.28125,32,-0.03449415010879364,-3.449415010879364,-3.1929749241479053,0.9430527331476132,3.651041666666667e-10,-0.1257403338687665,9954.302429100031,-0.004569757089996847
btc_hl_breakout_3m,0,0.01,0.025,0.0,0.15,15,high_frequency,-0.0016863730767385959,-0.1686373076738596,0.36923076923076925,65,-0.05306248253941481,-5.306248253941481,-0.39260649289154786,0.9888076502034657,1.505128205128205e-10,-0.0066247315327698205,9983.136269232615,-0.0016863730767385959
btc_hl_breakout_6m,0,0.0175,0.045,0.0,0.05,10,high_frequency,-0.0096760116519517,-0.9676011651951699,0.29545454545454547,44,-0.02494886176034694,-2.494886176034694,-15.260271004261318,0.8018763123862293,2.7992424242424244e-10,-0.4370791166986837,9903.239883480483,-0.0096760116519517
btc_vol_breakout_2m,0,0.0075,0.04,0.0,0.25,30,high_frequency,-0.025497380518777982,-2.549738051877798,0.26153846153846155,65,-0.09291517261366966,-9.291517261366966,-7.68444354718409,0.8956502212661103,1.6794871794871795e-10,-0.14290791578550785,9745.02619481222,-0.025497380518777982
btc_hl_breakout_2m,0,0.03,0.035,0.0,0.25,5,high_frequency,0.024011382224127145,2.4011382224127145,0.5,38,-0.09159520229743245,-9.159520229743245,8.175810800581578,1.1048465613908505,3.495614035087719e-10,0.2843550390839761,10240.113822241272,0.024011382224127145
btc_small_up_10m,0,0.015,0.035,0.0,0.05,90,high_frequency,0.008101165342916397,0.8101165342916397,0.3673469387755102,49,-0.01755224705096392,-1.755224705096392,11.615481136344634,1.1816857132845093,2.0170068027210883e-10,0.33544002383908667,10081.011653429165,0.008101165342916397
btc_hl_breakout_9m,0,0.005,0.025,0.0,0.2,5,high_frequency,-0.0014418793415029768,-0.14418793415029768,0.26744186046511625,86,-0.10858814738459377,-10.858814738459376,0.2787321847268621,0.9938346679882791,1.1085271317829457e-10,0.005210847745724354,9985.58120658497,-0.0014418793415029768
btc_small_down_10m,0,0.0075,0.02,0.0,0.15,60,high_frequency,0.03907498215136768,3.9074982151367683,0.4057971014492754,69,-0.03524879502761491,-3.524879502761491,23.749927417351284,1.320052380661603,1.0603864734299516e-10,0.3788146706532271,10390.749821513677,0.03907498215136768
btc_hl_breakout_1m,0,0.01,0.045,0.0,0.2,15,high_frequency,0.004523645958353427,0.45236459583534266,0.2909090909090909,55,-0.07084856578189924,-7.084856578189925,2.4952691926027804,1.0228971038273125,2.1484848484848485e-10,0.06012961662653451,10045.236459583535,0.004523645958353427
btc_hl_breakout_6m,0,0.02,0.01,0.0,0.1,45,high_frequency,-0.006658121159564871,-0.6658121159564871,0.5915492957746479,71,-0.03634283451967957,-3.6342834519679568,-4.855997492821624,0.93513734415288,1.4295774647887323e-10,-0.08774590966725711,9933.418788404351,-0.006658121159564871
btc_hl_breakout_6m,0,0.03,0.035,0.0,0.05,5,high_frequency,-0.001686635223186721,-0.1686635223186721,0.4473684210526316,38,-0.022867706114431896,-2.2867706114431896,-2.4295768673941094,0.9630479725040317,3.342105263157895e-10,-0.08235229265175774,9983.133647768133,-0.001686635223186721
btc_hl_breakout_10m,0,0.03,0.045,0.0,0.15,5,high_frequency,0.02720385750606756,2.720385750606756,0.4594594594594595,37,-0.055129986914191575,-5.512998691419158,12.533560010102049,1.1918989347567848,3.4234234234234234e-10,0.511332424334662,10272.038575060677,0.02720385750606756
btc_hl_breakout_1m,0,0.035,0.05,0.0,0.1,20,high_frequency,0.029236404054019432,2.9236404054019434,0.5172413793103449,29,-0.03419969951513502,-3.419969951513502,21.274115209625556,1.419937759194774,4.666666666666667e-10,1.0145757132860658,10292.364040540195,0.029236404054019432
btc_hl_breakout_7m,0,0.005,0.02,0.0,0.05,30,high_frequency,0.0007503094372047428,0.07503094372047428,0.30526315789473685,95,-0.02377364232133683,-2.377364232133683,1.2922282021593645,1.0129051632691535,1.019298245614035e-10,0.018861857127763695,10007.503094372047,0.0007503094372047428
btc_vol_breakout_2m,0,0.015,0.01,0.0,0.25,30,high_frequency,0.012635604821589869,1.263560482158987,0.5925925925925926,81,-0.07127404276367677,-7.1274042763676775,5.028131969710812,1.0517892964069224,1.1152263374485597e-10,0.0746701945752129,10126.3560482159,0.012635604821589869
btc_vol_breakout_9m,0,0.035,0.04,0.0,0.05,20,high_frequency,0.008878205995906342,0.8878205995906342,0.5517241379310345,29,-0.0150321806498952,-1.50321806498952,14.319888435486234,1.2640585769342982,3.942528735632184e-10,0.6180471128912982,10088.782059959063,0.008878205995906342
btc_small_up_9m,0,0.035,0.03,0.0,0.15,30,high_frequency,0.04575300268453284,4.575300268453284,0.6060606060606061,33,-0.029479715289579156,-2.9479715289579156,23.7709701560342,1.4752128100620614,3.4090909090909087e-10,0.9245421421997009,10457.530026845328,0.04575300268453284
btc_vol_breakout_9m,0,0.035,0.06,0.0,0.2,30,high_frequency,0.014260452413955136,1.4260452413955136,0.4,20,-0.0631513382001706,-6.31513382001706,6.2321738160584,1.114351616605639,5.833333333333333e-10,0.4080112017305069,10142.604524139551,0.014260452413955136
btc_hl_breakout_1m,0,0.035,0.02,0.0,0.25,90,high_frequency,0.08774122896420632,8.774122896420632,0.6341463414634146,41,-0.04306181946303578,-4.306181946303578,28.75111942932296,1.5167610897163928,3.048780487804878e-10,0.8447791556290113,10877.412289642063,0.08774122896420632
btc_small_up_10m,0,0.025,0.03,0.0,0.05,20,high_frequency,0.008668039733675385,0.8668039733675384,0.475,40,-0.016331435896237978,-1.6331435896237978,12.36671935179289,1.2046727201958771,2.729166666666667e-10,0.43915940546577265,10086.680397336753,0.008668039733675385
btc_bullish,0,0.035,0.05,0.0,0.25,20,high_frequency,0.07238164151071673,7.238164151071673,0.4838709677419355,31,-0.08591151094032545,-8.591151094032545,19.34248649200883,1.3435474021838567,4.4731182795698927e-10,0.9593427521009432,10723.816415107167,0.07238164151071673
btc_hl_breakout_3m,0,0.03,0.045,0.0,0.25,60,high_frequency,0.043747418797466436,4.374741879746644,0.4857142857142857,35,-0.09587521856724701,-9.5875218567247,13.472679533438498,1.2031961344446425,3.8523809523809525e-10,0.5288582469593132,10437.474187974665,0.043747418797466436
btc_vol_breakout_9m,0,0.01,0.06,0.0,0.15,5,high_frequency,-0.0006997571385967603,-0.06997571385967603,0.2,35,-0.03576786482945127,-3.576786482945127,0.057038005053861474,0.9922981792271953,2.780952380952381e-10,0.0015608204071580361,9993.002428614032,-0.0006997571385967603
btc_hl_breakout_7m,0,0.025,0.01,0.0,0.05,20,high_frequency,0.01395325208720343,1.395325208720343,0.6521739130434783,69,-0.015336777711107086,-1.5336777711107086,19.11412750503858,1.293279903750086,1.7028985507246378e-10,0.40637641622932014,10139.532520872035,0.01395325208720343
btc_vol_breakout_2m,0,0.03,0.025,0.0,0.1,10,high_frequency,0.013735925608121329,1.3735925608121329,0.5476190476190477,42,-0.02404555760085947,-2.404555760085947,10.725536506397027,1.162754547681825,3.055555555555555e-10,0.33645002434646815,10137.359256081214,0.013735925608121329
btc_small_down_10m,0,0.015,0.03,0.0,0.2,10,high_frequency,0.05424124594320904,5.4241245943209035,0.4375,48,-0.04550160250348356,-4.550160250348356,24.292404879646924,1.3770471973462908,1.9270833333333333e-10,0.5660147632448652,10542.412459432091,0.05424124594320904
btc_hl_breakout_10m,0,0.03,0.035,0.0,0.1,5,high_frequency,0.025678561560605818,2.5678561560605817,0.5,38,-0.032416804455014936,-3.2416804455014936,17.597751089733464,1.290587881123201,3.337719298245614e-10,0.6848508416896569,10256.785615606059,0.025678561560605818
btc_hl_breakout_6m,0,0.0125,0.045,0.0,0.2,30,high_frequency,0.0017573231625320205,0.17573231625320204,0.3333333333333333,51,-0.06617301611098714,-6.617301611098714,1.4392571801409066,1.0089078272589187,2.3627450980392157e-10,0.0378575964199665,10017.57323162532,0.0017573231625320205
btc_small_up_10m,0,0.025,0.045,0.0,0.2,30,high_frequency,0.0676719017808065,6.767190178080649,0.4722222222222222,36,-0.05521298134197439,-5.521298134197439,24.239630747466084,1.4361172744707202,2.972222222222222e-10,0.942431093627432,10676.719017808065,0.0676719017808065
btc_alt_aligned,0,0.025,0.025,0.0,0.2,20,high_frequency,0.047732207566596845,4.7732207566596845,0.5098039215686274,51,-0.06618731388276988,-6.618731388276988,16.118156090214203,1.2210045676230596,2.725490196078431e-10,0.4837998720508345,10477.322075665968,0.047732207566596845
btc_hl_breakout_9m,0,0.02,0.06,0.0,0.15,5,high_frequency,0.03258377287858725,3.2583772878587247,0.3611111111111111,36,-0.0530003578958248,-5.300035789582481,14.475045401974565,1.2398455363841825,3.6712962962962963e-10,0.6265516931436944,10325.837728785873,0.03258377287858725
btc_vol_breakout_8m,0,0.025,0.025,0.0,0.1,10,high_frequency,0.03200949006045301,3.200949006045301,0.5714285714285714,35,-0.019070385798695355,-1.9070385798695355,28.9086874013243,1.5715084946665485,2.880952380952381e-10,0.9111857665519609,10320.09490060453,0.03200949006045301
btc_small_up_10m,0,0.015,0.015,0.0,0.15,60,high_frequency,0.01058466390648914,1.058466390648914,0.4444444444444444,63,-0.04472162957481429,-4.472162957481429,5.828161068314299,1.0728873759959061,1.349206349206349e-10,0.12412883114066148,10105.846639064892,0.01058466390648914
btc_small_down_10m,0,0.005,0.025,0.0,0.15,5,high_frequency,0.045717505351834394,4.5717505351834395,0.3333333333333333,78,-0.04070856581978177,-4.070856581978177,28.455859282132515,1.3942992689166465,9.294871794871794e-11,0.38938797417534987,10457.175053518344,0.045717505351834394
btc_hl_breakout_7m,0,0.005,0.06,0.0,0.25,5,high_frequency,0.0039042399543072408,0.3904239954307241,0.18032786885245902,61,-0.12769155883713534,-12.769155883713534,2.1344189667030626,1.0152510236669419,1.855191256830601e-10,0.05396283563704859,10039.042399543072,0.0039042399543072408
btc_alt_aligned,0,0.03,0.015,0.0,0.1,20,high_frequency,0.02356060861600879,2.356060861600879,0.6065573770491803,61,-0.0302262641616573,-3.02262641616573,15.656198097914071,1.2134925428441374,2.243169398907104e-10,0.3934253718097849,10235.606086160087,0.02356060861600879
btc_hl_breakout_3m,0,0.0075,0.015,0.0,0.15,10,high_frequency,-0.015647390833663895,-1.5647390833663894,0.3902439024390244,82,-0.06191276647638777,-6.191276647638777,-8.07600124457406,0.9044719791359883,1.119918699186992e-10,-0.12013503479640036,9843.526091663362,-0.015647390833663895
btc_hl_breakout_2m,0,0.0175,0.04,0.0,0.05,20,high_frequency,0.0001025262904472811,0.01025262904472811,0.3695652173913043,46,-0.019173472647925682,-1.9173472647925682,0.34843967808413917,1.0021430803006837,2.706521739130435e-10,0.010046051903109518,10001.025262904473,0.0001025262904472811
btc_small_up_9m,0,0.0125,0.01,0.0,0.15,60,high_frequency,0.009032472940518755,0.9032472940518754,0.5409836065573771,61,-0.033146918472845344,-3.3146918472845344,6.0228374964264635,1.0838645829558315,1.2431693989071037e-10,0.1068785744313679,10090.324729405187,0.009032472940518755
btc_hl_breakout_3m,0,0.0125,0.01,0.0,0.1,60,high_frequency,0.011233841023282719,1.123384102328272,0.5853658536585366,82,-0.02755876929739809,-2.755876929739809,9.31961984745626,1.1163447650919927,1.1565040650406504e-10,0.14186714475516599,10112.338410232827,0.011233841023282719
btc_bullish,0,0.0175,0.04,0.0,0.25,10,high_frequency,0.06600113685170704,6.600113685170704,0.4,55,-0.07191269880272277,-7.191269880272277,18.033133518422456,1.2404550041303626,2.336363636363636e-10,0.49554630020223694,10660.01136851707,0.06600113685170704
btc_hl_breakout_5m,0,0.02,0.06,0.0,0.05,20,high_frequency,0.007556917454096913,0.7556917454096913,0.35,40,-0.01628796674523214,-1.628796674523214,10.859982199964978,1.1623937260211208,3.395833333333333e-10,0.3853179925555011,10075.56917454097,0.007556917454096913
btc_vol_breakout_2m,0,0.03,0.03,0.0,0.05,30,high_frequency,0.005817434295856896,0.5817434295856896,0.5365853658536586,41,-0.014108787654453447,-1.4108787654453447,8.884386816658639,1.1354086641875853,3.170731707317073e-10,0.2892416790124229,10058.17434295857,0.005817434295856896
btc_hl_breakout_7m,0,0.01,0.05,0.0,0.15,45,high_frequency,0.024475832757569812,2.447583275756981,0.2777777777777778,54,-0.048558640313497325,-4.855864031349732,11.577860666711388,1.167392608361591,2.3117283950617284e-10,0.31840594748646195,10244.758327575699,0.024475832757569812
btc_bullish,0,0.025,0.045,0.0,0.2,20,high_frequency,0.06445696578094633,6.4456965780946325,0.4523809523809524,42,-0.05561742904858946,-5.561742904858946,21.450768869365387,1.354320279774757,3.1507936507936506e-10,0.7742877634233348,10644.569657809463,0.06445696578094633
btc_hl_breakout_4m,0,0.015,0.05,0.0,0.15,90,high_frequency,0.02189221905669749,2.1892219056697493,0.35714285714285715,42,-0.04060420721308722,-4.060420721308722,11.260076021716346,1.166489229630754,3.0079365079365077e-10,0.3655272280512449,10218.922190566975,0.02189221905669749
btc_hl_breakout_1m,0,0.035,0.045,0.0,0.1,60,high_frequency,0.02427236325259497,2.4272363252594973,0.5172413793103449,29,-0.03419969951513491,-3.4199699515134907,17.864773670482414,1.344777445483076,4.5977011494252873e-10,0.8471077165651044,10242.72363252595,0.02427236325259497
btc_small_down_10m,0,0.03,0.03,0.0,0.25,90,high_frequency,0.045991973169481025,4.599197316948103,0.5675675675675675,37,-0.053155623657426654,-5.315562365742665,15.369233264727862,1.247146101981984,2.9144144144144145e-10,0.5156648665654969,10459.91973169481,0.045991973169481025
btc_hl_breakout_7m,0,0.0175,0.05,0.0,0.25,5,high_frequency,0.01671335946482386,1.671335946482386,0.32558139534883723,43,-0.09655635548585007,-9.655635548585007,5.602194387884038,1.0658059898787662,3.0310077519379845e-10,0.19452202006827274,10167.13359464824,0.01671335946482386
btc_vol_breakout_2m,0,0.035,0.02,0.0,0.25,60,high_frequency,0.04473294312682797,4.473294312682797,0.627906976744186,43,-0.06419447771483189,-6.419447771483188,14.418637359200442,1.2213842843947034,2.844961240310077e-10,0.43299407850746396,10447.32943126828,0.04473294312682797
btc_hl_breakout_9m,0,0.0125,0.05,0.0,0.25,30,high_frequency,0.05313741842987069,5.31374184298707,0.32653061224489793,49,-0.0755543099779693,-7.555430997796931,14.958015643145302,1.208105947592917,2.510204081632653e-10,0.4605269041730903,10531.374184298707,0.05313741842987069
btc_vol_breakout_10m,0,0.03,0.035,0.0,0.05,15,high_frequency,0.008265214096699504,0.8265214096699505,0.5333333333333333,30,-0.014572638738394095,-1.4572638738394095,13.568936339479228,1.253892921300326,3.338888888888889e-10,0.5565012753793349,10082.652140966995,0.008265214096699504
btc_hl_breakout_6m,0,0.025,0.025,0.0,0.1,10,high_frequency,0.009302093319090397,0.9302093319090398,0.5111111111111111,45,-0.02913387068790263,-2.913387068790263,7.435838467087507,1.103647371954173,2.7851851851851855e-10,0.21697302640310726,10093.020933190905,0.009302093319090397
btc_hl_breakout_9m,0,0.0125,0.01,0.0,0.2,10,high_frequency,0.011316081886159122,1.1316081886159122,0.5172413793103449,87,-0.06864993536912434,-6.864993536912434,4.816190532885393,1.0485596572642761,1.0823754789272031e-10,0.07808247731285911,10113.160818861592,0.011316081886159122
btc_hl_breakout_9m,0,0.03,0.06,0.0,0.2,60,high_frequency,0.030919235995681152,3.091923599568115,0.4,30,-0.0838188440023313,-8.38188440023313,10.91881025628357,1.1719263831182043,4.5444444444444444e-10,0.5597834311861598,10309.19235995681,0.030919235995681152
btc_vol_breakout_2m,0,0.025,0.04,0.0,0.1,15,high_frequency,0.006997200613103473,0.6997200613103473,0.43902439024390244,41,-0.03280443346744788,-3.280443346744788,5.548100015434611,1.078588618920072,3.060975609756098e-10,0.1822301178894,10069.972006131035,0.006997200613103473
btc_hl_breakout_10m,0,0.015,0.01,0.0,0.15,5,high_frequency,0.015708707868538566,1.5708707868538567,0.5679012345679012,81,-0.04773670252491147,-4.773670252491147,8.028053179571605,1.097510326774148,1.185185185185185e-10,0.13878042510684835,10157.087078685385,0.015708707868538566
btc_vol_breakout_8m,0,0.02,0.035,0.0,0.05,90,high_frequency,0.004598790870934886,0.4598790870934886,0.4444444444444444,36,-0.014179587139139027,-1.4179587139139027,7.677586832941555,1.125966102826684,3.0138888888888886e-10,0.26110616699200273,10045.987908709349,0.004598790870934886
btc_hl_breakout_10m,0,0.0075,0.045,0.0,0.05,90,high_frequency,0.0040331792156104085,0.40331792156104085,0.2807017543859649,57,-0.020652487573542988,-2.065248757354299,5.9037891636938085,1.0833421733807065,2.0292397660818713e-10,0.14671798892735868,10040.331792156105,0.0040331792156104085
btc_vol_breakout_9m,0,0.0075,0.01,0.0,0.1,60,high_frequency,-0.006555856780726106,-0.6555856780726106,0.46551724137931033,58,-0.02844370076316316,-2.844370076316316,-6.645646626648436,0.9027844586731822,1.0459770114942528e-10,-0.10890520477892815,9934.44143219274,-0.006555856780726106
btc_hl_breakout_5m,0,0.03,0.045,0.0,0.05,10,high_frequency,-0.0005943680468847446,-0.05943680468847446,0.42105263157894735,38,-0.02565341293539869,-2.565341293539869,-0.6963110321920463,0.9873129063734841,3.416666666666667e-10,-0.02426236454973059,9994.056319531153,-0.0005943680468847446
btc_small_up_10m,0,0.03,0.06,0.0,0.15,5,high_frequency,0.03510518495760316,3.510518495760316,0.37037037037037035,27,-0.050397055538226376,-5.039705553822637,16.349898928961682,1.3124765252942678,4.580246913580247e-10,0.8935211483052109,10351.051849576032,0.03510518495760316
btc_hl_breakout_8m,0,0.025,0.05,0.0,0.15,10,high_frequency,0.026802445420568165,2.6802445420568164,0.4117647058823529,34,-0.049795233700089425,-4.979523370008943,12.25585804026283,1.2050436560850322,3.877450980392157e-10,0.5493246635957327,10268.024454205683,0.026802445420568165
btc_hl_breakout_4m,0,0.03,0.02,0.0,0.15,5,high_frequency,0.03986150995056853,3.986150995056853,0.6041666666666666,48,-0.03215514572089462,-3.215514572089462,20.30021056882267,1.3057603994434304,2.430555555555556e-10,0.5592095969770197,10398.615099505685,0.03986150995056853
btc_vol_breakout_10m,0,0.015,0.01,0.0,0.2,90,high_frequency,0.02268224269564555,2.268224269564555,0.6037735849056604,53,-0.03334027118822214,-3.3340271188222137,12.208962474916097,1.2003467673192585,1.2232704402515723e-10,0.22138284510376713,10226.822426956456,0.02268224269564555
btc_hl_breakout_1m,0,0.015,0.05,0.0,0.2,90,high_frequency,0.02083681007830471,2.0836810078304713,0.32558139534883723,43,-0.060571269934511784,-6.057126993451178,8.76589724721835,1.1178858801788205,2.937984496124031e-10,0.26676696838566477,10208.368100783047,0.02083681007830471
btc_vol_breakout_3m,0,0.035,0.05,0.0,0.2,20,high_frequency,0.03340299727679141,3.3402997276791413,0.5185185185185185,27,-0.06838432072128753,-6.838432072128753,12.87373105502941,1.230040616035483,4.6111111111111114e-10,0.6503915678849735,10334.029972767914,0.03340299727679141
btc_small_up_10m,0,0.03,0.03,0.0,0.25,30,high_frequency,0.04539983521821182,4.539983521821182,0.5,38,-0.07592822177271674,-7.592822177271675,13.508383537528442,1.2066410743683103,3.0350877192982454e-10,0.5055269354056208,10453.998352182118,0.04539983521821182
btc_hl_breakout_6m,0,0.015,0.045,0.0,0.15,20,high_frequency,-0.010449575492852432,-1.0449575492852432,0.3111111111111111,45,-0.05796396396980097,-5.7963963969800965,-4.965551743073204,0.9244907254505788,2.7518518518518523e-10,-0.14000166239156497,9895.504245071475,-0.010449575492852432
btc_hl_breakout_3m,0,0.01,0.06,0.0,0.2,60,high_frequency,0.0030791699721501573,0.30791699721501575,0.24444444444444444,45,-0.07798338259081172,-7.798338259081172,1.941315356818761,1.0176402492578382,2.6592592592592594e-10,0.06143360271824556,10030.791699721502,0.0030791699721501573
btc_hl_breakout_1m,0,0.0075,0.04,0.0,0.1,90,high_frequency,0.007785337558272101,0.7785337558272101,0.3050847457627119,59,-0.03540885107624414,-3.540885107624414,6.484993716166946,1.0806271785141535,2.0169491525423727e-10,0.14041321714516425,10077.853375582721,0.007785337558272101
btc_vol_breakout_10m,0,0.0175,0.04,0.0,0.2,20,high_frequency,0.01692471006574499,1.6924710065744988,0.4166666666666667,36,-0.0577336982262997,-5.77336982262997,7.625575267508955,1.1132289196763447,2.6851851851851853e-10,0.2570238353728085,10169.24710065745,0.01692471006574499
btc_hl_breakout_1m,0,0.035,0.04,0.0,0.05,90,high_frequency,0.018428699145486546,1.8428699145486547,0.5588235294117647,34,-0.015122927561059485,-1.5122927561059485,27.091452787523515,1.5175051451353885,3.946078431372549e-10,1.0836248103987205,10184.286991454865,0.018428699145486546
btc_hl_breakout_1m,0,0.0075,0.05,0.0,0.2,60,high_frequency,-0.006727635289834098,-0.6727635289834097,0.23636363636363636,55,-0.0729151863260693,-7.29151863260693,-1.9018273638684948,0.9640893817804809,2.1727272727272728e-10,-0.04151317037721062,9932.723647101659,-0.006727635289834098
btc_hl_breakout_1m,0,0.015,0.04,0.0,0.15,15,high_frequency,0.021911281807591103,2.1911281807591103,0.3829787234042553,47,-0.04418071957069569,-4.41807195706957,11.885165184947029,1.1619251359988683,2.712765957446808e-10,0.3243375211620126,10219.112818075911,0.021911281807591103
btc_hl_breakout_9m,0,0.03,0.04,0.0,0.25,10,high_frequency,0.03839299946816991,3.839299946816991,0.46153846153846156,39,-0.10783536713336173,-10.783536713336172,11.29548842521307,1.1536908715051966,3.2692307692307694e-10,0.42822876432794255,10383.9299946817,0.03839299946816991
btc_hl_breakout_4m,0,0.015,0.015,0.0,0.15,45,high_frequency,0.035103859057750764,3.5103859057750766,0.5652173913043478,69,-0.0327036631617591,-3.27036631617591,18.26327087204009,1.244423014961068,1.4879227053140098e-10,0.3441851758354723,10351.038590577507,0.035103859057750764
btc_vol_breakout_3m,0,0.0125,0.04,0.0,0.2,60,high_frequency,0.015415814769997633,1.5415814769997633,0.3695652173913043,46,-0.05695661720776324,-5.695661720776323,6.671611422299115,1.0871162311659408,2.355072463768116e-10,0.1876500543587288,10154.158147699976,0.015415814769997633
btc_vol_breakout_9m,0,0.0075,0.015,0.0,0.25,30,high_frequency,0.0012361586570375494,0.12361586570375493,0.4074074074074074,54,-0.0649799112957562,-6.49799112957562,1.2208912705675297,1.0070111536991335,1.2160493827160495e-10,0.022693555383025435,10012.361586570376,0.0012361586570375494
btc_hl_breakout_2m,0,0.025,0.035,0.0,0.2,5,high_frequency,0.043878789036227224,4.387878903622722,0.4883720930232558,43,-0.05475580517741663,-5.475580517741663,16.658328372282384,1.237925821355557,3e-10,0.5252994969242005,10438.787890362273,0.043878789036227224
btc_hl_breakout_2m,0,0.03,0.01,0.0,0.05,30,high_frequency,0.005187041277549809,0.518704127754981,0.6935483870967742,62,-0.017163956532279867,-1.7163956532279867,8.468572348401619,1.1171843549775757,1.6881720430107527e-10,0.17081076137489426,10051.870412775497,0.005187041277549809
btc_hl_breakout_5m,0,0.035,0.015,0.0,0.2,90,high_frequency,0.04181346917144697,4.181346917144697,0.66,50,-0.0529854382921241,-5.298543829212409,16.13200327301834,1.2436392368543878,2.35e-10,0.429478191123146,10418.13469171447,0.04181346917144697
btc_hl_breakout_1m,0,0.005,0.02,0.0,0.15,10,high_frequency,-0.0152703119484966,-1.52703119484966,0.3132530120481928,83,-0.06737579785641923,-6.737579785641923,-8.073286374263542,0.9033156366190833,1.106425702811245e-10,-0.11598799215802513,9847.296880515034,-0.0152703119484966
btc_vol_breakout_2m,0,0.0075,0.02,0.0,0.1,10,high_frequency,-0.018717698021221144,-1.8717698021221145,0.34523809523809523,84,-0.04553706187407214,-4.553706187407213,-15.902178036536757,0.833543631138175,1.1408730158730159e-10,-0.22031250660817298,9812.82301978779,-0.018717698021221144
btc_bullish,0,0.0125,0.025,0.0,0.25,10,high_frequency,0.058203583939959024,5.820358393995902,0.42028985507246375,69,-0.06517471488563453,-6.517471488563453,16.313471529043934,1.2043518100421309,1.8043478260869564e-10,0.35105679636356046,10582.03583939959,0.058203583939959024
btc_vol_breakout_3m,0,0.035,0.045,0.0,0.1,20,high_frequency,0.014263480199789194,1.4263480199789194,0.5172413793103449,29,-0.03466099912684817,-3.466099912684817,10.730695036484054,1.1905993962650037,4.281609195402299e-10,0.5083333910322844,10142.634801997892,0.014263480199789194
btc_hl_breakout_1m,0,0.02,0.035,0.0,0.05,30,high_frequency,0.008929575406780719,0.8929575406780719,0.45652173913043476,46,-0.013972445687516988,-1.3972445687516988,13.454134964381446,1.2014516258875285,2.7898550724637684e-10,0.39250097921070765,10089.295754067807,0.008929575406780719
btc_hl_breakout_8m,0,0.035,0.025,0.0,0.15,20,high_frequency,0.04193118153635462,4.193118153635462,0.6153846153846154,39,-0.04014588922182194,-4.0145889221821935,19.255769467813636,1.3329614909165006,3.307692307692308e-10,0.725995313547642,10419.311815363546,0.04193118153635462
btc_hl_breakout_3m,0,0.0175,0.025,0.0,0.25,60,high_frequency,-0.003994896912153763,-0.39948969121537625,0.4230769230769231,52,-0.09131924472392605,-9.131924472392605,-0.2869850189331021,0.9846354961411872,2.2371794871794873e-10,-0.007059091129471429,9960.051030878461,-0.003994896912153763
btc_vol_breakout_3m,0,0.0075,0.04,0.0,0.2,10,high_frequency,-0.02769053467498402,-2.7690534674984018,0.25862068965517243,58,-0.08962141791292544,-8.962141791292543,-10.922829970649625,0.8568179306324138,1.692528735632184e-10,-0.22714471211122303,9723.09465325016,-0.02769053467498402
btc_vol_breakout_9m,0,0.0175,0.05,0.0,0.2,15,high_frequency,-0.0021090187676032885,-0.21090187676032884,0.3448275862068966,29,-0.05695828110696677,-5.695828110696677,-0.17433581884494304,0.9839357748100807,3.735632183908046e-10,-0.009584106530811334,9978.909812323967,-0.0021090187676032885
btc_small_up_10m,0,0.035,0.05,0.0,0.25,10,high_frequency,0.07458571053447995,7.4585710534479945,0.4827586206896552,29,-0.08638500720015474,-8.638500720015474,20.2187124362146,1.3848217127242168,4.275862068965517e-10,1.0507588271340091,10745.8571053448,0.07458571053447995
btc_hl_breakout_5m,0,0.005,0.045,0.0,0.1,10,high_frequency,0.013628513493074501,1.36285134930745,0.24285714285714285,70,-0.045056835562811814,-4.5056835562811814,10.072069778384806,1.136231734173419,1.5214285714285713e-10,0.2023312642550715,10136.285134930746,0.013628513493074501
btc_vol_breakout_10m,0,0.035,0.04,0.0,0.2,10,high_frequency,0.03579146962579118,3.5791469625791184,0.5517241379310345,29,-0.05911900617433252,-5.911900617433252,14.84644042145767,1.256426315649126,3.6551724137931034e-10,0.6384742281047967,10357.914696257913,0.03579146962579118
btc_vol_breakout_2m,0,0.0075,0.045,0.0,0.05,45,high_frequency,-0.005635470461091325,-0.5635470461091325,0.234375,64,-0.018579957679603742,-1.8579957679603742,-9.167626145461451,0.8799884731430961,1.7526041666666666e-10,-0.17352275489154517,9943.645295389088,-0.005635470461091325
btc_small_down_10m,0,0.035,0.06,0.0,0.2,10,high_frequency,0.03616190951922285,3.616190951922285,0.44,25,-0.06588502171074573,-6.588502171074573,13.945704875886864,1.2501742742071462,4.693333333333334e-10,0.7619911453022992,10361.619095192229,0.03616190951922285
btc_small_up_9m,0,0.0075,0.02,0.0,0.1,45,high_frequency,0.0222050105113561,2.22050105113561,0.39655172413793105,58,-0.01661843442420785,-1.661843442420785,22.356520761796517,1.3490611515487245,1.2902298850574712e-10,0.38411850439500317,10222.050105113562,0.0222050105113561
btc_small_down_10m,0,0.0125,0.02,0.0,0.25,15,high_frequency,0.09422908206534016,9.422908206534016,0.5,54,-0.047708720922047365,-4.770872092204737,34.20459817038475,1.536583934211303,1.5432098765432098e-10,0.6839136728651796,10942.290820653401,0.09422908206534016
btc_vol_breakout_10m,0,0.025,0.035,0.0,0.25,10,high_frequency,0.04888309226981437,4.888309226981437,0.5161290322580645,31,-0.06845572204330785,-6.845572204330786,16.561308260647664,1.300392122205035,3.10752688172043e-10,0.6497938474087059,10488.830922698144,0.04888309226981437
btc_vol_breakout_2m,0,0.03,0.025,0.0,0.1,5,high_frequency,0.013735925608121329,1.3735925608121329,0.5476190476190477,42,-0.02404555760085947,-2.404555760085947,10.725536506397027,1.162754547681825,3.055555555555555e-10,0.33645002434646815,10137.359256081214,0.013735925608121329
btc_bullish,0,0.035,0.02,0.0,0.2,5,high_frequency,0.06435019973372805,6.435019973372805,0.625,48,-0.05032770751371696,-5.032770751371696,21.659586720550514,1.3469945910319794,2.753472222222222e-10,0.6760376126469982,10643.50199733728,0.06435019973372805
btc_small_up_10m,0,0.0075,0.03,0.0,0.15,45,high_frequency,0.02741285362456638,2.741285362456638,0.35,60,-0.04109634907361026,-4.109634907361026,13.68705564843248,1.2050599555143626,1.3333333333333334e-10,0.3139916150481712,10274.128536245664,0.02741285362456638
btc_bullish,0,0.005,0.025,0.0,0.25,90,high_frequency,0.0493584828557186,4.93584828557186,0.3173076923076923,104,-0.06138026376061778,-6.138026376061778,14.111331241694737,1.1482841337412428,1.0881410256410257e-10,0.2017281151576545,10493.584828557186,0.0493584828557186
btc_small_down_10m,0,0.0175,0.025,0.0,0.05,30,high_frequency,0.008466809307596919,0.8466809307596919,0.5,46,-0.010727773018679998,-1.0727773018679998,14.237799317008438,1.2235326245061626,1.9492753623188405e-10,0.37140077511042907,10084.668093075968,0.008466809307596919
btc_vol_breakout_8m,0,0.03,0.04,0.0,0.25,45,high_frequency,0.04003103523064574,4.003103523064574,0.5333333333333333,30,-0.07130239381852255,-7.130239381852254,13.482353816530361,1.2231744425945712,3.755555555555556e-10,0.5614252917801233,10400.310352306456,0.04003103523064574
btc_hl_breakout_2m,0,0.015,0.02,0.0,0.25,30,high_frequency,0.015202331256808975,1.5202331256808974,0.46875,64,-0.07010135699354503,-7.010135699354503,5.740623959361098,1.0577257709449919,1.7760416666666665e-10,0.11269727119392131,10152.02331256809,0.015202331256808975
btc_hl_breakout_10m,0,0.02,0.045,0.0,0.15,5,high_frequency,0.023459993120310378,2.345999312031038,0.40476190476190477,42,-0.04385088206257759,-4.385088206257759,11.1343404219791,1.163518713444231,2.972222222222222e-10,0.3910962917935207,10234.599931203104,0.023459993120310378
btc_small_down_10m,0,0.02,0.05,0.0,0.2,15,high_frequency,0.008502890327016734,0.8502890327016734,0.35294117647058826,34,-0.0539718822155244,-5.39718822155244,4.020073373329418,1.057450766922314,3.2352941176470585e-10,0.14984255079943984,10085.028903270168,0.008502890327016734
btc_hl_breakout_5m,0,0.025,0.025,0.0,0.25,15,high_frequency,0.03957088425504503,3.957088425504503,0.5306122448979592,49,-0.07188496168849101,-7.188496168849101,12.600047692379631,1.1604914979248513,2.574829931972789e-10,0.343773961715856,10395.70884255045,0.03957088425504503
btc_hl_breakout_4m,0,0.005,0.02,0.0,0.15,60,high_frequency,-0.007069729622160594,-0.7069729622160594,0.313953488372093,86,-0.051393214407892684,-5.139321440789269,-3.4422143701054506,0.9548873828214789,1.0678294573643411e-10,-0.04738766150916538,9929.302703778394,-0.007069729622160594
btc_small_up_9m,0,0.005,0.03,0.0,0.15,30,high_frequency,0.022029879038355148,2.2029879038355147,0.32727272727272727,55,-0.030646095374397775,-3.0646095374397775,13.08584507453928,1.2117090155727412,1.4e-10,0.2742096293571963,10220.298790383551,0.022029879038355148
btc_hl_breakout_9m,0,0.035,0.04,0.0,0.15,15,high_frequency,0.037293258487007916,3.7293258487007916,0.5142857142857142,35,-0.05609182011702096,-5.609182011702096,16.641611307860217,1.2695001586724572,3.714285714285714e-10,0.7288662066977865,10372.93258487008,0.037293258487007916
btc_vol_breakout_3m,0,0.02,0.04,0.0,0.15,30,high_frequency,0.009923804792395003,0.9923804792395003,0.425,40,-0.041641842642591964,-4.164184264259196,5.620490510501604,1.0757811976551388,2.8958333333333334e-10,0.18336534641921926,10099.238047923951,0.009923804792395003
btc_vol_breakout_8m,0,0.005,0.01,0.0,0.2,60,high_frequency,-0.02714191761073132,-2.714191761073132,0.3880597014925373,67,-0.0561473329267651,-5.61473329267651,-13.99021453126036,0.8137446807675679,8.582089552238805e-11,-0.19762312587826286,9728.580823892687,-0.02714191761073132
btc_vol_breakout_3m,0,0.005,0.06,0.0,0.2,45,high_frequency,-0.02914316286910116,-2.914316286910116,0.14814814814814814,54,-0.09244474335896058,-9.244474335896058,-11.196497769075505,0.8296325713988982,1.5987654320987655e-10,-0.2537765341702088,9708.56837130899,-0.02914316286910116
btc_hl_breakout_2m,0,0.025,0.025,0.0,0.05,20,high_frequency,0.011409228724569323,1.1409228724569322,0.5434782608695652,46,-0.0111816431662497,-1.11816431662497,17.294455592996208,1.2679059083457478,2.721014492753623e-10,0.49924412657136275,10114.092287245694,0.011409228724569323
btc_hl_breakout_2m,0,0.015,0.06,0.0,0.05,10,high_frequency,0.0031703034748114646,0.31703034748114645,0.28205128205128205,39,-0.01724330878977165,-1.724330878977165,4.904491459773484,1.0765275049355818,3.277777777777778e-10,0.17009066586935412,10031.703034748114,0.0031703034748114646
btc_hl_breakout_6m,0,0.035,0.015,0.0,0.25,90,high_frequency,0.01964093884612794,1.9640938846127938,0.6304347826086957,46,-0.07913576823907165,-7.913576823907165,6.882660935529083,1.091203412746723,2.565217391304348e-10,0.19455166538144153,10196.40938846128,0.01964093884612794
btc_hl_breakout_10m,0,0.0075,0.025,0.0,0.25,10,high_frequency,0.015767373162944204,1.5767373162944205,0.352112676056338,71,-0.10327359251931334,-10.327359251931334,5.549246802743228,1.0563086910863067,1.4741784037558688e-10,0.10861796097993749,10157.673731629442,0.015767373162944204
btc_bullish,0,0.03,0.025,0.0,0.15,5,high_frequency,0.04013618066651297,4.013618066651297,0.5555555555555556,45,-0.04222696275514137,-4.222696275514137,18.113668359156794,1.2806173857902297,2.9555555555555555e-10,0.6054611366989406,10401.361806665129,0.04013618066651297
btc_vol_breakout_10m,0,0.025,0.015,0.0,0.25,15,high_frequency,0.04218124701724546,4.2181247017245465,0.6097560975609756,41,-0.04519552649472813,-4.519552649472813,16.408477567337076,1.2797722425408202,2.0243902439024392e-10,0.4222195721891292,10421.812470172456,0.04218124701724546
btc_bullish,0,0.0125,0.035,0.0,0.25,20,high_frequency,0.05193674492953496,5.193674492953496,0.35384615384615387,65,-0.06330040716243446,-6.330040716243445,14.576324064320135,1.172871173660401,1.9307692307692307e-10,0.3383573567235869,10519.36744929535,0.05193674492953496
btc_bullish,0,0.02,0.015,0.0,0.05,15,high_frequency,0.009528421200995939,0.9528421200995939,0.5652173913043478,69,-0.012486195945927925,-1.2486195945927925,12.956795171125016,1.1723283428803788,1.8188405797101448e-10,0.27976642866222956,10095.28421200996,0.009528421200995939
btc_hl_breakout_7m,0,0.03,0.015,0.0,0.1,15,high_frequency,0.016229178665842232,1.6229178665842232,0.5925925925925926,54,-0.042566957191082166,-4.256695719108217,11.683698426731203,1.167151746986378,2.138888888888889e-10,0.3093997032916207,10162.291786658423,0.016229178665842232
btc_vol_breakout_3m,0,0.01,0.015,0.0,0.1,5,high_frequency,0.00019737438740785365,0.019737438740785367,0.45714285714285713,70,-0.027674402578315882,-2.767440257831588,0.5152874677090278,1.0020861503039575,1.111904761904762e-10,0.008825959222767146,10001.973743874078,0.00019737438740785365
btc_vol_breakout_9m,0,0.025,0.015,0.0,0.15,10,high_frequency,0.03292294035581083,3.292294035581083,0.6341463414634146,41,-0.02669535041942117,-2.669535041942117,20.912782801331492,1.3916406436806557,2.0243902439024392e-10,0.5383875503535005,10329.229403558109,0.03292294035581083
btc_alt_aligned,0,0.03,0.02,0.0,0.15,90,high_frequency,0.03100751453405569,3.100751453405569,0.5769230769230769,52,-0.04390503563232051,-4.390503563232051,13.982534352349901,1.1941921480010647,2.666666666666667e-10,0.4115553341564237,10310.075145340557,0.03100751453405569
btc_hl_breakout_6m,0,0.03,0.04,0.0,0.2,90,high_frequency,0.0029052998373883154,0.29052998373883154,0.4473684210526316,38,-0.08641785864299922,-8.641785864299923,1.880862827256925,1.0153452013739366,3.3684210526315786e-10,0.06578710499716178,10029.052998373883,0.0029052998373883154
btc_vol_breakout_2m,0,0.02,0.04,0.0,0.15,10,high_frequency,0.011005038545063416,1.1005038545063417,0.4186046511627907,43,-0.04840613193310239,-4.840613193310239,6.145182425402443,1.082677239637712,2.8953488372093023e-10,0.18656078085688102,10110.050385450635,0.011005038545063416
btc_hl_breakout_5m,0,0.035,0.035,0.0,0.1,45,high_frequency,0.013780704098697128,1.3780704098697127,0.5277777777777778,36,-0.03481918575072829,-3.4819185750728288,10.436913113354375,1.1666537040248275,3.7314814814814814e-10,0.39468730027862226,10137.80704098697,0.013780704098697128
btc_small_up_9m,0,0.025,0.035,0.0,0.1,30,high_frequency,0.02462048591938885,2.4620485919388853,0.5,34,-0.022247688854552417,-2.2247688854552417,20.248661384416454,1.3765042387731712,3.176470588235294e-10,0.7284781462064579,10246.20485919389,0.02462048591938885
btc_small_up_10m,0,0.015,0.045,0.0,0.05,90,high_frequency,0.01319473697154549,1.319473697154549,0.37777777777777777,45,-0.015136701021573384,-1.5136701021573384,19.028269085004712,1.3282348910605546,2.151851851851852e-10,0.5894642326635409,10131.947369715455,0.01319473697154549
btc_hl_breakout_8m,0,0.005,0.06,0.0,0.25,15,high_frequency,-0.010593150581251666,-1.0593150581251665,0.16393442622950818,61,-0.1301354576282353,-13.013545762823531,-1.9319873962967682,0.9582461234364291,1.8360655737704919e-10,-0.042115942473826246,9894.068494187482,-0.010593150581251666
btc_bullish,0,0.025,0.05,0.0,0.2,10,high_frequency,0.06032008718005261,6.032008718005262,0.41025641025641024,39,-0.0549185752853697,-5.49185752853697,20.040351383755766,1.32406744358378,3.431623931623932e-10,0.788859262769283,10603.200871800525,0.06032008718005261
btc_hl_breakout_10m,0,0.025,0.01,0.0,0.25,15,high_frequency,0.07376977767407766,7.376977767407766,0.6666666666666666,63,-0.0586957205751274,-5.869572057512739,20.950208655600857,1.3211855657319491,1.82010582010582e-10,0.4745681196840084,10737.697776740777,0.07376977767407766
btc_vol_breakout_8m,0,0.0125,0.045,0.0,0.25,5,high_frequency,0.026471041347154323,2.6471041347154323,0.3333333333333333,36,-0.05364579122961666,-5.364579122961666,10.576980670260532,1.1723802761522686,2.777777777777778e-10,0.3123145661026396,10264.710413471543,0.026471041347154323
btc_hl_breakout_1m,0,0.015,0.04,0.0,0.25,45,high_frequency,0.03544500719701873,3.544500719701873,0.3829787234042553,47,-0.07280510770540627,-7.2805107705406265,11.859448511172165,1.1532570339489132,2.712765957446808e-10,0.32433752116201375,10354.450071970186,0.03544500719701873
btc_hl_breakout_3m,0,0.025,0.015,0.0,0.25,60,high_frequency,0.04120877232568914,4.120877232568914,0.6037735849056604,53,-0.06979893436560658,-6.979893436560658,13.32800874549253,1.180378967007538,2.0503144654088051e-10,0.32795277950688945,10412.087723256891,0.04120877232568914
btc_hl_breakout_3m,0,0.035,0.035,0.0,0.1,45,high_frequency,0.02529032044652297,2.529032044652297,0.5833333333333334,36,-0.02970437335055298,-2.970437335055298,18.943608367575433,1.3245590161442198,3.675925925925926e-10,0.7087685692993713,10252.90320446523,0.02529032044652297
btc_hl_breakout_2m,0,0.005,0.025,0.0,0.05,10,high_frequency,-0.004587301757418072,-0.4587301757418072,0.2839506172839506,81,-0.021845209061971738,-2.1845209061971738,-7.627916586468576,0.91035724840067,1.1234567901234567e-10,-0.11093879847371085,9954.12698242582,-0.004587301757418072
btc_vol_breakout_10m,0,0.035,0.045,0.0,0.15,15,high_frequency,0.012744466861801924,1.2744466861801924,0.52,25,-0.04766554421542024,-4.766554421542024,7.287207511791895,1.1300604615378782,4.2e-10,0.36457496526930233,10127.44466861802,0.012744466861801924
btc_alt_aligned,0,0.01,0.035,0.0,0.05,30,high_frequency,0.009382983255628972,0.9382983255628972,0.32894736842105265,76,-0.016868527067680605,-1.6868527067680605,12.384710558835588,1.1538358015142023,1.7653508771929825e-10,0.25066127324363974,10093.82983255629,0.009382983255628972
btc_small_down_10m,0,0.0175,0.035,0.0,0.25,15,high_frequency,0.016059187216162035,1.6059187216162036,0.4,40,-0.05825160667920837,-5.825160667920837,6.092413246862255,1.0839744107860154,2.4875e-10,0.18481201564177024,10160.59187216162,0.016059187216162035
btc_vol_breakout_8m,0,0.01,0.015,0.0,0.2,15,high_frequency,0.012305214308716768,1.2305214308716768,0.44642857142857145,56,-0.036728125747374496,-3.6728125747374496,6.7633318534924465,1.0880077053599653,1.226190476190476e-10,0.11988278003166178,10123.052143087167,0.012305214308716768
btc_vol_breakout_2m,0,0.02,0.03,0.0,0.2,45,high_frequency,0.029497979705657214,2.9497979705657214,0.48936170212765956,47,-0.0522688722189647,-5.226887221896471,11.902734522008942,1.1624985083347794,2.652482269503546e-10,0.3301175121202472,10294.979797056572,0.029497979705657214
btc_hl_breakout_10m,0,0.0075,0.06,0.0,0.2,90,high_frequency,0.01005801904689979,1.0058019046899789,0.21568627450980393,51,-0.08171433870477673,-8.171433870477674,4.270472625758199,1.0517098107225875,2.3986928104575163e-10,0.12609739772676767,10100.580190468998,0.01005801904689979
btc_hl_breakout_4m,0,0.01,0.06,0.0,0.1,30,high_frequency,0.006998291100026177,0.6998291100026177,0.24444444444444444,45,-0.030993204422342435,-3.0993204422342435,5.57819530625201,1.0808065948532821,2.8e-10,0.16923491450967973,10069.982911000261,0.006998291100026177
btc_hl_breakout_9m,0,0.015,0.015,0.0,0.25,15,high_frequency,0.029022045531456434,2.9022045531456433,0.5070422535211268,71,-0.09121931707829845,-9.121931707829845,9.222620706906026,1.1041148226082684,1.4295774647887323e-10,0.1814826426415499,10290.220455314564,0.029022045531456434
btc_hl_breakout_4m,0,0.0125,0.025,0.0,0.05,90,high_frequency,0.01151490095563974,1.151490095563974,0.46774193548387094,62,-0.011602109097828439,-1.160210909782844,17.965680938553565,1.2475806125828077,1.75e-10,0.3736381063735448,10115.149009556397,0.01151490095563974
btc_hl_breakout_2m,0,0.0075,0.045,0.0,0.15,10,high_frequency,-0.011374924967432299,-1.1374924967432298,0.25806451612903225,62,-0.06547916420666589,-6.5479164206665885,-5.469874204306997,0.9236879995517865,1.8763440860215054e-10,-0.11142926934470912,9886.250750325677,-0.011374924967432299
btc_alt_aligned,0,0.03,0.015,0.0,0.05,15,high_frequency,0.011885468477310831,1.1885468477310832,0.6065573770491803,61,-0.01512499922659749,-1.512499922659749,15.656637794155392,1.2192765471866511,2.243169398907104e-10,0.39342537180978715,10118.854684773109,0.011885468477310831
btc_hl_breakout_10m,0,0.035,0.01,0.0,0.05,45,high_frequency,0.01590111074913558,1.5901110749135579,0.7321428571428571,56,-0.012814040592323495,-1.2814040592323495,22.076141277154242,1.4151298102024403,2.1398809523809522e-10,0.568948143641641,10159.011107491357,0.01590111074913558
btc_vol_breakout_3m,0,0.0125,0.015,0.0,0.2,5,high_frequency,0.05693880701433354,5.693880701433354,0.5454545454545454,66,-0.03190396650340044,-3.190396650340044,24.937634177759076,1.352857800409976,1.2550505050505052e-10,0.43119920046153937,10569.388070143335,0.05693880701433354
btc_vol_breakout_9m,0,0.015,0.035,0.0,0.1,90,high_frequency,0.025856017090062165,2.5856017090062164,0.42105263157894735,38,-0.017613798607734044,-1.7613798607734044,24.02720641461632,1.4350961507846283,2.460526315789474e-10,0.6816938544853322,10258.560170900622,0.025856017090062165
btc_hl_breakout_7m,0,0.02,0.015,0.0,0.1,45,high_frequency,0.015022843907496815,1.5022843907496815,0.5373134328358209,67,-0.03504050902860956,-3.5040509028609557,10.67639363956539,1.1394426650236085,1.6716417910447763e-10,0.23180301994719718,10150.228439074968,0.015022843907496815
btc_bullish,0,0.0075,0.04,0.0,0.1,60,high_frequency,0.01854576986333234,1.854576986333234,0.2894736842105263,76,-0.02944814378583349,-2.944814378583349,12.63457170773376,1.158783248693779,1.6030701754385964e-10,0.25102884563670647,10185.457698633323,0.01854576986333234
btc_vol_breakout_8m,0,0.035,0.035,0.0,0.1,90,high_frequency,0.015250737771915362,1.5250737771915361,0.5483870967741935,31,-0.029895221795796734,-2.9895221795796734,12.490070799415845,1.2124629651321304,3.634408602150537e-10,0.503593014778656,10152.507377719154,0.015250737771915362
btc_hl_breakout_4m,0,0.01,0.04,0.0,0.2,90,high_frequency,0.029259681774338107,2.925968177433811,0.3508771929824561,57,-0.047493615660446964,-4.749361566044696,11.97344742272335,1.156162952430882,2.1461988304093566e-10,0.27072300677758726,10292.59681774338,0.029259681774338107
btc_hl_breakout_5m,0,0.0125,0.06,0.0,0.25,90,high_frequency,0.019451258607211003,1.9451258607211002,0.2826086956521739,46,-0.08504638347940541,-8.50463834794054,6.561946074264237,1.0779601426249836,2.782608695652174e-10,0.20436601868045057,10194.51258607211,0.019451258607211003
btc_vol_breakout_10m,0,0.005,0.025,0.0,0.2,20,high_frequency,0.015279683526557961,1.5279683526557961,0.3148148148148148,54,-0.0506584049360681,-5.06584049360681,8.165287722133593,1.1088658117749797,1.2314814814814815e-10,0.15244981230963348,10152.796835265579,0.015279683526557961
btc_hl_breakout_4m,0,0.03,0.06,0.0,0.15,15,high_frequency,0.028670227935011963,2.8670227935011963,0.43333333333333335,30,-0.05440925360046189,-5.440925360046189,13.865395085516381,1.2301973843067247,4.661111111111111e-10,0.6638665982375191,10286.70227935012,0.028670227935011963
btc_small_down_10m,0,0.0175,0.015,0.0,0.2,60,high_frequency,0.029298087716921054,2.9298087716921053,0.5555555555555556,54,-0.042619673409089454,-4.261967340908946,12.905765409793089,1.1832732433431699,1.4166666666666667e-10,0.28243683064590414,10292.980877169211,0.029298087716921054
btc_alt_aligned,0,0.0075,0.025,0.0,0.2,10,high_frequency,0.014738151369496221,1.4738151369496222,0.3402061855670103,97,-0.08129988666341126,-8.129988666341125,5.666236198941797,1.0508623781799078,1.3436426116838488e-10,0.09022635707051581,10147.381513694962,0.014738151369496221
btc_vol_breakout_3m,0,0.0175,0.025,0.0,0.1,20,high_frequency,0.0036819246172358476,0.3681924617235848,0.4444444444444444,45,-0.028335231615633893,-2.8335231615633893,3.2777455582919983,1.0424630155199768,2.3555555555555555e-10,0.09193614428619877,10036.81924617236,0.0036819246172358476
btc_hl_breakout_4m,0,0.02,0.05,0.0,0.25,30,high_frequency,0.03741691375274504,3.7416913752745042,0.39473684210526316,38,-0.07017662747079512,-7.017662747079512,11.549930014376848,1.1697939339607932,3.4385964912280705e-10,0.426258646366538,10374.16913752745,0.03741691375274504
btc_bullish,0,0.03,0.045,0.0,0.05,45,high_frequency,0.014218726393616071,1.4218726393616072,0.46153846153846156,39,-0.016504618381648628,-1.6504618381648628,18.789411838274223,1.326942300892853,3.4572649572649573e-10,0.7331063839089722,10142.18726393616,0.014218726393616071
btc_vol_breakout_3m,0,0.0125,0.015,0.0,0.2,90,high_frequency,0.05693880701433354,5.693880701433354,0.5454545454545454,66,-0.03190396650340044,-3.190396650340044,24.937634177759076,1.352857800409976,1.2550505050505052e-10,0.43119920046153937,10569.388070143335,0.05693880701433354
btc_hl_breakout_5m,0,0.015,0.01,0.0,0.25,15,high_frequency,-0.025173228340702326,-2.5173228340702325,0.569620253164557,79,-0.0989641206284333,-9.896412062843329,-7.58933087389444,0.9036761899006586,1.1624472573839663e-10,-0.11596711347631927,9748.267716592976,-0.025173228340702326
btc_hl_breakout_2m,0,0.015,0.025,0.0,0.05,20,high_frequency,0.005236794044690169,0.5236794044690168,0.4482758620689655,58,-0.01453228531314854,-1.453228531314854,8.6041078083915,1.1081289585919099,1.8936781609195404e-10,0.18443539614879859,10052.367940446902,0.005236794044690169
btc_hl_breakout_4m,0,0.0175,0.04,0.0,0.2,5,high_frequency,0.02890646876105609,2.890646876105609,0.41304347826086957,46,-0.05354079720509597,-5.354079720509597,11.480996511994226,1.15433881180384,2.757246376811594e-10,0.33264821520724486,10289.06468761056,0.02890646876105609
btc_vol_breakout_3m,0,0.015,0.025,0.0,0.25,5,high_frequency,0.033292592060955715,3.3292592060955717,0.45098039215686275,51,-0.05567769112783039,-5.567769112783038,11.30767819379366,1.1505704136311976,1.9934640522875817e-10,0.27917385657419497,10332.925920609558,0.033292592060955715
btc_vol_breakout_2m,0,0.02,0.06,0.0,0.2,30,high_frequency,0.04045958768229216,4.045958768229216,0.3611111111111111,36,-0.06193336738592292,-6.193336738592292,15.224527136660932,1.22707887220028,3.62962962962963e-10,0.5901888385370971,10404.595876822921,0.04045958768229216
btc_hl_breakout_6m,0,0.01,0.03,0.0,0.25,45,high_frequency,5.715441461265982e-05,0.005715441461265982,0.3384615384615385,65,-0.08518956934426702,-8.518956934426702,0.9666531816271073,1.000209745988454,1.6871794871794872e-10,0.02036637294402524,10000.571544146127,5.715441461265982e-05
btc_hl_breakout_7m,0,0.02,0.01,0.0,0.05,5,high_frequency,0.004045700586866911,0.4045700586866911,0.581081081081081,74,-0.019109477826183663,-1.9109477826183663,5.832887309825144,1.076018819599336,1.4166666666666667e-10,0.11318613461807653,10040.45700586867,0.004045700586866911
btc_vol_breakout_10m,0,0.035,0.02,0.0,0.2,10,high_frequency,0.059637712802672264,5.963771280267227,0.6666666666666666,33,-0.03382142720547998,-3.382142720547998,27.899396240881227,1.5673375754882755,2.5101010101010103e-10,0.8978288440535319,10596.377128026723,0.059637712802672264
btc_hl_breakout_7m,0,0.005,0.06,0.0,0.1,15,high_frequency,0.002594721650609472,0.2594721650609472,0.18032786885245902,61,-0.05266251630241314,-5.266251630241314,2.203888378293608,1.0263871419066006,1.855191256830601e-10,0.05396283563704703,10025.947216506094,0.002594721650609472
btc_hl_breakout_6m,0,0.025,0.04,0.0,0.2,20,high_frequency,0.036376328901946496,3.6376328901946495,0.46153846153846156,39,-0.05767644779708636,-5.767644779708636,14.137189746074467,1.2066058317990054,3.311965811965812e-10,0.48575777271087145,10363.763289019465,0.036376328901946496
btc_hl_breakout_10m,0,0.0175,0.06,0.0,0.1,5,high_frequency,0.017098707409981727,1.7098707409981726,0.3,40,-0.03668446404567194,-3.668446404567194,11.537403086577866,1.1772622558386454,3.225e-10,0.44474189363657557,10170.987074099818,0.017098707409981727
btc_vol_breakout_2m,0,0.0175,0.035,0.0,0.1,10,high_frequency,0.013888399708136535,1.3888399708136534,0.4166666666666667,48,-0.02507095045420049,-2.507095045420049,11.063978255694737,1.1556642043264767,2.5069444444444445e-10,0.29778757583125925,10138.883997081366,0.013888399708136535
btc_small_up_9m,0,0.0175,0.03,0.0,0.15,30,high_frequency,0.01609869583724901,1.6098695837249009,0.4186046511627907,43,-0.03968662902143116,-3.9686629021431163,9.325617040813237,1.1390934770028076,2.3372093023255816e-10,0.2620372491455618,10160.98695837249,0.01609869583724901
btc_vol_breakout_3m,0,0.03,0.035,0.0,0.25,60,high_frequency,0.06360705282131089,6.360705282131089,0.5428571428571428,35,-0.07308247004514734,-7.308247004514734,19.4481530530066,1.3202303085867118,3.566666666666666e-10,0.7419473038480822,10636.07052821311,0.06360705282131089
btc_hl_breakout_9m,0,0.035,0.025,0.0,0.05,30,high_frequency,0.014723033355442096,1.4723033355442097,0.6153846153846154,39,-0.01352575755186114,-1.352575755186114,19.852478318359847,1.3682393601093,3.294871794871795e-10,0.7578929981488206,10147.23033355442,0.014723033355442096
btc_small_down_10m,0,0.03,0.015,0.0,0.15,30,high_frequency,0.04238454344200343,4.238454344200343,0.6590909090909091,44,-0.02550334287343725,-2.550334287343725,22.91077749917805,1.4117197286593066,2.178030303030303e-10,0.6435117146257435,10423.845434420035,0.04238454344200343
btc_hl_breakout_4m,0,0.01,0.01,0.0,0.05,60,high_frequency,0.003324464116524348,0.33244641165243477,0.5581395348837209,86,-0.0145477057802601,-1.45477057802601,5.767993952662112,1.0697113838054972,1.0213178294573644e-10,0.07972158903926041,10033.244641165244,0.003324464116524348
btc_hl_breakout_8m,0,0.03,0.03,0.0,0.15,10,high_frequency,0.028659843215198884,2.8659843215198886,0.5121951219512195,41,-0.04772702927447259,-4.772702927447259,13.376053819243024,1.1998243046830834,3.0975609756097563e-10,0.48365221150578724,10286.598432151988,0.028659843215198884
btc_hl_breakout_3m,0,0.035,0.01,0.0,0.15,45,high_frequency,0.03915551665195394,3.9155516651953937,0.7321428571428571,56,-0.03445511465112061,-3.445511465112061,20.20256172009266,1.3280484462943984,1.9970238095238096e-10,0.47020272256891316,10391.55516651954,0.03915551665195394
btc_vol_breakout_8m,0,0.025,0.03,0.0,0.25,90,high_frequency,0.07456627575795283,7.456627575795283,0.5454545454545454,33,-0.04226917469984437,-4.226917469984437,26.335949057030536,1.483496595587821,3.1515151515151516e-10,0.9012524175764823,10745.662757579528,0.07456627575795283
btc_hl_breakout_4m,0,0.03,0.04,0.0,0.05,20,high_frequency,0.015287996244858038,1.5287996244858038,0.5384615384615384,39,-0.01415475740655614,-1.415475740655614,22.317747765021007,1.3773331295379958,3.487179487179487e-10,0.7857959752279216,10152.87996244858,0.015287996244858038
btc_hl_breakout_6m,0,0.02,0.025,0.0,0.2,10,high_frequency,-0.01111425802070887,-1.1114258020708871,0.44,50,-0.08163512667458384,-8.163512667458384,-3.5261681908746243,0.9457999649137944,2.473333333333333e-10,-0.09208450279141743,9888.857419792912,-0.01111425802070887
btc_hl_breakout_8m,0,0.03,0.01,0.0,0.1,30,high_frequency,0.018254898321275425,1.8254898321275426,0.6612903225806451,62,-0.03343999782745377,-3.343999782745377,12.975419595378218,1.1918206044673736,1.8091397849462367e-10,0.30142956748483474,10182.548983212755,0.018254898321275425
btc_small_down_10m,0,0.01,0.06,0.0,0.25,20,high_frequency,0.022621792610416105,2.2621792610416103,0.2391304347826087,46,-0.06942423935142283,-6.942423935142283,7.730046399799403,1.1125000473525513,2.1884057971014492e-10,0.2221704304355424,10226.21792610416,0.022621792610416105
btc_vol_breakout_3m,0,0.035,0.03,0.0,0.1,45,high_frequency,0.018952778371975024,1.8952778371975023,0.5833333333333334,36,-0.028890671207374985,-2.8890671207374985,14.468915316301723,1.2401002057334198,3.342592592592593e-10,0.5360664407855402,10189.52778371975,0.018952778371975024
btc_vol_breakout_3m,0,0.025,0.05,0.0,0.15,5,high_frequency,0.0216033210287221,2.16033210287221,0.41935483870967744,31,-0.055505933405701646,-5.550593340570165,11.117067035309736,1.1892694722867712,3.9301075268817207e-10,0.48745086979458785,10216.033210287222,0.0216033210287221
btc_vol_breakout_10m,0,0.015,0.01,0.0,0.25,90,high_frequency,0.028109312821690127,2.8109312821690127,0.6037735849056604,53,-0.04154938080248316,-4.154938080248316,12.21738852950378,1.1970595435037776,1.2232704402515723e-10,0.22138284510376743,10281.0931282169,0.028109312821690127
btc_vol_breakout_2m,0,0.02,0.015,0.0,0.1,5,high_frequency,0.011511946372411421,1.1511946372411421,0.5873015873015873,63,-0.026110873009481006,-2.6110873009481006,9.414322443755117,1.125652734951665,1.6455026455026454e-10,0.18866615980261328,10115.119463724113,0.011511946372411421
btc_hl_breakout_6m,0,0.025,0.035,0.0,0.1,60,high_frequency,0.014203936713637495,1.4203936713637495,0.4634146341463415,41,-0.02918941501116401,-2.918941501116401,10.971464151167485,1.1614837704581018,3.130081300813008e-10,0.35702349850271453,10142.039367136374,0.014203936713637495
btc_hl_breakout_9m,0,0.0125,0.01,0.0,0.2,20,high_frequency,0.011316081886159122,1.1316081886159122,0.5172413793103449,87,-0.06864993536912434,-6.864993536912434,4.816190532885393,1.0485596572642761,1.0823754789272031e-10,0.07808247731285911,10113.160818861592,0.011316081886159122
btc_hl_breakout_4m,0,0.0075,0.045,0.0,0.2,20,high_frequency,-0.0006469928675967594,-0.06469928675967594,0.2807017543859649,57,-0.06125273897031569,-6.125273897031569,0.4593919889393985,0.9965541765808955,2.0994152046783624e-10,0.010808123815066198,9993.530071324032,-0.0006469928675967594
btc_hl_breakout_5m,0,0.015,0.06,0.0,0.15,60,high_frequency,0.005053853477641815,0.5053853477641814,0.2857142857142857,42,-0.05274924401376879,-5.274924401376879,3.0856418877965037,1.0355923790593677,3.123015873015873e-10,0.10308257599026735,10050.538534776419,0.005053853477641815
btc_hl_breakout_4m,0,0.025,0.015,0.0,0.1,90,high_frequency,0.024410533729916358,2.441053372991636,0.6140350877192983,57,-0.0230329914765528,-2.30329914765528,18.616498285606504,1.2742896146636753,1.894736842105263e-10,0.4321520596301683,10244.105337299163,0.024410533729916358
btc_hl_breakout_2m,0,0.02,0.04,0.0,0.1,45,high_frequency,0.026407362935624294,2.6407362935624294,0.45454545454545453,44,-0.026886022967166245,-2.6886022967166245,19.575163367068363,1.3056843167594905,2.9166666666666664e-10,0.6052792483501443,10264.073629356242,0.026407362935624294
btc_small_down_10m,0,0.005,0.08,0.0,0.1,15,random,0.03572818179773299,3.5728181797732987,0.22916666666666666,48,-0.030450229845252808,-3.0450229845252808,25.67245868968917,1.5625545091433464,2.4618055555555555e-10,0.7440553119408159,10357.28181797733,0.03572818179773299
btc_hl_breakout_5m,0,0.1,0.12,0.0,0.25,5,random,0.10120712715666118,10.120712715666118,0.5,12,-0.09059371614342793,-9.059371614342792,26.010797232874513,1.6468088850065659,1.2180555555555556e-09,3.4522469100403144,11012.071271566612,0.10120712715666118
btc_vol_breakout_3m,0,0.0125,0.06,0.0,0.5,20,random,0.0020963236336368936,0.20963236336368934,0.28125,32,-0.1534335481773642,-15.34335481773642,2.2184464447617853,1.0059643381046883,3.625e-10,0.09081943425253025,10020.963236336369,0.0020963236336368936
btc_hl_breakout_5m,0,0.0075,0.3,0.0,0.25,240,random,0.07348702656803012,7.348702656803012,0.17647058823529413,17,-0.087134506798075,-8.713450679807499,19.953238544731402,1.6479388468702223,8.245098039215686e-10,1.8295098767687399,10734.870265680302,0.07348702656803012
btc_hl_breakout_8m,0,0.005,0.3,0.0,0.4,15,random,0.12605040014914184,12.605040014914184,0.2857142857142857,7,-0.131202579802015,-13.1202579802015,19.94182159103352,4.013010797147635,2.0857142857142855e-09,4.530347443771477,11260.50400149142,0.12605040014914184
btc_hl_breakout_5m,0,0.0125,0.035,0.0,0.4,180,random,0.052229185279490095,5.22291852794901,0.37037037037037035,54,-0.11907118960326601,-11.907118960326601,11.173052884190037,1.1258704854789279,2.1265432098765432e-10,0.27555380789556305,10522.2918527949,0.052229185279490095
btc_hl_breakout_5m,0,0.005,0.03,0.0,0.4,90,random,0.024324437636141418,2.432443763614142,0.2804878048780488,82,-0.18319726828933391,-18.31972682893339,5.981479051369062,1.0503675020063632,1.2154471544715447e-10,0.10175005591799045,10243.244376361414,0.024324437636141418
btc_small_up_10m,0,0.04,0.035,0.0,0.25,720,random,0.08012257571507084,8.012257571507083,0.5757575757575758,33,-0.07543409307407667,-7.543409307407667,21.989643187999,1.3908783884810487,3.5959595959595957e-10,0.9832961420804254,10801.225757150709,0.08012257571507084
btc_small_down_10m,0,0.1,0.1,0.0,0.4,5,random,0.13475562814032638,13.475562814032639,0.6666666666666666,9,-0.1271407948780503,-12.71407948780503,22.820321018745965,1.8918567381734683,1.5907407407407407e-09,3.771038728144772,11347.556281403264,0.13475562814032638
btc_alt_aligned,0,0.03,0.06,0.0,0.25,15,random,0.07270852630526524,7.270852630526524,0.4,35,-0.08407347685245592,-8.407347685245592,19.025704081967923,1.284940391312292,4.0523809523809523e-10,0.8643161243135353,10727.085263052653,0.07270852630526524
btc_hl_breakout_6m,0,0.1,0.035,0.0,0.1,90,random,0.024197894888890143,2.4197894888890144,0.7272727272727273,22,-0.036991589173171024,-3.6991589173171024,16.59099279339259,1.3942194099915073,6.204545454545454e-10,1.1145842111904658,10241.978948888902,0.024197894888890143
btc_hl_breakout_1m,0,0.015,0.03,0.0,0.25,90,random,0.038010371864651504,3.8010371864651504,0.4230769230769231,52,-0.06657122949615346,-6.657122949615346,12.697006035433704,1.160775084147365,2.429487179487179e-10,0.310328000873495,10380.103718646515,0.038010371864651504
btc_hl_breakout_5m,0,0.005,0.035,0.0,0.3,60,random,0.05106533946526429,5.106533946526429,0.273972602739726,73,-0.12595306838079245,-12.595306838079246,13.07277871984939,1.1521055986785131,1.454337899543379e-10,0.2533776618108655,10510.653394652643,0.05106533946526429
btc_vol_breakout_2m,0,0.0175,0.05,0.0,0.1,1440,random,0.01319658343277506,1.319658343277506,0.3488372093023256,43,-0.02611060938215115,-2.611060938215115,10.358761082190535,1.1475996205306842,2.8410852713178295e-10,0.3191560386081498,10131.965834327752,0.01319658343277506
btc_hl_breakout_6m,0,0.0075,0.035,0.0,0.3,30,random,-0.03220243478942161,-3.2202434789421615,0.27419354838709675,62,-0.13454611635702496,-13.454611635702495,-7.508956772149764,0.9013716648933019,1.8844086021505378e-10,-0.15128786824819876,9677.975652105784,-0.03220243478942161
btc_hl_breakout_10m,0,0.035,0.2,0.0,0.05,90,random,0.02058779700697773,2.058779700697773,0.35714285714285715,14,-0.01668093424829642,-1.668093424829642,26.073162151190378,1.7795963819967695,1.025e-09,2.9586215684661776,10205.877970069778,0.02058779700697773
btc_hl_breakout_10m,0,0.0075,0.1,0.0,0.2,5,random,0.03037814456391927,3.0378144563919274,0.20454545454545456,44,-0.07905114182206097,-7.905114182206097,11.023552180799465,1.1725848698763903,2.863636363636364e-10,0.3759423612784169,10303.781445639193,0.03037814456391927
btc_bullish,0,0.0075,0.02,0.0,0.25,90,random,0.07390082074252746,7.390082074252746,0.3894736842105263,95,-0.05167568839527137,-5.167568839527137,21.65338268506592,1.2429342559325354,1.2140350877192983e-10,0.3157911271962709,10739.008207425275,0.07390082074252746
btc_vol_breakout_3m,0,0.01,0.05,0.0,0.5,720,random,-0.04024559941351008,-4.024559941351008,0.26,50,-0.1547001730715134,-15.470017307151341,-5.26659622709762,0.9109759652071479,2.0733333333333332e-10,-0.11516418118190938,9597.5440058649,-0.04024559941351008
btc_vol_breakout_10m,0,0.04,0.1,0.0,0.25,240,random,0.06135631771840963,6.135631771840963,0.4117647058823529,17,-0.07843926805552026,-7.843926805552027,18.708632418461217,1.4294448757170473,6.901960784313726e-10,1.4943633883739682,10613.563177184096,0.06135631771840963
btc_vol_breakout_10m,0,0.01,0.06,0.0,0.15,180,random,-0.0018280525037780763,-0.18280525037780762,0.20588235294117646,34,-0.03638024035371623,-3.638024035371623,-0.6995449515020756,0.9788896012849951,2.823529411764706e-10,-0.02185627959667577,9981.71947496222,-0.0018280525037780763
btc_small_up_10m,0,0.06,0.2,0.0,0.3,90,random,0.029758241263857052,2.9758241263857053,0.3333333333333333,12,-0.116885794503919,-11.6885794503919,7.873959459088084,1.1779872656500356,1.1333333333333333e-09,1.023549994007527,10297.58241263857,0.029758241263857052
btc_hl_breakout_4m,0,0.0175,0.04,0.0,0.25,120,random,0.03559285793241629,3.559285793241629,0.41304347826086957,46,-0.06661733534506908,-6.661733534506908,11.483743894756923,1.1502210269467752,2.757246376811594e-10,0.3326482152072437,10355.928579324163,0.03559285793241629
btc_vol_breakout_2m,0,0.06,0.01,0.0,0.1,120,random,0.036950966510110345,3.6950966510110343,0.8333333333333334,48,-0.018606950590330462,-1.8606950590330462,27.50511442255597,1.6493924352789677,2.4097222222222223e-10,0.7649528699630471,10369.509665101103,0.036950966510110345
btc_vol_breakout_9m,0,0.04,0.015,0.0,0.2,120,random,0.012319505047194456,1.2319505047194457,0.6666666666666666,39,-0.052380005848501665,-5.238000584850166,5.8539709904537,1.086161440285149,2.405982905982906e-10,0.17834698699230844,10123.195050471944,0.012319505047194456
btc_small_up_9m,0,0.005,0.2,0.0,0.5,120,random,0.07854849381537551,7.8548493815375515,0.13333333333333333,30,-0.1317316416919504,-13.17316416919504,13.525049898496222,1.2569841533523163,3.572222222222222e-10,0.6556189532400962,10785.484938153755,0.07854849381537551
btc_vol_breakout_2m,0,0.1,0.05,0.0,0.3,30,random,0.07526206344029843,7.526206344029843,0.6875,16,-0.10358259894291943,-10.358259894291944,17.435594504360097,1.4496480564756695,8.885416666666667e-10,1.6200093579137294,10752.620634402985,0.07526206344029843
btc_hl_breakout_9m,0,0.0125,0.03,0.0,0.2,10,random,0.043630551620469395,4.3630551620469396,0.39344262295081966,61,-0.0607101082993019,-6.07101082993019,15.511894856556605,1.2020120770277394,1.8852459016393441e-10,0.3706485924862249,10436.305516204695,0.043630551620469395
btc_small_down_10m,0,0.01,0.08,0.0,0.4,30,random,0.08834874136160634,8.834874136160634,0.2631578947368421,38,-0.13068270452234176,-13.068270452234177,17.02558844874342,1.312116947191771,3.0877192982456143e-10,0.6138885374424777,10883.487413616063,0.08834874136160634
btc_hl_breakout_2m,0,0.08,0.12,0.0,0.4,45,random,0.18953721680427016,18.953721680427016,0.5,14,-0.12292653965770872,-12.292653965770873,30.11967001212357,1.6897703839226488,1.0059523809523809e-09,3.4109634743226294,11895.3721680427,0.18953721680427016
btc_hl_breakout_4m,0,0.0125,0.05,0.0,0.2,180,random,0.023717496229818925,2.3717496229818926,0.3333333333333333,45,-0.052475935098677096,-5.247593509867709,9.48089132493266,1.1306842534085422,2.744444444444444e-10,0.2886924107673561,10237.17496229819,0.023717496229818925
btc_alt_aligned,0,0.08,0.02,0.0,0.25,15,random,0.06924851204592819,6.924851204592819,0.7586206896551724,29,-0.07702396042233395,-7.702396042233395,18.823024139389823,1.3874760636750578,4.948275862068966e-10,0.9788936048758465,10692.485120459281,0.06924851204592819
btc_vol_breakout_10m,0,0.08,0.04,0.0,0.5,90,random,0.07589972463210679,7.589972463210678,0.6666666666666666,21,-0.13504971961159695,-13.504971961159695,13.329962006672886,1.2328395044842895,5.88095238095238e-10,0.8206090229540606,10758.997246321069,0.07589972463210679
btc_bullish,0,0.0075,0.035,0.0,0.5,30,random,0.07501621002334487,7.5016210023344865,0.2911392405063291,79,-0.14465900931755937,-14.465900931755938,11.823622680390493,1.1108088493196735,1.5337552742616032e-10,0.22672109779513977,10750.162100233449,0.07501621002334487
btc_vol_breakout_8m,0,0.035,0.2,0.0,0.2,20,random,0.04321208153151838,4.321208153151837,0.36363636363636365,11,-0.06315133820016927,-6.315133820016927,16.248624525338727,1.4802869313701825,1.243939393939394e-09,2.0788234021912553,10432.120815315184,0.04321208153151838
btc_vol_breakout_8m,0,0.025,0.01,0.0,0.4,720,random,0.060146873723995485,6.014687372399549,0.6666666666666666,51,-0.08727100532383625,-8.727100532383625,15.23629883227827,1.2308245556990332,1.6666666666666666e-10,0.30996856902919556,10601.468737239955,0.060146873723995485
btc_hl_breakout_2m,0,0.0075,0.25,0.0,0.15,10,random,0.02569526070654588,2.5695260706545877,0.12903225806451613,31,-0.06059184078742186,-6.059184078742186,12.07621477744045,1.2468939895078008,4.32258064516129e-10,0.6079523539014886,10256.95260706546,0.02569526070654588
btc_small_up_10m,0,0.015,0.12,0.0,0.5,45,random,0.12207469084432196,12.207469084432196,0.23333333333333334,30,-0.17362959782602894,-17.362959782602893,17.919804553514087,1.3145206499484217,3.6999999999999996e-10,0.908550959603088,11220.74690844322,0.12207469084432196
btc_hl_breakout_9m,0,0.06,0.04,0.0,0.25,90,random,0.07236341416319947,7.236341416319947,0.64,25,-0.08828089606461753,-8.828089606461752,19.430311322913802,1.411386188333954,5.513333333333333e-10,1.1760195790092238,10723.634141631996,0.07236341416319947
btc_vol_breakout_8m,0,0.0075,0.25,0.0,0.15,30,random,0.044723375803957924,4.472337580395792,0.1111111111111111,27,-0.04417706431776958,-4.417706431776958,22.73508174964676,1.5624868913906598,4.3580246913580246e-10,1.1438813717928678,10447.23375803958,0.044723375803957924
btc_hl_breakout_5m,0,0.1,0.03,0.0,0.2,45,random,0.06282931627986822,6.282931627986822,0.76,25,-0.06937080039050836,-6.937080039050835,21.164613605436227,1.4830172383459486,5.646666666666667e-10,1.26792078062188,10628.293162798682,0.06282931627986822
btc_hl_breakout_10m,0,0.0075,0.015,0.0,0.05,720,random,-0.0014770584384912184,-0.14770584384912183,0.38095238095238093,84,-0.023613396484817972,-2.3613396484817972,-1.954983479749285,0.9740302948728703,1.1170634920634921e-10,-0.03187542615782449,9985.229415615087,-0.0014770584384912184
btc_hl_breakout_7m,0,0.1,0.01,0.0,0.4,180,random,0.09145040461660534,9.145040461660534,0.8378378378378378,37,-0.13002648660276916,-13.002648660276916,16.385404951201856,1.3239834077544201,3.662162162162162e-10,0.6528011043106737,10914.504046166054,0.09145040461660534
btc_hl_breakout_5m,0,0.005,0.1,0.0,0.05,10,random,0.012206959870143799,1.2206959870143799,0.19148936170212766,47,-0.021269096709177426,-2.1269096709177426,16.590022454770008,1.3172213172980567,2.5248226950354607e-10,0.5250761109935246,10122.069598701439,0.012206959870143799
btc_hl_breakout_2m,0,0.025,0.04,0.0,0.5,45,random,0.15645889642785332,15.645889642785333,0.5,40,-0.1326565101154349,-13.26565101154349,23.30900995524788,1.321428083166292,3.325e-10,0.7979489253709794,11564.588964278533,0.15645889642785332
btc_vol_breakout_8m,0,0.04,0.01,0.0,0.2,720,random,0.0256087267484736,2.56087267484736,0.7391304347826086,46,-0.05024599809188557,-5.024599809188556,12.494979841040392,1.2112922129671395,2.108695652173913e-10,0.2883499682504964,10256.087267484736,0.0256087267484736
btc_hl_breakout_3m,0,0.1,0.02,0.0,0.15,90,random,0.046974345669936475,4.697434566993648,0.7931034482758621,29,-0.04877444353346305,-4.877444353346306,21.524625885666307,1.4803872186596174,4.3908045977011496e-10,1.0879265022667415,10469.743456699365,0.046974345669936475
btc_vol_breakout_8m,0,0.01,0.025,0.0,0.4,20,random,0.03796407744213752,3.796407744213752,0.3617021276595745,47,-0.08671253653200672,-8.671253653200672,10.435679645893215,1.133278628152081,1.7553191489361701e-10,0.2257046486919171,10379.640774421376,0.03796407744213752
btc_hl_breakout_2m,0,0.0075,0.01,0.0,0.1,15,random,-0.022352622222342758,-2.235262222234276,0.44086021505376344,93,-0.04990833111762394,-4.990833111762393,-18.981562427831886,0.7962433178462496,8.799283154121864e-11,-0.23888871558367974,9776.473777776573,-0.022352622222342758
btc_hl_breakout_5m,0,0.08,0.03,0.0,0.1,20,random,0.03625304853520614,3.625304853520614,0.75,24,-0.030243448390351646,-3.0243448390351646,24.28233271874054,1.6604961952377828,5.881944444444444e-10,1.5072750440742118,10362.530485352061,0.03625304853520614
btc_vol_breakout_3m,0,0.0175,0.04,0.0,0.5,180,random,-0.007709482614975422,-0.7709482614975423,0.38095238095238093,42,-0.15588916460047797,-15.588916460047797,0.6713225196632895,0.9834670350138253,2.607142857142857e-10,0.02053669489869728,9922.905173850246,-0.007709482614975422
btc_vol_breakout_2m,0,0.06,0.12,0.0,0.05,5,random,0.0201656933539149,2.0165693353914897,0.5,16,-0.015617173460268918,-1.5617173460268918,26.110273951390585,1.6550295313106755,8.625e-10,2.5295921426777204,10201.656933539149,0.0201656933539149
btc_vol_breakout_10m,0,0.03,0.08,0.0,0.4,90,random,0.13521685426182276,13.521685426182275,0.4,20,-0.08520342274069825,-8.520342274069826,27.231149541251874,1.606389427206156,5.366666666666667e-10,1.6947695594214325,11352.168542618227,0.13521685426182276
btc_small_up_9m,0,0.04,0.08,0.0,0.4,720,random,0.07306044980055176,7.3060449800551766,0.4444444444444444,18,-0.10330419410554648,-10.330419410554647,14.548358049798876,1.2916726938482817,7.046296296296297e-10,1.1120651888608468,10730.604498005518,0.07306044980055176
btc_vol_breakout_10m,0,0.06,0.02,0.0,0.25,90,random,0.0473532232849916,4.73532232849916,0.7241379310344828,29,-0.054555204085762754,-5.455520408576275,17.700498883179282,1.3386392548619588,3.293103448275862e-10,0.6696681311596975,10473.532232849917,0.0473532232849916
btc_hl_breakout_6m,0,0.015,0.01,0.0,0.5,360,random,-0.09676794023786096,-9.676794023786096,0.55,80,-0.20936174015064413,-20.936174015064413,-15.227521918836471,0.8241068628366828,1.2104166666666668e-10,-0.22862006757760747,9032.32059762139,-0.09676794023786096
btc_alt_aligned,0,0.0075,0.2,0.0,0.1,30,random,0.019248717044184356,1.9248717044184356,0.15625,32,-0.034564394743873406,-3.4564394743873406,12.562335577554482,1.2803786141089066,4.4375e-10,0.6285141033078342,10192.487170441844,0.019248717044184356
btc_hl_breakout_8m,0,0.02,0.08,0.0,0.15,360,random,0.02515757707804387,2.515757707804387,0.30303030303030304,33,-0.05210537751277777,-5.210537751277777,11.527989950582441,1.1921978696790565,3.9343434343434343e-10,0.5371451035103143,10251.575770780439,0.02515757707804387
btc_small_down_10m,0,0.035,0.05,0.0,0.5,90,random,0.024542826988098385,2.4542826988098385,0.44,25,-0.1588826953337007,-15.88826953337007,5.6209036641075505,1.0670199679020704,4.8e-10,0.3013151745047719,10245.428269880984,0.024542826988098385
btc_hl_breakout_5m,0,0.0175,0.035,0.0,0.5,1440,random,-0.05955500310572397,-5.955500310572397,0.3469387755102041,49,-0.2216625511036423,-22.16625511036423,-7.705744935951524,0.8900116758258684,2.5680272108843537e-10,-0.20047827767097023,9404.449968942761,-0.05955500310572397
btc_hl_breakout_7m,0,0.04,0.01,0.0,0.1,20,random,0.028570503720998012,2.8570503720998013,0.7241379310344828,58,-0.028849340159353476,-2.8849340159353476,19.583232426373595,1.3371235110583017,2.0804597701149424e-10,0.49598059084224033,10285.70503720998,0.028570503720998012
btc_alt_aligned,0,0.005,0.12,0.0,0.15,180,random,0.03396649205496635,3.3966492054966353,0.13793103448275862,58,-0.04843891681298196,-4.843891681298196,14.711045867848418,1.2513767201273909,2.3563218390804596e-10,0.41046428829380743,10339.664920549663,0.03396649205496635
btc_alt_aligned,0,0.08,0.1,0.0,0.05,240,random,0.017326627026068502,1.7326627026068502,0.5,10,-0.017885177809041974,-1.7885177809041974,21.929437597172395,1.7630225511535709,1.47e-09,3.4835864409030233,10173.266270260685,0.017326627026068502
btc_hl_breakout_4m,0,0.1,0.03,0.0,0.5,30,random,0.160621427559538,16.0621427559538,0.76,25,-0.15506130582161315,-15.506130582161315,21.95645859379441,1.4319166257128255,5.593333333333334e-10,1.3146977159920947,11606.21427559538,0.160621427559538
btc_small_up_10m,0,0.06,0.015,0.0,0.1,30,random,0.02119005085717615,2.1190050857176153,0.7297297297297297,37,-0.029536963278605333,-2.9536963278605333,15.121854561495153,1.2841632729587031,2.9909909909909914e-10,0.5819927391535127,10211.900508571762,0.02119005085717615
btc_hl_breakout_3m,0,0.0125,0.25,0.0,0.15,45,random,0.0488738595143908,4.88738595143908,0.2,20,-0.0516471103608116,-5.16471103608116,22.07536687569432,1.6015788370660269,7.025e-10,1.6870832245184375,10488.738595143908,0.0488738595143908
btc_hl_breakout_5m,0,0.035,0.01,0.0,0.15,720,random,0.038757237111073456,3.8757237111073457,0.7413793103448276,58,-0.036904264739319514,-3.6904264739319514,20.09103600669501,1.3246977308910135,1.8908045977011494e-10,0.4491936797599559,10387.572371110735,0.038757237111073456
btc_vol_breakout_3m,0,0.015,0.035,0.0,0.3,15,random,0.06574086108873753,6.574086108873753,0.41304347826086957,46,-0.08255781123555506,-8.255781123555506,17.67259909100674,1.2518456265066926,2.2246376811594203e-10,0.495294269999748,10657.408610887374,0.06574086108873753
btc_small_up_10m,0,0.04,0.15,0.0,0.4,15,random,0.09623672828394188,9.623672828394188,0.38461538461538464,13,-0.12496003218654184,-12.496003218654185,16.723941522229165,1.4336958987254806,1.0243589743589744e-09,2.033034948660981,10962.36728283942,0.09623672828394188
btc_hl_breakout_6m,0,0.08,0.015,0.0,0.3,10,random,0.07722887583302254,7.7228875833022546,0.8,35,-0.08908818926573392,-8.908818926573392,18.29577938859642,1.3778006231358537,3.585714285714286e-10,0.7552498161100215,10772.288758330225,0.07722887583302254
btc_hl_breakout_10m,0,0.035,0.015,0.0,0.05,360,random,0.01221983538719461,1.221983538719461,0.6530612244897959,49,-0.014671418626695631,-1.4671418626695631,16.849673933601764,1.2792372311648823,2.517006802721088e-10,0.5024567267777463,10122.198353871947,0.01221983538719461
btc_hl_breakout_7m,0,0.01,0.02,0.0,0.4,5,random,-0.00011950717238532889,-0.01195071723853289,0.36585365853658536,82,-0.16588499375122923,-16.58849937512292,1.6428830840670423,0.9997676581918326,1.2865853658536587e-10,0.029097710841580655,9998.804928276146,-0.00011950717238532889
btc_hl_breakout_1m,0,0.0075,0.035,0.0,0.1,10,random,0.0035651605748680936,0.35651605748680937,0.3114754098360656,61,-0.03632631399907893,-3.632631399907893,3.194084230043454,1.0360293715586588,1.9207650273224045e-10,0.06673710201251194,10035.65160574868,0.0035651605748680936
btc_hl_breakout_8m,0,0.0075,0.08,0.0,0.3,20,random,-0.03922412591187749,-3.922412591187749,0.1568627450980392,51,-0.1569581491967702,-15.69581491967702,-8.381908930060295,0.8663285655606001,2.2679738562091503e-10,-0.2256336241391202,9607.758740881225,-0.03922412591187749
btc_hl_breakout_7m,0,0.035,0.15,0.0,0.3,120,random,0.09452975733226868,9.452975733226868,0.35294117647058826,17,-0.12048487625304283,-12.048487625304283,20.49803534652228,1.4860495644397678,8.343137254901962e-10,1.9458121932168555,10945.297573322687,0.09452975733226868
btc_hl_breakout_9m,0,0.02,0.03,0.0,0.15,240,random,0.03100654494114042,3.100654494114042,0.44,50,-0.05380114129884073,-5.380114129884072,14.372280545011012,1.1991689812239568,2.4899999999999997e-10,0.4270512749844299,10310.065449411404,0.03100654494114042
btc_vol_breakout_2m,0,0.005,0.3,0.0,0.3,240,random,0.13007978772767978,13.007978772767977,0.125,24,-0.09185488665271957,-9.185488665271958,25.78217001237089,2.0173536083985066,5.701388888888889e-10,1.8715807470533803,11300.797877276798,0.13007978772767978
btc_vol_breakout_9m,0,0.035,0.3,0.0,0.25,480,random,0.0284132476167008,2.84132476167008,0.3333333333333333,6,-0.0784392680555227,-7.84392680555227,8.889966554044967,1.386716379116467,2.3527777777777775e-09,2.12698621484369,10284.132476167008,0.0284132476167008
btc_hl_breakout_6m,0,0.005,0.04,0.0,0.4,15,random,0.014450168745785776,1.4450168745785776,0.23943661971830985,71,-0.18884214104988417,-18.884214104988416,4.2026298583648805,1.0315200161709448,1.4976525821596244e-10,0.08494645306734276,10144.501687457858,0.014450168745785776
btc_hl_breakout_8m,0,0.0125,0.03,0.0,0.1,30,random,0.020423113314182284,2.0423113314182286,0.39344262295081966,61,-0.03133546678250665,-3.133546678250665,14.553825197066859,1.1986851938934378,1.8169398907103824e-10,0.34168995142548525,10204.231133141822,0.020423113314182284
btc_hl_breakout_1m,0,0.01,0.08,0.0,0.3,10,random,0.04209046176714801,4.209046176714801,0.2631578947368421,38,-0.11214733358533613,-11.214733358533612,11.69295410252609,1.1906076956235676,3.263157894736842e-10,0.4042287166541086,10420.90461767148,0.04209046176714801
btc_hl_breakout_7m,0,0.05,0.3,0.0,0.3,1440,random,0.09903749303476693,9.903749303476692,0.3333333333333333,9,-0.11576453709735246,-11.576453709735246,20.26172164765614,1.655828028851602,1.6037037037037038e-09,3.9655254960156814,10990.374930347669,0.09903749303476693
btc_hl_breakout_10m,0,0.06,0.02,0.0,0.5,20,random,0.1713789622159653,17.13789622159653,0.75,36,-0.12619921688166857,-12.619921688166858,23.664928623816515,1.4325715904193301,3.5833333333333334e-10,0.9529795207291027,11713.789622159653,0.1713789622159653
btc_hl_breakout_7m,0,0.01,0.035,0.0,0.05,120,random,0.008444941226135864,0.8444941226135865,0.31746031746031744,63,-0.016422157742956855,-1.6422157742956855,11.783150775054413,1.1616867874188919,1.7883597883597883e-10,0.27246932047458805,10084.449412261358,0.008444941226135864
btc_small_down_10m,0,0.0175,0.045,0.0,0.15,720,random,0.0014440273312452065,0.14440273312452065,0.3333333333333333,36,-0.040915976890421146,-4.091597689042114,1.3185170660496508,1.012938781275184,3.00462962962963e-10,0.04407774598694929,10014.440273312452,0.0014440273312452065
btc_hl_breakout_7m,0,0.02,0.02,0.0,0.05,20,random,0.011214664742357234,1.1214664742357234,0.5166666666666667,60,-0.01571733186154045,-1.5717331861540451,15.548074569045449,1.2203347847445132,1.886111111111111e-10,0.37724414404025985,10112.146647423573,0.011214664742357234
btc_small_down_10m,0,0.005,0.04,0.0,0.2,10,random,0.017910332252033367,1.7910332252033367,0.2413793103448276,58,-0.04344465359542338,-4.344465359542338,7.783464743080814,1.1175359461876684,1.7155172413793103e-10,0.1670601295382714,10179.103322520334,0.017910332252033367
btc_vol_breakout_9m,0,0.05,0.03,0.0,0.3,120,random,0.05740393859664145,5.740393859664145,0.6071428571428571,28,-0.0718520285752603,-7.185202857526029,17.23236932008391,1.2785699246309519,3.9404761904761903e-10,0.7122983332944415,10574.039385966415,0.05740393859664145
btc_hl_breakout_7m,0,0.01,0.15,0.0,0.05,10,random,0.015805397850212448,1.5805397850212448,0.1935483870967742,31,-0.01717337710066069,-1.7173377100660692,20.22752914596698,1.4987225983984744,4.3763440860215055e-10,1.0292373852195125,10158.053978502125,0.015805397850212448
btc_hl_breakout_9m,0,0.0125,0.03,0.0,0.5,360,random,0.1025666701563273,10.256667015632729,0.39344262295081966,61,-0.14939364517684428,-14.939364517684428,15.532544214987707,1.1713039648186094,1.8852459016393441e-10,0.3706485924862245,11025.666701563274,0.1025666701563273
btc_hl_breakout_3m,0,0.0075,0.25,0.0,0.05,180,random,0.011209069100326428,1.1209069100326428,0.14285714285714285,28,-0.019439265328864308,-1.9439265328864308,15.178978736098005,1.3533132358451059,4.726190476190476e-10,0.8201810413685336,10112.090691003265,0.011209069100326428
btc_small_up_10m,0,0.025,0.2,0.0,0.2,15,random,0.02487996221353901,2.4879962213539013,0.22727272727272727,22,-0.07441639978434444,-7.441639978434445,9.257391522445403,1.163952587280589,5.681818181818182e-10,0.6541337297792419,10248.79962213539,0.02487996221353901
btc_vol_breakout_2m,0,0.1,0.04,0.0,0.5,180,random,0.1113952585043573,11.13952585043573,0.7222222222222222,18,-0.16811363218056208,-16.811363218056208,16.22932829317673,1.379517887395019,7.962962962962963e-10,1.3183570921262004,11113.952585043573,0.1113952585043573
btc_hl_breakout_4m,0,0.04,0.01,0.0,0.5,10,random,0.14234980043198228,14.234980043198227,0.7457627118644068,59,-0.10716555971640651,-10.716555971640652,22.400164188954367,1.3204426327338563,1.8587570621468927e-10,0.4910108251652439,11423.498004319823,0.14234980043198228
btc_small_up_10m,0,0.005,0.3,0.0,0.3,240,random,0.07848955017720423,7.848955017720423,0.2,10,-0.10148543084283679,-10.148543084283679,16.872932530685983,2.7570273790408604,1.3633333333333334e-09,2.673590203114646,10784.895501772042,0.07848955017720423
btc_vol_breakout_9m,0,0.05,0.03,0.0,0.5,10,random,0.09270607279880114,9.270607279880114,0.6071428571428571,28,-0.11753829335681443,-11.753829335681443,17.125063097206056,1.2559576683602145,3.9404761904761903e-10,0.7122983332944421,10927.060727988011,0.09270607279880114
btc_bullish,0,0.025,0.03,0.0,0.15,5,random,0.036604515503139194,3.6604515503139194,0.4782608695652174,46,-0.04307094311526949,-4.307094311526949,16.54267906849357,1.246641201539455,2.855072463768116e-10,0.5428111899604462,10366.045155031392,0.036604515503139194
btc_hl_breakout_2m,0,0.035,0.03,0.0,0.05,1440,random,0.013116951803439122,1.3116951803439123,0.6153846153846154,39,-0.012688168035881575,-1.2688168035881575,19.341430590378916,1.3277929547399776,3.337606837606838e-10,0.6756942240884856,10131.16951803439,0.013116951803439122
btc_hl_breakout_1m,0,0.04,0.08,0.0,0.05,720,random,0.013135511427888833,1.3135511427888833,0.45,20,-0.017214560791767086,-1.7214560791767086,18.718687578559926,1.4154173351657748,6.975e-10,1.3231611251170883,10131.35511427889,0.013135511427888833
btc_vol_breakout_2m,0,0.08,0.1,0.0,0.3,360,random,0.1196258815010407,11.96258815010407,0.5384615384615384,13,-0.09503705004038843,-9.503705004038842,25.858968032190567,1.6870848002260743,1.0807692307692307e-09,3.1025730744028457,11196.258815010407,0.1196258815010407
btc_small_down_10m,0,0.0075,0.015,0.0,0.3,60,random,0.06015605215111214,6.015605215111214,0.42105263157894735,76,-0.07416377425339704,-7.416377425339704,18.805875517004473,1.224696401112923,8.530701754385965e-11,0.27096196088192115,10601.56052151112,0.06015605215111214
btc_hl_breakout_7m,0,0.02,0.1,0.0,0.25,30,random,0.06505851746097724,6.505851746097724,0.32142857142857145,28,-0.07844297027245306,-7.844297027245306,17.67562765414813,1.3442853906460699,4.898809523809524e-10,0.9659211249889185,10650.585174609772,0.06505851746097724
btc_hl_breakout_10m,0,0.0125,0.02,0.0,0.2,720,random,0.05055849202562793,5.055849202562793,0.47692307692307695,65,-0.048992359835066224,-4.899235983506623,18.126927375786398,1.243269763418326,1.6641025641025642e-10,0.39763081044869125,10505.584920256279,0.05055849202562793
btc_vol_breakout_9m,0,0.0125,0.03,0.0,0.5,15,random,0.08651844549626249,8.651844549626249,0.4,40,-0.1123558834496623,-11.23558834496623,17.365810566042725,1.2481666060940007,2.2166666666666668e-10,0.4564722748281556,10865.184454962626,0.08651844549626249
btc_small_down_10m,0,0.0125,0.025,0.0,0.15,720,random,0.05810262855073977,5.810262855073977,0.48,50,-0.03065101612846688,-3.065101612846688,35.19666326247171,1.5933840785616864,1.7566666666666665e-10,0.7644576649426955,10581.026285507398,0.05810262855073977
btc_hl_breakout_5m,0,0.035,0.045,0.0,0.5,480,random,0.05532857605664776,5.532857605664776,0.48484848484848486,33,-0.17575932938875483,-17.575932938875482,9.805743099973602,1.1183113261941826,4.0656565656565655e-10,0.4169963849592997,10553.285760566478,0.05532857605664776
btc_small_up_10m,0,0.04,0.02,0.0,0.25,1440,random,0.05992491803212315,5.992491803212316,0.6153846153846154,39,-0.07543409307407711,-7.543409307407711,16.958670866963597,1.2816982886983403,2.9230769230769235e-10,0.6363937680670098,10599.249180321232,0.05992491803212315
btc_vol_breakout_9m,0,0.0075,0.15,0.0,0.05,90,random,0.004147384980518234,0.4147384980518234,0.12,25,-0.014819326257463183,-1.4819326257463183,6.998277201740298,1.1787216474587972,4.726666666666667e-10,0.34315794801861266,10041.473849805183,0.004147384980518234
btc_hl_breakout_7m,0,0.04,0.035,0.0,0.1,45,random,0.02608336085390256,2.608336085390256,0.5555555555555556,36,-0.034717640365660385,-3.4717640365660385,17.58262372642214,1.2966729311380207,3.689814814814815e-10,0.7339200838883299,10260.833608539026,0.02608336085390256
btc_hl_breakout_1m,0,0.0175,0.01,0.0,0.25,60,random,-0.034843814128744405,-3.4843814128744404,0.5405405405405406,74,-0.11409574981873849,-11.409574981873849,-10.848574678097357,0.8699874869336249,1.2905405405405404e-10,-0.17709180151577084,9651.561858712555,-0.034843814128744405
btc_hl_breakout_10m,0,0.08,0.12,0.0,0.15,5,random,0.052242963461819454,5.224296346181945,0.5,10,-0.0479169690077581,-4.79169690077581,22.880878764480613,1.771149398971104,1.455e-09,3.524221961304315,10522.429634618195,0.052242963461819454
btc_bullish,0,0.05,0.1,0.0,0.25,120,random,0.08819763039439227,8.819763039439227,0.47058823529411764,17,-0.0704057675466846,-7.040576754668459,22.84943068524336,1.5276187400403105,8.294117647058823e-10,2.127984951180934,10881.976303943922,0.08819763039439227
btc_hl_breakout_5m,0,0.015,0.035,0.0,0.1,1440,random,0.007746675696393356,0.7746675696393356,0.37254901960784315,51,-0.032135488864324824,-3.2135488864324824,6.410455318404009,1.081518865484838,2.303921568627451e-10,0.16135326476310877,10077.466756963933,0.007746675696393356
btc_alt_aligned,0,0.04,0.1,0.0,0.25,120,random,0.09071359153193016,9.071359153193017,0.45,20,-0.07754514038343385,-7.754514038343386,23.31478641839974,1.523132033310629,7.241666666666667e-10,1.8419837416482077,10907.1359153193,0.09071359153193016
btc_hl_breakout_6m,0,0.02,0.045,0.0,0.25,45,random,-0.007398051354206336,-0.7398051354206336,0.35714285714285715,42,-0.09868505992422771,-9.868505992422772,-1.196651165839957,0.9686186895223418,3.027777777777778e-10,-0.04134700572720965,9926.019486457937,-0.007398051354206336
btc_hl_breakout_5m,0,0.06,0.045,0.0,0.4,480,random,0.11218269904702648,11.218269904702648,0.6086956521739131,23,-0.13823970507550132,-13.823970507550133,19.1949994578467,1.3768888960108918,5.942028985507246e-10,1.2682744267719748,11121.826990470265,0.11218269904702648
btc_hl_breakout_6m,0,0.035,0.03,0.0,0.2,5,random,0.008664137087637778,0.8664137087637778,0.5277777777777778,36,-0.06840147342593472,-6.840147342593472,3.9964252047169984,1.049024307575133,3.5925925925925927e-10,0.14853939733084326,10086.641370876378,0.008664137087637778
btc_vol_breakout_8m,0,0.0125,0.25,0.0,0.5,10,random,0.17920548242244586,17.920548242244585,0.14285714285714285,21,-0.1063781601149082,-10.63781601149082,27.73681060493039,1.6874915911158466,5.714285714285714e-10,1.8229939893637204,11792.054824224459,0.17920548242244586
btc_bullish,0,0.035,0.06,0.0,0.25,5,random,0.07961877408557015,7.961877408557015,0.4444444444444444,27,-0.08591151094032479,-8.59115109403248,21.030661643507926,1.3954251669211426,5.160493827160493e-10,1.2071352720075674,10796.187740855701,0.07961877408557015
btc_vol_breakout_8m,0,0.015,0.02,0.0,0.2,180,random,0.03659952549033983,3.6599525490339833,0.4782608695652174,46,-0.04119975933775921,-4.119975933775921,17.889862275685598,1.275660204435943,1.7934782608695651e-10,0.40494831400707876,10365.995254903399,0.03659952549033983
btc_hl_breakout_6m,0,0.025,0.035,0.0,0.5,120,random,0.06204234839146911,6.2042348391469115,0.4634146341463415,41,-0.14366984095149304,-14.366984095149304,10.991574324937504,1.1273039034654762,3.130081300813008e-10,0.35702349850271614,10620.423483914692,0.06204234839146911
btc_hl_breakout_2m,0,0.0125,0.25,0.0,0.2,480,random,0.07014435759380092,7.014435759380092,0.2,20,-0.0629836082520232,-6.29836082520232,23.690496343617006,1.6720705141005554,7.041666666666667e-10,1.8208248013489414,10701.443575938009,0.07014435759380092
btc_vol_breakout_9m,0,0.0125,0.05,0.0,0.15,360,random,0.020951000559993212,2.095100055999321,0.3235294117647059,34,-0.02956465307080658,-2.956465307080658,13.497689060009725,1.2455688706900827,2.9362745098039216e-10,0.421279356949099,10209.510005599932,0.020951000559993212
btc_hl_breakout_8m,0,0.03,0.04,0.0,0.25,10,random,0.038636739966669345,3.8636739966669347,0.46153846153846156,39,-0.09681223505359271,-9.68122350535927,11.22073343370908,1.1547719000411258,3.2478632478632476e-10,0.4312388268656122,10386.367399666693,0.038636739966669345
btc_hl_breakout_4m,0,0.015,0.01,0.0,0.15,1440,random,0.015385892808959875,1.5385892808959876,0.6052631578947368,76,-0.03816656054462764,-3.8166560544627637,8.709277126623395,1.1095167452575658,1.2412280701754386e-10,0.14266417464540665,10153.8589280896,0.015385892808959875
btc_bullish,0,0.035,0.3,0.0,0.1,20,random,0.026498619287754592,2.6498619287754592,0.4,5,-0.0405729707217356,-4.05729707217356,15.72829543075228,2.9200597452725567,2.9433333333333333e-09,5.342902185553759,10264.986192877546,0.026498619287754592
btc_hl_breakout_9m,0,0.1,0.06,0.0,0.05,1440,random,0.015624838747233099,1.5624838747233099,0.7058823529411765,17,-0.019770789166266067,-1.9770789166266067,20.458327912147706,1.5372589745424503,8.274509803921569e-10,1.8473936083112565,10156.248387472331,0.015624838747233099
btc_hl_breakout_10m,0,0.03,0.025,0.0,0.15,180,random,0.041979764548051024,4.197976454805103,0.5581395348837209,43,-0.03996776954670944,-3.996776954670944,19.342217756943665,1.3145628456856513,2.9147286821705426e-10,0.6596555630154985,10419.79764548051,0.041979764548051024
btc_hl_breakout_2m,0,0.015,0.06,0.0,0.05,20,random,0.0031703034748114646,0.31703034748114645,0.28205128205128205,39,-0.01724330878977165,-1.724330878977165,4.904491459773484,1.0765275049355818,3.277777777777778e-10,0.17009066586935412,10031.703034748114,0.0031703034748114646
btc_small_up_9m,0,0.05,0.04,0.0,0.5,20,random,0.10905956702956927,10.905956702956928,0.6071428571428571,28,-0.11210221508680596,-11.210221508680595,17.478577742927758,1.2608508860831418,4.1904761904761905e-10,0.8496231520735951,11090.595670295694,0.10905956702956927
btc_hl_breakout_3m,0,0.04,0.3,0.0,0.05,90,random,0.023594037523196984,2.3594037523196985,0.375,8,-0.016159383519858905,-1.6159383519858905,27.474768351907738,2.403901589314045,1.8125e-09,5.923838062630618,10235.94037523197,0.023594037523196984
btc_hl_breakout_7m,0,0.02,0.2,0.0,0.1,1440,random,0.03841669587055184,3.841669587055184,0.2777777777777778,18,-0.0316711599864925,-3.1671159986492503,24.335149113148173,1.7422138449507236,7.842592592592593e-10,2.1547179691181775,10384.166958705518,0.03841669587055184
btc_bullish,0,0.06,0.3,0.0,0.05,5,random,0.0132214877272462,1.32214877272462,0.5,4,-0.020650979528065383,-2.0650979528065383,15.461681127230342,2.9194455187911292,3.6791666666666665e-09,6.643299956826107,10132.214877272461,0.0132214877272462
btc_hl_breakout_7m,0,0.01,0.02,0.0,0.3,480,random,0.0017082336716229293,0.17082336716229293,0.36585365853658536,82,-0.12622062077321294,-12.622062077321294,1.6489354172786568,1.004532835018964,1.2865853658536587e-10,0.02909771084158138,10017.08233671623,0.0017082336716229293
btc_hl_breakout_4m,0,0.1,0.045,0.0,0.1,20,random,0.02291822861561369,2.291822861561369,0.7058823529411765,17,-0.035244812313198315,-3.5244812313198315,15.695887019466102,1.4657733160479485,8.450980392156862e-10,1.3636491432592246,10229.182286156138,0.02291822861561369
btc_vol_breakout_9m,0,0.05,0.1,0.0,0.3,10,random,0.05556651452984038,5.556651452984037,0.42105263157894735,19,-0.10161607459223276,-10.161607459223276,14.44827449138255,1.2502279982147273,6.701754385964912e-10,1.0682852206083557,10555.665145298404,0.05556651452984038
btc_small_up_10m,0,0.02,0.025,0.0,0.5,1440,random,0.12188572056117737,12.188572056117737,0.46938775510204084,49,-0.14323116552934334,-14.323116552934334,18.03059081431397,1.2442677976799585,1.9795918367346937e-10,0.5280846963646091,11218.857205611774,0.12188572056117737
btc_vol_breakout_2m,0,0.0175,0.04,0.0,0.3,30,random,0.015916093448393804,1.5916093448393804,0.3829787234042553,47,-0.08012467309949689,-8.012467309949688,5.213600084723153,1.0569459289221494,2.5425531914893615e-10,0.1422442822515696,10159.160934483938,0.015916093448393804
btc_alt_aligned,0,0.0175,0.01,0.0,0.4,5,random,0.04303454095899656,4.303454095899656,0.59,100,-0.14687753578340912,-14.687753578340912,8.707250899404402,1.0721556116316482,1.28e-10,0.13329581994135514,10430.345409589965,0.04303454095899656
btc_vol_breakout_8m,0,0.08,0.3,0.0,0.2,90,random,0.018811488940865023,1.8811488940865022,0.4,5,-0.06744489765163697,-6.7444897651636975,7.333174120427032,1.2967914451700595,2.8633333333333336e-09,2.1320682723033135,10188.114889408651,0.018811488940865023
btc_small_down_10m,0,0.04,0.06,0.0,0.25,20,random,0.035018734092710245,3.5018734092710244,0.4782608695652174,23,-0.08318419567742719,-8.318419567742719,11.116085050802498,1.188935852154701,5.181159420289855e-10,0.6684013720550849,10350.187340927103,0.035018734092710245
btc_hl_breakout_10m,0,0.05,0.05,0.0,0.5,60,random,0.09210155179248868,9.210155179248867,0.5185185185185185,27,-0.1878485798495766,-18.78485798495766,13.77266605986482,1.1968031885642978,5.012345679012346e-10,0.7926202400069267,10921.015517924887,0.09210155179248868
btc_hl_breakout_9m,0,0.0075,0.025,0.0,0.05,45,random,0.002923963251777849,0.2923963251777849,0.3424657534246575,73,-0.023945548638019787,-2.3945548638019787,4.37668136796459,1.0533710109169103,1.458904109589041e-10,0.08414234729814016,10029.239632517778,0.002923963251777849
btc_vol_breakout_8m,0,0.08,0.15,0.0,0.15,30,random,0.03368634692971254,3.3686346929712543,0.5,8,-0.05091155965501726,-5.091155965501725,16.48413068981394,1.5328663422449065,1.7916666666666666e-09,2.930194860722702,10336.863469297125,0.03368634692971254
btc_vol_breakout_9m,0,0.1,0.2,0.0,0.3,180,random,0.06326902311294184,6.326902311294185,0.42857142857142855,7,-0.0968372946111885,-9.683729461118851,15.69237814225356,1.4855615451099322,2.061904761904762e-09,3.2804136353562607,10632.690231129418,0.06326902311294184
btc_vol_breakout_9m,0,0.0125,0.02,0.0,0.3,5,random,0.042565847905567764,4.256584790556777,0.4666666666666667,45,-0.07063095405743192,-7.063095405743192,14.680660928247935,1.2131468597277841,1.662962962962963e-10,0.32924579785131697,10425.658479055677,0.042565847905567764
btc_hl_breakout_6m,0,0.01,0.2,0.0,0.05,20,random,0.01483094994466129,1.483094994466129,0.18518518518518517,27,-0.017572155846911297,-1.7572155846911297,19.15814352990273,1.4977467356425556,5.074074074074074e-10,1.1115065296530775,10148.309499446614,0.01483094994466129
btc_vol_breakout_3m,0,0.02,0.025,0.0,0.05,480,random,0.008158540390145288,0.8158540390145288,0.5116279069767442,43,-0.012557809463710545,-1.2557809463710545,12.794404205521674,1.2032178178819173,2.569767441860465e-10,0.38375361791424994,10081.585403901452,0.008158540390145288
btc_hl_breakout_2m,0,0.015,0.06,0.0,0.4,5,random,0.01729868048484618,1.729868048484618,0.28205128205128205,39,-0.1312821602485157,-13.128216024851568,4.777190943478086,1.048923660719826,3.277777777777778e-10,0.17009066586935645,10172.986804848462,0.01729868048484618
btc_hl_breakout_1m,0,0.06,0.05,0.0,0.1,180,random,0.03144841757829215,3.144841757829215,0.6190476190476191,21,-0.036184489864485525,-3.6184489864485525,20.748434242492333,1.5290856733298364,6.531746031746031e-10,1.5050266131762904,10314.484175782922,0.03144841757829215
btc_vol_breakout_8m,0,0.005,0.015,0.0,0.2,360,random,-0.00854261387028855,-0.854261387028855,0.3387096774193548,62,-0.049577582767518114,-4.957758276751811,-3.7745133163851703,0.9421212572827936,1.0080645161290323e-10,-0.05979582828516092,9914.573861297114,-0.00854261387028855
btc_hl_breakout_5m,0,0.015,0.05,0.0,0.4,180,random,-0.001723269138302021,-0.1723269138302021,0.3181818181818182,44,-0.1229210486036777,-12.29210486036777,1.205259340617029,0.9956681180740368,2.9166666666666664e-10,0.04443445603733514,9982.76730861698,-0.001723269138302021
btc_small_down_10m,0,0.06,0.1,0.0,0.25,20,random,0.10785951998108208,10.785951998108208,0.5,14,-0.08221511568856532,-8.221511568856531,27.86481335368679,1.8170499703176222,9.904761904761906e-10,3.06784370298861,11078.595199810821,0.10785951998108208
btc_vol_breakout_3m,0,0.04,0.06,0.0,0.1,240,random,0.013926845891694302,1.3926845891694302,0.45454545454545453,22,-0.03466099912684939,-3.466099912684939,10.395620644651068,1.203572074118796,5.901515151515151e-10,0.6584405655174972,10139.268458916944,0.013926845891694302
btc_bullish,0,0.06,0.01,0.0,0.5,10,random,0.12856495532420703,12.856495532420704,0.7884615384615384,52,-0.16713792460810895,-16.713792460810893,18.398752759062226,1.2754074938762043,2.5192307692307694e-10,0.5227602604752327,11285.64955324207,0.12856495532420703
btc_vol_breakout_2m,0,0.0175,0.04,0.0,0.5,90,random,0.02186182802223275,2.186182802223275,0.3829787234042553,47,-0.1307815705579265,-13.07815705579265,5.244277844320548,1.0454516544687762,2.5425531914893615e-10,0.1422442822515687,10218.618280222327,0.02186182802223275
btc_hl_breakout_7m,0,0.06,0.025,0.0,0.4,180,random,0.14908621213633763,14.908621213633763,0.7096774193548387,31,-0.10465856131047524,-10.465856131047524,25.06835279340588,1.5105941605791577,4.349462365591398e-10,1.1896551935958768,11490.862121363376,0.14908621213633763
btc_hl_breakout_7m,0,0.005,0.01,0.0,0.05,90,random,-0.01210057963608565,-1.2100579636085649,0.37962962962962965,108,-0.032472890346827765,-3.2472890346827765,-19.566068249115894,0.7938146104505801,8.132716049382717e-11,-0.22361245037057167,9878.994203639144,-0.01210057963608565
btc_vol_breakout_10m,0,0.04,0.01,0.0,0.5,240,random,0.06931075640677718,6.931075640677718,0.7380952380952381,42,-0.10843139260761259,-10.843139260761259,14.418719736904562,1.2309669054030212,2.0317460317460315e-10,0.35491396606378,10693.107564067772,0.06931075640677718
btc_vol_breakout_2m,0,0.06,0.02,0.0,0.1,480,random,0.027061082006861237,2.7061082006861237,0.7428571428571429,35,-0.025104427212571667,-2.5104427212571667,18.99013481586577,1.3921945563918965,3.6238095238095237e-10,0.7783802485527594,10270.610820068612,0.027061082006861237
btc_hl_breakout_2m,0,0.03,0.08,0.0,0.4,10,random,0.021883707094017244,2.1883707094017244,0.375,24,-0.1477668016216257,-14.77668016216257,5.561860141328145,1.0672564996941742,5.722222222222222e-10,0.33418732699168285,10218.837070940172,0.021883707094017244
btc_small_down_10m,0,0.02,0.1,0.0,0.3,30,random,0.07806862734031747,7.806862734031747,0.3333333333333333,27,-0.09826373226509233,-9.826373226509233,19.14354637300807,1.3630180334740771,4.728395061728395e-10,1.0042427401397822,10780.686273403175,0.07806862734031747
btc_small_up_9m,0,0.025,0.25,0.0,0.05,60,random,0.020343514702846472,2.0343514702846472,0.3333333333333333,12,-0.014365022005431216,-1.4365022005431216,25.43212394861165,2.098758312216615,1.126388888888889e-09,3.4046940956395737,10203.435147028466,0.020343514702846472
btc_hl_breakout_5m,0,0.04,0.15,0.0,0.4,5,random,0.13132913169665553,13.132913169665553,0.4,15,-0.1386207151052693,-13.86207151052693,21.35658716171655,1.5062764317477662,9.655555555555555e-10,2.3229388905397315,11313.291316966555,0.13132913169665553
btc_small_down_10m,0,0.02,0.02,0.0,0.15,5,random,0.041068487004507166,4.106848700450716,0.5652173913043478,46,-0.02438547032863081,-2.438547032863081,22.801691360429682,1.3836099307162553,1.9492753623188405e-10,0.5970542920510579,10410.684870045072,0.041068487004507166
btc_small_up_10m,0,0.035,0.25,0.0,0.1,180,random,0.035560777826496345,3.5560777826496346,0.2857142857142857,14,-0.039063171411306774,-3.9063171411306774,22.082307197500075,1.7655598168035418,9.476190476190477e-10,2.5792145765130687,10355.607778264963,0.035560777826496345
btc_hl_breakout_1m,0,0.0125,0.025,0.0,0.4,30,random,0.04151607591845345,4.1516075918453454,0.4126984126984127,63,-0.11431064181018857,-11.431064181018858,9.366075926716864,1.0952446894267232,1.8042328042328043e-10,0.19309392893343255,10415.160759184535,0.04151607591845345
btc_vol_breakout_3m,0,0.0125,0.01,0.0,0.05,240,random,0.007701337520925978,0.7701337520925977,0.5945945945945946,74,-0.014804501619740451,-1.480450161974045,12.86348213151767,1.1819174878041814,1.0225225225225225e-10,0.21038179036471238,10077.01337520926,0.007701337520925978
btc_vol_breakout_3m,0,0.04,0.08,0.0,0.3,30,random,0.04148268573044893,4.148268573044893,0.42857142857142855,21,-0.1011890239453187,-10.11890239453187,11.035123664125535,1.19279788660015,6.150793650793651e-10,0.7388455594759596,10414.82685730449,0.04148268573044893
btc_small_up_10m,0,0.1,0.02,0.0,0.3,90,random,0.08225001752293742,8.225001752293743,0.7777777777777778,27,-0.06924299824414848,-6.924299824414848,19.24971213968896,1.4027757381647092,4.648148148148148e-10,1.0461530503410743,10822.500175229374,0.08225001752293742
btc_small_up_9m,0,0.06,0.05,0.0,0.1,720,random,0.02144371337590085,2.144371337590085,0.5833333333333334,24,-0.031196821166188493,-3.1196821166188493,15.126024550890367,1.290859775864862,5.0625e-10,0.9121486104511257,10214.43713375901,0.02144371337590085
btc_vol_breakout_8m,0,0.025,0.2,0.0,0.15,5,random,0.04861730544345437,4.861730544345437,0.3076923076923077,13,-0.03123004836335186,-3.123004836335186,25.619559543527302,1.9304622921053156,1.0115384615384616e-09,2.5255126935083876,10486.173054434545,0.04861730544345437
btc_small_up_9m,0,0.03,0.12,0.0,0.5,45,random,0.08080592129106572,8.080592129106572,0.3333333333333333,18,-0.140653439785284,-14.0653439785284,13.78365950523192,1.2467536406926862,6.888888888888889e-10,1.078846687062788,10808.059212910657,0.08080592129106572
btc_small_up_10m,0,0.035,0.15,0.0,0.1,30,random,0.02389256473505625,2.389256473505625,0.3333333333333333,15,-0.035332528668860164,-3.5332528668860164,15.739409628731059,1.442439607342083,9e-10,1.6342755852514521,10238.925647350563,0.02389256473505625
btc_alt_aligned,0,0.025,0.05,0.0,0.4,360,random,0.08872128122165408,8.872128122165408,0.4,40,-0.13454555501292054,-13.454555501292054,15.460879461059681,1.2073911678533265,3.5e-10,0.6058818939399064,10887.212812216541,0.08872128122165408
btc_hl_breakout_3m,0,0.08,0.045,0.0,0.25,15,random,0.07633338997901946,7.633338997901946,0.6666666666666666,21,-0.08367600979400003,-8.367600979400002,20.511629261475154,1.4677841026150524,6.706349206349207e-10,1.4799495797813875,10763.333899790196,0.07633338997901946
btc_hl_breakout_9m,0,0.035,0.2,0.0,0.5,20,random,0.1979316437083309,19.79316437083309,0.38461538461538464,13,-0.1568796534580562,-15.68796534580562,25.37365018810474,1.6950171480996836,1.1166666666666667e-09,3.170314362812348,11979.31643708331,0.1979316437083309
btc_hl_breakout_4m,0,0.08,0.25,0.0,0.15,360,random,0.05786930709687922,5.786930709687923,0.4444444444444444,9,-0.05069885205015423,-5.069885205015423,23.336172515027705,1.7339284478343269,1.6203703703703704e-09,4.417811895359339,10578.693070968791,0.05786930709687922
btc_vol_breakout_2m,0,0.0175,0.15,0.0,0.5,5,random,0.08779888760330432,8.779888760330431,0.23809523809523808,21,-0.16550258586600353,-16.550258586600354,14.244478124620372,1.2919894408596815,6.341269841269841e-10,0.9943304952037494,10877.988876033043,0.08779888760330432
btc_vol_breakout_9m,0,0.005,0.035,0.0,0.3,15,random,0.0016928834897930755,0.16928834897930756,0.2549019607843137,51,-0.07705475940194972,-7.705475940194972,1.4456099786295111,1.0079369933597622,1.4869281045751635e-10,0.029897707900734226,10016.928834897932,0.0016928834897930755
btc_small_down_10m,0,0.01,0.025,0.0,0.5,15,random,0.15540950414121663,15.540950414121662,0.4166666666666667,60,-0.0954709082103391,-9.54709082103391,28.31037402773429,1.3792406180980494,1.3777777777777778e-10,0.5118598302837628,11554.095041412165,0.15540950414121663
btc_hl_breakout_6m,0,0.005,0.05,0.0,0.15,60,random,0.0053609022616663655,0.5360902261666366,0.21212121212121213,66,-0.06829934087580947,-6.829934087580947,3.163228975482153,1.0346706440864997,1.686868686868687e-10,0.0693381898372287,10053.609022616663,0.0053609022616663655
btc_bullish,0,0.02,0.05,0.0,0.1,90,random,0.02549969538790708,2.549969538790708,0.38095238095238093,42,-0.027784812111956048,-2.7784812111956048,16.953681412365576,1.273123954397018,3.1666666666666666e-10,0.6173326705998965,10254.99695387907,0.02549969538790708
btc_small_up_10m,0,0.01,0.08,0.0,0.15,120,random,0.036305284201659536,3.6305284201659536,0.2571428571428571,35,-0.05427420646316605,-5.427420646316605,17.037190832561414,1.3401207222433298,2.942857142857143e-10,0.7087374519178153,10363.052842016596,0.036305284201659536
btc_vol_breakout_3m,0,0.01,0.2,0.0,0.25,480,random,0.016555701866251046,1.6555701866251045,0.15384615384615385,26,-0.08441018896516161,-8.441018896516162,6.059710970286298,1.1107781964961305,4.692307692307692e-10,0.3324029275461308,10165.55701866251,0.016555701866251046
btc_vol_breakout_9m,0,0.02,0.035,0.0,0.15,5,random,0.011608212523648308,1.160821252364831,0.4411764705882353,34,-0.04393622496573857,-4.393622496573856,6.863945197877526,1.1070232196898602,3.1323529411764704e-10,0.24507319049606513,10116.082125236484,0.011608212523648308
btc_hl_breakout_4m,0,0.025,0.25,0.0,0.5,90,random,0.12911652293686585,12.911652293686585,0.26666666666666666,15,-0.15413407323775585,-15.413407323775585,18.76581356879745,1.4287283857587754,9.577777777777778e-10,2.002698695245932,11291.165229368658,0.12911652293686585
btc_hl_breakout_2m,0,0.04,0.04,0.0,0.3,60,random,0.08927381321116014,8.927381321116014,0.5588235294117647,34,-0.0901662483454766,-9.01662483454766,21.99008064576834,1.3357413781701242,3.9901960784313726e-10,0.8939994140911702,10892.7381321116,0.08927381321116014
btc_small_down_10m,0,0.08,0.05,0.0,0.5,20,random,0.05218572519200088,5.218572519200088,0.6,15,-0.1740137895904127,-17.40137895904127,9.040660832214275,1.1774752656309244,8.611111111111111e-10,0.8620011491476931,10521.85725192001,0.05218572519200088
btc_hl_breakout_9m,0,0.08,0.2,0.0,0.3,90,random,0.12887540724073246,12.887540724073245,0.4444444444444444,9,-0.09412794488770726,-9.412794488770725,27.24460759098287,1.8732699707941511,1.6277777777777778e-09,4.857197047696201,11288.754072407324,0.12887540724073246
btc_alt_aligned,0,0.1,0.1,0.0,0.1,30,random,0.03621482508180365,3.621482508180365,0.6363636363636364,11,-0.03524481231319698,-3.5244812313196983,23.180810591877584,1.777302330113172,1.3333333333333333e-09,3.3091511137493494,10362.148250818036,0.03621482508180365
btc_vol_breakout_3m,0,0.0175,0.035,0.0,0.05,10,random,0.003462050804959068,0.3462050804959068,0.40476190476190477,42,-0.016521642581474483,-1.6521642581474483,5.553770344557164,1.0802248710726128,2.638888888888889e-10,0.170642214077994,10034.620508049591,0.003462050804959068
btc_small_down_10m,0,0.035,0.08,0.0,0.4,45,random,0.07079876514268635,7.079876514268635,0.42857142857142855,21,-0.1476314307053388,-14.763143070533879,14.070075426883703,1.2544978043950172,5.920634920634921e-10,0.9378668634655986,10707.987651426864,0.07079876514268635
btc_hl_breakout_3m,0,0.04,0.025,0.0,0.5,30,random,0.10775639276845986,10.775639276845986,0.6153846153846154,39,-0.11922902283462256,-11.922902283462255,17.123539349844346,1.2314257342374868,3.358974358974359e-10,0.5912835696257662,11077.563927684598,0.10775639276845986
btc_hl_breakout_5m,0,0.015,0.01,0.0,0.1,360,random,-0.009525152723871428,-0.9525152723871428,0.569620253164557,79,-0.04034962200167769,-4.034962200167769,-7.598688415588127,0.9071539689503357,1.1624472573839663e-10,-0.11596711347632009,9904.748472761286,-0.009525152723871428
btc_hl_breakout_3m,0,0.05,0.08,0.0,0.3,480,random,0.03929475075897722,3.929475075897722,0.47368421052631576,19,-0.10741816821588224,-10.741816821588223,10.639527032667813,1.1852094642982978,7.31578947368421e-10,0.7781902630685978,10392.947507589772,0.03929475075897722
btc_alt_aligned,0,0.1,0.04,0.0,0.4,480,random,0.13790716455714655,13.790716455714655,0.7391304347826086,23,-0.1384359468456704,-13.84359468456704,22.725971707093777,1.4746778900271145,6.289855072463768e-10,1.5266832417612757,11379.071645571465,0.13790716455714655
btc_hl_breakout_6m,0,0.02,0.08,0.0,0.3,5,random,-0.03108355429465578,-3.1083554294655777,0.28125,32,-0.11642112083084344,-11.642112083084344,-6.719722400825455,0.879914208173922,4.0364583333333333e-10,-0.2785900261129672,9689.164457053443,-0.03108355429465578
btc_hl_breakout_1m,0,0.01,0.03,0.0,0.15,45,random,0.019567407330777498,1.9567407330777498,0.375,64,-0.046568638034749865,-4.6568638034749865,10.46735570995251,1.1255413810889474,1.7734375e-10,0.21411767884764518,10195.674073307775,0.019567407330777498
btc_hl_breakout_2m,0,0.1,0.01,0.0,0.5,20,random,0.12619135418749847,12.619135418749847,0.8378378378378378,37,-0.1592835759927107,-15.92835759927107,18.39268634576254,1.3461445841825312,3.2342342342342344e-10,0.7237698124522715,11261.913541874985,0.12619135418749847
btc_vol_breakout_10m,0,0.05,0.06,0.0,0.5,720,random,0.02626624318151253,2.626624318151253,0.45,20,-0.16469327756568253,-16.46932775656825,5.877709358767744,1.0736348621417249,5.991666666666667e-10,0.4101521198736519,10262.662431815126,0.02626624318151253
btc_alt_aligned,0,0.0075,0.3,0.0,0.3,720,random,0.12314746259037129,12.314746259037129,0.17647058823529413,17,-0.09902825910341195,-9.902825910341196,24.650135287827837,2.203264907606179,8.578431372549019e-10,2.4559255144225776,11231.474625903713,0.12314746259037129
btc_small_up_10m,0,0.0075,0.15,0.0,0.25,45,random,0.03905365812329797,3.9053658123297965,0.16666666666666666,30,-0.08298865430602076,-8.298865430602076,11.488522724762612,1.24961872138178,3.722222222222222e-10,0.5781081182984901,10390.53658123298,0.03905365812329797
btc_vol_breakout_8m,0,0.015,0.035,0.0,0.25,720,random,0.06730025753424752,6.730025753424752,0.425,40,-0.04358681924858654,-4.358681924858654,24.81286158398828,1.4156130605849606,2.3875e-10,0.6742925001322111,10673.002575342474,0.06730025753424752
btc_vol_breakout_3m,0,0.015,0.045,0.0,0.3,180,random,0.04190667758046543,4.190667758046543,0.3902439024390244,41,-0.08255781123555561,-8.255781123555561,11.618332204575847,1.1655404708745298,2.747967479674797e-10,0.3713524904327856,10419.066775804655,0.04190667758046543
btc_bullish,0,0.1,0.3,0.0,0.4,60,random,0.1061048553989216,10.61048553989216,0.6666666666666666,3,-0.14761282641178752,-14.761282641178752,17.172737734090145,2.862985728806584,4.922222222222222e-09,9.15928518112392,11061.048553989216,0.1061048553989216
btc_hl_breakout_1m,0,0.0125,0.12,0.0,0.15,120,random,0.02943484512755365,2.943484512755365,0.20588235294117646,34,-0.0605187139402007,-6.05187139402007,14.395718521146264,1.2633050029045985,3.7156862745098037e-10,0.6080811128529807,10294.348451275537,0.02943484512755365
btc_vol_breakout_2m,0,0.02,0.3,0.0,0.1,180,random,0.046919759959767916,4.691975995976792,0.23076923076923078,13,-0.0276507563531897,-2.76507563531897,27.55633511858963,2.3014736755596727,1.0910256410256412e-09,3.6386576313511263,10469.197599597679,0.046919759959767916
btc_hl_breakout_1m,0,0.0125,0.3,0.0,0.3,20,random,0.06800718199992152,6.800718199992152,0.15789473684210525,19,-0.11785325967278137,-11.785325967278137,16.069060689783786,1.4369438894617235,7.19298245614035e-10,1.3241659691372203,10680.071819999215,0.06800718199992152
btc_vol_breakout_9m,0,0.035,0.08,0.0,0.15,90,random,0.028972787326662,2.8972787326661997,0.4,20,-0.04766554421541891,-4.7665544215418905,14.861850929040816,1.3067541658440558,5.975000000000001e-10,0.9993005570091387,10289.72787326662,0.028972787326662
btc_small_down_10m,0,0.1,0.015,0.0,0.2,30,random,0.0809788808308466,8.09788808308466,0.8275862068965517,29,-0.0458516437131935,-4.58516437131935,28.756707945254128,1.768376751527689,3.689655172413793e-10,1.3788342269737914,10809.788808308465,0.0809788808308466
btc_hl_breakout_10m,0,0.025,0.06,0.0,0.2,720,random,0.05707674194687454,5.707674194687454,0.375,32,-0.06573859584382613,-6.573859584382613,18.97852598824871,1.3324715654846522,4.2760416666666667e-10,0.9171072864199548,10570.767419468746,0.05707674194687454
btc_small_up_10m,0,0.04,0.015,0.0,0.5,60,random,0.13805616809983157,13.805616809983157,0.6585365853658537,41,-0.14894282722539942,-14.894282722539941,19.788634974428675,1.3128110959499038,2.747967479674797e-10,0.7030353593725969,11380.561680998315,0.13805616809983157
btc_small_up_10m,0,0.015,0.3,0.0,0.2,1440,random,0.047850636258512554,4.785063625851255,0.25,8,-0.07423536871346093,-7.4235368713460925,15.155566004288305,2.4514784053261542,1.7541666666666667e-09,3.053529148768546,10478.506362585125,0.047850636258512554
btc_small_up_9m,0,0.04,0.1,0.0,0.05,90,random,0.015200756441823086,1.5200756441823087,0.4444444444444444,18,-0.013340108104436643,-1.3340108104436643,22.53529318704204,1.5513110679240159,6.648148148148148e-10,1.6967170562529825,10152.00756441823,0.015200756441823086
btc_hl_breakout_6m,0,0.06,0.05,0.0,0.2,30,random,0.04013649498977654,4.013649498977654,0.5652173913043478,23,-0.07113396531567262,-7.113396531567262,13.872076440645067,1.2702343138735857,5.978260869565217e-10,0.9133432029715159,10401.364949897765,0.04013649498977654
btc_alt_aligned,0,0.04,0.1,0.0,0.1,5,random,0.036623319313057186,3.6623319313057188,0.45,20,-0.03159792336258149,-3.1597923362581493,23.381796015990993,1.5622466155728676,7.241666666666667e-10,1.8419837416482066,10366.233193130573,0.036623319313057186
btc_hl_breakout_8m,0,0.08,0.12,0.0,0.1,180,random,0.034962550614628274,3.4962550614628274,0.5,10,-0.032136316957605215,-3.2136316957605215,22.917148377525443,1.790756701892193,1.455e-09,3.524221961304313,10349.625506146283,0.034962550614628274
btc_hl_breakout_10m,0,0.01,0.2,0.0,0.25,10,random,0.07493986221054075,7.493986221054075,0.19230769230769232,26,-0.08302049732287542,-8.302049732287543,21.112444257672372,1.4854373472346971,5.166666666666666e-10,1.2113205191589154,10749.398622105407,0.07493986221054075
btc_small_down_10m,0,0.06,0.08,0.0,0.2,45,random,0.06717596688975543,6.717596688975543,0.5333333333333333,15,-0.07072556740839753,-7.072556740839753,22.098926852601267,1.6415184950240886,8.744444444444445e-10,2.257201801505687,10671.759668897554,0.06717596688975543
btc_hl_breakout_5m,0,0.06,0.1,0.0,0.2,120,random,0.08572043037090209,8.572043037090209,0.5,16,-0.06672199893568709,-6.672199893568709,27.68239717674092,1.712168626755075,8.875e-10,2.675022113908575,10857.20430370902,0.08572043037090209
btc_small_down_10m,0,0.0175,0.045,0.0,0.5,360,random,-0.0024052627879646024,-0.24052627879646024,0.3333333333333333,36,-0.13184027413766053,-13.184027413766053,1.4611211511118287,0.9937684473259929,3.00462962962963e-10,0.044077745986951196,9975.947372120354,-0.0024052627879646024
btc_hl_breakout_5m,0,0.0125,0.045,0.0,0.15,20,random,0.014147580347456801,1.41475803474568,0.34,50,-0.04565228182169179,-4.565228182169179,7.63082682799938,1.0992581772793764,2.486666666666667e-10,0.203417781228963,10141.475803474568,0.014147580347456801
btc_hl_breakout_1m,0,0.05,0.04,0.0,0.5,360,random,0.11866084507073364,11.866084507073364,0.59375,32,-0.16190525929465405,-16.190525929465405,18.266032869501416,1.2447059580897961,4.21875e-10,0.8067230945113505,11186.608450707336,0.11866084507073364
btc_small_up_10m,0,0.08,0.25,0.0,0.1,10,random,0.028021284423834662,2.802128442383466,0.5,6,-0.04032500927266336,-4.0325009272663355,17.665081288575426,1.9828622865945025,2.3166666666666667e-09,4.751597950395929,10280.212844238347,0.028021284423834662
btc_small_up_10m,0,0.0175,0.2,0.0,0.2,720,random,0.021536356945482497,2.1536356945482495,0.18518518518518517,27,-0.07743605702793366,-7.743605702793365,8.151252759618258,1.1387433387271206,4.4629629629629633e-10,0.47127821847261464,10215.363569454825,0.021536356945482497
btc_hl_breakout_7m,0,0.01,0.06,0.0,0.5,1440,random,0.04638894684508559,4.638894684508559,0.23529411764705882,51,-0.17361853438245822,-17.361853438245824,8.275944459764236,1.0872774105067393,2.4019607843137255e-10,0.24848295725684635,10463.889468450856,0.04638894684508559
btc_hl_breakout_9m,0,0.05,0.01,0.0,0.05,60,random,0.011009223925606977,1.1009223925606977,0.7450980392156863,51,-0.015660521304704633,-1.5660521304704633,14.969130152115548,1.2583172249597268,2.483660130718954e-10,0.43585966592747627,10110.09223925607,0.011009223925606977
btc_hl_breakout_3m,0,0.0075,0.12,0.0,0.4,30,random,0.04234377337102692,4.234377337102692,0.175,40,-0.14673571174061284,-14.673571174061284,9.303426662800062,1.1248376214855864,3.0583333333333336e-10,0.34446306083352446,10423.437733710269,0.04234377337102692
btc_hl_breakout_1m,0,0.02,0.015,0.0,0.25,480,random,0.04997537680717014,4.997537680717014,0.578125,64,-0.06422200594127159,-6.422200594127158,15.938256029131255,1.2065591778258205,1.6588541666666668e-10,0.3232244898441121,10499.753768071701,0.04997537680717014
btc_hl_breakout_9m,0,0.05,0.015,0.0,0.25,1440,random,0.03616387143359571,3.616387143359571,0.6818181818181818,44,-0.09581786446266127,-9.581786446266127,10.586218155690423,1.1490247590369318,2.9734848484848485e-10,0.360925347752949,10361.638714335957,0.03616387143359571
btc_vol_breakout_10m,0,0.03,0.12,0.0,0.1,480,random,0.04009142939603257,4.009142939603257,0.35714285714285715,14,-0.02191688760736421,-2.191688760736421,30.84390813248437,2.0925346011897252,9.095238095238095e-10,2.86028238537005,10400.914293960326,0.04009142939603257
btc_hl_breakout_1m,0,0.05,0.3,0.0,0.2,5,random,0.07841211098890732,7.841211098890732,0.375,8,-0.06862364651880126,-6.862364651880126,23.29436490858763,1.9171056659559378,1.825e-09,5.070851070034714,10784.121109889073,0.07841211098890732
btc_hl_breakout_4m,0,0.0075,0.02,0.0,0.3,120,random,-0.013905268287255286,-1.3905268287255286,0.37662337662337664,77,-0.10730783819655931,-10.730783819655931,-2.721494409056834,0.958020972140449,1.2662337662337663e-10,-0.042717949087592785,9860.947317127448,-0.013905268287255286
btc_vol_breakout_8m,0,0.025,0.06,0.0,0.2,5,random,0.036811378640594306,3.6811378640594308,0.36363636363636365,22,-0.04144298409225611,-4.144298409225611,16.05346835955124,1.351409186404083,4.954545454545454e-10,0.8626476325535586,10368.113786405944,0.036811378640594306
btc_hl_breakout_1m,0,0.005,0.06,0.0,0.1,180,random,0.005756753413797958,0.5756753413797957,0.2033898305084746,59,-0.039068507131810426,-3.9068507131810426,4.898831938970932,1.0635701390653303,1.8107344632768363e-10,0.10753612835177181,10057.56753413798,0.005756753413797958
btc_bullish,0,0.05,0.15,0.0,0.05,180,random,0.019062864653446247,1.9062864653446248,0.5,10,-0.01439326352783532,-1.439326352783532,24.203165936730514,2.0152063556067463,1.4366666666666667e-09,3.823062163076254,10190.628646534462,0.019062864653446247
btc_small_up_10m,0,0.01,0.15,0.0,0.1,120,random,0.016061432346798108,1.6061432346798108,0.17857142857142858,28,-0.03668503513204213,-3.668503513204213,11.174756486171031,1.259506425465985,4.0654761904761904e-10,0.5994860710129257,10160.61432346798,0.016061432346798108
btc_vol_breakout_10m,0,0.035,0.015,0.0,0.25,20,random,0.008569947001623906,0.8569947001623905,0.6410256410256411,39,-0.06519413714114641,-6.519413714114641,3.7437352092955507,1.047238914066387,2.478632478632479e-10,0.11362522731927724,10085.69947001624,0.008569947001623906
btc_vol_breakout_2m,0,0.1,0.06,0.0,0.5,360,random,0.12191015411082172,12.191015411082171,0.6666666666666666,15,-0.16811363218055986,-16.811363218055988,17.45600985951154,1.4088277238189726,9.433333333333334e-10,1.7326439093038948,11219.101541108217,0.12191015411082172
btc_hl_breakout_1m,0,0.005,0.3,0.0,0.2,30,random,0.058562370102798744,5.856237010279875,0.13043478260869565,23,-0.07684508486926322,-7.6845084869263225,20.188819240158576,1.6622838510415934,5.688405797101449e-10,1.3308015725721343,10585.623701027987,0.058562370102798744
btc_hl_breakout_4m,0,0.035,0.015,0.0,0.05,20,random,0.0136990544874747,1.36990544874747,0.6666666666666666,51,-0.012043455904784173,-1.2043455904784173,20.655717557542115,1.3398082007704906,2.2777777777777776e-10,0.5389835721235556,10136.990544874747,0.0136990544874747
btc_hl_breakout_10m,0,0.05,0.3,0.0,0.5,240,random,0.13643465779676417,13.643465779676417,0.5,4,-0.17916885962222373,-17.916885962222374,17.98037716809255,2.9125940059644586,3.6791666666666665e-09,7.044716829217852,11364.34657796764,0.13643465779676417
btc_hl_breakout_8m,0,0.0125,0.015,0.0,0.2,480,random,0.024905367086526395,2.4905367086526393,0.4666666666666667,75,-0.0677016258414268,-6.77016258414268,9.529969808995451,1.111846236721379,1.331111111111111e-10,0.17969669109407568,10249.053670865263,0.024905367086526395
btc_vol_breakout_2m,0,0.015,0.02,0.0,0.5,30,random,0.013243842862528254,1.3243842862528254,0.4626865671641791,67,-0.1337393011454432,-13.373930114544319,3.935861356991054,1.0242737303389433,1.6766169154228854e-10,0.07379894259938356,10132.438428625283,0.013243842862528254
btc_vol_breakout_3m,0,0.005,0.25,0.0,0.25,30,random,0.03819276571948353,3.819276571948353,0.10526315789473684,38,-0.08569731786675472,-8.569731786675472,11.787589595214756,1.2228580886649938,2.798245614035088e-10,0.47257147891061124,10381.927657194836,0.03819276571948353
btc_hl_breakout_10m,0,0.0075,0.03,0.0,0.05,20,random,0.002626803185281193,0.2626803185281193,0.3181818181818182,66,-0.023000680070526136,-2.3000680070526136,3.983490055379425,1.0503799112567644,1.6363636363636363e-10,0.08406058975723361,10026.268031852813,0.002626803185281193
btc_vol_breakout_3m,0,0.0175,0.12,0.0,0.1,10,random,0.021122571486946413,2.1122571486946415,0.2857142857142857,21,-0.03351314357572299,-3.3513143575722992,15.707765252323174,1.3740793577321733,5.873015873015873e-10,1.0326209337788297,10211.225714869464,0.021122571486946413
btc_vol_breakout_2m,0,0.1,0.04,0.0,0.4,180,random,0.09042962214501968,9.042962214501967,0.7222222222222222,18,-0.13628915985613677,-13.628915985613677,16.166532838702008,1.3983655439259548,7.962962962962963e-10,1.3183570921262004,10904.296221450197,0.09042962214501968
btc_hl_breakout_7m,0,0.02,0.15,0.0,0.15,240,random,0.05530546898877547,5.530546898877547,0.2727272727272727,22,-0.0471906277796067,-4.719062777960669,23.660964189095054,1.6090831085601554,6.303030303030303e-10,1.7018001240946257,10553.054689887755,0.05530546898877547
btc_small_down_10m,0,0.08,0.01,0.0,0.2,30,random,0.09039680494490665,9.039680494490664,0.8620689655172413,29,-0.03813999725845996,-3.8139997258459957,33.71267860332137,2.2488338032291297,3.6724137931034484e-10,1.5181980022864636,10903.968049449066,0.09039680494490665
btc_hl_breakout_4m,0,0.035,0.04,0.0,0.1,20,random,0.03254357122527044,3.2543571225270442,0.5675675675675675,37,-0.029349816401894713,-2.9349816401894713,23.631181862642816,1.4025972267108486,3.6396396396396397e-10,0.8824945377194549,10325.435712252704,0.03254357122527044
btc_hl_breakout_8m,0,0.0175,0.04,0.0,0.05,10,random,0.006515532804324988,0.6515532804324988,0.375,48,-0.017822443162473833,-1.7822443162473833,9.084677356534328,1.13031009437863,2.6006944444444443e-10,0.2775558980888652,10065.155328043249,0.006515532804324988
btc_hl_breakout_7m,0,0.025,0.015,0.0,0.2,10,random,0.0615000708326055,6.15000708326055,0.5964912280701754,57,-0.059048279379611435,-5.9048279379611435,21.090217106341385,1.3121930968553552,2.0672514619883043e-10,0.5455730378980317,10615.000708326055,0.0615000708326055
btc_hl_breakout_4m,0,0.0075,0.04,0.0,0.25,720,random,0.016447138910057946,1.6447138910057946,0.3225806451612903,62,-0.07151542999161487,-7.151542999161487,6.010407471462186,1.0635730551874274,1.9381720430107526e-10,0.1262173546990699,10164.47138910058,0.016447138910057946
btc_hl_breakout_6m,0,0.01,0.035,0.0,0.05,60,random,0.0011251055817488294,0.11251055817488294,0.3114754098360656,61,-0.01692757510159948,-1.692757510159948,1.9212349585382693,1.021712891520246,1.8114754098360656e-10,0.0413786886130192,10011.251055817489,0.0011251055817488294
btc_alt_aligned,0,0.025,0.1,0.0,0.4,5,random,0.12473776718883137,12.473776718883137,0.3448275862068966,29,-0.1258263990915155,-12.582639909151549,20.587287232233617,1.3421268975458245,4.919540229885058e-10,1.131704205990885,11247.377671888313,0.12473776718883137
btc_vol_breakout_10m,0,0.015,0.15,0.0,0.05,15,random,0.010351378767496066,1.0351378767496067,0.17647058823529413,17,-0.010720562041478643,-1.0720562041478643,16.74546847155385,1.5610146758105856,7.019607843137255e-10,1.231223482565337,10103.513787674961,0.010351378767496066
btc_hl_breakout_8m,0,0.005,0.015,0.0,0.2,10,random,-0.014609609890064303,-1.4609609890064303,0.3118279569892473,93,-0.10347978823053927,-10.347978823053927,-4.672622602303962,0.9371648205701718,9.49820788530466e-11,-0.06745699151062905,9853.903901099357,-0.014609609890064303
btc_small_up_9m,0,0.025,0.05,0.0,0.05,240,random,0.008851995260426316,0.8851995260426315,0.41935483870967744,31,-0.015524519451235785,-1.5524519451235785,14.061902869548831,1.2609539573460224,3.559139784946237e-10,0.5774203671297004,10088.519952604263,0.008851995260426316
btc_hl_breakout_7m,0,0.025,0.12,0.0,0.5,20,random,0.18802692969653234,18.802692969653233,0.32,25,-0.15699678837515896,-15.699678837515895,24.35309901888511,1.4447646400148526,5.733333333333333e-10,1.5746439681464133,11880.269296965324,0.18802692969653234
btc_small_up_9m,0,0.025,0.12,0.0,0.05,90,random,0.00985954298283508,0.985954298283508,0.3,20,-0.01479258576200726,-1.479258576200726,14.972410322954445,1.3392677947370708,6.016666666666667e-10,1.0013905106167846,10098.59542982835,0.00985954298283508
btc_hl_breakout_1m,0,0.0075,0.04,0.0,0.1,45,random,0.007785337558272101,0.7785337558272101,0.3050847457627119,59,-0.03540885107624414,-3.540885107624414,6.484993716166946,1.0806271785141535,2.0169491525423727e-10,0.14041321714516425,10077.853375582721,0.007785337558272101
btc_bullish,0,0.01,0.2,0.0,0.05,120,random,0.01082808083093713,1.082808083093713,0.18518518518518517,27,-0.015376364142467902,-1.5376364142467902,14.184917661900325,1.3322061003089207,5.092592592592593e-10,0.8176240226554818,10108.280808309371,0.01082808083093713
btc_hl_breakout_5m,0,0.05,0.08,0.0,0.2,720,random,0.04118952569232158,4.118952569232158,0.45,20,-0.07846770222629196,-7.846770222629196,13.948052537843827,1.285255080444906,6.808333333333333e-10,1.082088649196475,10411.895256923215,0.04118952569232158
btc_vol_breakout_2m,0,0.02,0.3,0.0,0.1,60,random,0.046919759959767916,4.691975995976792,0.23076923076923078,13,-0.0276507563531897,-2.76507563531897,27.55633511858963,2.3014736755596727,1.0910256410256412e-09,3.6386576313511263,10469.197599597679,0.046919759959767916
btc_vol_breakout_8m,0,0.0175,0.015,0.0,0.3,180,random,-0.0018174853331617668,-0.18174853331617669,0.5102040816326531,49,-0.06563399003131487,-6.563399003131487,0.2947314194595552,0.9916482692767383,1.608843537414966e-10,0.005926540959251175,9981.825146668383,-0.0018174853331617668
btc_vol_breakout_3m,0,0.06,0.1,0.0,0.5,1440,random,0.1650136235467813,16.501362354678133,0.4666666666666667,15,-0.16048597796543318,-16.04859779654332,22.503114658453548,1.5097071354572622,8.966666666666666e-10,2.2912095377107113,11650.136235467813,0.1650136235467813
btc_alt_aligned,0,0.05,0.025,0.0,0.05,1440,random,0.015220012122582057,1.5220012122582056,0.6428571428571429,42,-0.017015535028836792,-1.7015535028836792,19.824652777626575,1.3210670397918594,3.365079365079365e-10,0.7286481456951115,10152.20012122582,0.015220012122582057
btc_alt_aligned,0,0.025,0.25,0.0,0.3,180,random,0.11885792157218757,11.885792157218757,0.2857142857142857,14,-0.09749351965632103,-9.749351965632103,24.282032666430332,1.8569107106951497,1.0452380952380954e-09,2.9173900198093907,11188.579215721875,0.11885792157218757
btc_bullish,0,0.0175,0.035,0.0,0.2,360,random,0.039350140185357485,3.9350140185357487,0.39655172413793105,58,-0.05505667594273145,-5.505667594273145,13.657966365766729,1.1688681137142645,2.21551724137931e-10,0.35660757725257586,10393.501401853575,0.039350140185357485
btc_hl_breakout_5m,0,0.03,0.06,0.0,0.5,480,random,0.010447186976750799,1.04471869767508,0.3870967741935484,31,-0.20408318823748894,-20.408318823748893,3.528795058969643,1.021559413213288,4.516129032258065e-10,0.17719600974821115,10104.471869767509,0.010447186976750799
btc_hl_breakout_7m,0,0.08,0.08,0.0,0.4,15,random,0.12196833206240267,12.196833206240267,0.6,15,-0.13241162227889025,-13.241162227889024,20.519947743101724,1.500347235341269,9.611111111111112e-10,2.0922349715625823,11219.683320624026,0.12196833206240267
btc_hl_breakout_10m,0,0.04,0.25,0.0,0.4,30,random,0.1279036450638664,12.79036450638664,0.3076923076923077,13,-0.14587806111408652,-14.587806111408652,20.734228223366163,1.6221713707005652,1.1012820512820513e-09,2.6462186431258856,11279.036450638665,0.1279036450638664
btc_hl_breakout_6m,0,0.0075,0.03,0.0,0.4,90,random,-0.055310966089892735,-5.531096608989274,0.3,70,-0.18990703549162524,-18.990703549162525,-9.909563862193018,0.8803257200327418,1.6452380952380952e-10,-0.17581347496215796,9446.890339101072,-0.055310966089892735
btc_hl_breakout_9m,0,0.005,0.15,0.0,0.25,5,random,0.014954630645757288,1.4954630645757288,0.10204081632653061,49,-0.13277716513698268,-13.277716513698268,5.029947332430013,1.0648208946634115,2.425170068027211e-10,0.1747887440309449,10149.546306457572,0.014954630645757288
btc_hl_breakout_7m,0,0.0125,0.15,0.0,0.2,30,random,0.06634133999019619,6.634133999019618,0.21428571428571427,28,-0.07225291521065125,-7.225291521065125,21.14948925863972,1.5014765718539715,4.93452380952381e-10,1.2211847126761664,10663.413399901961,0.06634133999019619
btc_hl_breakout_1m,0,0.05,0.2,0.0,0.5,5,random,0.06600145276322464,6.600145276322464,0.36363636363636365,11,-0.17471286331659852,-17.47128633165985,11.18792322070818,1.2467235946209445,1.3166666666666667e-09,1.5418215046689927,10660.014527632247,0.06600145276322464
btc_small_up_10m,0,0.025,0.05,0.0,0.05,90,random,0.009578003315869688,0.9578003315869688,0.38235294117647056,34,-0.019109547106206826,-1.9109547106206826,13.302042178048408,1.2405084574207406,3.4558823529411765e-10,0.5708973348987858,10095.780033158697,0.009578003315869688
btc_vol_breakout_9m,0,0.035,0.15,0.0,0.05,30,random,0.006342815119872973,0.6342815119872972,0.36363636363636365,11,-0.016091992830894908,-1.6091992830894908,9.576857715297386,1.3006207705693218,1.2318181818181818e-09,1.1810773776674859,10063.42815119873,0.006342815119872973
btc_vol_breakout_2m,0,0.025,0.01,0.0,0.3,120,random,0.08848891101283415,8.848891101283415,0.696969696969697,66,-0.04514123810147608,-4.514123810147607,25.297876967870955,1.3709739393189497,1.5126262626262626e-10,0.44505918433603914,10884.88911012834,0.08848891101283415
btc_vol_breakout_8m,0,0.015,0.045,0.0,0.2,480,random,0.04010807366153826,4.010807366153826,0.38235294117647056,34,-0.03733953546463853,-3.733953546463853,18.633248104548063,1.3583895750706847,3.073529411764706e-10,0.597611808286487,10401.080736615382,0.04010807366153826
btc_vol_breakout_8m,0,0.0075,0.015,0.0,0.1,90,random,0.0001891820824669935,0.01891820824669935,0.40350877192982454,57,-0.026240711561108188,-2.6240711561108188,0.4819704770360772,1.002623688411046,1.2017543859649122e-10,0.008579846744085295,10001.89182082467,0.0001891820824669935
btc_vol_breakout_8m,0,0.03,0.025,0.0,0.4,60,random,0.11743199982172887,11.743199982172888,0.5882352941176471,34,-0.07953612064866167,-7.953612064866167,26.142129077236916,1.452178082838806,3.0784313725490195e-10,0.8606215601713337,11174.319998217288,0.11743199982172887
btc_vol_breakout_2m,0,0.0175,0.12,0.0,0.5,480,random,0.15559603741868633,15.559603741868633,0.2692307692307692,26,-0.1655025858660022,-16.55025858660022,22.64594688091913,1.442677011170724,5.076923076923076e-10,1.2782356517367255,11555.960374186863,0.15559603741868633
btc_hl_breakout_6m,0,0.025,0.01,0.0,0.15,15,random,0.023683920470766475,2.3683920470766475,0.6865671641791045,67,-0.03967988120189492,-3.9679881201894918,12.715449330182565,1.1756029085789674,1.5696517412935323e-10,0.2434512893758502,10236.839204707665,0.023683920470766475
btc_small_up_9m,0,0.0175,0.015,0.0,0.3,45,random,-0.0028954091934796,-0.28954091934796,0.49056603773584906,53,-0.07628385414403882,-7.628385414403882,0.15836135571430585,0.9885806086584102,1.6446540880503144e-10,0.004126411518016112,9971.045908065204,-0.0028954091934796
btc_hl_breakout_4m,0,0.035,0.04,0.0,0.2,15,random,0.06488542921733108,6.488542921733107,0.5675675675675675,37,-0.05808161607858042,-5.808161607858042,23.621836529796028,1.387185392331715,3.6396396396396397e-10,0.8824945377194544,10648.854292173311,0.06488542921733108
btc_hl_breakout_2m,0,0.015,0.25,0.0,0.05,360,random,0.01659428988958898,1.659428988958898,0.2,20,-0.017243308789771206,-1.7243308789771206,22.095550031397803,1.631084935211468,7.008333333333332e-10,1.6794841859170688,10165.94289889589,0.01659428988958898
btc_vol_breakout_9m,0,0.025,0.05,0.0,0.25,120,random,0.05394891060354389,5.394891060354389,0.43478260869565216,23,-0.0515588450115535,-5.1558845011553505,19.121390805070153,1.4380247478698813,4.862318840579711e-10,0.9575145041351213,10539.489106035438,0.05394891060354389
btc_hl_breakout_2m,0,0.01,0.08,0.0,0.05,30,random,0.00932212522157264,0.9322125221572639,0.2564102564102564,39,-0.020729050043540864,-2.0729050043540864,13.750087417608665,1.2587743957600248,3.2264957264957263e-10,0.48419736334475993,10093.221252215726,0.00932212522157264
btc_vol_breakout_10m,0,0.0125,0.05,0.0,0.3,45,random,0.04265978644888246,4.2659786448882455,0.3235294117647059,34,-0.058336739881551525,-5.8336739881551525,14.125780286268718,1.2417195314594576,2.6911764705882354e-10,0.4387024846312047,10426.597864488824,0.04265978644888246
btc_vol_breakout_3m,0,0.08,0.1,0.0,0.2,20,random,0.0748027212496291,7.48027212496291,0.5333333333333333,15,-0.06286876741043645,-6.2868767410436455,25.027193139939257,1.6057662377801338,9.011111111111112e-10,2.517518444741172,10748.02721249629,0.0748027212496291
btc_hl_breakout_6m,0,0.1,0.2,0.0,0.25,480,random,0.08662912622084236,8.662912622084235,0.5714285714285714,7,-0.08422667571573095,-8.422667571573095,22.33744122860909,1.9749718773990041,2.088095238095238e-09,5.074999963286035,10866.291262208424,0.08662912622084236
btc_small_down_10m,0,0.035,0.2,0.0,0.2,5,random,0.04513141584391874,4.5131415843918745,0.3333333333333333,12,-0.07621603981369152,-7.621603981369152,16.153088299660187,1.469019584084239,1.1666666666666666e-09,1.9969597052905956,10451.314158439187,0.04513141584391874
btc_small_down_10m,0,0.025,0.08,0.0,0.5,90,random,0.11931679924389892,11.931679924389892,0.38461538461538464,26,-0.15886596361345218,-15.886596361345218,18.32533392364517,1.3352303611062728,4.698717948717948e-10,0.9762290554821943,11193.16799243899,0.11931679924389892
btc_small_up_9m,0,0.0175,0.03,0.0,0.1,45,random,0.01090887307892956,1.090887307892956,0.4186046511627907,43,-0.026614460589750255,-2.6614460589750255,9.312919478139516,1.1429434129544986,2.3372093023255816e-10,0.2620372491455631,10109.088730789295,0.01090887307892956
btc_small_up_10m,0,0.0075,0.045,0.0,0.5,480,random,0.1765034878405052,17.65034878405052,0.3333333333333333,51,-0.1146678487341688,-11.46678487341688,25.68512407505631,1.402466863814016,1.699346405228758e-10,0.6911626208181302,11765.034878405051,0.1765034878405052
btc_hl_breakout_5m,0,0.0075,0.015,0.0,0.5,1440,random,-0.08056914296627038,-8.056914296627038,0.3855421686746988,83,-0.22748875506332222,-22.748875506332222,-11.72594375947935,0.8645349794430585,1.1405622489959838e-10,-0.17522251359040675,9194.308570337296,-0.08056914296627038
btc_hl_breakout_3m,0,0.01,0.2,0.0,0.15,10,random,0.01957806841578772,1.9578068415787722,0.16666666666666666,24,-0.05575202622826181,-5.575202622826181,10.31582816210691,1.2384452253073799,5.590277777777778e-10,0.5905164397320968,10195.780684157877,0.01957806841578772
btc_hl_breakout_3m,0,0.08,0.06,0.0,0.05,5,random,0.014352168457033678,1.4352168457033678,0.625,16,-0.017167965604507507,-1.7167965604507507,19.378026348467092,1.5565874611209134,8.833333333333334e-10,1.8023183005569845,10143.521684570336,0.014352168457033678
btc_hl_breakout_5m,0,0.0175,0.05,0.0,0.1,15,random,-0.009263704934179487,-0.9263704934179486,0.30952380952380953,42,-0.04080910439725616,-4.080910439725615,-6.728522638326342,0.9074020355730869,3.0912698412698413e-10,-0.20750352892908813,9907.362950658206,-0.009263704934179487
btc_small_down_10m,0,0.02,0.06,0.0,0.3,60,random,0.044621007703309803,4.462100770330981,0.35294117647058826,34,-0.08017589186756358,-8.017589186756357,12.082667112258585,1.191982122165739,3.147058823529412e-10,0.4742909498288755,10446.210077033098,0.044621007703309803
btc_hl_breakout_7m,0,0.025,0.03,0.0,0.4,180,random,0.1306088789326182,13.06088789326182,0.5111111111111111,45,-0.1097492996568844,-10.97492996568844,22.23969000546987,1.3138688219517167,2.8629629629629627e-10,0.7408988562268591,11306.088789326182,0.1306088789326182
btc_bullish,0,0.005,0.06,0.0,0.05,120,random,0.014608141199760371,1.4608141199760372,0.21428571428571427,70,-0.011926695920030594,-1.1926695920030594,19.458670718163066,1.2967630457997439,1.7547619047619046e-10,0.4202554902849869,10146.081411997604,0.014608141199760371
btc_hl_breakout_2m,0,0.04,0.025,0.0,0.4,90,random,0.08476643042430415,8.476643042430416,0.631578947368421,38,-0.09195592031245925,-9.195592031245925,16.811907187504843,1.2477691955762378,3.4035087719298245e-10,0.5874459105824293,10847.66430424304,0.08476643042430415
btc_hl_breakout_5m,0,0.03,0.02,0.0,0.25,1440,random,0.0189552327555969,1.89552327555969,0.5531914893617021,47,-0.09186439535877122,-9.186439535877122,6.81121323732667,1.0799350952771223,2.49645390070922e-10,0.18550427625047622,10189.552327555968,0.0189552327555969
btc_hl_breakout_1m,0,0.005,0.02,0.0,0.3,15,random,-0.03216589431875805,-3.216589431875805,0.3132530120481928,83,-0.13143842051810672,-13.143842051810672,-8.08842282455291,0.9001736792633193,1.106425702811245e-10,-0.11598799215802424,9678.34105681242,-0.03216589431875805
btc_vol_breakout_8m,0,0.01,0.1,0.0,0.2,720,random,0.03187663746276519,3.1876637462765185,0.2,35,-0.04434857600464481,-4.434857600464481,14.422229669338906,1.2608087149544416,3.019047619047619e-10,0.47570806857151715,10318.766374627652,0.03187663746276519
btc_vol_breakout_9m,0,0.05,0.04,0.0,0.25,90,random,0.02087376543378514,2.087376543378514,0.5714285714285714,28,-0.08404483112372718,-8.404483112372718,7.436732045331502,1.1061686063315548,4.2023809523809523e-10,0.34229701272199115,10208.737654337852,0.02087376543378514
btc_vol_breakout_8m,0,0.08,0.025,0.0,0.4,5,random,0.08408195365738043,8.408195365738043,0.7272727272727273,22,-0.0905875427399524,-9.05875427399524,18.89448471931192,1.3869636929414881,5.651515151515151e-10,0.9944835555388977,10840.819536573805,0.08408195365738043
btc_alt_aligned,0,0.015,0.05,0.0,0.25,15,random,0.059780680675478516,5.978068067547851,0.3269230769230769,52,-0.07587535424521563,-7.587535424521564,16.103666575428303,1.2223621912575546,2.66025641025641e-10,0.4829508087245738,10597.806806754785,0.059780680675478516
btc_hl_breakout_6m,0,0.035,0.03,0.0,0.5,240,random,0.013949517204500899,1.3949517204500899,0.5277777777777778,36,-0.166750392471826,-16.6750392471826,4.031338659170092,1.0296961971160958,3.5925925925925927e-10,0.1485393973308415,10139.495172045008,0.013949517204500899
btc_hl_breakout_3m,0,0.035,0.15,0.0,0.5,30,random,0.18239489857712923,18.239489857712922,0.4166666666666667,12,-0.16448218443042129,-16.44821844304213,23.597796695617774,1.7283877384774975,1.1694444444444445e-09,3.17137461369262,11823.948985771292,0.18239489857712923
btc_bullish,0,0.04,0.02,0.0,0.1,30,random,0.03755089014429984,3.7550890144299838,0.6511627906976745,43,-0.026133214295816165,-2.6133214295816165,25.150636886298635,1.469534891352416,3.0930232558139534e-10,0.8721529701291548,10375.508901442998,0.03755089014429984
btc_small_up_10m,0,0.06,0.06,0.0,0.25,45,random,0.051700170132999844,5.170017013299985,0.5263157894736842,19,-0.08970850990758183,-8.970850990758183,14.790125127204155,1.3084925921774329,6.938596491228069e-10,1.1444693236172538,10517.001701329998,0.051700170132999844
btc_hl_breakout_8m,0,0.1,0.05,0.0,0.1,15,random,0.020777275935479043,2.0777275935479045,0.6470588235294118,17,-0.03925190852484417,-3.925190852484417,14.046362977263918,1.3517666317368813,8.372549019607843e-10,1.2501898123034874,10207.77275935479,0.020777275935479043
btc_bullish,0,0.04,0.03,0.0,0.5,720,random,0.14245503192517744,14.245503192517745,0.5833333333333334,36,-0.14899699665629862,-14.899699665629862,19.784726476293713,1.2996222080919997,3.7407407407407407e-10,0.8302239905784891,11424.550319251775,0.14245503192517744
btc_hl_breakout_9m,0,0.005,0.02,0.0,0.2,1440,random,-0.004383051723154563,-0.4383051723154563,0.29213483146067415,89,-0.10604541407465562,-10.604541407465561,-0.7947034640705437,0.9813432835906564,1.0411985018726593e-10,-0.011837169496438874,9956.169482768455,-0.004383051723154563
btc_hl_breakout_3m,0,0.06,0.035,0.0,0.15,120,random,0.05462381317763986,5.462381317763986,0.7037037037037037,27,-0.04612754241978345,-4.612754241978346,24.372794495794817,1.5977594104380375,5.098765432098765e-10,1.342741892776994,10546.2381317764,0.05462381317763986
btc_small_up_10m,0,0.025,0.025,0.0,0.4,120,random,0.08913063361826552,8.913063361826552,0.5,40,-0.12670557410988081,-12.670557410988081,16.99677551019494,1.2608217727931392,2.5458333333333336e-10,0.5870138134632258,10891.306336182655,0.08913063361826552
btc_small_down_10m,0,0.0175,0.04,0.0,0.3,240,random,-0.0034139566767747965,-0.34139566767747964,0.3333333333333333,36,-0.08065561519044417,-8.065561519044417,0.19808321214522678,0.9848986582071655,2.9814814814814814e-10,0.002333541435898964,9965.860433232252,-0.0034139566767747965
btc_hl_breakout_5m,0,0.06,0.06,0.0,0.15,480,random,0.0504343529500585,5.04343529500585,0.5714285714285714,21,-0.05373530400755655,-5.373530400755655,21.927128600521975,1.493947513979053,6.785714285714286e-10,1.6136366884964524,10504.343529500586,0.0504343529500585
btc_hl_breakout_1m,0,0.02,0.04,0.0,0.5,20,random,0.11553638017482426,11.553638017482426,0.45454545454545453,44,-0.13326950818126815,-13.326950818126814,18.20482632058914,1.2367384102265706,2.912878787878788e-10,0.557279059490957,11155.363801748243,0.11553638017482426
btc_vol_breakout_3m,0,0.005,0.06,0.0,0.1,180,random,-0.014140833082159588,-1.4140833082159587,0.14814814814814814,54,-0.047025973574029045,-4.7025973574029045,-11.094692346620365,0.8330916189392831,1.5987654320987655e-10,-0.2537765341702072,9858.591669178404,-0.014140833082159588
btc_vol_breakout_8m,0,0.0075,0.04,0.0,0.25,30,random,0.00932334926344356,0.932334926344356,0.28888888888888886,45,-0.06919043451653262,-6.919043451653262,4.277107361926335,1.0516331696849464,2.0962962962962963e-10,0.10150566724775839,10093.233492634436,0.00932334926344356
btc_hl_breakout_8m,0,0.01,0.2,0.0,0.2,60,random,0.05051907786655486,5.051907786655486,0.1724137931034483,29,-0.0709087060656749,-7.09087060656749,17.432737688181476,1.3605524914308722,4.5114942528735635e-10,0.9327347644619103,10505.190778665548,0.05051907786655486
btc_small_up_10m,0,0.01,0.035,0.0,0.2,45,random,0.032049319382355564,3.2049319382355566,0.34615384615384615,52,-0.06447168809469528,-6.447168809469527,12.032570802327175,1.1747836138961407,1.7243589743589743e-10,0.32498308518630803,10320.493193823555,0.032049319382355564
btc_vol_breakout_10m,0,0.03,0.035,0.0,0.2,720,random,0.03213811484514706,3.213811484514706,0.5333333333333333,30,-0.057351837664224914,-5.735183766422491,13.589450795984954,1.2383886479690942,3.338888888888889e-10,0.5565012753793311,10321.38114845147,0.03213811484514706
btc_hl_breakout_7m,0,0.0125,0.08,0.0,0.3,15,random,0.058154872768348784,5.815487276834879,0.275,40,-0.10662825057708047,-10.662825057708048,14.1651152461399,1.2323449604719436,3.1958333333333334e-10,0.5190583161456264,10581.548727683488,0.058154872768348784
btc_bullish,0,0.0075,0.25,0.0,0.15,180,random,0.04343947325309896,4.3439473253098955,0.12903225806451613,31,-0.05230843857797263,-5.230843857797263,18.060193891813306,1.5302010370663044,4.408602150537635e-10,0.9693327765713247,10434.39473253099,0.04343947325309896
btc_vol_breakout_10m,0,0.05,0.025,0.0,0.1,180,random,0.02320263173008948,2.320263173008948,0.6551724137931034,29,-0.018842935517080384,-1.8842935517080384,21.010375021476488,1.393028863112873,3.442528735632184e-10,0.805625873724036,10232.026317300895,0.02320263173008948
btc_small_up_9m,0,0.005,0.04,0.0,0.15,10,random,0.035158430916170505,3.5158430916170507,0.32,50,-0.031072861937373908,-3.107286193737391,19.948554976544767,1.3445945085868996,1.6633333333333333e-10,0.4733547810071908,10351.584309161704,0.035158430916170505
btc_small_down_10m,0,0.035,0.3,0.0,0.4,360,random,0.1403638607282367,14.036386072823671,0.3333333333333333,9,-0.14018349126951768,-14.018349126951769,22.122609257415956,1.8054532112794033,1.5796296296296295e-09,4.220741212938343,11403.638607282366,0.1403638607282367
btc_vol_breakout_8m,0,0.1,0.04,0.0,0.3,180,random,0.04196588220732201,4.196588220732201,0.7,20,-0.09685068505974892,-9.685068505974892,11.794630979634025,1.2274781132395227,6.6e-10,0.7660731909190384,10419.65882207322,0.04196588220732201
btc_vol_breakout_2m,0,0.005,0.1,0.0,0.15,360,random,-0.002773379818704211,-0.2773379818704211,0.125,56,-0.061329736837544724,-6.132973683754472,-0.8189935683758397,0.977385012479945,1.994047619047619e-10,-0.017584937790661875,9972.266201812958,-0.002773379818704211
btc_small_up_10m,0,0.0075,0.08,0.0,0.5,20,random,0.07312352947918953,7.312352947918953,0.23684210526315788,38,-0.15949399812836196,-15.949399812836196,12.109255767487557,1.1940226016757018,2.644736842105263e-10,0.4459538324716234,10731.235294791895,0.07312352947918953
btc_vol_breakout_10m,0,0.0125,0.08,0.0,0.05,720,random,0.014171371228540152,1.4171371228540153,0.26666666666666666,30,-0.011164512442090047,-1.1164512442090047,23.537010607851034,1.5133728782508884,3.3666666666666664e-10,0.9477820942996075,10141.713712285402,0.014171371228540152
btc_small_down_10m,0,0.05,0.2,0.0,0.2,1440,random,0.06481471215186031,6.481471215186032,0.4,10,-0.06870452692689166,-6.870452692689167,22.490827777190965,1.7548607701503396,1.4416666666666668e-09,3.3489245045687377,10648.147121518603,0.06481471215186031
btc_hl_breakout_6m,0,0.0175,0.03,0.0,0.15,20,random,-0.03283625226085912,-3.2836252260859125,0.35294117647058826,51,-0.08091895761762224,-8.091895761762224,-17.40410382086441,0.7962166204677468,2.395424836601307e-10,-0.4228826883133394,9671.637477391409,-0.03283625226085912
btc_hl_breakout_5m,0,0.015,0.12,0.0,0.5,45,random,0.09352224241419399,9.3522242414194,0.23333333333333334,30,-0.1668295449800059,-16.68295449800059,15.089050999586727,1.2232856656969946,4.527777777777778e-10,0.7466429049452348,10935.222424141939,0.09352224241419399
btc_small_up_9m,0,0.015,0.025,0.0,0.2,60,random,-0.0018021391586758228,-0.18021391586758229,0.3958333333333333,48,-0.06684792993661093,-6.684792993661093,-0.07578691122187191,0.9891441970809329,1.8645833333333332e-10,-0.002561908484227289,9981.978608413241,-0.0018021391586758228
btc_hl_breakout_6m,0,0.08,0.1,0.0,0.15,240,random,0.04632077895463444,4.6320778954634445,0.5384615384615384,13,-0.0479169690077591,-4.791696900775911,20.709022495163342,1.5731825811491185,1.1076923076923078e-09,2.407490534692388,10463.207789546344,0.04632077895463444
btc_hl_breakout_3m,0,0.08,0.02,0.0,0.1,15,random,0.0346509052670566,3.46509052670566,0.7741935483870968,31,-0.027677860448500735,-2.7677860448500735,23.801848441932687,1.5317185467599694,4.048387096774193e-10,1.1188974659872282,10346.509052670566,0.0346509052670566
btc_hl_breakout_4m,0,0.04,0.05,0.0,0.15,360,random,0.025871086889751767,2.5871086889751767,0.5,30,-0.04625352257765858,-4.625352257765858,12.751603474706553,1.206796102502292,4.5777777777777777e-10,0.5994882508128545,10258.710868897517,0.025871086889751767
btc_alt_aligned,0,0.005,0.25,0.0,0.5,120,random,0.17702726761082066,17.702726761082065,0.125,32,-0.15235598080122514,-15.235598080122514,22.576028750709188,1.6246620520496726,4.453125e-10,1.1954711403973834,11770.272676108207,0.17702726761082066
btc_vol_breakout_8m,0,0.035,0.02,0.0,0.15,20,random,0.041659308928258545,4.1659308928258545,0.6571428571428571,35,-0.03021970009254482,-3.021970009254482,25.72718938377339,1.4999820683256304,2.6095238095238093e-10,0.7921559727974788,10416.593089282585,0.041659308928258545
btc_hl_breakout_3m,0,0.015,0.12,0.0,0.3,60,random,0.08110892432234587,8.110892432234587,0.25925925925925924,27,-0.10156445824561033,-10.156445824561033,19.63730889377243,1.387355322042596,4.950617283950617e-10,1.060263324659031,10811.089243223458,0.08110892432234587
btc_hl_breakout_5m,0,0.01,0.3,0.0,0.3,30,random,0.09141884694414475,9.141884694414475,0.2,15,-0.10261282980322506,-10.261282980322505,20.793286435129723,1.679001836223788,9.444444444444444e-10,2.16088470663207,10914.188469441448,0.09141884694414475
btc_hl_breakout_3m,0,0.05,0.25,0.0,0.05,5,random,0.014182163347286655,1.4182163347286656,0.3333333333333333,12,-0.01857008942715921,-1.8570089427159209,18.961643033722332,1.5100492954941507,1.2125e-09,2.4055271902926414,10141.821633472866,0.014182163347286655
btc_hl_breakout_6m,0,0.0125,0.05,0.0,0.2,720,random,-0.0010143330512732065,-0.10143330512732064,0.30612244897959184,49,-0.06617301611098647,-6.617301611098647,0.40184645374513894,0.9948863570734134,2.510204081632653e-10,0.014617479389398695,9989.856669487268,-0.0010143330512732065
btc_hl_breakout_10m,0,0.035,0.035,0.0,0.25,480,random,0.06800850467883461,6.800850467883461,0.5428571428571428,35,-0.07954882315662959,-7.9548823156629584,18.804301907661465,1.3013193276161872,3.671428571428571e-10,0.7987638443371234,10680.085046788347,0.06800850467883461
btc_hl_breakout_7m,0,0.025,0.025,0.0,0.1,60,random,0.0326518609822932,3.26518609822932,0.5319148936170213,47,-0.028096095059121362,-2.809609505912136,22.16040403020398,1.3603828468694712,2.7234042553191487e-10,0.69761701485841,10326.518609822931,0.0326518609822932
btc_hl_breakout_8m,0,0.015,0.12,0.0,0.2,120,random,0.05205891284901347,5.205891284901347,0.25,28,-0.07256982001989432,-7.2569820019894316,17.25293291898752,1.364430281934572,4.827380952380953e-10,0.9721944191149511,10520.589128490135,0.05205891284901347
btc_vol_breakout_9m,0,0.015,0.01,0.0,0.15,1440,random,0.02140954463220926,2.140954463220926,0.6226415094339622,53,-0.022377634394242785,-2.2377634394242785,15.092577399284833,1.2624648351168462,1.2264150943396225e-10,0.27388586396980563,10214.095446322093,0.02140954463220926
btc_vol_breakout_8m,0,0.06,0.035,0.0,0.2,480,random,0.02189762596345313,2.189762596345313,0.64,25,-0.05855186040740923,-5.855186040740923,9.32147183117457,1.16538921168901,4.7e-10,0.4702930023280726,10218.976259634532,0.02189762596345313
btc_vol_breakout_9m,0,0.005,0.045,0.0,0.4,20,random,8.274396725437328e-06,0.0008274396725437329,0.22448979591836735,49,-0.0959335264591814,-9.593352645918142,1.1949153474418122,1.0000302673637937,1.639455782312925e-10,0.02529605372563961,10000.082743967254,8.274396725437328e-06
btc_hl_breakout_1m,0,0.03,0.1,0.0,0.5,45,random,-0.006476431823535222,-0.6476431823535223,0.32,25,-0.200173695422333,-20.017369542233297,1.0055622057265303,0.9847487523164424,5.346666666666667e-10,0.07743780311753615,9935.235681764647,-0.006476431823535222
btc_bullish,0,0.025,0.025,0.0,0.2,60,random,0.05231094683486058,5.231094683486058,0.52,50,-0.0576655331571988,-5.7665533157198805,17.915845170859775,1.2643851114808062,2.6266666666666664e-10,0.5349937821281647,10523.109468348606,0.05231094683486058
btc_vol_breakout_10m,0,0.03,0.08,0.0,0.05,10,random,0.016935370733665103,1.6935370733665103,0.4,20,-0.011010825746241903,-1.1010825746241903,27.37909336941827,1.6873860739226483,5.366666666666667e-10,1.6947695594214336,10169.353707336651,0.016935370733665103
btc_small_up_10m,0,0.025,0.25,0.0,0.3,720,random,0.10524095546078424,10.524095546078424,0.25,16,-0.10839532543728736,-10.839532543728737,22.41982443202163,1.712542674017641,8.145833333333333e-10,2.2892766304287298,11052.409554607842,0.10524095546078424
btc_hl_breakout_3m,0,0.05,0.025,0.0,0.3,240,random,0.03407810860302452,3.4078108603024524,0.6285714285714286,35,-0.0923187700693614,-9.23187700693614,9.646174031576313,1.1306183259633356,3.804761904761905e-10,0.36429099505053875,10340.781086030245,0.03407810860302452
btc_hl_breakout_8m,0,0.04,0.2,0.0,0.4,1440,random,0.1529618784131124,15.29618784131124,0.35714285714285715,14,-0.13048685466872945,-13.048685466872945,24.7442065402476,1.6176520280666977,1.0011904761904761e-09,2.8860953647924483,11529.618784131124,0.1529618784131124
btc_hl_breakout_7m,0,0.015,0.05,0.0,0.2,10,random,0.024532158005619135,2.4532158005619134,0.3181818181818182,44,-0.06872257487664923,-6.872257487664923,9.178044416202415,1.1289081169733213,2.9431818181818185e-10,0.3066370131928094,10245.321580056192,0.024532158005619135
btc_hl_breakout_7m,0,0.01,0.015,0.0,0.2,5,random,0.02249211555761201,2.249211555761201,0.43373493975903615,83,-0.06327924189068357,-6.327924189068357,8.619955902178635,1.0978816454792188,1.2108433734939757e-10,0.14846305180726832,10224.92115557612,0.02249211555761201
btc_hl_breakout_10m,0,0.06,0.25,0.0,0.3,120,random,0.07757990903321925,7.757990903321925,0.42857142857142855,7,-0.11541218394811548,-11.541218394811548,16.98804505506654,1.8042623133866278,2.088095238095238e-09,3.8924074396308397,10775.799090332192,0.07757990903321925
btc_vol_breakout_8m,0,0.015,0.3,0.0,0.15,360,random,0.03493798835548821,3.493798835548821,0.2222222222222222,9,-0.031614712759082675,-3.1614712759082675,17.600913040035568,2.291981526989645,1.5203703703703705e-09,2.635244231420659,10349.379883554882,0.03493798835548821
btc_bullish,0,0.0075,0.3,0.0,0.2,240,random,0.06335072650958364,6.335072650958364,0.2857142857142857,7,-0.06903615731816226,-6.903615731816226,19.132607973650202,4.3478792040796,2.0833333333333334e-09,4.537543852434349,10633.507265095835,0.06335072650958364
btc_hl_breakout_10m,0,0.02,0.2,0.0,0.4,10,random,0.09248878055680934,9.248878055680935,0.25,20,-0.12580798331737364,-12.580798331737364,16.415517275410554,1.3351908328568474,6.966666666666666e-10,1.313374765053369,10924.887805568094,0.09248878055680934
btc_alt_aligned,0,0.005,0.045,0.0,0.4,10,random,0.035200581454898426,3.5200581454898425,0.2222222222222222,90,-0.14724650272573203,-14.724650272573204,7.40652218999209,1.0668905464219365,1.4537037037037036e-10,0.12587875690149045,10352.005814548984,0.035200581454898426
btc_hl_breakout_6m,0,0.05,0.03,0.0,0.05,15,random,0.0017811183798493858,0.17811183798493857,0.5757575757575758,33,-0.018663957613764492,-1.8663957613764492,2.8386866681983514,1.041259703787644,3.9595959595959594e-10,0.11622274914044979,10017.811183798494,0.0017811183798493858
btc_vol_breakout_9m,0,0.0075,0.05,0.0,0.5,15,random,-0.0010511444133464464,-0.10511444133464465,0.24390243902439024,41,-0.11114276331263073,-11.114276331263074,1.3152994749178617,0.9969161468683218,2.3414634146341464e-10,0.0343000056022167,9989.488555866536,-0.0010511444133464464
btc_hl_breakout_1m,0,0.005,0.15,0.0,0.5,45,random,0.04499600424054542,4.499600424054543,0.14705882352941177,34,-0.1869609037081955,-18.69609037081955,8.108116871115445,1.1273630382196296,3.5e-10,0.3751651030040351,10449.960042405455,0.04499600424054542
btc_vol_breakout_9m,0,0.01,0.03,0.0,0.4,480,random,0.042581060295256885,4.258106029525688,0.3409090909090909,44,-0.08884957691905038,-8.884957691905038,11.394938008085271,1.1523122845826195,1.9053030303030303e-10,0.26704414444868707,10425.81060295257,0.042581060295256885
btc_vol_breakout_2m,0,0.035,0.025,0.0,0.1,30,random,0.01926691310021297,1.926691310021297,0.6052631578947368,38,-0.024906305927664074,-2.4906305927664074,14.837026782649508,1.2539395356044627,3.434210526315789e-10,0.5147702895550199,10192.66913100213,0.01926691310021297
btc_hl_breakout_7m,0,0.08,0.04,0.0,0.2,45,random,0.053897543384912476,5.389754338491247,0.6666666666666666,21,-0.06793523275287561,-6.79352327528756,18.100167664349495,1.4236993982871649,6.825396825396825e-10,1.3101987769842682,10538.975433849126,0.053897543384912476
btc_vol_breakout_9m,0,0.01,0.05,0.0,0.15,240,random,0.010669707759365566,1.0669707759365565,0.2631578947368421,38,-0.029623207384411487,-2.9623207384411487,7.252743203578064,1.1205928775614402,2.565789473684211e-10,0.19888264206022055,10106.697077593655,0.010669707759365566
btc_hl_breakout_8m,0,0.04,0.025,0.0,0.3,480,random,0.07294994358846184,7.294994358846184,0.6052631578947368,38,-0.07922326295826776,-7.922326295826776,17.23364792117945,1.2687251212352932,3.3728070175438593e-10,0.6663063778196625,10729.499435884618,0.07294994358846184
btc_vol_breakout_9m,0,0.1,0.05,0.0,0.3,20,random,-0.003755668937667815,-0.37556689376678154,0.5454545454545454,11,-0.09683729461118873,-9.683729461118872,0.1614289363182505,0.9736614278453215,1.1151515151515151e-09,0.019591505048770722,9962.443310623323,-0.003755668937667815
btc_hl_breakout_9m,0,0.0175,0.01,0.0,0.15,180,random,-0.01195282049892071,-1.1952820498920709,0.5384615384615384,78,-0.07849143976576156,-7.849143976576157,-5.186278309940614,0.933057864235749,1.25e-10,-0.09188247806536917,9880.471795010793,-0.01195282049892071
btc_hl_breakout_7m,0,0.0175,0.035,0.0,0.25,360,random,0.020775618565480044,2.0775618565480043,0.37254901960784315,51,-0.10674253817618173,-10.674253817618172,6.7633892361823875,1.0753198928696015,2.477124183006536e-10,0.19228178090364423,10207.7561856548,0.020775618565480044
btc_vol_breakout_10m,0,0.02,0.1,0.0,0.1,30,random,0.03566380450950909,3.5663804509509087,0.3181818181818182,22,-0.021018729927101076,-2.1018729927101076,28.715409231643356,1.793533535404285,4.984848484848485e-10,1.6181188669577549,10356.638045095091,0.03566380450950909
btc_hl_breakout_1m,0,0.06,0.025,0.0,0.15,240,random,0.06809131242639999,6.809131242639999,0.7419354838709677,31,-0.03315145596679503,-3.315145596679503,30.430789432241376,1.781936992706997,4.327956989247312e-10,1.4419480672135032,10680.913124264,0.06809131242639999
btc_hl_breakout_8m,0,0.0175,0.04,0.0,0.15,120,random,0.018698351785551903,1.8698351785551903,0.375,48,-0.0529959047718046,-5.299590477180461,9.079300405535664,1.1210666261388185,2.6006944444444443e-10,0.2775558980888646,10186.983517855519,0.018698351785551903
btc_hl_breakout_6m,0,0.015,0.015,0.0,0.2,30,random,-0.008448073501044883,-0.8448073501044883,0.5070422535211268,71,-0.06734593987051662,-6.734593987051662,-2.701807314720313,0.9604787418616474,1.4624413145539906e-10,-0.046941822555713164,9915.51926498955,-0.008448073501044883
btc_hl_breakout_4m,0,0.1,0.15,0.0,0.2,45,random,0.08386826351981151,8.386826351981151,0.625,8,-0.06686978181878567,-6.686978181878567,26.44361531300168,2.20431581893894,1.8354166666666668e-09,5.251557890017043,10838.682635198114,0.08386826351981151
btc_hl_breakout_7m,0,0.06,0.15,0.0,0.1,45,random,0.035685750498823145,3.5685750498823143,0.5,12,-0.03608203203201732,-3.608203203201732,22.585314682866482,1.7249816166729985,1.2055555555555555e-09,2.997924882804335,10356.857504988231,0.035685750498823145
btc_vol_breakout_2m,0,0.02,0.12,0.0,0.2,45,random,0.06322677727715798,6.3226777277157975,0.2916666666666667,24,-0.06482688804872916,-6.482688804872916,22.63540351441486,1.4873148559022062,5.652777777777777e-10,1.3519956068309238,10632.26777277158,0.06322677727715798
btc_small_up_9m,0,0.05,0.04,0.0,0.1,120,random,0.02342069462283149,2.342069462283149,0.6071428571428571,28,-0.02285194671883206,-2.285194671883206,17.75275257165243,1.3134316896229123,4.1904761904761905e-10,0.8496231520735945,10234.206946228314,0.02342069462283149
btc_small_up_9m,0,0.02,0.2,0.0,0.5,360,random,-0.006190956097450271,-0.6190956097450271,0.19047619047619047,21,-0.16723225833407607,-16.723225833407607,1.0612303858879142,0.9819911466205219,5.976190476190475e-10,0.1321515308970626,9938.090439025498,-0.006190956097450271
btc_hl_breakout_6m,0,0.01,0.25,0.0,0.3,720,random,0.057408329221635766,5.740832922163577,0.15384615384615385,26,-0.11482365254293792,-11.482365254293791,14.198730512211272,1.292977513357752,5.192307692307692e-10,0.852468461420364,10574.083292216357,0.057408329221635766
btc_hl_breakout_6m,0,0.06,0.15,0.0,0.3,180,random,0.08317795635841976,8.317795635841977,0.5,10,-0.10517894953328888,-10.517894953328888,18.422429226270506,1.6255854031681654,1.4466666666666666e-09,2.8848193772413704,10831.779563584198,0.08317795635841976
btc_hl_breakout_4m,0,0.08,0.15,0.0,0.15,180,random,0.06300446608912409,6.300446608912409,0.5454545454545454,11,-0.0506988520501549,-5.06988520501549,26.378415241460925,1.8084080060798533,1.3242424242424243e-09,3.8530790449619934,10630.04466089124,0.06300446608912409
btc_hl_breakout_3m,0,0.01,0.25,0.0,0.5,120,random,0.11852972736803703,11.852972736803704,0.16,25,-0.18517988553197406,-18.517988553197405,17.678601117911736,1.3585039331108477,5.366666666666667e-10,1.1380408716679622,11185.297273680371,0.11852972736803703
btc_hl_breakout_10m,0,0.0125,0.15,0.0,0.2,90,random,0.057133357572618275,5.713335757261827,0.23809523809523808,21,-0.0679640020336888,-6.796400203368879,18.508516146860714,1.5200481064429587,6.619047619047619e-10,1.4116847713316312,10571.333575726183,0.057133357572618275
btc_alt_aligned,0,0.05,0.025,0.0,0.25,30,random,0.07456945723464305,7.456945723464305,0.6428571428571429,42,-0.08312780166588896,-8.312780166588896,19.77760505948376,1.2924025496470493,3.365079365079365e-10,0.7286481456951148,10745.69457234643,0.07456945723464305
btc_vol_breakout_3m,0,0.06,0.3,0.0,0.2,90,random,0.05524516824489551,5.5245168244895515,0.6666666666666666,3,-0.07663272005994504,-7.663272005994504,17.074338716290526,4.887704879206456,4.911111111111112e-09,9.290660915988754,10552.451682448955,0.05524516824489551
btc_small_up_9m,0,0.01,0.045,0.0,0.05,120,random,0.006358811985530133,0.6358811985530133,0.32558139534883723,43,-0.01286094320305975,-1.286094320305975,10.637517784527828,1.1818712139329652,2.1085271317829455e-10,0.29982112730437904,10063.588119855302,0.006358811985530133
btc_hl_breakout_2m,0,0.03,0.25,0.0,0.5,10,random,0.09120653699309696,9.120653699309695,0.26666666666666666,15,-0.18143991511322277,-18.143991511322277,14.064902536361629,1.2753980897970911,9.6e-10,1.5504308767510806,10912.06536993097,0.09120653699309696
btc_vol_breakout_9m,0,0.08,0.2,0.0,0.4,5,random,0.09827801854696791,9.82780185469679,0.5,8,-0.13144727951419066,-13.144727951419066,18.46759173571099,1.533994960362274,1.7875e-09,3.397007559078228,10982.780185469679,0.09827801854696791
btc_hl_breakout_6m,0,0.04,0.15,0.0,0.3,720,random,0.07800876520989418,7.8008765209894175,0.38461538461538464,13,-0.10568300337881398,-10.568300337881398,17.385168991167415,1.4904410681330613,1.0897435897435898e-09,2.1275479230525227,10780.087652098942,0.07800876520989418
btc_vol_breakout_8m,0,0.005,0.12,0.0,0.1,15,random,0.010880283639506728,1.0880283639506727,0.11764705882352941,34,-0.023255900247217687,-2.3255900247217687,9.439186516429139,1.212945671305206,3.068627450980392e-10,0.33575668320313123,10108.802836395067,0.010880283639506728
btc_small_up_10m,0,0.025,0.1,0.0,0.1,1440,random,0.03251899102000351,3.251899102000351,0.32,25,-0.035359007458257596,-3.5359007458257596,22.223675276162677,1.473736310527095,4.726666666666667e-10,1.317127761940412,10325.189910200035,0.03251899102000351
btc_hl_breakout_9m,0,0.1,0.3,0.0,0.2,5,random,0.079017022721633,7.901702272163299,0.5,6,-0.07297457891751935,-7.297457891751935,23.935972305065988,2.0489847561612193,2.4527777777777775e-09,6.758113997256057,10790.17022721633,0.079017022721633
btc_small_up_9m,0,0.0175,0.12,0.0,0.25,30,random,0.03465409863629334,3.465409863629334,0.24,25,-0.08117423126909407,-8.117423126909406,11.262487938404508,1.2115553994999677,4.5866666666666663e-10,0.6206822599584633,10346.540986362934,0.03465409863629334
btc_vol_breakout_8m,0,0.0125,0.06,0.0,0.05,1440,random,0.00245926040501933,0.245926040501933,0.25,32,-0.013072902225259031,-1.307290222525903,4.522503069284914,1.0824016659677722,3.21875e-10,0.15933693725817588,10024.592604050193,0.00245926040501933
btc_vol_breakout_2m,0,0.01,0.2,0.0,0.15,180,random,0.02133295743704557,2.133295743704557,0.19047619047619047,21,-0.053464442570448245,-5.3464442570448245,10.87501699285582,1.2635703202737678,6.619047619047619e-10,0.729826653966166,10213.329574370455,0.02133295743704557
btc_vol_breakout_9m,0,0.005,0.04,0.0,0.25,10,random,0.014992915981221358,1.4992915981221357,0.26,50,-0.062111671549126446,-6.211167154912644,6.488176842646108,1.0850318949078717,1.6299999999999998e-10,0.136092396963994,10149.929159812214,0.014992915981221358
btc_small_up_10m,0,0.0175,0.06,0.0,0.4,5,random,0.05967452991891851,5.967452991891851,0.2894736842105263,38,-0.14985165902543995,-14.985165902543995,11.690090282210335,1.1672656960993926,2.9736842105263155e-10,0.4507101247619326,10596.745299189184,0.05967452991891851
btc_vol_breakout_10m,0,0.0125,0.08,0.0,0.5,180,random,0.13803207797595604,13.803207797595604,0.26666666666666666,30,-0.10637816011490786,-10.637816011490786,23.361894742008488,1.4291842972699995,3.3666666666666664e-10,0.9477820942996065,11380.32077975956,0.13803207797595604
btc_small_down_10m,0,0.015,0.2,0.0,0.4,5,random,0.07337414990228586,7.337414990228586,0.2,20,-0.12490354795488456,-12.490354795488457,14.340221674525193,1.3611648914852321,6.733333333333333e-10,1.041805363069546,10733.741499022859,0.07337414990228586
btc_hl_breakout_10m,0,0.04,0.06,0.0,0.1,360,random,0.026489388401529892,2.648938840152989,0.4444444444444444,27,-0.03630067134769255,-3.630067134769255,17.403220339487266,1.3153941369561455,5.141975308641976e-10,0.9997981279206406,10264.893884015299,0.026489388401529892
btc_vol_breakout_3m,0,0.04,0.015,0.0,0.25,5,random,0.07886564584160533,7.886564584160532,0.7111111111111111,45,-0.052460089398844945,-5.2460089398844945,26.536996313808796,1.4633746581160212,2.3333333333333335e-10,0.6961735156326312,10788.656458416053,0.07886564584160533
btc_small_down_10m,0,0.0075,0.04,0.0,0.5,180,random,0.10360956090702884,10.360956090702885,0.3,50,-0.10994709092663624,-10.994709092663623,19.170617765420815,1.2835606557115156,1.9433333333333333e-10,0.42978561500667983,11036.09560907029,0.10360956090702884
btc_hl_breakout_3m,0,0.02,0.1,0.0,0.05,5,random,0.009645563195835564,0.9645563195835564,0.3333333333333333,24,-0.016969309304391333,-1.6969309304391333,13.84742588701018,1.317884221220212,5.625e-10,0.8128240138160485,10096.455631958355,0.009645563195835564
btc_hl_breakout_5m,0,0.01,0.015,0.0,0.2,480,random,0.010572692939965555,1.0572692939965556,0.45569620253164556,79,-0.06244303052434641,-6.244303052434641,4.825906349389086,1.048370472269852,1.2215189873417722e-10,0.0791154551576,10105.726929399656,0.010572692939965555
btc_hl_breakout_1m,0,0.0125,0.045,0.0,0.4,240,random,0.018021188023136164,1.8021188023136163,0.3137254901960784,51,-0.13796167982050622,-13.796167982050623,4.937333127216958,1.04401795403692,2.38562091503268e-10,0.12986775614340795,10180.211880231362,0.018021188023136164
btc_hl_breakout_6m,0,0.01,0.03,0.0,0.05,240,random,0.0005310920464154378,0.053109204641543784,0.3384615384615385,65,-0.01727849815416338,-1.727849815416338,1.0105556742588417,1.0100840520475232,1.6871794871794872e-10,0.020366372944021608,10005.310920464155,0.0005310920464154378
btc_vol_breakout_8m,0,0.025,0.08,0.0,0.1,360,random,0.030723399396556647,3.0723399396556648,0.36363636363636365,22,-0.02091916262340654,-2.091916262340654,25.13488109122658,1.5927617410277155,5.083333333333333e-10,1.4008204905008526,10307.233993965567,0.030723399396556647
btc_alt_aligned,0,0.03,0.035,0.0,0.5,360,random,0.06835562201787616,6.835562201787616,0.4772727272727273,44,-0.18330321730645327,-18.330321730645327,10.78434860695333,1.1142784508306467,3.1780303030303026e-10,0.3816499415485758,10683.556220178762,0.06835562201787616
btc_hl_breakout_7m,0,0.005,0.3,0.0,0.5,90,random,0.255778872018933,25.5778872018933,0.17647058823529413,17,-0.16254747489998989,-16.254747489998987,30.76706941880256,2.8917697974181538,8.19607843137255e-10,2.9604132910797474,12557.78872018933,0.255778872018933
btc_hl_breakout_6m,0,0.01,0.025,0.0,0.15,60,random,-0.004502076892823698,-0.45020768928236976,0.35294117647058826,68,-0.05321226690158454,-5.321226690158454,-1.788223142141004,0.972461109602062,1.5612745098039214e-10,-0.033030384898901144,9954.979231071764,-0.004502076892823698
btc_hl_breakout_6m,0,0.08,0.15,0.0,0.2,5,random,0.05974881065949023,5.974881065949023,0.4444444444444444,9,-0.06793523275287627,-6.793523275287628,19.54873472367588,1.6269674786801291,1.6203703703703704e-09,3.432703066035661,10597.488106594903,0.05974881065949023
btc_alt_aligned,0,0.1,0.04,0.0,0.1,360,random,0.03498253586798577,3.498253586798577,0.7391304347826086,23,-0.03591625394053677,-3.591625394053677,22.831829316394703,1.5452378452988955,6.289855072463768e-10,1.5266832417612772,10349.825358679858,0.03498253586798577
btc_hl_breakout_5m,0,0.08,0.04,0.0,0.05,240,random,0.013741007712083603,1.3741007712083604,0.6666666666666666,21,-0.017315140971883136,-1.7315140971883136,18.163971295919144,1.4508288612448434,6.777777777777778e-10,1.3160434412105448,10137.410077120836,0.013741007712083603
btc_hl_breakout_7m,0,0.0175,0.2,0.0,0.25,10,random,0.0691554380693553,6.9155438069355295,0.23809523809523808,21,-0.09166206130567933,-9.166206130567932,18.618327052474346,1.4212560256045632,6.690476190476191e-10,1.399887622093543,10691.554380693553,0.0691554380693553
btc_hl_breakout_3m,0,0.01,0.05,0.0,0.1,480,random,0.00380253681644391,0.380253681644391,0.2765957446808511,47,-0.034941729404846744,-3.4941729404846744,3.3523740613927666,1.0454956860431701,2.5106382978723406e-10,0.09276394109399465,10038.025368164439,0.00380253681644391
btc_hl_breakout_2m,0,0.06,0.15,0.0,0.15,90,random,0.049268646278880966,4.926864627888096,0.4166666666666667,12,-0.05388671390332489,-5.3886713903324885,21.18497958809889,1.6306749551369222,1.1763888888888887e-09,2.7840783228985675,10492.68646278881,0.049268646278880966
btc_bullish,0,0.0075,0.06,0.0,0.1,1440,random,0.024030774615511747,2.4030774615511747,0.234375,64,-0.028715722219980644,-2.8715722219980644,16.168529232654397,1.2289201181315694,1.9661458333333334e-10,0.3836592821695907,10240.307746155118,0.024030774615511747
btc_vol_breakout_3m,0,0.03,0.3,0.0,0.5,10,random,0.12230419180541002,12.230419180541002,0.4,5,-0.18799354190972506,-18.799354190972505,16.52665195997306,2.4952845828607186,2.9266666666666665e-09,5.126504657223376,11223.0419180541,0.12230419180541002
btc_small_down_10m,0,0.015,0.1,0.0,0.25,720,random,0.07208934765959661,7.208934765959661,0.3,30,-0.07969781931173159,-7.969781931173159,20.91371409362859,1.411225998668738,4.25e-10,0.9855491850973789,10720.893476595966,0.07208934765959661
btc_hl_breakout_7m,0,0.03,0.02,0.0,0.05,720,random,0.012964806229429422,1.2964806229429422,0.5714285714285714,49,-0.01755543340237964,-1.7555433402379639,18.29155739454179,1.2894201757532684,2.387755102040816e-10,0.5323371699409061,10129.648062294295,0.012964806229429422
btc_hl_breakout_2m,0,0.02,0.08,0.0,0.05,90,random,0.01261124121246587,1.261124121246587,0.3448275862068966,29,-0.016604498625645503,-1.6604498625645503,18.010307963269344,1.3688657353622442,4.528735632183908e-10,0.8762698208439439,10126.11241212466,0.01261124121246587
btc_small_down_10m,0,0.0075,0.06,0.0,0.25,60,random,0.04926418056205885,4.926418056205885,0.24489795918367346,49,-0.05168542084582095,-5.168542084582095,16.542244932131343,1.2592510535334036,1.9931972789115646e-10,0.41696831182140864,10492.641805620588,0.04926418056205885
btc_hl_breakout_7m,0,0.05,0.05,0.0,0.25,10,random,0.05537920624387648,5.537920624387648,0.5357142857142857,28,-0.09727383376425791,-9.727383376425792,15.10762779408628,1.252058351023039,4.922619047619048e-10,0.8371949847924307,10553.792062438764,0.05537920624387648
btc_bullish,0,0.025,0.05,0.0,0.3,180,random,0.08949229071820841,8.949229071820842,0.41025641025641024,39,-0.08150798285472671,-8.150798285472671,20.038416966142076,1.3097540069682658,3.431623931623932e-10,0.7888592627692866,10894.922907182085,0.08949229071820841
btc_hl_breakout_10m,0,0.02,0.03,0.0,0.15,45,random,0.017459930691223847,1.7459930691223848,0.4166666666666667,48,-0.05375828484023404,-5.375828484023404,8.602554238078028,1.1138368573041604,2.5416666666666667e-10,0.2603157931161592,10174.599306912238,0.017459930691223847
btc_hl_breakout_4m,0,0.01,0.05,0.0,0.25,10,random,0.019614225023327846,1.9614225023327845,0.2765957446808511,47,-0.06469036472058853,-6.469036472058853,6.948681114161268,1.0907614095549536,2.6134751773049645e-10,0.19624194941598058,10196.142250233279,0.019614225023327846
btc_hl_breakout_1m,0,0.1,0.2,0.0,0.4,60,random,0.08215719767158862,8.215719767158863,0.42857142857142855,7,-0.14888295774256477,-14.888295774256477,14.52650690197128,1.489837547574721,2.0833333333333334e-09,3.249124003587452,10821.571976715886,0.08215719767158862
btc_alt_aligned,0,0.01,0.025,0.0,0.25,480,random,0.03873517151252891,3.8735171512528908,0.37209302325581395,86,-0.08385167064704546,-8.385167064704547,11.133595835638285,1.1160795761347146,1.5426356589147287e-10,0.19653771260946745,10387.351715125289,0.03873517151252891
btc_hl_breakout_2m,0,0.08,0.12,0.0,0.3,1440,random,0.1426430793899414,14.26430793899414,0.5,14,-0.09329615585406315,-9.329615585406314,30.331355611080184,1.7235273551054378,1.0059523809523809e-09,3.4109634743226307,11426.430793899413,0.1426430793899414
btc_hl_breakout_2m,0,0.0175,0.025,0.0,0.4,480,random,-0.045645202705048814,-4.5645202705048815,0.40384615384615385,52,-0.1653650795259144,-16.53650795259144,-7.997398230905997,0.8919355362028405,2.217948717948718e-10,-0.1892477300838158,9543.547972949513,-0.045645202705048814
btc_hl_breakout_4m,0,0.04,0.06,0.0,0.5,15,random,0.11821822610075669,11.82182261007567,0.4827586206896552,29,-0.14857580834315098,-14.857580834315097,17.918465108180317,1.253719706977869,4.816091954022989e-10,0.8891629393388485,11182.182261007567,0.11821822610075669
btc_hl_breakout_4m,0,0.04,0.1,0.0,0.1,30,random,0.020719211690323085,2.0719211690323083,0.4444444444444444,18,-0.03341440565410625,-3.341440565410625,14.846645015217879,1.3456024565024398,7.787037037037037e-10,1.1754411055872236,10207.19211690323,0.020719211690323085
btc_hl_breakout_5m,0,0.025,0.05,0.0,0.2,10,random,0.019702630845588806,1.9702630845588807,0.40540540540540543,37,-0.06314240825469286,-6.314240825469286,7.793601327245114,1.1050376671937197,3.635135135135135e-10,0.2986144721796462,10197.026308455888,0.019702630845588806
btc_hl_breakout_1m,0,0.015,0.05,0.0,0.3,15,random,0.029660370931343823,2.9660370931343825,0.32558139534883723,43,-0.0897248420840141,-8.97248420840141,8.710519972656543,1.1092760735081373,2.937984496124031e-10,0.2667669683856663,10296.603709313438,0.029660370931343823
btc_alt_aligned,0,0.06,0.05,0.0,0.25,120,random,0.08333587725665362,8.333587725665362,0.6086956521739131,23,-0.08765790110960592,-8.765790110960591,21.78317141376062,1.4696761385509467,6.27536231884058e-10,1.4658989738014314,10833.358772566537,0.08333587725665362
btc_hl_breakout_2m,0,0.06,0.04,0.0,0.3,180,random,0.12567412655743646,12.567412655743645,0.6923076923076923,26,-0.09721901215517825,-9.721901215517825,27.194153031499084,1.6237103935720127,5.346153846153847e-10,1.5856342893633315,11256.741265574365,0.12567412655743646
btc_hl_breakout_1m,0,0.0075,0.08,0.0,0.15,60,random,0.012177072679696652,1.2177072679696652,0.23076923076923078,39,-0.05669632265058133,-5.669632265058134,6.961654655609802,1.1160666520282547,3.2179487179487177e-10,0.22643272095644065,10121.770726796967,0.012177072679696652
btc_hl_breakout_6m,0,0.04,0.04,0.0,0.05,45,random,0.006313050745610014,0.6313050745610014,0.5151515151515151,33,-0.01726995427340705,-1.726995427340705,9.483818783065665,1.1472367517156543,3.984848484848485e-10,0.39086318731523884,10063.1305074561,0.006313050745610014
btc_vol_breakout_8m,0,0.08,0.025,0.0,0.2,60,random,0.042938020571695004,4.293802057169501,0.7272727272727273,22,-0.04593638526612609,-4.593638526612609,18.997337109711697,1.4188559042833708,5.651515151515151e-10,0.9944835555388942,10429.38020571695,0.042938020571695004
btc_hl_breakout_7m,0,0.005,0.25,0.0,0.1,360,random,0.04070261095486239,4.070261095486239,0.14814814814814814,27,-0.03551686949566624,-3.5516869495666237,24.841564943719398,1.8838291022699527,4.858024691358025e-10,1.523632248151422,10407.026109548624,0.04070261095486239
btc_hl_breakout_4m,0,0.035,0.015,0.0,0.3,360,random,0.08102580130773644,8.102580130773644,0.6666666666666666,51,-0.07114336349895245,-7.114336349895245,20.681595169078594,1.308289631063712,2.2777777777777776e-10,0.5389835721235563,10810.258013077364,0.08102580130773644
btc_vol_breakout_3m,0,0.06,0.03,0.0,0.4,10,random,0.15175417036529892,15.175417036529893,0.7142857142857143,28,-0.1136556845931238,-11.365568459312382,25.579215299165835,1.5695950159794991,4.5833333333333335e-10,1.333958047920085,11517.541703652989,0.15175417036529892
btc_vol_breakout_8m,0,0.0125,0.045,0.0,0.05,180,random,0.005552712984921601,0.5552712984921602,0.3333333333333333,36,-0.01090711757504026,-1.090711757504026,10.530264124480631,1.189295465969538,2.777777777777778e-10,0.3123145661026397,10055.527129849215,0.005552712984921601
btc_hl_breakout_4m,0,0.05,0.15,0.0,0.4,240,random,0.1689206194166106,16.89206194166106,0.46153846153846156,13,-0.125794241874281,-12.579424187428101,26.601066393224556,1.7495599135347224,1.1038461538461538e-09,3.308115875760673,11689.206194166105,0.1689206194166106
btc_hl_breakout_6m,0,0.0075,0.03,0.0,0.5,15,random,-0.07088979001573362,-7.088979001573362,0.3,70,-0.23275572599746663,-23.275572599746663,-9.931675090910323,0.879135015278242,1.6452380952380952e-10,-0.17581347496215688,9291.102099842665,-0.07088979001573362
btc_hl_breakout_8m,0,0.03,0.045,0.0,0.05,120,random,0.004298300089694584,0.4298300089694584,0.4444444444444444,36,-0.0213043800158641,-2.13043800158641,5.911384224628176,1.0919334759635835,3.4583333333333333e-10,0.24749843731310117,10042.983000896946,0.004298300089694584
btc_hl_breakout_4m,0,0.0125,0.03,0.0,0.3,10,random,0.08737220518400145,8.737220518400145,0.45,60,-0.062126915963442,-6.2126915963442,22.45172530292476,1.292980461553075,1.8555555555555554e-10,0.4912553202341515,10873.722051840014,0.08737220518400145
btc_hl_breakout_10m,0,0.04,0.02,0.0,0.05,60,random,0.015702036099649062,1.5702036099649062,0.6590909090909091,44,-0.013328179955016117,-1.3328179955016117,21.50577275091325,1.377436963963674,2.9204545454545454e-10,0.7157827729242416,10157.02036099649,0.015702036099649062
btc_hl_breakout_1m,0,0.1,0.06,0.0,0.05,10,random,0.01408901951911979,1.408901951911979,0.6428571428571429,14,-0.01662163644751735,-1.6621636447517352,18.910370375634887,1.6106549495672906,1e-09,2.022468867615905,10140.890195191198,0.01408901951911979
btc_bullish,0,0.005,0.045,0.0,0.5,180,random,0.08705553752934639,8.70555375293464,0.24390243902439024,82,-0.13545715107032907,-13.545715107032908,13.290444722719474,1.1412502922422354,1.459349593495935e-10,0.2424455977795363,10870.555375293465,0.08705553752934639
btc_hl_breakout_2m,0,0.01,0.1,0.0,0.3,480,random,0.05319647003903728,5.319647003903729,0.23684210526315788,38,-0.11889117487762291,-11.889117487762292,13.686306699903229,1.2197830337442108,3.315789473684211e-10,0.5099896612564525,10531.964700390374,0.05319647003903728
btc_hl_breakout_3m,0,0.02,0.25,0.0,0.2,15,random,0.05066199591928946,5.066199591928946,0.2222222222222222,18,-0.06645409980605599,-6.645409980605599,17.551390992852024,1.4155250672405806,7.712962962962963e-10,1.5119384448003874,10506.619959192894,0.05066199591928946
btc_vol_breakout_10m,0,0.0175,0.04,0.0,0.1,720,random,0.008855974044584162,0.8855974044584162,0.4166666666666667,36,-0.02898683987086792,-2.898683987086792,7.616839659439629,1.1209651998158023,2.6851851851851853e-10,0.25702383537280765,10088.559740445842,0.008855974044584162
btc_hl_breakout_1m,0,0.0175,0.15,0.0,0.2,5,random,0.06551574842490308,6.551574842490308,0.2631578947368421,19,-0.062035621091360404,-6.2035621091360404,21.512158321443575,1.6242588787469232,7.105263157894736e-10,1.7697898743614535,10655.15748424903,0.06551574842490308
btc_vol_breakout_10m,0,0.06,0.01,0.0,0.4,60,random,0.036834375565723165,3.6834375565723168,0.7894736842105263,38,-0.09099019130780805,-9.099019130780805,9.805065294278087,1.1650551302589478,2.2982456140350876e-10,0.27157800076186595,10368.343755657232,0.036834375565723165
btc_vol_breakout_8m,0,0.02,0.15,0.0,0.05,60,random,0.009609531323465495,0.9609531323465494,0.2,15,-0.010560688975182031,-1.056068897518203,15.640415907309505,1.5415026492409514,8.433333333333333e-10,1.295900859157023,10096.095313234655,0.009609531323465495
btc_vol_breakout_2m,0,0.04,0.15,0.0,0.1,5,random,0.02324593812426184,2.3245938124261842,0.38461538461538464,13,-0.033736341653712865,-3.3736341653712865,16.703748233171865,1.456552122051462,1.0948717948717949e-09,1.8353327693273038,10232.45938124262,0.02324593812426184
btc_alt_aligned,0,0.025,0.025,0.0,0.2,720,random,0.047732207566596845,4.7732207566596845,0.5098039215686274,51,-0.06618731388276988,-6.618731388276988,16.118156090214203,1.2210045676230596,2.725490196078431e-10,0.4837998720508345,10477.322075665968,0.047732207566596845
btc_hl_breakout_2m,0,0.04,0.025,0.0,0.15,5,random,0.03287579942072184,3.2875799420721843,0.631578947368421,38,-0.0351280484111689,-3.51280484111689,16.75511798642408,1.276156360035313,3.4035087719298245e-10,0.5874459105824329,10328.757994207219,0.03287579942072184
btc_vol_breakout_10m,0,0.03,0.1,0.0,0.1,15,random,0.03965091608922947,3.9650916089229473,0.4117647058823529,17,-0.0219168876073621,-2.19168876073621,31.873549665033906,1.9804741342744936,6.480392156862745e-10,2.3209577252282347,10396.509160892294,0.03965091608922947
btc_hl_breakout_1m,0,0.0175,0.25,0.0,0.1,360,random,0.029642749444992636,2.9642749444992638,0.21052631578947367,19,-0.03377855631754656,-3.377855631754656,20.598013594553056,1.5251214518833318,7.149122807017544e-10,1.605852691060802,10296.427494449927,0.029642749444992636
btc_hl_breakout_7m,0,0.02,0.12,0.0,0.25,1440,random,0.09102870760149767,9.102870760149766,0.2857142857142857,28,-0.07760942524745973,-7.760942524745973,23.83634401543326,1.457865755470448,4.851190476190476e-10,1.3369540224625454,10910.287076014976,0.09102870760149767
btc_hl_breakout_4m,0,0.03,0.01,0.0,0.1,240,random,0.029163161089337995,2.9163161089337994,0.7213114754098361,61,-0.02095632757243182,-2.095632757243182,22.640024816565056,1.3625874728144236,1.762295081967213e-10,0.47934391518912645,10291.63161089338,0.029163161089337995
btc_small_up_10m,0,0.08,0.03,0.0,0.1,5,random,0.0487978062223203,4.87978062223203,0.8,25,-0.027122393769012265,-2.7122393769012265,33.254519176978235,2.0186332506027975,4.966666666666667e-10,1.9288426706278186,10487.978062223203,0.0487978062223203
btc_bullish,0,0.04,0.04,0.0,0.4,720,random,0.18405213199706077,18.40521319970608,0.5882352941176471,34,-0.1156148170771456,-11.56148170771456,29.77271253856149,1.5249761081686286,3.970588235294118e-10,1.325643028844107,11840.521319970609,0.18405213199706077
btc_hl_breakout_7m,0,0.015,0.035,0.0,0.15,720,random,0.026159104123955855,2.6159104123955856,0.37735849056603776,53,-0.05527442860426213,-5.527442860426213,12.691477909995001,1.1685877917402614,2.2547169811320756e-10,0.3431172656293449,10261.591041239559,0.026159104123955855
btc_vol_breakout_2m,0,0.005,0.12,0.0,0.25,60,random,0.009573006473101987,0.9573006473101987,0.10344827586206896,58,-0.08948538849938636,-8.948538849938636,3.838674192846118,1.0433485160355869,1.9051724137931035e-10,0.10224741240200724,10095.73006473102,0.009573006473101987
btc_hl_breakout_2m,0,0.035,0.02,0.0,0.2,20,random,0.08282896754137115,8.282896754137115,0.6818181818181818,44,-0.03800638347813956,-3.800638347813956,33.44526158605486,1.5967203342267322,2.7272727272727273e-10,0.9235690882195801,10828.289675413711,0.08282896754137115
btc_vol_breakout_8m,0,0.015,0.1,0.0,0.3,45,random,0.1073359599417121,10.73359599417121,0.28,25,-0.06226462792172982,-6.226462792172982,28.53475932525507,1.7299946017037073,4.753333333333333e-10,1.4219057912602053,11073.359599417121,0.1073359599417121
btc_hl_breakout_6m,0,0.08,0.025,0.0,0.5,15,random,0.10339635659743135,10.339635659743134,0.72,25,-0.14509060090881698,-14.509060090881698,15.497621323112428,1.2888070162798924,5.466666666666666e-10,0.897457150318848,11033.963565974314,0.10339635659743135
btc_hl_breakout_2m,0,0.0175,0.15,0.0,0.4,240,random,0.10555860134471663,10.555860134471663,0.24,25,-0.14967818307444836,-14.967818307444835,18.274441592213115,1.346004109702992,5.4e-10,1.161897556141213,11055.586013447166,0.10555860134471663
btc_hl_breakout_3m,0,0.01,0.3,0.0,0.5,1440,random,0.11586619777082242,11.586619777082243,0.15789473684210525,19,-0.18517988553197373,-18.517988553197373,17.184509617862606,1.431998476715471,7.18421052631579e-10,1.43023441822363,11158.661977708223,0.11586619777082242
btc_small_up_9m,0,0.0125,0.03,0.0,0.15,180,random,0.021194070960160866,2.1194070960160865,0.391304347826087,46,-0.03520093871714414,-3.5200938717144137,12.27023806568566,1.1939458942970653,2.0144927536231885e-10,0.31682363843996575,10211.94070960161,0.021194070960160866
btc_vol_breakout_3m,0,0.015,0.12,0.0,0.25,10,random,0.047326682451115085,4.732668245111508,0.2608695652173913,23,-0.085133749111036,-8.5133749111036,14.294381730999014,1.3170197679750688,5.478260869565217e-10,0.8872909686734098,10473.26682451115,0.047326682451115085
btc_vol_breakout_9m,0,0.0075,0.05,0.0,0.3,120,random,0.0012873396385853994,0.12873396385853994,0.24390243902439024,41,-0.06779827366084012,-6.779827366084012,1.3255415665587738,1.0064579928724398,2.3414634146341464e-10,0.03430000560221751,10012.873396385854,0.0012873396385853994
btc_hl_breakout_10m,0,0.05,0.03,0.0,0.1,120,random,0.02336778283603169,2.3367782836031687,0.6,35,-0.036862480037962886,-3.6862480037962886,15.90825020403615,1.2626918063403738,3.8142857142857146e-10,0.6801322107780711,10233.677828360316,0.02336778283603169
btc_hl_breakout_6m,0,0.05,0.08,0.0,0.25,720,random,0.007688604184160976,0.7688604184160976,0.4,20,-0.10219281387034529,-10.21928138703453,3.2234689025691323,1.040867410393793,6.85e-10,0.23134445724537242,10076.88604184161,0.007688604184160976
btc_small_down_10m,0,0.01,0.01,0.0,0.1,120,random,0.02415364976092817,2.415364976092817,0.49295774647887325,71,-0.018326587364437263,-1.8326587364437263,23.155073263113465,1.3298140889991554,8.685446009389671e-11,0.341144690046096,10241.536497609282,0.02415364976092817
btc_hl_breakout_10m,0,0.1,0.3,0.0,0.1,360,random,0.02836077691012431,2.836077691012431,0.6666666666666666,3,-0.039579913860170124,-3.9579913860170124,16.75073149176934,3.2602398299190263,4.911111111111112e-09,9.525979449133533,10283.607769101243,0.02836077691012431
btc_hl_breakout_4m,0,0.1,0.04,0.0,0.05,10,random,0.016790695723276718,1.6790695723276718,0.7272727272727273,22,-0.017808336592536556,-1.7808336592536556,21.992276415444167,1.548508483013331,6.53030303030303e-10,1.530737674997213,10167.906957232768,0.016790695723276718
btc_hl_breakout_5m,0,0.035,0.045,0.0,0.4,480,random,0.046497413031156246,4.649741303115625,0.48484848484848486,33,-0.14266373938527166,-14.266373938527167,9.825286545467334,1.1274414452618202,4.0656565656565655e-10,0.4169963849592995,10464.974130311562,0.046497413031156246
btc_hl_breakout_9m,0,0.025,0.1,0.0,0.4,180,random,0.11460916786021216,11.460916786021217,0.35714285714285715,28,-0.12803906697557021,-12.803906697557021,19.360956704672606,1.3314820143725135,4.880952380952381e-10,1.0816017339248722,11146.091678602123,0.11460916786021216
btc_hl_breakout_3m,0,0.04,0.05,0.0,0.1,45,random,0.013910747375784183,1.3910747375784183,0.5,28,-0.034199699515137016,-3.4199699515137016,10.299137954367312,1.1769780517403168,4.880952380952381e-10,0.5152135363938828,10139.107473757842,0.013910747375784183
btc_vol_breakout_2m,0,0.005,0.035,0.0,0.5,10,random,-0.0742882422225428,-7.4288242222542795,0.23076923076923078,78,-0.19280472588780284,-19.280472588780285,-11.091142209754166,0.8617507514654318,1.2564102564102564e-10,-0.17021699542551338,9257.117577774572,-0.0742882422225428
btc_vol_breakout_10m,0,0.005,0.15,0.0,0.1,10,random,0.011064641779533282,1.1064641779533282,0.10714285714285714,28,-0.02958213390029585,-2.958213390029585,9.477126091291874,1.2365477986080369,3.6428571428571427e-10,0.41573897985650204,10110.646417795333,0.011064641779533282
btc_vol_breakout_3m,0,0.0175,0.025,0.0,0.4,20,random,0.009276187079189913,0.9276187079189914,0.4444444444444444,45,-0.11025591718660432,-11.025591718660433,3.3087922632009548,1.0254174077969347,2.3555555555555555e-10,0.09193614428620017,10092.7618707919,0.009276187079189913
btc_small_up_9m,0,0.0175,0.1,0.0,0.4,90,random,0.0635375770652156,6.353757706521559,0.27586206896551724,29,-0.13227861942025698,-13.227861942025697,13.461219972839583,1.2150190969500234,3.764367816091954e-10,0.6189277669446943,10635.375770652156,0.0635375770652156
btc_hl_breakout_5m,0,0.0175,0.025,0.0,0.05,1440,random,-0.00829129532045053,-0.8291295320450529,0.4,55,-0.026185869813845075,-2.6185869813845075,-13.123712718188479,0.847332077108925,2.196969696969697e-10,-0.2986360104019987,9917.087046795496,-0.00829129532045053
btc_hl_breakout_8m,0,0.02,0.05,0.0,0.05,60,random,0.007285086707553358,0.7285086707553359,0.358974358974359,39,-0.017480386129774872,-1.7480386129774872,9.781264335288446,1.1607208210708961,3.337606837606838e-10,0.3815653135987078,10072.850867075533,0.007285086707553358
btc_bullish,0,0.035,0.04,0.0,0.2,45,random,0.07549215689633318,7.549215689633318,0.5405405405405406,37,-0.06383481320228934,-6.383481320228935,24.778927143174478,1.4231895132553851,3.648648648648649e-10,1.0235312614555239,10754.921568963331,0.07549215689633318
btc_hl_breakout_6m,0,0.05,0.01,0.0,0.5,360,random,-0.015228544489451087,-1.5228544489451088,0.72,50,-0.17247168204617813,-17.247168204617815,-0.38125871738204936,0.9677310051034812,2.4133333333333333e-10,-0.00957816671139182,9847.71455510549,-0.015228544489451087
btc_vol_breakout_3m,0,0.0075,0.06,0.0,0.5,90,random,-0.10182312834133808,-10.182312834133809,0.14893617021276595,47,-0.22522945093044866,-22.522945093044868,-15.150879466788073,0.7762247184111417,2.25886524822695e-10,-0.39833632489521403,8981.76871658662,-0.10182312834133808
btc_hl_breakout_2m,0,0.035,0.3,0.0,0.25,20,random,0.11163767052331995,11.163767052331995,0.3333333333333333,9,-0.08381985504772327,-8.381985504772327,26.399478857379133,2.1453873334339555,1.6055555555555555e-09,5.083169141349304,11116.3767052332,0.11163767052331995
btc_hl_breakout_4m,0,0.025,0.3,0.0,0.05,30,random,0.02550960017729361,2.550960017729361,0.3,10,-0.015058676772294,-1.5058676772294,29.526285716331586,2.6897054002795295,1.4266666666666665e-09,5.111692445150064,10255.096001772936,0.02550960017729361
btc_alt_aligned,0,0.015,0.3,0.0,0.1,180,random,0.041540497846230054,4.154049784623005,0.1875,16,-0.032339821646767075,-3.2339821646767075,24.01818904666696,1.9867895420674064,9.09375e-10,2.6361622431294878,10415.4049784623,0.041540497846230054
btc_vol_breakout_10m,0,0.025,0.025,0.0,0.3,10,random,0.09791777419355926,9.791777419355926,0.5757575757575758,33,-0.048590783134495164,-4.859078313449516,29.876212283067346,1.5863095547415251,2.7323232323232326e-10,0.9751345805346044,10979.177741935593,0.09791777419355926
btc_hl_breakout_9m,0,0.0075,0.12,0.0,0.4,360,random,0.04731547067487336,4.731547067487336,0.14583333333333334,48,-0.17966658179160166,-17.966658179160166,9.471778218953327,1.1112938631106213,2.583333333333333e-10,0.32710650702306077,10473.154706748734,0.04731547067487336
btc_hl_breakout_6m,0,0.02,0.06,0.0,0.5,480,random,-0.028000700738534487,-2.8000700738534485,0.2777777777777778,36,-0.20085809761169116,-20.085809761169116,-2.1117615031479144,0.9421671797228108,3.597222222222222e-10,-0.06870818663003539,9719.992992614654,-0.028000700738534487
btc_small_down_10m,0,0.08,0.045,0.0,0.1,240,random,0.010383401180991542,1.0383401180991543,0.625,16,-0.036872510228857625,-3.6872510228857625,7.511402989571004,1.2033634918185012,8.020833333333334e-10,0.6750048003835051,10103.834011809915,0.010383401180991542
btc_hl_breakout_6m,0,0.005,0.25,0.0,0.3,180,random,0.10742380575138381,10.742380575138382,0.13333333333333333,30,-0.11035781519090493,-11.035781519090493,22.994843394040906,1.6993996741985293,4.1777777777777775e-10,1.246105144503928,11074.238057513838,0.10742380575138381
btc_hl_breakout_1m,0,0.005,0.06,0.0,0.05,90,random,0.003023890753216364,0.3023890753216364,0.2033898305084746,59,-0.01963514284668144,-1.9635142846681441,4.944279513452398,1.067526110962726,1.8107344632768363e-10,0.10753612835177478,10030.238907532164,0.003023890753216364
btc_hl_breakout_4m,0,0.05,0.02,0.0,0.25,60,random,0.03316584242836216,3.316584242836216,0.6585365853658537,41,-0.07835392276569975,-7.835392276569975,10.634388171104263,1.1409756955538832,3.1463414634146345e-10,0.3540074755599229,10331.658424283622,0.03316584242836216
btc_vol_breakout_10m,0,0.02,0.02,0.0,0.3,360,random,0.05285611416922224,5.285611416922224,0.5384615384615384,39,-0.06320040794421111,-6.320040794421111,17.373638256281623,1.2734678029597233,2.0213675213675213e-10,0.4653618035164602,10528.561141692222,0.05285611416922224
btc_bullish,0,0.1,0.15,0.0,0.15,60,random,0.050205420934194944,5.020542093419494,0.625,8,-0.05004635774755395,-5.0046357747553945,21.640104037039873,1.9158823649830043,1.80625e-09,4.227389223276289,10502.05420934195,0.050205420934194944
btc_vol_breakout_10m,0,0.08,0.06,0.0,0.3,480,random,0.044049869779419486,4.404986977941949,0.5714285714285714,14,-0.09986821186516315,-9.986821186516314,11.973725689454675,1.2729819818537609,9.952380952380953e-10,1.1520627245055703,10440.498697794195,0.044049869779419486
btc_hl_breakout_4m,0,0.05,0.02,0.0,0.5,45,random,0.059704437607758974,5.970443760775898,0.6585365853658537,41,-0.15285747091026425,-15.285747091026424,10.543414749816757,1.1197574869906095,3.1463414634146345e-10,0.35400747555992274,10597.044376077589,0.059704437607758974
btc_small_up_10m,0,0.05,0.01,0.0,0.15,120,random,0.034840134852661596,3.4840134852661597,0.75,48,-0.04333279788791011,-4.333279788791011,16.308100036500566,1.283732502440022,2.28125e-10,0.4951616129522815,10348.401348526615,0.034840134852661596
btc_alt_aligned,0,0.1,0.08,0.0,0.1,15,random,0.03452657507192643,3.452657507192643,0.6923076923076923,13,-0.035244812313199425,-3.5244812313199425,22.43113224118702,1.7342631830337227,1.1282051282051283e-09,2.6642453094844902,10345.265750719263,0.03452657507192643
btc_alt_aligned,0,0.04,0.08,0.0,0.1,10,random,0.034806733127279596,3.4806733127279594,0.47619047619047616,21,-0.031597923362580715,-3.1597923362580715,22.289728721163964,1.5223531159909103,6.896825396825396e-10,1.667862037996516,10348.067331272796,0.034806733127279596
btc_vol_breakout_8m,0,0.03,0.1,0.0,0.15,90,random,0.05456615959825449,5.456615959825449,0.3888888888888889,18,-0.032719091970750624,-3.2719091970750624,29.003270615049328,1.8075380261506435,6.666666666666666e-10,2.014870892881858,10545.661595982545,0.05456615959825449
btc_hl_breakout_7m,0,0.025,0.2,0.0,0.3,240,random,0.1297082113431955,12.970821134319548,0.3333333333333333,15,-0.08935261754904278,-8.935261754904278,27.2382399760298,1.8663234797817028,9.688888888888888e-10,2.9165621325241293,11297.082113431956,0.1297082113431955
btc_small_up_9m,0,0.0075,0.25,0.0,0.3,120,random,0.12531317017531493,12.531317017531492,0.19047619047619047,21,-0.07681779296993496,-7.681779296993496,26.549015753517722,1.998859302119485,5.658730158730158e-10,2.0243044019376044,11253.13170175315,0.12531317017531493
btc_hl_breakout_4m,0,0.01,0.2,0.0,0.2,240,random,0.09219782746929098,9.219782746929098,0.2631578947368421,19,-0.054688298202670516,-5.468829820267052,29.777868427509127,1.9876157684179498,7.350877192982457e-10,2.431012325171893,10921.97827469291,0.09219782746929098
btc_small_up_10m,0,0.06,0.2,0.0,0.1,15,random,0.01148683294462445,1.148683294462445,0.3333333333333333,12,-0.0406063265341583,-4.06063265341583,8.057819262075308,1.2154329462126345,1.1333333333333333e-09,1.023549994007525,10114.868329446244,0.01148683294462445
btc_hl_breakout_1m,0,0.04,0.12,0.0,0.25,5,random,0.07616370906353405,7.616370906353405,0.4117647058823529,17,-0.0838012781485511,-8.38012781485511,21.59549058441037,1.4644064375847228,8.284313725490195e-10,1.8660572167779967,10761.63709063534,0.07616370906353405
btc_hl_breakout_7m,0,0.005,0.045,0.0,0.15,720,random,0.01586082921051327,1.586082921051327,0.24285714285714285,70,-0.06965314766612218,-6.965314766612218,8.072345251340687,1.1005066618443096,1.580952380952381e-10,0.16347675705219175,10158.608292105133,0.01586082921051327
btc_vol_breakout_10m,0,0.02,0.025,0.0,0.1,240,random,0.018671580628724815,1.8671580628724815,0.5,36,-0.02220192995727377,-2.220192995727377,17.67893116702604,1.3057760564790588,2.5648148148148146e-10,0.5238173833192531,10186.715806287248,0.018671580628724815
btc_hl_breakout_2m,0,0.01,0.01,0.0,0.3,360,random,-0.0009092055352133684,-0.09092055352133684,0.5168539325842697,89,-0.11722502723862982,-11.722502723862982,0.8243572012321561,0.9970661340396418,9.513108614232209e-11,0.011589355769479514,9990.907944647866,-0.0009092055352133684
btc_hl_breakout_10m,0,0.08,0.03,0.0,0.5,240,random,0.194649556180364,19.4649556180364,0.75,24,-0.14509060090881687,-14.509060090881686,26.30416909887541,1.627339175995071,5.756944444444444e-10,1.5899746427173531,11946.49556180364,0.194649556180364
btc_hl_breakout_1m,0,0.015,0.12,0.0,0.1,60,random,0.024829697138098232,2.482969713809823,0.25,28,-0.03247765773814337,-3.2477657738143373,18.378491698000097,1.3643283582254413,4.6547619047619047e-10,0.9079907952746682,10248.296971380982,0.024829697138098232
btc_small_up_9m,0,0.02,0.06,0.0,0.2,90,random,0.011510604701840316,1.1510604701840315,0.30303030303030304,33,-0.06333156164076403,-6.333156164076403,5.053905972512811,1.0732447512719954,3.4696969696969693e-10,0.2075315002608135,10115.106047018404,0.011510604701840316
btc_hl_breakout_9m,0,0.0075,0.05,0.0,0.3,15,random,-2.787089591633958e-05,-0.002787089591633958,0.23214285714285715,56,-0.14076612630606833,-14.076612630606833,1.2511077961652892,0.9999104331662639,2.1339285714285716e-10,0.034855566376653546,9999.721291040836,-2.787089591633958e-05
btc_hl_breakout_2m,0,0.01,0.015,0.0,0.4,15,random,0.025038000444377484,2.5038000444377486,0.45,80,-0.13928043855198102,-13.928043855198101,6.393673699577857,1.0570804870002792,1.1625e-10,0.10122349774303747,10250.380004443774,0.025038000444377484
btc_bullish,0,0.04,0.025,0.0,0.15,20,random,0.039629671935540775,3.9629671935540776,0.5945945945945946,37,-0.04796803963657359,-4.796803963657359,17.805021209772313,1.3111354006844997,3.657657657657658e-10,0.72671391623385,10396.296719355407,0.039629671935540775
btc_small_up_9m,0,0.025,0.1,0.0,0.2,45,random,0.04753470623190235,4.753470623190235,0.34782608695652173,23,-0.05825190318662887,-5.825190318662887,18.810561950505015,1.3717155063108533,4.956521739130435e-10,1.06666399063785,10475.347062319024,0.04753470623190235
btc_small_up_9m,0,0.015,0.015,0.0,0.3,480,random,0.002822954915349874,0.2822954915349874,0.4727272727272727,55,-0.07484758781491518,-7.484758781491518,1.8258863242219283,1.0113575364129608,1.509090909090909e-10,0.03803032594645699,10028.229549153499,0.002822954915349874
btc_hl_breakout_3m,0,0.0125,0.02,0.0,0.4,360,random,0.045477836591654566,4.547783659165456,0.47058823529411764,68,-0.09411871175065589,-9.411871175065588,10.12049341003647,1.10443672080123,1.6568627450980393e-10,0.1915625134967959,10454.778365916545,0.045477836591654566
btc_vol_breakout_9m,0,0.01,0.015,0.0,0.5,5,random,0.02307505809553022,2.3075058095530223,0.4444444444444444,54,-0.09740263253220283,-9.740263253220283,6.084542524368413,1.0645368260374872,1.2160493827160495e-10,0.11132064129301361,10230.750580955302,0.02307505809553022
btc_hl_breakout_2m,0,0.0075,0.15,0.0,0.4,45,random,0.08333327671269003,8.333327671269004,0.16666666666666666,36,-0.15538311312560749,-15.538311312560749,15.1142423183382,1.2699013559360124,3.6388888888888886e-10,0.6583577027273085,10833.3327671269,0.08333327671269003
btc_hl_breakout_9m,0,0.0075,0.035,0.0,0.25,1440,random,0.0010491050517461645,0.10491050517461645,0.28125,64,-0.126505851815102,-12.650585181510198,1.3349540486112204,1.0036695586914128,1.8072916666666666e-10,0.030781183147598035,10010.491050517461,0.0010491050517461645
btc_hl_breakout_2m,0,0.01,0.03,0.0,0.25,180,random,0.04131911238713478,4.131911238713478,0.38235294117647056,68,-0.07946978261181104,-7.946978261181103,13.55743624997584,1.155906108933788,1.517156862745098e-10,0.2580853540110241,10413.191123871347,0.04131911238713478
btc_hl_breakout_4m,0,0.01,0.025,0.0,0.2,120,random,0.00751069361519435,0.751069361519435,0.3787878787878788,66,-0.05711795905043404,-5.711795905043404,3.7680932682729007,1.0370955922864644,1.5934343434343435e-10,0.07101764811980177,10075.106936151944,0.00751069361519435
btc_small_up_10m,0,0.02,0.2,0.0,0.05,120,random,0.005950596770384362,0.5950596770384362,0.20833333333333334,24,-0.019806189746829683,-1.9806189746829683,7.968556122916312,1.1595216411920917,5.208333333333333e-10,0.5169690335203836,10059.505967703844,0.005950596770384362
btc_hl_breakout_10m,0,0.08,0.04,0.0,0.15,20,random,0.03182269889810887,3.182269889810887,0.65,20,-0.05128071953454105,-5.128071953454105,14.52534335844786,1.3426538642425276,7.066666666666666e-10,1.09059464598644,10318.226988981089,0.03182269889810887
btc_small_up_10m,0,0.1,0.12,0.0,0.2,60,random,0.06850621810346239,6.850621810346238,0.6363636363636364,11,-0.06769506972740946,-6.769506972740946,22.611336190650547,1.6490190050248232,1.2106060606060606e-09,3.1703940307101304,10685.062181034624,0.06850621810346239
btc_hl_breakout_10m,0,0.0075,0.03,0.0,0.5,30,random,0.013186632413230837,1.3186632413230837,0.3181818181818182,66,-0.213502830916819,-21.3502830916819,3.905435654916875,1.0223020367354843,1.6363636363636363e-10,0.08406058975723368,10131.866324132308,0.013186632413230837
btc_vol_breakout_9m,0,0.06,0.05,0.0,0.5,10,random,-0.08161302986101837,-8.161302986101838,0.4375,16,-0.175842793093255,-17.584279309325503,-11.553321707954137,0.7429704253615784,7.166666666666667e-10,-0.9161375691966323,9183.869701389816,-0.08161302986101837
btc_hl_breakout_1m,0,0.1,0.02,0.0,0.4,5,random,0.10089610323868392,10.089610323868392,0.78125,32,-0.12710549064671062,-12.710549064671062,18.068252781114563,1.3033123497709018,3.875e-10,0.8377616647985963,11008.96103238684,0.10089610323868392
btc_hl_breakout_9m,0,0.0175,0.12,0.0,0.1,10,random,0.022726166065660344,2.2726166065660345,0.24242424242424243,33,-0.0402654951141298,-4.026549511412981,15.202484844099022,1.2620622014108627,3.994949494949495e-10,0.7136289792356577,10227.261660656604,0.022726166065660344
btc_bullish,0,0.0075,0.08,0.0,0.4,720,random,0.08790304385814415,8.790304385814416,0.22916666666666666,48,-0.12546837176971848,-12.546837176971849,15.526214521165166,1.2381530930585933,2.7430555555555555e-10,0.4958356924610054,10879.030438581442,0.08790304385814415
btc_small_down_10m,0,0.0175,0.1,0.0,0.05,120,random,0.014109663249117858,1.4109663249117859,0.3103448275862069,29,-0.016532090812562128,-1.6532090812562128,20.665534549250744,1.420568631327377,4.373563218390805e-10,0.9792822510863772,10141.096632491179,0.014109663249117858
btc_hl_breakout_7m,0,0.08,0.12,0.0,0.5,5,random,0.20244309130311477,20.24430913031148,0.5,12,-0.15316195763099794,-15.316195763099794,26.166953811870577,1.6417882516078683,1.2166666666666666e-09,3.474512216047144,12024.430913031149,0.20244309130311477
btc_vol_breakout_3m,0,0.03,0.3,0.0,0.15,15,random,0.037906524714038395,3.7906524714038397,0.4,5,-0.06207016870409021,-6.207016870409021,15.330403051808204,2.6746519726096727,2.9266666666666665e-09,5.126504657223378,10379.065247140385,0.037906524714038395
btc_hl_breakout_10m,0,0.035,0.08,0.0,0.4,60,random,0.0769061567509652,7.690615675096519,0.4,25,-0.14526163046785256,-14.526163046785257,13.903920129926458,1.21660306077282,5.386666666666667e-10,0.8673116485097234,10769.061567509652,0.0769061567509652
btc_alt_aligned,0,0.0175,0.25,0.0,0.25,180,random,0.08684819848418002,8.684819848418002,0.21052631578947367,19,-0.08556398914400531,-8.556398914400532,21.421326080411365,1.6605841195150026,7.640350877192983e-10,1.9083280882365667,10868.481984841801,0.08684819848418002
btc_hl_breakout_10m,0,0.01,0.04,0.0,0.4,20,random,0.03591221633360783,3.5912216333607834,0.3076923076923077,52,-0.12690256177388926,-12.690256177388925,7.944578680258203,1.0907646989427442,2.25e-10,0.21452743751766223,10359.122163336078,0.03591221633360783
btc_hl_breakout_6m,0,0.0075,0.04,0.0,0.1,180,random,-0.009643552221168045,-0.9643552221168046,0.26666666666666666,60,-0.04611253119030456,-4.611253119030456,-7.268794863919386,0.9064038921933909,1.9666666666666669e-10,-0.15321839259543787,9903.564477788319,-0.009643552221168045
btc_hl_breakout_5m,0,0.025,0.15,0.0,0.25,240,random,0.10920783907348637,10.920783907348637,0.35294117647058826,17,-0.07699180576046605,-7.699180576046604,27.48196894650448,1.82573456227996,8.30392156862745e-10,2.581366201741776,11092.078390734863,0.10920783907348637
btc_hl_breakout_1m,0,0.06,0.01,0.0,0.05,15,random,0.016783249567168264,1.6783249567168264,0.813953488372093,43,-0.01202441871594584,-1.202441871594584,23.049370331004685,1.5502500536413695,2.864341085271318e-10,0.7806937783970237,10167.832495671682,0.016783249567168264
btc_small_up_9m,0,0.035,0.08,0.0,0.3,120,random,0.06736816136757866,6.736816136757866,0.4444444444444444,18,-0.07820302664106116,-7.820302664106116,17.191736116573495,1.3912912671339432,6.953703703703704e-10,1.304975989818079,10673.681613675786,0.06736816136757866
btc_small_up_9m,0,0.035,0.01,0.0,0.2,15,random,0.052140540974005396,5.21405409740054,0.7446808510638298,47,-0.034033780492261134,-3.4033780492261134,21.768808304777348,1.439098418978004,2.1134751773049644e-10,0.5569965451552077,10521.405409740055,0.052140540974005396
btc_hl_breakout_9m,0,0.0125,0.05,0.0,0.4,240,random,0.08167313978937632,8.167313978937631,0.32653061224489793,49,-0.11877319822815402,-11.877319822815402,14.897452755106684,1.191281017077903,2.510204081632653e-10,0.46052690417308983,10816.731397893764,0.08167313978937632
btc_hl_breakout_10m,0,0.02,0.06,0.0,0.2,240,random,0.04325110880634982,4.325110880634981,0.3333333333333333,36,-0.06467333112120477,-6.4673331121204765,14.996060231957298,1.2325584089152666,3.625e-10,0.6330411703943768,10432.511088063498,0.04325110880634982
btc_alt_aligned,0,0.01,0.04,0.0,0.4,90,random,0.08455053150019134,8.455053150019134,0.3235294117647059,68,-0.12999080849055256,-12.999080849055256,14.97338769839804,1.1710564703222408,1.9926470588235293e-10,0.3383217475399481,10845.505315001914,0.08455053150019134
btc_hl_breakout_7m,0,0.03,0.02,0.0,0.15,480,random,0.038483004543993796,3.8483004543993795,0.5714285714285714,49,-0.052210701191437114,-5.221070119143711,18.29389062117866,1.2745009652812305,2.387755102040816e-10,0.5323371699409049,10384.830045439938,0.038483004543993796
btc_hl_breakout_4m,0,0.0125,0.015,0.0,0.4,120,random,0.07489271495065891,7.489271495065891,0.5416666666666666,72,-0.09447467321415581,-9.447467321415582,15.551387146261108,1.1818190544028382,1.365740740740741e-10,0.2773234339079413,10748.92714950659,0.07489271495065891
btc_hl_breakout_7m,0,0.025,0.3,0.0,0.2,90,random,0.09469359570820458,9.469359570820458,0.2727272727272727,11,-0.06555738426892765,-6.555738426892765,27.79238500291515,2.302857483072134,1.321212121212121e-09,4.359899862359243,10946.935957082045,0.09469359570820458
btc_hl_breakout_8m,0,0.03,0.03,0.0,0.2,15,random,0.03772464118437549,3.772464118437549,0.5121951219512195,41,-0.06346972199899303,-6.346972199899303,13.37335589592075,1.1940900219100845,3.0975609756097563e-10,0.4836522115057873,10377.246411843755,0.03772464118437549
btc_hl_breakout_10m,0,0.005,0.04,0.0,0.3,720,random,0.023049425432273164,2.3049425432273165,0.2463768115942029,69,-0.13577284411144297,-13.577284411144298,6.709973497305138,1.071713735476267,1.507246376811594e-10,0.1366353081466682,10230.494254322732,0.023049425432273164
btc_small_up_9m,0,0.02,0.03,0.0,0.3,20,random,0.06657271085684151,6.657271085684151,0.46511627906976744,43,-0.06080854167387206,-6.080854167387207,17.995061340223078,1.278827031191796,2.4031007751937986e-10,0.5304036261957621,10665.727108568415,0.06657271085684151
btc_vol_breakout_10m,0,0.05,0.25,0.0,0.05,5,random,0.01341325954378799,1.341325954378799,0.36363636363636365,11,-0.01753959403175831,-1.753959403175831,18.502820164335272,1.508756256008369,1.1924242424242424e-09,2.4809555662428715,10134.13259543788,0.01341325954378799
btc_alt_aligned,0,0.08,0.3,0.0,0.5,20,random,0.18182338794343578,18.18233879434358,0.42857142857142855,7,-0.1683079325010285,-16.83079325010285,22.70433506751876,1.7351954823008495,2.111904761904762e-09,5.774128416088826,11818.233879434358,0.18182338794343578
btc_hl_breakout_8m,0,0.0175,0.15,0.0,0.2,240,random,0.0392770227325763,3.92770227325763,0.23809523809523808,21,-0.07273446081705504,-7.2734460817055036,13.243217748014176,1.335349690707102,6.452380952380953e-10,1.000569343374336,10392.770227325764,0.0392770227325763
btc_hl_breakout_1m,0,0.08,0.1,0.0,0.5,60,random,0.16550736405494962,16.550736405494963,0.5384615384615384,13,-0.16208939710502546,-16.208939710502545,22.27305677800424,1.539690004274322,1.0961538461538463e-09,2.6557454101788114,11655.073640549497,0.16550736405494962
btc_vol_breakout_8m,0,0.06,0.03,0.0,0.2,90,random,0.049953357700213384,4.995335770021338,0.68,25,-0.039025917573532576,-3.9025917573532576,21.936619594828933,1.4626682695024338,4.5266666666666665e-10,1.0062127352461556,10499.533577002134,0.049953357700213384
btc_vol_breakout_3m,0,0.03,0.015,0.0,0.1,10,random,0.03913882356931721,3.9138823569317207,0.6875,48,-0.018682441509603964,-1.8682441509603964,33.023633132480015,1.6403728391015435,2.1145833333333334e-10,0.8082676328129569,10391.388235693172,0.03913882356931721
btc_hl_breakout_1m,0,0.025,0.015,0.0,0.2,60,random,0.03983337504344629,3.9833375043446293,0.603448275862069,58,-0.05343437876153656,-5.343437876153656,15.638121491842346,1.2098308898451537,1.8620689655172413e-10,0.35393426481347373,10398.333750434464,0.03983337504344629
btc_small_up_9m,0,0.0075,0.045,0.0,0.4,240,random,0.050025694651633285,5.002569465163329,0.2978723404255319,47,-0.08728426995580252,-8.728426995580252,11.566246723977597,1.1664710177533189,1.8404255319148935e-10,0.29431500159354085,10500.256946516332,0.050025694651633285
btc_hl_breakout_5m,0,0.035,0.015,0.0,0.15,60,random,0.03157455017541993,3.157455017541993,0.66,50,-0.039905363850039066,-3.9905363850039066,16.122096980534575,1.2492442051310308,2.35e-10,0.42947819112314856,10315.7455017542,0.03157455017541993
btc_hl_breakout_4m,0,0.02,0.25,0.0,0.4,480,random,0.11082387308194638,11.082387308194638,0.23529411764705882,17,-0.1154267065057819,-11.542670650578192,19.549508803780753,1.4550039280145914,8.284313725490195e-10,1.8285997577581155,11108.238730819463,0.11082387308194638
btc_vol_breakout_9m,0,0.08,0.015,0.0,0.3,480,random,0.00021537124015708287,0.021537124015708287,0.7666666666666667,30,-0.08167320623942564,-8.167320623942565,1.1207276959159875,1.001125957297228,3.5777777777777775e-10,0.04827987463410427,10002.15371240157,0.00021537124015708287
btc_hl_breakout_4m,0,0.1,0.3,0.0,0.3,60,random,0.12931491197065662,12.931491197065661,0.6,5,-0.09653210535492063,-9.653210535492063,26.622432787288833,2.7008849115754834,2.9599999999999997e-09,8.770881226006482,11293.149119706566,0.12931491197065662
btc_small_up_10m,0,0.025,0.045,0.0,0.5,120,random,0.16786949128298947,16.786949128298946,0.4722222222222222,36,-0.1356260702044204,-13.56260702044204,24.255507296264966,1.3885874208269984,2.972222222222222e-10,0.9424310936274348,11678.694912829895,0.16786949128298947
btc_hl_breakout_10m,0,0.025,0.03,0.0,0.1,720,random,0.03221171293310946,3.221171293310946,0.5365853658536586,41,-0.026030436836265936,-2.6030436836265936,21.97830266392973,1.3742950441039765,3.0040650406504064e-10,0.7894361762807451,10322.117129331094,0.03221171293310946
btc_small_up_10m,0,0.005,0.06,0.0,0.05,360,random,0.01217712569928102,1.2177125699281022,0.22448979591836735,49,-0.016162172702176236,-1.6162172702176236,17.06277593842694,1.3189163491766305,1.7993197278911564e-10,0.5013751510224772,10121.77125699281,0.01217712569928102
btc_hl_breakout_8m,0,0.04,0.03,0.0,0.5,15,random,0.10089923344015615,10.089923344015615,0.5675675675675675,37,-0.15419799976824766,-15.419799976824766,15.077804611357038,1.1958200196178919,3.509009009009009e-10,0.6083055813688633,11008.992334401562,0.10089923344015615
btc_small_up_9m,0,0.06,0.01,0.0,0.5,240,random,0.10362663922425326,10.362663922425327,0.7954545454545454,44,-0.11617517027307023,-11.617517027307024,16.45649434530264,1.2788333075237048,2.303030303030303e-10,0.5044226576565659,11036.266392242533,0.10362663922425326
btc_vol_breakout_8m,0,0.02,0.06,0.0,0.2,720,random,0.013615288000954387,1.3615288000954386,0.3076923076923077,26,-0.049989870237614364,-4.998987023761437,6.497565735689717,1.1152462877134304,4.237179487179487e-10,0.2894813977220622,10136.152880009544,0.013615288000954387
btc_bullish,0,0.0175,0.06,0.0,0.25,120,random,0.06384116950946622,6.3841169509466225,0.3181818181818182,44,-0.0681775958818972,-6.81775958818972,17.302816811331816,1.254249558796851,2.996212121212121e-10,0.6070245895937965,10638.411695094663,0.06384116950946622
btc_alt_aligned,0,0.035,0.025,0.0,0.4,15,random,0.12561025401450193,12.561025401450193,0.6,45,-0.11441924658077351,-11.441924658077351,20.996916058655597,1.298604831654087,3.125925925925926e-10,0.7178718629375808,11256.102540145019,0.12561025401450193
btc_hl_breakout_9m,0,0.01,0.15,0.0,0.1,360,random,0.02603825209908168,2.6038252099081682,0.1875,32,-0.03773140405739761,-3.773140405739761,17.22809484564541,1.3874182614661437,4.182291666666667e-10,0.8351407599338702,10260.382520990817,0.02603825209908168
btc_hl_breakout_2m,0,0.01,0.03,0.0,0.2,20,random,0.03347184778921917,3.3471847789219167,0.38235294117647056,68,-0.06398546187954424,-6.398546187954423,13.575069811917286,1.1597368359966131,1.517156862745098e-10,0.25808535401102534,10334.718477892191,0.03347184778921917
btc_vol_breakout_2m,0,0.05,0.025,0.0,0.15,5,random,0.02835588971138727,2.835588971138727,0.6410256410256411,39,-0.0401870961871974,-4.01870961871974,14.649651692227847,1.227319343055144,3.3205128205128205e-10,0.49841522217508777,10283.558897113873,0.02835588971138727
btc_vol_breakout_9m,0,0.01,0.08,0.0,0.4,240,random,0.03267518533741868,3.267518533741868,0.20588235294117646,34,-0.08678335794765868,-8.678335794765868,8.486743591249901,1.1332867373395776,2.9901960784313724e-10,0.2833742401056684,10326.751853374186,0.03267518533741868
btc_small_up_9m,0,0.06,0.015,0.0,0.25,10,random,0.04151982276693639,4.151982276693639,0.7222222222222222,36,-0.064755247058213,-6.4755247058213,12.692265247418186,1.2134221373224416,3.1111111111111114e-10,0.4901643081331764,10415.198227669363,0.04151982276693639
btc_hl_breakout_4m,0,0.1,0.02,0.0,0.1,30,random,0.03313108218126721,3.313108218126721,0.7931034482758621,29,-0.03229646266349451,-3.2296462663494507,22.58518024111619,1.5366504532411964,4.3850574712643675e-10,1.145114253307718,10331.310821812673,0.03313108218126721
btc_small_up_9m,0,0.005,0.25,0.0,0.3,45,random,0.12771956684676106,12.771956684676105,0.18181818181818182,22,-0.0782132076455142,-7.8213207645514204,27.010329493163756,2.0389078130733007,5.325757575757576e-10,1.9645059253015598,11277.195668467612,0.12771956684676106
btc_small_down_10m,0,0.05,0.08,0.0,0.3,240,random,0.06681616003408876,6.681616003408876,0.5,18,-0.10165898854106215,-10.165898854106214,16.7141587187347,1.3636954233634,7.166666666666667e-10,1.2977435653016103,10668.161600340887,0.06681616003408876
btc_hl_breakout_10m,0,0.06,0.2,0.0,0.2,1440,random,0.07602214213844266,7.602214213844266,0.45454545454545453,11,-0.06672199893568775,-6.672199893568775,24.285631269317275,1.7786814661818002,1.3106060606060607e-09,3.5179097598982225,10760.221421384427,0.07602214213844266
btc_vol_breakout_3m,0,0.035,0.08,0.0,0.4,20,random,0.057192499927116475,5.719249992711648,0.42857142857142855,21,-0.133093897249558,-13.3093897249558,11.723886187359993,1.1997323934376285,6.103174603174603e-10,0.7839377164264489,10571.924999271165,0.057192499927116475
btc_hl_breakout_1m,0,0.08,0.06,0.0,0.25,120,random,0.07032700303396895,7.032700303396895,0.625,16,-0.0836760097940007,-8.36760097940007,19.334495208640487,1.5112092441479092,8.84375e-10,1.7964347786897341,10703.270030339689,0.07032700303396895
btc_vol_breakout_2m,0,0.06,0.03,0.0,0.5,20,random,0.15553160607022318,15.553160607022317,0.7,30,-0.13651292559694794,-13.651292559694795,21.738780272473903,1.4161314904055533,4.416666666666667e-10,1.046109641959295,11555.316060702233,0.15553160607022318
btc_vol_breakout_9m,0,0.005,0.1,0.0,0.3,120,random,0.033481842410130094,3.3481842410130094,0.16279069767441862,43,-0.07054585337167363,-7.054585337167363,10.771563641597467,1.1682191448635155,2.116279069767442e-10,0.2883180698454055,10334.8184241013,0.033481842410130094
btc_bullish,0,0.03,0.03,0.0,0.1,90,random,0.024847768904093893,2.4847768904093894,0.5111111111111111,45,-0.027232801699857645,-2.7232801699857645,16.748899307642183,1.2513705094594467,2.9333333333333335e-10,0.5612033150461072,10248.47768904094,0.024847768904093893
btc_bullish,0,0.0075,0.05,0.0,0.2,240,random,0.026038065373173616,2.603806537317362,0.23943661971830985,71,-0.06530797521333986,-6.530797521333986,9.336448861675338,1.1089380792657568,1.7488262910798122e-10,0.2029464820200565,10260.380653731736,0.026038065373173616
btc_hl_breakout_9m,0,0.025,0.15,0.0,0.25,60,random,0.10449176731689772,10.449176731689771,0.3333333333333333,18,-0.08177509076782463,-8.177509076782464,26.32753172656595,1.7672188019676225,7.953703703703703e-10,2.340902297981172,11044.917673168977,0.10449176731689772
btc_hl_breakout_5m,0,0.06,0.12,0.0,0.4,360,random,0.15600345398078724,15.600345398078725,0.5,16,-0.12989298362791468,-12.989298362791468,25.23842865408232,1.5613916848403022,8.989583333333333e-10,2.484210458564837,11560.034539807872,0.15600345398078724
btc_vol_breakout_2m,0,0.005,0.05,0.0,0.5,360,random,-0.07120399642941592,-7.120399642941592,0.18181818181818182,66,-0.1751556080797313,-17.51556080797313,-10.3802428464094,0.8489765687270093,1.585858585858586e-10,-0.18770164591238817,9287.96003570584,-0.07120399642941592
btc_vol_breakout_8m,0,0.1,0.035,0.0,0.25,30,random,0.02585848560841805,2.585848560841805,0.7,20,-0.0811488182350173,-8.11488182350173,8.93796572468603,1.1675215550585867,6.591666666666666e-10,0.5774496624346012,10258.58485608418,0.02585848560841805
btc_hl_breakout_1m,0,0.005,0.015,0.0,0.3,30,random,-0.048051528610871946,-4.805152861087195,0.33707865168539325,89,-0.12051376629309674,-12.051376629309674,-12.97870960975137,0.8498637070924954,9.662921348314606e-11,-0.17092103506832892,9519.484713891281,-0.048051528610871946
btc_hl_breakout_3m,0,0.1,0.12,0.0,0.1,120,random,0.04893556789897351,4.893556789897351,0.6363636363636364,11,-0.03076675182182731,-3.076675182182731,31.56880098153731,2.069820939618595,1.3242424242424243e-09,4.432017242762291,10489.355678989736,0.04893556789897351
btc_hl_breakout_6m,0,0.08,0.2,0.0,0.2,10,random,0.05279462226705077,5.279462226705077,0.375,8,-0.07760609550584585,-7.760609550584585,17.377109518985073,1.6248286006644672,1.7979166666666666e-09,3.4429508053647333,10527.946222670507,0.05279462226705077
btc_vol_breakout_9m,0,0.02,0.12,0.0,0.4,120,random,0.15086582747888178,15.086582747888178,0.2777777777777778,18,-0.08166418598859226,-8.166418598859227,29.165728199385182,1.859248474609925,6.805555555555556e-10,2.102279456788866,11508.658274788817,0.15086582747888178
btc_hl_breakout_8m,0,0.025,0.25,0.0,0.15,360,random,0.056355616922417244,5.635561692241724,0.2857142857142857,14,-0.055060199856997394,-5.506019985699739,23.244904785188876,1.8531499058879413,1.0142857142857143e-09,2.7317591356203392,10563.556169224172,0.056355616922417244
btc_vol_breakout_10m,0,0.01,0.01,0.0,0.4,240,random,-0.04952503653426665,-4.952503653426666,0.4827586206896552,58,-0.11368104937418744,-11.368104937418744,-13.566933682363604,0.817275415064424,1.0028735632183909e-10,-0.20336552564808075,9504.749634657333,-0.04952503653426665
btc_vol_breakout_10m,0,0.015,0.15,0.0,0.5,20,random,0.09382700468308039,9.38270046830804,0.17647058823529413,17,-0.10168260817738062,-10.168260817738062,16.490768329409534,1.4592286879953777,7.019607843137255e-10,1.2312234825653396,10938.270046830803,0.09382700468308039
btc_hl_breakout_7m,0,0.05,0.25,0.0,0.5,120,random,0.20443595143570256,20.443595143570256,0.36363636363636365,11,-0.16714845659669364,-16.714845659669365,25.375551489322337,1.8290615647376751,1.3348484848484849e-09,3.918281767244857,12044.359514357026,0.20443595143570256
btc_alt_aligned,0,0.08,0.08,0.0,0.15,240,random,0.050864896471432074,5.086489647143208,0.6153846153846154,13,-0.05293628739431355,-5.293628739431355,22.05271923760715,1.7144405091892456,1.1282051282051283e-09,2.618371047719707,10508.64896471432,0.050864896471432074
btc_hl_breakout_4m,0,0.02,0.02,0.0,0.15,120,random,0.03841275388870893,3.841275388870893,0.5689655172413793,58,-0.031182816170779448,-3.118281617077945,19.69731741193255,1.2696907955670629,1.9166666666666668e-10,0.44678136812119784,10384.127538887089,0.03841275388870893
btc_vol_breakout_3m,0,0.0075,0.15,0.0,0.05,30,random,0.003871948528929039,0.3871948528929039,0.11764705882352941,34,-0.023199798262326876,-2.3199798262326876,5.3442192589110915,1.1102472597397388,3.4362745098039214e-10,0.24123367749600863,10038.71948528929,0.003871948528929039
btc_hl_breakout_10m,0,0.01,0.2,0.0,0.25,1440,random,0.07493986221054075,7.493986221054075,0.19230769230769232,26,-0.08302049732287542,-8.302049732287543,21.112444257672372,1.4854373472346971,5.166666666666666e-10,1.2113205191589154,10749.398622105407,0.07493986221054075
btc_vol_breakout_2m,0,0.08,0.08,0.0,0.5,20,random,0.1616900029063706,16.169000290637058,0.625,16,-0.16475552237853675,-16.475552237853673,21.660854272870935,1.4672686709585432,8.739583333333333e-10,2.1072625118269865,11616.900029063705,0.1616900029063706
btc_vol_breakout_3m,0,0.04,0.08,0.0,0.05,720,random,0.00761505090757077,0.7615050907570771,0.42857142857142855,21,-0.01744891109146074,-1.744891109146074,11.174438264793146,1.2251889183486606,6.150793650793651e-10,0.7388455594759573,10076.150509075707,0.00761505090757077
btc_hl_breakout_2m,0,0.005,0.035,0.0,0.15,480,random,0.015135436822977294,1.5135436822977295,0.2857142857142857,70,-0.05521571669811798,-5.521571669811798,8.734305869110537,1.1075180349674376,1.430952380952381e-10,0.15343304457068158,10151.354368229773,0.015135436822977294
btc_hl_breakout_2m,0,0.0125,0.1,0.0,0.05,240,random,0.009798574480200432,0.9798574480200433,0.25806451612903225,31,-0.016054455725494243,-1.6054455725494243,14.493965988273432,1.3035536351373875,4.32258064516129e-10,0.6399206786892985,10097.985744802005,0.009798574480200432
btc_hl_breakout_1m,0,0.02,0.035,0.0,0.5,60,random,0.08048008003207532,8.048008003207533,0.45652173913043476,46,-0.13326950818126815,-13.326950818126814,13.518317147116496,1.1606731418118612,2.7898550724637684e-10,0.39250097921070665,10804.800800320754,0.08048008003207532
btc_hl_breakout_4m,0,0.04,0.15,0.0,0.5,720,random,0.2155788248609504,21.55788248609504,0.46153846153846156,13,-0.14917102233718615,-14.917102233718616,27.099280556957652,1.7476276866687233,1.1192307692307694e-09,3.3811763853126884,12155.788248609504,0.2155788248609504
btc_hl_breakout_6m,0,0.0075,0.04,0.0,0.15,10,random,-0.014803922183382223,-1.4803922183382223,0.26666666666666666,60,-0.06860312176954075,-6.860312176954075,-7.283992089946436,0.9049019230644159,1.9666666666666669e-10,-0.15321839259543857,9851.960778166178,-0.014803922183382223
btc_hl_breakout_9m,0,0.02,0.12,0.0,0.25,240,random,0.07697376263927871,7.697376263927872,0.27586206896551724,29,-0.0869505102734216,-8.69505102734216,20.146397845874873,1.3727031499648048,4.5862068965517243e-10,1.1114143252588626,10769.737626392787,0.07697376263927871
btc_vol_breakout_9m,0,0.06,0.04,0.0,0.1,360,random,0.011816604642250116,1.1816604642250115,0.625,24,-0.02958738288248941,-2.958738288248941,9.65090747628511,1.1853232670754001,4.944444444444445e-10,0.5090518625264289,10118.1660464225,0.011816604642250116
btc_small_up_10m,0,0.05,0.2,0.0,0.3,5,random,0.06005110741151484,6.005110741151484,0.35714285714285715,14,-0.11118157964514164,-11.118157964514165,14.046334816744718,1.2966103521521841,9.571428571428571e-10,1.6234227593060429,10600.511074115147,0.06005110741151484
btc_vol_breakout_8m,0,0.05,0.06,0.0,0.15,360,random,0.0025535354351695332,0.25535354351695333,0.42105263157894735,19,-0.051886253670783256,-5.188625367078325,1.8734265164309436,1.0251336826049122,6.789473684210526e-10,0.13559942830060404,10025.535354351696,0.0025535354351695332
btc_hl_breakout_7m,0,0.01,0.2,0.0,0.1,20,random,0.033890653285660786,3.389065328566079,0.20833333333333334,24,-0.034097140662096015,-3.4097140662096015,21.582706136165335,1.6029018750004436,5.784722222222223e-10,1.4339876356207037,10338.906532856608,0.033890653285660786
btc_small_down_10m,0,0.02,0.025,0.0,0.1,360,random,0.02546061753627846,2.5460617536278463,0.5454545454545454,44,-0.016484675000034144,-1.6484675000034144,21.0458921738403,1.3569598023765752,2.1363636363636364e-10,0.5812881575747078,10254.606175362784,0.02546061753627846
btc_hl_breakout_3m,0,0.08,0.02,0.0,0.5,10,random,0.17174084659547015,17.174084659547013,0.7741935483870968,31,-0.13433912728843056,-13.433912728843056,23.70554426346321,1.449749324333031,4.048387096774193e-10,1.1188974659872288,11717.4084659547,0.17174084659547015
btc_hl_breakout_6m,0,0.02,0.2,0.0,0.3,720,random,0.08839760547517257,8.839760547517256,0.25,20,-0.09303523894583476,-9.303523894583476,19.578787148598806,1.4625034240814112,6.991666666666667e-10,1.5710220061122322,10883.976054751725,0.08839760547517257
btc_hl_breakout_8m,0,0.05,0.03,0.0,0.4,720,random,0.08486478439788711,8.48647843978871,0.6,35,-0.14194318887146795,-14.194318887146796,15.372519201163461,1.2180098287562888,3.80952380952381e-10,0.6591971335633172,10848.647843978872,0.08486478439788711
btc_small_up_9m,0,0.06,0.05,0.0,0.15,720,random,0.031833306831934104,3.1833306831934105,0.5833333333333334,24,-0.04651669231458766,-4.651669231458766,15.108702057727813,1.283364755134676,5.0625e-10,0.9121486104511283,10318.333068319342,0.031833306831934104
btc_hl_breakout_6m,0,0.03,0.02,0.0,0.3,30,random,0.008838882359781974,0.8838882359781974,0.5531914893617021,47,-0.10948203283280455,-10.948203283280456,3.43632639936812,1.0310063260168887,2.49290780141844e-10,0.09206886853920979,10088.38882359782,0.008838882359781974
btc_hl_breakout_6m,0,0.005,0.25,0.0,0.4,90,random,0.14097549507738857,14.097549507738858,0.13333333333333333,30,-0.14380308043155965,-14.380308043155965,22.950818817371903,1.6642105313214142,4.1777777777777775e-10,1.2461051445039255,11409.754950773886,0.14097549507738857
btc_vol_breakout_9m,0,0.025,0.02,0.0,0.5,90,random,0.17289055286910462,17.28905528691046,0.6216216216216216,37,-0.07018765737594257,-7.018765737594257,31.749050158677832,1.5822206431002037,2.1441441441441443e-10,0.9060226226065773,11728.905528691046,0.17289055286910462
btc_hl_breakout_4m,0,0.0075,0.06,0.0,0.2,240,random,-0.002893476931413829,-0.2893476931413829,0.22,50,-0.07130094517999241,-7.130094517999241,-0.28558546363335463,0.9850595846078917,2.473333333333333e-10,-0.002872545819263508,9971.065230685861,-0.002893476931413829
btc_hl_breakout_4m,0,0.02,0.04,0.0,0.4,1440,random,0.12502363103188205,12.502363103188205,0.4772727272727273,44,-0.08645161715405358,-8.645161715405358,23.296736089635864,1.3385854169942566,2.9318181818181814e-10,0.7175467488169599,11250.23631031882,0.12502363103188205
btc_hl_breakout_1m,0,0.0175,0.2,0.0,0.4,1440,random,0.03507875650740757,3.507875650740757,0.21052631578947367,19,-0.13024258070572614,-13.024258070572614,8.168787664443828,1.1465656066524392,7.157894736842105e-10,0.6240795178202841,10350.787565074075,0.03507875650740757
btc_vol_breakout_2m,0,0.005,0.015,0.0,0.25,60,random,-0.04168507617366854,-4.168507617366854,0.3469387755102041,98,-0.0933599214303672,-9.33599214303672,-13.806020919893712,0.8496724088615903,8.248299319727892e-11,-0.1636414218008203,9583.149238263315,-0.04168507617366854
btc_bullish,0,0.025,0.015,0.0,0.05,1440,random,0.012649471748678389,1.264947174867839,0.6,60,-0.012238542428221755,-1.2238542428221755,17.04148859999768,1.251774687116131,2.1277777777777778e-10,0.4247247951676869,10126.494717486785,0.012649471748678389
btc_small_up_10m,0,0.01,0.15,0.0,0.4,20,random,0.05560052863895526,5.560052863895526,0.17857142857142858,28,-0.14263397934848598,-14.263397934848598,10.92756084962419,1.2057864997387164,4.0654761904761904e-10,0.5994860710129246,10556.005286389553,0.05560052863895526
btc_hl_breakout_3m,0,0.04,0.05,0.0,0.2,720,random,0.02679352185485918,2.679352185485918,0.5,28,-0.06749080430094523,-6.749080430094523,10.288091610031284,1.1665125531949856,4.880952380952381e-10,0.5152135363938832,10267.935218548591,0.02679352185485918
btc_hl_breakout_5m,0,0.0125,0.035,0.0,0.15,720,random,0.02131508887394832,2.131508887394832,0.37037037037037035,54,-0.04604107019897974,-4.604107019897974,11.203381190991337,1.1454905940234403,2.1265432098765432e-10,0.2755538078955595,10213.150888739483,0.02131508887394832
btc_vol_breakout_10m,0,0.0175,0.015,0.0,0.5,480,random,0.0038735007847685663,0.38735007847685665,0.5106382978723404,47,-0.1176490199973077,-11.764901999730771,2.239666895593591,1.0106128021534504,1.6063829787234043e-10,0.048254882374118506,10038.735007847685,0.0038735007847685663
btc_vol_breakout_9m,0,0.01,0.1,0.0,0.3,15,random,0.04884872249096038,4.884872249096038,0.2,35,-0.06579981109689514,-6.579981109689514,15.01915389861595,1.263072945357709,3e-10,0.4948865927154666,10488.487224909604,0.04884872249096038
btc_hl_breakout_2m,0,0.1,0.25,0.0,0.25,45,random,0.09997475853574542,9.997475853574542,0.6,5,-0.08110967342663222,-8.110967342663223,24.367914335875334,2.482185438654433,2.946666666666667e-09,8.147756819294674,10999.747585357454,0.09997475853574542
btc_small_up_9m,0,0.08,0.035,0.0,0.05,10,random,0.02024048475089194,2.024048475089194,0.7272727272727273,22,-0.012229984812024974,-1.2229984812024974,27.60691362669316,1.786156416012362,5.810606060606061e-10,1.8365465697724948,10202.404847508918,0.02024048475089194
btc_vol_breakout_2m,0,0.01,0.12,0.0,0.3,20,random,0.056455549001043985,5.645554900104399,0.20588235294117646,34,-0.10452880333048198,-10.452880333048197,14.607335399911072,1.252924165897099,3.745098039215686e-10,0.6142392347100069,10564.55549001044,0.056455549001043985
btc_vol_breakout_10m,0,0.0125,0.2,0.0,0.1,15,random,0.02627818200847613,2.627818200847613,0.14285714285714285,21,-0.02747968185614691,-2.747968185614691,20.56414253385834,1.5485048127147778,5.388888888888889e-10,1.2822415243915914,10262.781820084761,0.02627818200847613
btc_hl_breakout_2m,0,0.06,0.015,0.0,0.3,120,random,0.10872650663403229,10.87265066340323,0.8,40,-0.07519755045915855,-7.519755045915854,24.810045522502374,1.528224195654374,3.1291666666666665e-10,0.8996000525558769,11087.265066340322,0.10872650663403229
btc_hl_breakout_9m,0,0.08,0.12,0.0,0.1,15,random,0.04125872307947966,4.125872307947966,0.5,12,-0.03213631695760799,-3.213631695760799,26.595469374259167,1.777732066478784,1.2069444444444444e-09,3.454444205057563,10412.587230794798,0.04125872307947966
btc_small_down_10m,0,0.06,0.035,0.0,0.2,15,random,0.03826553092905117,3.826553092905117,0.6666666666666666,24,-0.06621359589199971,-6.621359589199971,13.765978466609797,1.3196606577214365,5.013888888888889e-10,0.8201587453069697,10382.655309290512,0.03826553092905117
btc_vol_breakout_3m,0,0.0075,0.035,0.0,0.25,15,random,-0.02775401482979355,-2.775401482979355,0.26666666666666666,60,-0.10643276865912321,-10.643276865912322,-8.40667128375752,0.8887886190183445,1.6527777777777777e-10,-0.16874933152065186,9722.459851702064,-0.02775401482979355
btc_hl_breakout_7m,0,0.05,0.15,0.0,0.2,45,random,0.06367432700174452,6.367432700174453,0.42857142857142855,14,-0.07846770222628952,-7.846770222628951,20.35857757443263,1.5149128500529354,1.0226190476190475e-09,2.3546828174075385,10636.743270017445,0.06367432700174452
btc_hl_breakout_9m,0,0.0075,0.025,0.0,0.1,5,random,0.005558738055648746,0.5558738055648745,0.3424657534246575,73,-0.047474130752163335,-4.7474130752163335,4.370546327130437,1.049924510997584,1.458904109589041e-10,0.08414234729814171,10055.587380556488,0.005558738055648746
btc_hl_breakout_4m,0,0.08,0.3,0.0,0.4,120,random,0.15720394518103548,15.720394518103548,0.42857142857142855,7,-0.1309348244388001,-13.093482443880012,23.872213724277778,1.8465389204776437,2.1023809523809524e-09,6.03094004975372,11572.039451810355,0.15720394518103548
btc_alt_aligned,0,0.05,0.08,0.0,0.5,1440,random,0.17759693459238515,17.759693459238516,0.5238095238095238,21,-0.15548228994113422,-15.548228994113423,23.215374194511277,1.4488372278055555,6.912698412698412e-10,1.7350935782080652,11775.969345923852,0.17759693459238515
btc_hl_breakout_5m,0,0.0075,0.04,0.0,0.5,240,random,-0.021815787624403764,-2.1815787624403766,0.2903225806451613,62,-0.20664887791920772,-20.664887791920773,-1.5293298613938922,0.9615264296466841,1.9408602150537633e-10,-0.02902201006931361,9781.842123755963,-0.021815787624403764
btc_alt_aligned,0,0.05,0.045,0.0,0.1,240,random,0.03358053542839734,3.358053542839734,0.5806451612903226,31,-0.034806866928055014,-3.4806866928055014,21.68467695538716,1.3862466163635088,4.629032258064516e-10,1.0919352806962321,10335.805354283973,0.03358053542839734
btc_hl_breakout_4m,0,0.06,0.12,0.0,0.5,30,random,0.22732364984120096,22.732364984120096,0.5,16,-0.14489755728663634,-14.489755728663633,28.77588442159028,1.5909372499374554,8.875e-10,2.8886385678086057,12273.23649841201,0.22732364984120096
btc_small_up_10m,0,0.005,0.06,0.0,0.1,180,random,0.024160630898462,2.4160630898462,0.22448979591836735,49,-0.03219606359302374,-3.219606359302374,17.054274117497485,1.3115665022291816,1.7993197278911564e-10,0.501375151022478,10241.60630898462,0.024160630898462
btc_hl_breakout_5m,0,0.03,0.05,0.0,0.4,120,random,-0.013829367036687473,-1.3829367036687472,0.4,35,-0.16657970500809427,-16.657970500809427,-0.9644026574819077,0.9648251300035046,3.876190476190476e-10,-0.029006372086420158,9861.706329633125,-0.013829367036687473
btc_hl_breakout_3m,0,0.08,0.25,0.0,0.25,720,random,0.09448611110392198,9.448611110392198,0.4444444444444444,9,-0.08367600979400014,-8.367600979400013,23.279054924710923,1.6810382222752207,1.6203703703703704e-09,4.425727164788321,10944.86111103922,0.09448611110392198
btc_hl_breakout_9m,0,0.08,0.015,0.0,0.25,1440,random,0.06617482847331681,6.617482847331681,0.8,40,-0.07461514796692115,-7.461514796692114,18.45250116365102,1.3411544403157212,3.1875e-10,0.6783850493355964,10661.748284733168,0.06617482847331681
btc_hl_breakout_3m,0,0.0125,0.3,0.0,0.15,180,random,0.0468811250951456,4.688112509514561,0.2,15,-0.05164711036081071,-5.164711036081071,20.80668885075514,1.7338452338601462,9.422222222222222e-10,2.148354205537053,10468.811250951456,0.0468811250951456
btc_hl_breakout_7m,0,0.01,0.01,0.0,0.4,240,random,0.010538571540850444,1.0538571540850445,0.4838709677419355,93,-0.13241466383436973,-13.241466383436972,3.5001699542900546,1.0216476424709304,1.003584229390681e-10,0.05317286995288629,10105.385715408505,0.010538571540850444
btc_hl_breakout_6m,0,0.03,0.045,0.0,0.4,45,random,-0.04875687688318685,-4.875687688318685,0.3888888888888889,36,-0.20026536324654132,-20.02653632465413,-7.985935804565297,0.8753192419059165,3.5e-10,-0.2899439776213533,9512.431231168131,-0.04875687688318685
btc_alt_aligned,0,0.03,0.02,0.0,0.5,10,random,0.09415357747582676,9.415357747582675,0.5769230769230769,52,-0.14475537579260633,-14.475537579260633,13.988614073141262,1.1590809215456463,2.666666666666667e-10,0.41155533415642304,10941.535774758268,0.09415357747582676
btc_vol_breakout_2m,0,0.0125,0.025,0.0,0.2,120,random,0.026099737349477868,2.6099737349477867,0.4375,64,-0.0492398141700352,-4.92398141700352,10.94106241468629,1.1292841988969748,1.7682291666666667e-10,0.21650497631674911,10260.997373494778,0.026099737349477868
btc_bullish,0,0.0175,0.03,0.0,0.15,120,random,0.05710709699960721,5.710709699960721,0.43636363636363634,55,-0.030517516250779808,-3.051751625077981,26.912700759956184,1.3932675268023487,2.336363636363636e-10,0.6904088065120653,10571.070969996072,0.05710709699960721
btc_small_up_10m,0,0.0075,0.02,0.0,0.4,30,random,0.04383605563567803,4.383605563567803,0.36363636363636365,66,-0.11672094766880914,-11.672094766880914,9.540587843869247,1.1141796251058445,1.148989898989899e-10,0.19327723019942672,10438.36055635678,0.04383605563567803
btc_hl_breakout_10m,0,0.0075,0.12,0.0,0.5,45,random,0.0784954399650218,7.84954399650218,0.1891891891891892,37,-0.1829788840033335,-18.29788840033335,12.294956689645144,1.1797778572072735,3.5045045045045046e-10,0.5320809343357721,10784.954399650218,0.0784954399650218
btc_hl_breakout_3m,0,0.025,0.12,0.0,0.4,45,random,0.11574683117116119,11.57468311711612,0.3181818181818182,22,-0.14607426627090725,-14.607426627090724,21.11574633209081,1.403980791481193,6.257575757575758e-10,1.409372231726232,11157.468311711611,0.11574683117116119
btc_small_down_10m,0,0.05,0.2,0.0,0.05,15,random,0.016602266181675956,1.6602266181675955,0.4,10,-0.017531561475276458,-1.7531561475276458,22.756706520357532,1.8134360036746857,1.4416666666666668e-09,3.3489245045687386,10166.02266181676,0.016602266181675956
btc_hl_breakout_8m,0,0.04,0.01,0.0,0.2,1440,random,0.04888410667639996,4.888410667639996,0.7192982456140351,57,-0.05496515301813376,-5.4965153018133766,17.27158174186117,1.2787870002006168,2.0760233918128656e-10,0.4388979049741382,10488.841066764,0.04888410667639996
btc_vol_breakout_8m,0,0.02,0.3,0.0,0.05,15,random,0.011950034815236245,1.1950034815236246,0.25,8,-0.010672279262307849,-1.0672279262307849,17.64757625753353,2.3821826790054192,1.69375e-09,3.0067803404198257,10119.500348152362,0.011950034815236245
btc_hl_breakout_3m,0,0.0175,0.035,0.0,0.25,5,random,0.009231057439422421,0.9231057439422421,0.3958333333333333,48,-0.08010185736882014,-8.010185736882015,3.7622348230744294,1.0368256127388147,2.579861111111111e-10,0.10356739633242518,10092.310574394225,0.009231057439422421
btc_hl_breakout_9m,0,0.08,0.25,0.0,0.05,360,random,0.01849930098381459,1.8499300983814588,0.4444444444444444,9,-0.01731514097188447,-1.7315140971884468,22.324079579757054,1.728937485681536,1.6e-09,4.161723390225471,10184.993009838146,0.01849930098381459
btc_hl_breakout_5m,0,0.015,0.02,0.0,0.15,480,random,-0.0022425006656626918,-0.22425006656626917,0.453125,64,-0.050643494525260624,-5.064349452526063,-0.6445217201053659,0.985661379411492,1.7239583333333333e-10,-0.012606981958369326,9977.574993343373,-0.0022425006656626918
btc_alt_aligned,0,0.1,0.3,0.0,0.15,720,random,0.057225058567834275,5.722505856783427,0.6,5,-0.05190690301623557,-5.190690301623557,23.480349837868935,2.3300387739617414,2.9633333333333336e-09,7.784052249086629,10572.250585678343,0.057225058567834275
btc_hl_breakout_8m,0,0.035,0.045,0.0,0.5,120,random,0.06026032481292668,6.026032481292668,0.46875,32,-0.19445798097226363,-19.445798097226362,9.911536178834906,1.122089012470417,4.0729166666666664e-10,0.47446182973190565,10602.603248129268,0.06026032481292668
btc_small_down_10m,0,0.025,0.1,0.0,0.2,5,random,0.05804150078777359,5.80415007877736,0.36,25,-0.06632518848307967,-6.632518848307967,20.894032563930043,1.4303619868568394,5.259999999999999e-10,1.183427208019622,10580.415007877737,0.05804150078777359
btc_hl_breakout_8m,0,0.02,0.2,0.0,0.15,360,random,0.05019340621064121,5.019340621064121,0.25,20,-0.047463300987794166,-4.746330098779417,21.606645098217555,1.5281379198727334,6.783333333333334e-10,1.7287704356809503,10501.934062106411,0.05019340621064121
btc_small_down_10m,0,0.0075,0.02,0.0,0.05,45,random,0.013047126553333413,1.3047126553333412,0.4057971014492754,69,-0.011857532182600772,-1.1857532182600772,23.76414118301286,1.3301651139533148,1.0603864734299516e-10,0.37881467065322677,10130.471265533333,0.013047126553333413
btc_vol_breakout_3m,0,0.08,0.05,0.0,0.15,15,random,0.0405417724845855,4.05417724845855,0.65,20,-0.05079711149881905,-5.079711149881905,18.338639779915617,1.4178522775891707,6.691666666666667e-10,1.3754234980207816,10405.417724845855,0.0405417724845855
btc_hl_breakout_4m,0,0.08,0.1,0.0,0.15,10,random,0.05970882507508891,5.9708825075088905,0.5714285714285714,14,-0.047333038471531586,-4.7333038471531586,26.048463174962116,1.7365425591413886,1.0154761904761906e-09,2.843941228010056,10597.088250750889,0.05970882507508891
btc_hl_breakout_4m,0,0.0175,0.15,0.0,0.2,480,random,0.09725116186217021,9.725116186217022,0.3,20,-0.059787512501282336,-5.978751250128234,30.150128146327983,1.9417437185420048,6.924999999999999e-10,2.423168803022371,10972.511618621702,0.09725116186217021
btc_hl_breakout_5m,0,0.06,0.02,0.0,0.3,240,random,0.09631625584862454,9.631625584862453,0.7222222222222222,36,-0.08794513313975383,-8.794513313975383,21.907304754752474,1.399879112874702,3.5925925925925927e-10,0.90004945902616,10963.162558486245,0.09631625584862454
btc_vol_breakout_10m,0,0.005,0.045,0.0,0.25,60,random,0.005205147509290327,0.5205147509290328,0.23404255319148937,47,-0.06086659608009215,-6.0866596080092155,2.777322334328248,1.0318217475158955,1.5709219858156028e-10,0.06075523732151748,10052.051475092903,0.005205147509290327
btc_hl_breakout_1m,0,0.015,0.045,0.0,0.5,120,random,0.027005333412730308,2.700533341273031,0.3409090909090909,44,-0.16062550264231878,-16.062550264231877,6.054959249403706,1.0572550054565706,2.909090909090909e-10,0.17735731003219882,10270.053334127304,0.027005333412730308
btc_vol_breakout_2m,0,0.005,0.05,0.0,0.05,30,random,-0.006289834521284604,-0.6289834521284604,0.18181818181818182,66,-0.018231330163154813,-1.8231330163154813,-10.139009728431779,0.8622704589168212,1.585858585858586e-10,-0.1877016459123887,9937.101654787153,-0.006289834521284604
btc_small_up_10m,0,0.0125,0.035,0.0,0.1,20,random,0.017021845202479097,1.7021845202479096,0.36,50,-0.03179215090879184,-3.179215090879184,12.381538843181316,1.1925286328114864,1.9033333333333332e-10,0.3490542612927269,10170.21845202479,0.017021845202479097
btc_hl_breakout_10m,0,0.015,0.02,0.0,0.25,120,random,0.05458190260045985,5.458190260045985,0.48484848484848486,66,-0.06278087272309807,-6.278087272309807,15.92538334322366,1.1971051927233256,1.638888888888889e-10,0.3453994530657038,10545.8190260046,0.05458190260045985
btc_hl_breakout_3m,0,0.05,0.025,0.0,0.2,5,random,0.023661003976874668,2.366100397687467,0.6285714285714286,35,-0.062241742302071024,-6.224174230207103,9.657620671430687,1.1395292115516331,3.804761904761905e-10,0.3642909950505405,10236.610039768746,0.023661003976874668
btc_hl_breakout_10m,0,0.005,0.2,0.0,0.5,90,random,0.0876407860374451,8.76407860374451,0.1388888888888889,36,-0.19925797598746464,-19.925797598746463,13.567134613222782,1.21668120682883,3.4583333333333333e-10,0.6140069096344585,10876.407860374451,0.0876407860374451
btc_hl_breakout_2m,0,0.05,0.06,0.0,0.3,90,random,0.07043100600825256,7.043100600825255,0.5217391304347826,23,-0.08999180784484251,-8.99918078448425,17.89943550597939,1.309734486697459,6.043478260869565e-10,1.072519089464367,10704.310060082526,0.07043100600825256
btc_alt_aligned,0,0.04,0.04,0.0,0.4,5,random,0.14055090324248345,14.055090324248345,0.5428571428571428,35,-0.12349360838432022,-12.349360838432021,23.090637119474195,1.3632166036533087,4.057142857142857e-10,1.0234279123808607,11405.509032424834,0.14055090324248345
btc_hl_breakout_10m,0,0.08,0.06,0.0,0.4,1440,random,0.10853705986520312,10.853705986520312,0.6,15,-0.13241162227888992,-13.241162227888992,18.70712422284027,1.4757627462238823,9.655555555555555e-10,1.8824250328401342,11085.37059865203,0.10853705986520312
btc_vol_breakout_10m,0,0.02,0.03,0.0,0.4,45,random,0.06974217356708805,6.974217356708805,0.47058823529411764,34,-0.09315970298608223,-9.315970298608223,16.763249075625602,1.2625805257798668,2.7941176470588236e-10,0.5367698308411033,10697.42173567088,0.06974217356708805
btc_small_up_10m,0,0.1,0.2,0.0,0.3,180,random,0.09364776370532199,9.3647763705322,0.5714285714285714,7,-0.10731337263104235,-10.731337263104235,20.44294874724141,1.832732864679249,2.0285714285714286e-09,4.646603260723025,10936.47763705322,0.09364776370532199
btc_small_down_10m,0,0.035,0.035,0.0,0.3,30,random,0.0364300606549793,3.64300606549793,0.5483870967741935,31,-0.08204138022777141,-8.20413802277714,10.4921852493294,1.1709018176082804,3.639784946236559e-10,0.4269017941027237,10364.300606549794,0.0364300606549793
btc_small_down_10m,0,0.0175,0.015,0.0,0.25,20,random,0.03624009086383148,3.6240090863831482,0.5555555555555556,54,-0.0530917413312314,-5.30917413312314,12.911218014627563,1.1797922019354887,1.4166666666666667e-10,0.28243683064590325,10362.400908638316,0.03624009086383148
btc_hl_breakout_9m,0,0.05,0.035,0.0,0.4,15,random,0.08696536621215924,8.696536621215923,0.5882352941176471,34,-0.14784154468827082,-14.784154468827083,15.525599495635696,1.2195392949465347,3.941176470588235e-10,0.6939208991692922,10869.653662121593,0.08696536621215924
btc_hl_breakout_7m,0,0.01,0.25,0.0,0.3,60,random,0.11848274414231687,11.848274414231687,0.18181818181818182,22,-0.10475379093452153,-10.475379093452153,24.407475432366212,1.813713391567876,6.295454545454545e-10,1.8537391677006176,11184.82744142317,0.11848274414231687
btc_vol_breakout_9m,0,0.0175,0.08,0.0,0.3,90,random,0.042350321400387976,4.235032140038798,0.2962962962962963,27,-0.08443954458691472,-8.443954458691472,11.852728908486773,1.2005657596442083,4.141975308641975e-10,0.5770774996018491,10423.50321400388,0.042350321400387976
btc_hl_breakout_9m,0,0.015,0.25,0.0,0.4,120,random,0.16510766717970773,16.510766717970775,0.2222222222222222,18,-0.13069106867027036,-13.069106867027037,25.57710523071394,1.8687716809181876,7.796296296296296e-10,2.3801645855625937,11651.076671797076,0.16510766717970773
btc_hl_breakout_4m,0,0.03,0.2,0.0,0.4,480,random,0.19157503976213558,19.157503976213558,0.4166666666666667,12,-0.12232273896200818,-12.232273896200818,29.730039725239887,2.0237824678250598,1.2083333333333334e-09,3.989585448792627,11915.750397621356,0.19157503976213558
btc_bullish,0,0.08,0.035,0.0,0.3,720,random,0.09146608444024523,9.146608444024523,0.72,25,-0.08032552645871804,-8.032552645871805,20.72888025915607,1.4280322497916325,5.593333333333334e-10,1.244446345844794,10914.660844402453,0.09146608444024523
btc_bullish,0,0.0075,0.03,0.0,0.25,720,random,0.0352774549907263,3.52774549907263,0.32142857142857145,84,-0.07915623625447576,-7.9156236254475765,10.345457977040418,1.1082913846763354,1.4186507936507937e-10,0.1852056228770256,10352.774549907263,0.0352774549907263
btc_vol_breakout_8m,0,0.0075,0.25,0.0,0.3,360,random,0.08620158218890188,8.620158218890188,0.1111111111111111,27,-0.08657677437330358,-8.657677437330358,22.349289480091578,1.5095920856513132,4.3580246913580246e-10,1.1438813717928646,10862.01582188902,0.08620158218890188
btc_hl_breakout_9m,0,0.04,0.25,0.0,0.4,30,random,0.13941357391766424,13.941357391766424,0.3076923076923077,13,-0.1458780611140884,-14.587806111408842,22.037591312329454,1.6743392842990055,1.1089743589743588e-09,2.860597177906666,11394.135739176643,0.13941357391766424
btc_vol_breakout_10m,0,0.005,0.04,0.0,0.4,1440,random,0.028674734524823088,2.867473452482309,0.2708333333333333,48,-0.09783834182103146,-9.783834182103146,8.033332896794013,1.100501036059782,1.5625e-10,0.17542936186988686,10286.74734524823,0.028674734524823088
btc_vol_breakout_3m,0,0.0125,0.015,0.0,0.4,180,random,0.11384247100402786,11.384247100402787,0.5454545454545454,66,-0.06323029051363449,-6.323029051363449,24.95314084088466,1.3318253589795008,1.2550505050505052e-10,0.4311992004615426,11138.424710040279,0.11384247100402786
btc_hl_breakout_4m,0,0.025,0.1,0.0,0.5,10,random,0.08605954213236947,8.605954213236947,0.34782608695652173,23,-0.15413407323775596,-15.413407323775596,13.794034815218863,1.250765009604826,5.898550724637681e-10,0.8447204664190333,10860.595421323695,0.08605954213236947
btc_hl_breakout_8m,0,0.005,0.05,0.0,0.1,10,random,-0.0012764863782864608,-0.12764863782864608,0.1875,64,-0.051577583416157036,-5.157758341615704,-0.5105990630563196,0.9867046137487259,1.703125e-10,-0.01013949612551884,9987.235136217136,-0.0012764863782864608
btc_alt_aligned,0,0.06,0.025,0.0,0.4,15,random,0.1157524700981558,11.57524700981558,0.6666666666666666,33,-0.14165917196649502,-14.165917196649502,19.537337594818155,1.3352616026856017,4.3333333333333334e-10,0.9033888074617514,11157.524700981558,0.1157524700981558
btc_vol_breakout_3m,0,0.03,0.3,0.0,0.4,360,random,0.0987837418057894,9.87837418057894,0.4,5,-0.15444477146361857,-15.444477146361857,16.20083603936407,2.5433843043622018,2.9266666666666665e-09,5.126504657223376,10987.837418057894,0.0987837418057894
btc_bullish,0,0.0175,0.08,0.0,0.3,720,random,0.0742045976070765,7.42045976070765,0.3142857142857143,35,-0.09255793455204397,-9.255793455204397,16.876058746881828,1.2892593134461874,3.876190476190476e-10,0.7425226256389417,10742.045976070765,0.0742045976070765
btc_bullish,0,0.06,0.15,0.0,0.2,1440,random,0.06525246803626292,6.525246803626292,0.5,10,-0.06614598694691975,-6.614598694691976,20.929922241502688,1.7242939357374845,1.4416666666666668e-09,3.338486696396401,10652.524680362629,0.06525246803626292
btc_alt_aligned,0,0.0175,0.045,0.0,0.25,240,random,0.048914217707589025,4.891421770758902,0.36538461538461536,52,-0.08692126937982747,-8.692126937982747,13.517864368558287,1.1760983789316346,2.663461538461538e-10,0.40030652336416633,10489.14217707589,0.048914217707589025
btc_hl_breakout_7m,0,0.015,0.05,0.0,0.3,45,random,0.03493591769201807,3.493591769201807,0.3181818181818182,44,-0.10213193067181148,-10.213193067181148,9.146803259638693,1.1193767058512165,2.9431818181818185e-10,0.3066370131928095,10349.359176920181,0.03493591769201807
btc_hl_breakout_10m,0,0.025,0.12,0.0,0.25,15,random,0.08016198483480794,8.016198483480794,0.3181818181818182,22,-0.08158193393954993,-8.158193393954994,20.954349483415683,1.4782339694206725,6.348484848484849e-10,1.5055641725068503,10801.61984834808,0.08016198483480794
btc_hl_breakout_9m,0,0.025,0.15,0.0,0.1,720,random,0.04200168536972192,4.200168536972192,0.3333333333333333,18,-0.033428472393450925,-3.3428472393450925,26.37882226907753,1.8273721732879276,7.953703703703703e-10,2.340902297981171,10420.01685369722,0.04200168536972192
btc_vol_breakout_3m,0,0.015,0.08,0.0,0.3,30,random,0.05674147787951092,5.674147787951092,0.3103448275862069,29,-0.10142906306247046,-10.142906306247045,14.639177331388217,1.2705120926223974,4.281609195402299e-10,0.698530080747092,10567.41477879511,0.05674147787951092
btc_vol_breakout_2m,0,0.06,0.06,0.0,0.1,60,random,0.024714042437153274,2.471404243715327,0.6111111111111112,18,-0.03332586853814856,-3.332586853814856,16.644925031432557,1.4305656013528019,7.583333333333333e-10,1.3921406904468339,10247.140424371533,0.024714042437153274
btc_hl_breakout_7m,0,0.01,0.02,0.0,0.1,120,random,0.0017770807569976795,0.17770807569976796,0.36585365853658536,82,-0.04327038608303524,-4.327038608303524,1.6610491008907535,1.0148520654972861,1.2865853658536587e-10,0.02909771084157945,10017.770807569977,0.0017770807569976795
btc_vol_breakout_10m,0,0.0125,0.04,0.0,0.2,120,random,0.03580380534871799,3.580380534871799,0.3611111111111111,36,-0.039561978937782905,-3.9561978937782905,17.035113408205877,1.3042853073354368,2.5648148148148146e-10,0.5070005852426117,10358.03805348718,0.03580380534871799
btc_bullish,0,0.035,0.035,0.0,0.05,45,random,0.015063988231018238,1.5063988231018237,0.5384615384615384,39,-0.015243490568524809,-1.524349056852481,19.901377381865107,1.3410754368603197,3.4572649572649573e-10,0.776181384916196,10150.639882310183,0.015063988231018238
btc_vol_breakout_8m,0,0.0075,0.04,0.0,0.3,10,random,0.010687162753385838,1.0687162753385837,0.28888888888888886,45,-0.08253441684280971,-8.253441684280972,4.272213393446674,1.0488209541823803,2.0962962962962963e-10,0.1015056672477607,10106.87162753386,0.010687162753385838
btc_small_down_10m,0,0.0075,0.06,0.0,0.5,360,random,0.0946492268805091,9.46492268805091,0.24489795918367346,49,-0.10142630516124485,-10.142630516124484,16.53507368100446,1.2336420452040322,1.9931972789115646e-10,0.4169683118214065,10946.49226880509,0.0946492268805091
btc_vol_breakout_9m,0,0.035,0.02,0.0,0.1,120,random,0.0315833348740504,3.1583334874050397,0.6764705882352942,34,-0.01699272453845757,-1.699272453845757,29.5766285778763,1.6202748821791155,2.5049019607843137e-10,0.924890263460266,10315.833348740503,0.0315833348740504
btc_hl_breakout_4m,0,0.1,0.025,0.0,0.2,120,random,0.060671055797129655,6.067105579712965,0.7692307692307693,26,-0.06394697993657139,-6.3946979936571395,20.689896282576168,1.4715250966736084,5.32051282051282e-10,1.1792220809954799,10606.710557971297,0.060671055797129655
btc_small_down_10m,0,0.0075,0.025,0.0,0.05,120,random,0.01504555585245223,1.504555585245223,0.4,65,-0.01137951817462246,-1.137951817462246,27.49985051598553,1.3960779515953834,1.212820512820513e-10,0.46287355762539084,10150.455558524522,0.01504555585245223
btc_hl_breakout_10m,0,0.08,0.15,0.0,0.5,360,random,0.14084585428705587,14.084585428705587,0.4444444444444444,9,-0.1633924579369086,-16.33924579369086,19.268962515654696,1.5299045983887374,1.6203703703703704e-09,3.4327030660356583,11408.458542870558,0.14084585428705587
btc_hl_breakout_1m,0,0.005,0.015,0.0,0.1,10,random,-0.015482406172482763,-1.5482406172482763,0.33707865168539325,89,-0.04129633405352362,-4.129633405352362,-12.96740577983366,0.8527068539017237,9.662921348314606e-11,-0.170921035068329,9845.175938275172,-0.015482406172482763
btc_vol_breakout_3m,0,0.03,0.06,0.0,0.25,15,random,0.02942790785265247,2.942790785265247,0.38461538461538464,26,-0.09695977596375127,-9.695977596375126,9.444871612164432,1.1510531183478008,4.929487179487179e-10,0.5094423351919264,10294.279078526524,0.02942790785265247
btc_hl_breakout_7m,0,0.1,0.12,0.0,0.5,720,random,0.19618194691166826,19.618194691166828,0.5,12,-0.1750581810668883,-17.50581810668883,25.41201265648887,1.560669446869218,1.2180555555555556e-09,3.452246910040314,11961.819469116683,0.19618194691166826
btc_small_up_9m,0,0.025,0.035,0.0,0.2,720,random,0.048965784003859904,4.89657840038599,0.5,34,-0.04408207357620697,-4.408207357620697,20.27316637723714,1.3626825270413085,3.176470588235294e-10,0.7284781462064605,10489.657840038599,0.048965784003859904
btc_small_up_10m,0,0.0125,0.06,0.0,0.25,15,random,0.045490397888261896,4.54903978882619,0.2682926829268293,41,-0.08814122893645238,-8.814122893645237,13.377808974912465,1.2181314387842244,2.5121951219512194e-10,0.4740872175537667,10454.90397888262,0.045490397888261896
btc_hl_breakout_9m,0,0.0075,0.06,0.0,0.5,60,random,-0.015089214220458598,-1.5089214220458598,0.2037037037037037,54,-0.2344733621745123,-23.44733621745123,0.08172228121114229,0.972776019526186,2.2685185185185186e-10,0.008563992288378695,9849.107857795414,-0.015089214220458598
btc_hl_breakout_5m,0,0.03,0.02,0.0,0.15,720,random,0.01205775393302472,1.205775393302472,0.5531914893617021,47,-0.05566538184374481,-5.5665381843744814,6.810587360781982,1.0871175043774088,2.49645390070922e-10,0.18550427625047614,10120.577539330247,0.01205775393302472
btc_hl_breakout_10m,0,0.035,0.01,0.0,0.3,120,random,0.09474650858038762,9.474650858038762,0.7321428571428571,56,-0.07526934185591116,-7.5269341855911165,22.150745813017345,1.3729415617403289,2.1398809523809522e-10,0.5689481436416404,10947.465085803877,0.09474650858038762
btc_hl_breakout_5m,0,0.0125,0.3,0.0,0.05,1440,random,0.015480684150965374,1.5480684150965374,0.2,15,-0.017740145150294206,-1.7740145150294206,20.218942464113766,1.7391965901658049,9.5e-10,2.087703619848904,10154.806841509653,0.015480684150965374
btc_small_down_10m,0,0.035,0.02,0.0,0.25,30,random,0.07279997289941766,7.2799972899417655,0.6410256410256411,39,-0.049471346718301,-4.9471346718301,23.217699593875725,1.424251662331234,2.5683760683760685e-10,0.7482874544383016,10727.999728994177,0.07279997289941766
btc_hl_breakout_9m,0,0.03,0.045,0.0,0.3,360,random,0.04406678931629963,4.406678931629963,0.4594594594594595,37,-0.12703710458860018,-12.703710458860018,11.093079884868871,1.1469275441240299,3.3648648648648647e-10,0.44132090496759696,10440.667893162996,0.04406678931629963
btc_small_down_10m,0,0.015,0.25,0.0,0.3,120,random,0.09138779361509809,9.13877936150981,0.2,20,-0.09497905710876997,-9.497905710876998,21.152219825805226,1.5274872533764143,6.75e-10,1.642017481038586,10913.87793615098,0.09138779361509809
btc_hl_breakout_4m,0,0.06,0.3,0.0,0.3,20,random,0.12429507162780369,12.42950716278037,0.42857142857142855,7,-0.09544344082852363,-9.544344082852362,24.718751529209104,1.982549445956266,2.088095238095238e-09,6.179364113483965,11242.950716278037,0.12429507162780369
btc_hl_breakout_8m,0,0.05,0.12,0.0,0.25,720,random,0.06274050485046619,6.274050485046619,0.4117647058823529,17,-0.09727383376425947,-9.727383376425946,16.75340963470732,1.354513002697142,8.137254901960784e-10,1.5761244989841283,10627.405048504661,0.06274050485046619
btc_hl_breakout_10m,0,0.05,0.15,0.0,0.15,90,random,0.04008615220000752,4.008615220000752,0.4166666666666667,12,-0.05974657492841118,-5.974657492841118,17.319230198758312,1.5316585170673074,1.1958333333333333e-09,2.297113782945927,10400.861522000076,0.04008615220000752
btc_small_up_10m,0,0.08,0.035,0.0,0.05,15,random,0.018397929246473092,1.8397929246473093,0.7272727272727273,22,-0.013605188397127654,-1.3605188397127654,24.929463474281896,1.6745081563003952,5.924242424242425e-10,1.6729366626321536,10183.979292464732,0.018397929246473092
btc_vol_breakout_10m,0,0.0175,0.25,0.0,0.25,360,random,0.08739837666195927,8.739837666195927,0.16666666666666666,18,-0.05555380409737165,-5.555380409737165,26.37690034980687,1.7367327036759423,6.546296296296296e-10,2.012291759052951,10873.983766619593,0.08739837666195927
btc_small_down_10m,0,0.1,0.035,0.0,0.15,60,random,0.04612236481793982,4.612236481793982,0.7619047619047619,21,-0.03969509621466927,-3.9695096214669268,21.535811578286882,1.608670278925713,5.73015873015873e-10,1.4677204313095191,10461.223648179399,0.04612236481793982
btc_hl_breakout_4m,0,0.03,0.03,0.0,0.3,480,random,0.08084492928344848,8.084492928344849,0.5714285714285714,42,-0.0764739555187437,-7.64739555187437,20.13918540591668,1.291893222267937,3.2023809523809527e-10,0.6571897419100474,10808.449292834484,0.08084492928344848
btc_vol_breakout_8m,0,0.08,0.1,0.0,0.4,30,random,0.06391948212948782,6.391948212948782,0.5,14,-0.13144727951418977,-13.144727951418977,13.002049166878333,1.237961670628232,9.773809523809524e-10,1.318544662288681,10639.194821294877,0.06391948212948782
btc_vol_breakout_9m,0,0.08,0.15,0.0,0.15,480,random,0.0333034436511183,3.33034436511183,0.5,8,-0.05091155965501726,-5.091155965501725,16.31234666758839,1.523641318061673,1.7875e-09,2.899754193444468,10333.034436511183,0.0333034436511183
btc_small_down_10m,0,0.03,0.25,0.0,0.2,720,random,0.04948490050443406,4.948490050443406,0.3,10,-0.05917265796086846,-5.917265796086846,18.302527530110076,1.7076091038408725,1.4283333333333335e-09,2.576146959934611,10494.84900504434,0.04948490050443406
btc_small_down_10m,0,0.005,0.035,0.0,0.4,60,random,0.05036419963447716,5.036419963447716,0.2698412698412698,63,-0.09838902844177988,-9.838902844177987,11.394010863810212,1.150528915044624,1.470899470899471e-10,0.22093174416483188,10503.641996344772,0.05036419963447716
btc_hl_breakout_7m,0,0.02,0.02,0.0,0.4,20,random,0.08402817209764621,8.40281720976462,0.5166666666666667,60,-0.12341206704050289,-12.34120670405029,15.554988452506285,1.182166834739622,1.886111111111111e-10,0.3772441440402582,10840.281720976462,0.08402817209764621
btc_hl_breakout_5m,0,0.005,0.15,0.0,0.2,20,random,0.05482541802912556,5.482541802912555,0.16216216216216217,37,-0.07884266949656915,-7.884266949656915,18.33066430778997,1.3799672886464023,3.391891891891892e-10,0.77749320178879,10548.254180291256,0.05482541802912556
btc_hl_breakout_7m,0,0.035,0.06,0.0,0.05,180,random,0.009533107947511285,0.9533107947511286,0.4,30,-0.021060124816114856,-2.1060124816114856,12.485866682149737,1.2185777116276835,4.483333333333333e-10,0.6463473797410626,10095.331079475112,0.009533107947511285
btc_hl_breakout_1m,0,0.04,0.05,0.0,0.4,90,random,0.11345754122028498,11.345754122028499,0.5357142857142857,28,-0.13141910688914737,-13.141910688914738,20.96416980532925,1.3644007438971275,4.910714285714286e-10,1.045665143253222,11134.57541220285,0.11345754122028498
btc_hl_breakout_7m,0,0.035,0.2,0.0,0.3,10,random,0.10932565127875205,10.932565127875204,0.35714285714285715,14,-0.10664183873430044,-10.664183873430044,23.37130560444775,1.654126018883437,1.0226190476190475e-09,2.6954197793286836,11093.25651278752,0.10932565127875205
btc_hl_breakout_4m,0,0.1,0.2,0.0,0.5,90,random,0.20467078239475678,20.46707823947568,0.6666666666666666,6,-0.15698713491340754,-15.698713491340754,25.944243096226714,2.4664217707252374,2.463888888888889e-09,6.802566391951463,12046.707823947567,0.20467078239475678
btc_hl_breakout_4m,0,0.1,0.05,0.0,0.5,60,random,0.1372511443919373,13.725114439193732,0.6875,16,-0.167171423930503,-16.7171423930503,19.020588887047673,1.505279750509341,8.84375e-10,1.7761770880013104,11372.511443919373,0.1372511443919373
btc_vol_breakout_9m,0,0.0125,0.08,0.0,0.4,15,random,0.10339694953990547,10.339694953990547,0.26666666666666666,30,-0.08601495056888264,-8.601495056888265,22.06899188589531,1.4180182379397726,3.566666666666666e-10,0.887034802573675,11033.969495399055,0.10339694953990547
btc_hl_breakout_7m,0,0.0125,0.03,0.0,0.5,90,random,0.12503916537332535,12.503916537332534,0.390625,64,-0.1565550641692044,-15.655506416920439,18.207970457810518,1.202058825066241,1.8411458333333333e-10,0.4176207695111082,11250.391653733253,0.12503916537332535
btc_hl_breakout_3m,0,0.02,0.05,0.0,0.4,720,random,0.03477805716624002,3.4778057166240024,0.3783783783783784,37,-0.12921517443645714,-12.921517443645714,7.8095290451161254,1.0983740323664093,3.5045045045045046e-10,0.29249918643936806,10347.7805716624,0.03477805716624002
btc_vol_breakout_2m,0,0.03,0.03,0.0,0.25,480,random,0.026901839794086117,2.6901839794086118,0.5365853658536586,41,-0.06916006245322992,-6.916006245322992,8.932112148281275,1.1197675845766142,3.170731707317073e-10,0.28924167901242287,10269.018397940861,0.026901839794086117
btc_hl_breakout_4m,0,0.05,0.03,0.0,0.25,15,random,0.057657272183615126,5.765727218361513,0.631578947368421,38,-0.08397227754584158,-8.397227754584158,17.335492302460384,1.248511544374306,3.495614035087719e-10,0.6304293435142404,10576.572721836152,0.057657272183615126
btc_hl_breakout_8m,0,0.015,0.045,0.0,0.05,30,random,0.007507158816924681,0.7507158816924681,0.35555555555555557,45,-0.01741144294513841,-1.7411442945138411,10.39402624181092,1.16434954244721,2.788888888888889e-10,0.3396241713368774,10075.071588169247,0.007507158816924681
btc_bullish,0,0.1,0.02,0.0,0.05,10,random,0.014284942453952272,1.4284942453952272,0.8064516129032258,31,-0.01648604223470651,-1.648604223470651,19.23527308849163,1.4338553072534344,4.4892473118279565e-10,0.9264583737354042,10142.849424539523,0.014284942453952272
btc_hl_breakout_5m,0,0.0175,0.01,0.0,0.5,480,random,-0.10084301936662796,-10.084301936662795,0.5540540540540541,74,-0.22553669910473773,-22.553669910473772,-15.796509871453416,0.8191419454031106,1.2837837837837837e-10,-0.2580787942489967,8991.56980633372,-0.10084301936662796
btc_vol_breakout_9m,0,0.08,0.2,0.0,0.4,1440,random,0.09827801854696791,9.82780185469679,0.5,8,-0.13144727951419066,-13.144727951419066,18.46759173571099,1.533994960362274,1.7875e-09,3.397007559078228,10982.780185469679,0.09827801854696791
btc_small_up_10m,0,0.015,0.015,0.0,0.2,5,random,0.013604487624031254,1.3604487624031254,0.4444444444444444,63,-0.059419290301476746,-5.941929030147675,5.827032355187277,1.0696639860139325,1.349206349206349e-10,0.12412883114065888,10136.044876240312,0.013604487624031254
btc_hl_breakout_2m,0,0.02,0.08,0.0,0.15,15,random,0.037318348359031986,3.7318348359031988,0.3448275862068966,29,-0.04912954426792682,-4.912954426792682,17.998389987368668,1.3527576951451064,4.528735632183908e-10,0.8762698208439432,10373.18348359032,0.037318348359031986
btc_hl_breakout_3m,0,0.03,0.2,0.0,0.1,480,random,0.014801961522811064,1.4801961522811065,0.3076923076923077,13,-0.03949258322183269,-3.949258322183269,10.81151856078366,1.2920052521630465,1.1e-09,1.1970487927794786,10148.019615228111,0.014801961522811064
btc_vol_breakout_10m,0,0.035,0.2,0.0,0.15,480,random,0.044250459910129936,4.425045991012993,0.36363636363636365,11,-0.04766554421541913,-4.7665544215419136,21.0786678063134,1.6532444142964757,1.1666666666666666e-09,2.7676528868441297,10442.5045991013,0.044250459910129936
btc_hl_breakout_1m,0,0.01,0.03,0.0,0.4,45,random,0.04767376343318583,4.767376343318583,0.375,64,-0.12030539261353146,-12.030539261353146,10.456336087381102,1.1071455458267625,1.7734375e-10,0.21411767884764493,10476.737634331857,0.04767376343318583
btc_vol_breakout_10m,0,0.05,0.15,0.0,0.15,90,random,0.003849046608066965,0.3849046608066965,0.25,12,-0.05188625367078237,-5.188625367078236,2.4985562992328876,1.047119768758242,1.0152777777777777e-09,0.30748584051038896,10038.49046608067,0.003849046608066965
btc_hl_breakout_10m,0,0.1,0.12,0.0,0.4,360,random,0.13919267879057434,13.919267879057434,0.5833333333333334,12,-0.14198949383128434,-14.198949383128435,23.118133904746653,1.5361724285689722,1.1833333333333334e-09,3.0555346253292526,11391.926787905744,0.13919267879057434
btc_hl_breakout_6m,0,0.1,0.05,0.0,0.1,30,random,0.021702518840212393,2.1702518840212393,0.6470588235294118,17,-0.03925190852484639,-3.925190852484639,14.647529755129638,1.3670985795409838,8.333333333333334e-10,1.3038968470936076,10217.025188402124,0.021702518840212393
btc_alt_aligned,0,0.0125,0.03,0.0,0.5,20,random,0.08839251169514782,8.839251169514782,0.3717948717948718,78,-0.16396658074870007,-16.396658074870007,13.271743290083764,1.12140165764001,1.7136752136752137e-10,0.26208575256384486,10883.92511695148,0.08839251169514782
btc_small_up_10m,0,0.1,0.3,0.0,0.5,720,random,0.1033211131705114,10.33211131705114,0.6666666666666666,3,-0.1811247089504081,-18.11247089504081,14.672329740950605,2.682264632471105,4.838888888888889e-09,7.370746899168891,11033.211131705113,0.1033211131705114
btc_hl_breakout_10m,0,0.0175,0.015,0.0,0.25,720,random,0.03416758629089832,3.416758629089832,0.5147058823529411,68,-0.08642669433544525,-8.642669433544526,10.400700765393168,1.1182542262541604,1.5269607843137254e-10,0.22034729850104012,10341.675862908984,0.03416758629089832
btc_vol_breakout_8m,0,0.0175,0.035,0.0,0.5,720,random,-0.001850179979404129,-0.1850179979404129,0.39473684210526316,38,-0.1480594329624758,-14.80594329624758,1.4547991419163515,0.995506145347976,2.7192982456140346e-10,0.04535438104522696,9981.498200205959,-0.001850179979404129
btc_hl_breakout_4m,0,0.06,0.015,0.0,0.3,720,random,0.09957166175754978,9.957166175754978,0.775,40,-0.09155507717665368,-9.155507717665367,22.53806973113298,1.4455619624801386,3.233333333333333e-10,0.8319208163219547,10995.716617575497,0.09957166175754978
btc_vol_breakout_9m,0,0.0125,0.03,0.0,0.5,360,random,0.08651844549626249,8.651844549626249,0.4,40,-0.1123558834496623,-11.23558834496623,17.365810566042725,1.2481666060940007,2.2166666666666668e-10,0.4564722748281556,10865.184454962626,0.08651844549626249
btc_hl_breakout_8m,0,0.035,0.05,0.0,0.5,30,random,0.06379143653760738,6.379143653760738,0.45161290322580644,31,-0.19445798097226386,-19.445798097226387,10.338488567215611,1.132159356741396,4.306451612903226e-10,0.5125213658498783,10637.914365376073,0.06379143653760738
btc_small_up_9m,0,0.035,0.2,0.0,0.3,10,random,0.04992437395116981,4.992437395116981,0.3333333333333333,12,-0.0782030266410636,-7.82030266410636,13.203597945014891,1.3358861076350175,1.0791666666666666e-09,1.561461445366135,10499.243739511698,0.04992437395116981
btc_small_up_10m,0,0.06,0.25,0.0,0.2,60,random,0.06007029173509652,6.007029173509652,0.36363636363636365,11,-0.07954277509950958,-7.954277509950957,19.1946061058204,1.5888315167330493,1.2257575757575758e-09,2.8676350136483233,10600.702917350965,0.06007029173509652
btc_vol_breakout_8m,0,0.0175,0.1,0.0,0.3,720,random,0.06587798184714962,6.587798184714962,0.28,25,-0.08443954458691383,-8.443954458691383,17.434188084677007,1.3561776422238003,4.713333333333334e-10,0.9210135692807943,10658.779818471496,0.06587798184714962
btc_alt_aligned,0,0.005,0.12,0.0,0.5,15,random,0.09906631512812801,9.906631512812801,0.13793103448275862,58,-0.15871554964026768,-15.871554964026767,14.313022922108138,1.197448404576515,2.3563218390804596e-10,0.41046428829380704,10990.66315128128,0.09906631512812801
btc_alt_aligned,0,0.0125,0.035,0.0,0.05,120,random,0.010837584228461976,1.0837584228461976,0.35294117647058826,68,-0.015517033101773103,-1.5517033101773103,14.241561332387493,1.1880225397120168,1.9950980392156863e-10,0.3224538114792099,10108.37584228462,0.010837584228461976
btc_hl_breakout_2m,0,0.015,0.03,0.0,0.2,5,random,0.031071343747856646,3.1071343747856646,0.43859649122807015,57,-0.053318398660120225,-5.3318398660120225,12.870054692129303,1.152478813245697,2.0087719298245613e-10,0.2865212222766542,10310.713437478567,0.031071343747856646
btc_bullish,0,0.0175,0.08,0.0,0.3,5,random,0.0742045976070765,7.42045976070765,0.3142857142857143,35,-0.09255793455204397,-9.255793455204397,16.876058746881828,1.2892593134461874,3.876190476190476e-10,0.7425226256389417,10742.045976070765,0.0742045976070765
btc_hl_breakout_3m,0,0.005,0.05,0.0,0.3,15,random,-0.016919643549305828,-1.6919643549305827,0.20967741935483872,62,-0.1084177690520104,-10.841776905201039,-3.5737052074670337,0.9366636406695242,1.6774193548387098e-10,-0.06777585336512482,9830.803564506941,-0.016919643549305828
btc_vol_breakout_8m,0,0.035,0.04,0.0,0.3,240,random,0.03951110214979353,3.9511102149793533,0.5333333333333333,30,-0.08768155340418304,-8.768155340418303,11.396390062104654,1.1753216512589906,3.8611111111111114e-10,0.47705148951976045,10395.111021497934,0.03951110214979353
btc_vol_breakout_3m,0,0.05,0.05,0.0,0.4,480,random,0.03767757679376764,3.7677576793767638,0.5217391304347826,23,-0.1428021304219692,-14.280213042196921,8.314761467712744,1.1238911319493292,5.833333333333333e-10,0.5053805600126269,10376.775767937677,0.03767757679376764
btc_hl_breakout_5m,0,0.03,0.1,0.0,0.2,30,random,-0.0020552076842865062,-0.20552076842865064,0.32,25,-0.09590866960505895,-9.590866960505895,0.06065826060480174,0.9875487443058056,5.546666666666667e-10,0.013019413938457052,9979.447923157135,-0.0020552076842865062
btc_vol_breakout_9m,0,0.06,0.3,0.0,0.05,240,random,0.0037869258166506256,0.3786925816650626,0.4,5,-0.018246448123820258,-1.8246448123820258,5.534038940343904,1.2807883628955976,2.856666666666667e-09,1.5734164133269022,10037.869258166505,0.0037869258166506256
btc_hl_breakout_1m,0,0.0125,0.12,0.0,0.05,480,random,0.010157331719079798,1.0157331719079798,0.20588235294117646,34,-0.020536007535551848,-2.053600753555185,14.55096425518015,1.2804418224429654,3.7156862745098037e-10,0.6080811128529823,10101.573317190798,0.010157331719079798
btc_hl_breakout_9m,0,0.05,0.02,0.0,0.3,120,random,0.08103374061952909,8.103374061952909,0.6829268292682927,41,-0.09136671081318293,-9.136671081318292,18.711232903508325,1.293346333656861,3.203252032520325e-10,0.6803078834039227,10810.33740619529,0.08103374061952909
btc_small_down_10m,0,0.02,0.1,0.0,0.4,15,random,0.10249132347052209,10.249132347052209,0.3333333333333333,27,-0.12918132937898985,-12.918132937898985,19.105706606788747,1.348365228556121,4.728395061728395e-10,1.004242740139782,11024.913234705222,0.10249132347052209
btc_hl_breakout_5m,0,0.025,0.02,0.0,0.05,360,random,0.009421207291535063,0.9421207291535063,0.5576923076923077,52,-0.0134921456648609,-1.34921456648609,14.374863241479806,1.2057596149256788,2.205128205128205e-10,0.3659269357748557,10094.21207291535,0.009421207291535063
btc_alt_aligned,0,0.005,0.25,0.0,0.4,5,random,0.14408101144410013,14.408101144410013,0.125,32,-0.12445454781364595,-12.445454781364596,22.614716087925462,1.6584573793312245,4.453125e-10,1.1954711403973852,11440.810114441001,0.14408101144410013
btc_hl_breakout_2m,0,0.02,0.08,0.0,0.3,180,random,0.0729752865249016,7.2975286524901595,0.3448275862068966,29,-0.09624593607425869,-9.624593607425869,17.981193445839267,1.3297362590132917,4.528735632183908e-10,0.876269820843944,10729.752865249016,0.0729752865249016
btc_vol_breakout_10m,0,0.03,0.2,0.0,0.15,90,random,0.06063949165807951,6.063949165807951,0.36363636363636365,11,-0.03271909197075373,-3.2719091970753733,30.479290435298463,2.1672054893213906,1.1393939393939394e-09,3.7015474845527723,10606.394916580795,0.06063949165807951
btc_bullish,0,0.1,0.03,0.0,0.05,15,random,0.020131528778679585,2.0131528778679586,0.782608695652174,23,-0.01595394540303474,-1.5953945403034742,27.151167157134825,1.7291948524164331,6.043478260869565e-10,1.7487735905189399,10201.315287786796,0.020131528778679585
btc_hl_breakout_7m,0,0.0175,0.03,0.0,0.2,180,random,0.006766108103937722,0.6766108103937722,0.3888888888888889,54,-0.09702489640801804,-9.702489640801804,3.2001604694357986,1.0300161841004667,2.2870370370370369e-10,0.08540359840347754,10067.661081039378,0.006766108103937722
btc_hl_breakout_2m,0,0.005,0.1,0.0,0.1,360,random,0.011237353347907925,1.1237353347907926,0.1702127659574468,47,-0.040252963632159355,-4.0252963632159355,8.920539918326464,1.1530162244855207,2.3333333333333335e-10,0.2512447600970274,10112.37353347908,0.011237353347907925
btc_hl_breakout_2m,0,0.02,0.045,0.0,0.15,480,random,0.017582030859300404,1.7582030859300404,0.3902439024390244,41,-0.049244198757345314,-4.924419875734531,9.019901507365143,1.134419053080584,3.1788617886178864e-10,0.3023059530233012,10175.820308593004,0.017582030859300404
btc_vol_breakout_3m,0,0.005,0.025,0.0,0.5,120,random,-0.08970762631673423,-8.970762631673423,0.2571428571428571,70,-0.2214594216248733,-22.14594216248733,-15.020011705545013,0.8166775390163752,1.1142857142857143e-10,-0.24063104786693706,9102.923736832658,-0.08970762631673423
btc_vol_breakout_9m,0,0.0125,0.15,0.0,0.05,20,random,0.004703699184552022,0.47036991845520215,0.14285714285714285,21,-0.013840766942842309,-1.3840766942842309,7.919848900414354,1.2077302245831807,5.722222222222222e-10,0.4614147206592625,10047.03699184552,0.004703699184552022
btc_small_down_10m,0,0.01,0.04,0.0,0.05,10,random,0.0016442355821985758,0.16442355821985757,0.28,50,-0.011210906125133091,-1.121090612513309,2.790590023630265,1.0422811185536316,1.9899999999999998e-10,0.06977905787435881,10016.442355821986,0.0016442355821985758
btc_hl_breakout_9m,0,0.0075,0.25,0.0,0.4,10,random,0.08914916214054701,8.914916214054701,0.10344827586206896,29,-0.14854673923860306,-14.854673923860307,15.192847742091931,1.337078985231763,4.557471264367816e-10,0.8979341277472982,10891.49162140547,0.08914916214054701
btc_vol_breakout_9m,0,0.0175,0.015,0.0,0.1,480,random,0.0018557141500047465,0.18557141500047467,0.5217391304347826,46,-0.022293839199815424,-2.2293839199815424,2.1351171041673975,1.0279298913048687,1.6304347826086957e-10,0.04670826701086748,10018.557141500047,0.0018557141500047465
btc_hl_breakout_10m,0,0.0075,0.04,0.0,0.5,30,random,0.031088003452690555,3.1088003452690556,0.288135593220339,59,-0.19660069170442518,-19.66006917044252,6.390879645383339,1.055396089072168,1.9661016949152542e-10,0.15575912893681995,10310.880034526905,0.031088003452690555
btc_bullish,0,0.005,0.035,0.0,0.5,15,random,0.08201230736956304,8.201230736956305,0.26136363636363635,88,-0.13718884776962426,-13.718884776962426,12.692589023543112,1.1216027135664344,1.3371212121212121e-10,0.217609238619622,10820.123073695631,0.08201230736956304
btc_vol_breakout_3m,0,0.05,0.025,0.0,0.3,1440,random,0.06806094399270646,6.806094399270646,0.6666666666666666,33,-0.07864037084119357,-7.864037084119357,17.725592648940623,1.3032860022441188,3.7171717171717173e-10,0.7106920279298611,10680.609439927064,0.06806094399270646
btc_hl_breakout_2m,0,0.1,0.02,0.0,0.15,1440,random,0.048358328728019956,4.835832872801996,0.7931034482758621,29,-0.04877444353346383,-4.877444353346383,22.16183465699624,1.4941910539563101,4.344827586206897e-10,1.1187607767147736,10483.5832872802,0.048358328728019956
btc_hl_breakout_9m,0,0.04,0.04,0.0,0.2,180,random,0.05052333721507455,5.052333721507455,0.5294117647058824,34,-0.06898308343619763,-6.898308343619764,16.996061823562073,1.269810239174485,3.946078431372549e-10,0.7685039837072266,10505.233372150746,0.05052333721507455
btc_hl_breakout_8m,0,0.04,0.02,0.0,0.5,30,random,0.1481550141472542,14.815501414725421,0.6428571428571429,42,-0.12968398412316073,-12.968398412316073,21.112964553088666,1.3077731201135778,2.829365079365079e-10,0.7278178700144928,11481.550141472542,0.1481550141472542
btc_hl_breakout_5m,0,0.035,0.1,0.0,0.5,20,random,0.05204367785187915,5.204367785187915,0.35,20,-0.17993853620688505,-17.993853620688505,9.234638118758562,1.1391731112847407,7.125e-10,0.6730390943369693,10520.436778518791,0.05204367785187915
btc_small_down_10m,0,0.02,0.25,0.0,0.15,5,random,0.04141433460435444,4.141433460435444,0.21052631578947367,19,-0.050185685734638,-5.018568573463799,18.89006380509734,1.4820643884116482,7.157894736842105e-10,1.5213963503398606,10414.143346043544,0.04141433460435444
btc_hl_breakout_8m,0,0.01,0.08,0.0,0.15,30,random,0.006254416023643285,0.6254416023643284,0.20454545454545456,44,-0.061380629122483876,-6.138062912248388,3.4861536367704695,1.047729169351747,2.776515151515152e-10,0.11838809920037857,10062.544160236434,0.006254416023643285
btc_hl_breakout_9m,0,0.0175,0.025,0.0,0.5,180,random,0.05057799103211064,5.057799103211065,0.4482758620689655,58,-0.20343375834429034,-20.343375834429033,9.017502791348123,1.082179640640898,1.9770114942528737e-10,0.22245019906043692,10505.779910321107,0.05057799103211064
btc_small_down_10m,0,0.035,0.15,0.0,0.15,720,random,0.00801131134092343,0.801131134092343,0.3333333333333333,12,-0.05762191379965076,-5.762191379965076,4.4451054247207935,1.1154374135874907,1.15e-09,0.5164573845907177,10080.113113409234,0.00801131134092343
btc_hl_breakout_8m,0,0.02,0.04,0.0,0.05,720,random,0.011261087221867274,1.1261087221867274,0.4222222222222222,45,-0.01581448404351493,-1.5814484043514931,15.375696635591733,1.2424621589481673,2.87037037037037e-10,0.5052568242779675,10112.610872218673,0.011261087221867274
btc_alt_aligned,0,0.005,0.025,0.0,0.2,30,random,0.005730829819831797,0.5730829819831796,0.29310344827586204,116,-0.08130838836055287,-8.130838836055288,2.7629134479174184,1.0189215996621923,1.081896551724138e-10,0.0369658310741304,10057.308298198317,0.005730829819831797
btc_hl_breakout_1m,0,0.035,0.045,0.0,0.2,45,random,0.04796636537908694,4.796636537908694,0.5172413793103449,29,-0.06749080430094545,-6.749080430094545,17.869636984779213,1.3301678895501523,4.5977011494252873e-10,0.8471077165651058,10479.663653790869,0.04796636537908694
btc_hl_breakout_2m,0,0.04,0.015,0.0,0.25,360,random,0.04303780256739933,4.303780256739933,0.6875,48,-0.06916619049840167,-6.9166190498401665,13.855284626085714,1.2009550851223754,2.375e-10,0.3764200341516304,10430.378025673994,0.04303780256739933
btc_hl_breakout_6m,0,0.03,0.15,0.0,0.4,60,random,0.03689185858473111,3.689185858473111,0.2777777777777778,18,-0.1690793946658099,-16.90793946658099,7.738520309456896,1.130847523927333,7.787037037037037e-10,0.6970438240623721,10368.91858584731,0.03689185858473111
btc_hl_breakout_3m,0,0.0125,0.3,0.0,0.1,10,random,0.031572478102170815,3.1572478102170813,0.2,15,-0.03467973175837136,-3.4679731758371357,20.83710317549752,1.755663008980005,9.422222222222222e-10,2.14835420553705,10315.724781021709,0.031572478102170815
btc_alt_aligned,0,0.02,0.04,0.0,0.1,180,random,0.01746606011137302,1.746606011137302,0.40384615384615385,52,-0.035385430591968636,-3.5385430591968636,11.644929414594257,1.1610147066959153,2.669871794871795e-10,0.3462063442261741,10174.66060111373,0.01746606011137302
btc_vol_breakout_10m,0,0.1,0.045,0.0,0.25,240,random,-0.0015593606083971737,-0.15593606083971737,0.6153846153846154,13,-0.08119700670642382,-8.119700670642382,0.45632689027815687,0.9874112815786639,9.384615384615385e-10,0.04409503995645006,9984.406393916028,-0.0015593606083971737
btc_hl_breakout_6m,0,0.1,0.1,0.0,0.5,15,random,0.12566656643483756,12.566656643483757,0.5384615384615384,13,-0.1750581810668892,-17.50581810668892,17.879367895865677,1.3712085830976029,1.1012820512820513e-09,2.1417135291275984,11256.665664348377,0.12566656643483756
btc_vol_breakout_3m,0,0.03,0.015,0.0,0.2,20,random,0.07902363948606887,7.9023639486068875,0.6875,48,-0.03713675240112613,-3.7136752401126127,33.04867608503916,1.6204264796295553,2.1145833333333334e-10,0.8082676328129578,10790.236394860689,0.07902363948606887
btc_vol_breakout_8m,0,0.01,0.05,0.0,0.25,180,random,0.012136678780384954,1.2136678780384955,0.2564102564102564,39,-0.04892396523145881,-4.892396523145881,5.373403962900101,1.0787225682286947,2.538461538461538e-10,0.14415457648690724,10121.36678780385,0.012136678780384954
btc_hl_breakout_2m,0,0.06,0.035,0.0,0.5,15,random,0.19533726692731387,19.53372669273139,0.7037037037037037,27,-0.14785902105972826,-14.785902105972825,25.943494758595154,1.552321977305126,5.04320987654321e-10,1.4201135006296073,11953.37266927314,0.19533726692731387
btc_small_down_10m,0,0.025,0.03,0.0,0.3,120,random,0.06779837672260264,6.779837672260264,0.525,40,-0.06716244182898912,-6.716244182898912,18.595393545004548,1.2991134140892113,2.4708333333333333e-10,0.5787826627468238,10677.983767226026,0.06779837672260264
btc_hl_breakout_7m,0,0.005,0.03,0.0,0.3,720,random,0.005176692418138464,0.5176692418138464,0.26506024096385544,83,-0.15018492124836225,-15.018492124836225,2.4550509241800507,1.0144548093429442,1.2570281124497992e-10,0.042070365137878485,10051.766924181386,0.005176692418138464
btc_vol_breakout_2m,0,0.0075,0.04,0.0,0.3,180,random,-0.03112775701879491,-3.112775701879491,0.26153846153846155,65,-0.1108475642370006,-11.08475642370006,-7.6839576299671,0.8944165353417427,1.6794871794871795e-10,-0.14290791578550815,9688.72242981205,-0.03112775701879491
btc_vol_breakout_9m,0,0.015,0.03,0.0,0.05,120,random,0.012500855470018167,1.2500855470018166,0.4358974358974359,39,-0.0095550837486722,-0.95550837486722,23.31269781522698,1.4248004146498108,2.405982905982906e-10,0.6421562620476975,10125.008554700182,0.012500855470018167
btc_hl_breakout_9m,0,0.1,0.2,0.0,0.15,60,random,0.06113077036112968,6.113077036112968,0.5555555555555556,9,-0.05510798170743525,-5.510798170743525,25.778784090704754,1.8407027688065165,1.6296296296296296e-09,4.593071820496234,10611.307703611297,0.06113077036112968
btc_small_up_9m,0,0.005,0.015,0.0,0.4,120,random,0.03476811774182657,3.4768117741826567,0.36923076923076925,65,-0.06967517387641653,-6.967517387641653,9.122492044114116,1.1185027445097646,1.0564102564102563e-10,0.15278980258450955,10347.681177418266,0.03476811774182657
btc_vol_breakout_2m,0,0.1,0.15,0.0,0.5,1440,random,0.20185564135186368,20.185564135186368,0.625,8,-0.16156235329212632,-16.15623532921263,25.769492342166004,2.0002755738086986,1.8125e-09,5.1198357653354645,12018.556413518636,0.20185564135186368
btc_hl_breakout_2m,0,0.01,0.08,0.0,0.15,480,random,0.027287631757802796,2.7287631757802795,0.2564102564102564,39,-0.06107308457766436,-6.107308457766436,13.727922516436069,1.2465342850350318,3.2264957264957263e-10,0.48419736334476055,10272.876317578028,0.027287631757802796
btc_vol_breakout_8m,0,0.005,0.01,0.0,0.2,60,random,-0.02714191761073132,-2.714191761073132,0.3880597014925373,67,-0.0561473329267651,-5.61473329267651,-13.99021453126036,0.8137446807675679,8.582089552238805e-11,-0.19762312587826286,9728.580823892687,-0.02714191761073132
btc_small_up_10m,0,0.1,0.03,0.0,0.15,90,random,0.07355097933279246,7.3550979332792465,0.8181818181818182,22,-0.034805877569531796,-3.4805877569531796,33.18238236952138,2.1003271944515953,5.787878787878788e-10,2.1890825462307886,10735.509793327925,0.07355097933279246
btc_bullish,0,0.06,0.03,0.0,0.2,1440,random,0.04677178622145066,4.677178622145066,0.6363636363636364,33,-0.06776612222893497,-6.776612222893497,16.02670105283918,1.2694838640856123,4.121212121212121e-10,0.7307558586660698,10467.717862214507,0.04677178622145066
btc_hl_breakout_10m,0,0.03,0.045,0.0,0.3,30,random,0.051987010061385674,5.198701006138568,0.4594594594594595,37,-0.10782132213583606,-10.782132213583607,12.529933334988982,1.1757394974454878,3.4234234234234234e-10,0.5113324243346612,10519.870100613856,0.051987010061385674
btc_vol_breakout_10m,0,0.08,0.04,0.0,0.2,120,random,0.03290110221449861,3.290110221449861,0.6666666666666666,21,-0.05550377277667129,-5.550377277667129,13.445621091715418,1.2698630295977467,5.88095238095238e-10,0.8206090229540617,10329.011022144987,0.03290110221449861
btc_small_down_10m,0,0.035,0.3,0.0,0.1,45,random,0.03727375461660185,3.727375461660185,0.3333333333333333,9,-0.036705488500395234,-3.6705488500395234,22.399541935833252,1.9783575730845129,1.5796296296296295e-09,4.220741212938348,10372.73754616602,0.03727375461660185
btc_hl_breakout_6m,0,0.0175,0.025,0.0,0.05,10,random,-0.012908284838915386,-1.2908284838915385,0.36538461538461536,52,-0.028252520720389307,-2.8252520720389307,-21.02469014756488,0.7599624803309389,2.2916666666666668e-10,-0.4957315236867452,9870.917151610845,-0.012908284838915386
btc_hl_breakout_9m,0,0.02,0.15,0.0,0.25,720,random,0.06943837252177086,6.943837252177086,0.25,24,-0.08695051027342116,-8.695051027342116,18.208108699957336,1.4053032106999268,5.76388888888889e-10,1.2217597884168772,10694.383725217709,0.06943837252177086
btc_hl_breakout_7m,0,0.05,0.03,0.0,0.3,5,random,0.06878891557793927,6.878891557793927,0.6,35,-0.10801012696621326,-10.801012696621326,16.011161306592975,1.2394999833845628,3.804761904761905e-10,0.6919671553903138,10687.889155779392,0.06878891557793927
btc_hl_breakout_6m,0,0.02,0.04,0.0,0.4,120,random,0.024289449638290807,2.4289449638290805,0.4090909090909091,44,-0.1345996912232329,-13.45996912232329,6.061470890054056,1.0607044109382107,2.9166666666666664e-10,0.18374834247613797,10242.894496382909,0.024289449638290807
btc_hl_breakout_8m,0,0.015,0.1,0.0,0.3,20,random,0.06784081196686366,6.784081196686366,0.2727272727272727,33,-0.1070916957004775,-10.709169570047749,15.72984883279771,1.2789069908864112,4.070707070707071e-10,0.7316972297467474,10678.408119668637,0.06784081196686366
btc_hl_breakout_4m,0,0.035,0.25,0.0,0.4,480,random,0.10584197173106104,10.584197173106103,0.3076923076923077,13,-0.12493188218957563,-12.493188218957563,18.808467320310253,1.4514393138843982,1.1243589743589744e-09,2.300451048024403,11058.419717310611,0.10584197173106104
btc_hl_breakout_6m,0,0.0125,0.12,0.0,0.4,120,random,0.012472083122939693,1.2472083122939692,0.1875,32,-0.1505051885885511,-15.05051885885511,3.85098827941496,1.0402051517024946,4.192708333333333e-10,0.19490649031075158,10124.720831229397,0.012472083122939693
btc_hl_breakout_5m,0,0.1,0.015,0.0,0.2,240,random,0.05849649185569138,5.849649185569137,0.8181818181818182,33,-0.06966445015016176,-6.966445015016176,20.037736591463894,1.4463591319676368,3.8181818181818185e-10,0.8975010753987479,10584.964918556914,0.05849649185569138
btc_hl_breakout_7m,0,0.06,0.025,0.0,0.2,1440,random,0.07420723471525409,7.420723471525409,0.7096774193548387,31,-0.05326880457700012,-5.326880457700012,24.974696100120884,1.5539103462565438,4.349462365591398e-10,1.1896551935958808,10742.072347152542,0.07420723471525409
btc_alt_aligned,0,0.015,0.15,0.0,0.5,10,random,0.1565745874931773,15.65745874931773,0.23076923076923078,26,-0.15284797023029784,-15.284797023029784,20.59965896726432,1.4270850399502952,5.506410256410257e-10,1.3090688411272204,11565.745874931774,0.1565745874931773
btc_small_up_10m,0,0.015,0.035,0.0,0.4,480,random,0.058358831685629414,5.835883168562941,0.3673469387755102,49,-0.1351675491730865,-13.51675491730865,11.685498953000593,1.1481563427357755,2.0170068027210883e-10,0.3354400238390879,10583.588316856294,0.058358831685629414
btc_alt_aligned,0,0.015,0.045,0.0,0.2,360,random,0.04853545102253208,4.853545102253208,0.34545454545454546,55,-0.061072924027088304,-6.107292402708831,16.24967498190641,1.2252361722567522,2.515151515151515e-10,0.45617822653222045,10485.354510225321,0.04853545102253208
btc_hl_breakout_10m,0,0.1,0.15,0.0,0.05,480,random,0.014095421635218828,1.4095421635218828,0.5555555555555556,9,-0.019770789166269065,-1.9770789166269065,18.0451539866578,1.591723357343544,1.6222222222222221e-09,3.1685778388357018,10140.954216352187,0.014095421635218828
btc_bullish,0,0.0125,0.045,0.0,0.25,20,random,0.04811293987524123,4.811293987524123,0.3389830508474576,59,-0.06776489675175301,-6.776489675175301,13.5539993024457,1.1727382517729283,2.1610169491525425e-10,0.3467118976663554,10481.129398752411,0.04811293987524123
btc_small_down_10m,0,0.005,0.06,0.0,0.05,30,random,0.009385976191516857,0.9385976191516857,0.21052631578947367,57,-0.012446312774736734,-1.2446312774736734,14.231770936483922,1.2493383622153382,1.7426900584795323e-10,0.33266993387683913,10093.859761915168,0.009385976191516857
btc_alt_aligned,0,0.0175,0.15,0.0,0.25,720,random,0.08969847327595604,8.969847327595604,0.25,24,-0.08100625669837103,-8.100625669837102,22.615029953724694,1.561179293937696,5.98611111111111e-10,1.537681030056936,10896.98473275956,0.08969847327595604
btc_vol_breakout_8m,0,0.02,0.01,0.0,0.5,45,random,0.03924651686008165,3.924651686008165,0.6296296296296297,54,-0.11762231205604834,-11.762231205604834,9.059503930007129,1.113737804365713,1.404320987654321e-10,0.16924950466402455,10392.465168600816,0.03924651686008165
btc_hl_breakout_2m,0,0.0125,0.02,0.0,0.25,180,random,0.008215964598242954,0.8215964598242954,0.45588235294117646,68,-0.0801316707562808,-8.01316707562808,3.5500679865699363,1.0309247265982255,1.6421568627450982e-10,0.0649768797390089,10082.159645982429,0.008215964598242954
btc_hl_breakout_2m,0,0.05,0.025,0.0,0.4,360,random,0.05699017091402584,5.699017091402584,0.6470588235294118,34,-0.10519422946498602,-10.519422946498603,12.248101233207517,1.1754759053257888,3.8480392156862746e-10,0.4644590713349185,10569.901709140258,0.05699017091402584
btc_vol_breakout_8m,0,0.0175,0.02,0.0,0.05,30,random,0.004859514551438894,0.48595145514388943,0.4883720930232558,43,-0.011610952818811082,-1.1610952818811082,9.569072860725239,1.1450285045454882,1.8372093023255815e-10,0.2294736769117742,10048.59514551439,0.004859514551438894
btc_bullish,0,0.015,0.15,0.0,0.3,480,random,0.08320119032882695,8.320119032882694,0.23809523809523808,21,-0.08756110059481492,-8.756110059481493,18.253094281442362,1.5113204629946297,6.682539682539683e-10,1.3887569161747628,10832.011903288269,0.08320119032882695
btc_vol_breakout_10m,0,0.0075,0.015,0.0,0.2,10,random,-0.01768089780387802,-1.7680897803878022,0.38461538461538464,52,-0.062163073594433294,-6.216307359443329,-9.138252373895869,0.8711596548336388,1.2371794871794872e-10,-0.16189054980099393,9823.19102196122,-0.01768089780387802
btc_hl_breakout_7m,0,0.08,0.025,0.0,0.15,30,random,0.04490686301579617,4.490686301579617,0.7307692307692307,26,-0.045132474535803935,-4.5132474535803935,20.31062235690193,1.4700122566678426,5.358974358974359e-10,1.1599777692772855,10449.068630157963,0.04490686301579617
btc_vol_breakout_9m,0,0.06,0.03,0.0,0.2,360,random,0.04182694574214388,4.182694574214388,0.6666666666666666,24,-0.044291560420532394,-4.42915604205324,18.612791218868054,1.3884881837960605,4.6458333333333336e-10,0.8854841648037345,10418.269457421438,0.04182694574214388
btc_vol_breakout_8m,0,0.0175,0.08,0.0,0.5,5,random,0.05359316328046843,5.359316328046844,0.2857142857142857,28,-0.1374721436907378,-13.74721436907378,9.981003943002028,1.14070553965247,4.017857142857143e-10,0.47648039001528175,10535.931632804684,0.05359316328046843
btc_small_up_10m,0,0.1,0.05,0.0,0.15,90,random,0.04856604388537071,4.856604388537071,0.6875,16,-0.05181980344763659,-5.181980344763659,21.583500368070467,1.630471937108355,8.145833333333333e-10,2.034068388155616,10485.660438853707,0.04856604388537071
btc_small_up_10m,0,0.025,0.02,0.0,0.4,240,random,0.07597308570542714,7.597308570542714,0.5319148936170213,47,-0.12845126080135338,-12.845126080135339,14.755272946181693,1.206189853004865,2.120567375886525e-10,0.43531470841930553,10759.730857054272,0.07597308570542714
btc_hl_breakout_7m,0,0.06,0.015,0.0,0.05,45,random,0.01412943307606505,1.412943307606505,0.75,40,-0.01676250167720983,-1.676250167720983,18.993575026492895,1.376910410769604,3.3e-10,0.7094695668563136,10141.294330760651,0.01412943307606505
btc_hl_breakout_6m,0,0.1,0.025,0.0,0.05,90,random,0.010340415924399844,1.0340415924399844,0.75,24,-0.017660506491916972,-1.7660506491916972,14.244759612277237,1.341849896285845,5.645833333333333e-10,0.8699564745107383,10103.404159243999,0.010340415924399844
btc_hl_breakout_5m,0,0.005,0.035,0.0,0.05,45,random,0.009122721293481692,0.9122721293481693,0.273972602739726,73,-0.02175969120614918,-2.175969120614918,13.150060509583744,1.1791392736417683,1.454337899543379e-10,0.2533776618108653,10091.227212934817,0.009122721293481692
btc_alt_aligned,0,0.015,0.06,0.0,0.25,5,random,0.06781308144121995,6.7813081441219945,0.30612244897959184,49,-0.07587535424521796,-7.587535424521796,18.003594247028406,1.2555675422733856,2.840136054421769e-10,0.576429675897309,10678.1308144122,0.06781308144121995
btc_hl_breakout_7m,0,0.0175,0.02,0.0,0.3,20,random,0.038721279608641634,3.872127960864163,0.4838709677419355,62,-0.11474353755266775,-11.474353755266776,10.204476619510176,1.1121905641516294,1.7741935483870967e-10,0.2335313523509149,10387.212796086416,0.038721279608641634
btc_hl_breakout_10m,0,0.005,0.08,0.0,0.05,180,random,-0.0002996207731988477,-0.029962077319884768,0.16981132075471697,53,-0.023061691277115992,-2.306169127711599,-0.22320164928174588,0.993014296102665,2.0754716981132075e-10,-0.0054526134185493855,9997.003792268011,-0.0002996207731988477
btc_hl_breakout_10m,0,0.05,0.01,0.0,0.4,360,random,0.08447143597834397,8.447143597834398,0.7450980392156863,51,-0.12045839023748828,-12.045839023748828,15.604519714587761,1.224656711957652,2.4248366013071893e-10,0.4459789228052319,10844.71435978344,0.08447143597834397
btc_hl_breakout_4m,0,0.03,0.015,0.0,0.2,20,random,0.04341299858207401,4.3412998582074005,0.6296296296296297,54,-0.050844979484931274,-5.084497948493127,16.78076031722067,1.2368451265486193,2.0864197530864197e-10,0.41240845256971836,10434.12998582074,0.04341299858207401
btc_vol_breakout_3m,0,0.015,0.045,0.0,0.25,30,random,0.035458201544156284,3.5458201544156283,0.3902439024390244,41,-0.06914606491730935,-6.914606491730934,11.619056581671074,1.1694859367602202,2.747967479674797e-10,0.3713524904327837,10354.582015441563,0.035458201544156284
btc_small_down_10m,0,0.0075,0.035,0.0,0.25,720,random,0.042547766592301015,4.254776659230101,0.3148148148148148,54,-0.06438867693070305,-6.438867693070305,15.602046965075745,1.2242600804121908,1.6882716049382715e-10,0.3258069213218358,10425.47766592301,0.042547766592301015
btc_vol_breakout_2m,0,0.03,0.05,0.0,0.05,45,random,0.005452624014653907,0.5452624014653907,0.4411764705882353,34,-0.019081127242139284,-1.9081127242139284,8.1363725917542,1.1281154404751739,3.8627450980392157e-10,0.32894445499020314,10054.526240146539,0.005452624014653907
btc_hl_breakout_10m,0,0.04,0.015,0.0,0.2,15,random,0.041071475850564323,4.107147585056432,0.6530612244897959,49,-0.05973631021680059,-5.97363102168006,14.60011527273168,1.215235322287385,2.58843537414966e-10,0.43650489198188275,10410.714758505643,0.041071475850564323
btc_hl_breakout_9m,0,0.0175,0.03,0.0,0.25,30,random,0.024868040515398617,2.4868040515398615,0.4074074074074074,54,-0.11152739087486019,-11.152739087486019,7.9187431458932585,1.0880277416839563,2.1882716049382716e-10,0.21109464177861242,10248.680405153986,0.024868040515398617
btc_vol_breakout_9m,0,0.025,0.03,0.0,0.4,20,random,0.11960891779305993,11.960891779305992,0.5483870967741935,31,-0.06610182183289326,-6.610182183289326,26.5806472032315,1.494343910239527,3.263440860215054e-10,0.9589986877593074,11196.0891779306,0.11960891779305993
btc_hl_breakout_4m,0,0.005,0.15,0.0,0.3,5,random,0.09967871032460161,9.967871032460161,0.1875,32,-0.08891475867558751,-8.891475867558752,22.269632069055785,1.5206554716440297,3.958333333333333e-10,1.0766210262210678,10996.787103246017,0.09967871032460161
btc_small_up_10m,0,0.05,0.01,0.0,0.05,720,random,0.011788688143621136,1.1788688143621135,0.75,48,-0.014582591583358284,-1.4582591583358284,16.311513180717018,1.2967423737850066,2.28125e-10,0.4951616129522823,10117.886881436212,0.011788688143621136
btc_hl_breakout_8m,0,0.0175,0.04,0.0,0.5,15,random,0.05202622340738735,5.202622340738735,0.375,48,-0.1708654318213847,-17.08654318213847,9.060454207625712,1.0917566804695988,2.6006944444444443e-10,0.27755589808886505,10520.262234073874,0.05202622340738735
btc_hl_breakout_8m,0,0.01,0.025,0.0,0.4,90,random,5.250343077964317e-05,0.005250343077964317,0.34328358208955223,67,-0.14985040499780256,-14.985040499780256,1.5994493309294004,1.0001166617950412,1.574626865671642e-10,0.03382655719687954,10000.525034307797,5.250343077964317e-05
btc_hl_breakout_1m,0,0.03,0.2,0.0,0.5,360,random,0.0028549337634551195,0.285493376345512,0.25,16,-0.18600919609665423,-18.60091960966542,2.398882855508612,1.0086838987436713,8.864583333333333e-10,0.29529895954284546,10028.549337634551,0.0028549337634551195
btc_vol_breakout_8m,0,0.02,0.2,0.0,0.15,1440,random,0.0423604082519236,4.23604082519236,0.2,15,-0.03137507726967714,-3.1375077269677143,22.464948891086692,1.7390546878165216,8.511111111111111e-10,1.922644037282956,10423.604082519236,0.0423604082519236
btc_hl_breakout_4m,0,0.08,0.035,0.0,0.3,90,random,0.11589304714713854,11.589304714713853,0.7307692307692307,26,-0.08323968012537597,-8.323968012537597,25.60261176203175,1.5618466745096349,5.397435897435897e-10,1.4756834207100706,11158.930471471385,0.11589304714713854
btc_vol_breakout_10m,0,0.03,0.1,0.0,0.25,10,random,0.0999307453026563,9.99307453026563,0.4117647058823529,17,-0.0540155140776466,-5.40155140776466,31.855048197343514,1.9355827540276775,6.480392156862745e-10,2.3209577252282405,10999.307453026562,0.0999307453026563
btc_hl_breakout_10m,0,0.1,0.25,0.0,0.4,15,random,0.09291072836794306,9.291072836794307,0.375,8,-0.15022017644771957,-15.022017644771957,15.820900061904952,1.3910034618921103,1.8270833333333334e-09,3.405213774438661,10929.10728367943,0.09291072836794306
btc_vol_breakout_9m,0,0.04,0.015,0.0,0.25,45,random,0.014898435471348512,1.4898435471348512,0.6666666666666666,39,-0.06519413714114486,-6.519413714114486,5.853325071737799,1.0827040096367886,2.405982905982906e-10,0.1783469869923103,10148.984354713484,0.014898435471348512
btc_vol_breakout_8m,0,0.08,0.25,0.0,0.3,15,random,0.05827077117743711,5.827077117743711,0.3,10,-0.09986821186516559,-9.98682118651656,14.465672958806797,1.3059189981001271,1.3766666666666667e-09,2.2851780492855354,10582.707711774372,0.05827077117743711
btc_small_up_9m,0,0.0075,0.02,0.0,0.2,30,random,0.04429171087381319,4.429171087381319,0.39655172413793105,58,-0.033009589567680186,-3.3009589567680186,22.356049804867904,1.3399773939430308,1.2902298850574712e-10,0.38411850439500117,10442.917108738133,0.04429171087381319
btc_vol_breakout_3m,0,0.0075,0.05,0.0,0.5,120,random,-0.11496933791751399,-11.496933791751399,0.21052631578947367,57,-0.21292020474467432,-21.29202047446743,-19.23508621014887,0.7674272513804764,1.7339181286549709e-10,-0.3861401462211953,8850.30662082486,-0.11496933791751399
btc_hl_breakout_9m,0,0.08,0.02,0.0,0.3,10,random,0.0967418697360205,9.674186973602051,0.7741935483870968,31,-0.08887888117594489,-8.887888117594489,22.056100817001386,1.4600542575999351,4.1451612903225804e-10,1.048228259937753,10967.418697360205,0.0967418697360205
btc_alt_aligned,0,0.06,0.02,0.0,0.05,5,random,0.012156715555120719,1.2156715555120718,0.6944444444444444,36,-0.0186148750600319,-1.86148750600319,16.047524557287105,1.3063696544769154,3.9537037037037037e-10,0.6802474888078917,10121.567155551207,0.012156715555120719
btc_hl_breakout_9m,0,0.05,0.015,0.0,0.3,5,random,0.04251862314157802,4.251862314157802,0.6818181818181818,44,-0.11410385684446667,-11.410385684446666,10.580025226366443,1.1439434813916138,2.9734848484848485e-10,0.36092534775294993,10425.18623141578,0.04251862314157802
btc_hl_breakout_4m,0,0.0125,0.04,0.0,0.5,1440,random,0.10709901106470497,10.709901106470497,0.40384615384615385,52,-0.12012804968354251,-12.012804968354251,17.267742928942123,1.2185818725898678,2.375e-10,0.44069984518343386,11070.99011064705,0.10709901106470497
btc_hl_breakout_2m,0,0.015,0.06,0.0,0.15,20,random,0.008649324384946703,0.8649324384946703,0.28205128205128205,39,-0.05100189776465236,-5.1001897764652355,4.868043793108587,1.0682660798886523,3.277777777777778e-10,0.17009066586935684,10086.493243849467,0.008649324384946703
btc_hl_breakout_2m,0,0.04,0.03,0.0,0.3,90,random,0.060285604109826,6.0285604109826005,0.5945945945945946,37,-0.08523013193302342,-8.523013193302342,15.557019245110967,1.223079951231585,3.5e-10,0.5720277450697974,10602.85604109826,0.060285604109826
btc_hl_breakout_7m,0,0.1,0.045,0.0,0.2,30,random,0.030325536474338877,3.032553647433888,0.6666666666666666,18,-0.07735698693157722,-7.7356986931577225,10.929405095432195,1.2471032489938987,7.768518518518519e-10,0.9003257629355548,10303.255364743389,0.030325536474338877
btc_hl_breakout_9m,0,0.03,0.025,0.0,0.4,1440,random,0.07745205595427,7.7452055954270005,0.5348837209302325,43,-0.1350793701914771,-13.50793701914771,14.609159849739358,1.1940008956780745,2.934108527131783e-10,0.48945019911465076,10774.5205595427,0.07745205595427
btc_vol_breakout_8m,0,0.08,0.025,0.0,0.4,15,random,0.08408195365738043,8.408195365738043,0.7272727272727273,22,-0.0905875427399524,-9.05875427399524,18.89448471931192,1.3869636929414881,5.651515151515151e-10,0.9944835555388977,10840.819536573805,0.08408195365738043
btc_small_up_10m,0,0.005,0.035,0.0,0.05,10,random,0.009562587994094856,0.9562587994094855,0.29508196721311475,61,-0.013652452926282366,-1.3652452926282366,13.77754788921131,1.2188431011486502,1.3469945355191258e-10,0.31693793908571594,10095.625879940948,0.009562587994094856
btc_small_up_10m,0,0.1,0.12,0.0,0.4,60,random,0.13400128510381246,13.400128510381245,0.6363636363636364,11,-0.13240706633224564,-13.240706633224564,22.354154043925835,1.5834635776178483,1.2106060606060606e-09,3.170394030710132,11340.012851038126,0.13400128510381246
btc_bullish,0,0.06,0.2,0.0,0.5,15,random,0.10314988229150913,10.314988229150913,0.4,10,-0.16934942595062374,-16.934942595062374,14.998420514577607,1.4362805324680954,1.4416666666666668e-09,2.3643755036755785,11031.498822915091,0.10314988229150913
btc_small_up_9m,0,0.1,0.08,0.0,0.1,45,random,0.02913258052280662,2.913258052280662,0.6666666666666666,12,-0.03454219134307612,-3.4542191343076123,19.281820656019722,1.6267192391478984,1.1597222222222221e-09,2.4495800416489066,10291.325805228065,0.02913258052280662
btc_small_down_10m,0,0.0075,0.06,0.0,0.3,360,random,0.058667932252181525,5.866793225218152,0.24489795918367346,49,-0.0617886477407843,-6.17886477407843,16.5408543131503,1.253947209822807,1.9931972789115646e-10,0.41696831182140737,10586.679322521815,0.058667932252181525
btc_hl_breakout_6m,0,0.035,0.02,0.0,0.1,1440,random,0.014282797945628659,1.4282797945628658,0.6046511627906976,43,-0.028145250514331033,-2.8145250514331033,11.167813595460093,1.1729861003691384,2.810077519379845e-10,0.3410951170941525,10142.827979456286,0.014282797945628659
btc_small_down_10m,0,0.01,0.02,0.0,0.25,90,random,0.07093379418950667,7.093379418950667,0.42857142857142855,63,-0.05225300242497899,-5.225300242497899,26.041791131600487,1.3644910676590365,1.2169312169312168e-10,0.44971619874828084,10709.337941895066,0.07093379418950667
btc_hl_breakout_1m,0,0.1,0.02,0.0,0.5,45,random,0.1237499895698671,12.37499895698671,0.78125,32,-0.1573528384006242,-15.735283840062419,17.98761611240011,1.2876123348832624,3.875e-10,0.837761664798595,11237.499895698671,0.1237499895698671
btc_vol_breakout_2m,0,0.025,0.1,0.0,0.15,20,random,0.03622414634167012,3.6224146341670123,0.36363636363636365,22,-0.05137292172225083,-5.137292172225083,17.46800462783661,1.424768172109878,6.106060606060606e-10,1.1180053663385991,10362.241463416702,0.03622414634167012
btc_hl_breakout_8m,0,0.1,0.08,0.0,0.3,5,random,0.061894646999248286,6.189464699924828,0.5714285714285714,14,-0.11433870585237615,-11.433870585237615,14.541606730232372,1.3207542896243742,1.0023809523809524e-09,1.5913881272032657,10618.946469992483,0.061894646999248286
btc_small_up_10m,0,0.025,0.045,0.0,0.1,45,random,0.033876254345360075,3.3876254345360075,0.4722222222222222,36,-0.02775437160633576,-2.775437160633576,24.234307060360962,1.453177242712473,2.972222222222222e-10,0.9424310936274318,10338.7625434536,0.033876254345360075
btc_vol_breakout_9m,0,0.005,0.25,0.0,0.15,360,random,0.04116942755903658,4.116942755903659,0.09375,32,-0.04348556631021172,-4.348556631021172,21.255941478956576,1.5129056466524131,3.3541666666666667e-10,0.8918179663248217,10411.694275590366,0.04116942755903658
btc_hl_breakout_8m,0,0.01,0.04,0.0,0.3,720,random,0.011979330117436347,1.1979330117436346,0.2982456140350877,57,-0.11787632718339913,-11.787632718339914,4.059625907388184,1.0385834535846068,2.0350877192982457e-10,0.10034333272165155,10119.793301174363,0.011979330117436347
btc_vol_breakout_3m,0,0.025,0.05,0.0,0.25,180,random,0.03481343276988314,3.4813432769883144,0.41935483870967744,31,-0.09107412277624793,-9.107412277624793,11.109553934272604,1.1787764026872178,3.9301075268817207e-10,0.4874508697945894,10348.134327698832,0.03481343276988314
btc_alt_aligned,0,0.03,0.05,0.0,0.4,720,random,0.09045442096723823,9.045442096723823,0.4358974358974359,39,-0.13413353533287398,-13.413353533287397,15.67348050588091,1.2002634711504532,3.6025641025641026e-10,0.637012376021072,10904.544209672382,0.09045442096723823
btc_vol_breakout_2m,0,0.025,0.2,0.0,0.2,60,random,0.04543440733663381,4.543440733663381,0.2857142857142857,14,-0.06800076875489514,-6.800076875489514,16.57490691063052,1.5182627533175672,1.011904761904762e-09,1.7022663083526093,10454.344073366337,0.04543440733663381
btc_vol_breakout_10m,0,0.025,0.1,0.0,0.2,360,random,0.0836927082854795,8.36927082854795,0.3684210526315789,19,-0.04144298409225533,-4.144298409225533,33.63225680050494,2.031964666761616,5.614035087719298e-10,2.1710944655387534,10836.927082854796,0.0836927082854795
btc_small_down_10m,0,0.005,0.12,0.0,0.25,1440,random,0.06258939715877819,6.258939715877819,0.15384615384615385,39,-0.07465559893087781,-7.4655598930877805,18.234901633951875,1.4458319596811202,3.094017094017094e-10,0.6695695781207245,10625.893971587782,0.06258939715877819
btc_small_up_9m,0,0.0175,0.06,0.0,0.3,10,random,-0.007921371339182496,-0.7921371339182496,0.2647058823529412,34,-0.10513418468574398,-10.513418468574399,-0.9270425708829478,0.9668097173156395,3.274509803921569e-10,-0.031652991525337,9920.786286608174,-0.007921371339182496
btc_hl_breakout_6m,0,0.02,0.1,0.0,0.25,20,random,0.012111512327285618,1.2111512327285618,0.26666666666666666,30,-0.09021965550528221,-9.021965550528222,4.493368311089878,1.061534502218717,4.527777777777778e-10,0.21258916598484925,10121.115123272855,0.012111512327285618
btc_hl_breakout_10m,0,0.0125,0.04,0.0,0.1,360,random,0.026883711532430948,2.6883711532430947,0.3829787234042553,47,-0.030079889577233065,-3.0079889577233065,18.651535420850568,1.2991364525491966,2.5886524822695034e-10,0.5784338113322883,10268.83711532431,0.026883711532430948
btc_hl_breakout_10m,0,0.0075,0.2,0.0,0.25,720,random,0.06481256689659726,6.481256689659726,0.1724137931034483,29,-0.0905864120604285,-9.05864120604285,17.84860977668033,1.3776267967490479,4.6149425287356324e-10,0.9603647696708297,10648.125668965973,0.06481256689659726
btc_vol_breakout_9m,0,0.035,0.06,0.0,0.15,10,random,0.011080951936879137,1.1080951936879138,0.4,20,-0.04766554421542002,-4.766554421542002,6.245651974993786,1.1195131177312012,5.833333333333333e-10,0.40801120173050726,10110.809519368791,0.011080951936879137
btc_small_up_9m,0,0.0175,0.3,0.0,0.3,45,random,0.083269595201231,8.3269595201231,0.2857142857142857,7,-0.09699585022843349,-9.69958502284335,17.866724162082704,3.158301349963693,1.992857142857143e-09,4.0223027056190155,10832.69595201231,0.083269595201231
btc_hl_breakout_3m,0,0.025,0.08,0.0,0.05,45,random,0.009785881767975837,0.9785881767975837,0.38461538461538464,26,-0.019324644462204277,-1.9324644462204277,14.203798381568392,1.2779863463746812,5.185897435897436e-10,0.7620430137059933,10097.858817679758,0.009785881767975837
btc_hl_breakout_8m,0,0.05,0.3,0.0,0.5,45,random,0.13322807875085263,13.322807875085264,0.5,4,-0.17879245761636586,-17.879245761636586,17.651097376576537,2.791034993569132,3.6833333333333332e-09,6.908038914173121,11332.280787508527,0.13322807875085263
btc_hl_breakout_6m,0,0.05,0.025,0.0,0.05,5,random,0.0010447127794458936,0.10447127794458937,0.6111111111111112,36,-0.018158615380388432,-1.8158615380388432,1.7601212574549052,1.0237400668112435,3.601851851851852e-10,0.06555109766914016,10010.44712779446,0.0010447127794458936
btc_vol_breakout_3m,0,0.08,0.2,0.0,0.15,1440,random,0.03676537669455504,3.676537669455504,0.5,8,-0.05510036088983572,-5.510036088983572,15.89744164145497,1.6266087095732016,1.79375e-09,3.162894079101218,10367.65376694555,0.03676537669455504
btc_hl_breakout_2m,0,0.0125,0.015,0.0,0.2,1440,random,0.013019726927092483,1.3019726927092483,0.5263157894736842,76,-0.05353096779738631,-5.353096779738631,5.987405296538434,1.0615861258255768,1.3355263157894738e-10,0.09749750910054855,10130.197269270924,0.013019726927092483
btc_small_down_10m,0,0.1,0.01,0.0,0.2,240,random,0.10227091562267308,10.227091562267308,0.8666666666666667,30,-0.03484436634816379,-3.484436634816379,38.41250171466613,2.2302354138089253,3.472222222222222e-10,1.6537763832792627,11022.70915622673,0.10227091562267308
btc_hl_breakout_4m,0,0.025,0.01,0.0,0.2,240,random,0.061618453252837775,6.161845325283777,0.7121212121212122,66,-0.04167036290452297,-4.167036290452297,23.99435005337464,1.3628596817859835,1.5833333333333333e-10,0.46741376406621693,10616.184532528378,0.061618453252837775
btc_vol_breakout_2m,0,0.025,0.03,0.0,0.5,5,random,0.08018002127442987,8.018002127442987,0.5333333333333333,45,-0.11068199705197079,-11.06819970519708,13.55329923374861,1.1645924469820375,2.877777777777778e-10,0.39851025034460097,10801.8002127443,0.08018002127442987
btc_vol_breakout_8m,0,0.1,0.06,0.0,0.2,480,random,0.016329659014737968,1.6329659014737967,0.5454545454545454,11,-0.06535942926152849,-6.535942926152849,6.931076869566008,1.1727806283372706,1.134848484848485e-09,0.8361159518736356,10163.29659014738,0.016329659014737968
btc_hl_breakout_5m,0,0.035,0.045,0.0,0.15,360,random,0.01946049801213842,1.9460498012138419,0.48484848484848486,33,-0.05549902269750284,-5.549902269750284,9.874933675070237,1.1518383247620434,4.0656565656565655e-10,0.4169963849592981,10194.604980121385,0.01946049801213842
btc_vol_breakout_10m,0,0.0125,0.3,0.0,0.05,120,random,0.011251166684042635,1.1251166684042635,0.2,10,-0.011164512442088936,-1.1164512442088936,16.744038529955738,2.204497732721561,1.3316666666666667e-09,2.2670696528150143,10112.511666840426,0.011251166684042635
btc_vol_breakout_8m,0,0.015,0.045,0.0,0.2,720,random,0.04010807366153826,4.010807366153826,0.38235294117647056,34,-0.03733953546463853,-3.733953546463853,18.633248104548063,1.3583895750706847,3.073529411764706e-10,0.597611808286487,10401.080736615382,0.04010807366153826
btc_alt_aligned,0,0.05,0.045,0.0,0.5,45,random,0.16134013298431626,16.134013298431626,0.5806451612903226,31,-0.16493075462282225,-16.493075462282224,21.492512290943083,1.319402164306766,4.629032258064516e-10,1.0919352806962324,11613.401329843164,0.16134013298431626
btc_hl_breakout_3m,0,0.06,0.2,0.0,0.2,1440,random,0.026160761064315762,2.616076106431576,0.4,10,-0.07572153469343523,-7.572153469343523,9.910006861724138,1.2689472087911655,1.4616666666666667e-09,1.4482592567122814,10261.607610643157,0.026160761064315762
btc_bullish,0,0.0125,0.035,0.0,0.5,5,random,0.09724338753553174,9.724338753553175,0.35384615384615387,65,-0.1268890352452292,-12.688903524522921,14.548886457855723,1.1503898562869679,1.9307692307692307e-10,0.33835735672358713,10972.433875355317,0.09724338753553174
btc_vol_breakout_2m,0,0.015,0.2,0.0,0.2,5,random,0.031592268460595575,3.1592268460595574,0.2222222222222222,18,-0.07131672779499976,-7.131672779499976,11.900635835047071,1.3183471533908921,7.583333333333333e-10,0.9548858641289903,10315.922684605956,0.031592268460595575
btc_small_down_10m,0,0.02,0.1,0.0,0.1,20,random,0.02675565801350956,2.675565801350956,0.3333333333333333,27,-0.033695006728394206,-3.3695006728394206,19.22121374160018,1.3938415021501633,4.728395061728395e-10,1.004242740139781,10267.556580135095,0.02675565801350956
btc_hl_breakout_6m,0,0.01,0.015,0.0,0.4,1440,random,-0.021744279998379034,-2.1744279998379032,0.43209876543209874,81,-0.1307778171027565,-13.077781710275648,-2.7995855652371526,0.9526748436825998,1.2304526748971193e-10,-0.04398693579108081,9782.55720001621,-0.021744279998379034
btc_hl_breakout_6m,0,0.1,0.08,0.0,0.15,180,random,0.03221360836949855,3.221360836949855,0.5714285714285714,14,-0.05844632607533473,-5.844632607533473,14.642993869998868,1.3515349051755905,1.0023809523809524e-09,1.5913881272032662,10322.136083694986,0.03221360836949855
btc_hl_breakout_3m,0,0.025,0.12,0.0,0.25,480,random,0.07438878839686108,7.438878839686108,0.3181818181818182,22,-0.09353811866377848,-9.353811866377848,21.337174289193328,1.4357051232590128,6.257575757575758e-10,1.4093722317262307,10743.887883968611,0.07438878839686108
btc_hl_breakout_4m,0,0.0075,0.06,0.0,0.3,360,random,-0.006261217098247153,-0.6261217098247153,0.22,50,-0.10619002890781026,-10.619002890781026,-0.3746331756877908,0.978770023643644,2.473333333333333e-10,-0.0028725458192645085,9937.387829017529,-0.006261217098247153
btc_small_down_10m,0,0.015,0.15,0.0,0.3,20,random,0.14984016411964682,14.984016411964681,0.2631578947368421,19,-0.055128678196513015,-5.5128678196513015,33.17418905107579,2.3892033748911574,6.824561403508772e-10,2.5804522148902804,11498.401641196468,0.14984016411964682
btc_hl_breakout_6m,0,0.05,0.015,0.0,0.25,120,random,-0.008641153023445213,-0.8641153023445213,0.6666666666666666,42,-0.0948217199318766,-9.48217199318766,-1.602490804383318,0.9629066294925509,3.035714285714286e-10,-0.05073936625023376,9913.588469765547,-0.008641153023445213
btc_hl_breakout_4m,0,0.0125,0.12,0.0,0.2,1440,random,0.049098272066546295,4.909827206654629,0.2413793103448276,29,-0.06336154798160543,-6.336154798160543,17.66116835461696,1.3557567818385532,4.5689655172413797e-10,0.8859802852827271,10490.982720665463,0.049098272066546295
btc_hl_breakout_4m,0,0.04,0.12,0.0,0.2,120,random,0.05723369818397318,5.723369818397319,0.3888888888888889,18,-0.06596782593178385,-6.596782593178386,20.09567750589753,1.4171030721003826,7.925925925925926e-10,1.6544369828312668,10572.336981839731,0.05723369818397318
btc_vol_breakout_8m,0,0.03,0.05,0.0,0.4,180,random,0.09039797861883521,9.039797861883521,0.4583333333333333,24,-0.0852034227406977,-8.520342274069769,19.600781500739547,1.3872010610386365,4.951388888888888e-10,0.9752150966861224,10903.979786188353,0.09039797861883521
btc_small_down_10m,0,0.1,0.045,0.0,0.5,60,random,0.06082871943499267,6.082871943499267,0.6666666666666666,15,-0.1673120148025361,-16.73120148025361,10.110354863186354,1.2176629840329318,8.277777777777778e-10,0.9574695880051448,10608.287194349927,0.06082871943499267
btc_small_up_10m,0,0.0075,0.08,0.0,0.1,120,random,0.016490607362888477,1.6490607362888476,0.23684210526315788,38,-0.03328527816709903,-3.328527816709903,12.023363482124351,1.2403822700488047,2.644736842105263e-10,0.44595383247162174,10164.906073628885,0.016490607362888477
btc_bullish,0,0.08,0.3,0.0,0.15,720,random,0.04539874295964337,4.539874295964337,0.6666666666666666,3,-0.054768203900205314,-5.4768203900205314,18.16754788415285,3.977048676750227,4.916666666666667e-09,10.149416520051325,10453.987429596433,0.04539874295964337
btc_hl_breakout_6m,0,0.0175,0.01,0.0,0.4,5,random,-0.11407475034442668,-11.407475034442669,0.5342465753424658,73,-0.19807684663277247,-19.807684663277247,-23.763734075625923,0.7440690319705656,1.3333333333333334e-10,-0.39157493839763113,8859.252496555733,-0.11407475034442668
btc_small_up_10m,0,0.035,0.2,0.0,0.25,360,random,0.043077511029135436,4.307751102913544,0.2777777777777778,18,-0.09426201365298403,-9.426201365298404,12.207430121287125,1.2407671967766374,7.361111111111111e-10,1.0839425738470918,10430.775110291353,0.043077511029135436
btc_vol_breakout_9m,0,0.0175,0.04,0.0,0.05,240,random,0.002217323180025852,0.2217323180025852,0.4,35,-0.014521452909458943,-1.4521452909458943,3.8477659743200068,1.0613450803159976,2.980952380952381e-10,0.13263683527595432,10022.173231800258,0.002217323180025852
btc_small_down_10m,0,0.005,0.03,0.0,0.05,45,random,0.014963438602699853,1.4963438602699852,0.3157894736842105,76,-0.013659916914933179,-1.365991691493318,27.617645309103338,1.3995053166574243,1.037280701754386e-10,0.39365231533606104,10149.634386026999,0.014963438602699853
btc_vol_breakout_9m,0,0.03,0.025,0.0,0.25,30,random,0.07022010285515011,7.022010285515011,0.5806451612903226,31,-0.04706021108035996,-4.706021108035996,25.528305042412732,1.4887122094226735,3.268817204301075e-10,0.9054169615198736,10702.2010285515,0.07022010285515011
btc_hl_breakout_3m,0,0.025,0.045,0.0,0.15,480,random,0.03216124131007678,3.216124131007678,0.4722222222222222,36,-0.05704004445257427,-5.704004445257427,16.085610298048344,1.2640718216168025,3.657407407407407e-10,0.608875566716653,10321.612413100767,0.03216124131007678
btc_vol_breakout_10m,0,0.05,0.015,0.0,0.2,360,random,-0.013004310641109055,-1.3004310641109054,0.6666666666666666,36,-0.06747499156954084,-6.747499156954085,-4.64926242114946,0.9191512974232467,2.8240740740740736e-10,-0.15446146526060114,9869.95689358891,-0.013004310641109055
btc_vol_breakout_8m,0,0.0075,0.1,0.0,0.15,180,random,0.017149513038506325,1.7149513038506325,0.18421052631578946,38,-0.03894407198554828,-3.894407198554828,10.40078338853555,1.175767736226907,2.7280701754385966e-10,0.31766039367855864,10171.495130385063,0.017149513038506325
btc_small_down_10m,0,0.0125,0.045,0.0,0.1,1440,random,0.007854494147532932,0.7854494147532932,0.325,40,-0.02012538098261918,-2.012538098261918,6.523967902688592,1.10840651885251,2.6791666666666665e-10,0.20590978466000354,10078.54494147533,0.007854494147532932
btc_hl_breakout_8m,0,0.0075,0.15,0.0,0.15,360,random,0.0008629656467985569,0.08629656467985569,0.10810810810810811,37,-0.07623063392563634,-7.623063392563633,1.0450425052292225,1.0072913166980952,3.436936936936937e-10,0.053360378907804054,10008.629656467985,0.0008629656467985569
btc_vol_breakout_2m,0,0.0075,0.025,0.0,0.1,10,random,-0.017136638536357135,-1.7136638536357136,0.30666666666666664,75,-0.040935551948477644,-4.093555194847765,-14.737864366934478,0.8367560706137092,1.4155555555555557e-10,-0.22525469373616316,9828.633614636428,-0.017136638536357135
btc_hl_breakout_8m,0,0.02,0.025,0.0,0.2,60,random,0.031103107118537286,3.1103107118537285,0.46153846153846156,52,-0.06952585443964465,-6.952585443964465,11.40756849030594,1.148573486768702,2.3878205128205127e-10,0.3185605083008569,10311.031071185373,0.031103107118537286
btc_alt_aligned,0,0.01,0.2,0.0,0.05,1440,random,0.009150451962758707,0.9150451962758707,0.16666666666666666,30,-0.01836756472984813,-1.836756472984813,11.78324193594589,1.265801238780546,4.755555555555556e-10,0.6252634501787877,10091.504519627588,0.009150451962758707
btc_vol_breakout_9m,0,0.015,0.045,0.0,0.05,60,random,0.011251328588905249,1.125132858890525,0.3939393939393939,33,-0.009454646783791265,-0.9454646783791265,20.709943002861277,1.4356948121724937,3.146464646464646e-10,0.6835891833503844,10112.513285889052,0.011251328588905249
btc_hl_breakout_10m,0,0.035,0.25,0.0,0.2,60,random,0.06814663782926111,6.814663782926111,0.3076923076923077,13,-0.07578887543826951,-7.578887543826951,21.304473348288447,1.721482801819261,1.0935897435897436e-09,2.7070021469519254,10681.46637829261,0.06814663782926111
btc_hl_breakout_10m,0,0.1,0.045,0.0,0.4,20,random,0.07142257188068456,7.142257188068456,0.6666666666666666,18,-0.15022017644771757,-15.022017644771758,13.157515139407485,1.271377710350692,7.722222222222223e-10,1.1043202042625337,10714.225718806845,0.07142257188068456
btc_vol_breakout_8m,0,0.08,0.025,0.0,0.15,20,random,0.03235742814997616,3.2357428149976157,0.7272727272727273,22,-0.03457313700710485,-3.457313700710485,19.022727641909764,1.427117850047782,5.651515151515151e-10,0.9944835555388972,10323.574281499761,0.03235742814997616
btc_hl_breakout_7m,0,0.035,0.15,0.0,0.4,5,random,0.12373175739868657,12.373175739868657,0.35294117647058826,17,-0.1577707082237647,-15.777070822376471,20.40402934489004,1.4586931700216303,8.343137254901962e-10,1.9458121932168517,11237.317573986866,0.12373175739868657
btc_hl_breakout_2m,0,0.025,0.05,0.0,0.25,5,random,0.04326785009626792,4.326785009626792,0.4166666666666667,36,-0.0921097026029799,-9.21097026029799,13.150028540699836,1.1897661663278258,3.7361111111111113e-10,0.5155643937404282,10432.67850096268,0.04326785009626792
btc_hl_breakout_8m,0,0.01,0.02,0.0,0.25,45,random,-0.009008942883561757,-0.9008942883561757,0.36619718309859156,71,-0.10090615712460771,-10.090615712460771,-1.6461992217706887,0.9680284438562179,1.4906103286384976e-10,-0.031480437578576534,9909.910571164382,-0.009008942883561757
btc_vol_breakout_2m,0,0.015,0.025,0.0,0.4,20,random,0.03454208377315499,3.4542083773154992,0.4406779661016949,59,-0.09554313855962693,-9.554313855962693,8.243052428088626,1.0835587147378398,1.903954802259887e-10,0.17627140331458116,10345.42083773155,0.03454208377315499
btc_small_down_10m,0,0.03,0.06,0.0,0.15,360,random,0.036883148216732685,3.6883148216732686,0.4074074074074074,27,-0.03841819452633255,-3.841819452633255,19.87697361021137,1.3770171856367313,4.271604938271605e-10,0.9258875797867682,10368.831482167327,0.036883148216732685
btc_bullish,0,0.035,0.01,0.0,0.25,45,random,0.08327449364073108,8.327449364073109,0.7142857142857143,63,-0.06456511727763292,-6.456511727763292,22.67436512047728,1.364728063852046,2.0238095238095238e-10,0.5313048963912533,10832.74493640731,0.08327449364073108
btc_vol_breakout_3m,0,0.0175,0.12,0.0,0.2,30,random,0.04113400887406901,4.113400887406901,0.2857142857142857,21,-0.0661029878060978,-6.61029878060978,15.613542924016212,1.3557085068160544,5.873015873015873e-10,1.0326209337788277,10411.34008874069,0.04113400887406901
btc_hl_breakout_2m,0,0.035,0.12,0.0,0.15,20,random,0.03921514919556428,3.9215149195564276,0.3684210526315789,19,-0.050071871669219115,-5.007187166921911,18.37632813715325,1.3776072562928672,7.5e-10,1.4259946563485,10392.151491955643,0.03921514919556428
btc_hl_breakout_9m,0,0.01,0.025,0.0,0.25,5,random,0.02933821098354465,2.933821098354465,0.36764705882352944,68,-0.0892808373486067,-8.928083734860671,9.310607301017562,1.1061611858573899,1.590686274509804e-10,0.19189350582587977,10293.382109835446,0.02933821098354465
btc_vol_breakout_8m,0,0.025,0.15,0.0,0.5,1440,random,0.10872013902462359,10.872013902462358,0.3076923076923077,13,-0.10071210664905983,-10.071210664905983,18.764836577741562,1.6137680570640813,1.0025641025641025e-09,1.8023474879784656,11087.201390246235,0.10872013902462359
btc_hl_breakout_3m,0,0.08,0.05,0.0,0.1,360,random,0.03188408096869655,3.188408096869655,0.6666666666666666,18,-0.034117561031457466,-3.4117561031457466,21.16689639746506,1.6054694637858293,7.796296296296296e-10,1.778627412294688,10318.840809686966,0.03188408096869655
btc_small_up_9m,0,0.02,0.04,0.0,0.25,10,random,0.06437458286781475,6.437458286781475,0.43902439024390244,41,-0.050806027658776176,-5.080602765877618,20.50589421020027,1.328411840142592,2.4715447154471546e-10,0.6374328315871379,10643.745828678148,0.06437458286781475
btc_hl_breakout_7m,0,0.0125,0.045,0.0,0.1,60,random,0.021655521587128784,2.1655521587128783,0.33962264150943394,53,-0.032835215894253644,-3.2835215894253644,14.99128200397035,1.2187089088115939,2.3679245283018867e-10,0.4170282165351643,10216.555215871287,0.021655521587128784
btc_hl_breakout_5m,0,0.01,0.08,0.0,0.3,1440,random,0.07631469341017746,7.6314693410177465,0.275,40,-0.08916704697228295,-8.916704697228294,17.82910202271026,1.3154955845252971,3.1208333333333337e-10,0.6625541677834466,10763.146934101775,0.07631469341017746
btc_small_up_10m,0,0.05,0.2,0.0,0.2,480,random,0.04186781395666276,4.186781395666276,0.35714285714285715,14,-0.07525154717337956,-7.525154717337957,14.267217713047884,1.3196506789258233,9.571428571428571e-10,1.6234227593060442,10418.678139566628,0.04186781395666276
btc_hl_breakout_1m,0,0.06,0.08,0.0,0.5,20,random,0.12602510788733534,12.602510788733534,0.5,16,-0.17079236273563814,-17.079236273563815,17.72164461143352,1.3725682217687762,8.625e-10,1.700965537775297,11260.251078873353,0.12602510788733534
btc_vol_breakout_9m,0,0.015,0.3,0.0,0.25,720,random,0.05755564933541491,5.755564933541491,0.2222222222222222,9,-0.052153296552951756,-5.215329655295175,17.804401537650342,2.2498594916662267,1.5203703703703705e-09,2.6352442314206597,10575.55649335415,0.05755564933541491
btc_hl_breakout_5m,0,0.1,0.2,0.0,0.15,5,random,0.06113077036112968,6.113077036112968,0.5555555555555556,9,-0.05510798170743525,-5.510798170743525,25.778784090704754,1.8407027688065165,1.6296296296296296e-09,4.593071820496234,10611.307703611297,0.06113077036112968
btc_hl_breakout_10m,0,0.005,0.12,0.0,0.05,360,random,0.00947976656682581,0.9479766566825811,0.1590909090909091,44,-0.021841824568988755,-2.1841824568988755,12.922473376674922,1.2453519729698264,2.7196969696969693e-10,0.4399524476474676,10094.797665668259,0.00947976656682581
btc_vol_breakout_9m,0,0.05,0.025,0.0,0.2,720,random,0.04153967700145929,4.1539677001459285,0.6428571428571429,28,-0.04087032182076644,-4.087032182076644,18.89887567182858,1.341858164995754,3.8333333333333335e-10,0.755943113825217,10415.396770014593,0.04153967700145929
btc_hl_breakout_8m,0,0.06,0.015,0.0,0.5,720,random,0.09981042869038956,9.981042869038955,0.7435897435897436,39,-0.15878717218214966,-15.878717218214966,14.997023991148625,1.2353872938494888,3.358974358974359e-10,0.5603974763566819,10998.104286903896,0.09981042869038956
btc_vol_breakout_8m,0,0.035,0.06,0.0,0.1,90,random,0.004007701029012708,0.4007701029012708,0.38095238095238093,21,-0.03197979831605002,-3.1979798316050023,3.4578069523095043,1.0617474148845294,5.626984126984127e-10,0.21659059268358294,10040.077010290128,0.004007701029012708
btc_vol_breakout_8m,0,0.04,0.05,0.0,0.5,720,random,0.03078392691180634,3.0783926911806336,0.4583333333333333,24,-0.15198266091344526,-15.198266091344525,6.566976243002363,1.084796034924853,5.243055555555556e-10,0.36292945145359895,10307.839269118063,0.03078392691180634
btc_hl_breakout_9m,0,0.06,0.03,0.0,0.2,60,random,0.06891455467452756,6.891455467452756,0.6785714285714286,28,-0.0630939137252089,-6.309391372520889,23.09389770511166,1.5164087539123716,4.892857142857143e-10,1.229531906339364,10689.145546745276,0.06891455467452756
btc_vol_breakout_3m,0,0.01,0.025,0.0,0.1,1440,random,-0.004012957663666077,-0.4012957663666077,0.3559322033898305,59,-0.02974973576372253,-2.974973576372253,-3.0251188156382542,0.9570840575200327,1.5451977401129943e-10,-0.06080516984657878,9959.87042336334,-0.004012957663666077
btc_hl_breakout_2m,0,0.04,0.05,0.0,0.3,30,random,0.059393669915768624,5.939366991576862,0.5172413793103449,29,-0.09892724465575786,-9.892724465575785,14.863849282955773,1.2296962984543585,4.747126436781609e-10,0.730403933684749,10593.936699157686,0.059393669915768624
btc_hl_breakout_8m,0,0.04,0.03,0.0,0.5,60,random,0.10089923344015615,10.089923344015615,0.5675675675675675,37,-0.15419799976824766,-15.419799976824766,15.077804611357038,1.1958200196178919,3.509009009009009e-10,0.6083055813688633,11008.992334401562,0.10089923344015615
btc_hl_breakout_5m,0,0.1,0.04,0.0,0.15,480,random,0.03974680925490588,3.9746809254905884,0.7142857142857143,21,-0.058446326075335064,-5.844632607533507,17.725960783066718,1.410880903735828,6.666666666666666e-10,1.286721891512957,10397.46809254906,0.03974680925490588
btc_vol_breakout_8m,0,0.0175,0.05,0.0,0.5,720,random,0.014427714208051839,1.4427714208051838,0.3548387096774194,31,-0.13747214369073846,-13.747214369073845,4.135621314956834,1.0399865361865854,3.5913978494623655e-10,0.15948280025000888,10144.277142080518,0.014427714208051839
btc_hl_breakout_6m,0,0.0125,0.02,0.0,0.05,240,random,-0.0028791492650992664,-0.28791492650992667,0.42857142857142855,70,-0.018858743071129558,-1.8858743071129558,-4.316708796340126,0.946884691023193,1.5738095238095238e-10,-0.07913361767243826,9971.208507349007,-0.0028791492650992664
btc_vol_breakout_3m,0,0.035,0.025,0.0,0.3,1440,random,0.06694074331834972,6.694074331834972,0.6216216216216216,37,-0.06760420215222385,-6.760420215222385,17.556752169321673,1.2890742489346527,3.202702702702703e-10,0.6219426835886445,10669.407433183496,0.06694074331834972
btc_hl_breakout_9m,0,0.0175,0.045,0.0,0.2,180,random,0.02286729940793375,2.286729940793375,0.3617021276595745,47,-0.0833868057635283,-8.33868057635283,8.726789695061614,1.1117081115164644,2.606382978723404e-10,0.26736851495944786,10228.672994079338,0.02286729940793375
btc_alt_aligned,0,0.1,0.04,0.0,0.4,720,random,0.13790716455714655,13.790716455714655,0.7391304347826086,23,-0.1384359468456704,-13.84359468456704,22.725971707093777,1.4746778900271145,6.289855072463768e-10,1.5266832417612757,11379.071645571465,0.13790716455714655
btc_hl_breakout_5m,0,0.01,0.025,0.0,0.3,45,random,0.027490507137596706,2.7490507137596705,0.38571428571428573,70,-0.09137964846590096,-9.137964846590096,8.120409495117777,1.081888608944328,1.488095238095238e-10,0.15180734549000297,10274.905071375968,0.027490507137596706
btc_vol_breakout_8m,0,0.1,0.2,0.0,0.25,15,random,0.053523807011112555,5.352380701111255,0.42857142857142855,7,-0.08119700670642449,-8.119700670642448,15.754146523109817,1.5010869553491457,2.061904761904762e-09,3.2804136353562643,10535.238070111125,0.053523807011112555
btc_small_up_9m,0,0.08,0.035,0.0,0.25,360,random,0.10222565254821925,10.222565254821925,0.7272727272727273,22,-0.060386618053614116,-6.038661805361412,27.6121667690318,1.7319193757434508,5.810606060606061e-10,1.8365465697724954,11022.256525482193,0.10222565254821925
btc_alt_aligned,0,0.015,0.05,0.0,0.4,10,random,0.09254127536734555,9.254127536734554,0.3269230769230769,52,-0.11919059011368571,-11.91905901136857,16.093016737843595,1.205226137514719,2.66025641025641e-10,0.4829508087245745,10925.412753673456,0.09254127536734555
btc_hl_breakout_7m,0,0.035,0.1,0.0,0.1,45,random,0.0223364549318693,2.23364549318693,0.391304347826087,23,-0.04164599286083681,-4.164599286083681,14.63697198275749,1.297718498242856,6.101449275362319e-10,0.9952796665219487,10223.364549318692,0.0223364549318693
btc_hl_breakout_8m,0,0.08,0.12,0.0,0.05,360,random,0.017544339333005133,1.7544339333005132,0.5,10,-0.01616452716101513,-1.616452716101513,22.953941019549593,1.8108697027345133,1.455e-09,3.524221961304312,10175.443393330052,0.017544339333005133
btc_hl_breakout_4m,0,0.005,0.3,0.0,0.15,15,random,0.058605685338060744,5.860568533806075,0.16666666666666666,18,-0.04533107970858097,-4.533107970858097,25.77528831939091,2.1188092026705503,7.768518518518519e-10,2.201083486079082,10586.056853380607,0.058605685338060744
btc_small_up_9m,0,0.1,0.04,0.0,0.4,30,random,0.17262513029855858,17.262513029855857,0.75,20,-0.07942954847879036,-7.942954847879036,28.850264856155526,1.7374472130425491,6.375e-10,2.115781235203611,11726.251302985585,0.17262513029855858
btc_hl_breakout_9m,0,0.03,0.08,0.0,0.05,15,random,0.006654522628433523,0.6654522628433522,0.37037037037037035,27,-0.021450126454886642,-2.145012645488664,9.078341053294492,1.160271309312192,4.753086419753087e-10,0.5060874828725006,10066.545226284336,0.006654522628433523
btc_hl_breakout_5m,0,0.005,0.3,0.0,0.05,720,random,0.025326363871429784,2.5326363871429782,0.1875,16,-0.018200122430938714,-1.8200122430938714,30.142254252094983,3.3114683321416796,8.65625e-10,3.161470810326931,10253.263638714297,0.025326363871429784
btc_hl_breakout_7m,0,0.035,0.025,0.0,0.05,15,random,0.015619410709954264,1.5619410709954265,0.6097560975609756,41,-0.01341940222647664,-1.341940222647664,21.017340633694523,1.3847694943477626,3.215447154471545e-10,0.7641550043224851,10156.194107099542,0.015619410709954264
btc_vol_breakout_10m,0,0.005,0.01,0.0,0.1,720,random,-0.009374902085526843,-0.9374902085526844,0.3968253968253968,63,-0.027933667059783174,-2.7933667059783174,-9.728272412639399,0.863790448546035,8.492063492063492e-11,-0.14544746938031852,9906.250979144732,-0.009374902085526843
btc_hl_breakout_1m,0,0.03,0.06,0.0,0.05,30,random,0.00479859943764082,0.47985994376408203,0.36666666666666664,30,-0.019954562100058304,-1.9954562100058304,7.215577049716374,1.1158286536415514,4.4888888888888887e-10,0.330732090022796,10047.985994376408,0.00479859943764082
btc_vol_breakout_10m,0,0.03,0.25,0.0,0.25,45,random,0.10448201457451742,10.448201457451741,0.3333333333333333,12,-0.05401551407764538,-5.401551407764538,30.881199859578764,2.024305433578422,1.0541666666666666e-09,3.5393532370424396,11044.820145745174,0.10448201457451742
btc_vol_breakout_9m,0,0.0175,0.025,0.0,0.05,240,random,0.004751344632570556,0.4751344632570556,0.43243243243243246,37,-0.01319681169984055,-1.319681169984055,9.194158971249914,1.148246680196217,2.5585585585585584e-10,0.2609985876566161,10047.513446325705,0.004751344632570556
btc_vol_breakout_9m,0,0.08,0.1,0.0,0.5,1440,random,0.07520563022310998,7.5205630223109985,0.5,14,-0.16219815619162492,-16.219815619162492,12.675605739654701,1.2180418657111678,9.75e-10,1.3011499952725472,10752.0563022311,0.07520563022310998
btc_hl_breakout_2m,0,0.015,0.05,0.0,0.1,90,random,0.015473458466873775,1.5473458466873775,0.3409090909090909,44,-0.027118695708473806,-2.7118695708473806,12.117380477584689,1.1770965061146765,2.893939393939394e-10,0.3627900930598106,10154.734584668739,0.015473458466873775
btc_vol_breakout_2m,0,0.02,0.035,0.0,0.15,240,random,0.021140239081374943,2.1140239081374945,0.45454545454545453,44,-0.04518407854363449,-4.518407854363449,11.236692695518176,1.1604258724064391,2.8446969696969694e-10,0.333957285050832,10211.40239081375,0.021140239081374943
btc_hl_breakout_4m,0,0.05,0.035,0.0,0.4,720,random,0.06743884947300553,6.743884947300553,0.6,35,-0.13472942558641943,-13.472942558641943,13.455327890755681,1.1743610115946532,3.8333333333333335e-10,0.5368525540002957,10674.388494730056,0.06743884947300553
btc_hl_breakout_9m,0,0.08,0.035,0.0,0.5,90,random,0.14989476671747043,14.989476671747044,0.6956521739130435,23,-0.15316195763099716,-15.316195763099715,20.692545637521206,1.4299006567584795,6.181159420289856e-10,1.3349772931551853,11498.947667174703,0.14989476671747043
btc_hl_breakout_6m,0,0.015,0.15,0.0,0.15,30,random,0.030236154149435084,3.0236154149435084,0.20833333333333334,24,-0.05491000852679373,-5.491000852679373,13.622880640422169,1.3288679686124725,5.736111111111111e-10,0.8854818573465867,10302.36154149435,0.030236154149435084
btc_vol_breakout_8m,0,0.0125,0.035,0.0,0.2,30,random,0.036994911263200786,3.6994911263200785,0.375,40,-0.03924242534880085,-3.9242425348800847,17.705672551564422,1.28933713473089,2.2583333333333335e-10,0.47133602759026755,10369.949112632008,0.036994911263200786
btc_small_up_9m,0,0.035,0.06,0.0,0.4,1440,random,0.09131742180098358,9.131742180098358,0.45454545454545453,22,-0.10330419410554559,-10.330419410554558,17.962964761528646,1.3633144937161887,5.5e-10,1.0927993795983222,10913.174218009835,0.09131742180098358
btc_bullish,0,0.0075,0.12,0.0,0.5,180,random,0.10281990978663562,10.281990978663561,0.175,40,-0.15378687973108507,-15.378687973108507,14.859604564309247,1.245325401902444,3.3791666666666666e-10,0.5971633579440303,11028.199097866356,0.10281990978663562
btc_vol_breakout_8m,0,0.0175,0.02,0.0,0.05,720,random,0.004859514551438894,0.48595145514388943,0.4883720930232558,43,-0.011610952818811082,-1.1610952818811082,9.569072860725239,1.1450285045454882,1.8372093023255815e-10,0.2294736769117742,10048.59514551439,0.004859514551438894
btc_vol_breakout_2m,0,0.005,0.3,0.0,0.15,480,random,0.06623153269713564,6.623153269713564,0.125,24,-0.046878099972094245,-4.687809997209424,25.774317320649804,2.1029155925664993,5.701388888888889e-10,1.8715807470533818,10662.315326971357,0.06623153269713564
btc_hl_breakout_2m,0,0.0175,0.025,0.0,0.1,720,random,-0.010241958383338795,-1.0241958383338796,0.40384615384615385,52,-0.04317174572547111,-4.317174572547112,-7.953712115380186,0.8985063911472805,2.217948717948718e-10,-0.18924773008381718,9897.580416166613,-0.010241958383338795
btc_hl_breakout_3m,0,0.015,0.01,0.0,0.15,45,random,0.009688476923929079,0.9688476923929079,0.5974025974025974,77,-0.037563616812147704,-3.7563616812147704,5.6313505114037365,1.0652467438102595,1.2943722943722944e-10,0.09239291082796859,10096.88476923929,0.009688476923929079
btc_hl_breakout_9m,0,0.03,0.025,0.0,0.5,720,random,0.0945113775890436,9.451137758904359,0.5348837209302325,43,-0.16726408519020064,-16.726408519020065,14.617110582069248,1.1829285682654835,2.934108527131783e-10,0.48945019911464926,10945.113775890437,0.0945113775890436
btc_vol_breakout_8m,0,0.025,0.02,0.0,0.05,15,random,0.01388408713063264,1.388408713063264,0.5897435897435898,39,-0.008736869737147712,-0.8736869737147712,26.048322595596613,1.4842648350913936,2.1623931623931624e-10,0.7121061116936556,10138.840871306327,0.01388408713063264
btc_hl_breakout_5m,0,0.06,0.06,0.0,0.3,480,random,0.09996674873476745,9.996674873476746,0.5714285714285714,21,-0.10517894953329143,-10.517894953329144,21.910309448915815,1.4597476779470313,6.785714285714286e-10,1.6136366884964515,10999.667487347675,0.09996674873476745
btc_hl_breakout_10m,0,0.0075,0.2,0.0,0.5,45,random,0.11943255193061805,11.943255193061805,0.1724137931034483,29,-0.17726084654570995,-17.726084654570997,17.360384291313565,1.317014733995257,4.6149425287356324e-10,0.9603647696708282,11194.325519306181,0.11943255193061805
btc_vol_breakout_2m,0,0.0175,0.3,0.0,0.15,120,random,0.06706653368890372,6.706653368890373,0.21428571428571427,14,-0.04858478918427289,-4.85847891842729,26.075690603868708,2.149313534901983,1.0083333333333333e-09,3.244160065968829,10670.665336889037,0.06706653368890372
btc_hl_breakout_3m,0,0.02,0.01,0.0,0.2,180,random,0.01830690237553258,1.830690237553258,0.6142857142857143,70,-0.05690601129853057,-5.690601129853057,7.7660579208535445,1.0924761549185642,1.4357142857142857e-10,0.14313335565259905,10183.069023755326,0.01830690237553258
btc_hl_breakout_3m,0,0.05,0.04,0.0,0.05,90,random,0.008738382527473703,0.8738382527473703,0.5806451612903226,31,-0.017214759705081017,-1.7214759705081017,13.17687162276477,1.2100556091800299,4.3602150537634406e-10,0.5720620915826441,10087.383825274737,0.008738382527473703
btc_small_up_9m,0,0.01,0.3,0.0,0.2,1440,random,0.06121974987119038,6.121974987119038,0.2857142857142857,7,-0.061349049366078656,-6.134904936607866,19.088618792060974,4.093844489619162,1.957142857142857e-09,4.389379243603658,10612.197498711903,0.06121974987119038
btc_hl_breakout_9m,0,0.01,0.06,0.0,0.15,15,random,0.018764344842318634,1.8764344842318634,0.2608695652173913,46,-0.05612468234829482,-5.612468234829482,8.98271174729369,1.142331347092429,2.782608695652174e-10,0.29204829362483925,10187.643448423187,0.018764344842318634
btc_hl_breakout_5m,0,0.0175,0.3,0.0,0.15,30,random,0.0661295697214695,6.612956972146949,0.21428571428571427,14,-0.05087567926082659,-5.087567926082659,25.82106011897776,2.091736592319026,1.0261904761904762e-09,3.20578672429353,10661.295697214695,0.0661295697214695
btc_hl_breakout_4m,0,0.08,0.025,0.0,0.1,1440,random,0.032102281420128574,3.2102281420128573,0.7407407407407407,27,-0.027417518674109798,-2.7417518674109798,21.833000790347235,1.5110382372733564,5.055555555555555e-10,1.192408371179223,10321.022814201286,0.032102281420128574
btc_hl_breakout_8m,0,0.01,0.03,0.0,0.25,480,random,0.0005019290134229777,0.05019290134229777,0.3230769230769231,65,-0.10052917220460644,-10.052917220460644,1.1522644550903036,1.0018275431915737,1.653846153846154e-10,0.0252275088779887,10005.01929013423,0.0005019290134229777
btc_vol_breakout_8m,0,0.015,0.02,0.0,0.15,480,random,0.027569968053439902,2.75699680534399,0.4782608695652174,46,-0.031015929454035973,-3.1015929454035973,17.890097234073004,1.2806446835161853,1.7934782608695651e-10,0.4049483140070806,10275.699680534399,0.027569968053439902
btc_hl_breakout_8m,0,0.015,0.15,0.0,0.5,360,random,0.10380302157279075,10.380302157279075,0.22727272727272727,22,-0.17278505206519035,-17.278505206519036,14.97708405221297,1.3277956986681416,6.196969696969697e-10,1.097855213320957,11038.030215727907,0.10380302157279075
btc_vol_breakout_2m,0,0.01,0.03,0.0,0.1,180,random,-0.0029346586027451053,-0.29346586027451055,0.3384615384615385,65,-0.02741378325940369,-2.741378325940369,-2.047695847001005,0.9708077233710547,1.6512820512820513e-10,-0.03820886765200443,9970.653413972548,-0.0029346586027451053
btc_alt_aligned,0,0.1,0.08,0.0,0.5,20,random,0.16960458664952813,16.960458664952814,0.6923076923076923,13,-0.16717142393050233,-16.71714239305023,22.445284634773127,1.6024107175838687,1.1282051282051283e-09,2.6642453094844942,11696.045866495282,0.16960458664952813
btc_vol_breakout_8m,0,0.1,0.25,0.0,0.3,30,random,0.09599615936230799,9.599615936230798,0.6,5,-0.09674069262631346,-9.674069262631345,20.427115763581646,2.181673530639099,2.9433333333333333e-09,6.605717526282291,10959.96159362308,0.09599615936230799
btc_hl_breakout_4m,0,0.06,0.15,0.0,0.15,10,random,0.05986992761650588,5.986992761650588,0.5,12,-0.04860509837902327,-4.8605098379023275,25.124031790813536,1.7509856269683046,1.2041666666666667e-09,3.362833818064769,10598.699276165058,0.05986992761650588
btc_vol_breakout_3m,0,0.03,0.25,0.0,0.3,5,random,0.04858848730347731,4.858848730347731,0.26666666666666666,15,-0.11538364815538793,-11.538364815538793,12.274574623140687,1.2548198860121824,9.11111111111111e-10,1.2830029608943627,10485.884873034773,0.04858848730347731
btc_hl_breakout_9m,0,0.035,0.02,0.0,0.15,5,random,0.05301495860930208,5.301495860930208,0.6511627906976745,43,-0.03856895569449825,-3.8568955694498253,24.07302029719631,1.4292805499779184,2.7635658914728683e-10,0.8218709185203494,10530.14958609302,0.05301495860930208
btc_hl_breakout_5m,0,0.03,0.04,0.0,0.25,240,random,0.015351667734078001,1.5351667734078,0.46153846153846156,39,-0.10898759039548156,-10.898759039548157,5.577259519917147,1.0641892011198903,3.4017094017094016e-10,0.1899796376821789,10153.51667734078,0.015351667734078001
btc_hl_breakout_7m,0,0.1,0.15,0.0,0.05,5,random,0.02102945418605658,2.1029454186056578,0.625,8,-0.0171418049478701,-1.7141804947870098,26.419705776385655,2.2960720948638595,1.8416666666666666e-09,5.261962105623274,10210.294541860565,0.02102945418605658
btc_vol_breakout_8m,0,0.01,0.25,0.0,0.3,90,random,0.11097544232919063,11.097544232919063,0.13043478260869565,23,-0.06579981109689503,-6.579981109689504,28.21604821685443,1.7703035006851282,5.195652173913044e-10,1.6684076831603378,11109.754423291906,0.11097544232919063
btc_hl_breakout_5m,0,0.06,0.03,0.0,0.4,10,random,0.1450649608247981,14.506496082479812,0.6896551724137931,29,-0.12321404488700549,-12.32140448870055,24.283238323668893,1.4970663448127477,4.67816091954023e-10,1.2423553513262537,11450.64960824798,0.1450649608247981
btc_hl_breakout_3m,0,0.0175,0.15,0.0,0.05,180,random,0.01721285491681965,1.721285491681965,0.2777777777777778,18,-0.017155174123737127,-1.7155174123737127,21.57241227481964,1.727380327695602,7.564814814814814e-10,1.9243039902299666,10172.128549168196,0.01721285491681965
btc_alt_aligned,0,0.0075,0.06,0.0,0.1,120,random,0.016488987867783113,1.6488987867783114,0.22388059701492538,67,-0.039499560518498456,-3.9499560518498456,10.915191954974869,1.1464320478985424,2.0248756218905473e-10,0.25616500511194357,10164.889878677832,0.016488987867783113
btc_vol_breakout_2m,0,0.04,0.15,0.0,0.4,15,random,0.08545690617156028,8.545690617156028,0.38461538461538464,13,-0.12977650620803904,-12.977650620803905,16.31932767510347,1.3857809276520667,1.0948717948717949e-09,1.835332769327306,10854.569061715603,0.08545690617156028
btc_vol_breakout_3m,0,0.0175,0.015,0.0,0.15,60,random,0.028583220517717906,2.8583220517717907,0.5689655172413793,58,-0.027651173890777092,-2.765117389077709,17.04629248346164,1.2434130194591437,1.525862068965517e-10,0.33382417496501626,10285.83220517718,0.028583220517717906
btc_hl_breakout_9m,0,0.06,0.06,0.0,0.2,1440,random,0.06847953643470128,6.847953643470128,0.5789473684210527,19,-0.07113396531567229,-7.113396531567229,22.34041016015584,1.5597367768067396,7.578947368421052e-10,1.8132345473863771,10684.795364347014,0.06847953643470128
btc_vol_breakout_3m,0,0.025,0.06,0.0,0.4,90,random,0.04763363079891701,4.763363079891701,0.35714285714285715,28,-0.14234646961519848,-14.234646961519848,10.151924961827715,1.1485748251361678,4.392857142857143e-10,0.5075628846513736,10476.33630798917,0.04763363079891701
btc_vol_breakout_10m,0,0.025,0.05,0.0,0.25,1440,random,0.055489422394138864,5.548942239413886,0.43478260869565216,23,-0.0515588450115495,-5.155884501154951,19.703988449785065,1.449918190253857,4.5e-10,0.983270432013012,10554.894223941388,0.055489422394138864
btc_alt_aligned,0,0.08,0.03,0.0,0.2,240,random,0.07027389151414429,7.027389151414429,0.75,24,-0.06189831499680509,-6.189831499680509,23.192443397421506,1.5565467294393882,6.027777777777777e-10,1.4679785790496362,10702.738915141443,0.07027389151414429
btc_hl_breakout_6m,0,0.05,0.06,0.0,0.25,30,random,0.0035539372867076963,0.3553937286707696,0.4090909090909091,22,-0.10219281387034462,-10.219281387034462,2.040754278585888,1.0175531586710913,6.159090909090909e-10,0.14190293467432125,10035.539372867077,0.0035539372867076963
btc_hl_breakout_2m,0,0.005,0.03,0.0,0.5,90,random,-0.0002617733177959053,-0.02617733177959053,0.2948717948717949,78,-0.18973201628822867,-18.973201628822867,1.7014097807872373,0.9995194965215988,1.202991452991453e-10,0.02884956532219499,9997.382266822042,-0.0002617733177959053
btc_hl_breakout_1m,0,0.005,0.3,0.0,0.25,120,random,0.0723653497425476,7.23653497425476,0.13043478260869565,23,-0.09521088975866221,-9.52108897586622,20.15038030195847,1.6429793801213448,5.688405797101449e-10,1.3308015725721278,10723.653497425476,0.0723653497425476
btc_hl_breakout_9m,0,0.0075,0.03,0.0,0.4,45,random,0.010964001462868146,1.0964001462868145,0.31343283582089554,67,-0.1890978981564725,-18.909789815647247,3.576751921370588,1.0230068405162889,1.6417910447761194e-10,0.07634450326078662,10109.640014628681,0.010964001462868146
btc_hl_breakout_8m,0,0.06,0.04,0.0,0.2,20,random,0.04748562355144441,4.748562355144441,0.625,24,-0.07113396531567229,-7.113396531567229,16.264798696817557,1.3474789345448543,5.715277777777778e-10,1.0139247101020648,10474.856235514444,0.04748562355144441
btc_hl_breakout_6m,0,0.06,0.025,0.0,0.5,20,random,0.11994091356528379,11.99409135652838,0.6774193548387096,31,-0.15011040179830404,-15.011040179830404,17.47848457266138,1.2949859041741416,4.290322580645161e-10,0.8202671175792773,11199.409135652837,0.11994091356528379
btc_hl_breakout_2m,0,0.03,0.25,0.0,0.25,10,random,0.05192743594578992,5.192743594578992,0.26666666666666666,15,-0.09446133612003627,-9.446133612003626,14.707458473051247,1.3361452499537712,9.6e-10,1.5504308767510768,10519.274359457899,0.05192743594578992
btc_hl_breakout_2m,0,0.04,0.015,0.0,0.1,60,random,0.017727227940624368,1.7727227940624368,0.6875,48,-0.028048688542333555,-2.8048688542333555,13.837221815538529,1.2156568474603553,2.375e-10,0.37642003415163094,10177.272279406243,0.017727227940624368
btc_hl_breakout_10m,0,0.08,0.3,0.0,0.25,1440,random,0.07943742194721654,7.943742194721653,0.6666666666666666,3,-0.08742668280638533,-8.742668280638533,19.362520545258572,4.211952886616324,4.916666666666667e-09,10.654158217369858,10794.374219472165,0.07943742194721654
btc_bullish,0,0.0075,0.3,0.0,0.25,90,random,0.07914867922833842,7.914867922833841,0.2857142857142857,7,-0.08515278935888992,-8.515278935888993,19.340779573815436,4.304290194986751,2.0833333333333334e-09,4.537543852434358,10791.486792283384,0.07914867922833842
btc_small_down_10m,0,0.005,0.06,0.0,0.2,20,random,0.03647813533952965,3.6478135339529647,0.21052631578947367,57,-0.049145486756598133,-4.914548675659813,14.270608283788345,1.2328261857986353,1.7426900584795323e-10,0.33266993387683536,10364.781353395296,0.03647813533952965
btc_hl_breakout_3m,0,0.0175,0.04,0.0,0.25,20,random,0.019094559079234432,1.9094559079234432,0.4,45,-0.0793765956310466,-7.93765956310466,6.7003148366312155,1.0800996295683378,2.7555555555555557e-10,0.19694319454194495,10190.945590792344,0.019094559079234432
btc_hl_breakout_3m,0,0.02,0.02,0.0,0.5,60,random,0.0779256681973313,7.792566819733129,0.5357142857142857,56,-0.1251187805664934,-12.511878056649339,13.344072807321059,1.1473088352282292,2.0029761904761903e-10,0.3118531224846549,10779.256681973313,0.0779256681973313
btc_small_up_10m,0,0.0075,0.05,0.0,0.15,30,random,0.030189461720398117,3.018946172039812,0.2641509433962264,53,-0.04918074545212159,-4.918074545212159,14.549875247236473,1.2367821561661414,1.6666666666666666e-10,0.3922511398339797,10301.894617203981,0.030189461720398117
btc_small_down_10m,0,0.0075,0.01,0.0,0.4,240,random,0.06929015451567734,6.929015451567734,0.4473684210526316,76,-0.08030949677765509,-8.03094967776551,17.11578597183161,1.2040387257287224,7.894736842105263e-11,0.23855475391883224,10692.901545156774,0.06929015451567734
btc_vol_breakout_8m,0,0.08,0.1,0.0,0.1,180,random,0.01785654528469822,1.7856545284698222,0.5,14,-0.034161020899049266,-3.4161020899049266,13.425309552701032,1.28631860378108,9.773809523809524e-10,1.3185446622886803,10178.565452846982,0.01785654528469822
btc_vol_breakout_3m,0,0.025,0.035,0.0,0.5,180,random,0.12492822831236217,12.492822831236216,0.5135135135135135,37,-0.13467816876325034,-13.467816876325035,19.714919977464,1.2857527118333854,3.2432432432432435e-10,0.7056873700059022,11249.282283123623,0.12492822831236217
btc_hl_breakout_8m,0,0.0125,0.06,0.0,0.05,60,random,0.007501889142324387,0.7501889142324387,0.26666666666666666,45,-0.019485484307788736,-1.9485484307788736,10.15998710087739,1.1646576601126362,2.8074074074074075e-10,0.34063325252539695,10075.018891423244,0.007501889142324387
btc_hl_breakout_10m,0,0.005,0.15,0.0,0.15,60,random,0.015946077028009858,1.5946077028009857,0.13513513513513514,37,-0.06609824495320205,-6.609824495320204,7.5871317016349344,1.148108907835669,3.373873873873874e-10,0.3235895598562444,10159.460770280099,0.015946077028009858
btc_vol_breakout_9m,0,0.08,0.01,0.0,0.3,60,random,0.03335966458186385,3.3359664581863853,0.8235294117647058,34,-0.0673381034998124,-6.73381034998124,11.0462385848659,1.215329247904397,3.147058823529412e-10,0.35461478170046645,10333.596645818638,0.03335966458186385
btc_vol_breakout_2m,0,0.0075,0.3,0.0,0.25,60,random,0.10202880102772574,10.202880102772575,0.14285714285714285,21,-0.08295671850082786,-8.295671850082787,24.231809819844752,1.9169305356560642,6.595238095238095e-10,2.0182400620794647,11020.288010277258,0.10202880102772574
btc_vol_breakout_3m,0,0.035,0.04,0.0,0.4,120,random,0.06575386271479865,6.575386271479864,0.5454545454545454,33,-0.11831324694806689,-11.831324694806689,13.512587712252708,1.192972367036697,3.651515151515152e-10,0.5496995910299247,10657.538627147987,0.06575386271479865
btc_small_up_9m,0,0.0125,0.05,0.0,0.1,30,random,0.007917803548019504,0.7917803548019504,0.2926829268292683,41,-0.032165822583367865,-3.2165822583367865,6.696034051381511,1.106942483721954,2.321138211382114e-10,0.20437850126568705,10079.178035480196,0.007917803548019504
btc_hl_breakout_5m,0,0.015,0.3,0.0,0.1,5,random,0.03009652590742909,3.009652590742909,0.2,15,-0.03538859200137667,-3.5388592001376673,19.845849390521764,1.6963586375134998,9.522222222222222e-10,2.0530015869291964,10300.965259074292,0.03009652590742909
btc_vol_breakout_9m,0,0.02,0.045,0.0,0.15,240,random,0.017677386841364023,1.7677386841364022,0.4,30,-0.031375077269676255,-3.1375077269676255,10.872110959735208,1.2037446074637792,3.5222222222222223e-10,0.4062511315376817,10176.77386841364,0.017677386841364023
btc_hl_breakout_6m,0,0.1,0.2,0.0,0.25,10,random,0.08662912622084236,8.662912622084235,0.5714285714285714,7,-0.08422667571573095,-8.422667571573095,22.33744122860909,1.9749718773990041,2.088095238095238e-09,5.074999963286035,10866.291262208424,0.08662912622084236
btc_hl_breakout_3m,0,0.04,0.1,0.0,0.3,60,random,0.05609966890264586,5.609966890264586,0.4444444444444444,18,-0.09989134562665614,-9.989134562665614,14.161220591841246,1.2913823038859156,7.694444444444444e-10,1.1160581811895398,10560.996689026459,0.05609966890264586
btc_bullish,0,0.04,0.02,0.0,0.05,120,random,0.01875558953666881,1.8755589536668809,0.6511627906976745,43,-0.013116330505517193,-1.3116330505517193,25.13734094848199,1.4788220243844867,3.0930232558139534e-10,0.8721529701291552,10187.555895366688,0.01875558953666881
btc_small_up_10m,0,0.08,0.08,0.0,0.15,30,random,0.05411561231963986,5.411561231963986,0.6428571428571429,14,-0.05089711182221246,-5.0897111822212455,24.00163089264877,1.7403039344451543,9.797619047619048e-10,2.58009041417176,10541.156123196399,0.05411561231963986
btc_small_down_10m,0,0.04,0.3,0.0,0.5,90,random,0.22609118123390035,22.609118123390033,0.375,8,-0.1505276044080014,-15.052760440800139,27.221176574488577,2.0814643528512264,1.8041666666666667e-09,5.911793787434923,12260.911812339004,0.22609118123390035
btc_hl_breakout_8m,0,0.0125,0.035,0.0,0.05,20,random,0.01015871609825988,1.015871609825988,0.35714285714285715,56,-0.017843647305722077,-1.7843647305722077,14.241302961465777,1.2006685810712,2.0267857142857145e-10,0.3672107286042523,10101.587160982599,0.01015871609825988
btc_bullish,0,0.035,0.2,0.0,0.1,5,random,0.02942606730253233,2.942606730253233,0.3125,16,-0.03617400872454635,-3.6174008724546347,18.68459818925448,1.4540567944229337,8.958333333333333e-10,1.8925861794638024,10294.260673025323,0.02942606730253233
btc_small_up_10m,0,0.0175,0.045,0.0,0.4,20,random,0.11304166337134716,11.304166337134717,0.40476190476190477,42,-0.11745365278801623,-11.745365278801623,20.846932272520725,1.3198200542094822,2.4206349206349207e-10,0.6915679314982236,11130.416633713472,0.11304166337134716
btc_small_up_9m,0,0.08,0.2,0.0,0.2,90,random,0.04858528496039162,4.858528496039162,0.6,5,-0.07909185316684719,-7.909185316684719,15.838941981446876,2.1826721604799277,2.853333333333333e-09,4.956915563700924,10485.852849603916,0.04858528496039162
btc_hl_breakout_9m,0,0.025,0.035,0.0,0.25,60,random,0.08139892147410083,8.139892147410082,0.4883720930232558,43,-0.0735913637236465,-7.35913637236465,22.05875640774371,1.340440028647752,2.9844961240310077e-10,0.7656107212664467,10813.989214741008,0.08139892147410083
btc_vol_breakout_8m,0,0.0075,0.3,0.0,0.3,15,random,0.06854065302136346,6.854065302136346,0.18181818181818182,11,-0.062369764266619554,-6.236976426661956,17.997113316096925,2.224902040090937,1.1969696969696968e-09,2.1519762262080357,10685.406530213635,0.06854065302136346
btc_hl_breakout_6m,0,0.1,0.02,0.0,0.1,60,random,0.025450155982615057,2.545015598261506,0.7857142857142857,28,-0.03510821614988968,-3.510821614988968,17.57727815954233,1.4120730984252292,4.5297619047619046e-10,0.918625729992985,10254.50155982615,0.025450155982615057
btc_small_up_9m,0,0.025,0.025,0.0,0.25,240,random,0.05309569681697858,5.309569681697858,0.5405405405405406,37,-0.05415211327265945,-5.415211327265945,18.24325670250993,1.314859299349212,2.707207207207207e-10,0.5861263705552445,10530.956968169787,0.05309569681697858
btc_small_up_9m,0,0.08,0.05,0.0,0.3,90,random,0.107925789794994,10.7925789794994,0.6842105263157895,19,-0.09462004380146904,-9.462004380146904,24.2133486385453,1.6492655880368925,6.605263157894736e-10,1.8878931230303722,11079.25789794994,0.107925789794994
btc_small_up_10m,0,0.06,0.06,0.0,0.1,360,random,0.021321094787744948,2.132109478774495,0.5263157894736842,19,-0.03670597231057937,-3.670597231057937,14.785174146449714,1.3338170455052405,6.938596491228069e-10,1.1444693236172518,10213.21094787745,0.021321094787744948
btc_hl_breakout_1m,0,0.06,0.02,0.0,0.4,180,random,0.15415400662538872,15.415400662538872,0.7575757575757576,33,-0.09351853260048448,-9.351853260048449,26.107027757229794,1.5535471999471893,4.035353535353535e-10,1.150780823518079,11541.540066253887,0.15415400662538872
btc_hl_breakout_10m,0,0.1,0.15,0.0,0.2,5,random,0.05449448675723713,5.449448675723713,0.5555555555555556,9,-0.077356986931575,-7.7356986931575005,17.85532535729443,1.5409787162697222,1.6222222222222221e-09,3.168577838835693,10544.94486757237,0.05449448675723713
btc_small_up_9m,0,0.0075,0.08,0.0,0.4,45,random,0.014638477833652632,1.4638477833652632,0.22857142857142856,35,-0.10665966602961685,-10.665966602961685,4.391483147406748,1.0557807332851197,2.9190476190476193e-10,0.15341847615447715,10146.384778336527,0.014638477833652632
btc_alt_aligned,0,0.1,0.04,0.0,0.1,15,random,0.03498253586798577,3.498253586798577,0.7391304347826086,23,-0.03591625394053677,-3.591625394053677,22.831829316394703,1.5452378452988955,6.289855072463768e-10,1.5266832417612772,10349.825358679858,0.03498253586798577
btc_vol_breakout_8m,0,0.05,0.08,0.0,0.5,90,random,0.053522563285328124,5.352256328532812,0.42105263157894735,19,-0.16469327756568175,-16.469327756568177,9.716564523345083,1.1445532363882183,6.938596491228069e-10,0.719948126857708,10535.225632853282,0.053522563285328124
btc_hl_breakout_7m,0,0.03,0.08,0.0,0.1,720,random,0.007327395538004737,0.7327395538004736,0.3448275862068966,29,-0.049169037384815484,-4.916903738481548,5.304243520633602,1.0798311429947098,4.5344827586206896e-10,0.27910874922360596,10073.273955380047,0.007327395538004737
btc_hl_breakout_7m,0,0.0125,0.2,0.0,0.5,360,random,0.16106862270263983,16.10686227026398,0.21739130434782608,23,-0.1619734400839965,-16.19734400839965,21.47343558249985,1.4886049670653163,6.08695652173913e-10,1.5187995378476065,11610.6862270264,0.16106862270263983
btc_bullish,0,0.035,0.12,0.0,0.25,1440,random,0.06725295319658225,6.725295319658225,0.3684210526315789,19,-0.08591151094032479,-8.59115109403248,17.76994915922403,1.3779533366668748,7.482456140350877e-10,1.49469380453248,10672.529531965822,0.06725295319658225
btc_vol_breakout_9m,0,0.06,0.015,0.0,0.1,240,random,-0.0036411262101642707,-0.36411262101642705,0.7142857142857143,35,-0.029906984066546016,-2.9906984066546016,-2.646251977054432,0.9501983460989463,2.961904761904762e-10,-0.09130030913553021,9963.588737898357,-0.0036411262101642707
btc_hl_breakout_9m,0,0.08,0.1,0.0,0.05,1440,random,0.019783747090889484,1.9783747090889485,0.5833333333333334,12,-0.01616452716101302,-1.616452716101302,25.899581549380272,1.9118836559110806,1.2166666666666666e-09,3.2967656195137147,10197.837470908895,0.019783747090889484
btc_vol_breakout_9m,0,0.06,0.045,0.0,0.1,15,random,-0.010737381119623728,-1.0737381119623728,0.5,18,-0.036506538112507037,-3.6506538112507037,-8.078017658493083,0.8351989008693459,6.37962962962963e-10,-0.5729077694590012,9892.626188803762,-0.010737381119623728
btc_vol_breakout_3m,0,0.04,0.025,0.0,0.25,720,random,0.04301806199898319,4.301806199898319,0.6111111111111112,36,-0.056536515946754684,-5.653651594675468,13.697607036069314,1.2156870858306068,3.398148148148148e-10,0.5013680697586035,10430.180619989831,0.04301806199898319
btc_hl_breakout_5m,0,0.0125,0.025,0.0,0.3,480,random,0.03783541209028285,3.783541209028285,0.42857142857142855,63,-0.08285397150121876,-8.285397150121875,10.665082793339714,1.1186741988022446,1.7222222222222223e-10,0.22046405752706338,10378.354120902828,0.03783541209028285
btc_small_up_9m,0,0.005,0.2,0.0,0.4,60,random,0.06602149971219846,6.602149971219847,0.13333333333333333,30,-0.106521242035574,-10.6521242035574,13.747756315721576,1.2769134238413726,3.572222222222222e-10,0.6556189532400947,10660.214997121984,0.06602149971219846
btc_hl_breakout_4m,0,0.08,0.25,0.0,0.25,180,random,0.09439365930859435,9.439365930859434,0.4444444444444444,9,-0.08342260059525786,-8.342260059525785,23.120590094590163,1.6855655812066688,1.6203703703703704e-09,4.41781189535934,10943.936593085944,0.09439365930859435
btc_hl_breakout_7m,0,0.08,0.01,0.0,0.1,20,random,0.026802887497131393,2.680288749713139,0.825,40,-0.028621423057759277,-2.8621423057759277,18.329655434820253,1.41454048669252,3.3374999999999996e-10,0.6753401608525472,10268.028874971315,0.026802887497131393
btc_hl_breakout_4m,0,0.015,0.2,0.0,0.1,480,random,0.048767665485752516,4.876766548575252,0.3125,16,-0.027722299566908526,-2.7722299566908526,30.633694198634032,2.1683937221135867,8.770833333333333e-10,3.0437652390569676,10487.676654857525,0.048767665485752516
btc_vol_breakout_9m,0,0.025,0.25,0.0,0.4,720,random,0.1821477175843941,18.21477175843941,0.3076923076923077,13,-0.0813326119741592,-8.13326119741592,33.383829615186485,2.087886715669832,1.0192307692307693e-09,3.555660730539463,11821.477175843942,0.1821477175843941
btc_hl_breakout_5m,0,0.02,0.25,0.0,0.5,20,random,0.11041702375930017,11.041702375930017,0.2222222222222222,18,-0.160127683356022,-16.0127683356022,16.500676812170777,1.3306996263438253,8.018518518518519e-10,1.495434320475145,11104.170237593002,0.11041702375930017
btc_small_down_10m,0,0.035,0.12,0.0,0.4,5,random,0.05001614231603548,5.001614231603548,0.35294117647058826,17,-0.14763143070533813,-14.763143070533813,10.363359212511284,1.201950925844384,7.745098039215686e-10,0.8749841531518744,10500.161423160354,0.05001614231603548
btc_hl_breakout_7m,0,0.03,0.1,0.0,0.05,60,random,0.00612924831825772,0.612924831825772,0.3333333333333333,27,-0.02403392825429418,-2.403392825429418,8.303227357592117,1.145776172325402,5.049382716049383e-10,0.46772619487156114,10061.292483182577,0.00612924831825772
btc_bullish,0,0.04,0.12,0.0,0.4,10,random,0.12029103824761278,12.029103824761279,0.35294117647058826,17,-0.12578927677448704,-12.578927677448704,20.065742329046707,1.4371961826188793,8.343137254901962e-10,1.8877567948313987,11202.910382476128,0.12029103824761278
btc_vol_breakout_10m,0,0.015,0.035,0.0,0.4,45,random,0.09712521337362195,9.712521337362196,0.42105263157894735,38,-0.06902900379655508,-6.902900379655508,22.94970279704769,1.3745270863731673,2.2368421052631578e-10,0.6464906052950599,10971.25213373622,0.09712521337362195
btc_hl_breakout_5m,0,0.05,0.15,0.0,0.4,60,random,0.12238024444355769,12.23802444435577,0.42857142857142855,14,-0.15181702717404144,-15.181702717404145,20.109177102903047,1.4588677288304783,1.0226190476190475e-09,2.3546828174075367,11223.802444435576,0.12238024444355769
btc_small_up_9m,0,0.005,0.12,0.0,0.05,45,random,0.014292176196379262,1.4292176196379263,0.18181818181818182,33,-0.013408267354532488,-1.3408267354532488,19.715683518569428,1.5451280793512452,3.055555555555555e-10,0.8726375137169121,10142.921761963793,0.014292176196379262
btc_hl_breakout_2m,0,0.04,0.045,0.0,0.15,20,random,0.027788893200239546,2.7788893200239544,0.5172413793103449,29,-0.05045338186822923,-5.045338186822923,13.690021317246972,1.2303052193649162,4.683908045977012e-10,0.6622675905162418,10277.888932002395,0.027788893200239546
btc_vol_breakout_10m,0,0.025,0.12,0.0,0.25,240,random,0.10085288056088448,10.085288056088448,0.3125,16,-0.05155884501155006,-5.155884501155006,31.09667874707668,2.0314352070755777,7.770833333333334e-10,2.5107788507124402,11008.528805608845,0.10085288056088448
btc_hl_breakout_9m,0,0.06,0.3,0.0,0.2,480,random,0.07548808703379678,7.548808703379678,0.42857142857142855,7,-0.07113396531567284,-7.113396531567284,22.83205028852671,1.9891243666347296,2.0833333333333334e-09,5.589998019334403,10754.880870337967,0.07548808703379678
btc_hl_breakout_3m,0,0.03,0.025,0.0,0.1,1440,random,0.021548220412495173,2.1548220412495174,0.5714285714285714,42,-0.02362520340259522,-2.362520340259522,16.214452224284944,1.2535082116612541,3.0912698412698413e-10,0.520334850785555,10215.482204124952,0.021548220412495173
btc_vol_breakout_9m,0,0.04,0.1,0.0,0.1,480,random,0.025489069309753493,2.5489069309753494,0.4117647058823529,17,-0.0319797983160488,-3.19797983160488,19.007333292140128,1.4662414142210596,7.392156862745098e-10,1.519258466682697,10254.890693097535,0.025489069309753493
btc_vol_breakout_10m,0,0.04,0.25,0.0,0.15,20,random,0.04589131699970128,4.589131699970128,0.3333333333333333,12,-0.04766554421542191,-4.766554421542191,21.45728588019247,1.6098675160281444,1.0819444444444446e-09,2.641592675478523,10458.913169997013,0.04589131699970128
btc_hl_breakout_10m,0,0.08,0.25,0.0,0.2,720,random,0.058630274454612843,5.8630274454612845,0.5,6,-0.0728766857363603,-7.28766857363603,18.629641130776065,2.0397043582208108,2.4527777777777775e-09,5.016672661298412,10586.302744546128,0.058630274454612843
btc_vol_breakout_10m,0,0.035,0.035,0.0,0.15,15,random,0.021068883252395334,2.106888325239533,0.5517241379310345,29,-0.044590404604852085,-4.459040460485209,11.821109751890244,1.204304148533408,3.4942528735632183e-10,0.502707119775699,10210.688832523952,0.021068883252395334
btc_vol_breakout_9m,0,0.05,0.04,0.0,0.25,120,random,0.02087376543378514,2.087376543378514,0.5714285714285714,28,-0.08404483112372718,-8.404483112372718,7.436732045331502,1.1061686063315548,4.2023809523809523e-10,0.34229701272199115,10208.737654337852,0.02087376543378514
btc_hl_breakout_3m,0,0.05,0.015,0.0,0.15,180,random,0.005110759590324619,0.511075959032462,0.6904761904761905,42,-0.04943725495653262,-4.943725495653261,3.1896548499506023,1.0389060100996177,3.003968253968254e-10,0.0999574186246258,10051.107595903246,0.005110759590324619
btc_hl_breakout_6m,0,0.01,0.08,0.0,0.25,480,random,0.025812543694902615,2.5812543694902614,0.23255813953488372,43,-0.08526803579448294,-8.526803579448295,8.216867772280994,1.1224107571318334,2.844961240310077e-10,0.27406749880605735,10258.125436949027,0.025812543694902615
btc_hl_breakout_10m,0,0.035,0.045,0.0,0.15,5,random,0.030504458338668838,3.050445833866884,0.48484848484848486,33,-0.055694752673185244,-5.569475267318524,13.832943820261798,1.2212009509747546,3.904040404040404e-10,0.6407802574676985,10305.044583386689,0.030504458338668838
btc_bullish,0,0.015,0.04,0.0,0.05,20,random,0.012957887376062467,1.2957887376062467,0.3793103448275862,58,-0.013832175042466366,-1.3832175042466366,17.293612089677797,1.2471527397739,2.1982758620689655e-10,0.45023082051017727,10129.578873760625,0.012957887376062467
btc_bullish,0,0.08,0.035,0.0,0.3,5,random,0.09146608444024523,9.146608444024523,0.72,25,-0.08032552645871804,-8.032552645871805,20.72888025915607,1.4280322497916325,5.593333333333334e-10,1.244446345844794,10914.660844402453,0.09146608444024523
btc_hl_breakout_9m,0,0.08,0.045,0.0,0.1,30,random,0.0296980201236491,2.96980201236491,0.65,20,-0.034408032332022054,-3.4408032332022054,19.650984019944207,1.4972491087997366,7.166666666666667e-10,1.4963150230344824,10296.98020123649,0.0296980201236491
btc_vol_breakout_2m,0,0.02,0.3,0.0,0.4,1440,random,0.18280430400294445,18.280430400294446,0.23076923076923078,13,-0.1069477335243546,-10.69477335243546,27.628127966227446,2.113714661708895,1.0910256410256412e-09,3.6386576313511263,11828.043040029444,0.18280430400294445
btc_alt_aligned,0,0.015,0.04,0.0,0.3,45,random,0.06431981196733677,6.431981196733677,0.36666666666666664,60,-0.09460238727683323,-9.460238727683324,14.834580730204078,1.1807854750963878,2.2833333333333332e-10,0.3808816265162304,10643.198119673369,0.06431981196733677
btc_hl_breakout_5m,0,0.015,0.12,0.0,0.3,15,random,0.0606720869475133,6.067208694751329,0.23333333333333334,30,-0.10308214465649379,-10.308214465649378,15.470135581588927,1.2557259801024785,4.527777777777778e-10,0.7466429049452363,10606.720869475133,0.0606720869475133
btc_vol_breakout_9m,0,0.04,0.045,0.0,0.05,180,random,0.0034771600925055054,0.3477160092505505,0.52,25,-0.01609199283089513,-1.609199283089513,5.686036186632554,1.1059471394139204,4.6e-10,0.2869028683717995,10034.771600925054,0.0034771600925055054
btc_hl_breakout_5m,0,0.1,0.15,0.0,0.1,120,random,0.041462193218936134,4.146219321893613,0.625,8,-0.03454749127633894,-3.4547491276338937,26.065649542105305,2.2275205849157236,1.8354166666666668e-09,5.191381186439436,10414.621932189362,0.041462193218936134
btc_vol_breakout_3m,0,0.03,0.15,0.0,0.15,240,random,0.04496895719296931,4.496895719296931,0.38461538461538464,13,-0.055582949788912095,-5.55829497889121,19.547241110202123,1.6587794683018124,1.05e-09,2.353645583707845,10449.689571929694,0.04496895719296931
btc_hl_breakout_7m,0,0.08,0.025,0.0,0.25,180,random,0.07444377454163822,7.444377454163822,0.7307692307692307,26,-0.07444934855319685,-7.444934855319685,20.33387614493775,1.4490277016678714,5.358974358974359e-10,1.1599777692772901,10744.437745416382,0.07444377454163822
btc_hl_breakout_10m,0,0.0075,0.1,0.0,0.3,20,random,0.04350336350953335,4.350336350953335,0.20454545454545456,44,-0.11691428833211825,-11.691428833211825,10.943363932015696,1.1601538646352,2.863636363636364e-10,0.37594236127841674,10435.033635095333,0.04350336350953335
btc_hl_breakout_2m,0,0.08,0.03,0.0,0.1,180,random,0.04567225860178466,4.567225860178466,0.76,25,-0.023466008557115337,-2.3466008557115337,30.429572122482803,1.8626210373242438,5.52e-10,1.8097502567068495,10456.722586017846,0.04567225860178466
btc_alt_aligned,0,0.0125,0.04,0.0,0.4,90,random,0.08616116863759721,8.616116863759721,0.34375,64,-0.11936944419684059,-11.936944419684059,15.237682546980317,1.1741353303412165,2.1302083333333333e-10,0.36545559182119103,10861.611686375973,0.08616116863759721
btc_vol_breakout_8m,0,0.08,0.02,0.0,0.2,60,random,0.03996333426972003,3.9963334269720026,0.76,25,-0.042891710261398264,-4.289171026139826,18.149020729890356,1.3920281421385756,4.46e-10,0.8163084298155038,10399.6333426972,0.03996333426972003
btc_hl_breakout_9m,0,0.035,0.03,0.0,0.25,240,random,0.0656726323083964,6.56726323083964,0.5789473684210527,38,-0.07956289727338683,-7.9562897273386834,17.991840891421088,1.2824795340317918,3.425438596491228e-10,0.712261455037246,10656.726323083964,0.0656726323083964
btc_small_down_10m,0,0.015,0.08,0.0,0.2,720,random,0.05785640996318534,5.785640996318534,0.3333333333333333,33,-0.06420056273125618,-6.420056273125619,20.9884772041671,1.4140822157314348,3.6464646464646466e-10,0.8884967929187054,10578.564099631854,0.05785640996318534
btc_vol_breakout_3m,0,0.01,0.08,0.0,0.5,10,random,0.0035274088207213937,0.3527408820721394,0.23529411764705882,34,-0.1725818340549451,-17.25818340549451,2.454261404099035,1.0092427090970237,3.421568627450981e-10,0.1026417833635394,10035.274088207214,0.0035274088207213937
btc_vol_breakout_2m,0,0.0075,0.12,0.0,0.05,5,random,0.005307198737304549,0.5307198737304549,0.13043478260869565,46,-0.017285027258252872,-1.7285027258252872,8.088621274548819,1.1343435600156615,2.597826086956522e-10,0.23970351293306635,10053.071987373045,0.005307198737304549
btc_small_up_10m,0,0.0075,0.025,0.0,0.25,120,random,0.05120595368469885,5.1205953684698855,0.36666666666666664,60,-0.0681145230696959,-6.81145230696959,15.538371294399004,1.2278555139200633,1.3222222222222221e-10,0.35509412417948866,10512.059536846988,0.05120595368469885
btc_hl_breakout_2m,0,0.04,0.025,0.0,0.15,60,random,0.03287579942072184,3.2875799420721843,0.631578947368421,38,-0.0351280484111689,-3.51280484111689,16.75511798642408,1.276156360035313,3.4035087719298245e-10,0.5874459105824329,10328.757994207219,0.03287579942072184
btc_hl_breakout_8m,0,0.035,0.12,0.0,0.5,15,random,0.11201974824984809,11.20197482498481,0.35,20,-0.1944579809722634,-19.44579809722634,15.943894765764055,1.2837002447876336,7.016666666666667e-10,1.294299517367321,11120.19748249848,0.11201974824984809
btc_hl_breakout_9m,0,0.0075,0.01,0.0,0.05,1440,random,-0.006009682938879217,-0.6009682938879217,0.43157894736842106,95,-0.02628187063021481,-2.628187063021481,-8.624813114146837,0.8987835432999324,9.403508771929824e-11,-0.1241340618993044,9939.903170611207,-0.006009682938879217
btc_hl_breakout_1m,0,0.03,0.12,0.0,0.4,15,random,0.04624566876945478,4.624566876945478,0.30434782608695654,23,-0.15061423676262797,-15.061423676262798,9.819447262832773,1.135505443370991,6e-10,0.6542358608781431,10462.456687694548,0.04624566876945478
btc_vol_breakout_10m,0,0.04,0.015,0.0,0.05,10,random,0.0005629159250897545,0.056291592508975447,0.6410256410256411,39,-0.013264368624378076,-1.3264368624378076,1.1177113198539328,1.0152933877863397,2.5512820512820513e-10,0.03426829311065058,10005.629159250897,0.0005629159250897545
btc_vol_breakout_8m,0,0.06,0.12,0.0,0.1,20,random,0.013277817765305382,1.3277817765305382,0.38461538461538464,13,-0.03622785673064022,-3.6227856730640218,9.98613515314558,1.238967752258721,1.0115384615384616e-09,1.0688110203572747,10132.778177653054,0.013277817765305382
btc_vol_breakout_8m,0,0.015,0.12,0.0,0.05,120,random,0.01834796732775933,1.834796732775933,0.23809523809523808,21,-0.010647352679837851,-1.0647352679837851,28.436969409222094,1.9217135614233094,5.873015873015873e-10,1.749668216461191,10183.479673277594,0.01834796732775933
btc_small_down_10m,0,0.0175,0.025,0.0,0.25,30,random,0.04092551961780537,4.092551961780537,0.5,46,-0.05273491481422643,-5.273491481422643,14.261214933582297,1.2074997240068504,1.9492753623188405e-10,0.3714007751104289,10409.255196178054,0.04092551961780537
btc_small_down_10m,0,0.005,0.06,0.0,0.1,15,random,0.018597459369533397,1.8597459369533398,0.21052631578947367,57,-0.024785775713663027,-2.4785775713663027,14.244740203709956,1.2437340491467554,1.7426900584795323e-10,0.33266993387683785,10185.974593695333,0.018597459369533397
btc_vol_breakout_9m,0,0.0175,0.05,0.0,0.4,90,random,-0.00728950121339808,-0.728950121339808,0.3448275862068966,29,-0.11127318902798877,-11.127318902798876,-0.11816819143514466,0.9727140922575879,3.735632183908046e-10,-0.009584106530811293,9927.10498786602,-0.00728950121339808
btc_vol_breakout_2m,0,0.0075,0.1,0.0,0.05,720,random,-0.0002730341687163502,-0.02730341687163502,0.14893617021276595,47,-0.020456027170351665,-2.0456027170351665,-0.22004371149674318,0.9930310851024721,2.539007092198582e-10,-0.005530141014467656,9997.269658312836,-0.0002730341687163502
btc_vol_breakout_10m,0,0.04,0.06,0.0,0.5,720,random,0.04480036932554904,4.480036932554904,0.42857142857142855,21,-0.15198266091344348,-15.198266091344347,8.645047809859356,1.1333709701435641,5.523809523809524e-10,0.5492436802965464,10448.00369325549,0.04480036932554904
btc_small_up_10m,0,0.0075,0.05,0.0,0.5,360,random,0.09247089840467443,9.247089840467442,0.2641509433962264,53,-0.15871542727608778,-15.871542727608778,14.542854692519104,1.199241432962619,1.6666666666666666e-10,0.39225113983397986,10924.708984046745,0.09247089840467443
btc_vol_breakout_10m,0,0.03,0.04,0.0,0.1,360,random,0.020791494018323635,2.0791494018323635,0.5517241379310345,29,-0.028988077281160596,-2.8988077281160596,16.956985575665193,1.317121111235054,3.5459770114942525e-10,0.7257574718224186,10207.914940183236,0.020791494018323635
btc_hl_breakout_9m,0,0.02,0.02,0.0,0.25,15,random,0.05682544736324903,5.682544736324903,0.5166666666666667,60,-0.08290126668485531,-8.29012666848553,16.18597557990757,1.2055387748996655,1.8388888888888888e-10,0.3945660801784923,10568.25447363249,0.05682544736324903
btc_vol_breakout_9m,0,0.035,0.025,0.0,0.4,720,random,0.10469512517884286,10.469512517884286,0.6206896551724138,29,-0.08051375869898025,-8.051375869898026,23.894066236518125,1.446045438547421,3.5459770114942525e-10,0.9071553760431762,11046.951251788429,0.10469512517884286
btc_hl_breakout_9m,0,0.04,0.04,0.0,0.4,240,random,0.09724630671957689,9.724630671957689,0.5294117647058824,34,-0.13430339739079433,-13.430339739079432,16.946569394606037,1.2400948219437093,3.946078431372549e-10,0.7685039837072255,10972.46306719577,0.09724630671957689
btc_hl_breakout_3m,0,0.01,0.3,0.0,0.25,240,random,0.0629916855450605,6.29916855450605,0.15789473684210525,19,-0.09664379789347577,-9.664379789347578,17.466411198021614,1.5092545629110794,7.18421052631579e-10,1.4302344182236293,10629.916855450605,0.0629916855450605
btc_vol_breakout_2m,0,0.06,0.03,0.0,0.15,30,random,0.04700099301416342,4.7000993014163415,0.7,30,-0.042378082643070525,-4.237808264307052,21.5138653281242,1.4764162707103303,4.416666666666667e-10,1.0461096419592937,10470.009930141634,0.04700099301416342
btc_hl_breakout_3m,0,0.0175,0.02,0.0,0.2,240,random,0.0036952281431157645,0.36952281431157646,0.4827586206896552,58,-0.06499700359343485,-6.4997003593434854,2.188640646053056,1.0179592109754134,1.867816091954023e-10,0.04834116240488149,10036.952281431157,0.0036952281431157645
btc_hl_breakout_5m,0,0.025,0.025,0.0,0.25,45,random,0.03957088425504503,3.957088425504503,0.5306122448979592,49,-0.07188496168849101,-7.188496168849101,12.600047692379631,1.1604914979248513,2.574829931972789e-10,0.343773961715856,10395.70884255045,0.03957088425504503
btc_hl_breakout_3m,0,0.04,0.2,0.0,0.5,60,random,0.08055052043321775,8.055052043321776,0.36363636363636365,11,-0.16294863593069875,-16.294863593069874,13.154351933156228,1.3133873240695462,1.3106060606060607e-09,1.7859741391643635,10805.505204332178,0.08055052043321775
btc_hl_breakout_4m,0,0.08,0.25,0.0,0.05,45,random,0.019676463931186383,1.9676463931186383,0.4444444444444444,9,-0.017117405784044304,-1.7117405784044304,23.548857087543674,1.7860143494033465,1.6203703703703704e-09,4.417811895359339,10196.764639311863,0.019676463931186383
btc_vol_breakout_9m,0,0.0075,0.04,0.0,0.5,5,random,0.02527069907592686,2.527069907592686,0.29545454545454547,44,-0.12394390131833688,-12.394390131833688,6.266641412502239,1.0685282514545633,2.1325757575757574e-10,0.15176193521382028,10252.706990759269,0.02527069907592686
btc_hl_breakout_10m,0,0.02,0.2,0.0,0.15,240,random,0.03766903306421136,3.766903306421136,0.25,20,-0.048843462655864034,-4.884346265586403,16.859762466002998,1.3916135648352628,6.966666666666666e-10,1.3133747650533694,10376.690330642114,0.03766903306421136
btc_alt_aligned,0,0.01,0.01,0.0,0.4,10,random,0.01125322205032944,1.1253222050329441,0.4789915966386555,119,-0.15121522414353838,-15.121522414353839,3.612136163930557,1.0177731410257596,1.0448179271708684e-10,0.04647088115070479,10112.532220503294,0.01125322205032944
btc_hl_breakout_6m,0,0.04,0.02,0.0,0.5,45,random,0.039033769751486855,3.9033769751486855,0.627906976744186,43,-0.13582986132370145,-13.582986132370145,7.71764006003077,1.0806456832024074,2.798449612403101e-10,0.23704989856570477,10390.337697514868,0.039033769751486855
btc_vol_breakout_9m,0,0.02,0.1,0.0,0.15,45,random,0.05422008422170304,5.422008422170304,0.3181818181818182,22,-0.031375077269676144,-3.1375077269676144,28.90968718163552,1.7883155071440087,5.363636363636364e-10,1.6373559729235936,10542.200842217031,0.05422008422170304
btc_hl_breakout_4m,0,0.01,0.1,0.0,0.4,720,random,0.05430922533733301,5.430922533733301,0.24242424242424243,33,-0.12461877536286003,-12.461877536286003,11.368186621044511,1.1891023656346411,3.9444444444444444e-10,0.47154302776757034,10543.09225337333,0.05430922533733301
btc_alt_aligned,0,0.0125,0.05,0.0,0.2,1440,random,0.047013192020173025,4.701319202017302,0.2982456140350877,57,-0.059424227352796066,-5.942422735279607,15.732681490576246,1.2183190778193387,2.409356725146199e-10,0.4293982743613689,10470.13192020173,0.047013192020173025
btc_vol_breakout_3m,0,0.005,0.025,0.0,0.5,15,random,-0.08970762631673423,-8.970762631673423,0.2571428571428571,70,-0.2214594216248733,-22.14594216248733,-15.020011705545013,0.8166775390163752,1.1142857142857143e-10,-0.24063104786693706,9102.923736832658,-0.08970762631673423
btc_hl_breakout_7m,0,0.005,0.02,0.0,0.5,720,random,-0.0053494845192220055,-0.5349484519222005,0.30526315789473685,95,-0.2197971398460139,-21.97971398460139,1.2145734458496142,0.9918186521761527,1.019298245614035e-10,0.01886185712776389,9946.505154807779,-0.0053494845192220055
btc_hl_breakout_6m,0,0.05,0.3,0.0,0.1,30,random,0.027421786122587184,2.7421786122587184,0.5,4,-0.039758263819467676,-3.9758263819467676,16.233925535732936,3.03467840600316,3.6833333333333332e-09,6.908038914173129,10274.217861225872,0.027421786122587184
btc_vol_breakout_8m,0,0.1,0.08,0.0,0.2,480,random,0.038791016097397754,3.8791016097397755,0.5454545454545454,11,-0.06535942926152671,-6.535942926152671,14.815391697704097,1.402152003531528,1.1575757575757576e-09,1.8492381533661193,10387.910160973977,0.038791016097397754
btc_hl_breakout_7m,0,0.05,0.04,0.0,0.2,45,random,0.045028641510773584,4.502864151077358,0.5625,32,-0.08101041335346415,-8.101041335346416,15.199897580361775,1.2405102819479412,4.234375e-10,0.7366154160575898,10450.286415107736,0.045028641510773584
btc_hl_breakout_7m,0,0.06,0.2,0.0,0.15,1440,random,0.06522701935389148,6.522701935389148,0.5,10,-0.05038025638160548,-5.038025638160548,27.255750733184893,2.049818490561818,1.4533333333333333e-09,4.361397977313226,10652.270193538914,0.06522701935389148
btc_hl_breakout_7m,0,0.0075,0.04,0.0,0.05,5,random,0.004865380978503918,0.4865380978503918,0.28125,64,-0.023548500923247895,-2.3548500923247895,6.9604182138570065,1.0934857782534502,1.8958333333333332e-10,0.15678987206285316,10048.653809785039,0.004865380978503918
btc_bullish,0,0.05,0.15,0.0,0.1,180,random,0.03805143880878509,3.805143880878509,0.5,10,-0.028629066562957828,-2.862906656295783,24.20021617460008,1.9914296518644405,1.4366666666666667e-09,3.823062163076254,10380.514388087851,0.03805143880878509
btc_hl_breakout_7m,0,0.015,0.03,0.0,0.3,1440,random,0.03960364454977144,3.9603644549771437,0.39655172413793105,58,-0.12136362907398457,-12.136362907398457,10.371853832549581,1.1169883631612183,2.0517241379310345e-10,0.25407200143930275,10396.036445497713,0.03960364454977144
btc_vol_breakout_2m,0,0.005,0.12,0.0,0.2,360,random,0.00848840866380026,0.8488408663800261,0.10344827586206896,58,-0.0718032325326654,-7.180323253266541,3.9507731366524035,1.048580634023976,1.9051724137931035e-10,0.10224741240200924,10084.884086638003,0.00848840866380026
btc_hl_breakout_9m,0,0.035,0.01,0.0,0.1,20,random,0.027636976778509143,2.763697677850914,0.7192982456140351,57,-0.02804260819409754,-2.804260819409754,18.94081626745352,1.3317895716170163,2.1461988304093566e-10,0.48859095845662653,10276.36976778509,0.027636976778509143
btc_hl_breakout_10m,0,0.05,0.15,0.0,0.15,360,random,0.04008615220000752,4.008615220000752,0.4166666666666667,12,-0.05974657492841118,-5.974657492841118,17.319230198758312,1.5316585170673074,1.1958333333333333e-09,2.297113782945927,10400.861522000076,0.04008615220000752
btc_small_up_10m,0,0.0125,0.1,0.0,0.25,240,random,0.07504496261608984,7.504496261608984,0.24242424242424243,33,-0.08165824955399925,-8.165824955399925,20.82243270214581,1.3996825644763882,3.171717171717172e-10,0.9444761816505001,10750.449626160898,0.07504496261608984
btc_small_up_10m,0,0.005,0.04,0.0,0.25,120,random,0.0644068310687538,6.4406831068753805,0.3103448275862069,58,-0.06755060737134722,-6.7550607371347215,18.850898035573973,1.2843564117521944,1.3965517241379309e-10,0.45564458110076794,10644.068310687539,0.0644068310687538
btc_hl_breakout_3m,0,0.1,0.035,0.0,0.1,15,random,0.040492826666136274,4.049282666613627,0.75,24,-0.03296464736544247,-3.2964647365442468,26.998649797163786,1.6588003753789566,5.916666666666667e-10,1.6819551317600423,10404.928266661364,0.040492826666136274
btc_small_up_9m,0,0.01,0.03,0.0,0.1,10,random,0.015053078107212889,1.505307810721289,0.375,48,-0.023649423248358836,-2.3649423248358836,12.911358180188504,1.211091080032592,1.8680555555555557e-10,0.31953310133439916,10150.53078107213,0.015053078107212889
btc_bullish,0,0.005,0.12,0.0,0.15,60,random,0.03888194850198322,3.888194850198322,0.15217391304347827,46,-0.043190303078302295,-4.3190303078302295,16.918257197215905,1.3592206224211256,2.869565217391304e-10,0.5819807114234472,10388.819485019832,0.03888194850198322
btc_hl_breakout_7m,0,0.025,0.03,0.0,0.1,30,random,0.03318670997766582,3.318670997766582,0.5111111111111111,45,-0.027595148105876488,-2.759514810587649,22.24103904695664,1.3608079580292485,2.8629629629629627e-10,0.7408988562268565,10331.867099776659,0.03318670997766582
btc_hl_breakout_9m,0,0.04,0.1,0.0,0.05,60,random,0.01273130773123123,1.2731307731231232,0.42857142857142855,21,-0.018286624363147874,-1.8286624363147874,16.474055621638975,1.368303599822951,6.698412698412698e-10,1.2247463812718173,10127.313077312312,0.01273130773123123
btc_small_up_10m,0,0.0125,0.2,0.0,0.2,45,random,0.028559110829402653,2.855911082940265,0.17857142857142858,28,-0.07109370859400688,-7.109370859400688,10.509350665589029,1.1923060998620403,4.113095238095238e-10,0.5763193215589221,10285.591108294026,0.028559110829402653
btc_small_down_10m,0,0.015,0.06,0.0,0.1,240,random,0.016210299037294897,1.6210299037294897,0.3157894736842105,38,-0.027115167190258194,-2.7115167190258194,12.406124349945227,1.2152120415101293,2.7894736842105265e-10,0.4372545404585977,10162.102990372949,0.016210299037294897
btc_hl_breakout_3m,0,0.04,0.02,0.0,0.05,360,random,0.007417350849475071,0.7417350849475071,0.627906976744186,43,-0.014546085182473356,-1.4546085182473356,11.30607942068746,1.167577583604535,2.7868217054263566e-10,0.35030358027703645,10074.17350849475,0.007417350849475071
btc_vol_breakout_3m,0,0.0125,0.25,0.0,0.4,20,random,0.07873202466172488,7.873202466172488,0.18181818181818182,22,-0.1327055351005868,-13.27055351005868,15.023134854077538,1.3089104549467925,5.765151515151516e-10,1.071538683671411,10787.320246617248,0.07873202466172488
btc_small_up_9m,0,0.1,0.25,0.0,0.25,45,random,0.07290015084093861,7.290015084093861,0.6,5,-0.08466804530243455,-8.466804530243454,18.711223521661747,2.142713318027184,2.8766666666666665e-09,6.012968300353198,10729.001508409387,0.07290015084093861
btc_hl_breakout_10m,0,0.05,0.04,0.0,0.3,45,random,0.055648739653835995,5.564873965383599,0.5483870967741935,31,-0.11897297867108203,-11.897297867108204,13.188967865199,1.1932586952061115,4.327956989247312e-10,0.6570040841821835,10556.48739653836,0.055648739653835995
btc_hl_breakout_8m,0,0.0175,0.025,0.0,0.2,45,random,0.01405406096468746,1.405406096468746,0.41818181818181815,55,-0.07826047327553587,-7.826047327553587,5.695824176612634,1.0631483623114364,2.1727272727272728e-10,0.14967593792671885,10140.540609646874,0.01405406096468746
btc_small_up_9m,0,0.03,0.02,0.0,0.25,480,random,0.08404296582814286,8.404296582814286,0.6153846153846154,39,-0.050178145573762545,-5.017814557376255,30.65359742766789,1.554941636193156,2.5982905982905984e-10,0.850396594544461,10840.429658281428,0.08404296582814286
btc_alt_aligned,0,0.005,0.045,0.0,0.15,30,random,0.015581863849060983,1.5581863849060982,0.2222222222222222,90,-0.05670893618474093,-5.670893618474093,7.349499886459528,1.0844342628365657,1.4537037037037036e-10,0.12587875690148878,10155.81863849061,0.015581863849060983
btc_small_down_10m,0,0.08,0.015,0.0,0.4,120,random,0.1297847336635346,12.97847336635346,0.8148148148148148,27,-0.10152743994609337,-10.152743994609336,23.08765133457455,1.6340418301419002,4.1296296296296296e-10,1.1936422482323579,11297.847336635346,0.1297847336635346
btc_vol_breakout_10m,0,0.06,0.02,0.0,0.15,480,random,0.02870026657977028,2.8700266579770277,0.7241379310344828,29,-0.032959927201556605,-3.2959927201556605,17.726680465207163,1.351461094224703,3.293103448275862e-10,0.6696681311596987,10287.002665797703,0.02870026657977028
btc_hl_breakout_7m,0,0.0175,0.12,0.0,0.5,1440,random,0.10619469257102074,10.619469257102073,0.24242424242424243,33,-0.19498400238416302,-19.498400238416302,15.57324746814903,1.2112561529894021,4.0959595959595955e-10,0.7676123453891878,11061.946925710206,0.10619469257102074
btc_alt_aligned,0,0.025,0.045,0.0,0.2,120,random,0.051478660754349766,5.147866075434977,0.4318181818181818,44,-0.06318637608867705,-6.318637608867705,17.083031985405793,1.2486456336570688,3.1780303030303026e-10,0.6025561177258913,10514.786607543498,0.051478660754349766
btc_vol_breakout_9m,0,0.1,0.01,0.0,0.05,240,random,0.005724766751911176,0.5724766751911176,0.8387096774193549,31,-0.011574557940313257,-1.1574557940313257,10.50549698435282,1.2409449205323977,3.704301075268817e-10,0.37504096588689784,10057.247667519112,0.005724766751911176
btc_small_down_10m,0,0.0075,0.03,0.0,0.3,120,random,0.040238909600982926,4.023890960098293,0.3559322033898305,59,-0.0690552219726217,-6.9055221972621705,11.816518249118072,1.154023353909905,1.446327683615819e-10,0.24412393344824687,10402.389096009829,0.040238909600982926
btc_hl_breakout_3m,0,0.005,0.035,0.0,0.25,60,random,0.0024925537617067222,0.24925537617067223,0.2676056338028169,71,-0.08782619473741737,-8.782619473741738,1.710826459559752,1.0102968513743755,1.4178403755868544e-10,0.030404942847738745,10024.925537617068,0.0024925537617067222
btc_hl_breakout_5m,0,0.06,0.08,0.0,0.5,15,random,0.136781076472117,13.678107647211702,0.5,18,-0.17033853088943052,-17.03385308894305,18.830787257823587,1.3642770177091272,7.62962962962963e-10,1.6361947590342856,11367.81076472117,0.136781076472117
btc_hl_breakout_10m,0,0.035,0.06,0.0,0.4,180,random,0.0997747161831313,9.97747161831313,0.42857142857142855,28,-0.14526163046785345,-14.526163046785346,17.27658648546439,1.2710122649826987,4.833333333333333e-10,0.9634629005897064,10997.747161831314,0.0997747161831313
btc_hl_breakout_1m,0,0.0075,0.03,0.0,0.15,360,random,0.0010698401218404796,0.10698401218404796,0.3333333333333333,66,-0.0623529881612489,-6.235298816124891,1.1211387820130532,1.0068668431500798,1.7045454545454544e-10,0.021880305646288258,10010.698401218404,0.0010698401218404796
btc_hl_breakout_4m,0,0.04,0.1,0.0,0.2,30,random,0.040565962178601714,4.0565962178601715,0.4444444444444444,18,-0.06596782593178385,-6.596782593178386,14.841534658973234,1.328494502341188,7.787037037037037e-10,1.1754411055872218,10405.659621786017,0.040565962178601714
btc_hl_breakout_1m,0,0.06,0.045,0.0,0.05,15,random,0.01563969492213291,1.5639694922132912,0.6363636363636364,22,-0.01822323833484174,-1.822323833484174,20.615569934718987,1.5276777669161319,6.371212121212121e-10,1.4258756966273405,10156.39694922133,0.01563969492213291
btc_hl_breakout_3m,0,0.015,0.035,0.0,0.5,20,random,0.1094007136449869,10.940071364498689,0.42,50,-0.13292904457732857,-13.292904457732856,17.74210797550635,1.2182905941407012,2.3933333333333333e-10,0.4682992284002486,11094.007136449869,0.1094007136449869
btc_vol_breakout_8m,0,0.08,0.015,0.0,0.05,180,random,0.00039675679231147,0.039675679231147,0.7666666666666667,30,-0.013889221779302408,-1.3889221779302408,0.8346191490276135,1.012844834690702,3.75e-10,0.03404779353773271,10003.967567923115,0.00039675679231147
btc_vol_breakout_10m,0,0.0125,0.05,0.0,0.1,90,random,0.014679932662542739,1.4679932662542738,0.3235294117647059,34,-0.019798821930774424,-1.9798821930774424,14.111691013544092,1.2607707117208666,2.6911764705882354e-10,0.4387024846312022,10146.799326625427,0.014679932662542739
btc_small_down_10m,0,0.04,0.15,0.0,0.25,5,random,0.029633605586720024,2.963360558672002,0.36363636363636365,11,-0.08257162269106233,-8.257162269106233,9.332988378054628,1.2518814548880137,1.2666666666666666e-09,1.2287745229436835,10296.3360558672,0.029633605586720024
btc_hl_breakout_2m,0,0.1,0.1,0.0,0.3,60,random,0.13069715797897075,13.069715797897075,0.5833333333333334,12,-0.09024310922056733,-9.024310922056733,28.113474695233045,1.8556147540907597,1.1583333333333334e-09,3.6136438285776404,11306.971579789708,0.13069715797897075
btc_hl_breakout_7m,0,0.0175,0.06,0.0,0.4,720,random,-0.011806440415994438,-1.180644041599444,0.2619047619047619,42,-0.1941456336278573,-19.41456336278573,-0.28602805601337983,0.972792718297003,3.0238095238095237e-10,-0.0018578307317831317,9881.935595840056,-0.011806440415994438
btc_small_up_9m,0,0.06,0.04,0.0,0.25,720,random,0.06970507406953624,6.970507406953624,0.6296296296296297,27,-0.06294320733277148,-6.294320733277148,19.88988044265742,1.349725109450092,4.4135802469135803e-10,1.0611370170029288,10697.050740695362,0.06970507406953624
btc_vol_breakout_9m,0,0.02,0.25,0.0,0.4,60,random,0.1685159017178623,16.851590171786228,0.2,15,-0.08166418598859126,-8.166418598859126,31.17535729808311,1.9457159609543129,8.511111111111111e-10,2.887240231598537,11685.159017178623,0.1685159017178623
btc_vol_breakout_2m,0,0.04,0.045,0.0,0.3,180,random,0.050357207924987324,5.035720792498733,0.5161290322580645,31,-0.09521786019301082,-9.521786019301082,13.220590197407656,1.1990091495614514,4.3602150537634406e-10,0.5874106251027508,10503.572079249872,0.050357207924987324
btc_vol_breakout_8m,0,0.005,0.3,0.0,0.5,90,random,0.11106270984784106,11.106270984784105,0.16666666666666666,12,-0.10099165379970554,-10.099165379970554,18.301516526416723,2.1394891015637256,1.0916666666666667e-09,1.96534878166722,11110.62709847841,0.11106270984784106
btc_hl_breakout_7m,0,0.04,0.04,0.0,0.5,20,random,0.1246190306342377,12.461903063423769,0.5294117647058824,34,-0.1716645125815247,-17.16645125815247,17.586829679394743,1.237962554729872,3.950980392156863e-10,0.7985798025985459,11246.190306342378,0.1246190306342377
btc_bullish,0,0.005,0.12,0.0,0.4,5,random,0.09777218528315852,9.777218528315853,0.15217391304347827,46,-0.11492008027079359,-11.49200802707936,16.82509184533028,1.3107071736287852,2.869565217391304e-10,0.5819807114234449,10977.721852831586,0.09777218528315852
btc_bullish,0,0.0075,0.04,0.0,0.2,720,random,0.03602829233208149,3.602829233208149,0.2894736842105263,76,-0.058252947015904444,-5.825294701590444,12.631339072478351,1.1498072974031623,1.6030701754385964e-10,0.2510288456367059,10360.282923320814,0.03602829233208149
btc_hl_breakout_9m,0,0.035,0.02,0.0,0.3,120,random,0.10597804502793529,10.59780450279353,0.6511627906976745,43,-0.07618926668583292,-7.618926668583292,24.11345748364293,1.4009057439264283,2.7635658914728683e-10,0.8218709185203498,11059.780450279353,0.10597804502793529
btc_hl_breakout_5m,0,0.02,0.08,0.0,0.15,1440,random,0.017422590539621523,1.7422590539621523,0.3333333333333333,33,-0.05625031521425827,-5.625031521425827,8.85977644154953,1.1388522862656119,4.02020202020202e-10,0.3770180093132419,10174.225905396215,0.017422590539621523
btc_hl_breakout_2m,0,0.03,0.12,0.0,0.05,10,random,0.00623727632665192,0.6237276326651919,0.30434782608695654,23,-0.019515262217297935,-1.9515262217297935,9.048766011844396,1.1537659736609895,6.144927536231885e-10,0.5624840893827954,10062.37276326652,0.00623727632665192
btc_small_up_9m,0,0.04,0.06,0.0,0.1,180,random,0.025342917815793793,2.5342917815793795,0.47619047619047616,21,-0.026556735411608634,-2.6556735411608634,19.12338218075525,1.4479756483877222,5.825396825396825e-10,1.2191785747776474,10253.429178157938,0.025342917815793793
btc_hl_breakout_7m,0,0.04,0.035,0.0,0.4,360,random,0.10000449368073737,10.000449368073737,0.5555555555555556,36,-0.13533600832675374,-13.533600832675374,17.609043167428105,1.2528219456106948,3.689814814814815e-10,0.7339200838883282,11000.044936807373,0.10000449368073737
btc_vol_breakout_2m,0,0.015,0.02,0.0,0.05,10,random,0.002356932484359447,0.2356932484359447,0.4626865671641791,67,-0.01386819442641718,-1.386819442641718,3.932747848792099,1.0460803007700312,1.6766169154228854e-10,0.07379894259938474,10023.569324843595,0.002356932484359447
btc_hl_breakout_4m,0,0.015,0.035,0.0,0.1,720,random,0.02892243940269112,2.892243940269112,0.43137254901960786,51,-0.025555218704867988,-2.555521870486799,21.94117746016503,1.3262773210605228,2.2810457516339868e-10,0.5700267272101252,10289.22439402691,0.02892243940269112
btc_small_up_9m,0,0.0075,0.12,0.0,0.25,20,random,0.06761781158735021,6.761781158735021,0.1935483870967742,31,-0.06436658389622096,-6.436658389622096,19.155169570194133,1.4760093042372415,3.349462365591398e-10,0.9067915411083269,10676.178115873503,0.06761781158735021
btc_hl_breakout_1m,0,0.03,0.015,0.0,0.15,1440,random,0.02123205033620577,2.123205033620577,0.6181818181818182,55,-0.043920320183726935,-4.392032018372694,11.593301360566732,1.1562613974001608,2.0272727272727274e-10,0.2675183890009431,10212.320503362058,0.02123205033620577
btc_vol_breakout_8m,0,0.035,0.035,0.0,0.3,10,random,0.04357587243631533,4.357587243631533,0.5483870967741935,31,-0.08768155340418016,-8.768155340418016,12.492290554394136,1.1930965716163506,3.634408602150537e-10,0.5035930147786566,10435.758724363153,0.04357587243631533
btc_hl_breakout_2m,0,0.1,0.02,0.0,0.2,90,random,0.06433058558663285,6.433058558663285,0.7931034482758621,29,-0.0647267470180567,-6.472674701805669,22.14032391570826,1.482480271781003,4.344827586206897e-10,1.1187607767147718,10643.305855866329,0.06433058558663285
btc_small_down_10m,0,0.05,0.03,0.0,0.4,60,random,0.08157122509496657,8.157122509496658,0.6666666666666666,33,-0.07470997254773792,-7.470997254773792,17.23938599993019,1.276482600112637,3.196969696969697e-10,0.6484161227343459,10815.712250949666,0.08157122509496657
btc_alt_aligned,0,0.06,0.08,0.0,0.05,45,random,0.017723904286295424,1.7723904286295424,0.5294117647058824,17,-0.01803891310977157,-1.803891310977157,22.81351935761852,1.6454094155031527,8.598039215686274e-10,2.0896288017148645,10177.239042862955,0.017723904286295424
btc_hl_breakout_7m,0,0.04,0.01,0.0,0.5,15,random,0.13835309892289333,13.835309892289333,0.7241379310344828,58,-0.14167950706826826,-14.167950706826826,19.721231827972076,1.2765305273504504,2.0804597701149424e-10,0.49598059084224294,11383.530989228933,0.13835309892289333
btc_vol_breakout_9m,0,0.01,0.04,0.0,0.05,20,random,0.006002177750282266,0.6002177750282266,0.3170731707317073,41,-0.00974978895187939,-0.974978895187939,11.545041187552238,1.194657528214192,2.329268292682927e-10,0.29624759133770356,10060.021777502823,0.006002177750282266
btc_alt_aligned,0,0.0175,0.045,0.0,0.5,180,random,0.09109087429018264,9.109087429018265,0.36538461538461536,52,-0.1701813418507815,-17.01813418507815,13.565260939260444,1.151069975016944,2.663461538461538e-10,0.40030652336416417,10910.908742901825,0.09109087429018264
btc_vol_breakout_2m,0,0.08,0.02,0.0,0.3,480,random,0.07323517183589157,7.323517183589157,0.7666666666666667,30,-0.08615730467172611,-8.615730467172611,17.514243897733838,1.350319301536007,4.4055555555555557e-10,0.8417844645363352,10732.351718358916,0.07323517183589157
btc_hl_breakout_1m,0,0.01,0.15,0.0,0.3,15,random,0.07661159561541626,7.661159561541626,0.19230769230769232,26,-0.10463078006552706,-10.463078006552706,17.422447382115106,1.439571716623131,5.057692307692308e-10,1.048924687606455,10766.115956154163,0.07661159561541626
btc_hl_breakout_5m,0,0.015,0.05,0.0,0.3,240,random,0.00047885141251631465,0.047885141251631465,0.3181818181818182,44,-0.0926200362138695,-9.262003621386949,1.2749637795444302,1.0016285309831015,2.9166666666666664e-10,0.04443445603733564,10004.788514125163,0.00047885141251631465
btc_hl_breakout_7m,0,0.03,0.03,0.0,0.3,180,random,0.0436149808956955,4.36149808956955,0.5121951219512195,41,-0.12618184785373032,-12.618184785373032,11.036354758263274,1.1408587467885938,3.0853658536585365e-10,0.3941516778491109,10436.149808956954,0.0436149808956955
btc_small_up_10m,0,0.04,0.02,0.0,0.5,15,random,0.11501525814364731,11.501525814364731,0.6153846153846154,39,-0.1468720789765252,-14.68720789765252,16.972465374030826,1.2519629139702837,2.9230769230769235e-10,0.6363937680670104,11150.152581436472,0.11501525814364731
btc_vol_breakout_10m,0,0.005,0.05,0.0,0.15,60,random,0.0049392897588651525,0.49392897588651524,0.2222222222222222,45,-0.03192624437390368,-3.192624437390368,3.644231053321688,1.051925115353052,1.740740740740741e-10,0.08391815029792608,10049.392897588652,0.0049392897588651525
btc_vol_breakout_2m,0,0.0175,0.015,0.0,0.5,1440,random,0.0330020383660225,3.3002038366022504,0.5522388059701493,67,-0.1074544887687976,-10.74544887687976,7.000781291974432,1.0638984370627431,1.4800995024875621e-10,0.1295113654581517,10330.020383660225,0.0330020383660225
btc_hl_breakout_2m,0,0.0125,0.25,0.0,0.15,240,random,0.05311741043272352,5.311741043272352,0.2,20,-0.04754408847378422,-4.754408847378421,23.797360947258937,1.6906413070360038,7.041666666666667e-10,1.8208248013489428,10531.174104327236,0.05311741043272352
btc_hl_breakout_8m,0,0.01,0.1,0.0,0.4,360,random,0.012463865924156062,1.2463865924156061,0.1956521739130435,46,-0.15284793902152183,-15.284793902152183,3.82724362603728,1.0332119050700401,2.6992753623188405e-10,0.12822977877084524,10124.63865924156,0.012463865924156062
btc_small_up_9m,0,0.08,0.2,0.0,0.15,480,random,0.03661977398476642,3.661977398476642,0.6,5,-0.05990783664124655,-5.990783664124654,15.738255777154098,2.209806619888807,2.853333333333333e-09,4.956915563700928,10366.197739847665,0.03661977398476642
btc_hl_breakout_7m,0,0.0125,0.3,0.0,0.5,480,random,0.21418361711694925,21.418361711694924,0.2,15,-0.1674339796048656,-16.74339796048656,26.36974255482692,2.2280192517427095,9.444444444444444e-10,2.912257928398049,12141.836171169492,0.21418361711694925
btc_vol_breakout_2m,0,0.035,0.04,0.0,0.05,1440,random,0.004164089037647176,0.4164089037647176,0.4857142857142857,35,-0.019766316142359797,-1.9766316142359797,6.300373960650717,1.096989829152623,3.7571428571428576e-10,0.24585898919179425,10041.640890376471,0.004164089037647176
btc_hl_breakout_6m,0,0.0075,0.015,0.0,0.5,480,random,-0.13124051814253945,-13.124051814253946,0.35714285714285715,84,-0.2515138368743336,-25.15138368743336,-21.300089872234473,0.7786015194671202,1.1646825396825397e-10,-0.3088491827891437,8687.594818574606,-0.13124051814253945
btc_small_down_10m,0,0.0175,0.035,0.0,0.2,15,random,0.01323606801582473,1.3236068015824731,0.4,40,-0.04684622186263565,-4.6846221862635655,6.076146197035262,1.0872302016287085,2.4875e-10,0.1848120156417697,10132.360680158246,0.01323606801582473
btc_hl_breakout_8m,0,0.03,0.02,0.0,0.5,120,random,0.13583583818834333,13.583583818834333,0.574468085106383,47,-0.13589170036159637,-13.589170036159636,19.717427871396325,1.2625422813939318,2.453900709219858e-10,0.6053759626513998,11358.358381883434,0.13583583818834333
btc_hl_breakout_2m,0,0.06,0.035,0.0,0.5,720,random,0.19533726692731387,19.53372669273139,0.7037037037037037,27,-0.14785902105972826,-14.785902105972825,25.943494758595154,1.552321977305126,5.04320987654321e-10,1.4201135006296073,11953.37266927314,0.19533726692731387
btc_hl_breakout_7m,0,0.025,0.02,0.0,0.5,45,random,0.19353457674252195,19.353457674252194,0.5849056603773585,53,-0.11591581371311799,-11.591581371311799,26.213845847041217,1.3532063402466352,2.2264150943396227e-10,0.7260883584387083,11935.34576742522,0.19353457674252195
btc_hl_breakout_10m,0,0.01,0.015,0.0,0.3,90,random,0.004813569581032107,0.4813569581032107,0.43037974683544306,79,-0.10265919918421684,-10.265919918421684,2.367426271000801,1.0143018960529806,1.1940928270042195e-10,0.04094627167335681,10048.13569581032,0.004813569581032107
btc_vol_breakout_10m,0,0.0075,0.12,0.0,0.05,480,random,0.00186569095425603,0.18656909542560302,0.125,32,-0.013151839190346237,-1.3151839190346237,3.436917584038351,1.0643780303372274,3.4583333333333333e-10,0.12609236133305515,10018.65690954256,0.00186569095425603
btc_vol_breakout_2m,0,0.06,0.02,0.0,0.1,90,random,0.027061082006861237,2.7061082006861237,0.7428571428571429,35,-0.025104427212571667,-2.5104427212571667,18.99013481586577,1.3921945563918965,3.6238095238095237e-10,0.7783802485527594,10270.610820068612,0.027061082006861237
btc_hl_breakout_6m,0,0.0075,0.06,0.0,0.3,90,random,-0.06196827076629338,-6.196827076629338,0.17307692307692307,52,-0.15381893123744383,-15.381893123744383,-15.087320734935272,0.7927009876133244,2.326923076923077e-10,-0.376906681376907,9380.317292337066,-0.06196827076629338
btc_hl_breakout_3m,0,0.01,0.05,0.0,0.1,60,random,0.00380253681644391,0.380253681644391,0.2765957446808511,47,-0.034941729404846744,-3.4941729404846744,3.3523740613927666,1.0454956860431701,2.5106382978723406e-10,0.09276394109399465,10038.025368164439,0.00380253681644391
btc_hl_breakout_8m,0,0.0125,0.01,0.0,0.3,180,random,0.01925382611433447,1.9253826114334471,0.5357142857142857,84,-0.08698627400219461,-8.698627400219461,5.791694735805419,1.0572846349000542,1.1269841269841269e-10,0.09560588399322269,10192.538261143345,0.01925382611433447
btc_vol_breakout_9m,0,0.03,0.3,0.0,0.4,15,random,0.0872602768426841,8.72602768426841,0.3333333333333333,6,-0.08520342274069825,-8.520342274069826,17.495385431389156,2.1264970440955455,2.3027777777777774e-09,3.839126310642866,10872.602768426841,0.0872602768426841
btc_hl_breakout_1m,0,0.0175,0.02,0.0,0.1,45,random,-0.0038080911841724286,-0.38080911841724285,0.4576271186440678,59,-0.03836687979049469,-3.836687979049469,-2.791477979599882,0.9613322901041835,1.8389830508474577e-10,-0.05732454242603891,9961.919088158276,-0.0038080911841724286
btc_small_up_9m,0,0.005,0.25,0.0,0.15,15,random,0.06436602779152163,6.436602779152163,0.18181818181818182,22,-0.03977282548668282,-3.9772825486682817,26.98695207334855,2.1130681697953886,5.325757575757576e-10,1.9645059253015602,10643.660277915216,0.06436602779152163
btc_vol_breakout_10m,0,0.0075,0.25,0.0,0.4,240,random,0.10482914491546126,10.482914491546126,0.1111111111111111,27,-0.11434996901299255,-11.434996901299254,20.954061901863803,1.4483385301704137,4.049382716049383e-10,1.0779373977601172,11048.291449154613,0.10482914491546126
btc_vol_breakout_9m,0,0.0075,0.015,0.0,0.1,180,random,0.0009312595411828852,0.09312595411828853,0.4074074074074074,54,-0.026440548344231596,-2.6440548344231596,1.232168178800846,1.0135351167192836,1.2160493827160495e-10,0.022693555383028224,10009.31259541183,0.0009312595411828852
btc_vol_breakout_10m,0,0.0125,0.15,0.0,0.5,360,random,0.04870598957199354,4.870598957199354,0.14285714285714285,21,-0.12970918501415396,-12.970918501415396,9.701641014744295,1.1957984285383416,5.357142857142857e-10,0.5971240165577788,10487.059895719936,0.04870598957199354
btc_hl_breakout_8m,0,0.1,0.04,0.0,0.25,60,random,0.0544939951487454,5.44939951487454,0.7,20,-0.09598681353279481,-9.598681353279481,15.170934987138242,1.3344962694926432,6.958333333333334e-10,1.144471289728483,10544.939951487453,0.0544939951487454
btc_small_down_10m,0,0.035,0.03,0.0,0.5,1440,random,0.07627385451646515,7.627385451646515,0.5714285714285714,35,-0.12610130355402682,-12.610130355402681,13.508237215334882,1.1971687910566189,3.0428571428571427e-10,0.48277641290041035,10762.738545164651,0.07627385451646515
btc_hl_breakout_9m,0,0.05,0.015,0.0,0.2,60,random,0.029508167740350973,2.9508167740350975,0.6818181818181818,44,-0.07724354916243326,-7.724354916243326,10.592370204992912,1.1542053780030546,2.9734848484848485e-10,0.36092534775294666,10295.08167740351,0.029508167740350973
btc_hl_breakout_1m,0,0.0175,0.03,0.0,0.4,360,random,0.005824603615245997,0.5824603615245997,0.40384615384615385,52,-0.1452721827019532,-14.52721827019532,2.6286189388209786,1.0141082850172933,2.3653846153846154e-10,0.06565912164620603,10058.24603615246,0.005824603615245997
btc_bullish,0,0.06,0.01,0.0,0.25,90,random,0.06629247219276117,6.629247219276118,0.7884615384615384,52,-0.08629756870244809,-8.629756870244808,18.37857994084382,1.3055496498523755,2.5192307692307694e-10,0.5227602604752347,10662.924721927611,0.06629247219276117
btc_hl_breakout_7m,0,0.08,0.01,0.0,0.05,180,random,0.013448856010027533,1.3448856010027532,0.825,40,-0.014376230237163945,-1.4376230237163945,18.31259081812862,1.423990541367362,3.3374999999999996e-10,0.675340160852547,10134.488560100275,0.013448856010027533
btc_hl_breakout_7m,0,0.02,0.2,0.0,0.25,180,random,0.09463756990956172,9.463756990956172,0.2777777777777778,18,-0.07760942524746128,-7.760942524746128,24.182837444308003,1.6817697871941863,7.842592592592593e-10,2.1547179691181766,10946.375699095617,0.09463756990956172
btc_hl_breakout_1m,0,0.08,0.02,0.0,0.25,360,random,0.08006149565207771,8.006149565207771,0.7666666666666667,30,-0.06850162837858953,-6.850162837858953,22.186744991271645,1.4587335857063004,4.1888888888888887e-10,1.077739905852295,10800.614956520778,0.08006149565207771
btc_vol_breakout_9m,0,0.035,0.01,0.0,0.05,5,random,0.008970299190055812,0.8970299190055813,0.7441860465116279,43,-0.010405205215314073,-1.0405205215314073,17.47288783890304,1.3454239814834439,1.996124031007752e-10,0.4191597252523128,10089.702991900558,0.008970299190055812
btc_hl_breakout_5m,0,0.06,0.04,0.0,0.25,1440,random,0.07516348334127579,7.516348334127579,0.64,25,-0.0882808960646172,-8.82808960646172,20.116543042856595,1.4263259423735386,5.493333333333333e-10,1.2184528878043617,10751.634833412758,0.07516348334127579
btc_vol_breakout_10m,0,0.035,0.04,0.0,0.25,5,random,0.04434219364564074,4.434219364564074,0.5517241379310345,29,-0.07348229949316776,-7.348229949316776,14.847749460580527,1.251106227114857,3.6551724137931034e-10,0.6384742281047955,10443.421936456407,0.04434219364564074
btc_hl_breakout_4m,0,0.08,0.04,0.0,0.5,120,random,0.17283613925452865,17.283613925452865,0.6956521739130435,23,-0.14662834062380992,-14.662834062380991,23.0318215529111,1.4753102055869558,6.152173913043478e-10,1.529827965775649,11728.361392545286,0.17283613925452865
btc_vol_breakout_2m,0,0.01,0.25,0.0,0.5,480,random,0.133811276288279,13.3811276288279,0.17391304347826086,23,-0.16903852368916095,-16.903852368916095,19.34215740299634,1.4325493052088507,6e-10,1.344504057135644,11338.112762882789,0.133811276288279
btc_bullish,0,0.035,0.01,0.0,0.4,90,random,0.13263278083934374,13.263278083934374,0.7142857142857143,63,-0.10205039633770607,-10.205039633770607,22.72865392825412,1.3452875379083717,2.0238095238095238e-10,0.5313048963912541,11326.327808393438,0.13263278083934374
btc_hl_breakout_4m,0,0.01,0.12,0.0,0.2,60,random,0.04674453375803405,4.674453375803405,0.21212121212121213,33,-0.06397163671706008,-6.397163671706007,17.447968061508885,1.3318533355876998,3.919191919191919e-10,0.7443808696127265,10467.44533758034,0.04674453375803405
btc_bullish,0,0.03,0.06,0.0,0.5,60,random,0.1361992728544018,13.61992728544018,0.375,32,-0.1548585581351165,-15.485855813511652,18.920861992555288,1.2851600566182686,4.2760416666666667e-10,0.9189826609559495,11361.992728544017,0.1361992728544018
btc_hl_breakout_3m,0,0.04,0.3,0.0,0.1,720,random,0.04702257424072653,4.702257424072654,0.375,8,-0.03211517027674948,-3.2115170276749483,27.484089973795164,2.363838906509997,1.8125e-09,5.923838062630619,10470.225742407265,0.04702257424072653
btc_hl_breakout_3m,0,0.0175,0.12,0.0,0.3,15,random,0.07912332973283719,7.912332973283719,0.2692307692307692,26,-0.09875574380495444,-9.875574380495443,19.60597936470735,1.3736945250522739,5.07051282051282e-10,1.0769239549509344,10791.233297328372,0.07912332973283719
btc_hl_breakout_4m,0,0.05,0.03,0.0,0.25,90,random,0.057657272183615126,5.765727218361513,0.631578947368421,38,-0.08397227754584158,-8.397227754584158,17.335492302460384,1.248511544374306,3.495614035087719e-10,0.6304293435142404,10576.572721836152,0.057657272183615126
btc_hl_breakout_3m,0,0.06,0.2,0.0,0.5,20,random,0.05478598717830655,5.478598717830655,0.4,10,-0.18084512779755402,-18.0845127797554,9.63577901980532,1.2099605000571025,1.4616666666666667e-09,1.4482592567122876,10547.859871783065,0.05478598717830655
btc_alt_aligned,0,0.04,0.1,0.0,0.5,45,random,0.17769529570431541,17.76952957043154,0.45,20,-0.15038417965949014,-15.038417965949014,23.206056333838568,1.4637854492503342,7.241666666666667e-10,1.8419837416482059,11776.952957043155,0.17769529570431541
btc_hl_breakout_1m,0,0.03,0.04,0.0,0.4,90,random,0.0776613814864605,7.76613814864605,0.5,38,-0.11291084720323619,-11.291084720323619,15.765382067607476,1.2104747821683544,3.535087719298245e-10,0.5480307462851902,10776.613814864606,0.0776613814864605
