pattern,lag,stop_loss,take_profit,trailing_stop,position_size,holding_time,source,total_return,total_return_pct,win_rate,total_trades,max_drawdown,max_drawdown_pct,sharpe_ratio,profit_factor,avg_trade_duration_minutes,avg_trade_return_pct,final_value,risk_adjusted_return
btc_vol_breakout_8m,0,0.025,0.015,0.0,0.15,60,high_frequency,0.027080646796436122,2.7080646796436123,0.6136363636363636,44,-0.026695350419421948,-2.669535041942195,17.160064072006676,1.2894611814451051,2.0265151515151513e-10,0.41611432580604385,10270.806467964361,0.027080646796436122
btc_hl_breakout_3m,0,0.015,0.02,0.0,0.05,90,high_frequency,0.008017677363678644,0.8017677363678644,0.49206349206349204,63,-0.012155393244284496,-1.2155393244284496,12.4702476501632,1.1651465772480105,1.8333333333333332e-10,0.2576043714517527,10080.176773636786,0.008017677363678644
btc_hl_breakout_6m,0,0.0075,0.045,0.0,0.1,30,high_frequency,-0.012106785267938722,-1.2106785267938722,0.2542372881355932,59,-0.04560295007630888,-4.560295007630888,-9.25498747020104,0.8825345049224637,1.977401129943503e-10,-0.19804302381231406,9878.932147320613,-0.012106785267938722
btc_hl_breakout_8m,0,0.03,0.035,0.0,0.1,15,high_frequency,0.019720466959463327,1.9720466959463328,0.48717948717948717,39,-0.03629276825502337,-3.6292768255023367,13.659469015965112,1.2164144380007154,3.2435897435897436e-10,0.5174292973257227,10197.204669594634,0.019720466959463327
btc_hl_breakout_3m,0,0.03,0.05,0.0,0.2,20,high_frequency,0.01806469050525484,1.806469050525484,0.4375,32,-0.07733508606915906,-7.7335086069159065,7.2315563309921576,1.1051405953755762,4.2760416666666667e-10,0.31829549531495266,10180.646905052548,0.01806469050525484
btc_hl_breakout_3m,0,0.0075,0.01,0.0,0.15,15,high_frequency,-0.02246774000809753,-2.246774000809753,0.4606741573033708,89,-0.06277779813867135,-6.277779813867134,-12.40324409344759,0.8570058402716827,9.250936329588015e-11,-0.16339969869774607,9775.322599919025,-0.02246774000809753
btc_vol_breakout_10m,0,0.02,0.05,0.0,0.2,45,high_frequency,0.028083206528787583,2.8083206528787583,0.38461538461538464,26,-0.04163067636549589,-4.163067636549589,13.009717686065382,1.2691851209368834,3.801282051282051e-10,0.558427719732958,10280.832065287876,0.028083206528787583
btc_hl_breakout_4m,0,0.02,0.025,0.0,0.15,45,high_frequency,0.02499108843245133,2.499108843245133,0.5098039215686274,51,-0.039441259895930614,-3.9441259895930614,13.038474646179136,1.1726180939028077,2.441176470588235e-10,0.3383682082481529,10249.910884324514,0.02499108843245133
btc_vol_breakout_8m,0,0.015,0.015,0.0,0.1,45,high_frequency,0.014533839237175243,1.4533839237175243,0.5283018867924528,53,-0.016916252420633215,-1.6916252420633215,14.457811752432873,1.2240726007146732,1.449685534591195e-10,0.27806717592077174,10145.338392371752,0.014533839237175243
btc_vol_breakout_2m,0,0.015,0.03,0.0,0.2,30,high_frequency,0.02705589384886325,2.7055893848863253,0.41818181818181815,55,-0.048632619848692604,-4.86326198486926,11.292514470140913,1.1427143867557668,2.0363636363636365e-10,0.260407393270632,10270.558938488633,0.02705589384886325
btc_hl_breakout_6m,0,0.015,0.01,0.0,0.25,10,high_frequency,-0.047135463470332116,-4.713546347033212,0.55,80,-0.10890089782471934,-10.890089782471934,-15.24108284522689,0.8262170243494442,1.2104166666666668e-10,-0.22862006757760955,9528.64536529668,-0.047135463470332116
btc_vol_breakout_10m,0,0.0175,0.045,0.0,0.25,20,high_frequency,0.02044884341488364,2.044884341488364,0.36363636363636365,33,-0.054684420179228144,-5.468442017922815,8.095554386569281,1.1304519905771144,2.823232323232323e-10,0.2706452504816989,10204.488434148836,0.02044884341488364
btc_alt_aligned,0,0.005,0.06,0.0,0.1,20,high_frequency,0.016595638634303522,1.6595638634303522,0.189873417721519,79,-0.03764729752112239,-3.764729752112239,11.004496845525628,1.1466623599267536,1.6772151898734178e-10,0.2185227009209055,10165.956386343036,0.016595638634303522
btc_hl_breakout_2m,0,0.01,0.045,0.0,0.05,60,high_frequency,0.004506743132426869,0.45067431324268686,0.3090909090909091,55,-0.018326737943514804,-1.8326737943514804,7.054433899064201,1.100076245939063,2.1484848484848485e-10,0.16830220098199755,10045.067431324269,0.004506743132426869
btc_vol_breakout_8m,0,0.025,0.06,0.0,0.1,30,high_frequency,0.018687123703411704,1.8687123703411703,0.36363636363636365,22,-0.02091916262340776,-2.091916262340776,16.05918313913734,1.3660335178789669,4.954545454545454e-10,0.8626476325535626,10186.871237034116,0.018687123703411704
btc_hl_breakout_9m,0,0.0175,0.035,0.0,0.05,30,high_frequency,0.004489114003224569,0.4489114003224569,0.37254901960784315,51,-0.022684466094533118,-2.268446609453312,6.43731636830903,1.0861747201231635,2.4183006535947714e-10,0.18202389733384022,10044.891140032245,0.004489114003224569
btc_vol_breakout_2m,0,0.0125,0.04,0.0,0.25,90,high_frequency,0.019709245134119282,1.9709245134119282,0.36,50,-0.07352856186661605,-7.3528561866616045,6.954654571790005,1.0858807161668542,2.4533333333333337e-10,0.18021971455715607,10197.092451341192,0.019709245134119282
btc_alt_aligned,0,0.0075,0.02,0.0,0.2,60,high_frequency,0.0068471178469497315,0.6847117846949732,0.36893203883495146,103,-0.07144057110748203,-7.144057110748204,3.1414016333555193,1.0235172263564998,1.2540453074433655e-10,0.046574585288847704,10068.471178469497,0.0068471178469497315
btc_hl_breakout_5m,0,0.025,0.03,0.0,0.1,15,high_frequency,0.014667182313848434,1.4667182313848435,0.5106382978723404,47,-0.03117649655375221,-3.117649655375221,11.181104823785086,1.1526861163791047,2.6773049645390067e-10,0.3216786976769082,10146.671823138484,0.014667182313848434
btc_hl_breakout_6m,0,0.025,0.035,0.0,0.25,15,high_frequency,0.03387981909618106,3.387981909618106,0.4634146341463415,41,-0.0725994048784333,-7.2599404878433305,10.978960715525147,1.1480958040768088,3.130081300813008e-10,0.3570234985027162,10338.79819096181,0.03387981909618106
btc_vol_breakout_8m,0,0.02,0.01,0.0,0.25,5,high_frequency,0.021248790885151813,2.1248790885151814,0.6296296296296297,54,-0.06026899312471623,-6.026899312471623,9.033781547759785,1.1290239064723542,1.404320987654321e-10,0.1692495046640241,10212.487908851519,0.021248790885151813
btc_small_up_9m,0,0.0175,0.01,0.0,0.15,20,high_frequency,0.002725205885542209,0.2725205885542209,0.576271186440678,59,-0.03688941096028897,-3.688941096028897,2.1282053847061824,1.0236035634980403,1.4209039548022599e-10,0.04008991288502338,10027.252058855422,0.002725205885542209
btc_hl_breakout_1m,0,0.01,0.025,0.0,0.2,15,high_frequency,0.007976279910314202,0.7976279910314201,0.36363636363636365,66,-0.06759665440503182,-6.759665440503182,3.858668866020566,1.0379914819103533,1.6565656565656567e-10,0.07495685714438008,10079.762799103142,0.007976279910314202
btc_vol_breakout_8m,0,0.0175,0.03,0.0,0.05,90,high_frequency,0.006552611550859859,0.6552611550859859,0.42105263157894735,38,-0.012124215943744243,-1.2124215943744243,12.224202573910977,1.1982100803675197,2.644736842105263e-10,0.3487662291468458,10065.5261155086,0.006552611550859859
btc_vol_breakout_8m,0,0.015,0.03,0.0,0.1,20,high_frequency,0.026391823281576385,2.6391823281576388,0.43902439024390244,41,-0.017956210630966196,-1.7956210630966196,24.39519837644577,1.4243637604632597,2.3373983739837395e-10,0.6446010902141033,10263.918232815764,0.026391823281576385
btc_hl_breakout_6m,0,0.005,0.015,0.0,0.2,15,high_frequency,-0.020568385873987974,-2.0568385873987975,0.3125,96,-0.10192121143598609,-10.192121143598609,-6.9268740402992615,0.9128586781610117,9.6875e-11,-0.09699478290948754,9794.31614126012,-0.020568385873987974
btc_hl_breakout_4m,0,0.025,0.04,0.0,0.15,45,high_frequency,0.0555722476708145,5.55722476708145,0.525,40,-0.033068616347539215,-3.3068616347539215,27.033274790811394,1.4621301350523759,3.3374999999999996e-10,0.9221262169516955,10555.722476708144,0.0555722476708145
btc_vol_breakout_2m,0,0.035,0.025,0.0,0.25,20,high_frequency,0.047066818939202,4.7066818939202,0.6052631578947368,38,-0.06151727610080049,-6.151727610080049,14.895233957309488,1.2393304746535512,3.434210526315789e-10,0.5147702895550215,10470.66818939202,0.047066818939202
btc_hl_breakout_3m,0,0.02,0.05,0.0,0.2,90,high_frequency,0.019531814124359198,1.95318141243592,0.3783783783783784,37,-0.0664540998060571,-6.645409980605709,7.80050624913242,1.1146298551665734,3.5045045045045046e-10,0.2924991864393663,10195.318141243592,0.019531814124359198
btc_vol_breakout_8m,0,0.025,0.035,0.0,0.2,15,high_frequency,0.041422217823572416,4.142221782357241,0.5151515151515151,33,-0.055053407897568185,-5.5053407897568185,17.161110163354234,1.303206482243139,3.2626262626262625e-10,0.64171170467615,10414.222178235725,0.041422217823572416
btc_small_down_10m,0,0.01,0.06,0.0,0.25,60,high_frequency,0.022621792610416105,2.2621792610416103,0.2391304347826087,46,-0.06942423935142283,-6.942423935142283,7.730046399799403,1.1125000473525513,2.1884057971014492e-10,0.2221704304355424,10226.21792610416,0.022621792610416105
btc_hl_breakout_2m,0,0.02,0.04,0.0,0.1,90,high_frequency,0.026407362935624294,2.6407362935624294,0.45454545454545453,44,-0.026886022967166245,-2.6886022967166245,19.575163367068363,1.3056843167594905,2.9166666666666664e-10,0.6052792483501443,10264.073629356242,0.026407362935624294
btc_hl_breakout_8m,0,0.0125,0.02,0.0,0.25,45,high_frequency,0.027665715683485085,2.7665715683485086,0.43283582089552236,67,-0.08670684320273525,-8.670684320273525,8.753356051512679,1.1000321999430802,1.5920398009950246e-10,0.1842899572648456,10276.657156834852,0.027665715683485085
btc_vol_breakout_9m,0,0.025,0.05,0.0,0.15,90,high_frequency,0.03263282017650529,3.263282017650529,0.43478260869565216,23,-0.031230048363349527,-3.1230048363349527,19.099817901126315,1.4512424713824166,4.862318840579711e-10,0.9575145041351185,10326.328201765053,0.03263282017650529
btc_hl_breakout_7m,0,0.005,0.06,0.0,0.1,30,high_frequency,0.002594721650609472,0.2594721650609472,0.18032786885245902,61,-0.05266251630241314,-5.266251630241314,2.203888378293608,1.0263871419066006,1.855191256830601e-10,0.05396283563704703,10025.947216506094,0.002594721650609472
btc_vol_breakout_2m,0,0.025,0.06,0.0,0.05,60,high_frequency,0.01012680351211556,1.012680351211556,0.37142857142857144,35,-0.015918609262812966,-1.5918609262812966,14.461215543703045,1.2352079702800105,3.7952380952380956e-10,0.5863602120233622,10101.268035121155,0.01012680351211556
btc_vol_breakout_8m,0,0.03,0.035,0.0,0.05,5,high_frequency,0.008781159186620988,0.8781159186620988,0.53125,32,-0.014572638738394428,-1.4572638738394428,14.221770625747503,1.2552302875282817,3.484375e-10,0.5539973514382244,10087.81159186621,0.008781159186620988
btc_vol_breakout_9m,0,0.015,0.01,0.0,0.05,5,high_frequency,0.007213237221054732,0.7213237221054731,0.6226415094339622,53,-0.007496120387256111,-0.7496120387256111,15.074827266587704,1.269981109125272,1.2264150943396225e-10,0.2738858639698058,10072.132372210548,0.007213237221054732
btc_small_up_9m,0,0.02,0.01,0.0,0.05,10,high_frequency,0.010984161735090254,1.0984161735090254,0.6379310344827587,58,-0.00784884099505001,-0.784884099505001,18.836994813967596,1.317677271235026,1.5e-10,0.380390038960346,10109.841617350903,0.010984161735090254
btc_hl_breakout_8m,0,0.02,0.06,0.0,0.25,5,high_frequency,0.04908116965864633,4.908116965864633,0.32432432432432434,37,-0.08475934205285018,-8.475934205285018,13.66030074354685,1.206922109274516,3.594594594594595e-10,0.5708971773758295,10490.811696586463,0.04908116965864633
btc_hl_breakout_3m,0,0.025,0.04,0.0,0.15,5,high_frequency,0.04940251196112222,4.9402511961122215,0.5263157894736842,38,-0.04207732360799443,-4.207732360799444,24.410771245775035,1.4177199550525947,3.4605263157894737e-10,0.867501031504523,10494.025119611222,0.04940251196112222
btc_small_down_10m,0,0.0125,0.05,0.0,0.05,45,high_frequency,0.0054232096026035495,0.5423209602603549,0.325,40,-0.010095127474595511,-1.009512747459551,8.666643312522357,1.1507428225744776,2.6958333333333336e-10,0.2759481703309344,10054.232096026035,0.0054232096026035495
btc_hl_breakout_2m,0,0.015,0.015,0.0,0.25,20,high_frequency,0.0201714281705702,2.01714281705702,0.547945205479452,73,-0.05958697437965654,-5.958697437965654,7.364190616885673,1.0760807995674029,1.415525114155251e-10,0.12567835564112037,10201.714281705703,0.0201714281705702
btc_vol_breakout_10m,0,0.0075,0.06,0.0,0.15,20,high_frequency,-0.011750865692421099,-1.17508656924211,0.1891891891891892,37,-0.04595957073244894,-4.595957073244894,-7.011879438852178,0.8780919697565414,2.5045045045045044e-10,-0.19969071156118295,9882.49134307579,-0.011750865692421099
btc_vol_breakout_10m,0,0.02,0.01,0.0,0.05,10,high_frequency,0.004717369310074088,0.47173693100740877,0.6326530612244898,49,-0.011477054001469145,-1.1477054001469145,9.607436823916279,1.1602040298163971,1.4285714285714285e-10,0.1951609537811537,10047.173693100742,0.004717369310074088
btc_hl_breakout_3m,0,0.035,0.06,0.0,0.1,20,high_frequency,0.02567389214556365,2.567389214556365,0.48148148148148145,27,-0.034199699515135684,-3.4199699515135684,18.50769619230649,1.3458415279789009,5.074074074074074e-10,0.9648088058105424,10256.738921455637,0.02567389214556365
btc_alt_aligned,0,0.0075,0.045,0.0,0.05,45,high_frequency,0.00588066494926681,0.588066494926681,0.2597402597402597,77,-0.019734710866958105,-1.9734710866958105,7.792259488476149,1.0990049653725225,1.7424242424242424e-10,0.1569045867905172,10058.806649492668,0.00588066494926681
btc_small_up_9m,0,0.03,0.06,0.0,0.2,45,high_frequency,0.008745891879306283,0.8745891879306282,0.34615384615384615,26,-0.061000623376557095,-6.100062337655709,4.139659206545957,1.059603654880267,4.666666666666667e-10,0.21129857260142101,10087.458918793063,0.008745891879306283
btc_hl_breakout_10m,0,0.025,0.045,0.0,0.15,5,high_frequency,0.03972893502344894,3.9728935023448937,0.4594594594594595,37,-0.045552331271092594,-4.555233127109259,17.92266563754255,1.3089380430351942,3.4414414414414416e-10,0.72785442927715,10397.289350234489,0.03972893502344894
btc_hl_breakout_4m,0,0.015,0.035,0.0,0.15,45,high_frequency,0.04328178628606102,4.328178628606102,0.43137254901960786,51,-0.03816740211439562,-3.816740211439562,21.938448403672627,1.3207465025184406,2.2810457516339868e-10,0.5700267272101252,10432.817862860611,0.04328178628606102
btc_alt_aligned,0,0.03,0.04,0.0,0.05,20,high_frequency,0.011611607904188014,1.1611607904188015,0.47619047619047616,42,-0.017947791165953686,-1.7947791165953686,15.054782600012453,1.2378053054326672,3.333333333333333e-10,0.5584989104976974,10116.11607904188,0.011611607904188014
btc_vol_breakout_10m,0,0.0125,0.02,0.0,0.1,20,high_frequency,0.012763653684122345,1.2763653684122345,0.45454545454545453,44,-0.024015425579250405,-2.4015425579250405,12.90483119054756,1.2028829032990656,1.6477272727272728e-10,0.2954123590778797,10127.636536841223,0.012763653684122345
btc_hl_breakout_8m,0,0.0125,0.05,0.0,0.15,45,high_frequency,0.02186734200380031,2.1867342003800307,0.2978723404255319,47,-0.05396765838065687,-5.396765838065686,10.444586368861831,1.1538497291784247,2.631205673758865e-10,0.3294880694324149,10218.673420038003,0.02186734200380031
btc_hl_breakout_10m,0,0.03,0.02,0.0,0.2,45,high_frequency,0.06206083993234797,6.206083993234797,0.5918367346938775,49,-0.05300166606683976,-5.300166606683976,21.574270800768037,1.3325376622460219,2.5068027210884354e-10,0.6395619164125846,10620.608399323479,0.06206083993234797
btc_bullish,0,0.005,0.03,0.0,0.1,5,high_frequency,0.027569033004181655,2.7569033004181653,0.2872340425531915,94,-0.026394959975402754,-2.6394959975402754,19.71539845273024,1.2433015692021991,1.2340425531914894e-10,0.29603932960278756,10275.690330041816,0.027569033004181655
btc_hl_breakout_2m,0,0.0175,0.045,0.0,0.15,10,high_frequency,-0.014667465273959466,-1.4667465273959466,0.3181818181818182,44,-0.06855536141853147,-6.855536141853147,-7.10336201599529,0.8986979695339331,2.8295454545454544e-10,-0.2073295189834205,9853.325347260405,-0.014667465273959466
btc_alt_aligned,0,0.03,0.035,0.0,0.05,20,high_frequency,0.008242403674520903,0.8242403674520903,0.4772727272727273,44,-0.01913169707333895,-1.913169707333895,10.811376802460865,1.1578048077146692,3.1780303030303026e-10,0.3816499415485783,10082.42403674521,0.008242403674520903
btc_hl_breakout_5m,0,0.015,0.05,0.0,0.1,10,high_frequency,0.001352461006982719,0.1352461006982719,0.3181818181818182,44,-0.03111317054998286,-3.111317054998286,1.4151521284525466,1.01423232059999,2.9166666666666664e-10,0.04443445603733358,10013.524610069828,0.001352461006982719
btc_hl_breakout_3m,0,0.005,0.01,0.0,0.05,15,high_frequency,-0.01568318527692251,-1.568318527692251,0.3958333333333333,96,-0.025965376432042886,-2.5965376432042886,-31.221047077411555,0.6921690667135354,8.038194444444445e-11,-0.3280872964866651,9843.168147230776,-0.01568318527692251
btc_small_down_10m,0,0.01,0.04,0.0,0.05,5,high_frequency,0.0016442355821985758,0.16442355821985757,0.28,50,-0.011210906125133091,-1.121090612513309,2.790590023630265,1.0422811185536316,1.9899999999999998e-10,0.06977905787435881,10016.442355821986,0.0016442355821985758
btc_hl_breakout_8m,0,0.03,0.06,0.0,0.05,30,high_frequency,0.009023365353773209,0.9023365353773208,0.375,32,-0.020909271790314543,-2.0909271790314543,11.886805664360658,1.1979195687991944,4.3072916666666665e-10,0.5748656821525252,10090.233653537733,0.009023365353773209
btc_hl_breakout_9m,0,0.0075,0.02,0.0,0.2,30,high_frequency,0.0021849534556238268,0.21849534556238268,0.3670886075949367,79,-0.09332150039797904,-9.332150039797904,1.5983886735637778,1.0091438496073428,1.2426160337552743e-10,0.028647504558601017,10021.849534556239,0.0021849534556238268
btc_vol_breakout_10m,0,0.03,0.025,0.0,0.05,30,high_frequency,0.0147784739363095,1.47784739363095,0.59375,32,-0.008220890964951932,-0.8220890964951932,27.044236725065637,1.5480048666150483,2.9375e-10,0.9234085116921442,10147.784739363095,0.0147784739363095
btc_small_up_9m,0,0.03,0.025,0.0,0.2,5,high_frequency,0.030408474199497233,3.0408474199497233,0.5555555555555556,36,-0.04030692889278409,-4.030692889278409,13.09760643940132,1.2108657567430747,2.907407407407407e-10,0.43979573645632314,10304.084741994971,0.030408474199497233
btc_bullish,0,0.005,0.03,0.0,0.2,90,high_frequency,0.054633889555822567,5.463388955582257,0.2872340425531915,94,-0.05235370923191951,-5.235370923191951,19.705774036431762,1.232190208065418,1.2340425531914894e-10,0.2960393296027886,10546.338895558225,0.054633889555822567
btc_hl_breakout_1m,0,0.005,0.015,0.0,0.15,90,high_frequency,-0.02343100914247866,-2.343100914247866,0.33707865168539325,89,-0.06152319801312722,-6.152319801312722,-12.97023661510332,0.8519604133368451,9.662921348314606e-11,-0.17092103506832831,9765.689908575214,-0.02343100914247866
btc_hl_breakout_8m,0,0.0175,0.035,0.0,0.25,90,high_frequency,0.027376187845384994,2.7376187845384994,0.38,50,-0.0881437435787068,-8.81437435787068,8.456384163395704,1.1006754944880062,2.4833333333333335e-10,0.24843204377981923,10273.76187845385,0.027376187845384994
btc_vol_breakout_3m,0,0.0175,0.05,0.0,0.1,10,high_frequency,0.004093875061681149,0.4093875061681149,0.3333333333333333,36,-0.03351314357572366,-3.351314357572366,3.5116002838125775,1.0501613587646919,3.1666666666666666e-10,0.1289008232279668,10040.938750616811,0.004093875061681149
btc_hl_breakout_7m,0,0.025,0.03,0.0,0.05,5,high_frequency,0.016625242390655638,1.662524239065564,0.5111111111111111,45,-0.013805291087370053,-1.3805291087370053,22.241264201598753,1.369251283696548,2.8629629629629627e-10,0.7408988562268596,10166.252423906557,0.016625242390655638
btc_small_up_9m,0,0.0175,0.015,0.0,0.15,30,high_frequency,-0.0005614209283908167,-0.05614209283908167,0.49056603773584906,53,-0.03861892220177465,-3.8618922201774653,0.17491415622273998,0.9955040655541922,1.6446540880503144e-10,0.004126411518017279,9994.385790716093,-0.0005614209283908167
btc_alt_aligned,0,0.03,0.045,0.0,0.15,90,high_frequency,0.037911967696532746,3.7911967696532747,0.4634146341463415,41,-0.051141263269256276,-5.114126326925628,16.602909283306182,1.243822593232826,3.4308943089430895e-10,0.6324256383634714,10379.119676965327,0.037911967696532746
btc_small_up_9m,0,0.035,0.05,0.0,0.25,10,high_frequency,0.07648040007431023,7.648040007431023,0.5384615384615384,26,-0.06547303292378948,-6.547303292378947,23.33894844066387,1.4909977332764104,4.4294871794871796e-10,1.1849227889589837,10764.804000743103,0.07648040007431023
btc_small_down_10m,0,0.025,0.015,0.0,0.2,20,high_frequency,0.046754950772517054,4.675495077251705,0.6086956521739131,46,-0.043540831700123905,-4.354083170012391,19.43762469172498,1.3187335866689485,1.8623188405797103e-10,0.5146936682582871,10467.54950772517,0.046754950772517054
btc_hl_breakout_1m,0,0.0175,0.025,0.0,0.1,45,high_frequency,-0.0020308038017815763,-0.20308038017815763,0.41509433962264153,53,-0.04080648757803762,-4.080648757803762,-1.2907720379942578,0.9789530473433029,2.220125786163522e-10,-0.02962204291395632,9979.691961982184,-0.0020308038017815763
btc_alt_aligned,0,0.005,0.06,0.0,0.05,30,high_frequency,0.008461444298025362,0.8461444298025361,0.189873417721519,79,-0.018898536736809968,-1.8898536736809968,11.019198868433731,1.1521290382797773,1.6772151898734178e-10,0.21852270092090537,10084.614442980253,0.008461444298025362
btc_bullish,0,0.02,0.06,0.0,0.25,90,high_frequency,0.07195309268245564,7.195309268245564,0.35135135135135137,37,-0.0683846348959094,-6.83846348959094,19.28196152819743,1.3054298720257935,3.612612612612613e-10,0.805863085407252,10719.530926824556,0.07195309268245564
btc_hl_breakout_4m,0,0.025,0.03,0.0,0.25,30,high_frequency,0.07579169613662612,7.579169613662612,0.5555555555555556,45,-0.050793482599774675,-5.0793482599774675,22.482533202412313,1.3305134060892034,2.9e-10,0.6803424502357258,10757.916961366262,0.07579169613662612
btc_vol_breakout_9m,0,0.0125,0.01,0.0,0.25,15,high_frequency,0.006894157727629636,0.6894157727629636,0.5660377358490566,53,-0.0527641211755524,-5.276412117555241,3.593516586001862,1.0455072095741957,1.1572327044025158e-10,0.06366225174081698,10068.941577276297,0.006894157727629636
btc_alt_aligned,0,0.0125,0.02,0.0,0.25,5,high_frequency,0.033990631021629227,3.3990631021629225,0.43023255813953487,86,-0.08009616786598428,-8.009616786598428,9.92526728146231,1.1001160945412414,1.5387596899224806e-10,0.17497837502504177,10339.906310216293,0.033990631021629227
btc_small_down_10m,0,0.02,0.035,0.0,0.2,5,high_frequency,0.02423883146561261,2.423883146561261,0.4473684210526316,38,-0.04647286911882209,-4.647286911882209,10.380631506159858,1.1653458381486281,2.5964912280701754e-10,0.3369555010462427,10242.388314656126,0.02423883146561261
btc_vol_breakout_10m,0,0.035,0.04,0.0,0.2,20,high_frequency,0.03579146962579118,3.5791469625791184,0.5517241379310345,29,-0.05911900617433252,-5.911900617433252,14.84644042145767,1.256426315649126,3.6551724137931034e-10,0.6384742281047967,10357.914696257913,0.03579146962579118
btc_vol_breakout_10m,0,0.0075,0.03,0.0,0.1,10,high_frequency,-0.0003257871338174482,-0.03257871338174482,0.30952380952380953,42,-0.031971399438859516,-3.1971399438859516,-0.05135532604262049,0.9948968653497853,1.9246031746031745e-10,-0.0009030693700353922,9996.742128661826,-0.0003257871338174482
btc_small_up_9m,0,0.015,0.03,0.0,0.15,10,high_frequency,0.01856692446365464,1.8566924463654642,0.4,45,-0.03720141868824545,-3.7201418688245447,10.777462685351427,1.1636954592273772,2.1444444444444444e-10,0.2859971204045314,10185.669244636547,0.01856692446365464
btc_hl_breakout_8m,0,0.03,0.035,0.0,0.1,90,high_frequency,0.019720466959463327,1.9720466959463328,0.48717948717948717,39,-0.03629276825502337,-3.6292768255023367,13.659469015965112,1.2164144380007154,3.2435897435897436e-10,0.5174292973257227,10197.204669594634,0.019720466959463327
btc_hl_breakout_10m,0,0.01,0.025,0.0,0.1,10,high_frequency,0.003029985815372936,0.3029985815372936,0.3484848484848485,66,-0.03727522932978,-3.727522932978,2.6325204229847152,1.0290475844869442,1.585858585858586e-10,0.05444428813181426,10030.299858153729,0.003029985815372936
btc_vol_breakout_10m,0,0.03,0.04,0.0,0.05,30,high_frequency,0.010455273330284046,1.0455273330284045,0.5517241379310345,29,-0.014572638738392985,-1.4572638738392985,16.95280811177813,1.3230504048467202,3.5459770114942525e-10,0.7257574718224173,10104.55273330284,0.010455273330284046
btc_hl_breakout_8m,0,0.0175,0.025,0.0,0.2,10,high_frequency,0.01405406096468746,1.405406096468746,0.41818181818181815,55,-0.07826047327553587,-7.826047327553587,5.695824176612634,1.0631483623114364,2.1727272727272728e-10,0.14967593792671885,10140.540609646874,0.01405406096468746
btc_vol_breakout_2m,0,0.035,0.01,0.0,0.15,15,high_frequency,0.05453239083456952,5.4532390834569515,0.7586206896551724,58,-0.02336582990734304,-2.336582990734304,30.96059160973799,1.5760487396277865,1.853448275862069e-10,0.6195920778514188,10545.323908345696,0.05453239083456952
btc_hl_breakout_4m,0,0.03,0.04,0.0,0.15,20,high_frequency,0.04572029483895633,4.572029483895633,0.5384615384615384,39,-0.0420441826731669,-4.20441826731669,22.330601806967053,1.363048292437919,3.487179487179487e-10,0.7857959752279243,10457.202948389564,0.04572029483895633
btc_small_down_10m,0,0.0075,0.01,0.0,0.2,5,high_frequency,0.03546743431968621,3.5467434319686206,0.4473684210526316,76,-0.040757978388030414,-4.075797838803041,17.148983739378437,1.2178540675392835,7.894736842105263e-11,0.23855475391882874,10354.674343196863,0.03546743431968621
btc_hl_breakout_9m,0,0.015,0.025,0.0,0.1,90,high_frequency,0.022018659546294145,2.2018659546294144,0.45,60,-0.03424631798613975,-3.424631798613975,15.79825848279268,1.2140891018157014,1.872222222222222e-10,0.37318364335957155,10220.186595462941,0.022018659546294145
btc_hl_breakout_8m,0,0.005,0.015,0.0,0.2,20,high_frequency,-0.014609609890064303,-1.4609609890064303,0.3118279569892473,93,-0.10347978823053927,-10.347978823053927,-4.672622602303962,0.9371648205701718,9.49820788530466e-11,-0.06745699151062905,9853.903901099357,-0.014609609890064303
btc_hl_breakout_1m,0,0.0125,0.045,0.0,0.25,90,high_frequency,0.013258540711560681,1.325854071156068,0.3137254901960784,51,-0.08827109670217859,-8.827109670217858,4.96914384587572,1.0534514322745576,2.38562091503268e-10,0.12986775614340704,10132.585407115606,0.013258540711560681
btc_hl_breakout_2m,0,0.0075,0.04,0.0,0.15,15,high_frequency,0.003604488144664151,0.36044881446641514,0.296875,64,-0.05688201469989285,-5.688201469989284,2.442647313564873,1.0234808992308744,1.8307291666666668e-10,0.04968954416033934,10036.044881446642,0.003604488144664151
btc_vol_breakout_3m,0,0.025,0.025,0.0,0.2,15,high_frequency,0.044615049174864384,4.4615049174864385,0.5609756097560976,41,-0.04998913180784581,-4.998913180784581,17.44122383513639,1.2807118961328516,2.845528455284553e-10,0.5556061541321553,10446.150491748644,0.044615049174864384
btc_vol_breakout_2m,0,0.0125,0.02,0.0,0.2,20,high_frequency,0.011438100196872211,1.1438100196872212,0.4507042253521127,71,-0.055666469380263206,-5.56664693802632,5.2353695225514,1.053382939629226,1.591549295774648e-10,0.09336711911757982,10114.381001968723,0.011438100196872211
btc_vol_breakout_3m,0,0.025,0.05,0.0,0.05,45,high_frequency,0.007433816384919163,0.7433816384919163,0.41935483870967744,31,-0.018794136580425724,-1.8794136580425724,11.124788527845029,1.2001125049159354,3.9301075268817207e-10,0.48745086979458935,10074.338163849192,0.007433816384919163
btc_hl_breakout_5m,0,0.01,0.01,0.0,0.05,60,high_frequency,0.003145214316229652,0.3145214316229652,0.5454545454545454,88,-0.017122730711380152,-1.7122730711380152,5.230137236040951,1.0622869478275008,1.0208333333333333e-10,0.07405257146671257,10031.452143162296,0.003145214316229652
btc_vol_breakout_9m,0,0.025,0.015,0.0,0.1,45,high_frequency,0.021985109906327467,2.1985109906327467,0.6341463414634146,41,-0.017852936774963246,-1.7852936774963246,20.90389430368654,1.3971115356205044,2.0243902439024392e-10,0.5383875503534984,10219.851099063275,0.021985109906327467
btc_vol_breakout_8m,0,0.03,0.01,0.0,0.2,15,high_frequency,0.03615621886117606,3.615621886117606,0.7083333333333334,48,-0.046753520995525544,-4.675352099552555,17.566694553478325,1.3041583581991067,1.8368055555555556e-10,0.382836790974654,10361.56218861176,0.03615621886117606
btc_hl_breakout_3m,0,0.0175,0.05,0.0,0.15,10,high_frequency,-0.0018438811670250517,-0.18438811670250516,0.3333333333333333,39,-0.05043186811911404,-5.043186811911404,-0.33277844908315857,0.9864233210194148,3.2136752136752137e-10,-0.009570665107778773,9981.56118832975,-0.0018438811670250517
btc_bullish,0,0.03,0.025,0.0,0.05,20,high_frequency,0.013535664705230096,1.3535664705230095,0.5555555555555556,45,-0.014210231744066215,-1.4210231744066215,18.109982170051342,1.2933977764701365,2.9555555555555555e-10,0.6054611366989395,10135.3566470523,0.013535664705230096
btc_hl_breakout_3m,0,0.0075,0.04,0.0,0.2,60,high_frequency,0.0004067445320182287,0.04067445320182287,0.3064516129032258,62,-0.0684200499587142,-6.84200499587142,0.9036153933157336,1.0020464728105736,1.8279569892473118e-10,0.01909035832053375,10004.067445320183,0.0004067445320182287
btc_vol_breakout_10m,0,0.035,0.03,0.0,0.15,45,high_frequency,0.03532704342246157,3.5327043422461566,0.5862068965517241,29,-0.02981650365132904,-2.981650365132904,21.087750842349163,1.3911495645100562,3.35632183908046e-10,0.8188871924538019,10353.270434224616,0.03532704342246157
btc_small_down_10m,0,0.015,0.04,0.0,0.05,15,high_frequency,0.007568746685692599,0.7568746685692599,0.34210526315789475,38,-0.009955873455899322,-0.9955873455899322,13.172290884875505,1.2350651104728125,2.793859649122807e-10,0.4020588162057066,10075.687466856925,0.007568746685692599
btc_hl_breakout_4m,0,0.02,0.03,0.0,0.2,20,high_frequency,0.047229883266292676,4.722988326629268,0.4897959183673469,49,-0.04433139739079961,-4.4331397390799605,18.04756749455829,1.2483998925501314,2.54421768707483e-10,0.4931721276562508,10472.298832662927,0.047229883266292676
btc_hl_breakout_10m,0,0.03,0.03,0.0,0.05,20,high_frequency,0.012989449454188656,1.2989449454188655,0.55,40,-0.015998977663967517,-1.5998977663967517,17.646468979336472,1.2956766173391443,3.1458333333333336e-10,0.6539595248296087,10129.894494541886,0.012989449454188656
btc_bullish,0,0.01,0.045,0.0,0.15,30,high_frequency,0.03502801179281121,3.502801179281121,0.31746031746031744,63,-0.042336030830157245,-4.2336030830157245,15.935253176421833,1.222241449509772,1.986772486772487e-10,0.3800246180041482,10350.280117928112,0.03502801179281121
btc_hl_breakout_3m,0,0.0175,0.035,0.0,0.1,20,high_frequency,0.004458891875963525,0.44588918759635254,0.3958333333333333,48,-0.03236051458417988,-3.236051458417988,3.772302926409781,1.045769277774521,2.579861111111111e-10,0.10356739633242423,10044.588918759635,0.004458891875963525
btc_alt_aligned,0,0.015,0.05,0.0,0.15,90,high_frequency,0.03660151115570623,3.660151115570623,0.3269230769230769,52,-0.04608579599752016,-4.608579599752016,16.110789291507214,1.2343973803331356,2.66025641025641e-10,0.4829508087245733,10366.015111557062,0.03660151115570623
btc_hl_breakout_1m,0,0.02,0.03,0.0,0.05,60,high_frequency,0.009088886188010951,0.9088886188010952,0.46808510638297873,47,-0.013964915223167895,-1.3964915223167895,13.757861526789748,1.2022764884631236,2.6879432624113477e-10,0.3910073354882213,10090.88886188011,0.009088886188010951
btc_hl_breakout_5m,0,0.015,0.02,0.0,0.2,15,high_frequency,-0.0034472934794768434,-0.34472934794768434,0.453125,64,-0.06728201951437374,-6.728201951437374,-0.644690089227563,0.9836084626576184,1.7239583333333333e-10,-0.01260698195836939,9965.527065205231,-0.0034472934794768434
btc_vol_breakout_2m,0,0.02,0.03,0.0,0.1,30,high_frequency,0.015130733588391706,1.5130733588391705,0.48936170212765956,47,-0.02634441959450906,-2.634441959450906,11.887201690504083,1.1703972594872234,2.652482269503546e-10,0.3301175121202491,10151.307335883917,0.015130733588391706
btc_hl_breakout_5m,0,0.0075,0.06,0.0,0.05,15,high_frequency,-0.0022451944155658793,-0.22451944155658793,0.22641509433962265,53,-0.022184119470494257,-2.2184119470494257,-3.122464762299435,0.9557864725752768,2.39937106918239e-10,-0.07873666247412943,9977.548055844341,-0.0022451944155658793
btc_small_up_10m,0,0.015,0.05,0.0,0.2,45,high_frequency,0.03932736382781543,3.932736382781543,0.3111111111111111,45,-0.07696355899983809,-7.696355899983809,14.228765706667204,1.2204545590860012,2.2222222222222224e-10,0.4579629482889816,10393.273638278155,0.03932736382781543
btc_small_down_10m,0,0.025,0.04,0.0,0.2,90,high_frequency,0.027633079777195757,2.7633079777195757,0.4375,32,-0.04670735735811582,-4.670735735811582,11.287950637181886,1.1993169057030348,3.5208333333333333e-10,0.453134137068484,10276.330797771958,0.027633079777195757
btc_hl_breakout_2m,0,0.005,0.02,0.0,0.25,90,high_frequency,-0.02389121871755433,-2.389121871755433,0.3132530120481928,83,-0.10909140701735265,-10.909140701735264,-7.274403870904891,0.909345256030347,1.0863453815261044e-10,-0.10380749437892012,9761.087812824457,-0.02389121871755433
btc_vol_breakout_10m,0,0.0175,0.02,0.0,0.15,30,high_frequency,0.023384454223290004,2.3384454223290003,0.5121951219512195,41,-0.03177571908882415,-3.177571908882415,15.350721808834312,1.2424176872105508,1.821138211382114e-10,0.3880890909208469,10233.8445422329,0.023384454223290004
btc_small_up_9m,0,0.01,0.05,0.0,0.05,30,high_frequency,0.0050709343341442835,0.5070934334144284,0.2857142857142857,42,-0.0155940521607848,-1.55940521607848,8.30204559632138,1.1420059588270859,2.2341269841269843e-10,0.24683275039886504,10050.709343341443,0.0050709343341442835
btc_hl_breakout_6m,0,0.005,0.04,0.0,0.05,60,high_frequency,0.0028625439540688547,0.28625439540688546,0.23943661971830985,71,-0.02523112338915745,-2.523112338915745,4.324544680669414,1.0552560928790922,1.4976525821596244e-10,0.08494645306734433,10028.625439540689,0.0028625439540688547
btc_hl_breakout_1m,0,0.035,0.06,0.0,0.1,60,high_frequency,0.029039522309482483,2.9039522309482484,0.46153846153846156,26,-0.034199699515134685,-3.4199699515134685,20.958030381115563,1.4179497597880528,5.211538461538462e-10,1.1273622815877082,10290.395223094825,0.029039522309482483
btc_hl_breakout_5m,0,0.005,0.04,0.0,0.1,45,high_frequency,0.01674649343113522,1.6746493431135219,0.2676056338028169,71,-0.044968839953785644,-4.496883995378564,12.216832406102707,1.162623197196133,1.5070422535211268e-10,0.24300267008825932,10167.464934311352,0.01674649343113522
btc_hl_breakout_6m,0,0.025,0.015,0.0,0.15,60,high_frequency,0.012703477239351696,1.2703477239351697,0.5740740740740741,54,-0.047000435896277004,-4.7000435896277,7.002425769669907,1.0904130194138737,2.111111111111111e-10,0.169398318859737,10127.034772393517,0.012703477239351696
btc_vol_breakout_8m,0,0.01,0.015,0.0,0.25,15,high_frequency,0.015032623245054265,1.5032623245054266,0.44642857142857145,56,-0.04576165976231328,-4.576165976231328,6.758866723414286,1.0853111640646662,1.226190476190476e-10,0.11988278003166092,10150.326232450543,0.015032623245054265
btc_small_up_10m,0,0.005,0.035,0.0,0.1,10,high_frequency,0.018932665904194755,1.8932665904194754,0.29508196721311475,61,-0.027236156838358783,-2.7236156838358783,13.787439801511196,1.2135839311029026,1.3469945355191258e-10,0.31693793908571655,10189.326659041948,0.018932665904194755
btc_small_down_10m,0,0.03,0.015,0.0,0.2,60,high_frequency,0.056477462879574065,5.647746287957407,0.6590909090909091,44,-0.03392821593243356,-3.392821593243356,22.925814060193307,1.4063495555073717,2.178030303030303e-10,0.6435117146257465,10564.774628795742,0.056477462879574065
btc_hl_breakout_1m,0,0.0175,0.045,0.0,0.2,10,high_frequency,-0.0014765845365236829,-0.1476584536523683,0.32558139534883723,43,-0.07811620098880312,-7.8116200988803115,0.1568288620400561,0.9917521875270882,2.930232558139535e-10,0.004947873422511535,9985.234154634763,-0.0014765845365236829
btc_hl_breakout_8m,0,0.01,0.05,0.0,0.25,30,high_frequency,-0.001619646888160105,-0.16196468881601048,0.23076923076923078,52,-0.09686929197629512,-9.686929197629512,0.5948493394983,0.9931246933176052,2.2724358974358975e-10,0.017468616696505287,9983.8035311184,-0.001619646888160105
btc_hl_breakout_2m,0,0.005,0.02,0.0,0.05,60,high_frequency,-0.004400736959463433,-0.44007369594634327,0.3132530120481928,83,-0.022533096543458697,-2.2533096543458697,-7.249816703637606,0.9141392837862657,1.0863453815261044e-10,-0.10380749437891991,9955.992630405366,-0.004400736959463433
btc_alt_aligned,0,0.03,0.02,0.0,0.15,15,high_frequency,0.03100751453405569,3.100751453405569,0.5769230769230769,52,-0.04390503563232051,-4.390503563232051,13.982534352349901,1.1941921480010647,2.666666666666667e-10,0.4115553341564237,10310.075145340557,0.03100751453405569
btc_hl_breakout_1m,0,0.0075,0.06,0.0,0.05,45,high_frequency,0.001776269529732133,0.1776269529732133,0.23076923076923078,52,-0.018289094720336907,-1.8289094720336907,2.9289085414615696,1.0384731759198857,2.3173076923076923e-10,0.07426855783560164,10017.76269529732,0.001776269529732133
btc_small_down_10m,0,0.03,0.025,0.0,0.15,30,high_frequency,0.0514223982202541,5.14223982202541,0.6341463414634146,41,-0.025788418613710284,-2.5788418613710284,27.442564606381662,1.4941493227471248,2.4715447154471546e-10,0.8319397172805927,10514.22398220254,0.0514223982202541
btc_vol_breakout_8m,0,0.03,0.015,0.0,0.05,30,high_frequency,0.009904678410467233,0.9904678410467234,0.6428571428571429,42,-0.00888859211257298,-0.8888592112572979,18.460442264497537,1.3364229385542776,2.2738095238095237e-10,0.4736097133571875,10099.046784104672,0.009904678410467233
btc_hl_breakout_8m,0,0.015,0.01,0.0,0.1,5,high_frequency,0.010887859016779897,1.0887859016779897,0.569620253164557,79,-0.03071761187619626,-3.071761187619626,8.136923471875782,1.1044187483511312,1.2362869198312235e-10,0.14426730768259297,10108.878590167798,0.010887859016779897
btc_hl_breakout_2m,0,0.0175,0.01,0.0,0.25,10,high_frequency,-0.06799783995213529,-6.799783995213529,0.5205479452054794,73,-0.13260233205905625,-13.260233205905624,-22.541015978894507,0.7595700716623299,1.2876712328767122e-10,-0.37084262179154853,9320.021600478647,-0.06799783995213529
btc_hl_breakout_2m,0,0.0175,0.05,0.0,0.1,60,high_frequency,0.00035897016574579086,0.03589701657457908,0.3170731707317073,41,-0.04133876594030428,-4.133876594030427,0.6581862893256217,1.0039112025024606,3.0365853658536583e-10,0.02287632948809641,10003.589701657458,0.00035897016574579086
btc_vol_breakout_3m,0,0.01,0.015,0.0,0.15,10,high_frequency,-1.850206706822064e-05,-0.001850206706822064,0.45714285714285713,70,-0.041312125717964165,-4.131212571796416,0.5133599964659881,0.9998705482058489,1.111904761904762e-10,0.008825959222766874,9999.814979329318,-1.850206706822064e-05
btc_vol_breakout_9m,0,0.03,0.02,0.0,0.05,15,high_frequency,0.01710837237578092,1.710837237578092,0.6388888888888888,36,-0.007722938625914444,-0.7722938625914444,32.18482229559192,1.6774512872843386,2.314814814814815e-10,0.947907952456992,10171.083723757809,0.01710837237578092
btc_vol_breakout_8m,0,0.015,0.03,0.0,0.25,10,high_frequency,0.06589184207721437,6.589184207721437,0.43902439024390244,41,-0.04455208171752145,-4.455208171752146,24.392507465158694,1.4030856289706781,2.3373983739837395e-10,0.6446010902141084,10658.918420772145,0.06589184207721437
btc_vol_breakout_3m,0,0.025,0.04,0.0,0.25,15,high_frequency,0.05561605467202598,5.5616054672025985,0.5,36,-0.06916406445902845,-6.916406445902846,17.40915390050098,1.2786632366570372,3.222222222222222e-10,0.6364032838865972,10556.16054672026,0.05561605467202598
btc_hl_breakout_1m,0,0.0125,0.02,0.0,0.25,45,high_frequency,0.010731961091576522,1.0731961091576523,0.44285714285714284,70,-0.08132446707426466,-8.132446707426466,4.289813203260743,1.0388388964232835,1.4714285714285715e-10,0.0789302278380854,10107.319610915765,0.010731961091576522
btc_vol_breakout_2m,0,0.035,0.04,0.0,0.15,60,high_frequency,0.011679713176164274,1.1679713176164275,0.4857142857142857,35,-0.05837234445535722,-5.837234445535722,6.285719824776824,1.088925460044538,3.7571428571428576e-10,0.24585898919179555,10116.797131761643,0.011679713176164274
btc_hl_breakout_8m,0,0.0125,0.035,0.0,0.1,30,high_frequency,0.020086632809120715,2.0086632809120717,0.35714285714285715,56,-0.0354243747174654,-3.54243747174654,14.226615663770747,1.1954031925384,2.0267857142857145e-10,0.36721072860425275,10200.866328091208,0.020086632809120715
btc_hl_breakout_10m,0,0.035,0.03,0.0,0.05,5,high_frequency,0.013433284134125393,1.3433284134125394,0.5789473684210527,38,-0.016313551155085815,-1.6313551155085815,18.115654606785125,1.312949428675447,3.412280701754386e-10,0.711504566366094,10134.332841341255,0.013433284134125393
btc_hl_breakout_6m,0,0.025,0.025,0.0,0.05,15,high_frequency,0.004764551060725808,0.4764551060725808,0.5111111111111111,45,-0.014585376721033438,-1.4585376721033438,7.431536511761564,1.1074816732825306,2.7851851851851855e-10,0.2169730264031053,10047.645510607257,0.004764551060725808
btc_alt_aligned,0,0.03,0.03,0.0,0.1,45,high_frequency,0.018802595379442334,1.8802595379442333,0.5,44,-0.03690847779935791,-3.690847779935791,12.463805312227757,1.1772093232290413,3.1893939393939396e-10,0.4403720287861273,10188.025953794424,0.018802595379442334
btc_small_up_10m,0,0.03,0.01,0.0,0.1,90,high_frequency,0.018866294138175716,1.8866294138175717,0.6666666666666666,60,-0.02979814502042888,-2.979814502042888,13.988450719743545,1.2189780278953108,1.7138888888888887e-10,0.320794244177691,10188.662941381757,0.018866294138175716
btc_hl_breakout_6m,0,0.015,0.03,0.0,0.2,20,high_frequency,-0.008719025994868934,-0.8719025994868934,0.38181818181818183,55,-0.07816873079977327,-7.816873079977327,-2.7826802002276194,0.9575172568317114,2.084848484848485e-10,-0.06295520387442988,9912.80974005131,-0.008719025994868934
btc_hl_breakout_9m,0,0.0125,0.05,0.0,0.15,90,high_frequency,0.03268011080163728,3.268011080163728,0.32653061224489793,49,-0.04586815566663838,-4.586815566663837,14.998644710209314,1.2199111163507508,2.510204081632653e-10,0.4605269041730913,10326.801108016372,0.03268011080163728
btc_vol_breakout_3m,0,0.0075,0.02,0.0,0.1,30,high_frequency,-0.010993643258498014,-1.0993643258498014,0.36231884057971014,69,-0.045784746809998556,-4.5784746809998556,-9.279117551772636,0.8870716399543465,1.1956521739130433e-10,-0.15460892624489456,9890.06356741502,-0.010993643258498014
btc_vol_breakout_9m,0,0.015,0.06,0.0,0.25,45,high_frequency,0.03804744364529634,3.804744364529634,0.2962962962962963,27,-0.0521532965529512,-5.21532965529512,13.857394894833517,1.2979299860440865,4.0123456790123455e-10,0.5860948943911108,10380.474436452963,0.03804744364529634
btc_hl_breakout_8m,0,0.01,0.05,0.0,0.1,20,high_frequency,0.0002808148955133447,0.02808148955133447,0.23076923076923078,52,-0.039799869919398545,-3.9799869919398545,0.6166264361409372,1.0030486148126896,2.2724358974358975e-10,0.017468616696503715,10002.808148955133,0.0002808148955133447
btc_small_up_10m,0,0.02,0.045,0.0,0.25,90,high_frequency,0.08626369680566837,8.626369680566837,0.43902439024390244,41,-0.062184217461695,-6.218421746169501,23.930435627827674,1.4045164162352521,2.4959349593495937e-10,0.8444227084616899,10862.636968056684,0.08626369680566837
btc_vol_breakout_8m,0,0.0125,0.04,0.0,0.15,15,high_frequency,0.02283177728367257,2.283177728367257,0.35135135135135137,37,-0.03322686217105164,-3.322686217105164,14.385268065268356,1.2531665232436846,2.7342342342342346e-10,0.42021759701228567,10228.317772836726,0.02283177728367257
btc_vol_breakout_10m,0,0.0075,0.015,0.0,0.1,5,high_frequency,-0.008628002117483163,-0.8628002117483163,0.38461538461538464,52,-0.03151997875848955,-3.1519978758489553,-9.12935205022575,0.8728654255829368,1.2371794871794872e-10,-0.16189054980099415,9913.71997882517,-0.008628002117483163
btc_vol_breakout_10m,0,0.035,0.03,0.0,0.25,60,high_frequency,0.058552101814560636,5.855210181456064,0.5862068965517241,29,-0.04931854289347726,-4.931854289347726,21.072184613512874,1.3777597935159709,3.35632183908046e-10,0.8188871924538028,10585.521018145606,0.058552101814560636
btc_hl_breakout_5m,0,0.02,0.025,0.0,0.1,15,high_frequency,0.0049561293152067835,0.49561293152067837,0.4716981132075472,53,-0.037454651474471246,-3.7454651474471246,4.118508241266851,1.048397835940753,2.361635220125786e-10,0.10319325031850765,10049.561293152068,0.0049561293152067835
btc_bullish,0,0.0125,0.04,0.0,0.05,60,high_frequency,0.011706558581747658,1.1706558581747657,0.3548387096774194,62,-0.013787351765052858,-1.3787351765052858,15.66509555008418,1.2158912643315474,2.032258064516129e-10,0.381303357643525,10117.065585817476,0.011706558581747658
btc_hl_breakout_6m,0,0.03,0.04,0.0,0.25,30,high_frequency,0.002977791099082151,0.2977791099082151,0.4473684210526316,38,-0.10720121090037504,-10.720121090037505,1.8694245253869706,1.0124427578821555,3.3684210526315786e-10,0.06578710499716249,10029.777910990822,0.002977791099082151
btc_small_up_9m,0,0.0075,0.03,0.0,0.25,20,high_frequency,0.02713547066940164,2.713547066940164,0.34615384615384615,52,-0.054557649907391204,-5.45576499073912,10.041464996022505,1.1499441114591475,1.6217948717948718e-10,0.22329622861050827,10271.354706694015,0.02713547066940164
btc_bullish,0,0.0075,0.01,0.0,0.2,30,high_frequency,0.016907020317674482,1.6907020317674482,0.4596774193548387,124,-0.05606066671530929,-5.606066671530929,6.577814870624595,1.0604632844683972,8.723118279569892e-11,0.07799213943319581,10169.070203176745,0.016907020317674482
btc_alt_aligned,0,0.0175,0.015,0.0,0.15,15,high_frequency,0.026730455266089848,2.673045526608985,0.5301204819277109,83,-0.05003219805706982,-5.003219805706982,12.26036247918334,1.1328738721157294,1.6004016064257027e-10,0.224963231848706,10267.304552660898,0.026730455266089848
btc_vol_breakout_9m,0,0.02,0.03,0.0,0.15,15,high_frequency,0.02897151109689032,2.897151109689032,0.47058823529411764,34,-0.035723518023700995,-3.5723518023700995,17.854756139143767,1.312367047655338,3.044117647058824e-10,0.5761146387596372,10289.715110968904,0.02897151109689032
btc_alt_aligned,0,0.0125,0.01,0.0,0.05,45,high_frequency,0.0024638944695762857,0.24638944695762857,0.5175438596491229,114,-0.01780901924304512,-1.780901924304512,3.498813710886143,1.0350132501012612,1.0994152046783626e-10,0.0461505212712773,10024.638944695764,0.0024638944695762857
btc_vol_breakout_9m,0,0.025,0.05,0.0,0.15,45,high_frequency,0.03263282017650529,3.263282017650529,0.43478260869565216,23,-0.031230048363349527,-3.1230048363349527,19.099817901126315,1.4512424713824166,4.862318840579711e-10,0.9575145041351185,10326.328201765053,0.03263282017650529
btc_small_down_10m,0,0.02,0.035,0.0,0.1,15,high_frequency,0.012459673191789648,1.2459673191789649,0.4473684210526316,38,-0.023450500808482988,-2.345050080848299,10.34219268880231,1.1734799109576093,2.5964912280701754e-10,0.3369555010462458,10124.596731917896,0.012459673191789648
btc_hl_breakout_10m,0,0.01,0.04,0.0,0.25,60,high_frequency,0.02450958513642222,2.450958513642222,0.3076923076923077,52,-0.08021716480974928,-8.021716480974927,7.9533243010515875,1.1025494433425336,2.25e-10,0.2145274375176619,10245.095851364222,0.02450958513642222
btc_vol_breakout_9m,0,0.005,0.06,0.0,0.2,30,high_frequency,-0.015071008741879563,-1.5071008741879564,0.1590909090909091,44,-0.06017411696153485,-6.017411696153485,-6.372691051820638,0.886936988539119,1.893939393939394e-10,-0.1569742343649524,9849.289912581204,-0.015071008741879563
btc_hl_breakout_6m,0,0.0125,0.04,0.0,0.05,90,high_frequency,0.002079734629982869,0.2079734629982869,0.34615384615384615,52,-0.016882793528831153,-1.6882793528831153,3.3562697522686826,1.0432178187915147,2.342948717948718e-10,0.08504177435804912,10020.797346299829,0.002079734629982869
btc_hl_breakout_8m,0,0.02,0.045,0.0,0.2,90,high_frequency,0.01901188776551221,1.901188776551221,0.38095238095238093,42,-0.07005931598295534,-7.005931598295534,7.132162559618204,1.0993222299319159,3.055555555555555e-10,0.25307376762722883,10190.118877655123,0.01901188776551221
btc_hl_breakout_3m,0,0.015,0.01,0.0,0.1,10,high_frequency,0.006676367242017591,0.6676367242017591,0.5974025974025974,77,-0.02507395482602237,-2.507395482602237,5.624447303675018,1.0681482689906,1.2943722943722944e-10,0.09239291082796859,10066.763672420177,0.006676367242017591
btc_bullish,0,0.035,0.045,0.0,0.25,30,high_frequency,0.07877042954255312,7.8770429542553115,0.5151515151515151,33,-0.08591151094032523,-8.591151094032522,20.939997927375877,1.3724367580851207,4.171717171717172e-10,0.9722600382009761,10787.70429542553,0.07877042954255312
btc_vol_breakout_10m,0,0.035,0.06,0.0,0.2,5,high_frequency,0.026476859912053577,2.647685991205358,0.42857142857142855,21,-0.06315133820016972,-6.315133820016971,10.805456966746942,1.215634803753119,5.412698412698412e-10,0.6747022309339888,10264.768599120536,0.026476859912053577
btc_hl_breakout_3m,0,0.0075,0.06,0.0,0.2,60,high_frequency,-0.010611019023035443,-1.0611019023035442,0.21153846153846154,52,-0.07854446515648505,-7.8544465156485055,-3.281378940613953,0.9434728940493635,2.2403846153846154e-10,-0.07889820514335287,9893.889809769646,-0.010611019023035443
btc_hl_breakout_4m,0,0.0175,0.06,0.0,0.25,5,high_frequency,0.007852522529423913,0.7852522529423913,0.3157894736842105,38,-0.07102792236362976,-7.102792236362976,3.3321648379377744,1.0337800945666737,3.399122807017544e-10,0.12375656737139236,10078.52522529424,0.007852522529423913
btc_hl_breakout_4m,0,0.015,0.045,0.0,0.15,45,high_frequency,0.032914542937569055,3.2914542937569053,0.391304347826087,46,-0.04060420721308711,-4.060420721308711,16.79309304978284,1.250221828716466,2.7427536231884055e-10,0.48715613840332816,10329.14542937569,0.032914542937569055
btc_hl_breakout_3m,0,0.025,0.045,0.0,0.05,90,high_frequency,0.010874963729752699,1.0874963729752698,0.4722222222222222,36,-0.019324644462205498,-1.9324644462205498,16.069405929129314,1.2750454917724796,3.657407407407407e-10,0.6088755667166547,10108.749637297527,0.010874963729752699
btc_vol_breakout_9m,0,0.03,0.025,0.0,0.2,60,high_frequency,0.05616814991049896,5.616814991049896,0.5806451612903226,31,-0.03776193476403478,-3.7761934764034777,25.531703848366302,1.496362592704886,3.268817204301075e-10,0.9054169615198728,10561.68149910499,0.05616814991049896
btc_alt_aligned,0,0.02,0.02,0.0,0.25,30,high_frequency,0.03907320109516158,3.9073201095161583,0.5151515151515151,66,-0.08191407334717604,-8.191407334717605,11.246527192419755,1.1277209483778685,2.068181818181818e-10,0.25773077160660113,10390.732010951615,0.03907320109516158
btc_hl_breakout_3m,0,0.02,0.045,0.0,0.2,20,high_frequency,0.03353739885231168,3.3537398852311684,0.4146341463414634,41,-0.06645409980605765,-6.645409980605765,12.90101737861629,1.1954459092163183,3.126016260162602e-10,0.42734050555775427,10335.373988523117,0.03353739885231168
btc_vol_breakout_3m,0,0.02,0.06,0.0,0.25,30,high_frequency,-0.006749075517549227,-0.6749075517549227,0.3,30,-0.08651472272691318,-8.651472272691318,-1.089019698814003,0.9655455310990917,3.972222222222222e-10,-0.04426253928975469,9932.509244824509,-0.006749075517549227
btc_hl_breakout_8m,0,0.0125,0.035,0.0,0.15,5,high_frequency,0.029776402609397134,2.9776402609397135,0.35714285714285715,56,-0.052745366685729156,-5.274536668572916,14.211950271676184,1.1902395362815166,2.0267857142857145e-10,0.36721072860425213,10297.764026093972,0.029776402609397134
btc_hl_breakout_8m,0,0.01,0.045,0.0,0.25,15,high_frequency,-0.006134890149857802,-0.6134890149857802,0.2545454545454545,55,-0.1049591326164766,-10.49591326164766,-0.6894029468658747,0.9745104759375885,2.084848484848485e-10,-0.019857573258387804,9938.651098501421,-0.006134890149857802
btc_vol_breakout_10m,0,0.025,0.03,0.0,0.1,5,high_frequency,0.028397791841076207,2.8397791841076208,0.5483870967741935,31,-0.016760153631099395,-1.6760153631099395,25.55820252217103,1.516977464322905,2.9892473118279566e-10,0.9158463177841416,10283.977918410763,0.028397791841076207
btc_small_down_10m,0,0.005,0.04,0.0,0.2,60,high_frequency,0.017910332252033367,1.7910332252033367,0.2413793103448276,58,-0.04344465359542338,-4.344465359542338,7.783464743080814,1.1175359461876684,1.7155172413793103e-10,0.1670601295382714,10179.103322520334,0.017910332252033367
btc_vol_breakout_10m,0,0.015,0.015,0.0,0.15,45,high_frequency,0.02189933486883615,2.1899334868836147,0.5306122448979592,49,-0.025297341426920417,-2.5297341426920417,14.767075006303825,1.2394514533820495,1.445578231292517e-10,0.30372754812151287,10218.993348688362,0.02189933486883615
btc_hl_breakout_5m,0,0.015,0.025,0.0,0.1,45,high_frequency,0.0030152380887705135,0.3015238088770513,0.43103448275862066,58,-0.03409850057931507,-3.409850057931507,2.777623176855414,1.0298796782871364,1.8936781609195404e-10,0.060255966387455624,10030.152380887705,0.0030152380887705135
btc_hl_breakout_2m,0,0.025,0.05,0.0,0.15,5,high_frequency,0.02672028115047617,2.6720281150476173,0.4166666666666667,36,-0.05615228098153868,-5.615228098153868,13.18263442786035,1.2009620318431864,3.7361111111111113e-10,0.5155643937404281,10267.202811504761,0.02672028115047617
btc_hl_breakout_10m,0,0.015,0.03,0.0,0.15,20,high_frequency,0.03371511640475564,3.371511640475564,0.42105263157894735,57,-0.046464134924918854,-4.646413492491885,15.981743792039055,1.2155338365796335,1.9678362573099415e-10,0.4043309578658237,10337.151164047556,0.03371511640475564
btc_vol_breakout_3m,0,0.015,0.02,0.0,0.2,90,high_frequency,0.02634947259147102,2.634947259147102,0.4827586206896552,58,-0.04725069116932701,-4.725069116932701,11.03238462177471,1.1436723954316659,1.6954022988505747e-10,0.23975613839360105,10263.49472591471,0.02634947259147102
btc_vol_breakout_3m,0,0.02,0.02,0.0,0.15,20,high_frequency,0.03025074891971094,3.025074891971094,0.5490196078431373,51,-0.0390030311776528,-3.9003031177652803,16.09806892524567,1.2364401411036785,1.9281045751633987e-10,0.40350432707568346,10302.507489197109,0.03025074891971094
btc_small_up_10m,0,0.025,0.05,0.0,0.15,60,high_frequency,0.028010521049342877,2.801052104934288,0.38235294117647056,34,-0.05667089026869121,-5.667089026869121,13.298147631184868,1.2272926358874021,3.4558823529411765e-10,0.5708973348987871,10280.105210493428,0.028010521049342877
btc_hl_breakout_5m,0,0.015,0.035,0.0,0.25,30,high_frequency,0.01756062944489845,1.756062944489845,0.37254901960784315,51,-0.07944417629453437,-7.944417629453437,6.387387632979986,1.0715051735012024,2.303921568627451e-10,0.16135326476310885,10175.606294448984,0.01756062944489845
btc_alt_aligned,0,0.0125,0.045,0.0,0.05,15,high_frequency,0.012116510286101794,1.2116510286101794,0.31666666666666665,60,-0.015124640910740728,-1.5124640910740728,15.839086552556527,1.232793649708492,2.2888888888888888e-10,0.4075343674032057,10121.165102861018,0.012116510286101794
btc_hl_breakout_1m,0,0.0075,0.035,0.0,0.2,90,high_frequency,0.006123121730042954,0.6123121730042954,0.3114754098360656,61,-0.07195020286511322,-7.195020286511323,3.1629098837838714,1.0303379243162063,1.9207650273224045e-10,0.0667371020125129,10061.23121730043,0.006123121730042954
btc_hl_breakout_6m,0,0.015,0.03,0.0,0.15,5,high_frequency,-0.00620442533495534,-0.620442533495534,0.38181818181818183,55,-0.05900264753848328,-5.900264753848328,-2.7803976019163765,0.9593237325348504,2.084848484848485e-10,-0.06295520387443151,9937.955746650447,-0.00620442533495534
btc_hl_breakout_9m,0,0.025,0.01,0.0,0.2,45,high_frequency,0.04646340705803509,4.646340705803508,0.6363636363636364,66,-0.06517035622996525,-6.517035622996525,16.344624335692117,1.2301148164496032,1.792929292929293e-10,0.36230885749113584,10464.63407058035,0.04646340705803509
btc_bullish,0,0.03,0.02,0.0,0.1,10,high_frequency,0.026846828830812398,2.6846828830812397,0.5769230769230769,52,-0.025345677974062286,-2.5345677974062286,18.11310584150945,1.269961913762527,2.5160256410256414e-10,0.5225144015067114,10268.468288308124,0.026846828830812398
btc_hl_breakout_8m,0,0.03,0.035,0.0,0.25,20,high_frequency,0.0475661066569095,4.756610665690951,0.48717948717948717,39,-0.08947846168507823,-8.947846168507823,13.669066432891256,1.1980786458865509,3.2435897435897436e-10,0.5174292973257203,10475.661066569095,0.0475661066569095
btc_vol_breakout_3m,0,0.035,0.06,0.0,0.2,10,high_frequency,0.030121243962252377,3.0121243962252375,0.45454545454545453,22,-0.06838432072128908,-6.838432072128908,11.61106615210884,1.220602437410547,5.787878787878788e-10,0.7324856792836348,10301.212439622524,0.030121243962252377
btc_hl_breakout_5m,0,0.005,0.01,0.0,0.15,20,high_frequency,-0.01929773130673875,-1.929773130673875,0.41346153846153844,104,-0.08128927571221689,-8.12892757122169,-10.154144770384242,0.8825976328588551,7.916666666666666e-11,-0.11877184104287196,9807.022686932612,-0.01929773130673875
btc_hl_breakout_5m,0,0.005,0.04,0.0,0.1,60,high_frequency,0.01674649343113522,1.6746493431135219,0.2676056338028169,71,-0.044968839953785644,-4.496883995378564,12.216832406102707,1.162623197196133,1.5070422535211268e-10,0.24300267008825932,10167.464934311352,0.01674649343113522
btc_alt_aligned,0,0.01,0.025,0.0,0.05,45,high_frequency,0.008307631531857197,0.8307631531857197,0.37209302325581395,86,-0.017222871201212797,-1.7222871201212797,11.127946567490064,1.131779757803999,1.5426356589147287e-10,0.19653771260946723,10083.076315318573,0.008307631531857197
btc_vol_breakout_8m,0,0.005,0.035,0.0,0.2,5,high_frequency,0.004134830887941916,0.4134830887941916,0.2641509433962264,53,-0.05019938115173628,-5.019938115173628,2.604135964870965,1.028639660061337,1.4654088050314466e-10,0.05135826572351435,10041.34830887942,0.004134830887941916
btc_small_up_9m,0,0.0075,0.01,0.0,0.15,15,high_frequency,0.01236332436596067,1.236332436596067,0.484375,64,-0.026184652962561894,-2.6184652962561894,8.193158343419915,1.1203244711303668,1.0885416666666667e-10,0.13576385554630904,10123.633243659606,0.01236332436596067
btc_vol_breakout_2m,0,0.01,0.015,0.0,0.05,10,high_frequency,-0.0009793220576795477,-0.09793220576795476,0.4567901234567901,81,-0.013944931825363271,-1.3944931825363271,-1.4678654641832494,0.9810848532006178,1.0967078189300412e-10,-0.02160477941763083,9990.206779423204,-0.0009793220576795477
btc_small_down_10m,0,0.035,0.01,0.0,0.25,15,high_frequency,0.1114997301793951,11.14997301793951,0.7209302325581395,43,-0.03424395146327763,-3.4243951463277633,38.544744413528356,1.8324734957613773,2.1124031007751936e-10,1.0035677387347233,11114.997301793952,0.1114997301793951
btc_hl_breakout_3m,0,0.03,0.035,0.0,0.15,60,high_frequency,0.027997444378437514,2.7997444378437515,0.5263157894736842,38,-0.044308152951471835,-4.430815295147184,14.22239186402784,1.2173486955378434,3.4824561403508774e-10,0.505685930113566,10279.974443784375,0.027997444378437514
btc_hl_breakout_3m,0,0.0175,0.02,0.0,0.2,60,high_frequency,0.0036952281431157645,0.36952281431157646,0.4827586206896552,58,-0.06499700359343485,-6.4997003593434854,2.188640646053056,1.0179592109754134,1.867816091954023e-10,0.04834116240488149,10036.952281431157,0.0036952281431157645
btc_hl_breakout_10m,0,0.0125,0.025,0.0,0.25,90,high_frequency,0.06696533372473933,6.696533372473932,0.4406779661016949,59,-0.06099154217501446,-6.099154217501446,19.2335482784469,1.2612783760637452,1.8926553672316383e-10,0.46503408790098427,10669.653337247393,0.06696533372473933
btc_hl_breakout_6m,0,0.0175,0.06,0.0,0.25,15,high_frequency,-0.048407741407099865,-4.8407741407099865,0.23076923076923078,39,-0.1250809355514605,-12.508093555146049,-14.534538059605561,0.8021599315997883,3.1965811965811965e-10,-0.4717439300327811,9515.922585929002,-0.048407741407099865
btc_hl_breakout_2m,0,0.015,0.025,0.0,0.15,20,high_frequency,0.015062304109328966,1.5062304109328966,0.4482758620689655,58,-0.04310218227526874,-4.310218227526875,8.585588802603189,1.1009203033817587,1.8936781609195404e-10,0.18443539614879836,10150.62304109329,0.015062304109328966
btc_vol_breakout_9m,0,0.025,0.04,0.0,0.2,45,high_frequency,0.04907650938813874,4.907650938813874,0.5333333333333333,30,-0.05505340789756685,-5.505340789756685,20.175325575726937,1.3889881372879176,3.5222222222222223e-10,0.8275683420101546,10490.765093881388,0.04907650938813874
btc_small_up_9m,0,0.03,0.015,0.0,0.1,20,high_frequency,0.01475969538434855,1.475969538434855,0.6190476190476191,42,-0.02040154214024159,-2.040154214024159,12.681459375768053,1.2121007356786004,2.4444444444444444e-10,0.358780202757241,10147.596953843486,0.01475969538434855
btc_small_up_10m,0,0.03,0.06,0.0,0.15,90,high_frequency,0.03510518495760316,3.510518495760316,0.37037037037037035,27,-0.050397055538226376,-5.039705553822637,16.349898928961682,1.3124765252942678,4.580246913580247e-10,0.8935211483052109,10351.051849576032,0.03510518495760316
btc_vol_breakout_3m,0,0.0125,0.035,0.0,0.2,90,high_frequency,0.03181007315011348,3.181007315011348,0.3877551020408163,49,-0.056956617207765126,-5.695661720776513,12.977943806667225,1.177048328347594,1.9829931972789115e-10,0.3406453988437902,10318.100731501134,0.03181007315011348
btc_vol_breakout_10m,0,0.02,0.03,0.0,0.2,20,high_frequency,0.03570140690704493,3.570140690704493,0.47058823529411764,34,-0.04741979843694211,-4.74197984369421,16.7589376134566,1.2849873910822107,2.7941176470588236e-10,0.5367698308411065,10357.01406907045,0.03570140690704493
btc_hl_breakout_2m,0,0.015,0.025,0.0,0.15,10,high_frequency,0.015062304109328966,1.5062304109328966,0.4482758620689655,58,-0.04310218227526874,-4.310218227526875,8.585588802603189,1.1009203033817587,1.8936781609195404e-10,0.18443539614879836,10150.62304109329,0.015062304109328966
btc_small_down_10m,0,0.025,0.045,0.0,0.05,10,high_frequency,0.005046925112774335,0.5046925112774335,0.40625,32,-0.014179576991462772,-1.4179576991462772,7.805153398044595,1.1463358482094563,3.546875e-10,0.321517766929995,10050.469251127743,0.005046925112774335
btc_hl_breakout_5m,0,0.0175,0.02,0.0,0.15,60,high_frequency,-0.012237002658123379,-1.223700265812338,0.4666666666666667,60,-0.06639626021865119,-6.639626021865119,-6.039271340805465,0.9235192660669519,1.8000000000000002e-10,-0.1251911044979628,9877.629973418767,-0.012237002658123379
btc_vol_breakout_10m,0,0.015,0.06,0.0,0.2,5,high_frequency,0.04618641833708254,4.618641833708255,0.3333333333333333,27,-0.04193703221689882,-4.193703221689882,20.30038679691527,1.4807045655286581,3.7962962962962964e-10,0.8635764285962303,10461.864183370826,0.04618641833708254
btc_vol_breakout_9m,0,0.01,0.045,0.0,0.05,60,high_frequency,0.0034020853257862313,0.34020853257862316,0.28205128205128205,39,-0.009965045309968001,-0.9965045309968001,6.696548533997286,1.1160965187197134,2.423076923076923e-10,0.1782506143062705,10034.020853257862,0.0034020853257862313
btc_hl_breakout_8m,0,0.035,0.06,0.0,0.25,20,high_frequency,0.052166170010018234,5.216617001001824,0.41379310344827586,29,-0.10173626698863847,-10.173626698863847,14.361689103030171,1.2285785568583527,4.712643678160919e-10,0.7704698158987229,10521.661700100183,0.052166170010018234
btc_small_down_10m,0,0.0075,0.03,0.0,0.1,15,high_frequency,0.014072435393384125,1.4072435393384124,0.3559322033898305,59,-0.023454198291240402,-2.3454198291240402,11.755113061955216,1.1688198982841862,1.446327683615819e-10,0.24412393344824712,10140.724353933841,0.014072435393384125
btc_hl_breakout_2m,0,0.0075,0.06,0.0,0.05,20,high_frequency,-0.003380510308262626,-0.3380510308262626,0.21428571428571427,56,-0.022937475588447276,-2.2937475588447276,-4.918060385836788,0.9301132815263282,2.1101190476190478e-10,-0.11567944493600357,9966.194896917374,-0.003380510308262626
btc_hl_breakout_7m,0,0.035,0.06,0.0,0.25,30,high_frequency,0.04448862888375033,4.448862888375033,0.4,30,-0.10276078198532501,-10.2760781985325,12.393409287839406,1.1906110086186625,4.483333333333333e-10,0.6463473797410648,10444.886288837504,0.04448862888375033
btc_hl_breakout_10m,0,0.02,0.035,0.0,0.05,45,high_frequency,0.009208098251583818,0.9208098251583817,0.41304347826086957,46,-0.01493544668372282,-1.493544668372282,12.738747352213567,1.1927999777603342,2.7028985507246374e-10,0.4058345392572669,10092.080982515838,0.009208098251583818
btc_hl_breakout_1m,0,0.035,0.06,0.0,0.05,10,high_frequency,0.01458201375241345,1.458201375241345,0.46153846153846156,26,-0.017214560791768085,-1.7214560791768085,20.979191104233003,1.4266049709384583,5.211538461538462e-10,1.1273622815877096,10145.820137524135,0.01458201375241345
btc_small_up_9m,0,0.035,0.06,0.0,0.25,30,high_frequency,0.058271144004289045,5.827114400428904,0.45454545454545453,22,-0.06547303292378859,-6.547303292378858,17.96508399976596,1.3852272307419198,5.5e-10,1.0927993795983173,10582.71144004289,0.058271144004289045
btc_vol_breakout_3m,0,0.0075,0.01,0.0,0.15,5,high_frequency,-0.03072914237486568,-3.072914237486568,0.425,80,-0.0655864931853265,-6.55864931853265,-18.534731103102093,0.787278732398487,8.708333333333333e-11,-0.25365315461231386,9692.708576251343,-0.03072914237486568
btc_hl_breakout_9m,0,0.015,0.05,0.0,0.05,5,high_frequency,0.009335678018477114,0.9335678018477114,0.3488372093023256,43,-0.015564413147451384,-1.5564413147451384,12.966117821453317,1.2055914429986778,2.926356589147287e-10,0.44080574849770665,10093.356780184771,0.009335678018477114
btc_vol_breakout_3m,0,0.02,0.01,0.0,0.15,15,high_frequency,0.024836519408262255,2.4836519408262254,0.6515151515151515,66,-0.037935746537335335,-3.7935746537335335,13.738520257106469,1.193403063740027,1.318181818181818e-10,0.25809731288300164,10248.365194082622,0.024836519408262255
btc_small_up_10m,0,0.015,0.035,0.0,0.1,10,high_frequency,0.01598123371556902,1.598123371556902,0.3673469387755102,49,-0.034919112594827495,-3.4919112594827495,11.62553114687066,1.1766034539396169,2.0170068027210883e-10,0.33544002383908905,10159.81233715569,0.01598123371556902
btc_vol_breakout_2m,0,0.035,0.01,0.0,0.1,5,high_frequency,0.03620541910331095,3.620541910331095,0.7586206896551724,58,-0.015622943931601574,-1.5622943931601574,30.944615434083133,1.5842488181347925,1.853448275862069e-10,0.6195920778514166,10362.05419103311,0.03620541910331095
btc_hl_breakout_5m,0,0.03,0.015,0.0,0.25,90,high_frequency,0.014907467597471531,1.490746759747153,0.6,55,-0.09546254987475389,-9.54625498747539,5.550018032281318,1.0599274597679567,2.0636363636363636e-10,0.1297706316367225,10149.074675974716,0.014907467597471531
btc_small_down_10m,0,0.035,0.045,0.0,0.25,15,high_frequency,0.009642961459795924,0.9642961459795923,0.46153846153846156,26,-0.08186558824942336,-8.186558824942336,3.899351650905542,1.0545896782107018,4.519230769230769e-10,0.1924575265090313,10096.429614597959,0.009642961459795924
btc_hl_breakout_3m,0,0.005,0.035,0.0,0.25,20,high_frequency,0.0024925537617067222,0.24925537617067223,0.2676056338028169,71,-0.08782619473741737,-8.782619473741738,1.710826459559752,1.0102968513743755,1.4178403755868544e-10,0.030404942847738745,10024.925537617068,0.0024925537617067222
btc_hl_breakout_4m,0,0.01,0.01,0.0,0.15,45,high_frequency,0.009367261523408046,0.9367261523408046,0.5581395348837209,86,-0.043229973730465665,-4.322997373046567,5.761380327108981,1.0647122710396544,1.0213178294573644e-10,0.07972158903926081,10093.67261523408,0.009367261523408046
btc_hl_breakout_4m,0,0.02,0.01,0.0,0.1,15,high_frequency,0.014081705539520635,1.4081705539520635,0.6285714285714286,70,-0.022058814564306584,-2.2058814564306584,11.342847458547226,1.1531796162994132,1.3833333333333335e-10,0.20650578178747378,10140.817055395206,0.014081705539520635
btc_hl_breakout_7m,0,0.025,0.015,0.0,0.2,10,high_frequency,0.0615000708326055,6.15000708326055,0.5964912280701754,57,-0.059048279379611435,-5.9048279379611435,21.090217106341385,1.3121930968553552,2.0672514619883043e-10,0.5455730378980317,10615.000708326055,0.0615000708326055
btc_vol_breakout_10m,0,0.015,0.03,0.0,0.15,20,high_frequency,0.03537488963339381,3.537488963339381,0.4358974358974359,39,-0.028485553128114516,-2.8485553128114516,22.23632570264018,1.3883762307952827,2.188034188034188e-10,0.6078556602725662,10353.748896333938,0.03537488963339381
btc_hl_breakout_7m,0,0.005,0.035,0.0,0.25,15,high_frequency,0.02874622004236953,2.874622004236953,0.2602739726027397,73,-0.11616988609909129,-11.616988609909129,9.054022536987127,1.1029521353746117,1.5182648401826484e-10,0.1769434162862678,10287.462200423695,0.02874622004236953
btc_hl_breakout_5m,0,0.02,0.06,0.0,0.05,15,high_frequency,0.007556917454096913,0.7556917454096913,0.35,40,-0.01628796674523214,-1.628796674523214,10.859982199964978,1.1623937260211208,3.395833333333333e-10,0.3853179925555011,10075.56917454097,0.007556917454096913
btc_hl_breakout_2m,0,0.0175,0.04,0.0,0.1,90,high_frequency,-5.118916921265964e-05,-0.005118916921265964,0.3695652173913043,46,-0.038122429488900655,-3.8122429488900655,0.33827023848335497,0.9994696948008646,2.706521739130435e-10,0.010046051903109563,9999.488108307873,-5.118916921265964e-05
btc_alt_aligned,0,0.0075,0.04,0.0,0.15,15,high_frequency,0.020016557564393817,2.0016557564393818,0.2911392405063291,79,-0.056549573863830305,-5.65495738638303,9.24569406760834,1.104030499158361,1.6898734177215192e-10,0.18084808014913945,10200.165575643938,0.020016557564393817
btc_hl_breakout_5m,0,0.01,0.06,0.0,0.1,90,high_frequency,0.007582511074097556,0.7582511074097557,0.26,50,-0.034707145775070614,-3.4707145775070614,5.8314691684495195,1.0779006232355726,2.58e-10,0.16464504948988343,10075.825110740976,0.007582511074097556
btc_small_up_10m,0,0.015,0.015,0.0,0.25,60,high_frequency,0.01636764783791946,1.636764783791946,0.4444444444444444,63,-0.0740087496210109,-7.400874962101089,5.825899382986584,1.066489487018449,1.349206349206349e-10,0.1241288311406585,10163.676478379195,0.01636764783791946
btc_hl_breakout_1m,0,0.015,0.01,0.0,0.05,45,high_frequency,-0.004998569573354342,-0.49985695733543417,0.5394736842105263,76,-0.022062751315375606,-2.2062751315375606,-8.117691220945856,0.9031006153615129,1.243421052631579e-10,-0.1291502580992293,9950.014304266457,-0.004998569573354342
btc_small_up_9m,0,0.02,0.06,0.0,0.2,45,high_frequency,0.011510604701840316,1.1510604701840315,0.30303030303030304,33,-0.06333156164076403,-6.333156164076403,5.053905972512811,1.0732447512719954,3.4696969696969693e-10,0.2075315002608135,10115.106047018404,0.011510604701840316
btc_bullish,0,0.02,0.025,0.0,0.15,5,high_frequency,0.030661223649591965,3.0661223649591967,0.4909090909090909,55,-0.041414097669463135,-4.141409766946314,14.085460267692119,1.191198455155337,2.360606060606061e-10,0.38413025073552903,10306.61223649592,0.030661223649591965
btc_hl_breakout_4m,0,0.0175,0.05,0.0,0.1,60,high_frequency,0.004407702433574115,0.44077024335741155,0.35,40,-0.028658036997854963,-2.8658036997854963,3.6541671415038683,1.0480954440100902,3.1583333333333333e-10,0.12504986203837845,10044.077024335742,0.004407702433574115
btc_small_down_10m,0,0.005,0.06,0.0,0.05,45,high_frequency,0.009385976191516857,0.9385976191516857,0.21052631578947367,57,-0.012446312774736734,-1.2446312774736734,14.231770936483922,1.2493383622153382,1.7426900584795323e-10,0.33266993387683913,10093.859761915168,0.009385976191516857
btc_small_up_10m,0,0.035,0.06,0.0,0.25,20,high_frequency,0.08071938118286785,8.071938118286786,0.44,25,-0.08638500720015485,-8.638500720015486,21.64435616801088,1.4398754905164217,5.066666666666667e-10,1.3166505885246436,10807.193811828678,0.08071938118286785
btc_vol_breakout_2m,0,0.0075,0.025,0.0,0.25,10,high_frequency,-0.04375413550585967,-4.375413550585967,0.30666666666666664,75,-0.1002712714934566,-10.02712714934566,-14.771759758815563,0.835000634351533,1.4155555555555557e-10,-0.22525469373616275,9562.458644941404,-0.04375413550585967
btc_hl_breakout_4m,0,0.0125,0.025,0.0,0.05,20,high_frequency,0.01151490095563974,1.151490095563974,0.46774193548387094,62,-0.011602109097828439,-1.160210909782844,17.965680938553565,1.2475806125828077,1.75e-10,0.3736381063735448,10115.149009556397,0.01151490095563974
btc_hl_breakout_2m,0,0.0075,0.04,0.0,0.2,10,high_frequency,0.004289249857694608,0.4289249857694608,0.296875,64,-0.075363593627361,-7.5363593627361,2.4273084853494526,1.0207592297452537,1.8307291666666668e-10,0.04968954416033797,10042.892498576946,0.004289249857694608
btc_hl_breakout_10m,0,0.02,0.035,0.0,0.05,10,high_frequency,0.009208098251583818,0.9208098251583817,0.41304347826086957,46,-0.01493544668372282,-1.493544668372282,12.738747352213567,1.1927999777603342,2.7028985507246374e-10,0.4058345392572669,10092.080982515838,0.009208098251583818
btc_hl_breakout_10m,0,0.035,0.035,0.0,0.15,15,high_frequency,0.04126908472354755,4.1269084723547556,0.5428571428571428,35,-0.04832496551086163,-4.832496551086162,18.80296398569388,1.3164089406121064,3.671428571428571e-10,0.7987638443371239,10412.690847235475,0.04126908472354755
btc_vol_breakout_8m,0,0.035,0.035,0.0,0.25,60,high_frequency,0.03677743895827716,3.677743895827716,0.5483870967741935,31,-0.0734822994931652,-7.34822994931652,12.491772382625987,1.1978319275458795,3.634408602150537e-10,0.5035930147786555,10367.774389582772,0.03677743895827716
btc_hl_breakout_5m,0,0.025,0.015,0.0,0.1,45,high_frequency,0.01621261906978351,1.621261906978351,0.5862068965517241,58,-0.030419128939790374,-3.0419128939790374,12.507172534519732,1.1703512875918023,1.8793103448275864e-10,0.2862391955845455,10162.126190697834,0.01621261906978351
btc_hl_breakout_5m,0,0.0125,0.01,0.0,0.25,20,high_frequency,0.0164547911320406,1.64547911320406,0.5833333333333334,84,-0.07745568979064654,-7.745568979064654,6.155526435079168,1.06498607611444,1.0892857142857143e-10,0.09119154682835752,10164.547911320406,0.0164547911320406
btc_vol_breakout_2m,0,0.0125,0.06,0.0,0.2,10,high_frequency,0.010234798907132973,1.0234798907132974,0.275,40,-0.07099334047113837,-7.099334047113837,4.554834519030152,1.0621099795515108,3.1458333333333336e-10,0.15586736299944698,10102.34798907133,0.010234798907132973
btc_small_up_10m,0,0.035,0.035,0.0,0.25,10,high_frequency,0.0804896800929686,8.04896800929686,0.5428571428571428,35,-0.07641120051074624,-7.6411200510746236,22.07552786688601,1.3976313571612866,3.352380952380952e-10,0.9280087631733434,10804.896800929686,0.0804896800929686
btc_hl_breakout_6m,0,0.005,0.03,0.0,0.05,10,high_frequency,-0.0007014929271946187,-0.07014929271946187,0.2619047619047619,84,-0.025976158234292113,-2.5976158234292113,-0.8349345072073802,0.9873971249495885,1.1924603174603176e-10,-0.01327527603758092,9992.985070728053,-0.0007014929271946187
btc_vol_breakout_10m,0,0.035,0.015,0.0,0.2,30,high_frequency,0.007258446709039071,0.7258446709039071,0.6410256410256411,39,-0.0523800058485,-5.23800058485,3.740304970031818,1.0503618471114635,2.478632478632479e-10,0.113625227319276,10072.58446709039,0.007258446709039071
btc_hl_breakout_3m,0,0.015,0.045,0.0,0.1,30,high_frequency,0.024716802546954138,2.4716802546954137,0.4,45,-0.027655215800718058,-2.765521580071806,18.853896745670298,1.2941437211713027,2.825925925925926e-10,0.5548590687171512,10247.168025469542,0.024716802546954138
btc_hl_breakout_10m,0,0.015,0.04,0.0,0.2,10,high_frequency,0.04865423057369837,4.865423057369838,0.3829787234042553,47,-0.05991939149965797,-5.991939149965797,17.115363016945413,1.2523167317255186,2.6382978723404256e-10,0.5332206232833263,10486.542305736984,0.04865423057369837
btc_hl_breakout_8m,0,0.005,0.015,0.0,0.15,90,high_frequency,-0.010574277009156868,-1.0574277009156867,0.3118279569892473,93,-0.07843241159275138,-7.843241159275138,-4.666549718497303,0.9387280466332303,9.49820788530466e-11,-0.06745699151063288,9894.257229908431,-0.010574277009156868
btc_hl_breakout_5m,0,0.005,0.025,0.0,0.25,10,high_frequency,0.013277690451889111,1.327769045188911,0.28735632183908044,87,-0.11368081388445928,-11.368081388445928,4.848235750780294,1.0449835477347134,1.1206896551724139e-10,0.07750269473175243,10132.77690451889,0.013277690451889111
btc_hl_breakout_9m,0,0.02,0.015,0.0,0.25,15,high_frequency,0.032584290412135036,3.2584290412135037,0.5303030303030303,66,-0.09459398773218664,-9.459398773218663,9.870963078699715,1.1137911124958235,1.6287878787878788e-10,0.21754843831506845,10325.84290412135,0.032584290412135036
btc_hl_breakout_6m,0,0.015,0.025,0.0,0.2,30,high_frequency,-0.01847507356918286,-1.8475073569182858,0.39285714285714285,56,-0.08080390558516348,-8.08039055851635,-6.849017780224566,0.9108533268111995,1.9851190476190477e-10,-0.15059276186967563,9815.249264308171,-0.01847507356918286
btc_vol_breakout_8m,0,0.01,0.03,0.0,0.2,90,high_frequency,0.028422847657666603,2.84228476576666,0.35555555555555557,45,-0.04012838664314855,-4.012838664314855,14.172963556200763,1.2106308470486074,1.9074074074074075e-10,0.32673080129876525,10284.228476576665,0.028422847657666603
btc_hl_breakout_1m,0,0.015,0.03,0.0,0.05,5,high_frequency,0.007971804197337019,0.7971804197337019,0.4230769230769231,52,-0.013377517921483117,-1.3377517921483117,12.691103603142512,1.1785195142572689,2.429487179487179e-10,0.3103280008734943,10079.71804197337,0.007971804197337019
btc_small_up_9m,0,0.025,0.035,0.0,0.2,90,high_frequency,0.048965784003859904,4.89657840038599,0.5,34,-0.04408207357620697,-4.408207357620697,20.27316637723714,1.3626825270413085,3.176470588235294e-10,0.7284781462064605,10489.657840038599,0.048965784003859904
btc_hl_breakout_7m,0,0.0125,0.05,0.0,0.25,5,high_frequency,0.04760820585705069,4.760820585705069,0.3137254901960784,51,-0.08048439105572991,-8.04843910557299,13.526938146162273,1.182488447158382,2.5e-10,0.40130467095156425,10476.082058570508,0.04760820585705069
btc_bullish,0,0.0125,0.06,0.0,0.15,15,high_frequency,0.04317448189520585,4.317448189520585,0.29411764705882354,51,-0.03631013550134954,-3.631013550134954,19.33149375160925,1.2870796670900106,2.542483660130719e-10,0.5759809368844528,10431.744818952058,0.04317448189520585
btc_alt_aligned,0,0.035,0.05,0.0,0.2,5,high_frequency,0.05741741765362662,5.741741765362662,0.4722222222222222,36,-0.06957313737225701,-6.957313737225701,18.762130764381602,1.2992877911847929,3.930555555555555e-10,0.8176915246324412,10574.174176536266,0.05741741765362662
btc_small_down_10m,0,0.035,0.04,0.0,0.2,15,high_frequency,0.01840043388419815,1.8400433884198149,0.5,28,-0.05523023081832967,-5.523023081832967,7.86654427294301,1.1329110728535696,4.113095238095238e-10,0.35740347307758,10184.004338841982,0.01840043388419815
btc_vol_breakout_10m,0,0.01,0.06,0.0,0.05,90,high_frequency,-0.0004510151293438696,-0.04510151293438696,0.20588235294117646,34,-0.012168215084085943,-1.2168215084085943,-0.703413897760831,0.9842072859687975,2.823529411764706e-10,-0.021856279596677863,9995.489848706562,-0.0004510151293438696
btc_hl_breakout_9m,0,0.0175,0.06,0.0,0.2,90,high_frequency,0.01521134658636165,1.5211346586361651,0.3076923076923077,39,-0.08630353915596733,-8.630353915596734,5.927311960436889,1.0800282668798755,3.337606837606838e-10,0.23075574744488853,10152.113465863617,0.01521134658636165
btc_small_down_10m,0,0.025,0.05,0.0,0.05,90,high_frequency,0.006298082925186736,0.6298082925186737,0.3870967741935484,31,-0.014179576991461329,-1.417957699146133,9.606440369400445,1.1824690623407041,3.741935483870968e-10,0.41346942629497646,10062.980829251868,0.006298082925186736
btc_hl_breakout_4m,0,0.03,0.015,0.0,0.15,15,high_frequency,0.032772819110284034,3.2772819110284033,0.6296296296296297,54,-0.03828063117999059,-3.8280631179990587,16.775262867197537,1.2420257583275427,2.0864197530864197e-10,0.4124084525697196,10327.72819110284,0.032772819110284034
btc_small_up_10m,0,0.0075,0.01,0.0,0.25,10,high_frequency,0.03503912177523348,3.503912177523348,0.46153846153846156,78,-0.06085416677899358,-6.085416677899358,11.491558349979533,1.1542502699844923,8.782051282051282e-11,0.19253853756147904,10350.391217752334,0.03503912177523348
btc_vol_breakout_2m,0,0.02,0.02,0.0,0.1,5,high_frequency,0.011194847750738642,1.1194847750738641,0.5263157894736842,57,-0.03030214395200559,-3.030214395200559,9.129144012730455,1.1197978547194727,1.9912280701754386e-10,0.20345698063608358,10111.948477507387,0.011194847750738642
btc_hl_breakout_10m,0,0.0125,0.01,0.0,0.25,45,high_frequency,0.020618742920655814,2.0618742920655815,0.5421686746987951,83,-0.06941071605743943,-6.941071605743943,6.903669989971896,1.0750466930990579,1.1004016064257029e-10,0.1152636264418023,10206.187429206559,0.020618742920655814
btc_vol_breakout_2m,0,0.01,0.04,0.0,0.05,45,high_frequency,-0.003440800794140989,-0.3440800794140989,0.3050847457627119,59,-0.0168834824276185,-1.6883482427618501,-5.369728234639387,0.9286016726410015,1.9152542372881355e-10,-0.11316610270105584,9965.59199205859,-0.003440800794140989
btc_vol_breakout_9m,0,0.005,0.01,0.0,0.15,15,high_frequency,-0.015020824665606097,-1.5020824665606096,0.3968253968253968,63,-0.040187267352102096,-4.01872673521021,-10.339069506413542,0.8539685596404566,8.73015873015873e-11,-0.15406214278892552,9849.79175334394,-0.015020824665606097
btc_vol_breakout_9m,0,0.0175,0.025,0.0,0.25,45,high_frequency,0.022285519961942828,2.2285519961942826,0.43243243243243246,37,-0.06460570939344146,-6.460570939344146,9.173946587543162,1.1328522519805917,2.5585585585585584e-10,0.2609985876566159,10222.85519961943,0.022285519961942828
btc_hl_breakout_4m,0,0.01,0.035,0.0,0.2,20,high_frequency,0.0354698444653877,3.54698444653877,0.36666666666666664,60,-0.04749361566044685,-4.749361566044685,14.458928825980614,1.1839346835053208,1.8694444444444444e-10,0.30775568575396184,10354.698444653877,0.0354698444653877
btc_vol_breakout_8m,0,0.0075,0.01,0.0,0.1,10,high_frequency,-0.010061291797465321,-1.0061291797465322,0.45161290322580644,62,-0.029920530540569645,-2.9920530540569645,-10.280426756141901,0.8596432447173019,1.0188172043010754e-10,-0.15889252121482508,9899.387082025347,-0.010061291797465321
btc_hl_breakout_5m,0,0.0075,0.025,0.0,0.15,45,high_frequency,-0.012891252276932573,-1.2891252276932572,0.33783783783783783,74,-0.07083367692403564,-7.083367692403564,-6.299267193217842,0.9246690922942883,1.536036036036036e-10,-0.10697636887834353,9871.087477230674,-0.012891252276932573
btc_vol_breakout_3m,0,0.0125,0.045,0.0,0.05,10,high_frequency,0.004806707641965369,0.4806707641965369,0.36363636363636365,44,-0.014465980156025071,-1.4465980156025071,7.532286769814444,1.1125010180611654,2.4545454545454546e-10,0.2239740202250627,10048.067076419653,0.004806707641965369
btc_small_down_10m,0,0.035,0.035,0.0,0.2,45,high_frequency,0.02502401583460371,2.502401583460371,0.5483870967741935,31,-0.05523023081832712,-5.5230230818327115,10.455641838248058,1.179123103694581,3.639784946236559e-10,0.4269017941027245,10250.240158346038,0.02502401583460371
btc_hl_breakout_6m,0,0.0125,0.06,0.0,0.1,60,high_frequency,-0.006911101845554129,-0.6911101845554128,0.25,44,-0.04123374818758141,-4.1233748187581405,-4.700754157732926,0.925123722024248,2.787878787878788e-10,-0.14410682956166673,9930.888981544458,-0.006911101845554129
btc_vol_breakout_8m,0,0.0125,0.06,0.0,0.25,45,high_frequency,0.010543661599594816,1.0543661599594816,0.25,32,-0.06466859424758042,-6.466859424758042,4.550830557166984,1.068020412698544,3.21875e-10,0.1593369372581745,10105.436615995948,0.010543661599594816
btc_hl_breakout_7m,0,0.0125,0.025,0.0,0.15,30,high_frequency,0.031348508673123596,3.1348508673123594,0.40298507462686567,67,-0.04861483168914049,-4.861483168914049,14.846954933634555,1.1901507308400887,1.691542288557214e-10,0.3212220228309993,10313.485086731236,0.031348508673123596
btc_vol_breakout_9m,0,0.005,0.04,0.0,0.1,30,high_frequency,0.00647893757378306,0.647893757378306,0.26,50,-0.025235480247568054,-2.5235480247568054,6.516561498849559,1.094799765322809,1.6299999999999998e-10,0.1360923969639947,10064.78937573783,0.00647893757378306
btc_vol_breakout_8m,0,0.025,0.05,0.0,0.05,20,high_frequency,0.012898366123575818,1.2898366123575817,0.44,25,-0.010509443626641968,-1.0509443626641968,21.84307093790896,1.5058006862982978,4.6266666666666667e-10,1.0349023789127432,10128.983661235758,0.012898366123575818
btc_vol_breakout_2m,0,0.025,0.06,0.0,0.25,45,high_frequency,0.04802984891286737,4.802984891286737,0.37142857142857144,35,-0.0777343788443694,-7.77343788443694,14.348695662902056,1.2107258082755155,3.7952380952380956e-10,0.5863602120233619,10480.298489128674,0.04802984891286737
btc_alt_aligned,0,0.0075,0.05,0.0,0.2,20,high_frequency,0.02403796015731616,2.4037960157316163,0.2361111111111111,72,-0.07838002563802204,-7.838002563802204,8.538173727056355,1.099023701891962,1.8680555555555557e-10,0.18637547017451503,10240.379601573162,0.02403796015731616
btc_vol_breakout_8m,0,0.02,0.05,0.0,0.15,15,high_frequency,0.028291293744594805,2.8291293744594803,0.39285714285714285,28,-0.03137507726967559,-3.137507726967559,16.607502380698982,1.345879280449369,3.9345238095238094e-10,0.6838800096074716,10282.912937445948,0.028291293744594805
btc_hl_breakout_1m,0,0.035,0.06,0.0,0.05,30,high_frequency,0.01458201375241345,1.458201375241345,0.46153846153846156,26,-0.017214560791768085,-1.7214560791768085,20.979191104233003,1.4266049709384583,5.211538461538462e-10,1.1273622815877096,10145.820137524135,0.01458201375241345
btc_hl_breakout_3m,0,0.005,0.01,0.0,0.15,60,high_frequency,-0.04674547118802834,-4.674547118802834,0.3958333333333333,96,-0.0761917406175322,-7.61917406175322,-31.226265360246042,0.6936082361019408,8.038194444444445e-11,-0.32808729648666474,9532.545288119716,-0.04674547118802834
btc_hl_breakout_7m,0,0.035,0.05,0.0,0.25,5,high_frequency,0.043763808855509845,4.376380885550985,0.45454545454545453,33,-0.101317117831493,-10.1317117831493,12.228693689296765,1.1900251068026162,4.1464646464646464e-10,0.5731500796335044,10437.638088555099,0.043763808855509845
btc_vol_breakout_3m,0,0.035,0.01,0.0,0.2,60,high_frequency,0.03914001741773129,3.9140017417731294,0.7358490566037735,53,-0.046179906137247206,-4.617990613724721,15.724039968513521,1.2518043469816076,1.9748427672955974e-10,0.3792684601495783,10391.400174177314,0.03914001741773129
btc_bullish,0,0.015,0.03,0.0,0.1,20,high_frequency,0.02349266432623916,2.349266432623916,0.3898305084745763,59,-0.025149318702249013,-2.5149318702249013,15.871223528881766,1.2194216358369006,2.15819209039548e-10,0.4052500800921759,10234.926643262392,0.02349266432623916
btc_hl_breakout_4m,0,0.035,0.035,0.0,0.05,45,high_frequency,0.012579905908960564,1.2579905908960565,0.5526315789473685,38,-0.0147526073685329,-1.47526073685329,18.48785881432977,1.3176718220248185,3.5657894736842104e-10,0.6654402519368252,10125.799059089606,0.012579905908960564
btc_small_up_9m,0,0.02,0.015,0.0,0.05,15,high_frequency,0.010823135469922238,1.0823135469922238,0.5576923076923077,52,-0.00876640123244754,-0.876640123244754,18.108374145348126,1.2951220643472394,1.730769230769231e-10,0.41837977264423926,10108.231354699223,0.010823135469922238
btc_hl_breakout_5m,0,0.01,0.05,0.0,0.25,10,high_frequency,0.0270549989252022,2.70549989252022,0.29411764705882354,51,-0.07366296380949211,-7.366296380949211,8.922086811648645,1.1118814785154736,2.4640522875816996e-10,0.23988682118726146,10270.549989252022,0.0270549989252022
btc_hl_breakout_10m,0,0.015,0.035,0.0,0.05,15,high_frequency,0.01147985493187885,1.147985493187885,0.38461538461538464,52,-0.015238581553116859,-1.523858155311686,15.944968597217104,1.2313925458040975,2.25e-10,0.4458336744223334,10114.798549318788,0.01147985493187885
btc_vol_breakout_9m,0,0.035,0.025,0.0,0.15,15,high_frequency,0.03939248377160493,3.939248377160493,0.6206896551724138,29,-0.030753607185527,-3.0753607185527,23.89696476778928,1.4839148090059393,3.5459770114942525e-10,0.9071553760431786,10393.92483771605,0.03939248377160493
btc_vol_breakout_3m,0,0.025,0.06,0.0,0.05,15,high_frequency,0.006960385305306437,0.6960385305306437,0.35714285714285715,28,-0.018794136580425502,-1.8794136580425502,10.353842649025312,1.1863565461254877,4.392857142857143e-10,0.5075628846513734,10069.603853053064,0.006960385305306437
btc_alt_aligned,0,0.015,0.03,0.0,0.05,60,high_frequency,0.01025020404668486,1.0250204046684859,0.3787878787878788,66,-0.015361863445480739,-1.536186344548074,13.495901393137032,1.175449942821919,2.0656565656565657e-10,0.3146547241762064,10102.502040466848,0.01025020404668486
btc_hl_breakout_3m,0,0.0075,0.04,0.0,0.1,45,high_frequency,0.0006924602638212377,0.06924602638212378,0.3064516129032258,62,-0.03455957988956704,-3.455957988956704,0.9188563081840156,1.0070728792854882,1.8279569892473118e-10,0.019090358320533025,10006.924602638212,0.0006924602638212377
btc_hl_breakout_7m,0,0.025,0.06,0.0,0.25,10,high_frequency,0.05854222129360087,5.854222129360087,0.35294117647058826,34,-0.08867102998677845,-8.867102998677845,15.897692753398351,1.2532079624320505,3.926470588235294e-10,0.726857471812616,10585.42221293601,0.05854222129360087
btc_small_up_10m,0,0.02,0.015,0.0,0.05,15,high_frequency,0.009807168702629685,0.9807168702629685,0.5254237288135594,59,-0.015427617432820062,-1.5427617432820062,13.827702228862115,1.203900840150589,1.5847457627118643e-10,0.33615965730358366,10098.071687026297,0.009807168702629685
btc_hl_breakout_3m,0,0.03,0.05,0.0,0.25,30,high_frequency,0.021854983999784326,2.1854983999784325,0.4375,32,-0.09587521856724679,-9.58752185672468,7.220821334359081,1.1008305360618256,4.2760416666666667e-10,0.3182954953149519,10218.549839997842,0.021854983999784326
btc_vol_breakout_10m,0,0.025,0.025,0.0,0.15,60,high_frequency,0.048605483144786625,4.860548314478662,0.5757575757575758,33,-0.024515178030908302,-2.4515178030908302,29.874627688834558,1.6116393887815426,2.7323232323232326e-10,0.9751345805346043,10486.054831447866,0.048605483144786625
btc_hl_breakout_3m,0,0.025,0.02,0.0,0.15,10,high_frequency,0.030746126063710404,3.07461260637104,0.5714285714285714,49,-0.04086200866128331,-4.0862008661283316,15.929776450727909,1.2296097280792957,2.360544217687075e-10,0.427426493445977,10307.461260637105,0.030746126063710404
btc_bullish,0,0.015,0.01,0.0,0.1,90,high_frequency,0.009231600310606063,0.9231600310606063,0.5490196078431373,102,-0.029255780065654213,-2.9255780065654213,6.637468899263553,1.0695130179770989,1.1470588235294119e-10,0.09667613275429221,10092.316003106062,0.009231600310606063
btc_hl_breakout_9m,0,0.01,0.025,0.0,0.2,5,high_frequency,0.024000919879406137,2.4000919879406135,0.36764705882352944,68,-0.07177796964496796,-7.177796964496796,9.316564143479539,1.1101383646924279,1.590686274509804e-10,0.19189350582587902,10240.009198794061,0.024000919879406137
btc_small_up_9m,0,0.01,0.01,0.0,0.15,20,high_frequency,0.008125078266693526,0.8125078266693526,0.5161290322580645,62,-0.03256111545949836,-3.2561115459498358,5.486259170034427,1.0760488892715268,1.185483870967742e-10,0.09537863362828759,10081.250782666935,0.008125078266693526
btc_vol_breakout_2m,0,0.0075,0.03,0.0,0.15,90,high_frequency,-0.011002985770524014,-1.1002985770524014,0.29577464788732394,71,-0.048031316783179734,-4.803131678317973,-5.652784745128473,0.9276241819961772,1.5375586854460094e-10,-0.09487299108492066,9889.97014229476,-0.011002985770524014
btc_hl_breakout_3m,0,0.005,0.045,0.0,0.15,90,high_frequency,0.0012125431051259283,0.12125431051259283,0.23880597014925373,67,-0.05360347399163745,-5.360347399163745,1.2002389857537965,1.0088663752108304,1.5472636815920398e-10,0.022448222655865036,10012.12543105126,0.0012125431051259283
btc_hl_breakout_3m,0,0.03,0.01,0.0,0.1,45,high_frequency,0.022225490177303107,2.222549017730311,0.711864406779661,59,-0.02614183049920693,-2.614183049920693,17.232514368568214,1.2652354581798946,1.8531073446327685e-10,0.3810552604414012,10222.25490177303,0.022225490177303107
btc_vol_breakout_8m,0,0.015,0.02,0.0,0.2,30,high_frequency,0.03659952549033983,3.6599525490339833,0.4782608695652174,46,-0.04119975933775921,-4.119975933775921,17.889862275685598,1.275660204435943,1.7934782608695651e-10,0.40494831400707876,10365.995254903399,0.03659952549033983
btc_vol_breakout_8m,0,0.01,0.025,0.0,0.05,30,high_frequency,0.005231339225717892,0.5231339225717893,0.3617021276595745,47,-0.011176745877070293,-1.1176745877070293,10.51775195792951,1.158490469331356,1.7553191489361701e-10,0.22570464869191842,10052.31339225718,0.005231339225717892
btc_vol_breakout_8m,0,0.0075,0.04,0.0,0.2,20,high_frequency,0.0077925600236539595,0.7792560023653959,0.28888888888888886,45,-0.055683758668866545,-5.5683758668866545,4.282000313068052,1.0545030414240462,2.0962962962962963e-10,0.10150566724775673,10077.92560023654,0.0077925600236539595
btc_hl_breakout_5m,0,0.01,0.045,0.0,0.15,30,high_frequency,0.012729984124738712,1.2729984124738711,0.30357142857142855,56,-0.04734353017403781,-4.73435301740378,6.933413305482898,1.087402084358441,2.1666666666666667e-10,0.16508541177905212,10127.299841247386,0.012729984124738712
btc_hl_breakout_4m,0,0.0175,0.015,0.0,0.15,45,high_frequency,0.011396480762657028,1.1396480762657029,0.5454545454545454,66,-0.03927052606762638,-3.9270526067626377,6.401755885962755,1.074187886677325,1.5782828282828282e-10,0.12568010742958263,10113.96480762657,0.011396480762657028
btc_vol_breakout_3m,0,0.035,0.015,0.0,0.2,45,high_frequency,0.07373822046479782,7.3738220464797815,0.717391304347826,46,-0.03899366363109891,-3.8993663631098907,30.9667185272197,1.5846038584968107,2.1956521739130435e-10,0.7899067362632191,10737.382204647978,0.07373822046479782
btc_alt_aligned,0,0.02,0.04,0.0,0.1,10,high_frequency,0.01746606011137302,1.746606011137302,0.40384615384615385,52,-0.035385430591968636,-3.5385430591968636,11.644929414594257,1.1610147066959153,2.669871794871795e-10,0.3462063442261741,10174.66060111373,0.01746606011137302
btc_small_down_10m,0,0.02,0.06,0.0,0.25,15,high_frequency,0.037717057325543056,3.7717057325543055,0.35294117647058826,34,-0.06713853403489312,-6.713853403489312,12.075660667769101,1.1968417329015435,3.147058823529412e-10,0.47429094982887204,10377.170573255431,0.037717057325543056
btc_hl_breakout_6m,0,0.03,0.015,0.0,0.15,10,high_frequency,-0.0068870522014998865,-0.6887052201499887,0.5769230769230769,52,-0.06413790407244768,-6.413790407244768,-3.1054430269238904,0.9523347208636181,2.182692307692308e-10,-0.07532948232327366,9931.129477985001,-0.0068870522014998865
btc_hl_breakout_8m,0,0.015,0.015,0.0,0.15,5,high_frequency,0.02253885292560576,2.253885292560576,0.5,70,-0.04683805596388824,-4.683805596388824,11.101484108335747,1.1410052735857306,1.4476190476190475e-10,0.22502628362564914,10225.388529256057,0.02253885292560576
btc_vol_breakout_10m,0,0.03,0.025,0.0,0.2,5,high_frequency,0.0593052396838051,5.93052396838051,0.59375,32,-0.03258896282641599,-3.258896282641599,27.02989015517485,1.5246901215662363,2.9375e-10,0.9234085116921442,10593.052396838051,0.0593052396838051
btc_hl_breakout_10m,0,0.03,0.03,0.0,0.2,20,high_frequency,0.050964078517233294,5.096407851723329,0.55,40,-0.062843270351572,-6.2843270351572,17.64738611204568,1.2756781511563051,3.1458333333333336e-10,0.653959524829607,10509.640785172332,0.050964078517233294
btc_small_down_10m,0,0.035,0.01,0.0,0.25,90,high_frequency,0.1114997301793951,11.14997301793951,0.7209302325581395,43,-0.03424395146327763,-3.4243951463277633,38.544744413528356,1.8324734957613773,2.1124031007751936e-10,1.0035677387347233,11114.997301793952,0.1114997301793951
btc_hl_breakout_1m,0,0.015,0.035,0.0,0.15,45,high_frequency,0.014792177579499572,1.4792177579499572,0.3877551020408163,49,-0.044684522704807494,-4.46845227048075,8.267888542257586,1.1059877543108187,2.615646258503401e-10,0.2155249903672971,10147.921775794995,0.014792177579499572
btc_hl_breakout_10m,0,0.025,0.025,0.0,0.15,45,high_frequency,0.05442812554953409,5.442812554953409,0.5555555555555556,45,-0.03641041962361802,-3.6410419623618018,24.906089070770914,1.41930386489612,2.766666666666667e-10,0.8061702947184655,10544.281255495342,0.05442812554953409
btc_vol_breakout_10m,0,0.0125,0.015,0.0,0.1,5,high_frequency,0.007114819072135117,0.7114819072135117,0.4897959183673469,49,-0.019896947351056737,-1.9896947351056737,7.49508959263353,1.1131448664781103,1.3435374149659864e-10,0.15050929708637484,10071.148190721351,0.007114819072135117
btc_hl_breakout_8m,0,0.03,0.025,0.0,0.1,60,high_frequency,0.021876349193565455,2.1876349193565456,0.5348837209302325,43,-0.028646936729903594,-2.8646936729903594,15.205372321688854,1.2389096117570257,2.9069767441860465e-10,0.5182782472608328,10218.763491935655,0.021876349193565455
btc_vol_breakout_3m,0,0.03,0.05,0.0,0.05,90,high_frequency,0.005919623273132482,0.5919623273132482,0.4482758620689655,29,-0.020052368886563143,-2.0052368886563143,8.835615377697314,1.1573900086879547,4.3908045977011496e-10,0.4171264990762427,10059.196232731325,0.005919623273132482
btc_hl_breakout_6m,0,0.0075,0.03,0.0,0.15,10,high_frequency,-0.01934063262191662,-1.9340632621916618,0.3,70,-0.07476586136487084,-7.476586136487084,-9.8540968318656,0.8839071750036086,1.6452380952380952e-10,-0.17581347496215657,9806.593673780833,-0.01934063262191662
btc_hl_breakout_2m,0,0.0075,0.015,0.0,0.25,90,high_frequency,-0.028374555117567434,-2.8374555117567435,0.3953488372093023,86,-0.10544001391296776,-10.544001391296776,-8.608865002619842,0.8998376795715858,1.0562015503875968e-10,-0.12099503633159797,9716.254448824326,-0.028374555117567434
btc_hl_breakout_6m,0,0.01,0.035,0.0,0.2,10,high_frequency,0.002871208155014028,0.28712081550140284,0.3114754098360656,61,-0.06707815858077892,-6.707815858077892,1.8661737595868368,1.0135101856824693,1.8114754098360656e-10,0.041378688613016426,10028.71208155014,0.002871208155014028
btc_vol_breakout_3m,0,0.035,0.025,0.0,0.15,90,high_frequency,0.0340044909042884,3.40044909042884,0.6216216216216216,37,-0.034161850818027806,-3.4161850818027806,17.50469450035844,1.3063820518316607,3.202702702702703e-10,0.6219426835886457,10340.044909042885,0.0340044909042884
btc_hl_breakout_9m,0,0.03,0.015,0.0,0.15,20,high_frequency,0.01976998694636911,1.9769986946369111,0.5925925925925926,54,-0.06060108261175956,-6.060108261175956,9.77200739021712,1.1326894965523362,2.2438271604938273e-10,0.2583191169708526,10197.699869463691,0.01976998694636911
btc_hl_breakout_8m,0,0.035,0.06,0.0,0.25,45,high_frequency,0.052166170010018234,5.216617001001824,0.41379310344827586,29,-0.10173626698863847,-10.173626698863847,14.361689103030171,1.2285785568583527,4.712643678160919e-10,0.7704698158987229,10521.661700100183,0.052166170010018234
btc_hl_breakout_5m,0,0.03,0.035,0.0,0.15,5,high_frequency,0.0020170835203067554,0.20170835203067555,0.46153846153846156,39,-0.06862651259406993,-6.862651259406993,1.6005888435726991,1.0145434568936644,3.3675213675213676e-10,0.053826174313296865,10020.170835203067,0.0020170835203067554
btc_hl_breakout_10m,0,0.0175,0.025,0.0,0.15,20,high_frequency,0.03551807670624687,3.551807670624687,0.4827586206896552,58,-0.04899029051664394,-4.899029051664394,16.65391058847867,1.2231303315225461,1.9626436781609197e-10,0.4178365081901555,10355.18076706247,0.03551807670624687
btc_hl_breakout_9m,0,0.005,0.01,0.0,0.2,15,high_frequency,-0.022586911416660475,-2.2586911416660476,0.37962962962962965,108,-0.10648558319000978,-10.648558319000978,-7.744137990123891,0.905819492693632,7.700617283950617e-11,-0.0962416245304823,9774.130885833396,-0.022586911416660475
btc_hl_breakout_5m,0,0.005,0.045,0.0,0.15,60,high_frequency,0.020045991842606418,2.0045991842606417,0.24285714285714285,70,-0.06705008970751236,-6.705008970751236,10.061841431157276,1.1312976187611774,1.5214285714285713e-10,0.2023312642550706,10200.459918426064,0.020045991842606418
btc_vol_breakout_3m,0,0.015,0.045,0.0,0.15,45,high_frequency,0.02190484557929983,2.1904845579299828,0.3902439024390244,41,-0.041907551659581266,-4.190755165958127,11.620496960476665,1.1775006642283,2.747967479674797e-10,0.3713524904327847,10219.048455792998,0.02190484557929983
btc_vol_breakout_2m,0,0.02,0.03,0.0,0.1,20,high_frequency,0.015130733588391706,1.5130733588391705,0.48936170212765956,47,-0.02634441959450906,-2.634441959450906,11.887201690504083,1.1703972594872234,2.652482269503546e-10,0.3301175121202491,10151.307335883917,0.015130733588391706
btc_hl_breakout_4m,0,0.015,0.035,0.0,0.05,20,high_frequency,0.014492513937813914,1.4492513937813913,0.43137254901960786,51,-0.01283290917904012,-1.283290917904012,21.94390491220546,1.3318878064069,2.2810457516339868e-10,0.5700267272101255,10144.92513937814,0.014492513937813914
btc_hl_breakout_6m,0,0.005,0.02,0.0,0.1,90,high_frequency,-0.005710326969250321,-0.5710326969250321,0.29213483146067415,89,-0.04969628035080176,-4.969628035080175,-3.8382277049327893,0.9500571397469173,1.0805243445692885e-10,-0.058133933783457256,9942.896730307497,-0.005710326969250321
btc_vol_breakout_8m,0,0.015,0.02,0.0,0.1,5,high_frequency,0.018458264432331714,1.8458264432331715,0.4782608695652174,46,-0.02075483797289246,-2.075483797289246,17.890345039085474,1.285709553787396,1.7934782608695651e-10,0.40494831400708337,10184.582644323316,0.018458264432331714
btc_hl_breakout_9m,0,0.01,0.03,0.0,0.1,60,high_frequency,0.010056023767363888,1.0056023767363889,0.34375,64,-0.038647410411716154,-3.8647410411716154,7.5295886210204355,1.096193971957341,1.7265625e-10,0.16578287006510659,10100.560237673639,0.010056023767363888
btc_hl_breakout_3m,0,0.025,0.045,0.0,0.1,45,high_frequency,0.021597655916224777,2.159765591622478,0.4722222222222222,36,-0.03833658802456974,-3.833658802456974,16.077523977359963,1.269520644982366,3.657407407407407e-10,0.6088755667166506,10215.976559162247,0.021597655916224777
btc_hl_breakout_9m,0,0.0125,0.015,0.0,0.2,5,high_frequency,0.026593790283854127,2.6593790283854126,0.46153846153846156,78,-0.07096588448342411,-7.096588448342411,9.993661661130238,1.1138827469387966,1.2713675213675213e-10,0.1839149893002045,10265.937902838541,0.026593790283854127
btc_hl_breakout_9m,0,0.03,0.02,0.0,0.2,45,high_frequency,0.05379864021677424,5.379864021677424,0.574468085106383,47,-0.06498030414180656,-6.498030414180656,19.26171948180096,1.29313510796268,2.471631205673759e-10,0.5827018264280722,10537.986402167742,0.05379864021677424
btc_small_up_10m,0,0.0175,0.025,0.0,0.1,60,high_frequency,0.019932752964966344,1.9932752964966345,0.44,50,-0.03431309645052105,-3.4313096450521052,14.591848369239658,1.226145472586801,1.9266666666666667e-10,0.4060134439572381,10199.327529649663,0.019932752964966344
btc_hl_breakout_2m,0,0.0125,0.01,0.0,0.25,5,high_frequency,-0.0014756836788531928,-0.1475683678853193,0.5697674418604651,86,-0.08969161086805,-8.969161086805,0.39467465952179265,0.9943438383366531,1.0891472868217054e-10,0.005732432369405275,9985.243163211468,-0.0014756836788531928
btc_hl_breakout_5m,0,0.02,0.01,0.0,0.15,10,high_frequency,0.004950745694072611,0.49507456940726113,0.6027397260273972,73,-0.04837030269186671,-4.837030269186671,3.129242944685288,1.0327383109722812,1.360730593607306e-10,0.05460066555197823,10049.507456940726,0.004950745694072611
btc_hl_breakout_6m,0,0.015,0.045,0.0,0.25,60,high_frequency,-0.018512567126586284,-1.8512567126586283,0.3111111111111111,45,-0.09536258825635491,-9.53625882563549,-4.968862984354029,0.9206760314984934,2.7518518518518523e-10,-0.14000166239156792,9814.874328734137,-0.018512567126586284
btc_alt_aligned,0,0.025,0.04,0.0,0.25,10,high_frequency,0.05836281954623605,5.8362819546236056,0.4444444444444444,45,-0.07998898456325632,-7.998898456325632,15.777075768290262,1.2220098202213772,3.1e-10,0.542190793871645,10583.628195462361,0.05836281954623605
btc_small_up_9m,0,0.0175,0.02,0.0,0.15,5,high_frequency,0.01980363054399893,1.980363054399893,0.46938775510204084,49,-0.03152613293278084,-3.1526132932780837,12.875088382178216,1.178593762891998,1.816326530612245e-10,0.277485784762939,10198.03630543999,0.01980363054399893
btc_hl_breakout_2m,0,0.02,0.01,0.0,0.15,5,high_frequency,0.003752660044156437,0.3752660044156437,0.5972222222222222,72,-0.047810970352336724,-4.781097035233673,2.504387249043604,1.024584586788821,1.3935185185185185e-10,0.04451784680872459,10037.526600441564,0.003752660044156437
btc_hl_breakout_1m,0,0.03,0.04,0.0,0.1,45,high_frequency,0.020482986917024094,2.0482986917024095,0.5,38,-0.02916755217529965,-2.916755217529965,15.790729771016016,1.2439221268324219,3.535087719298245e-10,0.5480307462851901,10204.82986917024,0.020482986917024094
btc_hl_breakout_2m,0,0.01,0.015,0.0,0.05,90,high_frequency,0.003932913074699957,0.3932913074699957,0.45,80,-0.018301461034823108,-1.8301461034823108,6.430618304749163,1.0757912103997864,1.1625e-10,0.10122349774303817,10039.329130746999,0.003932913074699957
btc_hl_breakout_5m,0,0.0075,0.035,0.0,0.1,45,high_frequency,-0.0033776492456037205,-0.33776492456037205,0.296875,64,-0.044365472949356,-4.4365472949356,-2.2435451222112976,0.9685439956940645,1.8671875e-10,-0.044634409374166836,9966.223507543962,-0.0033776492456037205
btc_hl_breakout_2m,0,0.015,0.04,0.0,0.25,20,high_frequency,0.04245329464614697,4.245329464614697,0.3829787234042553,47,-0.06683203598610088,-6.683203598610088,13.791800603076933,1.1860767267674945,2.7056737588652484e-10,0.3817168350876148,10424.53294646147,0.04245329464614697
btc_vol_breakout_9m,0,0.0125,0.025,0.0,0.2,15,high_frequency,0.030202904661005708,3.0202904661005707,0.4146341463414634,41,-0.04822078566168442,-4.822078566168441,15.14236570900418,1.2349188998464926,2.0772357723577235e-10,0.3789277675452155,10302.029046610058,0.030202904661005708
btc_hl_breakout_3m,0,0.005,0.025,0.0,0.1,10,high_frequency,-0.01174392048681848,-1.174392048681848,0.2716049382716049,81,-0.04064041987876821,-4.064041987876821,-9.741726970906127,0.8857207175297709,1.1111111111111112e-10,-0.14055966195924782,9882.560795131816,-0.01174392048681848
btc_hl_breakout_8m,0,0.035,0.06,0.0,0.15,90,high_frequency,0.03219954871310829,3.219954871310829,0.41379310344827586,29,-0.06216437656935869,-6.216437656935869,14.415080102074526,1.2422562518630957,4.712643678160919e-10,0.7704698158987242,10321.995487131084,0.03219954871310829
btc_hl_breakout_9m,0,0.03,0.06,0.0,0.15,90,high_frequency,0.023692280921854308,2.369228092185431,0.4,30,-0.0632551379411167,-6.32551379411167,10.944855907649995,1.17863147277166,4.5444444444444444e-10,0.5597834311861604,10236.922809218544,0.023692280921854308
btc_alt_aligned,0,0.015,0.025,0.0,0.25,15,high_frequency,0.04147646536394814,4.147646536394814,0.4225352112676056,71,-0.08136168358456575,-8.136168358456574,11.730708405394116,1.1279772578213578,1.9061032863849767e-10,0.2534965406526115,10414.764653639482,0.04147646536394814
btc_hl_breakout_4m,0,0.015,0.025,0.0,0.05,5,high_frequency,0.010286351927452761,1.0286351927452762,0.47368421052631576,57,-0.01115414550231042,-1.115414550231042,16.054781185541184,1.2202227456336843,1.935672514619883e-10,0.3639045525839582,10102.863519274528,0.010286351927452761
btc_alt_aligned,0,0.0175,0.035,0.0,0.2,10,high_frequency,0.029926581031025034,2.9926581031025035,0.39344262295081966,61,-0.07486267795295976,-7.4862677952959755,10.504623235428348,1.117933010644505,2.243169398907104e-10,0.26551100992565646,10299.265810310251,0.029926581031025034
btc_hl_breakout_6m,0,0.01,0.04,0.0,0.05,5,high_frequency,0.0007284299716453574,0.07284299716453574,0.2982456140350877,57,-0.01728307972197396,-1.728307972197396,1.3027395601058747,1.0148548718487684,2.1023391812865497e-10,0.030188136715641644,10007.284299716453,0.0007284299716453574
btc_hl_breakout_10m,0,0.0175,0.06,0.0,0.15,10,high_frequency,0.025133238756105947,2.513323875610595,0.3,40,-0.05458151242804321,-5.4581512428043215,11.502486063764296,1.1711266589647213,3.225e-10,0.444741893636577,10251.332387561059,0.025133238756105947
btc_hl_breakout_6m,0,0.005,0.02,0.0,0.25,5,high_frequency,-0.016259791768739297,-1.6259791768739298,0.29213483146067415,89,-0.12074584161362201,-12.0745841613622,-3.863947904821205,0.9448694221241427,1.0805243445692885e-10,-0.05813393378345778,9837.402082312607,-0.016259791768739297
btc_vol_breakout_8m,0,0.035,0.05,0.0,0.25,15,high_frequency,0.028810484802027712,2.881048480202771,0.4583333333333333,24,-0.07843926805552126,-7.843926805552126,9.706501558631706,1.173822524015212,5.083333333333333e-10,0.5282242915076747,10288.104848020277,0.028810484802027712
btc_hl_breakout_8m,0,0.015,0.025,0.0,0.1,90,high_frequency,0.020889300306553026,2.0889300306553027,0.4482758620689655,58,-0.03060794620004126,-3.060794620004126,14.87806540709547,1.2057806878599189,1.9195402298850575e-10,0.3670728237107975,10208.89300306553,0.020889300306553026
btc_small_up_9m,0,0.025,0.045,0.0,0.25,20,high_frequency,0.054466480012968665,5.446648001296866,0.46875,32,-0.060171612733489255,-6.0171612733489255,18.103094541428447,1.3217549266514002,3.3177083333333336e-10,0.6969808218197949,10544.664800129687,0.054466480012968665
btc_hl_breakout_9m,0,0.03,0.035,0.0,0.05,45,high_frequency,0.009939456501746645,0.9939456501746645,0.48717948717948717,39,-0.020657059154643442,-2.0657059154643442,13.818842786907208,1.223491747813192,3.2649572649572653e-10,0.5157004540142456,10099.394565017466,0.009939456501746645
btc_vol_breakout_10m,0,0.005,0.025,0.0,0.05,15,high_frequency,0.004039527337046854,0.40395273370468543,0.3148148148148148,54,-0.012873044342728734,-1.2873044342728734,8.204712015644628,1.118874101774182,1.2314814814814815e-10,0.15244981230963237,10040.395273370468,0.004039527337046854
btc_hl_breakout_4m,0,0.02,0.025,0.0,0.05,10,high_frequency,0.008525201910360039,0.8525201910360038,0.5098039215686274,51,-0.013276737647385572,-1.3276737647385572,13.046569251000303,1.182217698315184,2.441176470588235e-10,0.33836820824815106,10085.2520191036,0.008525201910360039
btc_small_up_10m,0,0.02,0.04,0.0,0.1,60,high_frequency,0.02800732431367386,2.8007324313673863,0.4222222222222222,45,-0.029995385044922163,-2.9995385044922163,19.28099667062208,1.3126342164884883,2.2407407407407407e-10,0.6281670506361355,10280.073243136738,0.02800732431367386
btc_hl_breakout_9m,0,0.0175,0.04,0.0,0.05,45,high_frequency,0.004919444030735627,0.4919444030735627,0.3673469387755102,49,-0.022557432283521583,-2.2557432283521583,7.025391647082813,1.0970973042797505,2.530612244897959e-10,0.20690258999076136,10049.194440307356,0.004919444030735627
btc_small_down_10m,0,0.015,0.03,0.0,0.2,10,high_frequency,0.05424124594320904,5.4241245943209035,0.4375,48,-0.04550160250348356,-4.550160250348356,24.292404879646924,1.3770471973462908,1.9270833333333333e-10,0.5660147632448652,10542.412459432091,0.05424124594320904
btc_small_up_9m,0,0.035,0.06,0.0,0.1,45,high_frequency,0.023747454084323442,2.3747454084323443,0.45454545454545453,22,-0.026556735411607302,-2.65567354116073,17.96785392014581,1.4081497485760317,5.5e-10,1.0927993795983177,10237.474540843234,0.023747454084323442
btc_hl_breakout_5m,0,0.025,0.045,0.0,0.1,10,high_frequency,0.012540617732795203,1.2540617732795203,0.425,40,-0.03733660091621538,-3.733660091621538,9.498591912864654,1.1383065729165767,3.2e-10,0.3256814617669514,10125.406177327952,0.012540617732795203
btc_hl_breakout_4m,0,0.0175,0.05,0.0,0.2,90,high_frequency,0.007634953747291275,0.7634953747291274,0.35,40,-0.05674487082471391,-5.674487082471391,3.611876399549135,1.0409991083224555,3.1583333333333333e-10,0.12504986203837876,10076.349537472914,0.007634953747291275
btc_vol_breakout_2m,0,0.0175,0.05,0.0,0.25,20,high_frequency,0.03101715403449275,3.101715403449275,0.3488372093023256,43,-0.06441185534559624,-6.441185534559624,10.27522994348742,1.1345289356428225,2.8410852713178295e-10,0.31915603860814973,10310.171540344927,0.03101715403449275
btc_vol_breakout_10m,0,0.005,0.03,0.0,0.2,30,high_frequency,0.009394226299047728,0.9394226299047728,0.2857142857142857,49,-0.053993369636261335,-5.3993369636261335,5.208723460827038,1.0702475651763688,1.414965986394558e-10,0.10831955221046674,10093.942262990477,0.009394226299047728
btc_small_down_10m,0,0.01,0.02,0.0,0.05,10,high_frequency,0.01416155036770769,1.4161550367707691,0.42857142857142855,63,-0.010608566554123122,-1.0608566554123122,26.05733987789688,1.3874190808441742,1.2169312169312168e-10,0.4497161987482777,10141.615503677076,0.01416155036770769
btc_small_up_9m,0,0.0075,0.025,0.0,0.2,90,high_frequency,0.01549854775795102,1.549854775795102,0.35185185185185186,54,-0.043861825312219604,-4.3861825312219604,7.406818546229889,1.1060466725093434,1.447530864197531e-10,0.15547257653867455,10154.98547757951,0.01549854775795102
btc_hl_breakout_2m,0,0.035,0.04,0.0,0.2,10,high_frequency,0.06696091970400132,6.696091970400133,0.5714285714285714,35,-0.0577124643719259,-5.771246437192589,24.307353964766577,1.4134740790673705,3.8857142857142857e-10,0.9606982047822552,10669.609197040014,0.06696091970400132
btc_alt_aligned,0,0.01,0.01,0.0,0.1,60,high_frequency,0.004849975527647143,0.48499755276471435,0.4789915966386555,119,-0.0389273270656344,-3.89273270656344,3.636618462644231,1.0328059980734619,1.0448179271708684e-10,0.04647088115070687,10048.49975527647,0.004849975527647143
btc_small_up_9m,0,0.0175,0.05,0.0,0.05,60,high_frequency,0.0021330838901514313,0.21330838901514312,0.3157894736842105,38,-0.017960657005461123,-1.7960657005461123,3.5605352443094986,1.0552555254531788,2.7324561403508774e-10,0.11887663913052844,10021.330838901515,0.0021330838901514313
btc_hl_breakout_6m,0,0.005,0.045,0.0,0.05,15,high_frequency,0.001429656090055488,0.1429656090055488,0.22535211267605634,71,-0.024970230709210894,-2.4970230709210894,2.2665419632359023,1.0274554578442625,1.476525821596244e-10,0.044634188589284085,10014.296560900555,0.001429656090055488
btc_vol_breakout_10m,0,0.0075,0.045,0.0,0.05,45,high_frequency,-0.002447080686218669,-0.2447080686218669,0.25,40,-0.015257273345240852,-1.5257273345240852,-4.872973152726396,0.921472727151777,2.1166666666666666e-10,-0.11912118438798132,9975.529193137812,-0.002447080686218669
btc_hl_breakout_6m,0,0.025,0.04,0.0,0.05,10,high_frequency,0.009373632745318605,0.9373632745318605,0.46153846153846156,39,-0.014488572462835636,-1.4488572462835636,14.135735613544151,1.2230248090463065,3.311965811965812e-10,0.48575777271086856,10093.736327453185,0.009373632745318605
btc_vol_breakout_2m,0,0.015,0.015,0.0,0.1,45,high_frequency,0.013589159597011917,1.3589159597011917,0.547945205479452,73,-0.02329885354862371,-2.329885354862371,11.174366614982835,1.1401087191102608,1.3356164383561643e-10,0.1911480612650586,10135.891595970119,0.013589159597011917
btc_hl_breakout_8m,0,0.01,0.045,0.0,0.25,90,high_frequency,-0.006134890149857802,-0.6134890149857802,0.2545454545454545,55,-0.1049591326164766,-10.49591326164766,-0.6894029468658747,0.9745104759375885,2.084848484848485e-10,-0.019857573258387804,9938.651098501421,-0.006134890149857802
btc_hl_breakout_3m,0,0.0175,0.025,0.0,0.15,10,high_frequency,-0.0016609316993852416,-0.16609316993852416,0.4230769230769231,52,-0.055313394046315856,-5.531339404631586,-0.28541874472781176,0.9891345732223218,2.2371794871794873e-10,-0.007059091129472356,9983.390683006148,-0.0016609316993852416
btc_vol_breakout_10m,0,0.0125,0.015,0.0,0.2,60,high_frequency,0.013719983726558757,1.3719983726558758,0.4897959183673469,49,-0.03949547588299973,-3.949547588299973,7.500873793101655,1.1071294220505905,1.3435374149659864e-10,0.15050929708637306,10137.199837265587,0.013719983726558757
btc_hl_breakout_8m,0,0.025,0.04,0.0,0.1,10,high_frequency,0.02720934536627783,2.720934536627783,0.46153846153846156,39,-0.03034805556133091,-3.034805556133091,18.355715428087787,1.3184734148816692,3.2991452991452993e-10,0.7047571310170081,10272.09345366278,0.02720934536627783
btc_hl_breakout_6m,0,0.01,0.04,0.0,0.2,90,high_frequency,0.001342463736257696,0.1342463736257696,0.2982456140350877,57,-0.06837575661059281,-6.837575661059281,1.2813374049080024,1.0066747934323064,2.1023391812865497e-10,0.030188136715639528,10013.424637362577,0.001342463736257696
btc_hl_breakout_6m,0,0.015,0.02,0.0,0.2,30,high_frequency,-0.016729295486597833,-1.6729295486597833,0.4461538461538462,65,-0.07412256876941714,-7.412256876941714,-6.070787258184725,0.9228493088631324,1.735897435897436e-10,-0.1156924045840396,9832.707045134022,-0.016729295486597833
btc_hl_breakout_2m,0,0.03,0.045,0.0,0.2,45,high_frequency,0.003178851340426013,0.31788513404260127,0.42857142857142855,35,-0.09476597439810919,-9.476597439810918,1.969866914024459,1.0173315060528885,3.8142857142857146e-10,0.07627520341456455,10031.78851340426,0.003178851340426013
btc_hl_breakout_9m,0,0.005,0.05,0.0,0.15,5,high_frequency,0.0010470510469691363,0.10470510469691363,0.19696969696969696,66,-0.08014410012495077,-8.014410012495077,1.1139069683570637,1.0069464892839624,1.6515151515151513e-10,0.02528123476061685,10010.470510469691,0.0010470510469691363
btc_small_up_10m,0,0.02,0.01,0.0,0.1,5,high_frequency,0.021872113108715893,2.1872113108715894,0.6086956521739131,69,-0.029037121717390257,-2.9037121717390257,15.80325867022979,1.2329253522187662,1.285024154589372e-10,0.3220085735905451,10218.721131087159,0.021872113108715893
btc_hl_breakout_8m,0,0.03,0.015,0.0,0.25,60,high_frequency,0.03914335118321174,3.9143351183211736,0.5882352941176471,51,-0.08217412091978105,-8.217412091978105,11.690208087976869,1.1610506004095642,2.215686274509804e-10,0.3302538639470381,10391.433511832118,0.03914335118321174
btc_hl_breakout_9m,0,0.005,0.04,0.0,0.05,5,high_frequency,0.0018111958157132676,0.18111958157132677,0.2361111111111111,72,-0.028970805926068155,-2.8970805926068155,2.799068364612158,1.0347602444277417,1.4490740740740742e-10,0.054558488640894645,10018.111958157133,0.0018111958157132676
btc_alt_aligned,0,0.03,0.06,0.0,0.2,15,high_frequency,0.058655686628019635,5.865568662801963,0.4,35,-0.06772208087159359,-6.77220808715936,19.056545851957505,1.2930646867739943,4.0523809523809523e-10,0.8643161243135362,10586.556866280196,0.058655686628019635
btc_hl_breakout_5m,0,0.015,0.035,0.0,0.05,60,high_frequency,0.003992268181658028,0.3992268181658028,0.37254901960784315,51,-0.01612548103378597,-1.612548103378597,6.418143122581166,1.0849786967134156,2.303921568627451e-10,0.16135326476310868,10039.92268181658,0.003992268181658028
btc_small_down_10m,0,0.005,0.01,0.0,0.25,30,high_frequency,0.01998085613164476,1.998085613164476,0.39080459770114945,87,-0.05786691114924969,-5.7866911149249685,9.755442318395556,1.1050108180521507,6.398467432950191e-11,0.09758053949283395,10199.808561316448,0.01998085613164476
btc_small_down_10m,0,0.025,0.035,0.0,0.25,30,high_frequency,0.04749092253634558,4.749092253634558,0.5,36,-0.05824106175803756,-5.824106175803756,15.620669633768577,1.2671666218749218,2.902777777777778e-10,0.5449306214650338,10474.909225363455,0.04749092253634558
btc_alt_aligned,0,0.035,0.035,0.0,0.25,45,high_frequency,0.04913471113978408,4.9134711139784075,0.5121951219512195,41,-0.0897588993452948,-8.97588993452948,13.494357489122407,1.1921892195126174,3.4390243902439024e-10,0.5098156086415844,10491.347111397841,0.04913471113978408
btc_vol_breakout_3m,0,0.02,0.01,0.0,0.25,5,high_frequency,0.04058876139519234,4.058876139519234,0.6515151515151515,66,-0.06269981958517823,-6.269981958517823,13.744067125524639,1.185881611595746,1.318181818181818e-10,0.2580973128830013,10405.887613951923,0.04058876139519234
