pattern,lag,stop_loss,take_profit,trailing_stop,position_size,holding_time,source,total_return,total_return_pct,win_rate,total_trades,max_drawdown,max_drawdown_pct,sharpe_ratio,profit_factor,avg_trade_duration_minutes,avg_trade_return_pct,final_value,risk_adjusted_return
btc_vol_breakout_9m,0,0.005,0.02,0.02,0.1,10,high_frequency,0.0033136861777456716,0.33136861777456716,0.3548387096774194,62,-0.02042207621736236,-2.042207621736236,3.7455059611570385,1.0541758788168325,8.978494623655914e-11,0.0578547479837299,10033.136861777457,0.0033136861777456716
btc_hl_breakout_4m,0,0.035,0.06,0.005,0.15,10,high_frequency,0.04100887373885205,4.100887373885205,0.4375,32,-0.045086623915125745,-4.5086623915125745,19.672991224959386,1.392891035331281,4.3333333333333334e-10,0.8668212612274578,10410.08873738852,0.04100887373885205
btc_hl_breakout_3m,0,0.015,0.02,0.0075,0.2,45,high_frequency,0.0004511415488928833,0.04511415488928833,0.43478260869565216,69,-0.06229307176011234,-6.229307176011234,0.9054082962061138,1.0022004122172363,1.5362318840579711e-10,0.01604089510645194,10004.511415488929,0.0004511415488928833
btc_hl_breakout_7m,0,0.03,0.035,0.0175,0.25,10,high_frequency,0.044183039161005175,4.418303916100517,0.4418604651162791,43,-0.10400773158209509,-10.400773158209509,13.006431116110912,1.181225275944712,2.9961240310077524e-10,0.437858915819225,10441.830391610052,0.044183039161005175
btc_hl_breakout_1m,0,0.03,0.01,0.003,0.25,90,high_frequency,0.007827291816113439,0.7827291816113439,0.65,60,-0.09219869919366963,-9.219869919366964,3.4057058956498256,1.0330856015217686,1.736111111111111e-10,0.07106955808527095,10078.272918161134,0.007827291816113439
btc_vol_breakout_3m,0,0.0175,0.03,0.005,0.05,20,high_frequency,0.002553584530602609,0.2553584530602609,0.3877551020408163,49,-0.013071844505456065,-1.3071844505456065,4.33979447519792,1.061938159268425,2.0340136054421769e-10,0.10868906389565204,10025.535845306025,0.002553584530602609
btc_hl_breakout_9m,0,0.005,0.035,0.0175,0.1,90,high_frequency,0.007569544676852183,0.7569544676852182,0.3157894736842105,95,-0.0446021552123218,-4.460215521232181,5.989854201690997,1.0779035652330449,9.421052631578948e-11,0.08502415108937661,10075.695446768521,0.007569544676852183
btc_hl_breakout_2m,0,0.0125,0.02,0.003,0.1,90,high_frequency,0.02114399215035361,2.1143992150353608,0.4666666666666667,75,-0.02393082349185316,-2.393082349185316,16.90527041034117,1.2223684275574367,1.3533333333333333e-10,0.28552180936212695,10211.439921503536,0.02114399215035361
btc_hl_breakout_3m,0,0.03,0.02,0.0175,0.05,45,high_frequency,0.008539101150061583,0.8539101150061583,0.5714285714285714,49,-0.013795368431295252,-1.3795368431295252,13.134230922858585,1.1920273733081947,2.326530612244898e-10,0.3524454876889361,10085.391011500617,0.008539101150061583
btc_bullish,0,0.0075,0.06,0.02,0.1,30,high_frequency,0.02120040569347168,2.120040569347168,0.3225806451612903,93,-0.027049325854387463,-2.7049325854387463,14.654716891754815,1.1954500440476514,1.2401433691756272e-10,0.23279622598282607,10212.004056934717,0.02120040569347168
btc_hl_breakout_5m,0,0.02,0.02,0.003,0.25,20,high_frequency,-0.03447480745697344,-3.447480745697344,0.43548387096774194,62,-0.12116697497576712,-12.116697497576713,-10.463916772169542,0.8746686647165857,1.6720430107526883e-10,-0.20775497866910636,9655.251925430266,-0.03447480745697344
btc_hl_breakout_2m,0,0.0175,0.06,0.02,0.25,60,high_frequency,-0.006976790268643527,-0.6976790268643527,0.2857142857142857,49,-0.10856139971066836,-10.856139971066836,-1.1854065550988229,0.9701207935523153,2.421768707482993e-10,-0.0277988883013583,9930.232097313565,-0.006976790268643527
btc_vol_breakout_8m,0,0.03,0.045,0.0125,0.05,20,high_frequency,0.00713981389541429,0.713981389541429,0.40625,32,-0.01111742916945524,-1.111742916945524,12.622752098019905,1.2429898123042724,3.3385416666666666e-10,0.4504764848248439,10071.398138954142,0.00713981389541429
btc_hl_breakout_2m,0,0.02,0.03,0.0125,0.1,90,high_frequency,-0.0004954770775022098,-0.04954770775022098,0.38596491228070173,57,-0.038436580281792976,-3.8436580281792976,-0.03403623492392237,0.9951904923477142,1.9298245614035087e-10,8.775355528994255e-05,9995.045229224977,-0.0004954770775022098
btc_hl_breakout_4m,0,0.025,0.04,0.0125,0.1,45,high_frequency,0.026101892412553524,2.6101892412553522,0.4375,48,-0.023981886087749538,-2.3981886087749538,19.52564062770597,1.297596195552718,2.5e-10,0.5482914227969978,10261.018924125536,0.026101892412553524
btc_hl_breakout_6m,0,0.0125,0.035,0.0075,0.2,20,high_frequency,0.035048960950360496,3.5048960950360497,0.3939393939393939,66,-0.07110851945883012,-7.110851945883012,13.024700350956863,1.1730582642180374,1.5909090909090908e-10,0.2792236016668778,10350.489609503606,0.035048960950360496
btc_hl_breakout_2m,0,0.0175,0.03,0.0175,0.1,15,high_frequency,0.000660025858365043,0.0660025858365043,0.3770491803278688,61,-0.04116907864366037,-4.116907864366038,0.8942770446726657,1.006189406886935,1.8579234972677595e-10,0.01928264358161194,10006.60025858365,0.000660025858365043
btc_hl_breakout_5m,0,0.0175,0.045,0.003,0.05,90,high_frequency,-0.011070215479447938,-1.1070215479447938,0.3333333333333333,54,-0.02455676372550286,-2.455676372550286,-17.956412157019148,0.7734298708047446,2.1358024691358025e-10,-0.40870280054104025,9889.297845205521,-0.011070215479447938
btc_hl_breakout_4m,0,0.01,0.06,0.015,0.05,10,high_frequency,0.008183984296076493,0.8183984296076493,0.34375,64,-0.014925332229385191,-1.492533222938519,12.805924518197497,1.215910339122169,1.6119791666666666e-10,0.2586319532471087,10081.839842960764,0.008183984296076493
btc_hl_breakout_7m,0,0.025,0.01,0.0175,0.1,90,high_frequency,0.024080140630563403,2.4080140630563402,0.6338028169014085,71,-0.03220176801790664,-3.220176801790664,16.729437085067946,1.240938140108365,1.5492957746478874e-10,0.3438607973554542,10240.801406305634,0.024080140630563403
btc_hl_breakout_7m,0,0.0175,0.05,0.0175,0.2,90,high_frequency,-0.011011227273614031,-1.101122727361403,0.3333333333333333,54,-0.10348711118712783,-10.348711118712783,-3.048865259295766,0.9453000131694741,2.132716049382716e-10,-0.07821083491792265,9889.88772726386,-0.011011227273614031
btc_hl_breakout_8m,0,0.035,0.06,0.01,0.25,60,high_frequency,0.07511944712626069,7.511944712626069,0.40625,32,-0.0868868091562045,-8.68868091562045,20.070786220903166,1.3791282363493025,4.3333333333333334e-10,0.9625280979147799,10751.194471262606,0.07511944712626069
btc_vol_breakout_8m,0,0.0075,0.045,0.01,0.05,20,high_frequency,0.0049169619501026485,0.49169619501026485,0.34615384615384615,52,-0.009607466517817853,-0.9607466517817853,10.240670138941379,1.1786538695319386,1.2628205128205127e-10,0.19151949595636242,10049.169619501026,0.0049169619501026485
btc_vol_breakout_2m,0,0.0125,0.015,0.0075,0.1,20,high_frequency,0.010045429892086701,1.0045429892086701,0.46835443037974683,79,-0.02713292809196266,-2.713292809196266,8.55623405957965,1.1038220820449833,1.168776371308017e-10,0.13204300891864024,10100.454298920868,0.010045429892086701
btc_small_down_10m,0,0.035,0.045,0.0125,0.25,10,high_frequency,0.028094064444920876,2.8094064444920877,0.4,30,-0.06481518760309002,-6.481518760309002,9.400291271971296,1.1802024123878228,3.805555555555555e-10,0.4022904468180917,10280.940644449209,0.028094064444920876
btc_hl_breakout_2m,0,0.03,0.025,0.015,0.25,60,high_frequency,0.025580836384892974,2.5580836384892973,0.5208333333333334,48,-0.08190999625787099,-8.190999625787098,8.872896002007458,1.1079321765242691,2.538194444444444e-10,0.23557272274698374,10255.80836384893,0.025580836384892974
btc_alt_aligned,0,0.0075,0.04,0.01,0.05,15,high_frequency,-0.00208944372365159,-0.208944372365159,0.3125,112,-0.021698430614068065,-2.1698430614068065,-2.562602074792438,0.9694669292184261,1.1235119047619048e-10,-0.0344669712883038,9979.105562763483,-0.00208944372365159
btc_vol_breakout_10m,0,0.01,0.015,0.003,0.25,90,high_frequency,0.006614225206341598,0.6614225206341597,0.3728813559322034,59,-0.04611771279976229,-4.611771279976229,3.46302668851978,1.0406881055233925,1.0028248587570621e-10,0.056194704597394875,10066.142252063415,0.006614225206341598
btc_bullish,0,0.0075,0.025,0.02,0.1,45,high_frequency,0.013978028591595602,1.3978028591595602,0.3490566037735849,106,-0.02864927859781652,-2.864927859781652,9.864699893192983,1.111875061182741,1.0566037735849057e-10,0.1372122956600506,10139.780285915956,0.013978028591595602
btc_vol_breakout_3m,0,0.03,0.06,0.005,0.25,15,high_frequency,0.045771977824334134,4.577197782433413,0.40625,32,-0.08523083659397279,-8.52308365939728,14.262022046968367,1.2386359093414836,3.734375e-10,0.6088381674104747,10457.719778243341,0.045771977824334134
btc_hl_breakout_2m,0,0.035,0.025,0.005,0.25,60,high_frequency,0.06652903358878648,6.652903358878648,0.5853658536585366,41,-0.05878923720701967,-5.878923720701968,20.37224355362835,1.3448101606182123,3.1666666666666666e-10,0.6561047975119952,10665.290335887865,0.06652903358878648
btc_hl_breakout_10m,0,0.005,0.04,0.0125,0.2,60,high_frequency,0.01724886060459214,1.7248860604592142,0.33695652173913043,92,-0.07196390448444578,-7.196390448444578,7.137329267362081,1.0869065622808658,9.909420289855074e-11,0.10472562650146008,10172.488606045921,0.01724886060459214
btc_small_up_9m,0,0.0175,0.035,0.01,0.15,15,high_frequency,-0.013697705026889662,-1.3697705026889662,0.32653061224489793,49,-0.052258384625795906,-5.22583846257959,-7.257577383382773,0.8866696386187746,1.8299319727891156e-10,-0.17629665711580714,9863.022949731103,-0.013697705026889662
btc_bullish,0,0.015,0.025,0.0175,0.2,5,high_frequency,0.037371030387621365,3.7371030387621365,0.37662337662337664,77,-0.049223057543479776,-4.922305754347978,13.254858865112926,1.1599301129519495,1.5757575757575758e-10,0.2550227548458369,10373.710303876214,0.037371030387621365
btc_hl_breakout_2m,0,0.03,0.01,0.0125,0.1,90,high_frequency,0.007676250774771756,0.7676250774771756,0.671875,64,-0.036128177544378914,-3.6128177544378914,6.518026554653343,1.0840120457211664,1.5625e-10,0.12676300752471462,10076.762507747717,0.007676250774771756
btc_vol_breakout_3m,0,0.0075,0.035,0.015,0.25,30,high_frequency,-0.023828149663602336,-2.382814966360234,0.3108108108108108,74,-0.09817633646538326,-9.817633646538326,-7.266607732983651,0.8976325204524644,1.0067567567567567e-10,-0.11657491280538675,9761.718503363976,-0.023828149663602336
btc_vol_breakout_8m,0,0.025,0.025,0.005,0.05,45,high_frequency,0.01322455597765943,1.322455597765943,0.5,38,-0.010931633720217326,-1.0931633720217326,24.470018289824672,1.468029286287535,2.346491228070176e-10,0.6966433314725912,10132.245559776595,0.01322455597765943
btc_hl_breakout_10m,0,0.005,0.06,0.01,0.2,15,high_frequency,0.0035102411644227006,0.35102411644227005,0.3146067415730337,89,-0.08191036627144965,-8.191036627144966,2.0783599944137134,1.0180359525507432,1.0355805243445693e-10,0.03232766369131026,10035.102411644228,0.0035102411644227006
btc_hl_breakout_7m,0,0.025,0.03,0.01,0.2,10,high_frequency,0.05915555411917546,5.915555411917546,0.45098039215686275,51,-0.06507337886187192,-6.507337886187193,20.30300580241504,1.2920131038198035,2.352941176470588e-10,0.5897216925263175,10591.555541191754,0.05915555411917546
btc_vol_breakout_3m,0,0.015,0.01,0.0175,0.25,10,high_frequency,0.02146109802426781,2.146109802426781,0.5753424657534246,73,-0.06790152292479867,-6.790152292479867,7.945872765874169,1.0962822484516441,1.0388127853881278e-10,0.13068456540894438,10214.610980242678,0.02146109802426781
btc_bullish,0,0.005,0.05,0.005,0.25,15,high_frequency,0.004197455104494884,0.41974551044948843,0.3302752293577982,109,-0.0816736317144422,-8.167363171444219,2.2156315349088573,1.0141614811471982,1.0030581039755352e-10,0.028369412720585456,10041.974551044948,0.004197455104494884
btc_alt_aligned,0,0.02,0.01,0.015,0.05,20,high_frequency,0.0031325888255843265,0.31325888255843265,0.59,100,-0.01818042363290251,-1.818042363290251,4.362112158875758,1.046198864534004,1.2833333333333333e-10,0.06609351345400027,10031.325888255844,0.0031325888255843265
btc_hl_breakout_7m,0,0.005,0.045,0.0075,0.2,10,high_frequency,-0.0021727226347342137,-0.21727226347342138,0.3125,96,-0.10167405627887083,-10.167405627887083,0.010742413046620908,0.9899174932871522,9.826388888888888e-11,9.058256116105729e-05,9978.272773652658,-0.0021727226347342137
btc_bullish,0,0.0175,0.01,0.01,0.1,30,high_frequency,0.004670181703842093,0.4670181703842093,0.5454545454545454,99,-0.03449976403161559,-3.4499764031615587,3.577243965059352,1.034808092637957,1.1902356902356902e-10,0.053830067491810484,10046.701817038422,0.004670181703842093
btc_vol_breakout_9m,0,0.01,0.06,0.0175,0.1,60,high_frequency,0.00021312605247102284,0.021312605247102285,0.2765957446808511,47,-0.021603835139547223,-2.1603835139547223,0.5065569101086094,1.0039314963577783,1.478723404255319e-10,0.01000930695991396,10002.13126052471,0.00021312605247102284
btc_small_up_9m,0,0.01,0.01,0.0175,0.15,45,high_frequency,0.009061468905453467,0.9061468905453467,0.47692307692307695,65,-0.03516938139707382,-3.516938139707382,6.110716172640023,1.0878064270156274,1.0487179487179487e-10,0.10033148311334789,10090.614689054535,0.009061468905453467
btc_hl_breakout_3m,0,0.02,0.02,0.005,0.05,10,high_frequency,-0.00495426383972931,-0.495426383972931,0.4406779661016949,59,-0.022387205402586097,-2.2387205402586097,-7.922976938798058,0.9020753968301493,1.7401129943502825e-10,-0.1647443585265498,9950.457361602706,-0.00495426383972931
btc_vol_breakout_2m,0,0.01,0.025,0.005,0.05,90,high_frequency,0.00019058238574934876,0.019058238574934876,0.3493975903614458,83,-0.014060101312360462,-1.4060101312360462,0.4918665202342482,1.0036638267423983,1.1546184738955824e-10,0.007343483129080502,10001.905823857494,0.00019058238574934876
btc_small_down_10m,0,0.01,0.015,0.0175,0.05,45,high_frequency,0.010369923601772222,1.0369923601772222,0.4189189189189189,74,-0.01524562579913502,-1.524562579913502,19.45041268535452,1.2597727058536077,8.761261261261262e-11,0.28145895753816247,10103.699236017723,0.010369923601772222
btc_hl_breakout_6m,0,0.005,0.01,0.0175,0.2,10,high_frequency,-0.041342609570510606,-4.134260957051061,0.36036036036036034,111,-0.11319360571641424,-11.319360571641424,-16.999007450194696,0.8103541091643784,7.282282282282283e-11,-0.18287463817080626,9586.573904294894,-0.041342609570510606
btc_hl_breakout_9m,0,0.025,0.05,0.0125,0.1,10,high_frequency,0.012822318802116445,1.2822318802116446,0.35555555555555557,45,-0.0406066472516563,-4.06066472516563,8.88918369697244,1.1393783666817399,2.5962962962962964e-10,0.29843586224834534,10128.223188021164,0.012822318802116445
btc_hl_breakout_5m,0,0.0175,0.01,0.003,0.2,20,high_frequency,-0.04054817817014532,-4.0548178170145315,0.5384615384615384,78,-0.09457753560496529,-9.45775356049653,-16.469311110849606,0.8162772303063196,1.200854700854701e-10,-0.25450339700365204,9594.518218298546,-0.04054817817014532
btc_hl_breakout_9m,0,0.02,0.01,0.003,0.15,5,high_frequency,-0.009830813652245002,-0.9830813652245002,0.5394736842105263,76,-0.07914574701361443,-7.914574701361444,-4.124022804844216,0.9445145479365834,1.2850877192982455e-10,-0.07540006145395917,9901.69186347755,-0.009830813652245002
btc_vol_breakout_3m,0,0.0075,0.045,0.0075,0.1,90,high_frequency,-0.013093711499583662,-1.3093711499583662,0.32857142857142857,70,-0.03880738382119331,-3.880738382119331,-11.105409908914233,0.8501750079967568,1.0904761904761905e-10,-0.18297019848455598,9869.062885004163,-0.013093711499583662
btc_vol_breakout_3m,0,0.01,0.05,0.003,0.25,5,high_frequency,-0.016149676626562495,-1.6149676626562495,0.3076923076923077,65,-0.08319140446143147,-8.319140446143148,-4.691143493422631,0.9250143689679777,1.3051282051282052e-10,-0.08506185356211217,9838.503233734375,-0.016149676626562495
btc_hl_breakout_3m,0,0.03,0.045,0.01,0.2,15,high_frequency,0.031651042326854846,3.1651042326854846,0.425,40,-0.06800530638848401,-6.800530638848401,12.194291492897708,1.1865785835882883,3.2541666666666665e-10,0.41527430894441714,10316.510423268548,0.031651042326854846
btc_vol_breakout_10m,0,0.01,0.05,0.005,0.05,10,high_frequency,0.002202603001725396,0.22026030017253959,0.2916666666666667,48,-0.009140997147665586,-0.9140997147665586,4.687034522903521,1.0792456294459314,1.3229166666666666e-10,0.09463852354684603,10022.026030017254,0.002202603001725396
btc_hl_breakout_3m,0,0.0125,0.05,0.02,0.15,15,high_frequency,0.03840316571464343,3.840316571464343,0.42105263157894735,57,-0.042947977172357654,-4.294797717235765,19.98758291263509,1.318411710365241,1.8801169590643277e-10,0.45587256255524955,10384.031657146434,0.03840316571464343
btc_vol_breakout_3m,0,0.0075,0.015,0.0075,0.2,30,high_frequency,-0.012350136204343744,-1.2350136204343745,0.37037037037037035,81,-0.07319373569745247,-7.319373569745247,-4.615147667247299,0.9340891385976416,8.497942386831276e-11,-0.066947721907632,9876.498637956563,-0.012350136204343744
btc_hl_breakout_3m,0,0.005,0.04,0.01,0.15,15,high_frequency,-0.00515992450288893,-0.515992450288893,0.3132530120481928,83,-0.051798835401171583,-5.179883540117158,-2.4877691498371233,0.961358308187239,9.65863453815261e-11,-0.03431003154812947,9948.400754971111,-0.00515992450288893
btc_bullish,0,0.0125,0.045,0.003,0.1,45,high_frequency,0.003127487142580753,0.3127487142580753,0.32432432432432434,74,-0.03145055151328546,-3.1450551513285463,2.5602218383309805,1.0284146065118462,1.6373873873873875e-10,0.05026667054222264,10031.274871425807,0.003127487142580753
btc_hl_breakout_6m,0,0.0175,0.06,0.005,0.05,5,high_frequency,-0.01200907004999342,-1.200907004999342,0.22,50,-0.029492329635231407,-2.9492329635231407,-18.52216546241541,0.7511760229868565,2.32e-10,-0.4779025923611087,9879.909299500066,-0.01200907004999342
btc_vol_breakout_8m,0,0.0175,0.05,0.01,0.15,10,high_frequency,0.0011948634595901468,0.11948634595901468,0.2857142857142857,42,-0.048600793205127446,-4.860079320512744,1.2201362413011125,1.0117721026472872,1.9722222222222222e-10,0.03128925324662471,10011.948634595901,0.0011948634595901468
btc_vol_breakout_3m,0,0.0125,0.045,0.01,0.2,10,high_frequency,0.027890878774036856,2.7890878774036856,0.4074074074074074,54,-0.0577369711630763,-5.7736971163076305,12.056781520796859,1.1778314190309391,1.7253086419753086e-10,0.2705569799904791,10278.908787740369,0.027890878774036856
btc_vol_breakout_3m,0,0.0175,0.04,0.01,0.15,30,high_frequency,-0.000531160545523744,-0.053116054552374406,0.3877551020408163,49,-0.04175526662999296,-4.175526662999296,0.25602639520941567,0.9958805591073279,2.051020408163265e-10,0.0062795391836799955,9994.688394544763,-0.000531160545523744
btc_hl_breakout_2m,0,0.035,0.045,0.005,0.25,30,high_frequency,0.05312473290446774,5.312473290446774,0.42857142857142855,35,-0.07413329090891396,-7.413329090891397,15.901508461082441,1.274862441890661,3.8714285714285715e-10,0.6297962345708746,10531.247329044678,0.05312473290446774
btc_hl_breakout_2m,0,0.015,0.025,0.02,0.1,5,high_frequency,0.010128646859593403,1.0128646859593404,0.4153846153846154,65,-0.029184961149464783,-2.9184961149464783,8.535478221001698,1.1033270295249642,1.5974358974358973e-10,0.16246786088678594,10101.286468595934,0.010128646859593403
btc_small_down_10m,0,0.005,0.045,0.01,0.1,60,high_frequency,-0.007485456648823652,-0.7485456648823652,0.30952380952380953,84,-0.031626994371257156,-3.1626994371257156,-5.969154845426224,0.9135733339247303,8.908730158730158e-11,-0.08521536257931947,9925.145433511763,-0.007485456648823652
btc_hl_breakout_9m,0,0.015,0.045,0.005,0.2,10,high_frequency,0.0019398728837122007,0.19398728837122006,0.38333333333333336,60,-0.08080574958248765,-8.080574958248764,1.511668202532878,1.009504006325289,1.8305555555555555e-10,0.03523246622019784,10019.398728837123,0.0019398728837122007
btc_alt_aligned,0,0.0075,0.05,0.003,0.25,20,high_frequency,0.0084018154598602,0.84018154598602,0.308411214953271,107,-0.10671275237553723,-10.671275237553724,3.2981585081230658,1.0253952553378995,1.188473520249221e-10,0.04694610335944682,10084.018154598602,0.0084018154598602
btc_hl_breakout_2m,0,0.01,0.015,0.015,0.15,5,high_frequency,0.014590503056314106,1.4590503056314106,0.41379310344827586,87,-0.05259806398148936,-5.259806398148936,8.49296613442473,1.0987164293212281,1e-10,0.11870399020176073,10145.90503056314,0.014590503056314106
btc_vol_breakout_9m,0,0.0075,0.01,0.005,0.15,10,high_frequency,0.008988257900364647,0.8988257900364647,0.4603174603174603,63,-0.020267820267785286,-2.0267820267785286,6.923863549256296,1.1072819027470122,8.492063492063492e-11,0.10056479726787697,10089.882579003646,0.008988257900364647
btc_hl_breakout_7m,0,0.015,0.045,0.01,0.05,60,high_frequency,-0.0006905512101552916,-0.06905512101552916,0.3870967741935484,62,-0.02214161231569367,-2.214161231569367,-0.7736803770313504,0.9863462585119007,1.803763440860215e-10,-0.01767270277561891,9993.094487898446,-0.0006905512101552916
btc_vol_breakout_9m,0,0.03,0.025,0.0125,0.15,90,high_frequency,0.04042829002086464,4.042829002086465,0.5454545454545454,33,-0.03204572368131575,-3.204572368131575,25.024359123521343,1.4728227988205982,2.919191919191919e-10,0.8171503918381265,10404.282900208647,0.04042829002086464
btc_hl_breakout_6m,0,0.0125,0.03,0.005,0.25,5,high_frequency,0.0509679128208164,5.0967912820816395,0.39705882352941174,68,-0.07903885848638292,-7.903885848638293,15.134644435948466,1.195626887141361,1.5392156862745097e-10,0.31422746999855244,10509.679128208165,0.0509679128208164
btc_hl_breakout_6m,0,0.015,0.045,0.0125,0.25,5,high_frequency,-0.04398782677776812,-4.398782677776812,0.3728813559322034,59,-0.0967475254085658,-9.674752540856579,-13.655297173838393,0.8229211814757196,1.867231638418079e-10,-0.28626839827569983,9560.121732222318,-0.04398782677776812
btc_vol_breakout_3m,0,0.0075,0.045,0.015,0.05,60,high_frequency,-0.006472836955241757,-0.6472836955241758,0.32857142857142857,70,-0.019521296296639457,-1.9521296296639457,-11.105881414203807,0.8514107390064074,1.0904761904761905e-10,-0.18297019848455626,9935.271630447582,-0.006472836955241757
btc_hl_breakout_5m,0,0.005,0.02,0.0075,0.1,60,high_frequency,-0.0010863134755036072,-0.10863134755036072,0.3163265306122449,98,-0.049504678570215344,-4.950467857021534,-0.4066803331428327,0.9899444048698766,8.58843537414966e-11,-0.005486552534419032,9989.136865244964,-0.0010863134755036072
btc_vol_breakout_8m,0,0.0125,0.025,0.01,0.05,90,high_frequency,0.008791919639084909,0.8791919639084909,0.4166666666666667,48,-0.00855363789921737,-0.855363789921737,17.417751224953275,1.2901086540171278,1.5243055555555557e-10,0.36835183475244293,10087.919196390849,0.008791919639084909
btc_hl_breakout_9m,0,0.005,0.045,0.0075,0.2,30,high_frequency,0.015991373108430094,1.5991373108430094,0.3191489361702128,94,-0.0903557898962788,-9.03557898962788,6.650681940112804,1.0800738969795491,9.592198581560283e-11,0.09575229503056515,10159.913731084302,0.015991373108430094
btc_vol_breakout_9m,0,0.0125,0.04,0.015,0.2,20,high_frequency,0.03035332084186905,3.035332084186905,0.3953488372093023,43,-0.035441571110912395,-3.5441571110912395,15.270354480043054,1.2576645715732904,1.7093023255813955e-10,0.3623223713976104,10303.53320841869,0.03035332084186905
btc_hl_breakout_3m,0,0.01,0.02,0.003,0.05,10,high_frequency,0.004999844262623571,0.4999844262623571,0.3950617283950617,81,-0.016166397430666946,-1.6166397430666946,8.189704064302118,1.1023650788042711,1.183127572016461e-10,0.12612746532161528,10049.998442626236,0.004999844262623571
btc_vol_breakout_10m,0,0.0175,0.03,0.01,0.2,90,high_frequency,-0.0025775974780032356,-0.25775974780032357,0.34146341463414637,41,-0.06599235455905739,-6.599235455905738,-0.788242949635541,0.9803603865661259,1.8008130081300813e-10,-0.017006229935162723,9974.224025219968,-0.0025775974780032356
btc_small_down_10m,0,0.01,0.045,0.003,0.05,15,high_frequency,-0.006192170176710704,-0.6192170176710704,0.3283582089552239,67,-0.01884791227580873,-1.8847912275808731,-9.707686063011927,0.8606388485180352,1.2885572139303483e-10,-0.18281799439511945,9938.078298232893,-0.006192170176710704
btc_bullish,0,0.005,0.035,0.0125,0.05,60,high_frequency,0.004607431833973106,0.46074318339731063,0.34513274336283184,113,-0.016286127475447332,-1.6286127475447332,6.4621614033462675,1.0768685214144258,9.587020648967551e-11,0.0841567396010744,10046.074318339732,0.004607431833973106
btc_hl_breakout_2m,0,0.0075,0.02,0.015,0.25,10,high_frequency,0.02284513410634172,2.284513410634172,0.38636363636363635,88,-0.07782998682994358,-7.782998682994357,8.232075518895225,1.0902734336557784,1.0018939393939394e-10,0.11571156807126755,10228.451341063417,0.02284513410634172
btc_hl_breakout_1m,0,0.0075,0.045,0.02,0.1,60,high_frequency,-0.001874836453678904,-0.18748364536789042,0.34615384615384615,78,-0.03392678044767816,-3.392678044767816,-1.2023416119953798,0.9794861259423614,1.2136752136752136e-10,-0.018778947532776688,9981.251635463212,-0.001874836453678904
btc_bullish,0,0.025,0.035,0.005,0.2,90,high_frequency,0.04834110503616082,4.834110503616082,0.41509433962264153,53,-0.055103615545853635,-5.510361554585364,16.625101124750625,1.223748405105829,2.433962264150943e-10,0.4710055289384078,10483.411050361608,0.04834110503616082
btc_hl_breakout_8m,0,0.02,0.04,0.015,0.05,90,high_frequency,0.00030943332667325194,0.030943332667325196,0.34615384615384615,52,-0.023473310184122242,-2.3473310184122242,0.6467852357886961,1.0061738984749533,2.2307692307692307e-10,0.017669753476434735,10003.094333266732,0.00030943332667325194
btc_alt_aligned,0,0.035,0.045,0.0075,0.15,60,high_frequency,0.047199563799438876,4.719956379943888,0.4358974358974359,39,-0.04386922212201183,-4.386922212201183,20.42557605630872,1.3551095807041709,3.623931623931624e-10,0.8159534947041485,10471.995637994389,0.047199563799438876
btc_hl_breakout_2m,0,0.0075,0.035,0.005,0.1,45,high_frequency,0.009699096169128302,0.9699096169128303,0.3670886075949367,79,-0.03286778072751029,-3.2867780727510287,8.060032766835855,1.1031792787526848,1.1856540084388185e-10,0.12820812801849232,10096.990961691283,0.009699096169128302
btc_hl_breakout_8m,0,0.015,0.03,0.0075,0.2,5,high_frequency,0.026300124624767683,2.6300124624767682,0.390625,64,-0.07215080079602965,-7.215080079602965,9.961007053883417,1.1250464478522206,1.6536458333333334e-10,0.22145638922554473,10263.001246247677,0.026300124624767683
btc_vol_breakout_10m,0,0.025,0.04,0.0175,0.25,15,high_frequency,0.06991738508635517,6.9917385086355175,0.4411764705882353,34,-0.05030757395071339,-5.030757395071339,25.67514372681614,1.4890324915837612,2.4362745098039217e-10,0.8216664937672221,10699.173850863552,0.06991738508635517
btc_hl_breakout_3m,0,0.035,0.05,0.0075,0.05,5,high_frequency,0.011333811329097755,1.1333811329097756,0.4117647058823529,34,-0.016666523848786086,-1.6666523848786086,16.543953750516135,1.3231891081187,3.9558823529411763e-10,0.6714363607250939,10113.338113290978,0.011333811329097755
btc_alt_aligned,0,0.005,0.06,0.005,0.25,20,high_frequency,-0.0021977913402640753,-0.21977913402640753,0.312,125,-0.11730045426208546,-11.730045426208546,0.5513479008965844,0.9935992866664058,9.866666666666666e-11,0.006624769847572362,9978.022086597359,-0.0021977913402640753
btc_vol_breakout_10m,0,0.035,0.05,0.005,0.2,20,high_frequency,0.021200918654448446,2.1200918654448446,0.38461538461538464,26,-0.0447986704413762,-4.47986704413762,9.896322358831208,1.1981338816957197,3.8653846153846154e-10,0.4332671460119237,10212.009186544485,0.021200918654448446
btc_hl_breakout_3m,0,0.0075,0.045,0.0125,0.05,30,high_frequency,-0.00279687542142197,-0.279687542142197,0.35135135135135137,74,-0.019400270526617414,-1.9400270526617414,-4.598166727639406,0.9375908319443422,1.231981981981982e-10,-0.0730589900545357,9972.03124578578,-0.00279687542142197
btc_vol_breakout_3m,0,0.0125,0.025,0.003,0.15,45,high_frequency,0.027791735925078206,2.7791735925078207,0.423728813559322,59,-0.03904098308066262,-3.9040983080662617,15.368861052051479,1.2289729226653605,1.4858757062146892e-10,0.32095009947339753,10277.917359250781,0.027791735925078206
btc_small_up_10m,0,0.03,0.04,0.015,0.2,45,high_frequency,0.053521330469399456,5.3521330469399455,0.45,40,-0.05995108245773706,-5.9951082457737055,19.23999748292391,1.307220218476054,2.6791666666666665e-10,0.6822459820362256,10535.213304693994,0.053521330469399456
btc_hl_breakout_2m,0,0.01,0.02,0.005,0.05,15,high_frequency,0.007061934714632702,0.7061934714632702,0.4074074074074074,81,-0.018171762266578573,-1.8171762266578573,11.7537191415437,1.1528490229640043,1.1316872427983539e-10,0.17667710422344302,10070.619347146327,0.007061934714632702
btc_hl_breakout_5m,0,0.02,0.05,0.003,0.1,90,high_frequency,-0.018270494061050534,-1.8270494061050535,0.2857142857142857,49,-0.05191928903966647,-5.191928903966647,-14.174002989063466,0.8137667763102002,2.3061224489795917e-10,-0.3655812237862882,9817.295059389495,-0.018270494061050534
btc_bullish,0,0.015,0.01,0.01,0.2,20,high_frequency,0.013745150691154413,1.3745150691154413,0.5339805825242718,103,-0.06264301826404095,-6.264301826404095,5.478190464398995,1.050216131720199,1.1262135922330097e-10,0.07902828288058489,10137.451506911544,0.013745150691154413
btc_hl_breakout_1m,0,0.01,0.045,0.005,0.05,90,high_frequency,0.0009055045397969309,0.0905504539796931,0.323943661971831,71,-0.018409051012472588,-1.8409051012472588,1.6714195802343184,1.0205377373954208,1.4507042253521126e-10,0.02852055106239035,10009.055045397969,0.0009055045397969309
btc_hl_breakout_4m,0,0.02,0.045,0.015,0.2,90,high_frequency,0.00015682374806858662,0.015682374806858662,0.3541666666666667,48,-0.06571256894029875,-6.571256894029876,0.8031008598958586,1.000898122860576,2.3888888888888887e-10,0.02057053258681244,10001.568237480686,0.00015682374806858662
btc_vol_breakout_10m,0,0.005,0.035,0.0175,0.1,90,high_frequency,-0.002235484933085286,-0.2235484933085286,0.3157894736842105,57,-0.02377251632031696,-2.377251632031696,-2.0235581601794284,0.9632966269799005,9.590643274853801e-11,-0.03445143542737618,9977.645150669146,-0.002235484933085286
btc_alt_aligned,0,0.035,0.025,0.0075,0.1,15,high_frequency,0.030892738693222236,3.0892738693222235,0.5510204081632653,49,-0.029765675463427455,-2.9765675463427455,20.195833864151695,1.3196371573986048,2.846938775510204e-10,0.6347863204521181,10308.927386932222,0.030892738693222236
btc_small_down_10m,0,0.0175,0.035,0.0175,0.15,30,high_frequency,0.010893760075658633,1.0893760075658632,0.4375,48,-0.04202121609779641,-4.202121609779641,6.403956755504706,1.0947990084016315,2.0277777777777777e-10,0.1630523097071731,10108.937600756586,0.010893760075658633
btc_small_down_10m,0,0.01,0.01,0.0125,0.1,20,high_frequency,0.01726656892032246,1.726656892032246,0.4533333333333333,75,-0.02562058002550971,-2.562058002550971,16.912109653306764,1.2273580906624266,7.911111111111111e-11,0.23275031580845462,10172.665689203224,0.01726656892032246
btc_bullish,0,0.01,0.025,0.005,0.05,5,high_frequency,0.007038595232636561,0.7038595232636561,0.3333333333333333,93,-0.015257853607615668,-1.5257853607615668,9.819039948311557,1.120633483451708,1.2562724014336919e-10,0.1543486710866479,10070.385952326365,0.007038595232636561
btc_small_down_10m,0,0.005,0.02,0.0175,0.25,45,high_frequency,0.04805014467064116,4.805014467064115,0.3764705882352941,85,-0.06006433037271364,-6.006433037271364,19.329736816259487,1.2535793152448647,7.333333333333334e-11,0.2304615652970425,10480.501446706412,0.04805014467064116
btc_hl_breakout_1m,0,0.03,0.05,0.0075,0.05,5,high_frequency,0.007351070261267762,0.7351070261267763,0.3783783783783784,37,-0.017732719122341534,-1.7732719122341534,11.215401544635801,1.1869608233499092,3.5675675675675676e-10,0.4038478730266959,10073.510702612677,0.007351070261267762
btc_small_down_10m,0,0.035,0.02,0.003,0.25,30,high_frequency,0.06472836208125408,6.4728362081254085,0.6052631578947368,38,-0.04690560410970257,-4.6905604109702566,20.854959780791688,1.3839926288981546,2.706140350877193e-10,0.6873123617747463,10647.28362081254,0.06472836208125408
btc_hl_breakout_6m,0,0.0075,0.035,0.0075,0.1,20,high_frequency,0.002602005844802352,0.2602005844802352,0.30952380952380953,84,-0.046064276725617526,-4.606427672561752,2.264564147946096,1.02470837228559,1.1567460317460318e-10,0.03778865675061036,10026.020058448023,0.002602005844802352
btc_bullish,0,0.005,0.03,0.01,0.25,10,high_frequency,0.056423178155601,5.642317815560101,0.3565217391304348,115,-0.057288011004632655,-5.728801100463265,16.979054044444023,1.1905866795235094,9.391304347826087e-11,0.2034805798435227,10564.231781556009,0.056423178155601
btc_small_up_10m,0,0.0075,0.02,0.0125,0.2,20,high_frequency,0.024088983465780166,2.4088983465780167,0.36619718309859156,71,-0.05653023076813457,-5.653023076813457,9.812818136569069,1.1397780341698192,9.460093896713615e-11,0.18144493472149678,10240.889834657803,0.024088983465780166
btc_vol_breakout_8m,0,0.025,0.045,0.003,0.05,30,high_frequency,0.006174988109944183,0.6174988109944183,0.37142857142857144,35,-0.011574056872516891,-1.1574056872516891,11.179192931584003,1.2162963105929314,2.6333333333333335e-10,0.3568009738751935,10061.749881099442,0.006174988109944183
btc_vol_breakout_8m,0,0.03,0.045,0.02,0.05,90,high_frequency,0.00713981389541429,0.713981389541429,0.40625,32,-0.01111742916945524,-1.111742916945524,12.622752098019905,1.2429898123042724,3.3385416666666666e-10,0.4504764848248439,10071.398138954142,0.00713981389541429
btc_hl_breakout_9m,0,0.02,0.06,0.015,0.05,20,high_frequency,-0.002313646511357274,-0.2313646511357274,0.22448979591836735,49,-0.02869118579353047,-2.869118579353047,-2.95618381378728,0.9539171495957378,2.340136054421769e-10,-0.08739001639489874,9976.863534886426,-0.002313646511357274
btc_vol_breakout_2m,0,0.02,0.05,0.02,0.05,90,high_frequency,-0.002570960897607597,-0.2570960897607597,0.3125,48,-0.016543333316237252,-1.6543333316237252,-3.9427317365508743,0.9407558493734071,2.3888888888888887e-10,-0.10195753594915116,9974.290391023924,-0.002570960897607597
btc_hl_breakout_9m,0,0.0175,0.06,0.0075,0.2,60,high_frequency,-0.004422980598601111,-0.4422980598601111,0.25,52,-0.10628095758929534,-10.628095758929534,-0.6697330416699652,0.9780253799576222,2.217948717948718e-10,-0.015227265427886804,9955.770194013989,-0.004422980598601111
btc_bullish,0,0.02,0.05,0.003,0.05,60,high_frequency,0.009771585664900079,0.9771585664900079,0.3392857142857143,56,-0.01378603459757255,-1.378603459757255,12.984123790490404,1.1984150688659065,2.3154761904761905e-10,0.3540888711000305,10097.715856649002,0.009771585664900079
btc_vol_breakout_8m,0,0.005,0.02,0.0175,0.2,45,high_frequency,0.0037348022072286086,0.37348022072286086,0.36507936507936506,63,-0.0424385261636363,-4.243852616363631,2.5008803851549533,1.0292936093196714,8.994708994708996e-11,0.038433042744405115,10037.348022072287,0.0037348022072286086
btc_hl_breakout_10m,0,0.0075,0.04,0.0075,0.05,90,high_frequency,0.006793959415234895,0.6793959415234895,0.3375,80,-0.01716483932766233,-1.716483932766233,9.885709195138169,1.139715198062896,1.1895833333333335e-10,0.17304045149588773,10067.939594152349,0.006793959415234895
btc_hl_breakout_1m,0,0.005,0.01,0.005,0.25,20,high_frequency,-0.05568161663127248,-5.568161663127248,0.33653846153846156,104,-0.10802294164044612,-10.802294164044612,-19.33514961314316,0.7814286920232992,6.939102564102564e-11,-0.21147837115350013,9443.183833687275,-0.05568161663127248
btc_hl_breakout_6m,0,0.005,0.04,0.0125,0.2,10,high_frequency,-0.006745761161588393,-0.6745761161588393,0.30851063829787234,94,-0.0954432708888332,-9.54432708888332,-1.730565447237519,0.9681874815266734,9.804964539007092e-11,-0.024442255261183488,9932.542388384116,-0.006745761161588393
btc_vol_breakout_3m,0,0.0175,0.05,0.01,0.15,15,high_frequency,-0.013320531944203094,-1.3320531944203093,0.3181818181818182,44,-0.04648089341576367,-4.648089341576367,-6.892476880331395,0.8910085447232032,2.3143939393939395e-10,-0.18731958586238662,9866.794680557969,-0.013320531944203094
btc_hl_breakout_1m,0,0.01,0.045,0.0175,0.05,20,high_frequency,0.0009055045397969309,0.0905504539796931,0.323943661971831,71,-0.018409051012472588,-1.8409051012472588,1.6714195802343184,1.0205377373954208,1.4507042253521126e-10,0.02852055106239035,10009.055045397969,0.0009055045397969309
btc_vol_breakout_8m,0,0.03,0.02,0.005,0.1,20,high_frequency,0.02559753423437611,2.559753423437611,0.6052631578947368,38,-0.019649313871620167,-1.9649313871620167,24.0346771799964,1.4281549551338952,2.25e-10,0.6747313108502598,10255.975342343761,0.02559753423437611
btc_vol_breakout_3m,0,0.005,0.045,0.015,0.2,60,high_frequency,-0.04746829122703887,-4.746829122703887,0.3116883116883117,77,-0.09405430587981856,-9.405430587981856,-21.646600020240584,0.7329724229773937,9.437229437229437e-11,-0.3070893848750814,9525.31708772961,-0.04746829122703887
btc_hl_breakout_7m,0,0.03,0.03,0.005,0.15,20,high_frequency,0.03406030266558307,3.406030266558307,0.4772727272727273,44,-0.06011948310481341,-6.0119483104813405,16.120711843137393,1.2464368343413212,2.8674242424242424e-10,0.5286667705904312,10340.60302665583,0.03406030266558307
btc_hl_breakout_9m,0,0.015,0.02,0.0175,0.15,30,high_frequency,0.04562339835567657,4.5623398355676565,0.44285714285714284,70,-0.04291688679205641,-4.291688679205641,22.806652826259562,1.3065815674336347,1.4761904761904763e-10,0.43683922012083837,10456.233983556765,0.04562339835567657
btc_hl_breakout_9m,0,0.0175,0.03,0.0075,0.1,30,high_frequency,0.00428740223537377,0.428740223537377,0.36065573770491804,61,-0.04973502860703671,-4.973502860703672,3.4556022333970104,1.0394034894690285,1.7814207650273225e-10,0.08026417302005392,10042.874022353737,0.00428740223537377
btc_hl_breakout_5m,0,0.01,0.01,0.005,0.05,30,high_frequency,0.01104815660130655,1.104815660130655,0.5,94,-0.01493034248190428,-1.493034248190428,16.295766567401294,1.2294093686704226,9.21985815602837e-11,0.2369009539452431,10110.481566013066,0.01104815660130655
btc_hl_breakout_4m,0,0.01,0.04,0.02,0.1,15,high_frequency,0.021311160974769247,2.1311160974769248,0.38028169014084506,71,-0.02508917330926763,-2.508917330926763,17.153783106641114,1.2444983057817607,1.436619718309859e-10,0.30391586295435064,10213.111609747692,0.021311160974769247
btc_vol_breakout_3m,0,0.03,0.035,0.005,0.2,20,high_frequency,0.0442713356090876,4.42713356090876,0.5,40,-0.05631178133440495,-5.631178133440495,17.164916279199208,1.2634035772539356,2.9791666666666665e-10,0.5676194592266244,10442.713356090877,0.0442713356090876
btc_small_up_10m,0,0.005,0.045,0.005,0.15,10,high_frequency,0.02995228718587855,2.995228718587855,0.38235294117647056,68,-0.03380766159459003,-3.3807661594590033,15.746289593699732,1.2705712894806165,9.779411764705881e-11,0.2998624632783425,10299.522871858786,0.02995228718587855
btc_vol_breakout_3m,0,0.02,0.04,0.005,0.05,20,high_frequency,-0.003242137408717889,-0.3242137408717889,0.37777777777777777,45,-0.017908296096679877,-1.7908296096679877,-5.132071277023527,0.924314412949791,2.2111111111111111e-10,-0.13959359938554544,9967.578625912822,-0.003242137408717889
btc_vol_breakout_10m,0,0.0125,0.035,0.02,0.25,90,high_frequency,0.04605720425480863,4.605720425480863,0.38095238095238093,42,-0.044128021918271365,-4.4128021918271365,18.498607147015203,1.3085634300952094,1.611111111111111e-10,0.4483305939441516,10460.572042548087,0.04605720425480863
btc_vol_breakout_3m,0,0.01,0.045,0.0075,0.1,10,high_frequency,-0.0008811730457308272,-0.08811730457308271,0.3230769230769231,65,-0.03400340184708317,-3.400340184708317,-0.40539773507970306,0.9894262297118027,1.3205128205128205e-10,-0.007360307696064226,9991.188269542692,-0.0008811730457308272
btc_vol_breakout_2m,0,0.02,0.02,0.0175,0.1,10,high_frequency,-0.007703459527546636,-0.7703459527546636,0.45161290322580644,62,-0.03163215246476081,-3.163215246476081,-6.062594555764078,0.9230694273205317,1.7150537634408602e-10,-0.1180130236727944,9922.965404724533,-0.007703459527546636
btc_small_up_10m,0,0.0175,0.045,0.0125,0.2,20,high_frequency,0.0142849296295881,1.4284929629588101,0.34615384615384615,52,-0.06907047064901572,-6.9070470649015725,5.993048642873336,1.0819619987145073,1.7371794871794872e-10,0.1561788422470872,10142.84929629588,0.0142849296295881
btc_small_up_10m,0,0.025,0.01,0.0075,0.2,5,high_frequency,0.0298953906691233,2.98953906691233,0.6153846153846154,65,-0.0685785775792157,-6.85785775792157,11.575005588485041,1.159606242151106,1.4025641025641027e-10,0.2432782022502442,10298.953906691233,0.0298953906691233
btc_hl_breakout_5m,0,0.015,0.025,0.005,0.25,5,high_frequency,0.001239194684810991,0.1239194684810991,0.417910447761194,67,-0.0833666739181741,-8.336667391817409,1.32606490631551,1.0045623454552572,1.54228855721393e-10,0.02611032778573022,10012.39194684811,0.001239194684810991
btc_small_up_9m,0,0.005,0.01,0.005,0.2,10,high_frequency,0.023413234948158355,2.3413234948158355,0.43243243243243246,74,-0.03487685000702223,-3.487685000702223,11.631934088447345,1.1764425159392835,8.220720720720721e-11,0.1652432297346251,10234.132349481584,0.023413234948158355
btc_hl_breakout_6m,0,0.01,0.03,0.02,0.2,5,high_frequency,0.02663854407643723,2.663854407643723,0.34615384615384615,78,-0.073125321260883,-7.3125321260883,10.30287164013393,1.12641087033439,1.3034188034188035e-10,0.18354144917536935,10266.385440764372,0.02663854407643723
btc_hl_breakout_4m,0,0.01,0.045,0.01,0.15,5,high_frequency,0.01801699565536278,1.801699565536278,0.35294117647058826,68,-0.03875789904476823,-3.875789904476823,10.272673875468833,1.1479598171456395,1.514705882352941e-10,0.18426242104813084,10180.169956553627,0.01801699565536278
btc_hl_breakout_7m,0,0.025,0.025,0.01,0.05,90,high_frequency,0.011720743422469542,1.1720743422469542,0.4716981132075472,53,-0.017740376998142793,-1.7740376998142793,16.016924182824635,1.2436466587324593,2.261006289308176e-10,0.44607638280450446,10117.207434224696,0.011720743422469542
btc_vol_breakout_3m,0,0.0075,0.015,0.0075,0.15,30,high_frequency,-0.008981597633999673,-0.8981597633999673,0.37037037037037035,81,-0.055195207315752226,-5.519520731575223,-4.616872945923658,0.9356472817808787,8.497942386831276e-11,-0.06694772190763328,9910.184023660004,-0.008981597633999673
btc_small_up_10m,0,0.01,0.045,0.005,0.2,15,high_frequency,0.04432282418000575,4.432282418000575,0.3559322033898305,59,-0.048002433285280754,-4.800243328528076,17.359059672639464,1.2973213145840345,1.2740112994350283e-10,0.3840696946646115,10443.228241800058,0.04432282418000575
btc_vol_breakout_9m,0,0.005,0.025,0.005,0.25,10,high_frequency,-0.0027648951108052186,-0.27648951108052183,0.31666666666666665,60,-0.06156063626884034,-6.156063626884034,-0.444228350479382,0.9827481046168145,9.666666666666667e-11,-0.0068946463233894376,9972.351048891947,-0.0027648951108052186
btc_small_down_10m,0,0.035,0.04,0.003,0.2,10,high_frequency,0.0337971241162649,3.37971241162649,0.4375,32,-0.0420811050188713,-4.2081105018871305,13.607465076257602,1.2780972098604235,3.567708333333333e-10,0.5436253124992991,10337.97124116265,0.0337971241162649
btc_vol_breakout_10m,0,0.03,0.06,0.0075,0.25,20,high_frequency,0.04961925421758719,4.961925421758719,0.38461538461538464,26,-0.05445909351319633,-5.445909351319633,17.6219821158456,1.3717883720571615,3.794871794871795e-10,0.7870968067152064,10496.192542175871,0.04961925421758719
btc_hl_breakout_1m,0,0.0175,0.025,0.0175,0.2,5,high_frequency,-0.008031256082162418,-0.8031256082162418,0.3770491803278688,61,-0.07679963349031593,-7.679963349031594,-2.565893379013195,0.9606473925597442,1.7704918032786885e-10,-0.050627612344585037,9919.687439178375,-0.008031256082162418
btc_vol_breakout_10m,0,0.01,0.025,0.005,0.25,5,high_frequency,0.035849048549341934,3.5849048549341935,0.37254901960784315,51,-0.042295903302349225,-4.229590330234922,15.226240031805604,1.2356460809918455,1.235294117647059e-10,0.2909756556061266,10358.49048549342,0.035849048549341934
btc_vol_breakout_2m,0,0.0175,0.01,0.0175,0.05,90,high_frequency,0.0017664004847898639,0.17664004847898637,0.5897435897435898,78,-0.012225813991545542,-1.2225813991545542,3.5144755210202647,1.0410756892767186,1.1581196581196582e-10,0.04731479485504286,10017.664004847898,0.0017664004847898639
btc_hl_breakout_1m,0,0.02,0.025,0.003,0.25,20,high_frequency,-0.0177800581823808,-1.77800581823808,0.375,56,-0.10471823373401268,-10.471823373401268,-4.992180405473334,0.9296025504737151,1.9285714285714286e-10,-0.10750860056447425,9822.199418176191,-0.0177800581823808
btc_hl_breakout_9m,0,0.005,0.035,0.0075,0.15,60,high_frequency,0.01097727510692364,1.097727510692364,0.3157894736842105,95,-0.06635945812011235,-6.635945812011235,5.992560065377803,1.0742548433902903,9.421052631578948e-11,0.08502415108937608,10109.772751069237,0.01097727510692364
btc_small_down_10m,0,0.01,0.045,0.01,0.05,10,high_frequency,-0.006192170176710704,-0.6192170176710704,0.3283582089552239,67,-0.01884791227580873,-1.8847912275808731,-9.707686063011927,0.8606388485180352,1.2885572139303483e-10,-0.18281799439511945,9938.078298232893,-0.006192170176710704
btc_hl_breakout_7m,0,0.0125,0.05,0.0075,0.25,5,high_frequency,0.04371513274277886,4.371513274277886,0.375,64,-0.09360412616656577,-9.360412616656577,12.891558892956242,1.171673714488208,1.7161458333333334e-10,0.29474107456702175,10437.15132742779,0.04371513274277886
btc_vol_breakout_9m,0,0.0125,0.02,0.0075,0.15,10,high_frequency,0.020485715106817633,2.0485715106817635,0.4375,48,-0.02384224648036959,-2.384224648036959,14.166551462711668,1.224564537985763,1.3993055555555556e-10,0.29108339718587345,10204.857151068176,0.020485715106817633
btc_hl_breakout_5m,0,0.015,0.045,0.0075,0.25,45,high_frequency,-0.016937019043012105,-1.6937019043012105,0.3898305084745763,59,-0.0837802785796421,-8.37802785796421,-4.540832450958219,0.932464092251533,1.8813559322033899e-10,-0.0959550164836898,9830.629809569878,-0.016937019043012105
btc_bullish,0,0.0075,0.04,0.01,0.1,10,high_frequency,0.009331949359341764,0.9331949359341764,0.30927835051546393,97,-0.02829458233350368,-2.829458233350368,6.830980947899031,1.0821549740872343,1.1666666666666668e-10,0.10192872217171839,10093.319493593417,0.009331949359341764
btc_hl_breakout_5m,0,0.0075,0.045,0.015,0.15,90,high_frequency,-0.004299724902261346,-0.4299724902261346,0.3333333333333333,78,-0.07480477830570986,-7.480477830570987,-1.494573220164816,0.9724334936020999,1.252136752136752e-10,-0.02643813201655819,9957.002750977386,-0.004299724902261346
btc_vol_breakout_9m,0,0.015,0.02,0.0075,0.15,60,high_frequency,0.018602047374234872,1.8602047374234871,0.44680851063829785,47,-0.03260360329351897,-3.260360329351897,12.879396387251566,1.1998922736291098,1.5035460992907801e-10,0.27109350743159416,10186.020473742348,0.018602047374234872
btc_vol_breakout_2m,0,0.015,0.015,0.0175,0.15,20,high_frequency,0.001992893987094203,0.1992893987094203,0.4868421052631579,76,-0.03793222926775597,-3.793222926775597,1.6198540916629314,1.0129110744937282,1.2105263157894737e-10,0.02611477761885567,10019.928939870942,0.001992893987094203
btc_hl_breakout_1m,0,0.02,0.06,0.0175,0.25,30,high_frequency,0.004652846774595855,0.46528467745958546,0.29545454545454547,44,-0.09327906137455899,-9.3279061374559,2.3976979167888333,1.0211855205798979,2.651515151515151e-10,0.07470805290231887,10046.528467745959,0.004652846774595855
btc_vol_breakout_8m,0,0.01,0.01,0.0125,0.15,30,high_frequency,0.008472343465572817,0.8472343465572817,0.47761194029850745,67,-0.02098153264023528,-2.098153264023528,6.593666741794881,1.0947096903638385,8.830845771144279e-11,0.08941483241079384,10084.723434655729,0.008472343465572817
btc_vol_breakout_9m,0,0.02,0.02,0.0125,0.1,60,high_frequency,0.006245071241892606,0.6245071241892606,0.46511627906976744,43,-0.02736342491725252,-2.736342491725252,6.464784700753482,1.0915949389439124,1.7170542635658916e-10,0.15247014133633574,10062.450712418926,0.006245071241892606
btc_vol_breakout_10m,0,0.025,0.04,0.005,0.15,45,high_frequency,0.041927344903873155,4.192734490387315,0.4411764705882353,34,-0.030396746699901223,-3.0396746699901223,25.677352460618298,1.5057443473350902,2.4362745098039217e-10,0.8216664937672244,10419.273449038732,0.041927344903873155
btc_hl_breakout_8m,0,0.01,0.03,0.02,0.2,60,high_frequency,0.03416848983975824,3.416848983975824,0.34210526315789475,76,-0.0699206611802119,-6.99206611802119,13.008228415679575,1.1653709589112682,1.2565789473684212e-10,0.2365673593901046,10341.684898397583,0.03416848983975824
btc_hl_breakout_10m,0,0.005,0.04,0.02,0.1,15,high_frequency,0.009127687025467969,0.9127687025467969,0.33695652173913043,92,-0.03636482052173051,-3.636482052173051,7.139731282668245,1.0941830034962614,9.909420289855074e-11,0.10472562650145974,10091.27687025468,0.009127687025467969
btc_vol_breakout_10m,0,0.02,0.015,0.02,0.05,60,high_frequency,-0.006221036477058919,-0.6221036477058919,0.4583333333333333,48,-0.018161851747559243,-1.8161851747559243,-13.030694944192872,0.8268300749331626,1.517361111111111e-10,-0.25744622241688647,9937.78963522941,-0.006221036477058919
btc_hl_breakout_9m,0,0.03,0.02,0.0075,0.2,10,high_frequency,0.04498604464998948,4.498604464998948,0.5625,48,-0.07137418718418209,-7.137418718418209,16.30876652281322,1.2339370286792426,2.4166666666666666e-10,0.4832501958918839,10449.860446499895,0.04498604464998948
btc_vol_breakout_10m,0,0.02,0.04,0.003,0.2,10,high_frequency,-0.004505382873534427,-0.45053828735344265,0.3333333333333333,39,-0.0739458637847179,-7.39458637847179,-1.6778052409207633,0.967743339378322,2.0299145299145297e-10,-0.04146396216714103,9954.946171264655,-0.004505382873534427
btc_hl_breakout_8m,0,0.005,0.015,0.02,0.05,60,high_frequency,-0.00046318394993911623,-0.046318394993911625,0.3142857142857143,105,-0.022190300744376557,-2.2190300744376557,-0.5094142733440049,0.990988260920866,7.682539682539682e-11,-0.006387616058567264,9995.36816050061,-0.00046318394993911623
btc_hl_breakout_2m,0,0.02,0.03,0.015,0.05,15,high_frequency,-0.00012272718094295102,-0.012272718094295101,0.38596491228070173,57,-0.01931595235521233,-1.931595235521233,-0.015008817120318752,0.997591159053039,1.9298245614035087e-10,8.775355529108686e-05,9998.77272819057,-0.00012272718094295102
btc_hl_breakout_10m,0,0.035,0.06,0.015,0.05,30,high_frequency,0.01774929667636985,1.774929667636985,0.3939393939393939,33,-0.01702452408798283,-1.7024524087982829,23.207200789384846,1.475000422998776,4.121212121212121e-10,1.078859674136,10177.492966763699,0.01774929667636985
btc_alt_aligned,0,0.0175,0.015,0.0075,0.1,5,high_frequency,0.005948842100172931,0.5948842100172931,0.4673913043478261,92,-0.03991832211008406,-3.991832211008406,4.343057807056603,1.0418825747900702,1.4257246376811595e-10,0.07234574759425927,10059.48842100173,0.005948842100172931
btc_vol_breakout_10m,0,0.0175,0.04,0.005,0.25,60,high_frequency,-0.01190667881901968,-1.190667881901968,0.3170731707317073,41,-0.08773392042462991,-8.77339204246299,-4.216146340437236,0.9302981621030585,1.8536585365853656e-10,-0.09834545939345984,9880.933211809803,-0.01190667881901968
btc_small_up_10m,0,0.035,0.045,0.0125,0.05,10,high_frequency,0.021993405780587092,2.199340578058709,0.48484848484848486,33,-0.013936325659228532,-1.3936325659228532,29.808818454279137,1.6934284048673416,3.4040404040404044e-10,1.3291424709363615,10219.93405780587,0.021993405780587092
btc_hl_breakout_3m,0,0.0075,0.03,0.015,0.05,15,high_frequency,9.582926053169558e-05,0.009582926053169558,0.35,80,-0.019554791012787898,-1.9554791012787898,0.33623582068552704,1.0019549222386472,1.1145833333333334e-10,0.00520077373545118,10000.958292605317,9.582926053169558e-05
btc_hl_breakout_6m,0,0.005,0.01,0.01,0.05,45,high_frequency,-0.010191394988130906,-1.0191394988130906,0.36036036036036034,111,-0.029423749274961164,-2.9423749274961164,-16.997824113078455,0.810329356400349,7.282282282282283e-11,-0.18287463817080596,9898.08605011869,-0.010191394988130906
btc_hl_breakout_1m,0,0.02,0.05,0.02,0.1,30,high_frequency,-0.0018492201669272617,-0.18492201669272618,0.30434782608695654,46,-0.03913742178638491,-3.9137421786384907,-1.1008006913989563,0.9788620536368104,2.4963768115942027e-10,-0.028649466851767544,9981.507798330727,-0.0018492201669272617
btc_hl_breakout_5m,0,0.0175,0.015,0.0125,0.25,15,high_frequency,-0.032940132909535125,-3.2940132909535125,0.4647887323943662,71,-0.10933153486124947,-10.933153486124947,-9.770600737587984,0.882875061042589,1.4389671361502347e-10,-0.17300625019337001,9670.598670904648,-0.032940132909535125
btc_bullish,0,0.015,0.03,0.015,0.15,90,high_frequency,0.017880057142361055,1.7880057142361054,0.3466666666666667,75,-0.046557470122445155,-4.6557470122445155,8.545467930716738,1.099724795557463,1.6333333333333334e-10,0.17078169316883549,10178.80057142361,0.017880057142361055
btc_hl_breakout_6m,0,0.01,0.015,0.01,0.25,15,high_frequency,0.01835720858565587,1.835720858565587,0.367816091954023,87,-0.09185934698214548,-9.185934698214549,6.26624353597779,1.0677865259543389,1.0900383141762451e-10,0.0995137162510612,10183.572085856558,0.01835720858565587
btc_small_up_10m,0,0.025,0.02,0.003,0.2,5,high_frequency,0.01706368643582798,1.706368643582798,0.4807692307692308,52,-0.07098290556977516,-7.098290556977515,6.866131138547121,1.0885281877731077,1.830128205128205e-10,0.18368900878358574,10170.63686435828,0.01706368643582798
btc_hl_breakout_10m,0,0.025,0.02,0.0125,0.05,90,high_frequency,0.012428157359514245,1.2428157359514245,0.5357142857142857,56,-0.015783841672894594,-1.5783841672894594,17.238639690725474,1.260520725069226,2.0386904761904764e-10,0.4469597654077644,10124.281573595143,0.012428157359514245
btc_hl_breakout_6m,0,0.035,0.035,0.0125,0.25,45,high_frequency,0.019643868775911233,1.9643868775911233,0.4864864864864865,37,-0.08478178483627996,-8.478178483627996,6.805285656532299,1.0918304011250664,3.5135135135135137e-10,0.24275006063995502,10196.438687759113,0.019643868775911233
btc_hl_breakout_4m,0,0.0075,0.05,0.0175,0.1,15,high_frequency,0.0010701648217023945,0.10701648217023944,0.323943661971831,71,-0.03874767092580389,-3.874767092580389,1.2235393389786473,1.0119007069742743,1.3262910798122066e-10,0.02167393054811316,10010.701648217024,0.0010701648217023945
btc_hl_breakout_8m,0,0.02,0.01,0.003,0.1,90,high_frequency,-0.007608593096693607,-0.7608593096693608,0.5466666666666666,75,-0.049778879282267985,-4.9778879282267985,-5.156702906311288,0.9324560443110905,1.3399999999999998e-10,-0.09453070493676019,9923.914069033064,-0.007608593096693607
btc_hl_breakout_5m,0,0.015,0.03,0.0075,0.25,90,high_frequency,0.007012775218903926,0.7012775218903926,0.4,65,-0.08679887621201399,-8.679887621201399,3.117805688527751,1.0256959585120236,1.6153846153846152e-10,0.06278713479469224,10070.127752189039,0.007012775218903926
btc_hl_breakout_1m,0,0.015,0.03,0.015,0.1,30,high_frequency,0.009183066674445593,0.9183066674445594,0.421875,64,-0.029619052962851833,-2.9619052962851833,7.50547547871482,1.0923648494258484,1.6770833333333334e-10,0.1507890513187622,10091.830666744456,0.009183066674445593
btc_small_up_10m,0,0.02,0.01,0.02,0.05,5,high_frequency,0.007308572231878452,0.7308572231878452,0.5774647887323944,71,-0.014445292291329959,-1.4445292291329959,10.942708337297828,1.1564660521316366,1.2370892018779342e-10,0.20909155411860803,10073.085722318785,0.007308572231878452
btc_hl_breakout_6m,0,0.005,0.05,0.0075,0.1,45,high_frequency,-0.012782483212257171,-1.2782483212257172,0.30434782608695654,92,-0.05051364542433634,-5.0513645424336335,-9.409089310317398,0.87532912972183,1.0072463768115942e-10,-0.1344765056969947,9872.175167877429,-0.012782483212257171
btc_hl_breakout_10m,0,0.025,0.06,0.0175,0.25,20,high_frequency,0.046100785516204175,4.6100785516204175,0.2926829268292683,41,-0.09238782451521654,-9.238782451521654,13.081383963436425,1.1939348433336356,2.934959349593496e-10,0.48763088876855076,10461.007855162043,0.046100785516204175
btc_vol_breakout_2m,0,0.025,0.05,0.01,0.05,5,high_frequency,0.003154258511099056,0.3154258511099056,0.35555555555555557,45,-0.01626298155793726,-1.6262981557937262,4.82335570676002,1.0682026606751462,2.7370370370370366e-10,0.14681792499449062,10031.54258511099,0.003154258511099056
btc_hl_breakout_7m,0,0.0175,0.03,0.0075,0.25,20,high_frequency,-0.0007958917384214146,-0.07958917384214145,0.36507936507936506,63,-0.1245557408383291,-12.45557408383291,0.804501837458408,0.9972935518663824,1.7936507936507937e-10,0.01944971003825014,9992.041082615786,-0.0007958917384214146
btc_vol_breakout_9m,0,0.0175,0.035,0.015,0.25,20,high_frequency,0.010538286018686996,1.0538286018686995,0.3488372093023256,43,-0.0681500788895687,-6.81500788895687,4.82936628485618,1.0603694633890837,1.864341085271318e-10,0.11744481776100833,10105.38286018687,0.010538286018686996
btc_alt_aligned,0,0.015,0.02,0.015,0.05,5,high_frequency,0.00950945719477882,0.9509457194778821,0.4111111111111111,90,-0.01421506177346643,-1.421506177346643,13.490983415039377,1.1567791825516927,1.4574074074074072e-10,0.21393712166487422,10095.094571947788,0.00950945719477882
btc_small_up_10m,0,0.01,0.015,0.0175,0.15,15,high_frequency,0.017266371595541296,1.7266371595541297,0.36619718309859156,71,-0.044524603978449484,-4.452460397844948,9.262556351792533,1.1307870365459358,1.0070422535211268e-10,0.1714996475525886,10172.663715955412,0.017266371595541296
btc_small_up_10m,0,0.0125,0.04,0.0125,0.1,90,high_frequency,0.007702097673859214,0.7702097673859214,0.3508771929824561,57,-0.03457733116776185,-3.457733116776185,6.055997678740191,1.0876951434270177,1.388888888888889e-10,0.14374396443248064,10077.020976738591,0.007702097673859214
btc_hl_breakout_9m,0,0.035,0.04,0.02,0.05,60,high_frequency,0.014832047084184478,1.4832047084184479,0.46153846153846156,39,-0.016687260764919998,-1.6687260764919998,19.509659795104866,1.3500504013770143,3.3717948717948717e-10,0.7645084447845829,10148.320470841845,0.014832047084184478
btc_vol_breakout_9m,0,0.005,0.05,0.0175,0.1,5,high_frequency,0.004262377537616964,0.4262377537616964,0.3275862068965517,58,-0.022857395312982365,-2.2857395312982365,4.718464769960884,1.0742507836900814,1.0373563218390805e-10,0.07811523653232336,10042.623775376169,0.004262377537616964
btc_small_down_10m,0,0.025,0.01,0.0075,0.1,10,high_frequency,0.030446534469193046,3.0446534469193045,0.6346153846153846,52,-0.024415823046572194,-2.4415823046572194,27.27232202772166,1.4612160324608043,1.532051282051282e-10,0.584033900575724,10304.465344691931,0.030446534469193046
btc_vol_breakout_8m,0,0.025,0.03,0.005,0.05,5,high_frequency,0.014826884584071814,1.4826884584071813,0.4864864864864865,37,-0.009895035453351131,-0.9895035453351131,27.27939670367775,1.5271754821479724,2.454954954954955e-10,0.8011714186538614,10148.268845840717,0.014826884584071814
btc_vol_breakout_8m,0,0.02,0.025,0.0075,0.05,5,high_frequency,0.0015806282724816526,0.15806282724816526,0.37209302325581395,43,-0.015744300071968143,-1.5744300071968143,3.1985141072455536,1.0457977022162976,1.9147286821705427e-10,0.07744642309036373,10015.806282724816,0.0015806282724816526
btc_vol_breakout_10m,0,0.025,0.03,0.015,0.1,90,high_frequency,0.030178097108781877,3.0178097108781876,0.5,34,-0.01947747476070949,-1.947747476070949,28.04432003687524,1.5686710626914089,2.4019607843137255e-10,0.8853977021561752,10301.78097108782,0.030178097108781877
btc_vol_breakout_3m,0,0.0075,0.035,0.02,0.15,30,high_frequency,-0.013758267738622385,-1.3758267738622385,0.3108108108108108,74,-0.05968267752291012,-5.968267752291013,-7.26573207184223,0.9004463803978888,1.0067567567567567e-10,-0.11657491280538447,9862.417322613775,-0.013758267738622385
btc_hl_breakout_8m,0,0.035,0.045,0.005,0.25,90,high_frequency,0.06125187219818722,6.125187219818722,0.4166666666666667,36,-0.08688680915620384,-8.688680915620385,16.784818710038916,1.2958687478698274,3.7314814814814814e-10,0.7051879575654003,10612.518721981873,0.06125187219818722
btc_small_up_10m,0,0.01,0.05,0.003,0.2,20,high_frequency,0.03630772360026447,3.630772360026447,0.3448275862068966,58,-0.057560245722854675,-5.756024572285467,14.168856946444157,1.2443784250449323,1.3333333333333334e-10,0.32403926562755336,10363.077236002644,0.03630772360026447
btc_small_up_9m,0,0.02,0.025,0.02,0.2,10,high_frequency,0.000982332943486449,0.09823329434864489,0.3958333333333333,48,-0.056238269059601165,-5.623826905960117,1.1115860466645289,1.0061273146111318,1.9131944444444443e-10,0.025978003779524975,10009.823329434865,0.000982332943486449
btc_hl_breakout_10m,0,0.035,0.01,0.0125,0.05,5,high_frequency,0.015999820788017524,1.5999820788017525,0.7192982456140351,57,-0.012814040592323495,-1.2814040592323495,22.2654169895338,1.4188033842343635,2.084795321637427e-10,0.5622814884627781,10159.998207880175,0.015999820788017524
btc_vol_breakout_2m,0,0.0075,0.025,0.0175,0.2,60,high_frequency,-0.019526217507050865,-1.9526217507050865,0.34444444444444444,90,-0.0654016199014057,-6.54016199014057,-7.573926375391118,0.9082929716524554,1.0203703703703703e-10,-0.10026493072306061,9804.73782492949,-0.019526217507050865
btc_hl_breakout_6m,0,0.035,0.03,0.005,0.05,10,high_frequency,0.0056548151201485436,0.5654815120148543,0.5135135135135135,37,-0.016260938189343932,-1.6260938189343932,8.678581078943356,1.1411214588131544,3.490990990990991e-10,0.3116488199038149,10056.548151201485,0.0056548151201485436
btc_hl_breakout_7m,0,0.015,0.06,0.02,0.05,45,high_frequency,0.0038993672056920675,0.38993672056920675,0.3275862068965517,58,-0.023312551993709296,-2.3312551993709296,5.462056095601871,1.0786863365624988,1.9339080459770116e-10,0.14078692690768457,10038.99367205692,0.0038993672056920675
btc_small_up_9m,0,0.0125,0.01,0.003,0.25,20,high_frequency,-0.0065686404860955915,-0.6568640486095592,0.49206349206349204,63,-0.05862102329824759,-5.862102329824759,-1.656979354591668,0.9659760401778751,1.1349206349206349e-10,-0.028058434496467586,9934.313595139043,-0.0065686404860955915
btc_small_down_10m,0,0.01,0.02,0.015,0.1,15,high_frequency,0.024138757352299332,2.4138757352299334,0.4305555555555556,72,-0.02862476299087291,-2.862476299087291,22.538761213657324,1.3111363649558352,9.722222222222222e-11,0.3364524436756574,10241.387573522994,0.024138757352299332
btc_hl_breakout_5m,0,0.03,0.02,0.015,0.25,90,high_frequency,0.013760912790663769,1.3760912790663768,0.54,50,-0.09186803878946703,-9.186803878946703,5.222085177505031,1.0559573603483958,2.3366666666666664e-10,0.1335539108168959,10137.609127906639,0.013760912790663769
btc_hl_breakout_8m,0,0.02,0.045,0.01,0.25,15,high_frequency,-0.029454888700618857,-2.9454888700618858,0.3,50,-0.1300861449097207,-13.00861449097207,-7.329522265435527,0.8819705036408674,2.3133333333333334e-10,-0.21179435000406027,9705.451112993811,-0.029454888700618857
btc_vol_breakout_9m,0,0.0175,0.015,0.0075,0.15,30,high_frequency,0.000379375216953872,0.0379375216953872,0.46,50,-0.04113194786839358,-4.113194786839358,0.6919968845090381,1.003608261134409,1.4166666666666667e-10,0.014134293241583551,10003.793752169538,0.000379375216953872
btc_vol_breakout_10m,0,0.0075,0.04,0.0125,0.1,10,high_frequency,0.002839866667918807,0.28398666679188067,0.3137254901960784,51,-0.020527501702142126,-2.0527501702142126,3.1852712534158916,1.04792887511466,1.1601307189542484e-10,0.06134421798344613,10028.398666679188,0.002839866667918807
btc_vol_breakout_9m,0,0.0125,0.01,0.005,0.15,30,high_frequency,0.00647815663009219,0.647815663009219,0.5357142857142857,56,-0.02558486376742919,-2.558486376742919,4.944113728683437,1.070660338403273,1.0922619047619049e-10,0.08390544698981107,10064.781566300922,0.00647815663009219
btc_hl_breakout_7m,0,0.015,0.025,0.003,0.05,15,high_frequency,0.006108117395992587,0.6108117395992587,0.39705882352941174,68,-0.02002794093675575,-2.002794093675575,8.663140052822428,1.1146009681507436,1.5980392156862744e-10,0.18375082816346047,10061.081173959927,0.006108117395992587
btc_hl_breakout_7m,0,0.02,0.025,0.005,0.1,15,high_frequency,-0.005355341407549645,-0.5355341407549644,0.3620689655172414,58,-0.05135426724930203,-5.135426724930204,-3.4479513979632843,0.9518169658256277,1.9339080459770116e-10,-0.0822783182696463,9946.446585924503,-0.005355341407549645
btc_small_down_10m,0,0.0075,0.03,0.01,0.05,45,high_frequency,3.9111728075710065e-05,0.003911172807571007,0.36486486486486486,74,-0.014537582512540559,-1.4537582512540559,0.2410545437562988,1.0008615692809715,1.0585585585585586e-10,0.0036974887491550926,10000.391117280757,3.9111728075710065e-05
btc_vol_breakout_10m,0,0.02,0.025,0.003,0.15,15,high_frequency,-0.0004045303096902444,-0.04045303096902444,0.375,40,-0.049797704672689735,-4.979770467268974,0.14772005650592027,0.9959752081129819,1.9000000000000002e-10,0.004623781151897061,9995.954696903098,-0.0004045303096902444
btc_hl_breakout_8m,0,0.005,0.03,0.003,0.1,45,high_frequency,0.006338957408612271,0.6338957408612271,0.30851063829787234,94,-0.041717654310875374,-4.171765431087538,5.169279112935342,1.065785171481562,9.131205673758866e-11,0.07282150105176871,10063.389574086123,0.006338957408612271
btc_hl_breakout_6m,0,0.01,0.025,0.015,0.15,20,high_frequency,0.016756734871673895,1.6756734871673895,0.34615384615384615,78,-0.05850245939342613,-5.850245939342614,8.628396384701748,1.1076893177059393,1.2628205128205127e-10,0.15318482127505223,10167.567348716739,0.016756734871673895
btc_alt_aligned,0,0.0125,0.045,0.003,0.05,30,high_frequency,4.593668088853633e-05,0.004593668088853633,0.30864197530864196,81,-0.019639754941667698,-1.9639754941667698,0.2817015288259989,1.0007923242290921,1.6481481481481483e-10,0.004855421241013576,10000.459366808886,4.593668088853633e-05
btc_small_up_10m,0,0.025,0.05,0.0125,0.25,10,high_frequency,0.03446923308142118,3.4469233081421176,0.3333333333333333,42,-0.09661638783368465,-9.661638783368465,10.465726330068097,1.1579924932573369,2.48015873015873e-10,0.3602426235720676,10344.692330814212,0.03446923308142118
btc_vol_breakout_10m,0,0.035,0.035,0.02,0.25,20,high_frequency,0.06671910636703687,6.671910636703688,0.5161290322580645,31,-0.049315921974125376,-4.931592197412538,24.006565173523505,1.4498286675807186,3.220430107526882e-10,0.8636304465037339,10667.191063670369,0.06671910636703687
btc_hl_breakout_3m,0,0.0175,0.025,0.0075,0.1,30,high_frequency,-0.00040366946216456655,-0.04036694621645665,0.3898305084745763,59,-0.03601330793661173,-3.6013307936611727,0.042088953253991875,0.9959258474340381,1.8728813559322033e-10,0.0010266743242457873,9995.963305378355,-0.00040366946216456655
btc_hl_breakout_1m,0,0.015,0.02,0.02,0.15,15,high_frequency,0.010203841635517028,1.0203841635517028,0.4492753623188406,69,-0.04288390428327715,-4.288390428327715,5.909889166517109,1.0663076432521372,1.463768115942029e-10,0.10882459666381834,10102.03841635517,0.010203841635517028
btc_vol_breakout_8m,0,0.015,0.025,0.005,0.1,60,high_frequency,0.013440350572079478,1.3440350572079478,0.425531914893617,47,-0.022829602917495584,-2.2829602917495584,13.473588551638233,1.2160718960312584,1.620567375886525e-10,0.2909531666485258,10134.403505720795,0.013440350572079478
btc_hl_breakout_4m,0,0.025,0.03,0.003,0.1,90,high_frequency,0.027318830942192538,2.731883094219254,0.49019607843137253,51,-0.022646363492009214,-2.2646363492009214,20.593160342602527,1.2980639425207674,2.2973856209150327e-10,0.5395927991002499,10273.188309421925,0.027318830942192538
btc_alt_aligned,0,0.035,0.035,0.015,0.05,20,high_frequency,0.012959460132469099,1.2959460132469098,0.4883720930232558,43,-0.015401465584712337,-1.5401465584712337,16.880176494109353,1.2900530618842323,3.263565891472868e-10,0.6068044800648629,10129.59460132469,0.012959460132469099
btc_vol_breakout_9m,0,0.0075,0.03,0.0075,0.2,10,high_frequency,0.008273133900292964,0.8273133900292964,0.34615384615384615,52,-0.04085047039455103,-4.0850470394551035,4.816773289927287,1.0695990110058913,1.2083333333333333e-10,0.08982323337324395,10082.73133900293,0.008273133900292964
btc_hl_breakout_5m,0,0.035,0.01,0.01,0.1,60,high_frequency,0.02613334246942617,2.6133342469426166,0.7413793103448276,58,-0.024691969729873975,-2.4691969729873975,20.24744859054711,1.334669092925855,1.8850574712643676e-10,0.45301108621630326,10261.333424694261,0.02613334246942617
btc_hl_breakout_3m,0,0.0175,0.06,0.0175,0.05,60,high_frequency,0.0014173669282241577,0.14173669282241577,0.2765957446808511,47,-0.018085775101168045,-1.8085775101168045,2.35378227882686,1.0339230546173035,2.5319148936170215e-10,0.06665946870761977,10014.173669282241,0.0014173669282241577
btc_hl_breakout_6m,0,0.015,0.045,0.0125,0.1,90,high_frequency,-0.017172649221234338,-1.7172649221234337,0.3728813559322034,59,-0.03940893333842821,-3.940893333842821,-13.651035730291893,0.8260139396776812,1.867231638418079e-10,-0.286268398275701,9828.273507787657,-0.017172649221234338
btc_hl_breakout_9m,0,0.01,0.01,0.02,0.25,10,high_frequency,0.027394360152897115,2.7394360152897113,0.4489795918367347,98,-0.08755990869318986,-8.755990869318985,8.921325206152,1.0998039276268492,8.792517006802722e-11,0.12420117821608673,10273.943601528972,0.027394360152897115
btc_hl_breakout_5m,0,0.02,0.035,0.01,0.05,30,high_frequency,-0.006347988725036862,-0.6347988725036862,0.33962264150943394,53,-0.025250516710486837,-2.5250516710486837,-9.901879216748162,0.873333316319193,2.150943396226415e-10,-0.23606509790513866,9936.520112749631,-0.006347988725036862
btc_hl_breakout_8m,0,0.03,0.04,0.0175,0.1,20,high_frequency,0.019331169473424028,1.9331169473424028,0.42857142857142855,42,-0.03662523061354095,-3.662523061354095,13.278148728822655,1.2084712594361122,2.972222222222222e-10,0.4712851931149367,10193.31169473424,0.019331169473424028
btc_hl_breakout_7m,0,0.025,0.015,0.02,0.25,90,high_frequency,0.05894984030604214,5.894984030604214,0.5555555555555556,63,-0.08066764967259188,-8.066764967259187,16.694840873394394,1.2204362475742576,1.7989417989417992e-10,0.3877557386427641,10589.498403060421,0.05894984030604214
btc_hl_breakout_7m,0,0.0175,0.04,0.02,0.2,5,high_frequency,0.0014911736848976715,0.14911736848976714,0.3728813559322034,59,-0.09801755946103519,-9.801755946103519,1.3554802490367934,1.0069519656114863,1.9717514124293787e-10,0.03258556770252421,10014.911736848977,0.0014911736848976715
btc_vol_breakout_2m,0,0.03,0.01,0.0175,0.2,10,high_frequency,0.05464684478394554,5.464684478394554,0.7230769230769231,65,-0.03419892143659686,-3.4198921436596863,23.627649917138516,1.3507194186769873,1.517948717948718e-10,0.42105281504481007,10546.468447839456,0.05464684478394554
btc_vol_breakout_10m,0,0.025,0.04,0.0175,0.15,10,high_frequency,0.041927344903873155,4.192734490387315,0.4411764705882353,34,-0.030396746699901223,-3.0396746699901223,25.677352460618298,1.5057443473350902,2.4362745098039217e-10,0.8216664937672244,10419.273449038732,0.041927344903873155
btc_hl_breakout_10m,0,0.015,0.06,0.0075,0.2,15,high_frequency,0.021029657554827327,2.1029657554827326,0.32727272727272727,55,-0.07554341730353642,-7.5543417303536415,7.960057939932848,1.1094365375157065,2.0181818181818183e-10,0.21609589840618232,10210.296575548273,0.021029657554827327
btc_small_up_9m,0,0.02,0.025,0.0175,0.15,45,high_frequency,0.0010193990333785905,0.10193990333785904,0.3958333333333333,48,-0.04230406030176859,-4.230406030176859,1.0952066387474866,1.0085341035974122,1.9131944444444443e-10,0.025978003779525465,10010.193990333786,0.0010193990333785905
btc_hl_breakout_9m,0,0.0125,0.015,0.0125,0.05,10,high_frequency,0.009244162632325982,0.9244162632325982,0.4444444444444444,81,-0.01761237843931318,-1.761237843931318,13.19696869510321,1.1715512444883311,1.1872427983539095e-10,0.23109035924070792,10092.44162632326,0.009244162632325982
btc_alt_aligned,0,0.025,0.045,0.0125,0.25,5,high_frequency,0.05084927395596492,5.084927395596492,0.36538461538461536,52,-0.09235409443796538,-9.235409443796538,14.026492559475708,1.1889600595931862,2.6730769230769234e-10,0.4142888366843078,10508.49273955965,0.05084927395596492
btc_bullish,0,0.005,0.025,0.0125,0.1,10,high_frequency,0.010388676766832054,1.0388676766832055,0.3445378151260504,119,-0.03030503866388068,-3.030503866388068,7.493728735799409,1.0814910056301599,9.005602240896359e-11,0.09239927562272578,10103.88676766832,0.010388676766832054
btc_small_up_9m,0,0.03,0.01,0.003,0.15,10,high_frequency,0.021246055715249394,2.1246055715249392,0.68,50,-0.03035401318475761,-3.035401318475761,12.737962463063925,1.2123945436068686,1.9033333333333332e-10,0.2915978526209306,10212.460557152493,0.021246055715249394
btc_vol_breakout_9m,0,0.025,0.045,0.0175,0.25,60,high_frequency,0.038702563409131426,3.8702563409131425,0.36363636363636365,33,-0.05584490981591128,-5.584490981591128,14.57624866929097,1.2770795788930636,2.7020202020202016e-10,0.4850436475617735,10387.025634091315,0.038702563409131426
btc_hl_breakout_8m,0,0.035,0.02,0.015,0.1,60,high_frequency,0.033065196047007875,3.3065196047007874,0.627906976744186,43,-0.026883198964589794,-2.6883198964589794,22.788798419945426,1.419570691861153,2.8333333333333334e-10,0.7705146201358195,10330.651960470079,0.033065196047007875
btc_hl_breakout_4m,0,0.01,0.01,0.0175,0.25,15,high_frequency,0.04037290052764975,4.037290052764975,0.5164835164835165,91,-0.06086844727648222,-6.086844727648222,14.065544917450913,1.175761884290433,9.285714285714285e-11,0.1855957124677328,10403.729005276498,0.04037290052764975
btc_alt_aligned,0,0.03,0.03,0.003,0.2,90,high_frequency,0.04143040227486497,4.143040227486497,0.46,50,-0.06499632897337349,-6.4996328973373485,14.065477676661933,1.1892404763442364,2.7866666666666663e-10,0.43394917208682676,10414.304022748649,0.04143040227486497
btc_hl_breakout_8m,0,0.0075,0.05,0.0175,0.05,60,high_frequency,0.006609162215806368,0.6609162215806368,0.3157894736842105,76,-0.01911131535849231,-1.911131535849231,9.676088831593043,1.1419812350441971,1.2521929824561404e-10,0.1774251917714524,10066.091622158063,0.006609162215806368
btc_hl_breakout_4m,0,0.0125,0.05,0.003,0.1,90,high_frequency,0.029972833393104588,2.9972833393104588,0.43859649122807015,57,-0.024018315419137015,-2.4018315419137015,23.06804431462589,1.394875609769916,1.8596491228070174e-10,0.5282434126322493,10299.728333931045,0.029972833393104588
btc_small_up_9m,0,0.005,0.015,0.02,0.15,60,high_frequency,0.009758910639064653,0.9758910639064653,0.36619718309859156,71,-0.029771141928527034,-2.9771141928527034,6.5444582131781806,1.0954569559360992,8.873239436619719e-11,0.09821912541025071,10097.589106390646,0.009758910639064653
btc_vol_breakout_9m,0,0.03,0.06,0.02,0.25,20,high_frequency,0.05227109582449298,5.227109582449298,0.38461538461538464,26,-0.05445909351319522,-5.445909351319522,18.391656837102726,1.3906711336280662,4.1153846153846156e-10,0.8265694386980916,10522.71095824493,0.05227109582449298
btc_hl_breakout_4m,0,0.03,0.025,0.015,0.15,20,high_frequency,0.03072078384013812,3.072078384013812,0.5416666666666666,48,-0.03714984907478869,-3.714984907478869,15.741744474942513,1.223674926517292,2.6527777777777776e-10,0.4368477781299334,10307.20783840138,0.03072078384013812
btc_bullish,0,0.005,0.04,0.003,0.1,5,high_frequency,0.01317529343200232,1.317529343200232,0.34545454545454546,110,-0.030319043136710078,-3.0319043136710078,9.311402963353082,1.1138292774738972,9.924242424242424e-11,0.12461145382773664,10131.752934320024,0.01317529343200232
btc_small_up_10m,0,0.02,0.015,0.0175,0.25,10,high_frequency,0.037281258005069914,3.7281258005069913,0.4918032786885246,61,-0.07156247197502152,-7.156247197502152,11.59775326061875,1.1508727906144325,1.5081967213114754e-10,0.26306489503782515,10372.812580050699,0.037281258005069914
btc_vol_breakout_8m,0,0.02,0.03,0.0075,0.05,90,high_frequency,0.003164542995867879,0.3164542995867879,0.35714285714285715,42,-0.014712745745208422,-1.4712745745208422,6.218261887168986,1.0920246330450822,2e-10,0.15478790683619253,10031.645429958679,0.003164542995867879
btc_bullish,0,0.035,0.04,0.005,0.05,20,high_frequency,0.021249895954794498,2.12498959547945,0.5128205128205128,39,-0.013252614962606768,-1.3252614962606768,27.954725531494912,1.5450442841001635,3.393162393162393e-10,1.0879698901121477,10212.498959547946,0.021249895954794498
btc_vol_breakout_10m,0,0.035,0.04,0.003,0.2,90,high_frequency,0.05371752626396058,5.3717526263960576,0.4838709677419355,31,-0.04653424607212464,-4.6534246072124645,23.97064294166742,1.4649922481366786,3.236559139784946e-10,0.8684977111216226,10537.175262639606,0.05371752626396058
btc_hl_breakout_8m,0,0.01,0.05,0.0125,0.15,30,high_frequency,0.016986674147604346,1.6986674147604346,0.32857142857142857,70,-0.05733052759667512,-5.733052759667512,8.683892750763665,1.1222384227210453,1.4142857142857143e-10,0.17288677325259483,10169.866741476044,0.016986674147604346
btc_hl_breakout_1m,0,0.0125,0.05,0.01,0.15,90,high_frequency,0.021397998253401555,2.1397998253401553,0.39655172413793105,58,-0.053010128072324414,-5.301012807232441,11.548464302433569,1.1619376391941352,1.8218390804597702e-10,0.25854502972486004,10213.979982534016,0.021397998253401555
btc_vol_breakout_9m,0,0.035,0.04,0.02,0.25,90,high_frequency,0.06554788101697859,6.554788101697858,0.4838709677419355,31,-0.05790109951377709,-5.790109951377708,23.358547357915565,1.44695875020334,3.505376344086021e-10,0.8493884743089893,10655.478810169785,0.06554788101697859
btc_vol_breakout_10m,0,0.0075,0.02,0.003,0.25,60,high_frequency,0.02265801144644779,2.265801144644779,0.37735849056603776,53,-0.03810420844579032,-3.810420844579032,10.078130159871337,1.1535249538177375,1.0660377358490567e-10,0.18247710577988835,10226.580114464477,0.02265801144644779
btc_vol_breakout_3m,0,0.035,0.04,0.01,0.15,15,high_frequency,0.031502557818207086,3.1502557818207086,0.4857142857142857,35,-0.04013333550744669,-4.013333550744669,16.07758555092025,1.2687403777269162,3.519047619047619e-10,0.6145991094295725,10315.02557818207,0.031502557818207086
btc_alt_aligned,0,0.015,0.04,0.0125,0.25,10,high_frequency,0.008813962590192887,0.8813962590192888,0.35064935064935066,77,-0.090968471666109,-9.0968471666109,3.437098082682304,1.027957051127401,1.7337662337662337e-10,0.0665857366658936,10088.13962590193,0.008813962590192887
btc_hl_breakout_8m,0,0.03,0.05,0.02,0.15,90,high_frequency,0.029203307221552177,2.9203307221552177,0.39473684210526316,38,-0.05130324027887212,-5.130324027887212,13.395935736327006,1.2246797838814698,3.3771929824561406e-10,0.5323065471730319,10292.033072215521,0.029203307221552177
btc_hl_breakout_3m,0,0.015,0.05,0.003,0.1,10,high_frequency,0.00781882814339915,0.781882814339915,0.39215686274509803,51,-0.025972474846183258,-2.5972474846183258,6.589201282258506,1.0959535731624328,2.1633986928104575e-10,0.16323125287989074,10078.188281433992,0.00781882814339915
btc_vol_breakout_3m,0,0.0175,0.03,0.0075,0.25,60,high_frequency,0.0106173544672969,1.06173544672969,0.3877551020408163,49,-0.06506023894341328,-6.506023894341329,4.34862898258354,1.049517755385726,2.0340136054421769e-10,0.10868906389565224,10106.173544672969,0.0106173544672969
btc_vol_breakout_9m,0,0.015,0.02,0.01,0.15,45,high_frequency,0.018602047374234872,1.8602047374234871,0.44680851063829785,47,-0.03260360329351897,-3.260360329351897,12.879396387251566,1.1998922736291098,1.5035460992907801e-10,0.27109350743159416,10186.020473742348,0.018602047374234872
btc_hl_breakout_3m,0,0.03,0.06,0.0175,0.1,5,high_frequency,0.02473061621723192,2.473061621723192,0.3888888888888889,36,-0.03450217275590972,-3.450217275590972,17.982349670198555,1.3097680264718987,3.6990740740740737e-10,0.6978438877680685,10247.30616217232,0.02473061621723192
btc_hl_breakout_3m,0,0.0125,0.03,0.0075,0.2,10,high_frequency,0.046242297998145,4.6242297998145,0.4264705882352941,68,-0.053975864059837786,-5.397586405983779,18.702622679425602,1.2412611062372387,1.514705882352941e-10,0.3469044485574727,10462.42297998145,0.046242297998145
btc_hl_breakout_9m,0,0.0125,0.03,0.005,0.2,10,high_frequency,0.04384584942426984,4.384584942426984,0.391304347826087,69,-0.06395211091534636,-6.395211091534636,15.950446424284747,1.211632390341255,1.502415458937198e-10,0.3285296435358858,10438.458494242699,0.04384584942426984
btc_vol_breakout_9m,0,0.0175,0.025,0.0075,0.15,5,high_frequency,0.002638737194137661,0.26387371941376614,0.3488372093023256,43,-0.0444280508131758,-4.44280508131758,2.1863096995886364,1.0264301328348708,1.8023255813953487e-10,0.05208986490621555,10026.387371941377,0.002638737194137661
btc_hl_breakout_8m,0,0.0075,0.05,0.005,0.1,15,high_frequency,0.012963282901477658,1.2963282901477657,0.3157894736842105,76,-0.03801247986585987,-3.801247986585987,9.669791447840163,1.1371749869486554,1.2521929824561404e-10,0.1774251917714529,10129.632829014776,0.012963282901477658
btc_hl_breakout_6m,0,0.025,0.06,0.015,0.2,15,high_frequency,-0.00043539079413542367,-0.04353907941354237,0.275,40,-0.08423143871729877,-8.423143871729877,0.6388272167501444,0.9976878495252339,2.975e-10,0.027857696448072573,9995.646092058645,-0.00043539079413542367
btc_hl_breakout_6m,0,0.03,0.025,0.02,0.15,20,high_frequency,-0.0022051233408228654,-0.22051233408228654,0.4888888888888889,45,-0.05939268575705203,-5.939268575705203,-0.6117061614072776,0.9840235502379903,2.762962962962963e-10,-0.017289945955737584,9977.948766591771,-0.0022051233408228654
btc_hl_breakout_6m,0,0.0175,0.015,0.01,0.05,5,high_frequency,-0.0114701111585305,-1.1470111158530498,0.43661971830985913,71,-0.025253989876714233,-2.5253989876714233,-18.547759732216136,0.7964302536056943,1.4859154929577465e-10,-0.3221772494156227,9885.298888414694,-0.0114701111585305
btc_hl_breakout_7m,0,0.025,0.04,0.0125,0.15,10,high_frequency,0.030471724310926176,3.0471724310926174,0.3877551020408163,49,-0.05607990946010577,-5.6079909460105775,13.945073528218044,1.2012657365205843,2.510204081632653e-10,0.42880050630189287,10304.717243109262,0.030471724310926176
btc_small_up_10m,0,0.015,0.035,0.015,0.1,60,high_frequency,0.00923588389208644,0.923588389208644,0.34545454545454546,55,-0.03271785453519738,-3.2717854535197377,7.135243489369189,1.10559262918859,1.5272727272727273e-10,0.1768014499995971,10092.358838920863,0.00923588389208644
btc_hl_breakout_9m,0,0.01,0.01,0.003,0.15,90,high_frequency,0.017166959872614053,1.7166959872614054,0.4489795918367347,98,-0.05302000388745387,-5.3020003887453875,8.918382396710701,1.1071383539875068,8.792517006802722e-11,0.12420117821608505,10171.669598726141,0.017166959872614053
btc_vol_breakout_9m,0,0.005,0.045,0.005,0.05,30,high_frequency,0.002454855436893536,0.24548554368935357,0.3275862068965517,58,-0.01148356366294967,-1.148356366294967,5.256897965991902,1.0861875260418448,1.0373563218390805e-10,0.08701255918300657,10024.548554368936,0.002454855436893536
btc_hl_breakout_1m,0,0.025,0.025,0.015,0.15,5,high_frequency,0.020318262007267187,2.0318262007267185,0.48,50,-0.04279341956647831,-4.279341956647831,10.780290628775665,1.1450535822401027,2.2733333333333335e-10,0.28385200840591807,10203.182620072672,0.020318262007267187
btc_vol_breakout_2m,0,0.015,0.06,0.005,0.25,10,high_frequency,0.02065291362139087,2.065291362139087,0.3090909090909091,55,-0.08611250085005229,-8.611250085005228,7.071883068469781,1.0928878496685437,1.9606060606060607e-10,0.17628177693860775,10206.529136213909,0.02065291362139087
btc_hl_breakout_1m,0,0.0175,0.015,0.02,0.15,90,high_frequency,-0.01007803833035032,-1.0078038330350318,0.4788732394366197,71,-0.059066763343645357,-5.906676334364535,-5.027775826579133,0.9358852860122502,1.403755868544601e-10,-0.08607707570657804,9899.219616696497,-0.01007803833035032
btc_hl_breakout_2m,0,0.015,0.025,0.003,0.05,30,high_frequency,0.005170121199040057,0.5170121199040056,0.4153846153846154,65,-0.014678331731113214,-1.4678331731113214,8.543530115202758,1.1069515760189115,1.5974358974358973e-10,0.16246786088678772,10051.701211990401,0.005170121199040057
btc_hl_breakout_1m,0,0.01,0.045,0.0125,0.1,90,high_frequency,0.0015990724461434297,0.15990724461434297,0.323943661971831,71,-0.03652632788886967,-3.652632788886967,1.6743790082042997,1.0179883165508548,1.4507042253521126e-10,0.028520551062388506,10015.990724461435,0.0015990724461434297
btc_hl_breakout_7m,0,0.0175,0.015,0.01,0.15,10,high_frequency,-0.003958724699765753,-0.3958724699765753,0.4520547945205479,73,-0.07299874979093668,-7.2998749790936674,-1.2762039833393186,0.9771911274316827,1.4383561643835617e-10,-0.024620511351230143,9960.412753002343,-0.003958724699765753
btc_hl_breakout_9m,0,0.0175,0.025,0.005,0.1,60,high_frequency,0.004923384674780141,0.4923384674780141,0.390625,64,-0.047557549218617545,-4.7557549218617545,3.9280269316923153,1.0449868831922564,1.6536458333333334e-10,0.0862160024873619,10049.233846747802,0.004923384674780141
btc_hl_breakout_8m,0,0.03,0.02,0.0175,0.1,30,high_frequency,0.02739640833955749,2.739640833955749,0.574468085106383,47,-0.027423694900890916,-2.7423694900890916,19.17921626151824,1.3068250224607565,2.407801418439716e-10,0.5883210855698368,10273.964083395575,0.02739640833955749
btc_hl_breakout_7m,0,0.035,0.01,0.015,0.15,5,high_frequency,0.042628219228758896,4.262821922875889,0.7017543859649122,57,-0.046052330441141875,-4.605233044114188,19.556153986611005,1.334124002952422,2.1198830409356725e-10,0.5032722815348724,10426.282192287588,0.042628219228758896
btc_hl_breakout_3m,0,0.02,0.035,0.0125,0.05,10,high_frequency,-0.0038709232564760384,-0.3870923256476038,0.36538461538461536,52,-0.021784975736374834,-2.1784975736374834,-6.043326570676645,0.9193913079916237,2.141025641025641e-10,-0.14488239538284303,9961.29076743524,-0.0038709232564760384
btc_bullish,0,0.02,0.03,0.0125,0.05,60,high_frequency,0.008096945384110234,0.8096945384110235,0.3709677419354839,62,-0.015065241985671829,-1.506524198567183,10.908487779128494,1.1508118984497786,2.0591397849462366e-10,0.26571230216427555,10080.969453841102,0.008096945384110234
btc_hl_breakout_9m,0,0.0175,0.05,0.0075,0.05,20,high_frequency,-0.0010413643297671285,-0.10413643297671285,0.32075471698113206,53,-0.025721728467124727,-2.5721728467124727,-1.2531426316007792,0.9781824910614976,2.1226415094339624e-10,-0.03308512878944326,9989.586356702328,-0.0010413643297671285
btc_small_up_10m,0,0.015,0.04,0.0075,0.1,60,high_frequency,0.008512304967725367,0.8512304967725367,0.34545454545454546,55,-0.03400739317022994,-3.400739317022994,6.60123119223305,1.0972565709521047,1.5393939393939394e-10,0.16373434561001646,10085.123049677253,0.008512304967725367
btc_hl_breakout_9m,0,0.005,0.045,0.005,0.25,5,high_frequency,0.019359543173157818,1.9359543173157818,0.3191489361702128,94,-0.1119638653770022,-11.19638653770022,6.654168904054389,1.0764188991789672,9.592198581560283e-11,0.09575229503056681,10193.595431731577,0.019359543173157818
btc_hl_breakout_1m,0,0.03,0.02,0.01,0.15,10,high_frequency,0.009566264437839369,0.9566264437839369,0.5306122448979592,49,-0.04919734793156805,-4.919734793156804,5.588251322397849,1.068511537693925,2.3435374149659864e-10,0.1440783486124746,10095.662644378393,0.009566264437839369
btc_vol_breakout_3m,0,0.015,0.01,0.0125,0.25,10,high_frequency,0.02146109802426781,2.146109802426781,0.5753424657534246,73,-0.06790152292479867,-6.790152292479867,7.945872765874169,1.0962822484516441,1.0388127853881278e-10,0.13068456540894438,10214.610980242678,0.02146109802426781
btc_hl_breakout_10m,0,0.025,0.02,0.003,0.25,30,high_frequency,0.06052002654819594,6.052002654819594,0.5357142857142857,56,-0.07816281936057978,-7.816281936057978,17.255962577401306,1.2351740401940472,2.0386904761904764e-10,0.4469597654077653,10605.200265481959,0.06052002654819594
btc_hl_breakout_9m,0,0.005,0.01,0.003,0.15,90,high_frequency,0.0027125041695080883,0.2712504169508088,0.3644067796610169,118,-0.06264208442836361,-6.264208442836361,1.9537666499842476,1.0166675423435971,6.638418079096046e-11,0.021632432383088686,10027.12504169508,0.0027125041695080883
btc_hl_breakout_6m,0,0.025,0.03,0.005,0.15,10,high_frequency,0.01043285099709783,1.0432850997097831,0.42857142857142855,49,-0.050386227848935206,-5.038622784893521,5.846656587737448,1.07070696058785,2.4047619047619047e-10,0.1576421389031906,10104.32850997098,0.01043285099709783
btc_vol_breakout_3m,0,0.015,0.01,0.01,0.1,45,high_frequency,0.009156880740478539,0.9156880740478539,0.5753424657534246,73,-0.027533492157160833,-2.7533492157160833,7.9349255953153035,1.1053015956940382,1.0388127853881278e-10,0.13068456540894535,10091.568807404785,0.009156880740478539
btc_hl_breakout_6m,0,0.025,0.035,0.003,0.25,20,high_frequency,0.01128953006814154,1.128953006814154,0.3958333333333333,48,-0.08548588067998764,-8.548588067998764,4.371639093412431,1.0447277823569798,2.454861111111111e-10,0.12129677956276162,10112.895300681415,0.01128953006814154
btc_hl_breakout_7m,0,0.005,0.02,0.0125,0.2,60,high_frequency,-0.008177046900655797,-0.8177046900655797,0.3113207547169811,106,-0.09664338071310796,-9.664338071310796,-2.224151927634976,0.9646044995544781,8.443396226415095e-11,-0.028289219495558692,9918.229530993442,-0.008177046900655797
btc_vol_breakout_8m,0,0.0125,0.015,0.003,0.1,5,high_frequency,0.010382677770485668,1.0382677770485669,0.4642857142857143,56,-0.01732542314904384,-1.732542314904384,10.639413221682817,1.155334280329606,1.255952380952381e-10,0.18988379761745797,10103.826777704857,0.010382677770485668
btc_bullish,0,0.02,0.05,0.015,0.25,15,high_frequency,0.046084154316392734,4.608415431639274,0.3392857142857143,56,-0.06899613394399062,-6.899613394399062,12.96406166087115,1.1764020189652233,2.3154761904761905e-10,0.3540888711000315,10460.841543163928,0.046084154316392734
btc_vol_breakout_2m,0,0.035,0.03,0.01,0.15,30,high_frequency,0.03642435682272269,3.6424356822722688,0.55,40,-0.03747172851299618,-3.7471728512996183,18.745480693773985,1.3191586948274256,3.2916666666666667e-10,0.6138692077071937,10364.243568227226,0.03642435682272269
btc_vol_breakout_10m,0,0.005,0.04,0.0125,0.1,45,high_frequency,-0.001354810735576018,-0.1354810735576018,0.3157894736842105,57,-0.023772516320317183,-2.3772516320317183,-1.106945017091382,0.9779507276240149,9.707602339181288e-11,-0.018828315793424415,9986.45189264424,-0.001354810735576018
btc_hl_breakout_8m,0,0.0175,0.06,0.005,0.2,60,high_frequency,-0.013237104188381409,-1.323710418838141,0.23529411764705882,51,-0.10469715801547463,-10.469715801547464,-3.784529815495676,0.9322827978658754,2.2973856209150327e-10,-0.10346453297274871,9867.628958116185,-0.013237104188381409
btc_hl_breakout_7m,0,0.0075,0.05,0.02,0.2,10,high_frequency,0.024470920379492667,2.4470920379492664,0.32098765432098764,81,-0.08357065252382623,-8.357065252382622,9.302913629254098,1.1168098528341643,1.2469135802469137e-10,0.1646184056603137,10244.709203794926,0.024470920379492667
btc_hl_breakout_1m,0,0.025,0.035,0.02,0.1,90,high_frequency,0.015535248304924983,1.5535248304924982,0.4375,48,-0.029291218945264763,-2.9291218945264763,12.042018354996628,1.1657648845014075,2.451388888888889e-10,0.33264784224863103,10155.35248304925,0.015535248304924983
btc_hl_breakout_3m,0,0.0075,0.01,0.02,0.05,15,high_frequency,-0.0010485454138627177,-0.10485454138627176,0.43478260869565216,92,-0.01728607137488225,-1.728607137488225,-1.6374429356528835,0.9771250187988735,8.568840579710145e-11,-0.02070656110388713,9989.514545861373,-0.0010485454138627177
btc_vol_breakout_8m,0,0.03,0.04,0.0075,0.25,5,high_frequency,0.06418297165825511,6.418297165825511,0.47058823529411764,34,-0.05425091071936883,-5.425091071936883,23.016991493804934,1.4057773049092621,3.0490196078431373e-10,0.7599458788184126,10641.829716582552,0.06418297165825511
btc_hl_breakout_6m,0,0.01,0.025,0.0075,0.25,15,high_frequency,0.026626245188019176,2.6626245188019175,0.34615384615384615,78,-0.09635591056270365,-9.635591056270364,8.62035408257607,1.099705297079199,1.2628205128205127e-10,0.15318482127505093,10266.262451880191,0.026626245188019176
btc_vol_breakout_10m,0,0.03,0.05,0.01,0.05,10,high_frequency,0.005191729398651961,0.5191729398651961,0.37037037037037035,27,-0.01111742916945302,-1.111742916945302,9.388788818274572,1.1946893325651535,3.4320987654320987e-10,0.3910231321748674,10051.91729398652,0.005191729398651961
btc_hl_breakout_4m,0,0.0125,0.045,0.01,0.25,5,high_frequency,0.056987249386126225,5.698724938612623,0.4406779661016949,59,-0.05922125256389621,-5.922125256389621,18.645153779727043,1.280962004372248,1.790960451977401e-10,0.3941198907121033,10569.872493861261,0.056987249386126225
btc_vol_breakout_2m,0,0.01,0.05,0.005,0.2,45,high_frequency,0.015774556949536556,1.5774556949536556,0.3333333333333333,72,-0.06071348745203664,-6.0713487452036645,6.903425126203851,1.0883421524399721,1.3958333333333334e-10,0.12181085066899408,10157.745569495366,0.015774556949536556
btc_small_up_9m,0,0.015,0.045,0.003,0.1,15,high_frequency,-0.008587312086922509,-0.8587312086922508,0.3469387755102041,49,-0.033545735294566836,-3.3545735294566836,-6.961618059686977,0.8897887372514894,1.738095238095238e-10,-0.1685669582163943,9914.126879130776,-0.008587312086922509
btc_hl_breakout_8m,0,0.03,0.015,0.0175,0.2,10,high_frequency,0.03699142855495338,3.6991428554953383,0.5882352941176471,51,-0.06156060835484434,-6.156060835484434,13.43660143322042,1.1975356488161637,2.1830065359477124e-10,0.3788495274149723,10369.914285549534,0.03699142855495338
btc_hl_breakout_7m,0,0.0125,0.045,0.005,0.2,15,high_frequency,0.0236742494506497,2.36742494506497,0.3787878787878788,66,-0.07105755423295335,-7.105755423295335,9.161399035527701,1.1175013405522887,1.654040404040404e-10,0.19478071716851048,10236.742494506498,0.0236742494506497
btc_hl_breakout_1m,0,0.0075,0.05,0.01,0.25,10,high_frequency,0.007711083834084684,0.7711083834084684,0.3246753246753247,77,-0.0879054433513975,-8.79054433513975,3.3809105902178707,1.0323306169207198,1.2142857142857142e-10,0.0554587976852056,10077.110838340846,0.007711083834084684
btc_hl_breakout_9m,0,0.0075,0.01,0.0075,0.15,5,high_frequency,0.019103516846208892,1.9103516846208892,0.42574257425742573,101,-0.04961803621687233,-4.961803621687233,9.873009628347205,1.1219973750353347,8.184818481848184e-11,0.13303559914270735,10191.03516846209,0.019103516846208892
btc_bullish,0,0.035,0.02,0.02,0.2,10,high_frequency,0.06430851891357067,6.430851891357067,0.6041666666666666,48,-0.04835430380059047,-4.835430380059047,21.66279782703916,1.3544297041196056,2.7326388888888887e-10,0.6747825830844827,10643.085189135707,0.06430851891357067
btc_hl_breakout_7m,0,0.025,0.025,0.005,0.05,10,high_frequency,0.011720743422469542,1.1720743422469542,0.4716981132075472,53,-0.017740376998142793,-1.7740376998142793,16.016924182824635,1.2436466587324593,2.261006289308176e-10,0.44607638280450446,10117.207434224696,0.011720743422469542
btc_small_up_9m,0,0.0075,0.01,0.02,0.2,15,high_frequency,0.026976698852775666,2.6976698852775667,0.4492753623188406,69,-0.03664096227542757,-3.664096227542757,13.180545733837238,1.2050511344264119,9.227053140096618e-11,0.20256344547780725,10269.766988527757,0.026976698852775666
btc_hl_breakout_5m,0,0.02,0.025,0.003,0.25,10,high_frequency,-0.03955694173309412,-3.955694173309412,0.3728813559322034,59,-0.12138425370324502,-12.138425370324502,-12.118052633632324,0.8561403377743462,1.8615819209039548e-10,-0.253485227836354,9604.430582669058,-0.03955694173309412
btc_small_up_9m,0,0.035,0.04,0.0075,0.1,90,high_frequency,0.04183186588890928,4.183186588890928,0.5483870967741935,31,-0.017619371972035225,-1.7619371972035225,32.35820384571172,1.7354695012519672,3.494623655913979e-10,1.3391933607578457,10418.318658889093,0.04183186588890928
btc_hl_breakout_2m,0,0.0125,0.025,0.015,0.15,5,high_frequency,0.039590591255761046,3.9590591255761045,0.45714285714285713,70,-0.03723307310146573,-3.723307310146573,21.024552961194374,1.285700774534777,1.4428571428571428e-10,0.3804538831173629,10395.90591255761,0.039590591255761046
btc_small_up_9m,0,0.0175,0.04,0.0125,0.25,60,high_frequency,-0.021574185615066698,-2.15741856150667,0.32653061224489793,49,-0.08621786667228215,-8.621786667228214,-6.510245258385109,0.894245839481287,1.836734693877551e-10,-0.15884573346028916,9784.258143849333,-0.021574185615066698
btc_vol_breakout_8m,0,0.025,0.03,0.01,0.05,60,high_frequency,0.014826884584071814,1.4826884584071813,0.4864864864864865,37,-0.009895035453351131,-0.9895035453351131,27.27939670367775,1.5271754821479724,2.454954954954955e-10,0.8011714186538614,10148.268845840717,0.014826884584071814
btc_hl_breakout_3m,0,0.0075,0.025,0.005,0.05,5,high_frequency,-0.0005494970851661208,-0.05494970851661208,0.35,80,-0.019583751754344347,-1.9583751754344347,-0.7287481888953898,0.9886837069575644,1.0875000000000001e-10,-0.010997976713685801,9994.505029148339,-0.0005494970851661208
btc_hl_breakout_1m,0,0.02,0.04,0.0125,0.1,5,high_frequency,-0.009483198830091714,-0.9483198830091714,0.34,50,-0.046521000818070424,-4.652100081807042,-7.30644306980914,0.8970233485043397,2.24e-10,-0.18164438115919607,9905.168011699083,-0.009483198830091714
btc_vol_breakout_9m,0,0.0175,0.025,0.0125,0.15,20,high_frequency,0.002638737194137661,0.26387371941376614,0.3488372093023256,43,-0.0444280508131758,-4.44280508131758,2.1863096995886364,1.0264301328348708,1.8023255813953487e-10,0.05208986490621555,10026.387371941377,0.002638737194137661
btc_vol_breakout_8m,0,0.03,0.015,0.02,0.2,45,high_frequency,0.034218248875357765,3.4218248875357764,0.627906976744186,43,-0.03728706671553694,-3.7287066715536943,16.384978842204333,1.269601513374798,2.0697674418604652e-10,0.40648102016893956,10342.182488753577,0.034218248875357765
btc_vol_breakout_3m,0,0.005,0.03,0.003,0.2,5,high_frequency,-0.036323092571623875,-3.6323092571623876,0.3,80,-0.09365816462959053,-9.365816462959053,-15.832155410992446,0.8053160835868386,8.770833333333334e-11,-0.2220749255632136,9636.769074283762,-0.036323092571623875
btc_hl_breakout_7m,0,0.02,0.01,0.0175,0.1,20,high_frequency,-0.009452251879425534,-0.9452251879425534,0.5394736842105263,76,-0.049477105570308044,-4.947710557030804,-6.467141092151958,0.9181470284060484,1.3333333333333334e-10,-0.11764020332207306,9905.477481205744,-0.009452251879425534
btc_hl_breakout_9m,0,0.01,0.04,0.01,0.25,10,high_frequency,0.04287264217035413,4.287264217035413,0.3466666666666667,75,-0.09126168337079787,-9.126168337079788,12.990181892014048,1.1688599705994436,1.3333333333333334e-10,0.24333259084464742,10428.72642170354,0.04287264217035413
btc_small_up_9m,0,0.03,0.02,0.02,0.15,10,high_frequency,0.04918330900452229,4.918330900452228,0.5853658536585366,41,-0.03035401318475517,-3.035401318475517,30.381184566473124,1.5551539808626524,2.3902439024390246e-10,0.7936804625229457,10491.833090045224,0.04918330900452229
btc_vol_breakout_2m,0,0.015,0.015,0.015,0.1,5,high_frequency,0.0015468558915016047,0.15468558915016048,0.4868421052631579,76,-0.025357378704611855,-2.5357378704611855,1.616225854874993,1.0151433977087927,1.2105263157894737e-10,0.02611477761885476,10015.468558915016,0.0015468558915016047
btc_alt_aligned,0,0.02,0.035,0.003,0.2,20,high_frequency,0.020145127031702167,2.0145127031702166,0.36363636363636365,66,-0.07646223192962132,-7.646223192962132,7.375573691332134,1.0791224096887266,2.068181818181818e-10,0.17312264515504797,10201.451270317022,0.020145127031702167
btc_vol_breakout_8m,0,0.01,0.045,0.003,0.2,5,high_frequency,0.02014057953768947,2.014057953768947,0.3333333333333333,51,-0.03546717325971771,-3.546717325971771,10.594718784435752,1.1733522217508645,1.38562091503268e-10,0.2067668440078874,10201.405795376895,0.02014057953768947
btc_small_up_10m,0,0.015,0.06,0.003,0.2,15,high_frequency,0.026922505244541255,2.6922505244541255,0.30612244897959184,49,-0.06347963351392005,-6.347963351392005,10.409648838594372,1.1609909089689916,1.8197278911564628e-10,0.29684144481265623,10269.225052445412,0.026922505244541255
btc_hl_breakout_9m,0,0.0175,0.03,0.0175,0.15,60,high_frequency,0.0059771178685999755,0.5977117868599976,0.36065573770491804,61,-0.07390379389279855,-7.390379389279856,3.4439376358660447,1.0360226671193316,1.7814207650273225e-10,0.08026417302005484,10059.771178686,0.0059771178685999755
btc_small_up_9m,0,0.035,0.015,0.02,0.1,60,high_frequency,0.030988037871917028,3.0988037871917027,0.675,40,-0.01827640288973109,-1.8276402889731092,25.06709867994807,1.5390327860665336,2.5333333333333334e-10,0.7733582168100969,10309.88037871917,0.030988037871917028
btc_vol_breakout_9m,0,0.0075,0.015,0.0175,0.25,60,high_frequency,0.0058821139521908665,0.5882113952190866,0.3728813559322034,59,-0.046677405336465916,-4.667740533646592,3.1326315087173278,1.0371070687839532,9.661016949152542e-11,0.05123579635087496,10058.821139521908,0.0058821139521908665
btc_hl_breakout_8m,0,0.015,0.05,0.0125,0.2,60,high_frequency,0.004600924968830509,0.4600924968830509,0.3620689655172414,58,-0.08320398301637133,-8.320398301637134,2.4404822406497195,1.0231149983000596,1.8563218390804598e-10,0.06292554768377558,10046.009249688304,0.004600924968830509
btc_small_up_9m,0,0.0125,0.04,0.015,0.15,45,high_frequency,-0.003511963651078577,-0.3511963651078577,0.36538461538461536,52,-0.0440213808717711,-4.40213808717711,-1.5322831806935382,0.9696548393893152,1.548076923076923e-10,-0.03452072564640731,9964.880363489214,-0.003511963651078577
btc_hl_breakout_2m,0,0.01,0.035,0.01,0.1,60,high_frequency,0.016144194338711896,1.6144194338711897,0.375,72,-0.0360425785000551,-3.60425785000551,13.268078188659198,1.1762114742706686,1.375e-10,0.2293423758976033,10161.441943387119,0.016144194338711896
btc_vol_breakout_10m,0,0.025,0.035,0.015,0.25,45,high_frequency,0.06951653289133151,6.9516532891331515,0.47058823529411764,34,-0.04566134751381923,-4.566134751381923,25.722709366729504,1.4813152749203675,2.42156862745098e-10,0.8170315175391893,10695.165328913316,0.06951653289133151
btc_hl_breakout_6m,0,0.02,0.05,0.02,0.05,15,high_frequency,-0.014171238117123704,-1.4171238117123703,0.2765957446808511,47,-0.028782814049892358,-2.878281404989236,-22.699644368367466,0.7050000972077513,2.446808510638298e-10,-0.6025461300108806,9858.287618828763,-0.014171238117123704
btc_hl_breakout_4m,0,0.0125,0.02,0.01,0.25,45,high_frequency,0.0553940246872226,5.53940246872226,0.4520547945205479,73,-0.05355754751279218,-5.355754751279218,17.993953128922485,1.2272853554255343,1.3493150684931508e-10,0.311278603783536,10553.940246872226,0.0553940246872226
btc_vol_breakout_10m,0,0.02,0.01,0.015,0.05,15,high_frequency,-0.0067930147839289365,-0.6793014783928937,0.5384615384615384,52,-0.019018739703180465,-1.9018739703180465,-14.582331166595566,0.8077778086647686,1.2884615384615386e-10,-0.25991264959823684,9932.06985216071,-0.0067930147839289365
btc_vol_breakout_10m,0,0.0175,0.045,0.003,0.15,15,high_frequency,-0.013756219186852582,-1.3756219186852583,0.28205128205128205,39,-0.052172316708011146,-5.217231670801114,-9.205193422665621,0.8557508943420656,1.9316239316239314e-10,-0.2261905159556735,9862.437808131474,-0.013756219186852582
btc_vol_breakout_2m,0,0.0075,0.05,0.01,0.15,20,high_frequency,0.004627765948182855,0.4627765948182855,0.34177215189873417,79,-0.04946629562020266,-4.9466295620202665,3.0350544020963532,1.0335594812787046,1.1962025316455697e-10,0.047776948497016206,10046.277659481828,0.004627765948182855
btc_hl_breakout_1m,0,0.03,0.04,0.0175,0.15,60,high_frequency,0.0217645188955536,2.17645188955536,0.43902439024390244,41,-0.0504578787379526,-5.04578787379526,11.680663312817394,1.171027257993534,3.1341463414634147e-10,0.36842335360951245,10217.645188955536,0.0217645188955536
btc_hl_breakout_1m,0,0.01,0.05,0.0075,0.25,15,high_frequency,0.01624772318385376,1.6247723183853762,0.3188405797101449,69,-0.08916827729866761,-8.91682772986676,6.071318264715714,1.0715667860332783,1.4734299516908214e-10,0.1108727137340493,10162.477231838537,0.01624772318385376
btc_small_down_10m,0,0.0075,0.02,0.02,0.15,15,high_frequency,0.024765128160235485,2.4765128160235483,0.3974358974358974,78,-0.039948046896963185,-3.9948046896963185,15.917139616622277,1.200797713999526,8.803418803418803e-11,0.21585330026627444,10247.651281602355,0.024765128160235485
btc_hl_breakout_3m,0,0.0175,0.04,0.003,0.1,10,high_frequency,0.0003575028534189755,0.03575028534189755,0.3888888888888889,54,-0.032875527349431,-3.2875527349431,0.6544149073197142,1.0040099519233467,2.148148148148148e-10,0.014774049766196153,10003.57502853419,0.0003575028534189755
btc_small_down_10m,0,0.0175,0.01,0.0175,0.1,5,high_frequency,0.026869393051476686,2.6869393051476687,0.6,60,-0.01652528667703168,-1.652528667703168,25.251096231030317,1.3952782229615845,1.2083333333333333e-10,0.44786637900995796,10268.693930514766,0.026869393051476686
btc_hl_breakout_1m,0,0.0175,0.025,0.02,0.2,5,high_frequency,-0.008031256082162418,-0.8031256082162418,0.3770491803278688,61,-0.07679963349031593,-7.679963349031594,-2.565893379013195,0.9606473925597442,1.7704918032786885e-10,-0.050627612344585037,9919.687439178375,-0.008031256082162418
btc_vol_breakout_9m,0,0.025,0.025,0.02,0.05,5,high_frequency,0.01262387799388768,1.262387799388768,0.4857142857142857,35,-0.010290852636078762,-1.0290852636078762,23.809548548822914,1.4783664050180854,2.452380952380952e-10,0.7222639816356897,10126.238779938876,0.01262387799388768
btc_bullish,0,0.02,0.03,0.0125,0.05,45,high_frequency,0.008096945384110234,0.8096945384110235,0.3709677419354839,62,-0.015065241985671829,-1.506524198567183,10.908487779128494,1.1508118984497786,2.0591397849462366e-10,0.26571230216427555,10080.969453841102,0.008096945384110234
btc_hl_breakout_8m,0,0.015,0.06,0.003,0.2,30,high_frequency,0.005312494297982494,0.5312494297982494,0.2982456140350877,57,-0.08964351222817812,-8.964351222817813,2.665743468310862,1.026385243021437,1.9385964912280702e-10,0.07207023718450774,10053.124942979824,0.005312494297982494
btc_hl_breakout_7m,0,0.02,0.01,0.015,0.2,30,high_frequency,-0.019919570503053093,-1.9919570503053092,0.5394736842105263,76,-0.09711533814980611,-9.71153381498061,-6.470405107585863,0.9154258180571913,1.3333333333333334e-10,-0.11764020332207167,9800.804294969468,-0.019919570503053093
btc_bullish,0,0.02,0.02,0.015,0.15,60,high_frequency,0.030006246598386542,3.000624659838654,0.4868421052631579,76,-0.03975130987102227,-3.9751309871022267,13.949809467147643,1.1630818728689547,1.625e-10,0.27283312260871284,10300.062465983865,0.030006246598386542
btc_bullish,0,0.0125,0.015,0.015,0.05,30,high_frequency,0.003668348172602998,0.3668348172602998,0.4270833333333333,96,-0.015672087027320036,-1.5672087027320036,5.182670073318876,1.0580677910998582,1.2204861111111113e-10,0.07972349460926095,10036.68348172603,0.003668348172602998
btc_vol_breakout_10m,0,0.02,0.015,0.0125,0.05,60,high_frequency,-0.006221036477058919,-0.6221036477058919,0.4583333333333333,48,-0.018161851747559243,-1.8161851747559243,-13.030694944192872,0.8268300749331626,1.517361111111111e-10,-0.25744622241688647,9937.78963522941,-0.006221036477058919
btc_vol_breakout_3m,0,0.035,0.03,0.0075,0.05,15,high_frequency,0.01347068256790364,1.347068256790364,0.5405405405405406,37,-0.012548508918457268,-1.2548508918457268,20.403655916332195,1.3735503943965708,3.3468468468468466e-10,0.7305121487404372,10134.706825679037,0.01347068256790364
btc_hl_breakout_10m,0,0.005,0.035,0.015,0.15,5,high_frequency,0.009468618860978904,0.9468618860978905,0.3333333333333333,93,-0.05534778170113208,-5.534778170113208,5.265091948892168,1.0642710779540572,9.74910394265233e-11,0.07614503650375999,10094.686188609789,0.009468618860978904
btc_vol_breakout_9m,0,0.0075,0.06,0.0075,0.15,15,high_frequency,0.005363152460884385,0.5363152460884385,0.2916666666666667,48,-0.028615760412427305,-2.8615760412427305,4.0257628205415825,1.067073691677994,1.3506944444444442e-10,0.08253547419745255,10053.631524608843,0.005363152460884385
btc_vol_breakout_10m,0,0.0125,0.03,0.003,0.25,15,high_frequency,0.04760954547037718,4.760954547037718,0.38636363636363635,44,-0.03999122749063333,-3.999122749063333,19.216284497690122,1.3113036372307945,1.5378787878787878e-10,0.44156603677690703,10476.095454703773,0.04760954547037718
btc_hl_breakout_9m,0,0.025,0.06,0.015,0.25,20,high_frequency,0.04725145791649829,4.725145791649829,0.30952380952380953,42,-0.10302524957735837,-10.302524957735837,13.24086047753365,1.1955002894191142,2.8888888888888886e-10,0.48592877077111685,10472.514579164983,0.04725145791649829
btc_hl_breakout_10m,0,0.035,0.05,0.0125,0.15,45,high_frequency,0.04461941794234897,4.461941794234897,0.4166666666666667,36,-0.04899758062552384,-4.899758062552384,19.8913156504513,1.3585236249112624,3.689814814814815e-10,0.8376560646143436,10446.19417942349,0.04461941794234897
btc_hl_breakout_9m,0,0.02,0.035,0.02,0.25,10,high_frequency,-0.0009205701299518751,-0.09205701299518751,0.34545454545454546,55,-0.12276130490731996,-12.276130490731996,0.7765451371706208,0.9967586945557397,2.0484848484848486e-10,0.02156022274941718,9990.79429870048,-0.0009205701299518751
btc_hl_breakout_5m,0,0.0075,0.01,0.015,0.15,60,high_frequency,0.00329893466164624,0.329893466164624,0.43434343434343436,99,-0.06700762855037978,-6.700762855037978,2.2151643228770532,1.0203095008051706,8.451178451178451e-11,0.03029750798698261,10032.989346616463,0.00329893466164624
btc_hl_breakout_4m,0,0.005,0.02,0.0075,0.05,90,high_frequency,-0.005178798681322115,-0.5178798681322115,0.3118279569892473,93,-0.01969771076832849,-1.9697710768328491,-8.68392342936909,0.8946887287010511,8.709677419354839e-11,-0.10952006229373072,9948.21201318678,-0.005178798681322115
btc_hl_breakout_8m,0,0.035,0.02,0.02,0.2,60,high_frequency,0.066015877876989,6.601587787698899,0.627906976744186,43,-0.053289852037923136,-5.328985203792314,22.81734449863731,1.4017011900530163,2.8333333333333334e-10,0.7705146201358198,10660.15877876989,0.066015877876989
btc_hl_breakout_4m,0,0.005,0.015,0.01,0.25,15,high_frequency,-0.03654151247142081,-3.654151247142081,0.3125,96,-0.10272729228801647,-10.272729228801648,-11.857528350261203,0.8557478600678425,8.038194444444445e-11,-0.144591985018954,9634.584875285793,-0.03654151247142081
btc_small_up_9m,0,0.0175,0.04,0.02,0.05,5,high_frequency,-0.003975012920037943,-0.39750129200379436,0.32653061224489793,49,-0.017592882710577684,-1.7592882710577684,-6.555478436240009,0.9003005431496887,1.836734693877551e-10,-0.15884573346029118,9960.24987079962,-0.003975012920037943
btc_hl_breakout_3m,0,0.035,0.035,0.0175,0.05,10,high_frequency,0.013647066628750298,1.3647066628750297,0.5263157894736842,38,-0.013354404922571228,-1.3354404922571228,20.362735805019444,1.366094156050175,3.513157894736842e-10,0.7205932469901016,10136.470666287503,0.013647066628750298
btc_vol_breakout_9m,0,0.01,0.02,0.0175,0.2,60,high_frequency,0.027193484502098728,2.7193484502098726,0.40384615384615385,52,-0.027169582221491906,-2.7169582221491906,14.850455596721162,1.2382604413488973,1.1794871794871794e-10,0.2686085333245186,10271.934845020987,0.027193484502098728
btc_alt_aligned,0,0.015,0.04,0.0175,0.25,90,high_frequency,0.008813962590192887,0.8813962590192888,0.35064935064935066,77,-0.090968471666109,-9.0968471666109,3.437098082682304,1.027957051127401,1.7337662337662337e-10,0.0665857366658936,10088.13962590193,0.008813962590192887
btc_vol_breakout_8m,0,0.03,0.05,0.0175,0.05,10,high_frequency,0.0068348514691495095,0.683485146914951,0.3793103448275862,29,-0.01295131579387021,-1.295131579387021,11.914333102599253,1.2391614544563643,3.6091954022988507e-10,0.4773184297143975,10068.348514691495,0.0068348514691495095
btc_bullish,0,0.015,0.035,0.005,0.25,45,high_frequency,0.03014949949522206,3.0149499495222063,0.35135135135135137,74,-0.07637682634165388,-7.6376826341653885,9.02098402296458,1.0969560357198933,1.6644144144144142e-10,0.18326247720125616,10301.49499495222,0.03014949949522206
btc_vol_breakout_10m,0,0.0075,0.06,0.003,0.1,10,high_frequency,-0.0026911740783148955,-0.2691174078314896,0.2653061224489796,49,-0.02074502531854927,-2.074502531854927,-2.3598930699450786,0.9544650718885556,1.2346938775510204e-10,-0.04933024694082388,9973.088259216851,-0.0026911740783148955
btc_hl_breakout_5m,0,0.035,0.025,0.003,0.05,45,high_frequency,0.009348522943349548,0.9348522943349548,0.5714285714285714,42,-0.013880518019137589,-1.3880518019137589,14.09201716364277,1.2292185555237147,3.119047619047619e-10,0.4493565800026882,10093.485229433496,0.009348522943349548
btc_hl_breakout_7m,0,0.015,0.045,0.01,0.15,90,high_frequency,-0.002925498040858065,-0.2925498040858065,0.3870967741935484,62,-0.06541777800208848,-6.541777800208848,-0.7675290191106665,0.9811393093078696,1.803763440860215e-10,-0.017672702775618866,9970.745019591419,-0.002925498040858065
btc_bullish,0,0.005,0.015,0.005,0.2,45,high_frequency,0.014406277022799964,1.4406277022799963,0.36923076923076925,130,-0.058547196409490354,-5.854719640949035,5.777500745558663,1.0545328357675203,8.051282051282051e-11,0.0646980647140001,10144.062770228,0.014406277022799964
btc_vol_breakout_9m,0,0.005,0.06,0.005,0.25,30,high_frequency,-0.0071612080486881955,-0.7161208048688196,0.29310344827586204,58,-0.05759088906608323,-5.759088906608323,-2.1782685589670567,0.9511622782302015,1.0488505747126437e-10,-0.03851798737115965,9928.387919513118,-0.0071612080486881955
btc_hl_breakout_10m,0,0.035,0.06,0.0125,0.15,5,high_frequency,0.053007943008519944,5.300794300851995,0.3939393939393939,33,-0.050333728756260965,-5.033372875626096,23.190583819818393,1.4536793265904422,4.121212121212121e-10,1.0788596741359995,10530.0794300852,0.053007943008519944
btc_vol_breakout_9m,0,0.025,0.045,0.0175,0.2,15,high_frequency,0.031172489090847147,3.1172489090847146,0.36363636363636365,33,-0.04491262682834851,-4.491262682834851,14.557676196289835,1.282013376557579,2.7020202020202016e-10,0.4850436475617739,10311.724890908472,0.031172489090847147
btc_hl_breakout_4m,0,0.01,0.05,0.0175,0.15,5,high_frequency,0.029455527426370507,2.9455527426370507,0.36363636363636365,66,-0.03875789904476956,-3.875789904476956,15.86289153458938,1.2483249587279488,1.5454545454545455e-10,0.304004132893536,10294.555274263705,0.029455527426370507
btc_small_up_9m,0,0.015,0.04,0.003,0.2,60,high_frequency,-0.002336780936298487,-0.23367809362984873,0.38,50,-0.0566903858429294,-5.66903858429294,-0.3224864885141652,0.9848334694206351,1.71e-10,-0.00846307193133545,9976.632190637016,-0.002336780936298487
btc_hl_breakout_7m,0,0.02,0.05,0.0175,0.15,45,high_frequency,-0.013608151222701122,-1.3608151222701121,0.30612244897959184,49,-0.0773786430083343,-7.73786430083343,-5.820561407122562,0.9086677143102149,2.3639455782312925e-10,-0.16712104914590567,9863.91848777299,-0.013608151222701122
btc_vol_breakout_2m,0,0.005,0.03,0.0125,0.05,45,high_frequency,-0.0025907357123950477,-0.25907357123950475,0.3434343434343434,99,-0.013789381480599494,-1.3789381480599494,-4.345685268139651,0.9484434092527988,8.754208754208754e-11,-0.05038889063652217,9974.09264287605,-0.0025907357123950477
btc_bullish,0,0.035,0.05,0.0175,0.15,5,high_frequency,0.053999290296665024,5.399929029666502,0.47058823529411764,34,-0.04066137724013508,-4.066137724013508,23.62689826038407,1.52088423751872,3.975490196078431e-10,1.0593914555300525,10539.992902966651,0.053999290296665024
btc_small_down_10m,0,0.035,0.035,0.02,0.15,10,high_frequency,0.03634441542786983,3.6344415427869827,0.5294117647058824,34,-0.031032727689388362,-3.103272768938836,19.055905169647097,1.401524327732822,3.3529411764705883e-10,0.7173825109727712,10363.444154278699,0.03634441542786983
btc_alt_aligned,0,0.025,0.025,0.003,0.2,15,high_frequency,0.042051726890783854,4.205172689078386,0.45901639344262296,61,-0.06981948722407594,-6.981948722407594,14.368570779524063,1.1830063599924476,2.2513661202185793e-10,0.35984094013220086,10420.517268907839,0.042051726890783854
btc_hl_breakout_2m,0,0.025,0.02,0.01,0.1,5,high_frequency,0.014970892235966834,1.4970892235966835,0.5185185185185185,54,-0.027144457090811813,-2.7144457090811813,11.694571120699209,1.158137816645266,2.0617283950617285e-10,0.2847201906585833,10149.708922359669,0.014970892235966834
btc_hl_breakout_9m,0,0.0075,0.02,0.005,0.1,60,high_frequency,0.01729874409551744,1.729874409551744,0.3563218390804598,87,-0.03397694921036887,-3.3976949210368868,12.762856304994605,1.1687040801596755,1.0153256704980842e-10,0.2039267821159966,10172.987440955174,0.01729874409551744
btc_vol_breakout_3m,0,0.02,0.03,0.0175,0.2,10,high_frequency,-0.004941650915834225,-0.4941650915834225,0.37777777777777777,45,-0.06478940945307077,-6.478940945307077,-1.3240468577595534,0.9710845479997016,2.2e-10,-0.035674309983889096,9950.583490841658,-0.004941650915834225
btc_vol_breakout_3m,0,0.025,0.015,0.0125,0.05,30,high_frequency,0.016282460521936024,1.6282460521936024,0.6296296296296297,54,-0.008573035374496718,-0.8573035374496718,27.860326276666374,1.4717431745991398,1.7654320987654321e-10,0.6022932366903234,10162.82460521936,0.016282460521936024
btc_hl_breakout_5m,0,0.0175,0.04,0.0125,0.2,60,high_frequency,-0.020031415089107715,-2.0031415089107716,0.35714285714285715,56,-0.090906409321588,-9.0906409321588,-7.215718008013161,0.8998663592339378,2.0595238095238096e-10,-0.16446507269960567,9799.685849108922,-0.020031415089107715
btc_small_up_9m,0,0.01,0.02,0.01,0.1,20,high_frequency,0.0202818815168941,2.02818815168941,0.3684210526315789,57,-0.015120593697969698,-1.5120593697969698,20.927575558723227,1.34629691633821,1.2690058479532164e-10,0.35765826245036214,10202.818815168941,0.0202818815168941
btc_alt_aligned,0,0.005,0.03,0.0075,0.2,30,high_frequency,-0.005984704064725179,-0.5984704064725179,0.3333333333333333,135,-0.09206692005495232,-9.206692005495231,-1.0799217621871715,0.9797044771927884,9.000000000000001e-11,-0.012487070060176469,9940.152959352748,-0.005984704064725179
btc_small_up_9m,0,0.0175,0.03,0.005,0.2,5,high_frequency,-0.011459034362067815,-1.1459034362067815,0.34,50,-0.0601736433458554,-6.01736433458554,-4.226762714948954,0.929034717042175,1.7533333333333332e-10,-0.1003684723603065,9885.409656379321,-0.011459034362067815
btc_hl_breakout_8m,0,0.005,0.03,0.01,0.1,10,high_frequency,0.006338957408612271,0.6338957408612271,0.30851063829787234,94,-0.041717654310875374,-4.171765431087538,5.169279112935342,1.065785171481562,9.131205673758866e-11,0.07282150105176871,10063.389574086123,0.006338957408612271
btc_hl_breakout_10m,0,0.0175,0.025,0.0075,0.1,15,high_frequency,0.010577544606968933,1.0577544606968934,0.3968253968253968,63,-0.04239576692907132,-4.239576692907132,7.985204746606216,1.1004080153359654,1.6798941798941798e-10,0.17662355832041002,10105.775446069689,0.010577544606968933
btc_hl_breakout_8m,0,0.005,0.05,0.005,0.15,90,high_frequency,-0.004436272004947955,-0.4436272004947955,0.3111111111111111,90,-0.06496786784866915,-6.496786784866915,-1.7140075838887743,0.9687366348716898,9.944444444444444e-11,-0.024878765383129466,9955.63727995052,-0.004436272004947955
btc_hl_breakout_9m,0,0.0075,0.02,0.0175,0.1,15,high_frequency,0.01729874409551744,1.729874409551744,0.3563218390804598,87,-0.03397694921036887,-3.3976949210368868,12.762856304994605,1.1687040801596755,1.0153256704980842e-10,0.2039267821159966,10172.987440955174,0.01729874409551744
btc_vol_breakout_8m,0,0.0125,0.01,0.0075,0.05,90,high_frequency,0.0020984500478944314,0.20984500478944315,0.5333333333333333,60,-0.009393373768396884,-0.9393373768396884,4.46636682110513,1.0657413271961407,1.075e-10,0.07216379488535592,10020.984500478944,0.0020984500478944314
btc_hl_breakout_1m,0,0.035,0.06,0.003,0.25,60,high_frequency,0.0904516223323964,9.04516223323964,0.43333333333333335,30,-0.08146267142348229,-8.14626714234823,26.045929550090534,1.529341263411998,4.533333333333333e-10,1.206826978277429,10904.516223323964,0.0904516223323964
btc_bullish,0,0.035,0.025,0.01,0.15,90,high_frequency,0.04559814715654236,4.559814715654236,0.5454545454545454,44,-0.04097239851124457,-4.097239851124456,20.394901256774265,1.3566795955521334,3.007575757575758e-10,0.6960280046508266,10455.981471565423,0.04559814715654236
btc_bullish,0,0.025,0.035,0.005,0.2,15,high_frequency,0.04834110503616082,4.834110503616082,0.41509433962264153,53,-0.055103615545853635,-5.510361554585364,16.625101124750625,1.223748405105829,2.433962264150943e-10,0.4710055289384078,10483.411050361608,0.04834110503616082
btc_vol_breakout_8m,0,0.015,0.03,0.0075,0.15,20,high_frequency,0.024815992765867805,2.4815992765867807,0.41304347826086957,46,-0.031059630518600945,-3.1059630518600945,16.49957654897705,1.2631455338687645,1.6920289855072465e-10,0.3662107549285902,10248.159927658678,0.024815992765867805
btc_small_down_10m,0,0.0125,0.015,0.0175,0.05,30,high_frequency,0.017678273435968696,1.7678273435968697,0.49230769230769234,65,-0.011338483334906169,-1.1338483334906169,33.63518461594762,1.5231211797967166,1.0769230769230769e-10,0.5422907164018905,10176.782734359687,0.017678273435968696
btc_vol_breakout_2m,0,0.0175,0.045,0.02,0.15,5,high_frequency,-0.007751620280629368,-0.7751620280629368,0.33962264150943394,53,-0.04726784999319522,-4.726784999319522,-3.616259182220923,0.9390310270675533,2.1886792452830188e-10,-0.08633523556565766,9922.483797193707,-0.007751620280629368
btc_small_up_10m,0,0.03,0.025,0.0175,0.2,10,high_frequency,0.042975190943535996,4.2975190943536,0.4883720930232558,43,-0.05995108245773717,-5.995108245773717,15.863893549387166,1.2543741122042489,2.4341085271317826e-10,0.5150375500524429,10429.75190943536,0.042975190943535996
btc_hl_breakout_1m,0,0.02,0.02,0.0075,0.25,20,high_frequency,-0.009596037825480108,-0.9596037825480108,0.45,60,-0.09570676169832482,-9.570676169832481,-2.304399090409863,0.9619603771600425,1.736111111111111e-10,-0.04606819397378027,9904.0396217452,-0.009596037825480108
btc_hl_breakout_8m,0,0.015,0.05,0.015,0.1,10,high_frequency,0.002971758779243328,0.2971758779243328,0.3620689655172414,58,-0.042132553401259654,-4.213255340125965,2.490887705450707,1.0306151869035074,1.8563218390804598e-10,0.06292554768377671,10029.717587792433,0.002971758779243328
btc_vol_breakout_8m,0,0.0075,0.045,0.02,0.2,5,high_frequency,0.01896805575122912,1.8968055751229123,0.34615384615384615,52,-0.03802332876700032,-3.802332876700032,10.243852303914698,1.1676682913501875,1.2628205128205127e-10,0.1915194959563629,10189.68055751229,0.01896805575122912
btc_hl_breakout_3m,0,0.015,0.02,0.0175,0.2,15,high_frequency,0.0004511415488928833,0.04511415488928833,0.43478260869565216,69,-0.06229307176011234,-6.229307176011234,0.9054082962061138,1.0022004122172363,1.5362318840579711e-10,0.01604089510645194,10004.511415488929,0.0004511415488928833
btc_vol_breakout_3m,0,0.0125,0.01,0.0075,0.15,30,high_frequency,0.027725525878652547,2.772552587865255,0.5733333333333334,75,-0.03978780528318504,-3.978780528318504,15.89984046564467,1.2252577998512717,9.822222222222223e-11,0.2513880952902546,10277.255258786525,0.027725525878652547
btc_vol_breakout_3m,0,0.015,0.06,0.0125,0.25,20,high_frequency,0.02022641391078514,2.022641391078514,0.3191489361702128,47,-0.07872503743587922,-7.872503743587922,7.098812569325077,1.099266953057456,2.0531914893617023e-10,0.20166174208623464,10202.26413910785,0.02022641391078514
btc_vol_breakout_8m,0,0.02,0.02,0.005,0.05,10,high_frequency,0.001337109103521368,0.1337109103521368,0.4444444444444444,45,-0.014634950981123218,-1.4634950981123218,2.7755177339117783,1.0373080107466084,1.6962962962962962e-10,0.06311677291859284,10013.371091035213,0.001337109103521368
btc_hl_breakout_1m,0,0.035,0.035,0.0075,0.2,30,high_frequency,0.06071915856850726,6.071915856850726,0.5555555555555556,36,-0.05301063880827761,-5.301063880827761,22.863486813012514,1.419841313208783,3.675925925925926e-10,0.845484207046163,10607.191585685072,0.06071915856850726
btc_hl_breakout_4m,0,0.035,0.015,0.005,0.25,5,high_frequency,0.06950224585741371,6.950224585741371,0.660377358490566,53,-0.060722199048778736,-6.0722199048778736,21.167662359546284,1.319585454792256,2.1792452830188681e-10,0.5306524148222136,10695.022458574138,0.06950224585741371
btc_hl_breakout_8m,0,0.0075,0.05,0.0125,0.1,10,high_frequency,0.012963282901477658,1.2963282901477657,0.3157894736842105,76,-0.03801247986585987,-3.801247986585987,9.669791447840163,1.1371749869486554,1.2521929824561404e-10,0.1774251917714529,10129.632829014776,0.012963282901477658
btc_hl_breakout_5m,0,0.0125,0.06,0.015,0.1,60,high_frequency,0.02313641625418927,2.313641625418927,0.36666666666666664,60,-0.03653850691774363,-3.653850691774363,15.984506175010099,1.2528906967488724,1.825e-10,0.393602093686818,10231.364162541893,0.02313641625418927
btc_bullish,0,0.035,0.06,0.0125,0.15,15,high_frequency,0.059025712056610224,5.9025712056610224,0.45161290322580644,31,-0.04066137724013652,-4.066137724013652,25.60794811657716,1.6009982930167224,4.3655913978494626e-10,1.2674601973999478,10590.257120566102,0.059025712056610224
btc_hl_breakout_6m,0,0.02,0.015,0.005,0.25,5,high_frequency,-0.06533427609907712,-6.5334276099077115,0.45454545454545453,66,-0.13256144460826869,-13.256144460826869,-21.21245852091717,0.7659178146794493,1.6035353535353536e-10,-0.3932394042623566,9346.65723900923,-0.06533427609907712
btc_hl_breakout_5m,0,0.01,0.05,0.01,0.1,10,high_frequency,0.021081507839787343,2.108150783978734,0.37681159420289856,69,-0.03364894907830118,-3.3648949078301182,15.177917185392092,1.2370528087249004,1.4879227053140098e-10,0.31116155829902226,10210.815078397873,0.021081507839787343
btc_hl_breakout_4m,0,0.0175,0.045,0.02,0.05,60,high_frequency,-0.0022093035308842273,-0.22093035308842274,0.38,50,-0.01484582758338493,-1.484582758338493,-3.4049510682428554,0.946615412133178,2.32e-10,-0.0844792634217072,9977.906964691158,-0.0022093035308842273
btc_small_up_9m,0,0.025,0.01,0.02,0.1,60,high_frequency,0.011681855758640426,1.1681855758640427,0.6363636363636364,55,-0.025043630856775856,-2.5043630856775856,10.564457400322699,1.165671100356683,1.6242424242424243e-10,0.2180257237151861,10116.818557586404,0.011681855758640426
btc_vol_breakout_3m,0,0.025,0.025,0.01,0.1,90,high_frequency,0.018641801398340853,1.8641801398340854,0.4888888888888889,45,-0.028133655112949962,-2.8133655112949962,14.694836775158715,1.2317903866185436,2.3111111111111113e-10,0.4212071184379787,10186.418013983408,0.018641801398340853
btc_hl_breakout_7m,0,0.035,0.01,0.003,0.25,60,high_frequency,0.07058075388606808,7.058075388606808,0.7017543859649122,57,-0.07628578940296571,-7.6285789402965705,19.60246994511256,1.3180583022007886,2.1198830409356725e-10,0.503272281534872,10705.807538860681,0.07058075388606808
btc_hl_breakout_8m,0,0.01,0.025,0.02,0.2,90,high_frequency,0.03282260344120828,3.282260344120828,0.358974358974359,78,-0.06865532634126881,-6.865532634126881,12.551062870078264,1.1592291345907477,1.2051282051282053e-10,0.22181007813038064,10328.226034412082,0.03282260344120828
btc_hl_breakout_3m,0,0.0075,0.06,0.0175,0.25,45,high_frequency,-0.009589242905117088,-0.9589242905117088,0.30985915492957744,71,-0.10238736879509724,-10.238736879509725,-2.197574820444753,0.957920411833768,1.2887323943661972e-10,-0.0378661781509067,9904.107570948829,-0.009589242905117088
btc_hl_breakout_9m,0,0.0175,0.025,0.0125,0.05,10,high_frequency,0.0026091182808492762,0.26091182808492763,0.390625,64,-0.02398556751838199,-2.398556751838199,3.9385619826481024,1.0484670302861319,1.6536458333333334e-10,0.0862160024873617,10026.091182808494,0.0026091182808492762
btc_small_down_10m,0,0.03,0.01,0.01,0.15,20,high_frequency,0.052730077898446484,5.273007789844648,0.6739130434782609,46,-0.027884335156953877,-2.7884335156953877,31.136892810305152,1.571288409501692,1.963768115942029e-10,0.7567651439451515,10527.300778984465,0.052730077898446484
btc_hl_breakout_2m,0,0.02,0.02,0.0075,0.15,15,high_frequency,-0.009449971674971925,-0.9449971674971925,0.45,60,-0.06418223959565839,-6.418223959565839,-4.6208386997134845,0.9393450311886078,1.7166666666666667e-10,-0.09412071301649376,9905.500283250281,-0.009449971674971925
btc_vol_breakout_9m,0,0.005,0.04,0.02,0.05,45,high_frequency,-0.0002783195773462978,-0.027831957734629778,0.3220338983050847,59,-0.011947571993208395,-1.1947571993208395,-0.42708071021953703,0.9910205486335047,1.0169491525423728e-10,-0.007024756011463262,9997.216804226537,-0.0002783195773462978
btc_hl_breakout_8m,0,0.015,0.01,0.02,0.25,30,high_frequency,0.005038421264324188,0.5038421264324188,0.5180722891566265,83,-0.0894992977094895,-8.94992977094895,2.4594412774236485,1.0177066249687965,1.1385542168674699e-10,0.04102924422901984,10050.384212643243,0.005038421264324188
btc_hl_breakout_9m,0,0.0125,0.01,0.02,0.15,5,high_frequency,0.015173596122487424,1.5173596122487425,0.5,88,-0.051029156770068806,-5.10291567700688,7.819893024082603,1.0911135008318753,1.043560606060606e-10,0.12385384330093441,10151.735961224875,0.015173596122487424
btc_hl_breakout_9m,0,0.025,0.05,0.003,0.25,45,high_frequency,0.029781982509968066,2.978198250996807,0.35555555555555557,45,-0.09981609191778673,-9.981609191778674,8.894218763947322,1.1238071476602878,2.5962962962962964e-10,0.2984358622483456,10297.819825099681,0.029781982509968066
btc_hl_breakout_5m,0,0.015,0.03,0.0125,0.2,5,high_frequency,0.006120964699176374,0.6120964699176374,0.4,65,-0.06973272072187697,-6.973272072187697,3.1285924620841614,1.0283635015913999,1.6153846153846152e-10,0.06278713479469519,10061.209646991763,0.006120964699176374
btc_hl_breakout_5m,0,0.0075,0.04,0.0125,0.25,45,high_frequency,0.014082150091159974,1.4082150091159973,0.3375,80,-0.11789717811303524,-11.789717811303523,5.015647181435227,1.052066082496756,1.2145833333333331e-10,0.08786788904796806,10140.8215009116,0.014082150091159974
btc_hl_breakout_1m,0,0.0175,0.02,0.015,0.1,45,high_frequency,-0.000655374839046658,-0.06553748390466581,0.4307692307692308,65,-0.035110623634198035,-3.5110623634198035,-0.17650347612786063,0.9935293576380169,1.6230769230769228e-10,-0.0031268214491844267,9993.446251609534,-0.000655374839046658
btc_vol_breakout_3m,0,0.03,0.01,0.02,0.05,20,high_frequency,0.009290099819876786,0.9290099819876786,0.6949152542372882,59,-0.0131992456028317,-1.31992456028317,14.71610046504875,1.2297997179549258,1.6751412429378532e-10,0.317613382070428,10092.900998198767,0.009290099819876786
btc_vol_breakout_9m,0,0.0125,0.01,0.0075,0.25,5,high_frequency,0.01016994005992301,1.016994005992301,0.5357142857142857,56,-0.04240253585110332,-4.240253585110332,4.949721553985943,1.06572997533788,1.0922619047619049e-10,0.08390544698981393,10101.699400599231,0.01016994005992301
btc_vol_breakout_9m,0,0.025,0.025,0.0125,0.2,30,high_frequency,0.05043001629289638,5.0430016292896385,0.4857142857142857,35,-0.04072254374926043,-4.072254374926043,23.812201404628166,1.4550621186824109,2.452380952380952e-10,0.722263981635688,10504.300162928965,0.05043001629289638
btc_hl_breakout_6m,0,0.0075,0.045,0.0075,0.1,60,high_frequency,-0.004927243909173739,-0.4927243909173739,0.30864197530864196,81,-0.04742800320694096,-4.742800320694096,-3.191795852232398,0.9526226991049845,1.2139917695473251e-10,-0.05428977997117055,9950.727560908263,-0.004927243909173739
btc_hl_breakout_1m,0,0.03,0.015,0.0175,0.2,90,high_frequency,0.023719790689504066,2.3719790689504068,0.6071428571428571,56,-0.06406483370659355,-6.406483370659355,10.002010236560482,1.126438464416214,1.9523809523809524e-10,0.22604796736878488,10237.19790689504,0.023719790689504066
btc_small_down_10m,0,0.015,0.06,0.01,0.05,45,high_frequency,0.0076466824693251795,0.764668246932518,0.3333333333333333,48,-0.015643706559459458,-1.5643706559459458,12.866660384523133,1.2381070664265854,1.9444444444444444e-10,0.3218765549547291,10076.466824693252,0.0076466824693251795
btc_hl_breakout_3m,0,0.025,0.05,0.0075,0.05,15,high_frequency,0.004251000595820676,0.42510005958206765,0.35714285714285715,42,-0.018031176105131386,-1.8031176105131386,6.413446749653414,1.0985869858366528,2.876984126984127e-10,0.20908753270596994,10042.510005958207,0.004251000595820676
btc_vol_breakout_10m,0,0.01,0.05,0.0175,0.2,5,high_frequency,0.008012899583303123,0.8012899583303124,0.2916666666666667,48,-0.036177974927856016,-3.6177974927856016,4.690523617151273,1.0706840699580018,1.3229166666666666e-10,0.09463852354684538,10080.12899583303,0.008012899583303123
btc_hl_breakout_1m,0,0.015,0.045,0.02,0.25,90,high_frequency,-0.02019206969840152,-2.0192069698401522,0.38596491228070173,57,-0.09154104052412404,-9.154104052412404,-5.639054604637593,0.9148377745419862,1.8859649122807018e-10,-0.12299821409303736,9798.079303015984,-0.02019206969840152
btc_hl_breakout_6m,0,0.015,0.045,0.0175,0.2,90,high_frequency,-0.03491584468908675,-3.4915844689086746,0.3728813559322034,59,-0.07787343543834946,-7.787343543834946,-13.653867223782452,0.8239277165317926,1.867231638418079e-10,-0.2862683982756993,9650.841553109132,-0.03491584468908675
btc_hl_breakout_3m,0,0.0175,0.035,0.005,0.1,90,high_frequency,0.001430677092140513,0.14306770921405132,0.39285714285714285,56,-0.033277547478055114,-3.3277547478055114,1.5068636454037057,1.0152561307096022,2.074404761904762e-10,0.03372593680286227,10014.306770921405,0.001430677092140513
btc_hl_breakout_1m,0,0.025,0.03,0.0125,0.2,30,high_frequency,0.03561165182796442,3.561165182796442,0.4583333333333333,48,-0.054189612130290055,-5.4189612130290055,14.056813036903405,1.1859839190327273,2.4270833333333334e-10,0.38755850925838137,10356.116518279645,0.03561165182796442
btc_hl_breakout_8m,0,0.015,0.04,0.0075,0.25,10,high_frequency,0.020895994348177738,2.0895994348177735,0.3968253968253968,63,-0.09644159330554769,-9.64415933055477,6.847264725021602,1.0776938970240695,1.7275132275132275e-10,0.15540490233916515,10208.959943481777,0.020895994348177738
btc_hl_breakout_5m,0,0.01,0.035,0.0175,0.2,20,high_frequency,0.04102505443909804,4.102505443909804,0.3783783783783784,74,-0.06769430546275745,-6.769430546275745,15.106564865892764,1.2038995555530654,1.3873873873873873e-10,0.287743459669283,10410.25054439098,0.04102505443909804
btc_bullish,0,0.0075,0.045,0.015,0.15,90,high_frequency,0.010851464610377934,1.0851464610377934,0.3125,96,-0.04387112265456594,-4.387112265456594,5.591790807644927,1.062543807175114,1.1840277777777779e-10,0.08421097098055384,10108.51464610378,0.010851464610377934
btc_vol_breakout_3m,0,0.0125,0.03,0.005,0.05,20,high_frequency,0.010825142691235442,1.082514269123544,0.41379310344827586,58,-0.01400273076762204,-1.400273076762204,17.50929819422602,1.2738302692951218,1.5517241379310344e-10,0.3755108136654445,10108.251426912355,0.010825142691235442
btc_small_up_10m,0,0.035,0.015,0.01,0.1,15,high_frequency,0.038627599968946005,3.8627599968946007,0.6444444444444445,45,-0.02761225716350113,-2.761225716350113,26.563298553803563,1.5403075077282842,2.359259259259259e-10,0.8551921810395366,10386.27599968946,0.038627599968946005
btc_vol_breakout_9m,0,0.02,0.05,0.005,0.15,45,high_frequency,-0.009180649492390626,-0.9180649492390626,0.2702702702702703,37,-0.047703804806237926,-4.770380480623793,-5.5628359069771225,0.9078336618545928,2.2342342342342342e-10,-0.15319627766967409,9908.193505076093,-0.009180649492390626
btc_vol_breakout_3m,0,0.03,0.05,0.0125,0.2,10,high_frequency,0.02837497507173207,2.837497507173207,0.42857142857142855,35,-0.0686879323749181,-6.86879323749181,11.15095368877769,1.1804911036596586,3.4047619047619044e-10,0.43150943498004674,10283.749750717321,0.02837497507173207
btc_hl_breakout_8m,0,0.0075,0.015,0.0075,0.2,30,high_frequency,0.017483824762490757,1.7483824762490756,0.3516483516483517,91,-0.07186545021227153,-7.186545021227153,7.119284427982499,1.082168573791157,9.432234432234432e-11,0.10737322843545169,10174.838247624908,0.017483824762490757
btc_hl_breakout_7m,0,0.0175,0.05,0.003,0.05,90,high_frequency,-0.002272829591660485,-0.22728295916604851,0.3333333333333333,54,-0.026676717102151803,-2.6676717102151803,-2.976309404578702,0.9531086651268046,2.132716049382716e-10,-0.07821083491792254,9977.271704083396,-0.002272829591660485
btc_vol_breakout_8m,0,0.0075,0.015,0.02,0.1,60,high_frequency,0.002010376462469128,0.2010376462469128,0.3709677419354839,62,-0.018671725270473782,-1.8671725270473782,2.3432185177911533,1.0306580629769417,9.650537634408602e-11,0.03689743530613435,10020.103764624691,0.002010376462469128
btc_bullish,0,0.035,0.025,0.02,0.05,5,high_frequency,0.015267523701459056,1.5267523701459056,0.5454545454545454,44,-0.01378940105612314,-1.378940105612314,20.33715558596727,1.3710414206062134,3.007575757575758e-10,0.6960280046508246,10152.675237014591,0.015267523701459056
btc_hl_breakout_4m,0,0.02,0.01,0.005,0.1,15,high_frequency,-0.006054644803351028,-0.6054644803351028,0.5833333333333334,72,-0.034338521842107506,-3.4338521842107506,-4.69474661386574,0.938502562221358,1.2986111111111112e-10,-0.07850289811155065,9939.45355196649,-0.006054644803351028
btc_vol_breakout_8m,0,0.0175,0.025,0.01,0.05,5,high_frequency,0.0023857018692916084,0.23857018692916085,0.3695652173913043,46,-0.01490137077188014,-1.490137077188014,4.790660915827124,1.070749765055424,1.7355072463768115e-10,0.10728528031896953,10023.857018692916,0.0023857018692916084
btc_hl_breakout_6m,0,0.005,0.02,0.0125,0.25,30,high_frequency,-0.016931182542863736,-1.6931182542863736,0.31683168316831684,101,-0.11611951878978899,-11.6119518789789,-4.14310495495874,0.9386807160228087,8.762376237623763e-11,-0.054521172397778116,9830.688174571362,-0.016931182542863736
btc_alt_aligned,0,0.03,0.03,0.02,0.15,45,high_frequency,0.03144543010858663,3.144543010858663,0.46,50,-0.0488591464996917,-4.88591464996917,14.06148409614694,1.194818458635951,2.7866666666666663e-10,0.4339491720868274,10314.454301085867,0.03144543010858663
btc_hl_breakout_5m,0,0.0175,0.05,0.003,0.25,30,high_frequency,-0.040735004515457834,-4.073500451545783,0.3076923076923077,52,-0.11935983462866595,-11.935983462866595,-12.096484088063441,0.8314266243139645,2.1987179487179486e-10,-0.29426577213524907,9592.649954845421,-0.040735004515457834
btc_vol_breakout_8m,0,0.0125,0.03,0.01,0.15,20,high_frequency,0.030982777507975446,3.0982777507975445,0.40425531914893614,47,-0.02247657122390634,-2.247657122390634,20.419640003553813,1.3330024015083999,1.5921985815602837e-10,0.44365497792237757,10309.827775079755,0.030982777507975446
btc_alt_aligned,0,0.0125,0.05,0.003,0.2,10,high_frequency,0.017758757360798676,1.7758757360798676,0.3037974683544304,79,-0.07685128635861671,-7.6851286358616715,6.61414613783724,1.074916001614617,1.687763713080169e-10,0.12982985462295585,10177.587573607987,0.017758757360798676
btc_hl_breakout_5m,0,0.01,0.03,0.02,0.25,10,high_frequency,0.05396048996596255,5.396048996596256,0.37662337662337664,77,-0.08450393614839724,-8.450393614839724,16.00799203643869,1.2015809374320598,1.3138528138528138e-10,0.29254185273827626,10539.604899659626,0.05396048996596255
btc_hl_breakout_1m,0,0.0125,0.015,0.015,0.15,10,high_frequency,0.008746159214523277,0.8746159214523277,0.46153846153846156,78,-0.04813511256682357,-4.813511256682357,5.21813326406778,1.055487574656892,1.1858974358974358e-10,0.08343807095590325,10087.461592145233,0.008746159214523277
btc_hl_breakout_2m,0,0.0175,0.045,0.0075,0.2,60,high_frequency,-0.0025928264120513404,-0.25928264120513406,0.3584905660377358,53,-0.07968168078541926,-7.968168078541926,-0.26903672700467435,0.9863062322731081,2.2327044025157232e-10,-0.006300909953732814,9974.071735879486,-0.0025928264120513404
btc_hl_breakout_3m,0,0.03,0.035,0.0125,0.2,30,high_frequency,0.03664353986136862,3.6643539861368617,0.4883720930232558,43,-0.055369895488373455,-5.5369895488373455,14.24623155174955,1.2061093289104947,2.945736434108527e-10,0.44244712064402003,10366.435398613687,0.03664353986136862
btc_hl_breakout_10m,0,0.0175,0.04,0.0125,0.25,15,high_frequency,0.022238850549281732,2.2238850549281732,0.375,56,-0.10468857357674655,-10.468857357674654,7.277637713137753,1.0871941431824155,2.0327380952380952e-10,0.1831870276483969,10222.388505492818,0.022238850549281732
btc_hl_breakout_6m,0,0.02,0.045,0.015,0.2,5,high_frequency,-0.056572679265379476,-5.657267926537948,0.2857142857142857,49,-0.11278093538797174,-11.278093538797174,-22.70562896127725,0.7150646097686425,2.3571428571428573e-10,-0.5765527061303877,9434.273207346205,-0.056572679265379476
btc_bullish,0,0.0125,0.06,0.02,0.05,15,high_frequency,0.010312458242383906,1.0312458242383906,0.3188405797101449,69,-0.01426028275395852,-1.426028275395852,13.899428884489321,1.2063540425915202,1.7898550724637682e-10,0.3030331249114285,10103.12458242384,0.010312458242383906
btc_vol_breakout_9m,0,0.0125,0.06,0.0125,0.25,45,high_frequency,0.023524536779868776,2.3524536779868774,0.35,40,-0.053136217514065276,-5.313621751406528,9.61171266353307,1.1680693039744987,1.875e-10,0.25136117865013435,10235.245367798689,0.023524536779868776
btc_hl_breakout_10m,0,0.02,0.025,0.015,0.25,60,high_frequency,0.004315535967645746,0.4315535967645746,0.4067796610169492,59,-0.107835207297176,-10.7835207297176,2.2558783605592594,1.0157191646572732,1.830508474576271e-10,0.05387042479681087,10043.155359676457,0.004315535967645746
btc_small_down_10m,0,0.03,0.045,0.01,0.05,60,high_frequency,0.0027956874582997443,0.27956874582997443,0.3939393939393939,33,-0.013625325256413023,-1.3625325256413023,4.470297442981454,1.0816569804550897,3.2575757575757577e-10,0.17569008897271204,10027.956874582997,0.0027956874582997443
btc_hl_breakout_4m,0,0.035,0.02,0.01,0.2,10,high_frequency,0.05998616975658222,5.998616975658222,0.6304347826086957,46,-0.04295993663790321,-4.295993663790321,22.78448500997849,1.36091196073342,2.5905797101449275e-10,0.6553144523912542,10599.861697565822,0.05998616975658222
btc_vol_breakout_2m,0,0.0075,0.03,0.02,0.1,45,high_frequency,-0.006157479948508297,-0.6157479948508296,0.3409090909090909,88,-0.03071908958541414,-3.071908958541414,-4.887409730934252,0.9395132120811495,1.0454545454545454e-10,-0.06553239584046186,9938.425200514917,-0.006157479948508297
btc_hl_breakout_7m,0,0.025,0.035,0.005,0.15,60,high_frequency,0.03800063112144669,3.8000631121446693,0.42,50,-0.050807679727396304,-5.080767972739631,17.40171903282604,1.2510201242398538,2.4466666666666665e-10,0.517495655403075,10380.006311214467,0.03800063112144669
btc_hl_breakout_7m,0,0.0075,0.05,0.015,0.1,15,high_frequency,0.01278321071918939,1.278321071918939,0.32098765432098764,81,-0.04237536632242911,-4.237536632242911,9.313042628293855,1.1260175654183855,1.2469135802469137e-10,0.16461840566031502,10127.832107191894,0.01278321071918939
btc_hl_breakout_10m,0,0.02,0.045,0.005,0.15,60,high_frequency,-0.001139229206795244,-0.11392292067952439,0.36,50,-0.07164658846409289,-7.164658846409289,0.07777128737006123,0.9922793253872318,2.2466666666666667e-10,0.0021272164676098063,9988.607707932048,-0.001139229206795244
btc_small_down_10m,0,0.01,0.05,0.005,0.15,5,high_frequency,-0.018506566500717782,-1.8506566500717783,0.3283582089552239,67,-0.055859086473321495,-5.5859086473321495,-9.372183528527751,0.8626892553864768,1.291044776119403e-10,-0.1776882531928737,9814.934334992822,-0.018506566500717782
btc_vol_breakout_2m,0,0.0125,0.02,0.015,0.1,90,high_frequency,0.007679674881593428,0.7679674881593428,0.4155844155844156,77,-0.030255483443471398,-3.02554834434714,6.552972680266088,1.0778063942370133,1.303030303030303e-10,0.10516057306421281,10076.796748815934,0.007679674881593428
btc_alt_aligned,0,0.02,0.025,0.0075,0.25,5,high_frequency,0.036664969124274555,3.6664969124274553,0.4084507042253521,71,-0.08481525821811431,-8.48152582181143,10.50361276880093,1.111845029329426,1.9107981220657277e-10,0.2285209990302154,10366.649691242746,0.036664969124274555
btc_alt_aligned,0,0.015,0.025,0.015,0.15,30,high_frequency,0.017539839149203908,1.7539839149203909,0.37209302325581395,86,-0.054887353769383584,-5.488735376938358,8.253887314852946,1.0905895427598244,1.5426356589147287e-10,0.14676908896742644,10175.398391492039,0.017539839149203908
btc_hl_breakout_10m,0,0.025,0.04,0.0075,0.05,5,high_frequency,0.00905443453429246,0.9054434534292459,0.3829787234042553,47,-0.01745474584715445,-1.7454745847154451,12.351554965774701,1.1913800885083394,2.528368794326241e-10,0.3907208247178984,10090.544345342925,0.00905443453429246
btc_vol_breakout_10m,0,0.005,0.04,0.015,0.25,45,high_frequency,-0.0044336137574325675,-0.44336137574325674,0.3157894736842105,57,-0.05852180013519548,-5.852180013519548,-1.1162895486979427,0.9716158677926503,9.707602339181288e-11,-0.018828315793426323,9955.663862425674,-0.0044336137574325675
btc_vol_breakout_3m,0,0.0125,0.025,0.0125,0.25,30,high_frequency,0.045632836838105095,4.56328368381051,0.423728813559322,59,-0.0644509979029102,-6.44509979029102,15.390175671658413,1.2199916304368095,1.4858757062146892e-10,0.32095009947340064,10456.328368381051,0.045632836838105095
btc_vol_breakout_2m,0,0.0075,0.035,0.015,0.1,90,high_frequency,-0.008794482164792282,-0.8794482164792281,0.3411764705882353,85,-0.03288655155705089,-3.288655155705089,-7.100817605699033,0.9116051621749754,1.0862745098039216e-10,-0.09919617422055528,9912.055178352077,-0.008794482164792282
btc_hl_breakout_9m,0,0.0075,0.035,0.015,0.15,20,high_frequency,0.023996882820890915,2.3996882820890915,0.3333333333333333,81,-0.05493213789057172,-5.493213789057172,11.936377162950842,1.165001467784974,1.1604938271604938e-10,0.20574834124786767,10239.968828208908,0.023996882820890915
btc_hl_breakout_4m,0,0.0125,0.06,0.0175,0.25,10,high_frequency,0.06505762429129781,6.505762429129781,0.3888888888888889,54,-0.06808720863709194,-6.808720863709194,20.004443789441122,1.3361486972642942,1.9814814814814815e-10,0.4934531451739903,10650.576242912979,0.06505762429129781
btc_hl_breakout_9m,0,0.0125,0.04,0.0075,0.2,5,high_frequency,0.043135490674478,4.3135490674478,0.40298507462686567,67,-0.06861404899774615,-6.861404899774614,15.608655846451827,1.2080008367148352,1.562189054726368e-10,0.33389156288018906,10431.35490674478,0.043135490674478
btc_hl_breakout_2m,0,0.0075,0.06,0.015,0.2,10,high_frequency,0.0034821463128522283,0.34821463128522284,0.32894736842105265,76,-0.0789383100733817,-7.89383100733817,2.107289906189308,1.0182061941601466,1.2412280701754386e-10,0.035197898823618956,10034.821463128523,0.0034821463128522283
btc_vol_breakout_2m,0,0.025,0.025,0.005,0.15,20,high_frequency,0.024638688682481598,2.4638688682481598,0.4807692307692308,52,-0.038152599819215705,-3.8152599819215705,12.980956933712173,1.1791767448696133,2.2916666666666668e-10,0.32629228737034466,10246.386886824816,0.024638688682481598
btc_hl_breakout_3m,0,0.03,0.06,0.0175,0.1,45,high_frequency,0.02473061621723192,2.473061621723192,0.3888888888888889,36,-0.03450217275590972,-3.450217275590972,17.982349670198555,1.3097680264718987,3.6990740740740737e-10,0.6978438877680685,10247.30616217232,0.02473061621723192
btc_alt_aligned,0,0.025,0.02,0.0175,0.25,5,high_frequency,0.025130648541167373,2.5130648541167373,0.49230769230769234,65,-0.09317233552004756,-9.317233552004755,7.638795202664248,1.081477258823339,2.0923076923076923e-10,0.17865397611527284,10251.306485411675,0.025130648541167373
btc_vol_breakout_3m,0,0.02,0.04,0.0125,0.05,60,high_frequency,-0.003242137408717889,-0.3242137408717889,0.37777777777777777,45,-0.017908296096679877,-1.7908296096679877,-5.132071277023527,0.924314412949791,2.2111111111111111e-10,-0.13959359938554544,9967.578625912822,-0.003242137408717889
btc_hl_breakout_5m,0,0.03,0.04,0.0175,0.2,45,high_frequency,0.013728957830921991,1.372895783092199,0.4090909090909091,44,-0.08498835877834976,-8.498835877834976,5.956239847634993,1.0714314265803049,2.9772727272727275e-10,0.17852800480185463,10137.28957830922,0.013728957830921991
btc_vol_breakout_3m,0,0.03,0.05,0.02,0.05,30,high_frequency,0.007433403309760809,0.7433403309760809,0.42857142857142855,35,-0.017555666477759302,-1.7555666477759302,11.144589014035486,1.196260703069665,3.4047619047619044e-10,0.4315094349800481,10074.334033097608,0.007433403309760809
btc_hl_breakout_2m,0,0.0075,0.04,0.015,0.05,45,high_frequency,0.0052507915648046435,0.5250791564804643,0.3670886075949367,79,-0.016997101441310725,-1.6997101441310725,8.501808925900121,1.1129991058142448,1.1877637130801686e-10,0.13571199985665158,10052.507915648046,0.0052507915648046435
btc_vol_breakout_2m,0,0.0175,0.04,0.015,0.2,5,high_frequency,-0.00317093208055951,-0.317093208055951,0.36363636363636365,55,-0.05570437950880658,-5.570437950880658,-0.5540518272116994,0.9821584488528812,2.0666666666666668e-10,-0.013535071845873037,9968.290679194404,-0.00317093208055951
btc_hl_breakout_5m,0,0.015,0.04,0.005,0.2,60,high_frequency,0.005760336030931467,0.5760336030931467,0.4098360655737705,61,-0.06878718415282326,-6.878718415282325,2.974338643295602,1.0286428465736541,1.8278688524590164e-10,0.06322453002855197,10057.603360309315,0.005760336030931467
btc_vol_breakout_2m,0,0.015,0.06,0.0175,0.05,5,high_frequency,0.00470170119313263,0.47017011931326297,0.3090909090909091,55,-0.017736277316113602,-1.7736277316113602,7.157245702840889,1.1104857456178057,1.9606060606060607e-10,0.1762817769386074,10047.017011931326,0.00470170119313263
btc_vol_breakout_2m,0,0.035,0.045,0.003,0.05,5,high_frequency,0.009651147220257377,0.9651147220257377,0.45714285714285713,35,-0.016334070723753702,-1.6334070723753702,14.359951702076744,1.2557696455768594,3.785714285714286e-10,0.5572109711919082,10096.511472202574,0.009651147220257377
btc_hl_breakout_5m,0,0.01,0.015,0.003,0.25,5,high_frequency,0.040333183434011016,4.033318343401102,0.3953488372093023,86,-0.0839106942490363,-8.39106942490363,12.305685293220264,1.1483125013865219,1.0678294573643411e-10,0.200550819137299,10403.33183434011,0.040333183434011016
btc_hl_breakout_4m,0,0.0175,0.06,0.01,0.05,90,high_frequency,0.0016137755555547073,0.16137755555547073,0.30434782608695654,46,-0.017880734643023533,-1.7880734643023533,2.6372997333051256,1.0403700283538018,2.543478260869565e-10,0.07639973884395301,10016.137755555546,0.0016137755555547073
btc_vol_breakout_9m,0,0.015,0.04,0.0125,0.2,60,high_frequency,0.02772771387621881,2.772771387621881,0.4186046511627907,43,-0.04404184383821286,-4.404184383821286,14.00455409180293,1.223020957640885,1.813953488372093e-10,0.33339683160513495,10277.277138762189,0.02772771387621881
btc_hl_breakout_8m,0,0.0125,0.03,0.02,0.15,5,high_frequency,0.02463122615205407,2.463122615205407,0.36764705882352944,68,-0.048012784645641515,-4.8012784645641515,12.220948844696231,1.16388497565359,1.5049019607843138e-10,0.25155911145481813,10246.312261520541,0.02463122615205407
btc_hl_breakout_10m,0,0.01,0.045,0.015,0.05,45,high_frequency,0.0068678904780076775,0.6867890478007678,0.3424657534246575,73,-0.01855778283843379,-1.855778283843379,10.077504916880592,1.1503758470171728,1.360730593607306e-10,0.19148698215267157,10068.678904780078,0.0068678904780076775
btc_vol_breakout_8m,0,0.02,0.03,0.015,0.25,20,high_frequency,0.014154611350109644,1.4154611350109643,0.35714285714285715,42,-0.07180233715553641,-7.180233715553641,6.159139796727723,1.0784625722424381,2e-10,0.15478790683619625,10141.546113501096,0.014154611350109644
btc_hl_breakout_8m,0,0.03,0.025,0.003,0.25,90,high_frequency,0.061377253916010295,6.1377253916010295,0.5227272727272727,44,-0.07478962231187203,-7.478962231187203,17.479140186011392,1.2595319343703042,2.776515151515152e-10,0.576264943864355,10613.772539160103,0.061377253916010295
btc_alt_aligned,0,0.02,0.025,0.003,0.2,60,high_frequency,0.029965812893880207,2.9965812893880206,0.4084507042253521,71,-0.06803642267686982,-6.803642267686982,10.51316549256598,1.1159718882366374,1.9107981220657277e-10,0.22852099903021694,10299.658128938801,0.029965812893880207
btc_small_down_10m,0,0.0125,0.04,0.005,0.05,90,high_frequency,0.004838362082182266,0.4838362082182266,0.40350877192982454,57,-0.013868882666465798,-1.3868882666465798,8.136513678385828,1.137216508017272,1.587719298245614e-10,0.17262183357203195,10048.383620821824,0.004838362082182266
btc_vol_breakout_9m,0,0.0175,0.045,0.02,0.2,10,high_frequency,-0.004323451223802545,-0.43234512238025447,0.2926829268292683,41,-0.059937065933585276,-5.993706593358528,-1.5165139480280891,0.9671043627112385,1.9796747967479677e-10,-0.037379947085457735,9956.765487761975,-0.004323451223802545
btc_alt_aligned,0,0.015,0.06,0.0075,0.1,30,high_frequency,0.01663565198808251,1.663565198808251,0.3088235294117647,68,-0.038302565238786834,-3.8302565238786834,11.069648750803408,1.155792657741026,1.9901960784313725e-10,0.2541535533182748,10166.356519880825,0.01663565198808251
btc_bullish,0,0.03,0.02,0.005,0.1,45,high_frequency,0.02392811589163923,2.392811589163923,0.5614035087719298,57,-0.02531553799471764,-2.531553799471764,16.25056304334703,1.2294491743071823,2.2719298245614034e-10,0.4266442656807352,10239.281158916392,0.02392811589163923
btc_alt_aligned,0,0.035,0.03,0.0175,0.15,45,high_frequency,0.04219300502559997,4.219300502559998,0.5111111111111111,45,-0.04573151776278339,-4.573151776278339,18.509881162405645,1.2927241911225422,3.1185185185185187e-10,0.634350488181427,10421.930050256,0.04219300502559997
btc_small_down_10m,0,0.035,0.015,0.01,0.15,60,high_frequency,0.049514272915825726,4.951427291582573,0.6829268292682927,41,-0.02550334287343725,-2.550334287343725,26.50539249233812,1.5444302840308186,2.41869918699187e-10,0.8007397721586939,10495.142729158257,0.049514272915825726
btc_vol_breakout_10m,0,0.005,0.03,0.0075,0.05,60,high_frequency,-0.0005662434340782795,-0.05662434340782795,0.3157894736842105,57,-0.012484010892094388,-1.2484010892094388,-1.0345073858620641,0.981321178882967,9.502923976608187e-11,-0.01746690159133613,9994.337565659218,-0.0005662434340782795
btc_vol_breakout_10m,0,0.0075,0.04,0.01,0.15,20,high_frequency,0.004045886970740503,0.4045886970740503,0.3137254901960784,51,-0.03066367068274689,-3.066367068274689,3.181276384547914,1.0452232814994804,1.1601307189542484e-10,0.061344217983446456,10040.458869707405,0.004045886970740503
btc_hl_breakout_9m,0,0.03,0.015,0.0075,0.1,90,high_frequency,0.012524716006020765,1.2524716006020766,0.5818181818181818,55,-0.041652932622405325,-4.1652932622405325,9.12578553912017,1.1267509436217298,2.209090909090909e-10,0.237058435214817,10125.247160060208,0.012524716006020765
btc_hl_breakout_1m,0,0.01,0.045,0.005,0.25,60,high_frequency,0.0024094103565539173,0.24094103565539174,0.323943661971831,71,-0.08916827729866805,-8.916827729866805,1.6831474055003826,1.0105886026506472,1.4507042253521126e-10,0.028520551062388086,10024.09410356554,0.0024094103565539173
btc_hl_breakout_7m,0,0.035,0.06,0.01,0.1,60,high_frequency,0.027528651403083585,2.7528651403083586,0.40625,32,-0.03761914284483048,-3.7619142844830478,18.108727763790814,1.3615884518871604,4.1875e-10,0.8719026995206637,10275.286514030835,0.027528651403083585
btc_vol_breakout_8m,0,0.01,0.06,0.003,0.2,15,high_frequency,0.0008095855492261308,0.08095855492261307,0.2708333333333333,48,-0.04275603720501131,-4.275603720501131,0.9910929002224307,1.0071144580560414,1.46875e-10,0.019787895133015,10008.095855492262,0.0008095855492261308
btc_hl_breakout_7m,0,0.02,0.06,0.02,0.2,10,high_frequency,-0.003757046586582237,-0.3757046586582237,0.2765957446808511,47,-0.10131306744826096,-10.131306744826096,-0.4853098999778146,0.9815477792767482,2.489361702127659e-10,-0.010252087178995879,9962.429534134179,-0.003757046586582237
btc_small_up_10m,0,0.0175,0.04,0.01,0.25,15,high_frequency,0.0009355328890305828,0.09355328890305828,0.3333333333333333,54,-0.099004309834828,-9.9004309834828,1.280993123963043,1.0039326548962295,1.6481481481481483e-10,0.03127785854138104,10009.355328890306,0.0009355328890305828
btc_vol_breakout_8m,0,0.0075,0.06,0.005,0.1,15,high_frequency,0.004167185228305891,0.4167185228305891,0.2857142857142857,49,-0.018949169516728648,-1.8949169516728648,4.452208623214573,1.075604328852809,1.3435374149659864e-10,0.09063437348461989,10041.67185228306,0.004167185228305891
btc_alt_aligned,0,0.03,0.045,0.01,0.05,30,high_frequency,0.011989224567834753,1.1989224567834753,0.391304347826087,46,-0.016300164979626386,-1.6300164979626386,15.61244332790062,1.2424332487466725,3.0471014492753624e-10,0.5264146935500764,10119.892245678348,0.011989224567834753
btc_small_up_9m,0,0.025,0.035,0.0125,0.1,15,high_frequency,0.0121636013128915,1.21636013128915,0.40476190476190477,42,-0.027030010748293254,-2.7030010748293254,10.213383295370916,1.1613401442300417,2.4325396825396826e-10,0.29829760546506734,10121.636013128915,0.0121636013128915
btc_small_up_10m,0,0.015,0.045,0.01,0.25,15,high_frequency,0.03475461796435488,3.4754617964354884,0.3584905660377358,53,-0.0715860191246046,-7.15860191246046,11.123523600771708,1.1659941419958735,1.6163522012578615e-10,0.2817046028533865,10347.546179643548,0.03475461796435488
btc_hl_breakout_9m,0,0.035,0.015,0.0175,0.15,90,high_frequency,0.037028785739844354,3.702878573984435,0.6346153846153846,52,-0.044738768280835894,-4.47387682808359,17.064423335580333,1.2690763026688656,2.407051282051282e-10,0.4836781556007687,10370.287857398444,0.037028785739844354
btc_hl_breakout_4m,0,0.0175,0.04,0.02,0.15,20,high_frequency,0.013065401191665,1.3065401191665,0.41509433962264153,53,-0.0398892169823839,-3.98892169823839,7.353967355941018,1.0971684365702004,2.1823899371069184e-10,0.17648615511478993,10130.65401191665,0.013065401191665
btc_hl_breakout_1m,0,0.0125,0.06,0.0175,0.05,10,high_frequency,0.010356236199972665,1.0356236199972664,0.38596491228070173,57,-0.017943928573773027,-1.7943928573773027,16.11319312225226,1.2404584858434993,1.891812865497076e-10,0.3674991736753759,10103.562361999726,0.010356236199972665
btc_small_down_10m,0,0.0175,0.04,0.015,0.15,15,high_frequency,-0.0028814515514435923,-0.28814515514435923,0.391304347826087,46,-0.043136615494238084,-4.313661549423808,-0.9823520218039439,0.9740683829423612,2.2028985507246376e-10,-0.029382562541110904,9971.185484485564,-0.0028814515514435923
btc_small_up_9m,0,0.015,0.02,0.01,0.1,5,high_frequency,0.016065636523238107,1.6065636523238107,0.42592592592592593,54,-0.020088266051803028,-2.0088266051803028,16.061619175237908,1.2335753845777917,1.478395061728395e-10,0.30134392119492187,10160.65636523238,0.016065636523238107
btc_vol_breakout_3m,0,0.035,0.015,0.003,0.1,30,high_frequency,0.03834397005371842,3.8343970053718417,0.7021276595744681,47,-0.01853367963889807,-1.853367963889807,32.24462286126165,1.6474186360124512,2.2304964539007092e-10,0.8089434449718087,10383.439700537185,0.03834397005371842
btc_vol_breakout_3m,0,0.01,0.015,0.0125,0.1,5,high_frequency,0.004086292435455891,0.4086292435455891,0.3974358974358974,78,-0.030395541839065787,-3.0395541839065787,3.778523903497976,1.0453809646960468,9.358974358974358e-11,0.05757053777860248,10040.862924354558,0.004086292435455891
btc_hl_breakout_3m,0,0.015,0.015,0.005,0.15,45,high_frequency,0.0020664935901083025,0.20664935901083026,0.4931506849315068,73,-0.04109243221239822,-4.109243221239822,1.6660491528804118,1.0136123106986363,1.3538812785388127e-10,0.02799732236757185,10020.664935901083,0.0020664935901083025
btc_hl_breakout_1m,0,0.0175,0.03,0.005,0.1,10,high_frequency,-0.0010722931635390068,-0.10722931635390068,0.3728813559322034,59,-0.038358621993105024,-3.8358621993105024,-0.5024852934244803,0.9890569666512332,1.9067796610169494e-10,-0.010018879204922605,9989.27706836461,-0.0010722931635390068
btc_hl_breakout_7m,0,0.005,0.02,0.003,0.15,90,high_frequency,-0.005727313958661057,-0.5727313958661057,0.3113207547169811,106,-0.07317027301199686,-7.317027301199685,-2.2186149091618503,0.9665973004161323,8.443396226415095e-11,-0.028289219495558772,9942.72686041339,-0.005727313958661057
btc_small_down_10m,0,0.015,0.04,0.0075,0.2,90,high_frequency,0.024924755188468158,2.492475518846816,0.4,50,-0.06122458753186932,-6.122458753186932,11.716764282318884,1.190387865297707,1.93e-10,0.2589111460535367,10249.247551884682,0.024924755188468158
btc_vol_breakout_9m,0,0.035,0.025,0.01,0.2,20,high_frequency,0.057456192808931564,5.745619280893156,0.5806451612903226,31,-0.04365403721374661,-4.365403721374661,26.237521030486413,1.5403388817534482,3.3602150537634405e-10,0.9231653853861833,10574.561928089315,0.057456192808931564
btc_small_up_9m,0,0.0175,0.035,0.0175,0.25,10,high_frequency,-0.02364199858893562,-2.3641998588935618,0.32653061224489793,49,-0.08621786667227993,-8.621786667227994,-7.233281331156689,0.8838642173517925,1.8299319727891156e-10,-0.17629665711580556,9763.580014110645,-0.02364199858893562
btc_vol_breakout_2m,0,0.025,0.06,0.005,0.2,10,high_frequency,0.039847529155066924,3.9847529155066925,0.36585365853658536,41,-0.06387695043664987,-6.387695043664987,14.910142575674936,1.2244873772812923,3.0203252032520326e-10,0.5102015842093803,10398.475291550669,0.039847529155066924
btc_vol_breakout_9m,0,0.025,0.035,0.015,0.05,30,high_frequency,0.013644464979995252,1.3644464979995252,0.45714285714285713,35,-0.009231623854447757,-0.9231623854447757,25.235330864867933,1.500278168848032,2.5333333333333334e-10,0.7801863358208634,10136.444649799952,0.013644464979995252
btc_hl_breakout_1m,0,0.0075,0.05,0.0175,0.1,60,high_frequency,0.003794179201994859,0.3794179201994859,0.3246753246753247,77,-0.035676708111849864,-3.5676708111849864,3.4058782951964695,1.0411170203266,1.2142857142857142e-10,0.055458797685204994,10037.941792019948,0.003794179201994859
btc_vol_breakout_8m,0,0.0175,0.03,0.015,0.1,45,high_frequency,0.007784854064514195,0.7784854064514195,0.35555555555555557,45,-0.027581875518951304,-2.7581875518951304,7.817187834799333,1.1144634075095088,1.8111111111111112e-10,0.18013375086460187,10077.848540645142,0.007784854064514195
btc_hl_breakout_2m,0,0.015,0.06,0.015,0.1,5,high_frequency,0.009621650645779902,0.9621650645779902,0.34615384615384615,52,-0.03410354379393543,-3.410354379393543,7.728512612572267,1.1139421854929556,2.205128205128205e-10,0.19498997894977688,10096.216506457798,0.009621650645779902
btc_hl_breakout_1m,0,0.0075,0.04,0.01,0.15,10,high_frequency,-0.010829922440120118,-1.0829922440120119,0.3375,80,-0.056258679802145384,-5.625867980214538,-5.406867494424342,0.9260151081625958,1.1916666666666667e-10,-0.08284149921571612,9891.700775598798,-0.010829922440120118
btc_hl_breakout_2m,0,0.035,0.02,0.0175,0.15,5,high_frequency,0.0566164522128943,5.6616452212894295,0.6363636363636364,44,-0.03228344397654981,-3.228344397654981,30.71175963689718,1.549665936176469,2.7310606060606063e-10,0.8487970702203069,10566.164522128944,0.0566164522128943
btc_hl_breakout_2m,0,0.02,0.02,0.0125,0.05,60,high_frequency,-0.0029313296891018067,-0.2931329689101807,0.45,60,-0.021693621347467995,-2.1693621347467995,-4.605314470092625,0.9424973715863009,1.7166666666666667e-10,-0.09412071301649524,9970.686703108982,-0.0029313296891018067
btc_hl_breakout_5m,0,0.02,0.01,0.02,0.2,45,high_frequency,-0.03650118781626224,-3.650118781626224,0.5540540540540541,74,-0.09307953096866517,-9.307953096866516,-14.67010656825021,0.8305926843808428,1.268018018018018e-10,-0.23976697959811177,9634.988121837378,-0.03650118781626224
btc_vol_breakout_2m,0,0.0125,0.04,0.0125,0.1,5,high_frequency,0.01614006745036912,1.6140067450369122,0.3968253968253968,63,-0.03089456564675508,-3.089456564675508,13.166658599070985,1.1899569378146613,1.6772486772486772e-10,0.26149860984099327,10161.400674503691,0.01614006745036912
btc_vol_breakout_10m,0,0.03,0.035,0.0175,0.25,60,high_frequency,0.06482086573351499,6.482086573351499,0.5,32,-0.04795827814126652,-4.7958278141266515,23.68387206034019,1.43239429088858,2.875e-10,0.8138679424274549,10648.20865733515,0.06482086573351499
btc_hl_breakout_7m,0,0.025,0.025,0.0075,0.25,5,high_frequency,0.05669899789323003,5.669899789323003,0.4716981132075472,53,-0.08729698708282785,-8.729698708282784,16.03232303270286,1.217929390047982,2.261006289308176e-10,0.44607638280450324,10566.9899789323,0.05669899789323003
btc_hl_breakout_2m,0,0.01,0.02,0.0075,0.2,10,high_frequency,0.027181369811687343,2.718136981168734,0.4074074074074074,81,-0.07107517365853888,-7.107517365853888,11.744796069299449,1.1425899325674345,1.1316872427983539e-10,0.17667710422344185,10271.813698116874,0.027181369811687343
btc_hl_breakout_8m,0,0.0175,0.045,0.01,0.25,30,high_frequency,-0.033411780324033545,-3.3411780324033544,0.3333333333333333,54,-0.12355410310690484,-12.355410310690484,-8.929075507553835,0.8621944748635153,2.132716049382716e-10,-0.2282135951945124,9665.882196759665,-0.033411780324033545
btc_small_up_10m,0,0.025,0.045,0.0175,0.05,60,high_frequency,0.012626680727798044,1.2626680727798043,0.4186046511627907,43,-0.014996328136871795,-1.4996328136871795,18.172152519535043,1.3251111756853915,2.3914728682170545e-10,0.590686655825217,10126.26680727798,0.012626680727798044
btc_bullish,0,0.005,0.05,0.02,0.05,15,high_frequency,0.0014032429003577192,0.14032429003577193,0.3302752293577982,109,-0.01656778573873252,-1.6567785738732521,2.1514424813706023,1.0245278231666646,1.0030581039755352e-10,0.028369412720585026,10014.032429003577,0.0014032429003577192
btc_small_up_10m,0,0.03,0.03,0.015,0.1,5,high_frequency,0.026278770435974617,2.627877043597462,0.47619047619047616,42,-0.03018105353667966,-3.018105353667966,18.751544186025665,1.31761877225122,2.5674603174603177e-10,0.631833101748739,10262.787704359745,0.026278770435974617
btc_hl_breakout_5m,0,0.01,0.045,0.003,0.2,15,high_frequency,0.030076920334348552,3.0076920334348554,0.36619718309859156,71,-0.06368383049454918,-6.368383049454918,11.584484593627268,1.160168552178963,1.4577464788732394e-10,0.22409594644438344,10300.769203343485,0.030076920334348552
btc_vol_breakout_8m,0,0.005,0.01,0.003,0.05,20,high_frequency,-0.00032726301164021267,-0.03272630116402127,0.4027777777777778,72,-0.008970820251528955,-0.8970820251528955,-0.5762492653900945,0.9894486602481042,7.314814814814816e-11,-0.007342087337632959,9996.727369883598,-0.00032726301164021267
btc_small_up_9m,0,0.005,0.02,0.005,0.1,5,high_frequency,0.02108761347617517,2.108761347617517,0.3787878787878788,66,-0.015466690489715273,-1.5466690489715273,22.445622734928495,1.3815224085504048,9.797979797979798e-11,0.32045836441722786,10210.876134761751,0.02108761347617517
btc_small_up_9m,0,0.015,0.045,0.0075,0.05,15,high_frequency,-0.004210163339452294,-0.42101633394522936,0.3469387755102041,49,-0.016848100191155124,-1.6848100191155124,-6.9744017809733485,0.8914742569828913,1.738095238095238e-10,-0.1685669582163963,9957.898366605477,-0.004210163339452294
btc_vol_breakout_8m,0,0.035,0.04,0.0075,0.1,30,high_frequency,0.02649986638235242,2.649986638235242,0.48484848484848486,33,-0.023525446093006996,-2.3525446093006996,23.337550906861452,1.4449552784143882,3.3787878787878787e-10,0.8048553204595333,10264.998663823524,0.02649986638235242
btc_hl_breakout_9m,0,0.035,0.045,0.015,0.15,90,high_frequency,0.0431997261326622,4.31997261326622,0.4473684210526316,38,-0.04939746413862789,-4.939746413862789,19.182506891485612,1.3297689349719277,3.486842105263158e-10,0.769522835029293,10431.997261326622,0.0431997261326622
btc_vol_breakout_9m,0,0.0075,0.05,0.0175,0.2,5,high_frequency,0.020272934561690728,2.027293456169073,0.32653061224489793,49,-0.036980039953765975,-3.6980039953765975,11.02849029797174,1.186749656333095,1.2959183673469387e-10,0.2163536331103603,10202.729345616906,0.020272934561690728
btc_hl_breakout_7m,0,0.03,0.05,0.02,0.15,10,high_frequency,0.02264466975751993,2.264466975751993,0.375,40,-0.062294993376388885,-6.229499337638888,10.671075840195169,1.167044013685716,3.3666666666666664e-10,0.3989309334286564,10226.4466975752,0.02264466975751993
btc_hl_breakout_1m,0,0.01,0.03,0.003,0.25,15,high_frequency,0.019130744875602023,1.9130744875602024,0.35064935064935066,77,-0.08626867309552133,-8.626867309552132,7.038551108305631,1.0746234546504136,1.2835497835497835e-10,0.11390730335055545,10191.30744875602,0.019130744875602023
btc_vol_breakout_2m,0,0.03,0.025,0.0175,0.05,30,high_frequency,0.007224257065924234,0.7224257065924234,0.5217391304347826,46,-0.0120690784426567,-1.20690784426567,11.210981250309136,1.1676165833239855,2.7391304347826086e-10,0.31843253413535927,10072.242570659242,0.007224257065924234
btc_hl_breakout_3m,0,0.02,0.04,0.01,0.25,30,high_frequency,-0.02371615579471427,-2.371615579471427,0.36,50,-0.10481612306260946,-10.481612306260946,-6.730610905613226,0.899244294899838,2.2233333333333334e-10,-0.16996443758517826,9762.838442052856,-0.02371615579471427
btc_small_up_9m,0,0.0125,0.02,0.02,0.2,30,high_frequency,0.02840753658332301,2.840753658332301,0.39285714285714285,56,-0.035511114179056835,-3.5511114179056835,14.642212197311581,1.2072420097408618,1.3511904761904762e-10,0.26128351284686663,10284.07536583323,0.02840753658332301
btc_hl_breakout_3m,0,0.02,0.06,0.02,0.15,10,high_frequency,-0.013610100328054363,-1.3610100328054364,0.27906976744186046,43,-0.060180970991842164,-6.018097099184216,-6.867208236144237,0.8965828199007398,2.6511627906976745e-10,-0.19355028312432837,9863.898996719456,-0.013610100328054363
btc_vol_breakout_9m,0,0.005,0.045,0.02,0.25,30,high_frequency,0.010951959704920546,1.0951959704920546,0.3275862068965517,58,-0.056328274052810046,-5.632827405281004,5.247642331002057,1.07445561059995,1.0373563218390805e-10,0.08701255918300414,10109.519597049206,0.010951959704920546
btc_hl_breakout_3m,0,0.005,0.015,0.0075,0.25,15,high_frequency,-0.04576154576554468,-4.576154576554468,0.3010752688172043,93,-0.1080372999800433,-10.80372999800433,-15.313835084023378,0.8172897629275048,8.082437275985663e-11,-0.19086653528315473,9542.384542344553,-0.04576154576554468
btc_hl_breakout_1m,0,0.035,0.02,0.005,0.1,90,high_frequency,0.033905249800274234,3.3905249800274233,0.627906976744186,43,-0.017316784026355836,-1.7316784026355836,27.960562933084283,1.5123606022339886,2.9186046511627907e-10,0.7851632730331437,10339.052498002742,0.033905249800274234
btc_hl_breakout_2m,0,0.02,0.03,0.015,0.1,45,high_frequency,-0.0004954770775022098,-0.04954770775022098,0.38596491228070173,57,-0.038436580281792976,-3.8436580281792976,-0.03403623492392237,0.9951904923477142,1.9298245614035087e-10,8.775355528994255e-05,9995.045229224977,-0.0004954770775022098
btc_hl_breakout_2m,0,0.0125,0.03,0.0125,0.15,45,high_frequency,0.04754025086889028,4.754025086889028,0.4411764705882353,68,-0.03723307310146651,-3.7233073101466507,24.748506302101614,1.3326937331630846,1.534313725490196e-10,0.46720132624561694,10475.402508688903,0.04754025086889028
btc_small_up_10m,0,0.0125,0.06,0.02,0.1,45,high_frequency,0.011540632051054172,1.1540632051054172,0.3269230769230769,52,-0.03385437024638793,-3.3854370246387933,8.761104621648368,1.1414226183431113,1.576923076923077e-10,0.23225901465666363,10115.406320510541,0.011540632051054172
btc_hl_breakout_6m,0,0.0075,0.015,0.015,0.2,30,high_frequency,-0.0012643924304601797,-0.12643924304601797,0.3368421052631579,95,-0.08887057347925242,-8.887057347925243,0.3602059953601202,0.9944492229272655,9.43859649122807e-11,0.005159854326765284,9987.356075695398,-0.0012643924304601797
btc_vol_breakout_3m,0,0.0125,0.01,0.003,0.25,60,high_frequency,0.045586058045851814,4.558605804585182,0.5733333333333334,75,-0.06570288911646982,-6.570288911646982,15.908587104120093,1.2178474605321965,9.822222222222223e-11,0.25138809529025397,10455.860580458519,0.045586058045851814
btc_small_up_9m,0,0.025,0.04,0.02,0.1,10,high_frequency,0.013025349223736134,1.3025349223736133,0.40476190476190477,42,-0.02703001074829181,-2.703001074829181,10.89944051278214,1.1726235495818134,2.4404761904761903e-10,0.31865701639650446,10130.253492237362,0.013025349223736134
btc_vol_breakout_10m,0,0.005,0.06,0.015,0.1,10,high_frequency,-0.007356047055680551,-0.7356047055680551,0.2857142857142857,56,-0.023384147892810514,-2.3384147892810514,-7.021910077533418,0.8792553626168366,1.0089285714285714e-10,-0.12716631996779673,9926.439529443194,-0.007356047055680551
btc_small_up_10m,0,0.005,0.06,0.0125,0.2,90,high_frequency,0.03179485645766629,3.179485645766629,0.38461538461538464,65,-0.05447653013632858,-5.447653013632858,12.610020053959737,1.2166979790706185,1.058974358974359e-10,0.2549864544088788,10317.948564576664,0.03179485645766629
btc_hl_breakout_8m,0,0.025,0.04,0.02,0.1,60,high_frequency,0.01714424203481391,1.714424203481391,0.3829787234042553,47,-0.03612758518100645,-3.612758518100645,11.862357231708998,1.1780404307764067,2.602836879432624e-10,0.37552605653970433,10171.44242034814,0.01714424203481391
btc_small_up_10m,0,0.03,0.025,0.005,0.15,20,high_frequency,0.032479813191587346,3.247981319158735,0.4883720930232558,43,-0.045118658233135434,-4.511865823313544,15.851534312271738,1.2601211673524257,2.4341085271317826e-10,0.5150375500524437,10324.798131915873,0.032479813191587346
btc_hl_breakout_8m,0,0.03,0.02,0.0075,0.25,90,high_frequency,0.06753143203430736,6.753143203430737,0.574468085106383,47,-0.06842701989641298,-6.842701989641298,19.189178908557167,1.2849170451984144,2.407801418439716e-10,0.5883210855698338,10675.314320343074,0.06753143203430736
btc_hl_breakout_1m,0,0.025,0.02,0.015,0.25,10,high_frequency,0.030531056906736284,3.0531056906736285,0.5192307692307693,52,-0.07311826405834021,-7.3118264058340205,10.175546225679904,1.1267025390860075,2.1282051282051285e-10,0.255294526231727,10305.310569067362,0.030531056906736284
btc_vol_breakout_10m,0,0.0075,0.02,0.005,0.1,15,high_frequency,0.009424500087102808,0.9424500087102808,0.37735849056603776,53,-0.015356648964704789,-1.5356648964704789,10.095574811095219,1.16319862262519,1.0660377358490567e-10,0.1824771057798919,10094.245000871028,0.009424500087102808
btc_vol_breakout_8m,0,0.0075,0.045,0.0125,0.1,10,high_frequency,0.009718024391444691,0.9718024391444692,0.34615384615384615,52,-0.019147032102139083,-1.9147032102139083,10.24173722000997,1.1749391796831756,1.2628205128205127e-10,0.1915194959563619,10097.180243914447,0.009718024391444691
btc_hl_breakout_5m,0,0.02,0.035,0.0125,0.25,15,high_frequency,-0.033630872438517145,-3.3630872438517145,0.33962264150943394,53,-0.12150203350642319,-12.150203350642318,-9.921892191482058,0.8696285282906973,2.150943396226415e-10,-0.23606509790513744,9663.691275614829,-0.033630872438517145
btc_hl_breakout_6m,0,0.0075,0.045,0.005,0.2,10,high_frequency,-0.010905244527876494,-1.0905244527876494,0.30864197530864196,81,-0.0932351616835505,-9.32351616835505,-3.187183137648801,0.9485238621362545,1.2139917695473251e-10,-0.05428977997117038,9890.947554721235,-0.010905244527876494
btc_hl_breakout_10m,0,0.005,0.035,0.02,0.15,60,high_frequency,0.009468618860978904,0.9468618860978905,0.3333333333333333,93,-0.05534778170113208,-5.534778170113208,5.265091948892168,1.0642710779540572,9.74910394265233e-11,0.07614503650375999,10094.686188609789,0.009468618860978904
btc_hl_breakout_10m,0,0.025,0.06,0.005,0.15,15,high_frequency,0.028601048626208284,2.8601048626208283,0.2926829268292683,41,-0.05592240504378909,-5.592240504378909,13.13980998626331,1.2073612007604213,2.934959349593496e-10,0.4876308887685544,10286.010486262083,0.028601048626208284
btc_alt_aligned,0,0.0125,0.01,0.015,0.05,60,high_frequency,0.0017085344747185956,0.17085344747185957,0.4789915966386555,119,-0.019768998478714273,-1.9768998478714273,2.4852003901155872,1.0236553321135666,1.0490196078431372e-10,0.031568596653571056,10017.085344747185,0.0017085344747185956
btc_hl_breakout_8m,0,0.015,0.06,0.015,0.15,90,high_frequency,0.004525395432989876,0.45253954329898766,0.2982456140350877,57,-0.06774823172758548,-6.774823172758548,2.69787146058568,1.0303569831022725,1.9385964912280702e-10,0.07207023718450765,10045.253954329899,0.004525395432989876
btc_hl_breakout_3m,0,0.0075,0.05,0.015,0.2,90,high_frequency,0.0022190879331816632,0.22190879331816632,0.3380281690140845,71,-0.0770705598140542,-7.70705598140542,1.6254541281508528,1.0122521978973444,1.2629107981220657e-10,0.028723251700020384,10022.190879331816,0.0022190879331816632
btc_hl_breakout_8m,0,0.0075,0.01,0.0125,0.25,30,high_frequency,0.017120492319836877,1.7120492319836877,0.42574257425742573,101,-0.08262283140951798,-8.262283140951798,6.0314389253426475,1.0638822675513602,8.250825082508251e-11,0.08029392561087911,10171.20492319837,0.017120492319836877
btc_small_down_10m,0,0.0125,0.01,0.02,0.1,20,high_frequency,0.022161933424162145,2.2161933424162146,0.5074626865671642,67,-0.021917928268284537,-2.1917928268284537,22.03946846155786,1.3276035282289305,9.900497512437811e-11,0.33188779609404034,10221.61933424162,0.022161933424162145
btc_hl_breakout_7m,0,0.0075,0.05,0.0125,0.25,90,high_frequency,0.02989505839396511,2.989505839396511,0.32098765432098764,81,-0.1037243427694472,-10.37243427694472,9.2978955980201,1.1123752789396915,1.2469135802469137e-10,0.16461840566031605,10298.950583939652,0.02989505839396511
btc_hl_breakout_7m,0,0.0175,0.02,0.01,0.05,45,high_frequency,0.0005838373526943996,0.05838373526943996,0.42028985507246375,69,-0.024059743161609193,-2.4059743161609193,1.0407771440269624,1.0102602327887973,1.5362318840579711e-10,0.021263049649970712,10005.838373526944,0.0005838373526943996
btc_bullish,0,0.01,0.015,0.0125,0.05,15,high_frequency,0.007195140784708377,0.7195140784708377,0.3904761904761905,105,-0.014269076844475093,-1.4269076844475093,10.118358256670941,1.1212989572822287,1.0841269841269841e-10,0.13960751364880827,10071.951407847084,0.007195140784708377
btc_small_up_10m,0,0.02,0.04,0.003,0.05,10,high_frequency,0.0060941739131897005,0.6094173913189701,0.37254901960784315,51,-0.018349244145302257,-1.8349244145302257,8.79999238795463,1.1333431144896686,1.892156862745098e-10,0.2440595222706884,10060.941739131897,0.0060941739131897005
btc_vol_breakout_2m,0,0.025,0.015,0.003,0.25,15,high_frequency,0.044095083997063876,4.409508399706388,0.6166666666666667,60,-0.05501992925057686,-5.501992925057686,14.4639453076321,1.1946357965962267,1.7694444444444445e-10,0.3059381881796716,10440.95083997064,0.044095083997063876
btc_small_up_9m,0,0.01,0.05,0.0125,0.25,45,high_frequency,0.005054911545037431,0.505491154503743,0.3333333333333333,54,-0.07630422808732651,-7.630422808732651,2.604213909867767,1.029641157600023,1.462962962962963e-10,0.05324551804157232,10050.549115450374,0.005054911545037431
btc_bullish,0,0.03,0.04,0.0075,0.2,5,high_frequency,0.0679063191450693,6.79063191450693,0.45652173913043476,46,-0.05403121775376374,-5.403121775376373,22.671194896354038,1.34748080066676,2.8478260869565215e-10,0.744074191825587,10679.063191450692,0.0679063191450693
btc_vol_breakout_3m,0,0.02,0.03,0.01,0.2,5,high_frequency,-0.004941650915834225,-0.4941650915834225,0.37777777777777777,45,-0.06478940945307077,-6.478940945307077,-1.3240468577595534,0.9710845479997016,2.2e-10,-0.035674309983889096,9950.583490841658,-0.004941650915834225
btc_vol_breakout_2m,0,0.03,0.06,0.01,0.2,10,high_frequency,0.03619485180538088,3.619485180538088,0.4117647058823529,34,-0.06368231068857,-6.368231068857,13.606378952078499,1.2384929310145407,3.75e-10,0.5600932020224458,10361.948518053809,0.03619485180538088
btc_alt_aligned,0,0.025,0.01,0.0125,0.2,10,high_frequency,0.03228234544857264,3.2282345448572642,0.632183908045977,87,-0.07281638505006616,-7.281638505006615,11.358832304635055,1.125703686869591,1.5057471264367818e-10,0.1982863559915617,10322.823454485726,0.03228234544857264
btc_hl_breakout_7m,0,0.01,0.025,0.003,0.25,15,high_frequency,0.03816965043051105,3.816965043051105,0.345679012345679,81,-0.09544619535026411,-9.54461953502641,11.737283891192641,1.140105187906774,1.2263374485596708e-10,0.2032290654507234,10381.69650430511,0.03816965043051105
btc_vol_breakout_10m,0,0.035,0.02,0.02,0.1,45,high_frequency,0.029288158699966562,2.928815869996656,0.6470588235294118,34,-0.01699272453845624,-1.6992724538456239,27.428044971892703,1.5713775221771435,2.495098039215686e-10,0.8592255757011857,10292.881586999665,0.029288158699966562
btc_hl_breakout_9m,0,0.035,0.03,0.005,0.25,90,high_frequency,0.08730356610964063,8.730356610964062,0.55,40,-0.07062610025357385,-7.062610025357385,23.539386343525226,1.405362324166445,3.270833333333333e-10,0.8752884242934623,10873.035661096406,0.08730356610964063
btc_vol_breakout_8m,0,0.005,0.06,0.015,0.05,20,high_frequency,-0.0005609847068927252,-0.05609847068927252,0.3103448275862069,58,-0.0112664253828344,-1.12664253828344,-0.9786284994599854,0.9809467956533439,1.0603448275862069e-10,-0.01699301485359255,9994.390152931073,-0.0005609847068927252
btc_hl_breakout_4m,0,0.02,0.02,0.0075,0.15,20,high_frequency,0.00023843160847502532,0.023843160847502532,0.48333333333333334,60,-0.052065208596546064,-5.206520859654606,0.6706064825709679,1.001583249826672,1.7111111111111113e-10,0.014209169357412699,10002.38431608475,0.00023843160847502532
btc_vol_breakout_3m,0,0.01,0.03,0.0075,0.15,5,high_frequency,0.010664441793785841,1.0664441793785842,0.35294117647058826,68,-0.04605004849177863,-4.605004849177863,6.396827801369691,1.0799291823550918,1.2254901960784314e-10,0.11386824527840748,10106.644417937858,0.010664441793785841
btc_vol_breakout_10m,0,0.02,0.015,0.015,0.25,15,high_frequency,-0.032029207532755254,-3.2029207532755253,0.4583333333333333,48,-0.08794295456834644,-8.794295456834645,-13.048291523825947,0.8254224442551318,1.517361111111111e-10,-0.2574462224168874,9679.707924672448,-0.032029207532755254
btc_small_up_10m,0,0.035,0.015,0.02,0.25,10,high_frequency,0.09715338832451234,9.715338832451234,0.6444444444444445,45,-0.0680383343161225,-6.803833431612249,26.62441607826858,1.5169893211180776,2.359259259259259e-10,0.8551921810395334,10971.533883245123,0.09715338832451234
btc_vol_breakout_9m,0,0.0175,0.015,0.0075,0.1,15,high_frequency,0.0004035644842837883,0.04035644842837883,0.46,50,-0.027582214727081555,-2.7582214727081555,0.6965852790340819,1.0058072316706599,1.4166666666666667e-10,0.014134293241583787,10004.035644842837,0.0004035644842837883
btc_hl_breakout_4m,0,0.03,0.035,0.003,0.1,5,high_frequency,0.026438048713386432,2.6438048713386433,0.4883720930232558,43,-0.02382219467622282,-2.382219467622282,19.621268661382448,1.3163977903013633,3.077519379844961e-10,0.6194580806258833,10264.380487133865,0.026438048713386432
btc_small_down_10m,0,0.0075,0.01,0.0125,0.2,45,high_frequency,0.016079715097288907,1.6079715097288907,0.4074074074074074,81,-0.0458233789306739,-4.58233789306739,8.477212503875029,1.0986597757961845,7.037037037037037e-11,0.10624005264177404,10160.797150972889,0.016079715097288907
btc_hl_breakout_2m,0,0.005,0.03,0.005,0.15,60,high_frequency,-0.015422908624043498,-1.5422908624043499,0.28888888888888886,90,-0.0677283875152691,-6.77283875152691,-8.294379390603986,0.8986963231257552,9.148148148148148e-11,-0.10818588970465447,9845.770913759565,-0.015422908624043498
btc_small_up_9m,0,0.005,0.035,0.0075,0.1,15,high_frequency,0.011394655572730698,1.1394655572730699,0.39344262295081966,61,-0.019744337051221694,-1.9744337051221694,10.802745793562556,1.1910075756792753,1.1010928961748633e-10,0.19104962586921348,10113.946555727307,0.011394655572730698
btc_hl_breakout_4m,0,0.01,0.015,0.015,0.15,45,high_frequency,0.01748709532183077,1.7487095321830772,0.40963855421686746,83,-0.03866371565824778,-3.8663715658247777,9.841790498310466,1.1213249874840847,1.0883534136546185e-10,0.1474029734822252,10174.870953218307,0.01748709532183077
btc_hl_breakout_2m,0,0.005,0.05,0.005,0.05,60,high_frequency,-0.006419218568837448,-0.6419218568837448,0.29069767441860467,86,-0.024542537648285734,-2.4542537648285734,-10.648076573210655,0.8668935068622851,9.864341085271317e-11,-0.14748848010399238,9935.807814311625,-0.006419218568837448
btc_hl_breakout_2m,0,0.025,0.025,0.02,0.15,60,high_frequency,0.021940811080459866,2.1940811080459866,0.47058823529411764,51,-0.04128727334027449,-4.128727334027449,11.58798862267567,1.1555237245030812,2.2483660130718954e-10,0.2989382505502853,10219.4081108046,0.021940811080459866
btc_hl_breakout_4m,0,0.035,0.035,0.0075,0.05,60,high_frequency,0.013930235479716618,1.3930235479716617,0.525,40,-0.012712418549803761,-1.2712418549803761,20.506371884327052,1.3619598919544318,3.3666666666666664e-10,0.6985853854283424,10139.302354797166,0.013930235479716618
btc_hl_breakout_10m,0,0.01,0.05,0.015,0.1,20,high_frequency,0.01258842946659929,1.2588429466599291,0.352112676056338,71,-0.03673081813657819,-3.673081813657819,9.431737713745537,1.1392977672063256,1.3873239436619717e-10,0.18394202711683602,10125.884294665993,0.01258842946659929
btc_hl_breakout_7m,0,0.015,0.03,0.0175,0.2,90,high_frequency,0.031201896894723247,3.1201896894723244,0.39705882352941174,68,-0.07473039806845916,-7.473039806845916,11.486957535496659,1.1388782087632237,1.622549019607843e-10,0.2443015584464627,10312.018968947232,0.031201896894723247
btc_hl_breakout_2m,0,0.005,0.045,0.0175,0.25,10,high_frequency,-0.030716032170993914,-3.0716032170993914,0.3023255813953488,86,-0.11828541351814592,-11.828541351814593,-9.638131847942102,0.8758312041382083,9.864341085271317e-11,-0.13322650321454765,9692.83967829006,-0.030716032170993914
btc_hl_breakout_9m,0,0.03,0.025,0.02,0.2,45,high_frequency,0.03942488036746249,3.942488036746249,0.5111111111111111,45,-0.07787075673128063,-7.787075673128063,14.334589032092062,1.2090193054476615,2.777777777777778e-10,0.4559445736126124,10394.248803674625,0.03942488036746249
btc_small_down_10m,0,0.0175,0.035,0.003,0.1,20,high_frequency,0.007449072476317883,0.7449072476317883,0.4375,48,-0.028193705372581368,-2.819370537258137,6.382855383366902,1.098271152499176,2.0277777777777777e-10,0.16305230970716972,10074.490724763178,0.007449072476317883
btc_hl_breakout_1m,0,0.03,0.01,0.015,0.25,10,high_frequency,0.007827291816113439,0.7827291816113439,0.65,60,-0.09219869919366963,-9.219869919366964,3.4057058956498256,1.0330856015217686,1.736111111111111e-10,0.07106955808527095,10078.272918161134,0.007827291816113439
btc_hl_breakout_5m,0,0.025,0.04,0.02,0.2,45,high_frequency,0.0273922122177298,2.7392212217729797,0.3958333333333333,48,-0.06561607657648949,-6.561607657648949,10.838471258128084,1.1412251866227685,2.4965277777777777e-10,0.30412044310943415,10273.922122177299,0.0273922122177298
btc_vol_breakout_9m,0,0.02,0.035,0.003,0.2,30,high_frequency,0.005507407624504321,0.5507407624504321,0.35,40,-0.05807924209174553,-5.807924209174553,3.25269492159257,1.038936102663037,2.0666666666666668e-10,0.0861753494191365,10055.074076245044,0.005507407624504321
btc_small_down_10m,0,0.02,0.03,0.01,0.1,30,high_frequency,0.008948062358333812,0.8948062358333811,0.40425531914893614,47,-0.022428124129451943,-2.2428124129451943,7.678492216989265,1.113255656559025,1.9716312056737589e-10,0.19855808958638113,10089.480623583338,0.008948062358333812
btc_vol_breakout_9m,0,0.01,0.01,0.0175,0.2,60,high_frequency,0.01865169761057764,1.8651697610577638,0.49206349206349204,63,-0.02792193150247524,-2.792193150247524,10.79418270223039,1.1678917289687272,8.888888888888889e-11,0.1543108623088906,10186.516976105777,0.01865169761057764
btc_hl_breakout_6m,0,0.03,0.01,0.01,0.1,30,high_frequency,0.002025941830418469,0.2025941830418469,0.6721311475409836,61,-0.038462508834280484,-3.8462508834280484,2.004582362902761,1.0226688713846648,1.6830601092896177e-10,0.04031919542241363,10020.259418304184,0.002025941830418469
btc_vol_breakout_10m,0,0.02,0.05,0.02,0.2,45,high_frequency,-0.031482894432692,-3.1482894432691997,0.2222222222222222,36,-0.07986114474665684,-7.986114474665684,-15.375301712373014,0.7639789008022552,2.1574074074074074e-10,-0.42874086806633177,9685.17105567308,-0.031482894432692
btc_small_down_10m,0,0.03,0.04,0.0125,0.05,45,high_frequency,0.00784576779083531,0.7845767790835311,0.45714285714285713,35,-0.011728883264935819,-1.1728883264935819,12.498696031205899,1.236243810939689,3.057142857142857e-10,0.45300328010778035,10078.457677908353,0.00784576779083531
btc_hl_breakout_5m,0,0.02,0.04,0.015,0.25,10,high_frequency,-0.03277154431520275,-3.2771544315202754,0.3269230769230769,52,-0.12202391909878241,-12.20239190987824,-9.623822455375556,0.8698343815311029,2.1987179487179486e-10,-0.23405241143756986,9672.284556847972,-0.03277154431520275
btc_hl_breakout_8m,0,0.01,0.035,0.0175,0.1,30,high_frequency,0.013648653537721328,1.3648653537721327,0.3333333333333333,75,-0.0366485839139582,-3.66485839139582,10.20595937835919,1.1383815542222728,1.32e-10,0.18863615946816537,10136.486535377213,0.013648653537721328
btc_vol_breakout_10m,0,0.03,0.04,0.0175,0.05,30,high_frequency,0.013081627622763187,1.3081627622763188,0.46875,32,-0.011003612618119551,-1.1003612618119551,23.652603268611067,1.4712083404235898,2.890625e-10,0.8187926046697398,10130.816276227632,0.013081627622763187
btc_vol_breakout_10m,0,0.0125,0.045,0.003,0.1,10,high_frequency,0.014552756092101436,1.4552756092101435,0.375,40,-0.017860941504939554,-1.7860941504939554,14.708264928234673,1.263676130295793,1.6583333333333333e-10,0.36923205985582247,10145.527560921015,0.014552756092101436
btc_vol_breakout_2m,0,0.0075,0.045,0.0175,0.25,20,high_frequency,-0.01374838184411442,-1.374838184411442,0.345679012345679,81,-0.08133417421803057,-8.133417421803058,-3.7686314607077613,0.9410277703520772,1.1666666666666668e-10,-0.056241709845951914,9862.516181558856,-0.01374838184411442
btc_alt_aligned,0,0.025,0.05,0.0075,0.2,60,high_frequency,0.03720851756855534,3.720851756855534,0.35294117647058826,51,-0.07211703919612655,-7.211703919612655,12.679396878195492,1.168824701102386,2.718954248366013e-10,0.3886967767807529,10372.085175685554,0.03720851756855534
btc_alt_aligned,0,0.015,0.06,0.01,0.25,45,high_frequency,0.039157924826110864,3.9157924826110864,0.3088235294117647,68,-0.09433379896998872,-9.433379896998872,11.039117656376423,1.1395345623560786,1.9901960784313725e-10,0.25415355331827505,10391.579248261109,0.039157924826110864
btc_vol_breakout_2m,0,0.025,0.035,0.0125,0.3,720,random,0.04852843656907776,4.852843656907776,0.4375,48,-0.07927754751399019,-7.927754751399019,13.197595893096771,1.1745890677535917,2.513888888888889e-10,0.3603154720565009,10485.284365690777,0.04852843656907776
btc_small_up_10m,0,0.015,0.045,0.05,0.2,30,random,0.028218752819065867,2.821875281906587,0.3584905660377358,53,-0.057453504949054435,-5.745350494905443,11.109949617576929,1.1707937695726365,1.6163522012578615e-10,0.2817046028533854,10282.187528190658,0.028218752819065867
btc_vol_breakout_8m,0,0.06,0.06,0.02,0.3,5,random,0.02502502245220239,2.502502245220239,0.4,20,-0.08110500737249238,-8.110500737249238,7.891237596736803,1.1313706910223786,5.941666666666666e-10,0.4913843227228492,10250.250224522024,0.02502502245220239
btc_hl_breakout_5m,0,0.06,0.25,0.04,0.2,15,random,0.07027685421952401,7.027685421952401,0.4666666666666667,15,-0.08100717427453152,-8.100717427453151,22.046751045284914,1.6277217911229374,9.655555555555555e-10,2.4086942745372144,10702.768542195241,0.07027685421952401
btc_hl_breakout_4m,0,0.01,0.25,0.035,0.15,480,random,0.0244577939339619,2.4457793933961898,0.3333333333333333,57,-0.044218679660438354,-4.421867966043836,12.843984960095275,1.219969993879958,1.8538011695906432e-10,0.2958216501169198,10244.577939339619,0.0244577939339619
btc_hl_breakout_10m,0,0.015,0.02,0.03,0.4,60,random,0.0716741490943517,7.16741490943517,0.4507042253521127,71,-0.1137065379219474,-11.37065379219474,13.8938503899565,1.1544529757067852,1.443661971830986e-10,0.27744589550141463,10716.741490943517,0.0716741490943517
btc_hl_breakout_1m,0,0.005,0.045,0.03,0.1,45,random,-0.006970843417048423,-0.6970843417048422,0.3333333333333333,87,-0.042049253011721355,-4.2049253011721355,-5.617735615162322,0.9227314334671117,1.003831417624521e-10,-0.0759415746575083,9930.291565829515,-0.006970843417048423
btc_hl_breakout_9m,0,0.03,0.25,0.015,0.1,20,random,0.0263788157439026,2.63788157439026,0.2962962962962963,27,-0.04229547520693966,-4.229547520693966,17.34234436673462,1.3623912302675398,4.987654320987655e-10,1.0070525831700148,10263.788157439027,0.0263788157439026
btc_hl_breakout_4m,0,0.0075,0.015,0.0075,0.2,60,random,-0.010391379617255211,-1.0391379617255212,0.3563218390804598,87,-0.07732598526984136,-7.732598526984136,-3.541560843399231,0.9493294922409203,9.808429118773946e-11,-0.05015786214259344,9896.086203827448,-0.010391379617255211
btc_small_down_10m,0,0.015,0.3,0.04,0.3,30,random,0.07132991850444842,7.132991850444842,0.3333333333333333,42,-0.09049834661292044,-9.049834661292044,19.74644077314672,1.4201724936783784,2.5674603174603177e-10,0.5930736920565483,10713.299185044485,0.07132991850444842
btc_hl_breakout_8m,0,0.035,0.1,0.0075,0.2,30,random,0.051094879109309134,5.1094879109309135,0.3448275862068966,29,-0.07005044861076726,-7.005044861076726,17.218366808379834,1.3308688846624037,4.741379310344828e-10,0.9123516791920113,10510.948791093091,0.051094879109309134
btc_small_down_10m,0,0.035,0.1,0.025,0.05,1440,random,0.011133745016656099,1.1133745016656098,0.36,25,-0.015523415642400118,-1.5523415642400118,16.106938370033394,1.4201260524668302,4.979999999999999e-10,0.897996868067871,10111.33745016656,0.011133745016656099
btc_hl_breakout_10m,0,0.0125,0.25,0.005,0.2,45,random,0.0444331927658553,4.44331927658553,0.3673469387755102,49,-0.07380770328296138,-7.380770328296138,15.707498971216696,1.287909276955772,2.1904761904761904e-10,0.4720390744236945,10444.331927658553,0.0444331927658553
btc_alt_aligned,0,0.03,0.05,0.03,0.3,10,random,0.0752105959067519,7.52105959067519,0.38636363636363635,44,-0.09169406799857382,-9.169406799857382,16.92666231130582,1.2289757547998408,3.1818181818181816e-10,0.603553981300656,10752.10595906752,0.0752105959067519
btc_hl_breakout_7m,0,0.0125,0.03,0.0075,0.5,720,random,0.10475780104867417,10.475780104867418,0.38028169014084506,71,-0.16820891704293928,-16.820891704293928,16.01475924149893,1.1759558145978941,1.539906103286385e-10,0.32292988288803387,11047.57801048674,0.10475780104867417
btc_vol_breakout_9m,0,0.035,0.03,0.003,0.4,45,random,0.12534567782720415,12.534567782720416,0.5483870967741935,31,-0.08213414200264046,-8.213414200264047,27.760766325070456,1.5176432479571547,3.462365591397849e-10,0.9995118575717162,11253.45677827204,0.12534567782720415
btc_hl_breakout_6m,0,0.1,0.035,0.02,0.1,360,random,0.023447598403711186,2.3447598403711187,0.6956521739130435,23,-0.036254335386806336,-3.6254335386806336,15.968534373822951,1.3477727368383106,6.130434782608695e-10,1.0358767334279018,10234.475984037112,0.023447598403711186
btc_small_up_9m,0,0.04,0.1,0.0175,0.5,30,random,0.16109295895858095,16.109295895858093,0.4090909090909091,22,-0.14414292038592003,-14.414292038592002,24.374079332536613,1.5189431497341563,5.204545454545454e-10,1.5038567515835861,11610.929589585809,0.16109295895858095
btc_hl_breakout_6m,0,0.08,0.3,0.02,0.4,30,random,0.11830612313300466,11.830612313300467,0.4444444444444444,9,-0.12719655523650653,-12.719655523650653,19.116078337295168,1.6462642241307306,1.6037037037037038e-09,3.5872833105067663,11183.061231330046,0.11830612313300466
btc_vol_breakout_2m,0,0.015,0.15,0.02,0.1,720,random,0.010804928692963414,1.0804928692963414,0.30612244897959184,49,-0.035991726658800016,-3.5991726658800016,8.286947026575078,1.1448263494338786,2.238095238095238e-10,0.23203708718690547,10108.049286929634,0.010804928692963414
btc_small_up_9m,0,0.025,0.035,0.003,0.05,180,random,0.006170425790359241,0.6170425790359241,0.40476190476190477,42,-0.01359182106849166,-1.359182106849166,10.203819164184614,1.1658902377118854,2.4325396825396826e-10,0.29829760546506956,10061.704257903591,0.006170425790359241
btc_small_up_9m,0,0.025,0.08,0.04,0.3,360,random,0.014035333131328298,1.4035333131328298,0.29411764705882354,34,-0.10443902359064194,-10.443902359064195,4.74219861506746,1.0619247587702183,3.181372549019608e-10,0.1888626888963213,10140.353331313283,0.014035333131328298
btc_hl_breakout_10m,0,0.02,0.045,0.005,0.05,20,random,-9.163365194272047e-05,-0.009163365194272046,0.36,50,-0.02432304553814002,-2.432304553814002,0.0762838092735406,0.9980852910642793,2.2466666666666667e-10,0.0021272164676122488,9999.083663480573,-9.163365194272047e-05
btc_alt_aligned,0,0.05,0.04,0.005,0.15,10,random,0.04453967822157822,4.453967822157822,0.5277777777777778,36,-0.04973397068382368,-4.9733970683823685,19.369853798886957,1.3264157393231406,3.949074074074074e-10,0.838738349551316,10445.396782215783,0.04453967822157822
btc_small_up_9m,0,0.01,0.04,0.035,0.1,240,random,0.007196570677709542,0.7196570677709543,0.35185185185185186,54,-0.025754483460869282,-2.575448346086928,6.766481473292182,1.1106819693481667,1.4166666666666667e-10,0.13924481173317801,10071.965706777095,0.007196570677709542
btc_vol_breakout_3m,0,0.0125,0.04,0.0075,0.05,5,random,0.010477930420917533,1.0477930420917534,0.41818181818181815,55,-0.014698281101103383,-1.4698281101103383,16.85422219494998,1.2748603034987789,1.6757575757575757e-10,0.3834510008836393,10104.779304209176,0.010477930420917533
btc_hl_breakout_2m,0,0.02,0.05,0.05,0.4,45,random,-0.014539178645096445,-1.4539178645096444,0.3191489361702128,47,-0.16089868766589321,-16.089868766589323,-1.3800741311843576,0.9606236345585751,2.4397163120567376e-10,-0.034182430224466466,9854.608213549036,-0.014539178645096445
btc_vol_breakout_9m,0,0.0075,0.3,0.04,0.3,5,random,-0.0020802381808147402,-0.20802381808147402,0.2978723404255319,47,-0.05677473473720218,-5.677473473720218,0.1995987959774849,0.9869864054976696,1.4361702127659575e-10,-0.0010675362604593416,9979.197618191853,-0.0020802381808147402
btc_hl_breakout_3m,0,0.01,0.035,0.01,0.25,720,random,0.033769472266503724,3.376947226650372,0.3888888888888889,72,-0.07957773799340417,-7.957773799340417,11.629316708801285,1.1434046264819977,1.3865740740740741e-10,0.20083669912200772,10337.694722665037,0.033769472266503724
btc_vol_breakout_3m,0,0.01,0.25,0.005,0.15,30,random,0.0016866225878982277,0.16866225878982277,0.30357142857142855,56,-0.05603488651117117,-5.603488651117116,1.4445900716524327,1.014432642384196,1.5892857142857145e-10,0.03269973978961301,10016.866225878983,0.0016866225878982277
btc_hl_breakout_8m,0,0.02,0.25,0.035,0.3,360,random,-0.018063872928080493,-1.8063872928080493,0.20512820512820512,39,-0.15218365889920604,-15.218365889920605,-2.8783326826264517,0.9303496074174922,3.051282051282051e-10,-0.09973687062032961,9819.361270719195,-0.018063872928080493
btc_small_down_10m,0,0.01,0.12,0.005,0.2,360,random,-0.011083433209633654,-1.1083433209633655,0.2857142857142857,63,-0.08688936208339249,-8.688936208339248,-3.4111382610318777,0.9390794263824703,1.4841269841269843e-10,-0.0735209844131365,9889.165667903664,-0.011083433209633654
btc_hl_breakout_5m,0,0.06,0.035,0.03,0.5,15,random,0.11795429903503654,11.795429903503655,0.6129032258064516,31,-0.17870492533369897,-17.870492533369898,16.963680457409904,1.250798314229406,4.3870967741935484e-10,0.8206608305112766,11179.542990350365,0.11795429903503654
btc_vol_breakout_2m,0,0.04,0.08,0.0075,0.05,20,random,0.01189519418149888,1.189519418149888,0.35714285714285715,28,-0.017775532100744784,-1.7775532100744784,17.17408320111157,1.359817252262422,4.714285714285715e-10,0.8568263014399151,10118.951941814988,0.01189519418149888
btc_hl_breakout_2m,0,0.025,0.15,0.025,0.05,15,random,0.008443656536746875,0.8443656536746875,0.30303030303030304,33,-0.01658258640937471,-1.658258640937471,12.248846112172197,1.2530627269775385,3.803030303030303e-10,0.5204374006476483,10084.436565367469,0.008443656536746875
btc_hl_breakout_9m,0,0.005,0.02,0.005,0.2,20,random,0.0075554965175470895,0.7555496517547089,0.3173076923076923,104,-0.08704816605061394,-8.704816605061394,3.591089383538984,1.0348804707483437,8.076923076923076e-11,0.04655075853524801,10075.55496517547,0.0075554965175470895
btc_hl_breakout_6m,0,0.02,0.01,0.01,0.1,180,random,-0.029022851844244177,-2.9022851844244175,0.5342465753424658,73,-0.0532464493151783,-5.32464493151783,-24.172584834200848,0.7401160409155076,1.3356164383561643e-10,-0.3979120933005094,9709.771481557558,-0.029022851844244177
btc_vol_breakout_8m,0,0.02,0.12,0.005,0.05,720,random,0.0040859843547590745,0.40859843547590746,0.2647058823529412,34,-0.017081343971242835,-1.7081343971242835,7.409519626452013,1.133248015145419,2.6911764705882354e-10,0.24676330867315177,10040.85984354759,0.0040859843547590745
btc_hl_breakout_9m,0,0.005,0.025,0.01,0.4,720,random,0.0349794001750111,3.4979400175011097,0.31,100,-0.16161514655841447,-16.161514655841447,7.967463740232381,1.0792010888787398,8.533333333333334e-11,0.10740012213039918,10349.794001750111,0.0349794001750111
btc_hl_breakout_7m,0,0.04,0.025,0.003,0.2,1440,random,0.06620491346731258,6.620491346731258,0.5952380952380952,42,-0.05601294892767017,-5.601294892767017,22.49850529914667,1.3875566171190168,3.123015873015873e-10,0.791845433965598,10662.049134673125,0.06620491346731258
btc_hl_breakout_2m,0,0.0125,0.15,0.003,0.05,45,random,0.016509898477874724,1.6509898477874725,0.38,50,-0.015162511973360271,-1.516251197336027,24.45937969497159,1.4793848371242753,2.2533333333333333e-10,0.6624870803090277,10165.098984778748,0.016509898477874724
btc_small_down_10m,0,0.06,0.25,0.04,0.5,120,random,0.15518960885944888,15.518960885944889,0.4666666666666667,15,-0.18200652382992033,-18.200652382992033,20.735197078856714,1.5374455789430168,9.411111111111112e-10,2.2357319228152215,11551.896088594489,0.15518960885944888
btc_hl_breakout_3m,0,0.02,0.25,0.015,0.2,720,random,-0.014592602339788664,-1.4592602339788663,0.2631578947368421,38,-0.09532783358851082,-9.532783358851082,-4.867226797467283,0.9046866768990784,3.0526315789473684e-10,-0.15908967361911017,9854.073976602114,-0.014592602339788664
btc_small_down_10m,0,0.025,0.025,0.025,0.3,120,random,0.05728851879032386,5.728851879032386,0.5106382978723404,47,-0.07678642334371055,-7.678642334371055,16.05838459211245,1.2314896922573635,1.9397163120567375e-10,0.42327385076632834,10572.885187903239,0.05728851879032386
btc_hl_breakout_6m,0,0.0175,0.3,0.02,0.5,45,random,-0.12504546991549778,-12.504546991549779,0.20454545454545456,44,-0.26763906061011655,-26.763906061011657,-18.66736127411634,0.7032997944389513,2.6969696969696973e-10,-0.5458412529456397,8749.545300845022,-0.12504546991549778
btc_hl_breakout_9m,0,0.03,0.15,0.03,0.2,120,random,0.04404935145047582,4.404935145047582,0.3,30,-0.08102937260260001,-8.102937260260001,15.144893197294602,1.2791820636010791,4.472222222222222e-10,0.7769343151386019,10440.493514504758,0.04404935145047582
btc_vol_breakout_2m,0,0.1,0.3,0.04,0.5,720,random,0.1611837394078566,16.11837394078566,0.3333333333333333,9,-0.16898893906769608,-16.898893906769608,20.672226273435815,1.556152227377128,1.6148148148148147e-09,4.146049046620496,11611.837394078566,0.1611837394078566
btc_hl_breakout_6m,0,0.0125,0.15,0.02,0.2,15,random,0.02527690814376954,2.527690814376954,0.3392857142857143,56,-0.07843366857189027,-7.843366857189027,9.411724206831863,1.137855339378601,1.9732142857142856e-10,0.2495666455265562,10252.769081437695,0.02527690814376954
btc_hl_breakout_2m,0,0.1,0.1,0.0075,0.05,15,random,0.018811891965847365,1.8811891965847365,0.5,14,-0.017106716038052805,-1.7106716038052805,24.687158552601623,1.8026344042329523,9.976190476190475e-10,2.690720390018062,10188.118919658473,0.018811891965847365
btc_hl_breakout_1m,0,0.02,0.2,0.0075,0.5,10,random,-0.05570227556772952,-5.570227556772952,0.23684210526315788,38,-0.2346463082381165,-23.46463082381165,-7.121728710303616,0.8613538129520706,3.030701754385965e-10,-0.23193870611702885,9442.977244322705,-0.05570227556772952
btc_hl_breakout_7m,0,0.0125,0.3,0.02,0.15,20,random,0.026219598464124805,2.6219598464124805,0.32075471698113206,53,-0.06038211337039501,-6.038211337039501,12.234986077637398,1.2028734468648428,2.1320754716981133e-10,0.3461609256273897,10262.195984641248,0.026219598464124805
btc_vol_breakout_9m,0,0.03,0.04,0.04,0.25,120,random,0.0636652442663149,6.366524426631489,0.46875,32,-0.05409253564589844,-5.409253564589845,23.032393390343316,1.4294349152681658,3.1510416666666664e-10,0.800280531507506,10636.65244266315,0.0636652442663149
btc_small_down_10m,0,0.035,0.05,0.0125,0.15,120,random,0.019497884203349396,1.9497884203349396,0.39285714285714285,28,-0.03922285303697626,-3.9222853036976257,10.294949831821283,1.2244510838138214,4.1904761904761905e-10,0.4842353706394743,10194.978842033493,0.019497884203349396
btc_hl_breakout_10m,0,0.015,0.25,0.003,0.5,120,random,0.05284087173356429,5.284087173356429,0.3404255319148936,47,-0.1783900568458331,-17.83900568458331,9.12534517646723,1.1228426847165434,2.4113475177304964e-10,0.2959150694145153,10528.408717335642,0.05284087173356429
btc_small_up_9m,0,0.02,0.03,0.0075,0.4,1440,random,0.03342110744190432,3.342110744190432,0.3829787234042553,47,-0.09562981679658988,-9.56298167965899,8.307236931614387,1.1030077734709793,1.975177304964539e-10,0.20867976234050875,10334.211074419043,0.03342110744190432
btc_vol_breakout_10m,0,0.0175,0.05,0.0075,0.05,480,random,-0.00572488742171696,-0.572488742171696,0.2631578947368421,38,-0.017664677014577523,-1.7664677014577523,-11.98105011851562,0.8170677003114087,1.956140350877193e-10,-0.2987829303840215,9942.75112578283,-0.00572488742171696
btc_alt_aligned,0,0.02,0.1,0.035,0.15,15,random,0.02598844321546194,2.598844321546194,0.3,50,-0.05596707336143125,-5.596707336143125,11.577107949585626,1.189888329723838,2.7866666666666663e-10,0.3659277857733596,10259.88443215462,0.02598844321546194
btc_hl_breakout_4m,0,0.015,0.1,0.035,0.3,45,random,0.05744170713908002,5.744170713908002,0.3617021276595745,47,-0.08093360147559248,-8.093360147559247,14.965975902475119,1.2479713418854566,2.4326241134751773e-10,0.43293640641408504,10574.4170713908,0.05744170713908002
btc_hl_breakout_5m,0,0.0175,0.08,0.05,0.05,90,random,-0.003851711058180041,-0.38517110581800407,0.25,48,-0.026032192990184444,-2.6032192990184444,-5.612534885061487,0.9147990375028742,2.4618055555555555e-10,-0.15468311057484735,9961.4828894182,-0.003851711058180041
btc_small_up_9m,0,0.025,0.015,0.0125,0.05,10,random,0.004932121072403578,0.4932121072403578,0.54,50,-0.012589139343261557,-1.2589139343261557,8.613170197351556,1.129444920911094,1.8366666666666665e-10,0.20094946883697154,10049.321210724036,0.004932121072403578
btc_vol_breakout_3m,0,0.05,0.01,0.0175,0.2,20,random,0.027768844609516622,2.776884460951662,0.7551020408163265,49,-0.05368213649440634,-5.368213649440634,11.286657694696075,1.1752202283360076,2.282312925170068e-10,0.2993884188303733,10277.688446095166,0.027768844609516622
btc_vol_breakout_9m,0,0.025,0.08,0.01,0.5,60,random,0.11356189282453415,11.356189282453414,0.3448275862068966,29,-0.12312597127760538,-12.312597127760538,20.070176838445658,1.3886148427456124,3.293103448275862e-10,0.818813367242872,11135.618928245342,0.11356189282453415
btc_vol_breakout_2m,0,0.025,0.03,0.0075,0.1,60,random,0.01779221711471298,1.779221711471298,0.47058823529411764,51,-0.024162409825096764,-2.4162409825096764,13.85628337365679,1.1968257077879578,2.34640522875817e-10,0.3557483387132002,10177.92217114713,0.01779221711471298
btc_hl_breakout_9m,0,0.0175,0.1,0.05,0.05,1440,random,-0.00011008176863534231,-0.011008176863534232,0.25,48,-0.027370224501015006,-2.7370224501015006,0.06423143740375452,0.9975890979464983,2.420138888888889e-10,0.002789117513938044,9998.899182313646,-0.00011008176863534231
btc_bullish,0,0.08,0.2,0.025,0.2,20,random,0.0645439760111925,6.45439760111925,0.36363636363636365,11,-0.06404790462823018,-6.4047904628230174,20.773314826152674,1.7122628861227125,1.3075757575757575e-09,3.0257666377942103,10645.439760111925,0.0645439760111925
btc_hl_breakout_5m,0,0.04,0.03,0.003,0.25,60,random,0.05685105746629829,5.685105746629829,0.5714285714285714,42,-0.06776122713262234,-6.776122713262234,17.418551024526632,1.2594547752989886,3.130952380952381e-10,0.5570827770326143,10568.510574662983,0.05685105746629829
btc_small_up_10m,0,0.04,0.04,0.02,0.2,360,random,0.08029781366268057,8.029781366268057,0.5294117647058824,34,-0.05663829123720898,-5.663829123720898,27.03401251234764,1.5140934986184993,3.4117647058823527e-10,1.1757805468226772,10802.978136626805,0.08029781366268057
btc_vol_breakout_3m,0,0.01,0.15,0.02,0.5,240,random,-0.0026925306934877883,-0.26925306934877885,0.2982456140350877,57,-0.17617010153675772,-17.61701015367577,1.4182944170923297,0.9934310632337563,1.5584795321637425e-10,0.03235251520806266,9973.074693065122,-0.0026925306934877883
btc_hl_breakout_6m,0,0.0175,0.06,0.003,0.15,15,random,-0.03643612668805213,-3.643612668805213,0.22,50,-0.08642743986172885,-8.642743986172885,-18.631093162894096,0.7503898301731161,2.32e-10,-0.4779025923611086,9635.638733119478,-0.03643612668805213
btc_small_up_9m,0,0.005,0.05,0.015,0.05,10,random,0.003043271983352355,0.3043271983352355,0.36065573770491804,61,-0.012629562388510984,-1.2629562388510984,5.623830205211925,1.0993898611517516,1.133879781420765e-10,0.10226583166855478,10030.432719833523,0.003043271983352355
btc_hl_breakout_7m,0,0.08,0.04,0.025,0.2,720,random,0.057775087381995334,5.777508738199534,0.6521739130434783,23,-0.06518239141725779,-6.518239141725779,19.32373049936616,1.4253461605060727,6.043478260869565e-10,1.277484479978165,10577.750873819954,0.057775087381995334
btc_hl_breakout_10m,0,0.015,0.01,0.0125,0.15,360,random,0.009549755433911355,0.9549755433911354,0.5301204819277109,83,-0.048467260601941176,-4.846726060194118,5.158024586900794,1.0582932683464743,1.144578313253012e-10,0.08653331200533043,10095.497554339114,0.009549755433911355
btc_vol_breakout_8m,0,0.0075,0.15,0.03,0.3,90,random,0.0004152363141423848,0.041523631414238475,0.2916666666666667,48,-0.05515951691047716,-5.515951691047716,1.0290167898346334,1.0024928464305256,1.4409722222222224e-10,0.01750987654687864,10004.152363141424,0.0004152363141423848
btc_small_down_10m,0,0.015,0.3,0.003,0.1,240,random,0.024521372694068417,2.4521372694068417,0.3333333333333333,42,-0.031052005651478698,-3.10520056514787,19.93100694796919,1.4676579607984725,2.5674603174603177e-10,0.5930736920565487,10245.213726940685,0.024521372694068417
btc_vol_breakout_3m,0,0.03,0.045,0.025,0.15,120,random,0.022035957571129597,2.20359575711296,0.4594594594594595,37,-0.051896498936706004,-5.1896498936706,11.365598947436013,1.187582733297979,3.2837837837837835e-10,0.4128868767411171,10220.359575711296,0.022035957571129597
btc_vol_breakout_8m,0,0.06,0.05,0.015,0.3,360,random,0.03666496230504417,3.6664962305044173,0.4782608695652174,23,-0.08110500737249415,-8.110500737249415,10.945266955834391,1.1819392886868938,5.36231884057971e-10,0.5916365100534601,10366.649623050442,0.03666496230504417
btc_small_down_10m,0,0.03,0.035,0.005,0.15,240,random,0.03495804508865076,3.495804508865076,0.5135135135135135,37,-0.028247033652217923,-2.8247033652217923,18.68362036990956,1.3434488746041007,2.900900900900901e-10,0.6365300046386518,10349.580450886508,0.03495804508865076
btc_hl_breakout_3m,0,0.02,0.15,0.0125,0.1,480,random,-0.0050834958150698635,-0.5083495815069864,0.2631578947368421,38,-0.044933180998311895,-4.493318099831189,-3.5575525550015157,0.9324920299084378,3.0263157894736844e-10,-0.11968561459269429,9949.1650418493,-0.0050834958150698635
btc_vol_breakout_9m,0,0.08,0.01,0.025,0.05,240,random,0.003748141352873131,0.3748141352873131,0.8108108108108109,37,-0.013916754690495803,-1.3916754690495803,7.171176346373104,1.1332568798187237,2.6441441441441443e-10,0.20773202258271944,10037.48141352873,0.003748141352873131
btc_vol_breakout_10m,0,0.01,0.25,0.015,0.4,240,random,-0.008540078838452427,-0.8540078838452427,0.24444444444444444,45,-0.08972818746209743,-8.972818746209743,-0.8621425751031243,0.96215398105522,1.5333333333333332e-10,-0.022303354514936903,9914.599211615476,-0.008540078838452427
btc_small_up_10m,0,0.025,0.04,0.0075,0.4,720,random,0.0691706775473388,6.91706775473388,0.4,45,-0.13730305251598263,-13.730305251598264,13.481469759697168,1.1796491221648162,2.2592592592592593e-10,0.42278300901567945,10691.706775473387,0.0691706775473388
btc_bullish,0,0.06,0.03,0.0075,0.5,60,random,0.14562735742843388,14.562735742843389,0.625,32,-0.1528024694255934,-15.280246942559339,20.19254348042591,1.3298600840464745,4.25e-10,0.9412972702423427,11456.27357428434,0.14562735742843388
btc_bullish,0,0.03,0.3,0.015,0.1,120,random,0.03034152334669377,3.034152334669377,0.37037037037037035,27,-0.027851389449984776,-2.7851389449984776,19.291274193693443,1.5065175968491953,5.08641975308642e-10,1.137467140473373,10303.415233466938,0.03034152334669377
btc_hl_breakout_10m,0,0.0125,0.035,0.05,0.3,120,random,0.07181672358160508,7.181672358160508,0.4090909090909091,66,-0.09645453375839463,-9.645453375839462,17.677859698082255,1.2303054074636255,1.5631313131313132e-10,0.3785126417027086,10718.16723581605,0.07181672358160508
btc_hl_breakout_6m,0,0.0075,0.08,0.0075,0.1,30,random,-0.0010629192905371382,-0.10629192905371382,0.2631578947368421,76,-0.04960181785075657,-4.960181785075656,-0.3216464716726451,0.9895755164849916,1.3070175438596492e-10,-0.005773593508432579,9989.370807094629,-0.0010629192905371382
btc_vol_breakout_3m,0,0.0175,0.035,0.02,0.4,120,random,0.00470308519557866,0.470308519557866,0.3877551020408163,49,-0.10399656759326659,-10.399656759326659,2.3982578714011487,1.0130959882976818,2.051020408163265e-10,0.06040679344480962,10047.030851955788,0.00470308519557866
btc_small_up_9m,0,0.025,0.2,0.05,0.15,360,random,0.013621340651170386,1.3621340651170386,0.26666666666666666,30,-0.05327951665795794,-5.327951665795794,7.4439106896330935,1.1360670403359387,3.6166666666666666e-10,0.34226429131651553,10136.213406511704,0.013621340651170386
btc_vol_breakout_2m,0,0.005,0.12,0.0075,0.2,30,random,-0.005266652633484409,-0.5266652633484409,0.3333333333333333,87,-0.06722252671044981,-6.7222526710449815,-1.4132956830811505,0.9712210890048496,1.0402298850574712e-10,-0.019813434137094486,9947.333473665156,-0.005266652633484409
btc_hl_breakout_2m,0,0.05,0.035,0.0075,0.1,60,random,0.022612734387606873,2.2612734387606874,0.5882352941176471,34,-0.030124537129117,-3.0124537129117,16.90885617095372,1.2875337919800878,3.965686274509804e-10,0.6743008102254286,10226.127343876069,0.022612734387606873
btc_hl_breakout_8m,0,0.05,0.015,0.0175,0.2,720,random,0.028850961250410593,2.885096125041059,0.6666666666666666,45,-0.07118783431941511,-7.118783431941511,10.561626389820903,1.15453194596946,2.67037037037037e-10,0.3445644414058002,10288.509612504105,0.028850961250410593
btc_small_down_10m,0,0.08,0.025,0.003,0.5,720,random,0.14749325083265666,14.749325083265665,0.7407407407407407,27,-0.13769973018548465,-13.769973018548464,21.262065066836655,1.4221169701523042,4.1604938271604936e-10,1.1162497644245422,11474.932508326567,0.14749325083265666
btc_alt_aligned,0,0.03,0.2,0.0075,0.1,180,random,0.030876383744552083,3.0876383744552083,0.3225806451612903,31,-0.03248222372221965,-3.248222372221965,19.49684848929696,1.3800490858362449,4.6129032258064515e-10,1.0193043758534417,10308.76383744552,0.030876383744552083
btc_vol_breakout_2m,0,0.015,0.25,0.02,0.1,20,random,0.007551181231003329,0.7551181231003329,0.3125,48,-0.03599172665880079,-3.5991726658800793,5.865985549013325,1.1047864525960684,2.3020833333333333e-10,0.1706282631860314,10075.511812310033,0.007551181231003329
btc_hl_breakout_2m,0,0.05,0.01,0.05,0.4,120,random,0.05715576830903169,5.715576830903169,0.75,48,-0.11173475077529926,-11.173475077529925,12.089534772213012,1.1730182527790924,2.5416666666666667e-10,0.33175223899487083,10571.557683090317,0.05715576830903169
btc_hl_breakout_1m,0,0.06,0.2,0.0175,0.3,20,random,0.11203711168218851,11.20371116821885,0.4666666666666667,15,-0.09355612854696504,-9.355612854696504,24.348806936628932,1.6807456251372872,9.377777777777777e-10,2.568895525053577,11120.371116821885,0.11203711168218851
btc_vol_breakout_3m,0,0.0125,0.15,0.035,0.15,90,random,0.030062314808852103,3.0062314808852104,0.36363636363636365,44,-0.04899843509622659,-4.899843509622659,15.76219922812001,1.3003593715780268,2.2083333333333335e-10,0.46927386249982,10300.623148088522,0.030062314808852103
btc_hl_breakout_4m,0,0.035,0.2,0.0075,0.25,120,random,0.08014883659062871,8.014883659062871,0.3333333333333333,24,-0.07658217399386669,-7.658217399386668,22.397859731398455,1.5159720074339782,5.881944444444444e-10,1.3956880862719157,10801.488365906287,0.08014883659062871
btc_vol_breakout_9m,0,0.025,0.025,0.003,0.15,10,random,0.037842421259903086,3.7842421259903087,0.4857142857142857,35,-0.03065194333402066,-3.065194333402066,23.81130188270515,1.4627018569146863,2.452380952380952e-10,0.7222639816356876,10378.424212599031,0.037842421259903086
btc_hl_breakout_10m,0,0.025,0.015,0.02,0.15,30,random,0.022555753147630253,2.2555753147630253,0.5409836065573771,61,-0.050028421714401805,-5.0028421714401805,10.96519247618245,1.1466763337115287,1.8114754098360656e-10,0.258266125913607,10225.557531476303,0.022555753147630253
btc_bullish,0,0.0075,0.02,0.0175,0.4,90,random,0.05463675111631442,5.463675111631442,0.34545454545454546,110,-0.10883782586917723,-10.883782586917723,10.777853773441871,1.0993652643854803,1.0015151515151515e-10,0.14449536260184778,10546.367511163144,0.05463675111631442
btc_vol_breakout_2m,0,0.035,0.06,0.0125,0.05,30,random,0.01391142331588261,1.391142331588261,0.43333333333333335,30,-0.016765135707613288,-1.6765135707613288,20.01440635119185,1.4645860340741719,4.461111111111111e-10,0.9315834619003365,10139.114233158825,0.01391142331588261
btc_alt_aligned,0,0.005,0.05,0.03,0.3,240,random,-0.03578516220161091,-3.578516220161091,0.31496062992125984,127,-0.14037334733444007,-14.037334733444007,-6.7763371881978935,0.9127714120484931,9.698162729658793e-11,-0.08176910134236183,9642.14837798389,-0.03578516220161091
btc_vol_breakout_3m,0,0.035,0.1,0.01,0.25,5,random,0.056384236071224225,5.638423607122423,0.34615384615384615,26,-0.08151465259449031,-8.151465259449031,16.95611145329068,1.3316951282555776,4.98076923076923e-10,0.9062582948226622,10563.842360712242,0.056384236071224225
btc_hl_breakout_2m,0,0.03,0.3,0.05,0.4,30,random,0.03259299993152822,3.259299993152822,0.25,28,-0.16734263768860191,-16.734263768860192,7.4017102117188935,1.1051351098604736,4.845238095238095e-10,0.4211372049815908,10325.929999315282,0.03259299993152822
btc_hl_breakout_9m,0,0.03,0.15,0.02,0.1,15,random,0.022665708149080546,2.2665708149080546,0.3,30,-0.041021583665227124,-4.102158366522712,15.238763586285012,1.2991508332729544,4.472222222222222e-10,0.7769343151386003,10226.657081490805,0.022665708149080546
btc_hl_breakout_5m,0,0.01,0.12,0.04,0.1,240,random,0.02108930685835719,2.108930685835719,0.3333333333333333,63,-0.03594315279397109,-3.594315279397109,14.877231662327194,1.243219736332688,1.671957671957672e-10,0.3420961084519682,10210.893068583571,0.02108930685835719
btc_alt_aligned,0,0.05,0.1,0.05,0.1,1440,random,0.03453381921831591,3.453381921831591,0.4,25,-0.033053494306201525,-3.3053494306201525,22.056017411652935,1.499559743534181,5.766666666666666e-10,1.3922836645899148,10345.338192183159,0.03453381921831591
btc_vol_breakout_8m,0,0.08,0.045,0.0125,0.15,5,random,0.0016166583950534687,0.16166583950534685,0.6,20,-0.04582059450867337,-4.582059450867337,1.4070117600981071,1.0166193584205236,6.100000000000001e-10,0.09143269644292937,10016.166583950535,0.0016166583950534687
btc_hl_breakout_9m,0,0.04,0.12,0.015,0.25,720,random,0.08406792720639206,8.406792720639206,0.3333333333333333,27,-0.08792107371817426,-8.792107371817426,21.790119351910825,1.4186965484453447,5.148148148148148e-10,1.2921381000649608,10840.67927206392,0.08406792720639206
btc_hl_breakout_8m,0,0.1,0.08,0.0075,0.05,45,random,0.010654613118314222,1.0654613118314222,0.5,14,-0.019397500145347246,-1.9397500145347246,14.112835861889662,1.384970330177495,1.0261904761904762e-09,1.5404445629995922,10106.546131183142,0.010654613118314222
btc_hl_breakout_6m,0,0.005,0.05,0.0075,0.15,480,random,-0.01948233973869817,-1.948233973869817,0.30434782608695654,92,-0.07502148069652348,-7.502148069652348,-9.41063560714253,0.8740899335538781,1.0072463768115942e-10,-0.1344765056969947,9805.176602613019,-0.01948233973869817
btc_hl_breakout_6m,0,0.035,0.04,0.02,0.25,360,random,0.0364975163042096,3.64975163042096,0.4594594594594595,37,-0.08054708726060056,-8.054708726060056,11.614633396436655,1.168257218598354,3.554054054054054e-10,0.4255069875742445,10364.975163042096,0.0364975163042096
btc_vol_breakout_3m,0,0.1,0.04,0.0075,0.15,240,random,0.032526330505148096,3.2526330505148096,0.6956521739130435,23,-0.053400835571452365,-5.3400835571452365,14.855016740324453,1.29478969140178,5.91304347826087e-10,0.9762671194254207,10325.263305051481,0.032526330505148096
btc_hl_breakout_7m,0,0.06,0.3,0.01,0.1,45,random,0.034251707812719405,3.4251707812719405,0.4666666666666667,15,-0.04162915160382763,-4.162915160382763,20.96098772693328,1.5882954290533808,9.633333333333333e-10,2.3222286709113478,10342.517078127194,0.034251707812719405
btc_small_up_10m,0,0.05,0.08,0.05,0.5,45,random,0.15242935104172428,15.242935104172428,0.43478260869565216,23,-0.17089160204407738,-17.08916020440774,20.981953322893553,1.4207722153823608,5.355072463768116e-10,1.393971602608235,11524.293510417243,0.15242935104172428
btc_hl_breakout_2m,0,0.06,0.3,0.0125,0.05,20,random,0.011473771101707116,1.1473771101707115,0.4,15,-0.020999534188056224,-2.0999534188056224,15.35698994119885,1.4143013596181884,9.466666666666667e-10,1.5568402518738331,10114.737711017071,0.011473771101707116
btc_hl_breakout_8m,0,0.03,0.08,0.05,0.2,30,random,0.04139691060494556,4.139691060494556,0.34375,32,-0.07173428958511818,-7.173428958511819,14.317209173071191,1.2463187962491722,3.953125e-10,0.6835990369878971,10413.969106049455,0.04139691060494556
btc_alt_aligned,0,0.02,0.3,0.015,0.4,180,random,0.07017854295609541,7.017854295609541,0.26666666666666666,45,-0.14616054260371858,-14.616054260371858,12.55698528665929,1.1896633146493143,3.122222222222222e-10,0.4646415064062828,10701.785429560954,0.07017854295609541
btc_vol_breakout_3m,0,0.01,0.3,0.03,0.3,5,random,0.0012727127847075735,0.12727127847075734,0.30357142857142855,56,-0.10928376768231207,-10.928376768231207,1.4476148080253017,1.0053457054330774,1.5892857142857145e-10,0.0326997397896141,10012.727127847076,0.0012727127847075735
btc_hl_breakout_9m,0,0.04,0.035,0.0075,0.25,20,random,0.06625676082278091,6.625676082278091,0.5128205128205128,39,-0.08444052002922486,-8.444052002922486,18.245448833399127,1.283553484473694,3.3717948717948717e-10,0.6993776030080935,10662.56760822781,0.06625676082278091
btc_hl_breakout_7m,0,0.015,0.06,0.035,0.4,60,random,0.021087894597681997,2.1087894597681998,0.3275862068965517,58,-0.17642280230266205,-17.642280230266206,5.2515090343005015,1.0479967406340378,1.9339080459770116e-10,0.1407869269076841,10210.87894597682,0.021087894597681997
btc_hl_breakout_7m,0,0.035,0.08,0.0125,0.25,180,random,0.06581673906030391,6.5816739060303915,0.36666666666666664,30,-0.08716706131175045,-8.716706131175044,17.734469570087153,1.3399988466711892,4.4888888888888887e-10,0.910489519843877,10658.16739060304,0.06581673906030391
btc_small_down_10m,0,0.08,0.045,0.02,0.2,240,random,0.028082966196113057,2.8082966196113057,0.6,20,-0.06478361057629822,-6.478361057629822,10.248416247229235,1.230562196581959,6.141666666666667e-10,0.7427602349393837,10280.82966196113,0.028082966196113057
btc_hl_breakout_5m,0,0.02,0.2,0.035,0.15,5,random,-0.016116141551551527,-1.6116141551551526,0.2564102564102564,39,-0.07903239693890685,-7.903239693890685,-7.70114697019986,0.865051996268015,3.0128205128205126e-10,-0.25621725458572586,9838.838584484485,-0.016116141551551527
btc_small_down_10m,0,0.01,0.2,0.025,0.2,720,random,-0.011885488580599941,-1.188548858059994,0.3114754098360656,61,-0.08704113132316849,-8.704113132316849,-3.728938617291676,0.9312434483894158,1.5163934426229508e-10,-0.08459732458757066,9881.145114194002,-0.011885488580599941
btc_bullish,0,0.005,0.01,0.02,0.2,180,random,0.010422781665984393,1.0422781665984393,0.3986013986013986,143,-0.06494698641328989,-6.494698641328989,4.421819492201069,1.0371989874036003,7.016317016317017e-11,0.045065844492180804,10104.227816659844,0.010422781665984393
btc_bullish,0,0.02,0.04,0.02,0.1,720,random,0.024473958293117198,2.44739582931172,0.3728813559322034,59,-0.02778227419321333,-2.778227419321333,16.49389126113948,1.2402197646020636,2.169491525423729e-10,0.42129212068240923,10244.739582931172,0.024473958293117198
btc_hl_breakout_5m,0,0.0125,0.06,0.003,0.25,90,random,0.056031636204922415,5.603163620492242,0.36666666666666664,60,-0.0891668886666026,-8.91668886666026,15.930020663859173,1.2326194465547422,1.825e-10,0.3936020936868166,10560.316362049223,0.056031636204922415
btc_hl_breakout_9m,0,0.0125,0.06,0.015,0.05,20,random,0.009213561873658425,0.9213561873658426,0.3442622950819672,61,-0.01968663019009198,-1.968663019009198,12.6810650887874,1.1998847176843743,1.7404371584699454e-10,0.3069584446223408,10092.135618736584,0.009213561873658425
btc_hl_breakout_4m,0,0.01,0.06,0.02,0.2,480,random,0.0316952358893805,3.16952358893805,0.34375,64,-0.05859103672562871,-5.8591036725628705,12.84952867125419,1.2014663527553946,1.6119791666666666e-10,0.2586319532471084,10316.952358893805,0.0316952358893805
btc_hl_breakout_3m,0,0.025,0.12,0.0125,0.1,5,random,0.015952196314228728,1.5952196314228728,0.29411764705882354,34,-0.035787844290197435,-3.5787844290197435,11.721019798217577,1.2130180491827982,3.6519607843137253e-10,0.48715368770981604,10159.521963142288,0.015952196314228728
btc_bullish,0,0.0175,0.015,0.05,0.3,10,random,0.025625524315150233,2.5625524315150234,0.47619047619047616,84,-0.09158578850995958,-9.158578850995958,6.985846191415219,1.06366549675392,1.4563492063492061e-10,0.12435775689239992,10256.255243151503,0.025625524315150233
btc_hl_breakout_6m,0,0.015,0.3,0.025,0.15,120,random,-0.016646768259381883,-1.6646768259381883,0.3125,48,-0.07065331988074208,-7.065331988074208,-7.7493113061436985,0.8635068724157752,2.3784722222222225e-10,-0.21523135284063818,9833.532317406181,-0.016646768259381883
btc_hl_breakout_1m,0,0.02,0.06,0.02,0.2,720,random,0.0042891101978592356,0.42891101978592355,0.29545454545454547,44,-0.0749931278695044,-7.499312786950441,2.43636139834372,1.0246646778743609,2.651515151515151e-10,0.0747080529023181,10042.891101978592,0.0042891101978592356
btc_hl_breakout_3m,0,0.04,0.06,0.035,0.05,360,random,0.012802129659127906,1.2802129659127905,0.41935483870967744,31,-0.01763882738975686,-1.7638827389756861,18.466333751187026,1.3457456649427235,4.39247311827957e-10,0.8321061132205056,10128.02129659128,0.012802129659127906
btc_vol_breakout_9m,0,0.0075,0.1,0.01,0.3,20,random,0.009043602548906756,0.9043602548906756,0.2978723404255319,47,-0.05677473473720107,-5.677473473720108,3.880220878633853,1.05621027870293,1.4255319148936168e-10,0.08029686797673906,10090.436025489067,0.009043602548906756
btc_vol_breakout_8m,0,0.04,0.01,0.03,0.1,90,random,0.013352905141906807,1.3352905141906808,0.723404255319149,47,-0.02682195497334472,-2.682195497334472,12.80823344785152,1.2240520944587883,2.0390070921985815e-10,0.28890154412525654,10133.529051419067,0.013352905141906807
btc_hl_breakout_1m,0,0.04,0.035,0.03,0.5,180,random,0.12992682044255943,12.992682044255943,0.5555555555555556,36,-0.1383463961540944,-13.834639615409438,20.284035554590663,1.3087012814973378,3.689814814814815e-10,0.748280763019012,11299.268204425594,0.12992682044255943
btc_vol_breakout_2m,0,0.04,0.01,0.025,0.3,240,random,0.10447960145098223,10.447960145098223,0.7627118644067796,59,-0.04792016643738917,-4.792016643738917,29.54210353105473,1.5070658360061573,1.7655367231638418e-10,0.5793036431089502,11044.796014509822,0.10447960145098223
btc_vol_breakout_8m,0,0.05,0.25,0.005,0.4,10,random,0.09167460024169587,9.167460024169587,0.3125,16,-0.1309770411170511,-13.097704111705111,17.115212547007516,1.359953177327109,8.625e-10,1.6408179849493905,10916.74600241696,0.09167460024169587
btc_alt_aligned,0,0.0125,0.05,0.05,0.05,180,random,0.004953353233953283,0.49533532339532826,0.3037974683544304,79,-0.01950611035578731,-1.950611035578731,6.626622640027872,1.0869509417627565,1.687763713080169e-10,0.12982985462295635,10049.533532339532,0.004953353233953283
btc_hl_breakout_5m,0,0.08,0.025,0.04,0.05,90,random,0.014592674463936516,1.4592674463936517,0.7241379310344828,29,-0.014481739169801444,-1.4481739169801444,19.84817108903978,1.4499816780463588,4.620689655172414e-10,1.0097026036504035,10145.926744639366,0.014592674463936516
btc_vol_breakout_8m,0,0.02,0.1,0.0125,0.5,480,random,0.017677975629027242,1.7677975629027243,0.25,36,-0.15930132871858882,-15.930132871858882,4.76065006041836,1.048024117907696,2.5092592592592594e-10,0.1611368621427393,10176.779756290272,0.017677975629027242
btc_small_up_10m,0,0.04,0.035,0.003,0.1,180,random,0.036779961328213165,3.6779961328213164,0.5428571428571428,35,-0.028619891150075016,-2.8619891150075016,25.03259633090637,1.5072256243904796,3.3476190476190474e-10,1.0495688963258138,10367.799613282132,0.036779961328213165
btc_vol_breakout_9m,0,0.035,0.01,0.035,0.5,90,random,0.07835435709963895,7.835435709963895,0.7272727272727273,44,-0.10736621354524001,-10.736621354524,16.103907516215514,1.2629401135634009,1.946969696969697e-10,0.3754630461233384,10783.54357099639,0.07835435709963895
btc_bullish,0,0.0175,0.1,0.025,0.15,1440,random,0.025907628249186108,2.590762824918611,0.2830188679245283,53,-0.04621234320673895,-4.621234320673895,11.811981167738347,1.1903253762179116,2.4433962264150944e-10,0.342786427700018,10259.07628249186,0.025907628249186108
btc_small_down_10m,0,0.0125,0.015,0.005,0.25,240,random,0.08977591251005611,8.977591251005611,0.49230769230769234,65,-0.05573509162540258,-5.573509162540258,33.612923595324006,1.492278460371315,1.0769230769230769e-10,0.5422907164018897,10897.759125100562,0.08977591251005611
btc_alt_aligned,0,0.025,0.3,0.0125,0.4,20,random,0.11875002519646904,11.875002519646905,0.2777777777777778,36,-0.141094341821424,-14.1094341821424,19.578762190032805,1.3327157167931443,3.9444444444444444e-10,0.9203166847424865,11187.500251964691,0.11875002519646904
btc_hl_breakout_7m,0,0.005,0.045,0.03,0.25,240,random,-0.003392904004230877,-0.33929040042308767,0.3125,96,-0.12577476376976837,-12.577476376976836,0.011829349392568963,0.9875550671612051,9.826388888888888e-11,9.058256116369913e-05,9966.070959957691,-0.003392904004230877
btc_small_up_9m,0,0.1,0.015,0.0175,0.05,90,random,0.013669372218131935,1.3669372218131934,0.8,30,-0.010284788116996624,-1.0284788116996624,19.124537073021123,1.4638857370739533,4.1000000000000003e-10,0.9152450667870201,10136.693722181319,0.013669372218131935
btc_hl_breakout_3m,0,0.04,0.08,0.01,0.25,60,random,0.05548265478304402,5.548265478304402,0.39285714285714285,28,-0.08568147364848122,-8.568147364848123,16.56084235048662,1.3017904956860031,4.815476190476191e-10,0.8285201512222148,10554.82654783044,0.05548265478304402
btc_hl_breakout_5m,0,0.02,0.2,0.01,0.05,120,random,-0.00512044217865971,-0.512044217865971,0.2564102564102564,39,-0.026978499451480675,-2.6978499451480675,-7.626237677100677,0.8692378424090564,3.0128205128205126e-10,-0.2562172545857255,9948.795578213403,-0.00512044217865971
btc_vol_breakout_10m,0,0.06,0.025,0.003,0.3,360,random,0.048099761622074036,4.809976162207404,0.6666666666666666,27,-0.07368636106572501,-7.3686361065725015,15.799238200066878,1.2664331824326125,3.685185185185185e-10,0.6220949759110452,10480.99761622074,0.048099761622074036
btc_vol_breakout_8m,0,0.0125,0.25,0.0125,0.5,180,random,0.02526536805096348,2.526536805096348,0.32432432432432434,37,-0.10356012744175636,-10.356012744175636,6.18593330413934,1.0899222621703608,2.1756756756756758e-10,0.1797805685060745,10252.653680509635,0.02526536805096348
btc_vol_breakout_3m,0,0.06,0.06,0.0125,0.1,240,random,0.02814285957272715,2.814285957272715,0.45,20,-0.031941827619414886,-3.1941827619414886,19.301205622260742,1.5013751690855746,6.5e-10,1.4195206721489777,10281.428595727271,0.02814285957272715
btc_small_down_10m,0,0.035,0.25,0.005,0.05,30,random,0.012571087959878383,1.2571087959878384,0.2857142857142857,21,-0.015523415642399896,-1.5523415642399896,17.312708002907982,1.4939848299905998,6.253968253968254e-10,1.2153306539351558,10125.710879598784,0.012571087959878383
btc_hl_breakout_4m,0,0.06,0.2,0.0125,0.5,120,random,0.12387758557153647,12.387758557153647,0.4375,16,-0.19123111648428248,-19.12311164842825,17.476826750776816,1.3542621730156683,8.927083333333334e-10,1.7916093640265671,11238.775855715365,0.12387758557153647
btc_hl_breakout_3m,0,0.0075,0.03,0.025,0.15,240,random,-0.0003832387929678816,-0.03832387929678816,0.35,80,-0.057988253242748034,-5.798825324274803,0.3244511535679347,0.9974428012977651,1.1145833333333334e-10,0.005200773735450708,9996.167612070321,-0.0003832387929678816
btc_hl_breakout_1m,0,0.06,0.2,0.0125,0.25,720,random,0.09389729828737155,9.389729828737154,0.4666666666666667,15,-0.07855631771657012,-7.855631771657013,24.411963409887033,1.6993353263459847,9.377777777777777e-10,2.568895525053574,10938.972982873714,0.09389729828737155
btc_bullish,0,0.015,0.05,0.0075,0.25,720,random,0.03507284630667686,3.5072846306676864,0.3076923076923077,65,-0.07433528204527662,-7.433528204527661,10.208736810379424,1.1322015366724325,1.9358974358974358e-10,0.23942399648492615,10350.72846306677,0.03507284630667686
btc_hl_breakout_7m,0,0.08,0.015,0.01,0.4,60,random,0.11942709668551665,11.942709668551664,0.8,35,-0.1175901301286515,-11.75901301286515,20.742856785629268,1.4128566036344792,3.60952380952381e-10,0.8696659667181778,11194.270966855167,0.11942709668551665
btc_vol_breakout_9m,0,0.025,0.035,0.0075,0.3,10,random,0.08189499040798064,8.189499040798063,0.45714285714285713,35,-0.05464397476742555,-5.464397476742555,25.2255821283785,1.4615885048676245,2.5333333333333334e-10,0.7801863358208607,10818.949904079807,0.08189499040798064
btc_vol_breakout_2m,0,0.1,0.04,0.05,0.4,45,random,0.07361622033222612,7.361622033222612,0.6818181818181818,22,-0.13703994926561425,-13.703994926561425,13.558276814677392,1.2482536290073076,6.325757575757575e-10,0.9279003800381344,10736.162203322261,0.07361622033222612
btc_hl_breakout_6m,0,0.1,0.045,0.035,0.05,90,random,0.009360472654272905,0.9360472654272904,0.65,20,-0.01939750014534658,-1.939750014534658,12.534922406109203,1.2744739173918225,7.025e-10,0.9502893069306233,10093.60472654273,0.009360472654272905
btc_hl_breakout_7m,0,0.005,0.01,0.005,0.5,1440,random,-0.0633110801999781,-6.331108019997809,0.3697478991596639,119,-0.24073901729531466,-24.073901729531467,-8.971781025508564,0.8907389228248529,7.016806722689076e-11,-0.09191075316611781,9366.889198000219,-0.0633110801999781
btc_alt_aligned,0,0.08,0.12,0.035,0.25,90,random,0.09720836972378402,9.720836972378402,0.4666666666666667,15,-0.07950187167066325,-7.950187167066325,24.901855402883527,1.5448429557055885,9.755555555555554e-10,2.6635564418106417,10972.08369723784,0.09720836972378402
btc_alt_aligned,0,0.0125,0.15,0.0175,0.4,480,random,0.05526412371911329,5.526412371911329,0.29411764705882354,68,-0.14267151531981936,-14.267151531981936,10.487734690398439,1.1219398243506191,1.997549019607843e-10,0.24375727747863168,10552.641237191132,0.05526412371911329
btc_vol_breakout_9m,0,0.035,0.015,0.025,0.5,15,random,0.09607957730977869,9.60795773097787,0.65,40,-0.08827651587152119,-8.827651587152118,18.72223647100534,1.3024430168906376,2.2375e-10,0.49875647177606625,10960.795773097787,0.09607957730977869
btc_small_up_10m,0,0.02,0.08,0.005,0.5,720,random,0.02461285518254299,2.461285518254299,0.30952380952380953,42,-0.1899881388572685,-18.99881388572685,5.480152533283997,1.0548270680687613,2.4206349206349207e-10,0.1900306575139771,10246.12855182543,0.02461285518254299
btc_hl_breakout_7m,0,0.0125,0.01,0.0075,0.05,720,random,0.006743706389936511,0.6743706389936511,0.5168539325842697,89,-0.01510000613687934,-1.510000613687934,9.862607157305005,1.1281975527193555,1.0692883895131086e-10,0.15433463902140238,10067.437063899366,0.006743706389936511
btc_small_up_10m,0,0.03,0.025,0.03,0.3,720,random,0.06343136563575136,6.343136563575136,0.4883720930232558,43,-0.0892912647516626,-8.92912647516626,15.888566253692614,1.243182725864066,2.4341085271317826e-10,0.5150375500524434,10634.313656357514,0.06343136563575136
btc_hl_breakout_2m,0,0.04,0.12,0.04,0.15,240,random,0.04555552215644056,4.555552215644056,0.32,25,-0.04816099967485088,-4.816099967485088,21.412048877711356,1.4445574141635387,5.6e-10,1.244728141049751,10455.555221564406,0.04555552215644056
btc_hl_breakout_2m,0,0.0075,0.025,0.0075,0.5,15,random,0.03553387689026122,3.553387689026122,0.36904761904761907,84,-0.14282077690236283,-14.282077690236283,7.460467190655072,1.0668073217320426,1.0694444444444445e-10,0.11044918902852979,10355.338768902613,0.03553387689026122
btc_small_down_10m,0,0.02,0.15,0.05,0.05,30,random,0.00016121755693205273,0.016121755693205272,0.2894736842105263,38,-0.020126035959026956,-2.0126035959026956,0.4376194454658118,1.0045632304043153,2.8640350877192986e-10,0.016715835568327838,10001.61217556932,0.00016121755693205273
btc_hl_breakout_7m,0,0.1,0.25,0.0075,0.15,120,random,0.048471423205778276,4.847142320577827,0.3,10,-0.059294412597285406,-5.929441259728541,20.130820469522032,1.6324918365967254,1.4616666666666667e-09,3.3539969455426486,10484.714232057782,0.048471423205778276
btc_vol_breakout_9m,0,0.005,0.15,0.025,0.3,15,random,-0.020406596375342586,-2.0406596375342585,0.2982456140350877,57,-0.06911478089610068,-6.911478089610068,-5.920412458033894,0.8824531272988818,1.1140350877192983e-10,-0.10952715186798348,9795.934036246574,-0.020406596375342586
btc_hl_breakout_7m,0,0.1,0.06,0.02,0.2,1440,random,0.054252417061953974,5.425241706195397,0.5625,16,-0.07592952582443602,-7.592952582443601,17.983969141497408,1.4612899605489433,9.0625e-10,1.7399998220290676,10542.52417061954,0.054252417061953974
btc_vol_breakout_8m,0,0.01,0.25,0.04,0.5,90,random,-0.00041925386075945424,-0.041925386075945426,0.2608695652173913,46,-0.10445506889140932,-10.445506889140932,1.4362163379421677,0.9985517163926189,1.6231884057971016e-10,0.030424968931951745,9995.807461392405,-0.00041925386075945424
btc_hl_breakout_5m,0,0.02,0.045,0.03,0.1,10,random,-0.01760469428634964,-1.7604694286349638,0.3137254901960784,51,-0.05265357906451207,-5.265357906451207,-13.73789136109304,0.8212013163556061,2.238562091503268e-10,-0.33948705373759397,9823.953057136503,-0.01760469428634964
btc_hl_breakout_2m,0,0.015,0.06,0.005,0.05,240,random,0.0049381001623472285,0.49381001623472287,0.34615384615384615,52,-0.01710870157023847,-1.7108701570238471,7.741854407744569,1.1185457783700608,2.205128205128205e-10,0.1949899789497784,10049.381001623473,0.0049381001623472285
btc_hl_breakout_5m,0,0.025,0.01,0.025,0.15,60,random,0.031910829135918924,3.1910829135918926,0.6857142857142857,70,-0.03892117122993688,-3.892117122993688,16.802283603105487,1.2328019221514777,1.4690476190476191e-10,0.30954372751805026,10319.108291359189,0.031910829135918924
btc_bullish,0,0.02,0.025,0.003,0.15,5,random,0.03201737969339872,3.201737969339872,0.417910447761194,67,-0.04055342997318556,-4.055342997318556,14.758672451761823,1.1909620858853487,1.880597014925373e-10,0.32851475574748534,10320.173796933987,0.03201737969339872
btc_vol_breakout_8m,0,0.0125,0.04,0.015,0.15,180,random,0.025349755201566404,2.5349755201566406,0.4,45,-0.026686043816120275,-2.6686043816120275,16.68392573393754,1.2787957587388044,1.6777777777777778e-10,0.38180499691369074,10253.497552015664,0.025349755201566404
btc_vol_breakout_8m,0,0.05,0.04,0.035,0.15,30,random,0.010765386051549353,1.0765386051549353,0.5357142857142857,28,-0.044973506906116456,-4.497350690611645,6.164687719903401,1.096951205876432,4.4702380952380953e-10,0.28087888173089937,10107.653860515493,0.010765386051549353
btc_hl_breakout_8m,0,0.04,0.01,0.05,0.05,20,random,0.011926226850148628,1.192622685014863,0.7068965517241379,58,-0.014516920122865318,-1.4516920122865318,16.545103974789917,1.284747387710609,2.031609195402299e-10,0.4140529757605627,10119.262268501487,0.011926226850148628
btc_vol_breakout_8m,0,0.02,0.25,0.02,0.2,180,random,-0.003035864400483456,-0.3035864400483456,0.23529411764705882,34,-0.07927266113111409,-7.927266113111409,-0.6186059293064042,0.9768193386598236,2.7647058823529414e-10,-0.013748621596783774,9969.641355995165,-0.003035864400483456
btc_bullish,0,0.05,0.025,0.03,0.1,10,random,0.0259554777694594,2.59554777694594,0.6052631578947368,38,-0.03198447801097559,-3.198447801097559,17.428506890753617,1.3034833059721638,3.5614035087719297e-10,0.6920363732742052,10259.554777694593,0.0259554777694594
btc_hl_breakout_8m,0,0.0075,0.3,0.0075,0.2,720,random,0.016401985536217148,1.6401985536217147,0.29411764705882354,68,-0.07941660569106157,-7.941660569106157,6.54868804724203,1.091893683846961,1.4362745098039216e-10,0.13533334860853863,10164.019855362172,0.016401985536217148
btc_small_down_10m,0,0.01,0.05,0.03,0.05,15,random,-0.0060219428930058825,-0.6021942893005883,0.3283582089552239,67,-0.018847912275812173,-1.8847912275812173,-9.434376251131026,0.8644914563420784,1.291044776119403e-10,-0.1776882531928722,9939.780571069941,-0.0060219428930058825
btc_hl_breakout_8m,0,0.0175,0.1,0.0075,0.1,480,random,-0.007938299278141516,-0.7938299278141516,0.22916666666666666,48,-0.05331372374611543,-5.331372374611543,-5.102030087247271,0.9140806029901454,2.4375e-10,-0.1519194030645856,9920.617007218585,-0.007938299278141516
btc_small_down_10m,0,0.01,0.08,0.003,0.3,1440,random,-0.01821525759995952,-1.8215257599959522,0.2923076923076923,65,-0.12853720860282858,-12.853720860282857,-3.462238196099753,0.9353605827508072,1.3820512820512822e-10,-0.07222649167480603,9817.847424000405,-0.01821525759995952
btc_hl_breakout_8m,0,0.0075,0.03,0.003,0.3,60,random,0.04082195285431385,4.082195285431385,0.3333333333333333,81,-0.10508977306974432,-10.508977306974431,10.90042226289874,1.1308439374401387,1.1358024691358024e-10,0.18530627037077635,10408.219528543139,0.04082195285431385
btc_hl_breakout_3m,0,0.06,0.08,0.0075,0.4,20,random,0.0905973655981712,9.05973655981712,0.45454545454545453,22,-0.14498947970321474,-14.498947970321474,16.230060433205264,1.303542508377953,6.287878787878788e-10,1.1061632550457465,10905.973655981712,0.0905973655981712
btc_hl_breakout_6m,0,0.035,0.045,0.04,0.2,360,random,0.009575735347075419,0.9575735347075419,0.4,35,-0.0757207682986516,-7.57207682986516,4.271608500639709,1.0570350281635108,3.8190476190476193e-10,0.16691617044008153,10095.757353470754,0.009575735347075419
btc_small_down_10m,0,0.035,0.01,0.05,0.3,120,random,0.13147497306594838,13.147497306594838,0.7142857142857143,42,-0.046661138395562185,-4.6661138395562185,37.5198527294891,1.824895273139862,2.2896825396825394e-10,1.0043010252075362,11314.749730659483,0.13147497306594838
btc_alt_aligned,0,0.1,0.2,0.0075,0.2,720,random,0.04664705722908502,4.6647057229085025,0.3,10,-0.07272352722380138,-7.272352722380138,15.543072497692728,1.5580071008864997,1.47e-09,2.4443826050790283,10466.470572290851,0.04664705722908502
btc_vol_breakout_3m,0,0.0125,0.045,0.0075,0.25,240,random,0.03444306212749261,3.444306212749261,0.4074074074074074,54,-0.07173713444805407,-7.173713444805408,12.065231454231956,1.174215518134928,1.7253086419753086e-10,0.2705569799904796,10344.430621274925,0.03444306212749261
btc_hl_breakout_4m,0,0.035,0.06,0.003,0.4,240,random,0.10644914761463697,10.644914761463697,0.4375,32,-0.11696347041598976,-11.696347041598976,19.694736505007533,1.3500689382218507,4.3333333333333334e-10,0.8668212612274601,11064.49147614637,0.10644914761463697
btc_hl_breakout_3m,0,0.1,0.15,0.0075,0.15,15,random,0.04938409204973195,4.938409204973195,0.45454545454545453,11,-0.05403655691305198,-5.4036556913051985,20.93869990678752,1.6802329960796736,1.3045454545454545e-09,3.0578548554446794,10493.84092049732,0.04938409204973195
btc_vol_breakout_2m,0,0.015,0.25,0.015,0.4,30,random,0.022713934185507743,2.2713934185507743,0.3125,48,-0.13676270482427988,-13.676270482427988,5.7132777647746815,1.0742933050047656,2.3020833333333333e-10,0.17062826318603244,10227.139341855078,0.022713934185507743
btc_hl_breakout_3m,0,0.1,0.035,0.025,0.15,1440,random,0.050420227175968786,5.042022717596879,0.7307692307692307,26,-0.04918108780282626,-4.918108780282626,22.595568947983594,1.4631406795716835,5.326923076923076e-10,1.302055419383061,10504.202271759688,0.050420227175968786
btc_small_up_10m,0,0.02,0.15,0.025,0.15,15,random,0.013763180333770424,1.3763180333770424,0.28205128205128205,39,-0.058620728492069896,-5.86207284920699,6.928401016121967,1.115153966695874,2.636752136752137e-10,0.26485734078736395,10137.631803337705,0.013763180333770424
btc_hl_breakout_1m,0,0.035,0.015,0.03,0.2,10,random,0.062496143183664615,6.249614318366461,0.6938775510204082,49,-0.050442506157422295,-5.0442506157422295,23.817842708331067,1.4209982553529243,2.5e-10,0.6369683567186321,10624.961431836646,0.062496143183664615
btc_small_up_9m,0,0.1,0.05,0.003,0.5,480,random,0.1269170945348079,12.69170945348079,0.6470588235294118,17,-0.14788087315041776,-14.788087315041775,18.173563617341454,1.4493055936043078,7.774509803921569e-10,1.559181552992442,11269.17094534808,0.1269170945348079
btc_small_down_10m,0,0.005,0.08,0.005,0.5,15,random,-0.003113954263245614,-0.3113954263245614,0.2891566265060241,83,-0.17795758365751801,-17.7957583657518,1.3406846057435868,0.9934296573713202,9.477911646586344e-11,0.020046038781428632,9968.860457367544,-0.003113954263245614
btc_vol_breakout_10m,0,0.05,0.1,0.003,0.25,120,random,0.036062582702107465,3.6062582702107466,0.38095238095238093,21,-0.08360929799426042,-8.360929799426042,11.455838312653295,1.2069283377241045,5.658730158730158e-10,0.7550030455029196,10360.625827021075,0.036062582702107465
btc_hl_breakout_4m,0,0.03,0.1,0.01,0.25,30,random,0.06835322486373616,6.835322486373616,0.36666666666666664,30,-0.07303862231093128,-7.303862231093127,19.737344098205128,1.392564851971061,4.5444444444444444e-10,0.9387094826901674,10683.532248637362,0.06835322486373616
btc_vol_breakout_8m,0,0.0125,0.01,0.035,0.1,10,random,0.004068175961282486,0.40681759612824864,0.5333333333333333,60,-0.01872591979987359,-1.8725919799873592,4.471508023630761,1.0632884922017403,1.075e-10,0.07216379488535471,10040.681759612824,0.004068175961282486
btc_hl_breakout_10m,0,0.0175,0.05,0.01,0.3,30,random,0.006418488935405094,0.6418488935405093,0.34615384615384615,52,-0.13274115141493148,-13.274115141493148,2.746912824686067,1.02190308952508,2.1634615384615384e-10,0.07674276139535957,10064.184889354052,0.006418488935405094
btc_hl_breakout_5m,0,0.015,0.03,0.003,0.15,180,random,0.004973178471307369,0.4973178471307369,0.4,65,-0.052516220654561074,-5.251622065456107,3.139393837899555,1.0310905303328741,1.6153846153846152e-10,0.06278713479469396,10049.731784713074,0.004973178471307369
btc_hl_breakout_8m,0,0.005,0.3,0.04,0.25,1440,random,-0.0014702781807468,-0.14702781807468,0.2976190476190476,84,-0.11425242962787552,-11.425242962787552,0.5674675327879539,0.993464079940709,1.0813492063492064e-10,0.007130215249321256,9985.297218192532,-0.0014702781807468
btc_hl_breakout_3m,0,0.0075,0.025,0.04,0.05,60,random,-0.0005494970851661208,-0.05494970851661208,0.35,80,-0.019583751754344347,-1.9583751754344347,-0.7287481888953898,0.9886837069575644,1.0875000000000001e-10,-0.010997976713685801,9994.505029148339,-0.0005494970851661208
btc_small_up_10m,0,0.01,0.12,0.0075,0.15,90,random,0.027031496694912154,2.7031496694912156,0.34615384615384615,52,-0.04344370093570449,-4.344370093570449,13.863444239368421,1.2562552667817193,1.5544871794871794e-10,0.35703486346126045,10270.314966949121,0.027031496694912154
btc_vol_breakout_10m,0,0.035,0.06,0.05,0.25,20,random,0.05135833005532731,5.1358330055327315,0.4,25,-0.0535353561027101,-5.35353561027101,17.976272822962752,1.4031109544808456,4.26e-10,0.8450622676403129,10513.583300553273,0.05135833005532731
btc_vol_breakout_10m,0,0.06,0.02,0.0175,0.05,720,random,0.00602032450454808,0.602032450454808,0.6896551724137931,29,-0.013268753412533751,-1.3268753412533751,11.68399292833914,1.2075924843550465,3.2873563218390805e-10,0.4207509698943967,10060.20324504548,0.00602032450454808
btc_small_down_10m,0,0.035,0.12,0.03,0.05,240,random,0.010109400134777416,1.0109400134777415,0.34782608695652173,23,-0.015523415642398897,-1.5523415642398897,14.433652359447327,1.3872058576003063,5.41304347826087e-10,0.8910161666599,10101.094001347774,0.010109400134777416
btc_small_up_10m,0,0.005,0.08,0.0175,0.05,20,random,0.00796139723023354,0.7961397230233541,0.375,64,-0.013861835146739887,-1.3861835146739887,12.173305596577919,1.2230879578087333,1.0833333333333333e-10,0.25170786748097507,10079.613972302335,0.00796139723023354
btc_vol_breakout_2m,0,0.04,0.15,0.0075,0.05,15,random,0.010849161388242039,1.084916138824204,0.30434782608695654,23,-0.01777553210074523,-1.7775532100745228,15.675678721897158,1.3445977288720907,5.869565217391305e-10,0.9586927615627558,10108.491613882421,0.010849161388242039
btc_vol_breakout_2m,0,0.04,0.12,0.025,0.5,30,random,0.13485832447777293,13.485832447777293,0.32,25,-0.16651785699064503,-16.651785699064504,20.161274594035298,1.3635909631043797,5.373333333333333e-10,1.1852690734148794,11348.583244777728,0.13485832447777293
btc_hl_breakout_4m,0,0.005,0.3,0.03,0.15,120,random,-0.026190564942993523,-2.619056494299352,0.275,80,-0.06976028970675552,-6.976028970675552,-13.825460459405392,0.8062611516945924,1.0729166666666667e-10,-0.21446328541503004,9738.094350570065,-0.026190564942993523
btc_vol_breakout_8m,0,0.015,0.015,0.0075,0.1,20,random,0.006618558809082594,0.6618558809082594,0.4727272727272727,55,-0.021106496466847924,-2.1106496466847924,6.913071066285219,1.0971269704092117,1.3151515151515152e-10,0.12533518439862723,10066.185588090826,0.006618558809082594
btc_vol_breakout_10m,0,0.035,0.045,0.0125,0.15,240,random,0.022677220192834465,2.2677220192834464,0.41379310344827586,29,-0.03370718887651636,-3.370718887651636,13.657294657294418,1.2717646176985233,3.4597701149425287e-10,0.5335203304635653,10226.772201928345,0.022677220192834465
btc_hl_breakout_6m,0,0.035,0.08,0.05,0.15,480,random,0.0112592258957716,1.12592258957716,0.35714285714285715,28,-0.05721044109650386,-5.721044109650386,6.010988671002128,1.1056743296064275,4.809523809523809e-10,0.2985796310726255,10112.592258957717,0.0112592258957716
btc_hl_breakout_5m,0,0.01,0.03,0.0175,0.3,90,random,0.0641596940103057,6.41596940103057,0.37662337662337664,77,-0.10099445491825787,-10.099445491825787,16.00339943818588,1.1960945373843634,1.3138528138528138e-10,0.2925418527382767,10641.596940103056,0.0641596940103057
btc_hl_breakout_1m,0,0.0175,0.2,0.01,0.25,180,random,-0.032386702216816,-3.2386702216816,0.2558139534883721,43,-0.12742759023746675,-12.742759023746675,-9.082625005699704,0.8321001234225198,2.709302325581395e-10,-0.2766778419806648,9676.13297783184,-0.032386702216816
btc_vol_breakout_10m,0,0.08,0.1,0.035,0.5,360,random,0.07399256145974996,7.399256145974996,0.5,14,-0.14676939824779023,-14.676939824779023,12.562655584022778,1.251865129888025,8.523809523809524e-10,1.240736776578131,10739.9256145975,0.07399256145974996
btc_vol_breakout_2m,0,0.035,0.15,0.04,0.3,30,random,0.07048784686491771,7.048784686491771,0.3333333333333333,24,-0.09717544298999792,-9.717544298999792,17.593557533514154,1.3733340699641743,5.6875e-10,1.0518672367304944,10704.878468649178,0.07048784686491771
btc_hl_breakout_6m,0,0.1,0.1,0.003,0.2,10,random,0.04927607869637343,4.9276078696373435,0.5,14,-0.07154033759646405,-7.154033759646405,16.777506120703737,1.4040046361667442,1.0261904761904762e-09,1.8303858297584525,10492.760786963734,0.04927607869637343
btc_hl_breakout_4m,0,0.04,0.15,0.003,0.4,120,random,0.09662062136681743,9.662062136681742,0.375,24,-0.12879106487886816,-12.879106487886816,17.739982589410612,1.3472834725012246,5.798611111111111e-10,1.1080597889236896,10966.206213668174,0.09662062136681743
btc_hl_breakout_9m,0,0.03,0.01,0.015,0.1,720,random,0.013313492881083721,1.3313492881083722,0.6451612903225806,62,-0.04175892537439474,-4.1758925374394735,9.71597654551134,1.1370755992589525,1.89247311827957e-10,0.22272406577801798,10133.134928810838,0.013313492881083721
btc_hl_breakout_2m,0,0.025,0.025,0.04,0.1,30,random,0.014831466747245304,1.4831466747245303,0.47058823529411764,51,-0.02754075464914585,-2.754075464914585,11.586661679753519,1.1600446337490584,2.2483660130718954e-10,0.29893825055028184,10148.314667472452,0.014831466747245304
btc_small_down_10m,0,0.0125,0.05,0.02,0.3,15,random,0.011773456389699323,1.1773456389699324,0.38596491228070173,57,-0.0854680750618857,-8.54680750618857,4.251576219304199,1.0520411833490997,1.584795321637427e-10,0.08682972534872359,10117.734563896993,0.011773456389699323
btc_hl_breakout_8m,0,0.0075,0.03,0.025,0.05,15,random,0.007385282001317234,0.7385282001317234,0.3333333333333333,81,-0.017926982628981958,-1.7926982628981958,10.897538838353427,1.1532500072733043,1.1358024691358024e-10,0.18530627037077618,10073.852820013173,0.007385282001317234
btc_hl_breakout_8m,0,0.015,0.3,0.0125,0.1,30,random,0.004987076604506683,0.4987076604506683,0.3125,48,-0.04480601700582032,-4.4806017005820316,3.7772951994284,1.0627490657077232,2.3368055555555555e-10,0.11775909274973813,10049.870766045067,0.004987076604506683
btc_vol_breakout_10m,0,0.04,0.15,0.04,0.3,120,random,0.08483207014617719,8.483207014617719,0.3684210526315789,19,-0.06285383583908999,-6.285383583908999,23.403414713966367,1.64480618856623,6.236842105263158e-10,1.5350549724861737,10848.320701461773,0.08483207014617719
btc_vol_breakout_8m,0,0.035,0.035,0.02,0.4,60,random,0.11074190987503535,11.074190987503535,0.5151515151515151,33,-0.08044876608384244,-8.044876608384243,24.529834854751588,1.4146292768452706,3.3686868686868686e-10,0.8425885098866291,11107.419098750353,0.11074190987503535
btc_hl_breakout_10m,0,0.1,0.04,0.01,0.25,60,random,0.0520450280157444,5.20450280157444,0.6666666666666666,21,-0.09422933548296364,-9.422933548296363,14.505806789806098,1.288825405574441,6.563492063492063e-10,1.0513654252890985,10520.450280157444,0.0520450280157444
btc_hl_breakout_10m,0,0.03,0.035,0.04,0.15,15,random,0.042359875156554,4.2359875156554,0.475,40,-0.042036488454800236,-4.203648845480023,19.5085264425499,1.320663782973084,3.095833333333333e-10,0.7155750400755054,10423.59875156554,0.042359875156554
btc_vol_breakout_10m,0,0.1,0.05,0.025,0.15,20,random,-0.008118443803957211,-0.8118443803957212,0.5333333333333333,15,-0.0540971304951573,-5.40971304951573,-3.666680660656025,0.9110601600464835,7.922222222222222e-10,-0.3051927797365622,9918.815561960428,-0.008118443803957211
btc_hl_breakout_1m,0,0.01,0.15,0.015,0.1,10,random,0.002782039587905183,0.2782039587905183,0.3064516129032258,62,-0.040204868031726404,-4.02048680317264,2.5111009401916236,1.032548301906834,1.696236559139785e-10,0.05318490594957405,10027.820395879051,0.002782039587905183
btc_hl_breakout_2m,0,0.0075,0.015,0.04,0.4,120,random,0.023571801658778667,2.3571801658778666,0.40217391304347827,92,-0.1253604682994207,-12.536046829942071,6.187937853322908,1.056661770078202,8.931159420289855e-11,0.08268285323498797,10235.718016587787,0.023571801658778667
btc_hl_breakout_8m,0,0.01,0.1,0.035,0.05,360,random,0.00589951615031373,0.589951615031373,0.2923076923076923,65,-0.02031935603838464,-2.031935603838464,8.488260633616791,1.1344922900056522,1.564102564102564e-10,0.1859166725548267,10058.995161503137,0.00589951615031373
btc_hl_breakout_6m,0,0.01,0.045,0.0175,0.15,480,random,0.003938933345684017,0.39389333456840175,0.3287671232876712,73,-0.05842047215238766,-5.842047215238766,2.524757642188705,1.0275048329661354,1.4269406392694064e-10,0.0466482600733351,10039.38933345684,0.003938933345684017
btc_hl_breakout_8m,0,0.005,0.3,0.01,0.25,360,random,-0.0014702781807468,-0.14702781807468,0.2976190476190476,84,-0.11425242962787552,-11.425242962787552,0.5674675327879539,0.993464079940709,1.0813492063492064e-10,0.007130215249321256,9985.297218192532,-0.0014702781807468
btc_small_up_9m,0,0.0075,0.1,0.02,0.15,90,random,0.012427237000961964,1.2427237000961964,0.35294117647058826,51,-0.04034877864852959,-4.034877864852959,7.792544956046836,1.139334591517308,1.4869281045751635e-10,0.17147707587685446,10124.27237000962,0.012427237000961964
btc_small_up_10m,0,0.035,0.045,0.035,0.4,240,random,0.18006506578837034,18.006506578837033,0.48484848484848486,33,-0.10727909815723924,-10.727909815723924,29.923703898193097,1.6178046938018542,3.4040404040404044e-10,1.3291424709363628,11800.650657883703,0.18006506578837034
btc_small_up_10m,0,0.025,0.035,0.02,0.25,240,random,0.04719232158614905,4.719232158614905,0.4,45,-0.08490818098014652,-8.490818098014651,14.127655022479324,1.206777175030397,2.174074074074074e-10,0.4421206516885775,10471.92321586149,0.04719232158614905
btc_vol_breakout_9m,0,0.035,0.02,0.04,0.2,60,random,0.0626114666349731,6.2611466634973105,0.6571428571428571,35,-0.033823270638050906,-3.3823270638050906,29.108428211439847,1.5887647302752375,2.4904761904761907e-10,0.8866167622206566,10626.114666349731,0.0626114666349731
btc_hl_breakout_8m,0,0.04,0.15,0.005,0.05,60,random,0.014086882837774988,1.4086882837774988,0.375,24,-0.018896948114596968,-1.8896948114596968,18.19153172049851,1.447536492363301,5.680555555555556e-10,1.1858009338647229,10140.86882837775,0.014086882837774988
btc_hl_breakout_6m,0,0.1,0.06,0.03,0.5,10,random,0.09819436202218348,9.819436202218348,0.5333333333333333,15,-0.1817699528461859,-18.17699528461859,14.451856908503512,1.3076135415998158,9.633333333333333e-10,1.4766466312929265,10981.943620221835,0.09819436202218348
btc_small_up_10m,0,0.01,0.3,0.03,0.1,5,random,0.017695497395851238,1.7695497395851238,0.34,50,-0.029146249400868962,-2.914624940086896,13.411148511218936,1.2680780378228125,1.6333333333333334e-10,0.3607178544891457,10176.954973958513,0.017695497395851238
btc_hl_breakout_9m,0,0.035,0.06,0.035,0.15,30,random,0.05436834044750744,5.436834044750745,0.42424242424242425,33,-0.05073305043734522,-5.073305043734521,23.502123760651887,1.4797526081210186,4.1464646464646464e-10,1.103664605267748,10543.683404475074,0.05436834044750744
btc_hl_breakout_6m,0,0.0125,0.025,0.04,0.4,60,random,0.055032592220907554,5.5032592220907555,0.39705882352941174,68,-0.13349733336120895,-13.349733336120895,11.20829046301651,1.127447722503856,1.5049019607843138e-10,0.23036106198742531,10550.325922209075,0.055032592220907554
btc_vol_breakout_3m,0,0.06,0.015,0.05,0.4,45,random,0.17312314628046266,17.312314628046266,0.7948717948717948,39,-0.09064928794455573,-9.064928794455573,31.97215966226082,1.7134841676362913,2.9871794871794873e-10,1.0658630633497106,11731.231462804626,0.17312314628046266
btc_hl_breakout_6m,0,0.02,0.03,0.035,0.2,45,random,-0.04616383381664691,-4.616383381664691,0.32727272727272727,55,-0.10865930421759806,-10.865930421759806,-18.49980206959514,0.7880933066690085,2.0606060606060606e-10,-0.4126218875586017,9538.36166183353,-0.04616383381664691
btc_small_up_9m,0,0.04,0.03,0.0125,0.1,45,random,0.037352552186664605,3.7352552186664605,0.6060606060606061,33,-0.019304884648403187,-1.9304884648403187,29.20291779715673,1.6584818656797002,3.3787878787878787e-10,1.1248500704970887,10373.525521866646,0.037352552186664605
btc_hl_breakout_8m,0,0.03,0.08,0.0175,0.25,15,random,0.05099273212467224,5.0992732124672235,0.34375,32,-0.08930307507627999,-8.930307507628,14.28971286121451,1.2382856901745225,3.953125e-10,0.6835990369878957,10509.927321246723,0.05099273212467224
btc_hl_breakout_6m,0,0.015,0.01,0.035,0.5,480,random,-0.08697012203505491,-8.69701220350549,0.5180722891566265,83,-0.19443980932178473,-19.443980932178473,-12.83228457695905,0.8466355483581137,1.1606425702811246e-10,-0.1927268163196333,9130.29877964945,-0.08697012203505491
btc_bullish,0,0.035,0.02,0.003,0.4,90,random,0.127398009640824,12.7398009640824,0.6041666666666666,48,-0.09542416808911425,-9.542416808911424,21.73402770037915,1.3267949382867363,2.7326388888888887e-10,0.6747825830844795,11273.98009640824,0.127398009640824
btc_hl_breakout_3m,0,0.06,0.015,0.05,0.05,20,random,0.012037467678859912,1.2037467678859912,0.7380952380952381,42,-0.01378004020432766,-1.378004020432766,16.935629040751706,1.3085303715047047,2.9880952380952376e-10,0.5770383151045992,10120.374676788599,0.012037467678859912
btc_hl_breakout_7m,0,0.03,0.015,0.0125,0.2,5,random,0.03652970737073902,3.6529707370739017,0.5818181818181818,55,-0.07923634060259754,-7.923634060259754,13.382256409575403,1.1854404750114522,2.1060606060606061e-10,0.3473600579915573,10365.29707370739,0.03652970737073902
btc_hl_breakout_9m,0,0.08,0.03,0.005,0.1,1440,random,0.03461799392176838,3.4617993921768377,0.7142857142857143,28,-0.028823651147137697,-2.8823651147137697,23.2874110768425,1.531370913980676,4.910714285714286e-10,1.237104970182137,10346.179939217684,0.03461799392176838
btc_small_up_9m,0,0.1,0.2,0.025,0.15,30,random,0.033812999913009935,3.3812999913009936,0.5,8,-0.048171694515179,-4.8171694515179,15.197227943358184,1.8725794423884967,1.7e-09,2.866366409710613,10338.129999130098,0.033812999913009935
btc_alt_aligned,0,0.04,0.02,0.03,0.15,360,random,0.03898219574415145,3.8982195744151453,0.6078431372549019,51,-0.040692884688630415,-4.069288468863041,17.381943067560705,1.2577525865021246,2.725490196078431e-10,0.5196309535957387,10389.821957441514,0.03898219574415145
btc_hl_breakout_7m,0,0.0125,0.025,0.015,0.3,180,random,0.04437449093623009,4.437449093623009,0.375,72,-0.1084689317518871,-10.84689317518871,11.43926301459439,1.133226100546218,1.4907407407407407e-10,0.22556846667705824,10443.7449093623,0.04437449093623009
btc_hl_breakout_10m,0,0.05,0.04,0.0075,0.15,120,random,0.026725409830054173,2.672540983005417,0.5,32,-0.05669400735923158,-5.669400735923158,12.228131712937312,1.19766095585333,4.1979166666666665e-10,0.5840498730277023,10267.254098300542,0.026725409830054173
btc_hl_breakout_4m,0,0.03,0.045,0.05,0.2,480,random,0.02870027337303609,2.870027337303609,0.40476190476190477,42,-0.060604375004430056,-6.0604375004430056,11.102934836483469,1.1584499729992088,3.1111111111111114e-10,0.36244636583222084,10287.002733730362,0.02870027337303609
btc_vol_breakout_10m,0,0.05,0.08,0.003,0.05,10,random,0.007782620186275954,0.7782620186275955,0.36363636363636365,22,-0.0172013934405314,-1.7201393440531398,11.680637346807083,1.2312745584549043,5.265151515151515e-10,0.7201711540067823,10077.82620186276,0.007782620186275954
btc_hl_breakout_6m,0,0.01,0.03,0.0175,0.05,15,random,0.0070302391457494765,0.7030239145749476,0.34615384615384615,78,-0.018550187993069622,-1.8550187993069622,10.318956689262437,1.1396427243064255,1.3034188034188035e-10,0.1835414491753707,10070.302391457495,0.0070302391457494765
btc_vol_breakout_3m,0,0.08,0.01,0.015,0.5,60,random,0.14135512699619285,14.135512699619285,0.8222222222222222,45,-0.12637431476084748,-12.637431476084748,20.378302154676863,1.3451740033316844,2.6222222222222223e-10,0.6515684954778651,11413.551269961928,0.14135512699619285
btc_hl_breakout_1m,0,0.1,0.08,0.005,0.2,15,random,0.057407195969467785,5.740719596946779,0.5333333333333333,15,-0.0715652890206605,-7.15652890206605,19.084023567761832,1.496075679169881,9.422222222222222e-10,1.956716206886381,10574.071959694678,0.057407195969467785
btc_hl_breakout_3m,0,0.025,0.045,0.0075,0.3,90,random,0.016751772315443985,1.6751772315443985,0.37777777777777777,45,-0.10413917607201961,-10.413917607201961,5.274864242131447,1.0596558498004423,2.696296296296296e-10,0.15693287877518244,10167.51772315444,0.016751772315443985
btc_vol_breakout_3m,0,0.03,0.02,0.025,0.15,15,random,0.033210167284920815,3.3210167284920815,0.5957446808510638,47,-0.04141000920514837,-4.141000920514837,17.37148877559165,1.2654580192595402,2.2836879432624114e-10,0.4788635901943421,10332.101672849209,0.033210167284920815
btc_vol_breakout_9m,0,0.0075,0.01,0.035,0.15,1440,random,0.008988257900364647,0.8988257900364647,0.4603174603174603,63,-0.020267820267785286,-2.0267820267785286,6.923863549256296,1.1072819027470122,8.492063492063492e-11,0.10056479726787697,10089.882579003646,0.008988257900364647
btc_bullish,0,0.0175,0.035,0.0075,0.3,45,random,0.03603118986018772,3.603118986018772,0.34782608695652173,69,-0.09175632500092046,-9.175632500092046,9.174528663230086,1.096962979990059,1.8140096618357487e-10,0.2003160220252553,10360.311898601878,0.03603118986018772
btc_small_up_10m,0,0.0175,0.045,0.0175,0.05,240,random,0.003936014180358057,0.39360141803580573,0.34615384615384615,52,-0.017540636656459108,-1.7540636656459108,5.95142396958049,1.093711779940907,1.7371794871794872e-10,0.15617884224708578,10039.360141803581,0.003936014180358057
btc_small_down_10m,0,0.0175,0.05,0.01,0.3,45,random,-0.017379782431365128,-1.7379782431365127,0.3695652173913043,46,-0.09307424356786964,-9.307424356786964,-3.449949809886005,0.9251311340182856,2.2971014492753624e-10,-0.10190664883583135,9826.202175686349,-0.017379782431365128
btc_vol_breakout_10m,0,0.005,0.12,0.035,0.4,20,random,-0.03285421690469498,-3.285421690469498,0.2909090909090909,55,-0.09098315882445052,-9.098315882445052,-7.071027473911031,0.8658578616631153,1.0666666666666667e-10,-0.13283683767500726,9671.45783095305,-0.03285421690469498
btc_small_down_10m,0,0.1,0.015,0.01,0.5,15,random,0.20564832768491187,20.564832768491186,0.8275862068965517,29,-0.11264110315497922,-11.264110315497922,28.720675420991718,1.6895698836323045,3.689655172413793e-10,1.3788342269737912,12056.483276849118,0.20564832768491187
btc_vol_breakout_2m,0,0.03,0.08,0.01,0.4,120,random,0.0702102084242199,7.021020842421991,0.375,32,-0.12405345524826505,-12.405345524826505,13.790213492164783,1.224961180344896,4e-10,0.6130536733667834,10702.102084242199,0.0702102084242199
btc_bullish,0,0.02,0.1,0.0075,0.05,10,random,0.01026548193612117,1.026548193612117,0.3191489361702128,47,-0.01477563269576665,-1.477563269576665,13.456811166710564,1.2633381004224598,2.812056737588652e-10,0.44253483720778175,10102.654819361213,0.01026548193612117
btc_hl_breakout_3m,0,0.03,0.04,0.005,0.05,480,random,0.009081097807877843,0.9081097807877843,0.46511627906976744,43,-0.014588992307484783,-1.4588992307484783,13.630288563791376,1.2132736604115981,2.9186046511627907e-10,0.4268447979526752,10090.810978078778,0.009081097807877843
btc_hl_breakout_2m,0,0.0125,0.06,0.02,0.05,60,random,0.013466471989871172,1.3466471989871172,0.38596491228070173,57,-0.015162511973361381,-1.5162511973361381,20.25262597311425,1.3495430594479805,1.9415204678362575e-10,0.4747207417340369,10134.664719898712,0.013466471989871172
btc_small_up_10m,0,0.02,0.2,0.025,0.25,45,random,0.026217964133975466,2.6217964133975467,0.2894736842105263,38,-0.09736580462655753,-9.736580462655752,8.133278804634724,1.1336287034427326,2.75e-10,0.32525803501774603,10262.179641339755,0.026217964133975466
btc_vol_breakout_3m,0,0.015,0.035,0.015,0.5,1440,random,0.06108075858600368,6.108075858600368,0.42592592592592593,54,-0.12276236140319774,-12.276236140319774,11.257109187944463,1.1296389372910927,1.7098765432098767e-10,0.2634963936711711,10610.807585860037,0.06108075858600368
btc_hl_breakout_2m,0,0.025,0.1,0.035,0.2,720,random,0.03655663829035664,3.655663829035664,0.3055555555555556,36,-0.06385981085064951,-6.385981085064952,13.712048650982808,1.2249212169769412,3.4351851851851853e-10,0.5388341093433747,10365.566382903566,0.03655663829035664
btc_small_down_10m,0,0.01,0.1,0.04,0.4,720,random,-0.025685016452842775,-2.5685016452842775,0.2857142857142857,63,-0.16807216825980975,-16.807216825980976,-3.352532943446002,0.9318419555242693,1.4841269841269843e-10,-0.07352098441313644,9743.149835471573,-0.025685016452842775
btc_bullish,0,0.03,0.045,0.025,0.4,30,random,0.10667840309262719,10.667840309262719,0.4222222222222222,45,-0.10295434300021555,-10.295434300021554,18.484154142735562,1.2697896084931075,2.9370370370370375e-10,0.6194820131559602,11066.784030926272,0.10667840309262719
btc_vol_breakout_9m,0,0.0175,0.025,0.025,0.1,20,random,0.001918456375218534,0.1918456375218534,0.3488372093023256,43,-0.029812220560147762,-2.981222056014776,2.197735718358518,1.0291144510859684,1.8023255813953487e-10,0.0520898649062166,10019.184563752186,0.001918456375218534
btc_vol_breakout_2m,0,0.01,0.3,0.02,0.15,10,random,0.003910420254691871,0.39104202546918715,0.296875,64,-0.0521648722649628,-5.21648722649628,2.5526707705523455,1.030479408479621,1.6223958333333334e-10,0.05233778455428328,10039.104202546918,0.003910420254691871
btc_small_up_9m,0,0.005,0.2,0.015,0.2,180,random,0.013247114105740207,1.3247114105740208,0.375,56,-0.051315702620771786,-5.131570262077179,6.534333555626136,1.1176273177791325,1.267857142857143e-10,0.12707285322761366,10132.471141057402,0.013247114105740207
btc_vol_breakout_3m,0,0.06,0.025,0.035,0.3,480,random,0.10382932041900868,10.382932041900867,0.7096774193548387,31,-0.06559037979148175,-6.559037979148174,24.45316480599472,1.5240550506992512,4.0053763440860216e-10,1.109217790566065,11038.293204190086,0.10382932041900868
btc_small_up_10m,0,0.025,0.03,0.04,0.1,30,random,0.022884569084145847,2.2884569084145845,0.44680851063829785,47,-0.0337815559259923,-3.37815559259923,16.53835025790538,1.2649943501607785,2.0886524822695033e-10,0.49389280504262106,10228.84569084146,0.022884569084145847
btc_hl_breakout_2m,0,0.01,0.1,0.0075,0.1,60,random,0.018414122721125033,1.8414122721125032,0.32786885245901637,61,-0.04056648712502342,-4.0566487125023425,14.517875999064614,1.227728834395415,1.680327868852459e-10,0.30871120575492195,10184.14122721125,0.018414122721125033
btc_hl_breakout_2m,0,0.01,0.045,0.0175,0.5,240,random,0.08736494764499311,8.73649476449931,0.35714285714285715,70,-0.1730711231179225,-17.30711231179225,15.250012148425164,1.1843182338278624,1.4357142857142857e-10,0.27281523074989095,10873.649476449931,0.08736494764499311
btc_hl_breakout_2m,0,0.1,0.15,0.04,0.1,180,random,0.035296727180873254,3.5296727180873253,0.4,10,-0.037664341236788745,-3.7664341236788745,22.43241972470292,1.9163782835646912,1.445e-09,3.55522385520024,10352.967271808733,0.035296727180873254
btc_hl_breakout_1m,0,0.0175,0.04,0.03,0.1,5,random,-0.014299976455807667,-1.4299976455807666,0.35185185185185186,54,-0.04269218985638079,-4.269218985638079,-11.552536583654364,0.8438976512123114,2.0925925925925927e-10,-0.2591808682492354,9857.000235441923,-0.014299976455807667
btc_small_down_10m,0,0.015,0.3,0.025,0.1,180,random,0.024521372694068417,2.4521372694068417,0.3333333333333333,42,-0.031052005651478698,-3.10520056514787,19.93100694796919,1.4676579607984725,2.5674603174603177e-10,0.5930736920565487,10245.213726940685,0.024521372694068417
btc_hl_breakout_8m,0,0.0075,0.06,0.04,0.3,120,random,0.016804067953386993,1.6804067953386994,0.2894736842105263,76,-0.12082214504114619,-12.082214504114619,5.170719749230982,1.0564411034447656,1.2675438596491228e-10,0.09617386756085033,10168.04067953387,0.016804067953386993
btc_hl_breakout_7m,0,0.06,0.02,0.015,0.25,240,random,0.07877233060769503,7.877233060769504,0.7105263157894737,38,-0.07371797731533003,-7.371797731533003,21.521022993674997,1.388155660404243,3.4824561403508774e-10,0.8358169894577488,10787.72330607695,0.07877233060769503
btc_hl_breakout_8m,0,0.01,0.015,0.02,0.05,20,random,0.004586024980920194,0.4586024980920194,0.375,88,-0.018839032507878217,-1.8839032507878217,6.870823741302335,1.0883531338294026,1.0113636363636364e-10,0.10722028112342503,10045.860249809202,0.004586024980920194
btc_hl_breakout_9m,0,0.01,0.025,0.005,0.2,20,random,0.039657103313066044,3.9657103313066044,0.3670886075949367,79,-0.0715211812281138,-7.1521181228113795,14.758444331343354,1.1915249021637015,1.20042194092827e-10,0.26102719673558367,10396.57103313066,0.039657103313066044
btc_small_down_10m,0,0.035,0.05,0.04,0.1,360,random,0.013182629722424542,1.3182629722424541,0.39285714285714285,28,-0.026260000556146745,-2.6260000556146745,10.262919967778718,1.2296785120877194,4.1904761904761905e-10,0.4842353706394754,10131.826297224245,0.013182629722424542
btc_vol_breakout_8m,0,0.005,0.25,0.05,0.05,5,random,-0.002344690365175609,-0.2344690365175609,0.3157894736842105,57,-0.011109845283006847,-1.1109845283006847,-4.44856207062416,0.9194510196933665,1.1374269005847954e-10,-0.08040934230233628,9976.553096348243,-0.002344690365175609
btc_vol_breakout_2m,0,0.08,0.2,0.02,0.15,30,random,0.063365370738552,6.3365370738552,0.45454545454545453,11,-0.04595946863046496,-4.595946863046496,26.397264431233175,2.1534286599930783,1.2969696969696969e-09,3.8590606293066916,10633.65370738552,0.063365370738552
btc_hl_breakout_2m,0,0.015,0.01,0.0125,0.5,5,random,-0.07045611756117132,-7.045611756117132,0.5357142857142857,84,-0.20675241653893894,-20.675241653893895,-10.33220330957526,0.8759042026389534,1.1091269841269841e-10,-0.14838128137595388,9295.438824388286,-0.07045611756117132
btc_hl_breakout_4m,0,0.05,0.08,0.025,0.4,15,random,0.05304896085057212,5.304896085057212,0.36,25,-0.14338368837956406,-14.338368837956406,10.8153028839164,1.1691130865355557,5.486666666666667e-10,0.620768002006843,10530.48960850572,0.05304896085057212
btc_hl_breakout_8m,0,0.02,0.04,0.015,0.4,1440,random,-0.0057948072922310075,-0.5794807292231008,0.34615384615384615,52,-0.17673205475761888,-17.67320547576189,0.5994425403657125,0.9867620352659826,2.2307692307692307e-10,0.017669753476435214,9942.05192707769,-0.0057948072922310075
btc_hl_breakout_5m,0,0.025,0.1,0.0075,0.2,90,random,0.02192861136278509,2.192861136278509,0.2972972972972973,37,-0.07638016161395933,-7.638016161395933,8.588250139230746,1.1236497949530562,3.310810810810811e-10,0.3335721748359595,10219.286113627852,0.02192861136278509
btc_hl_breakout_10m,0,0.0175,0.025,0.0175,0.05,5,random,0.0054240149228572815,0.5424014922857281,0.3968253968253968,63,-0.02134476021098597,-2.134476021098597,7.995324312097381,1.1047476311923556,1.6798941798941798e-10,0.17662355832040766,10054.240149228574,0.0054240149228572815
btc_hl_breakout_1m,0,0.005,0.035,0.0175,0.15,45,random,-0.020826413614305626,-2.0826413614305626,0.3146067415730337,89,-0.06777237092237243,-6.777237092237243,-11.330474821227217,0.8558093378049966,9.831460674157305e-11,-0.151019711949758,9791.735863856944,-0.020826413614305626
btc_hl_breakout_4m,0,0.005,0.01,0.0075,0.1,45,random,-0.03086016735541451,-3.086016735541451,0.34951456310679613,103,-0.05475229027584194,-5.475229027584194,-30.592792403503125,0.6973663645081886,7.119741100323625e-11,-0.3016878429690679,9691.398326445855,-0.03086016735541451
btc_hl_breakout_9m,0,0.08,0.04,0.0075,0.1,90,random,0.028982736620884623,2.8982736620884624,0.6521739130434783,23,-0.03299433235599025,-3.2994332355990252,19.218940265786244,1.4438149159698797,6.036231884057971e-10,1.271057822219622,10289.827366208847,0.028982736620884623
btc_small_up_10m,0,0.1,0.25,0.02,0.05,30,random,0.015195449450551712,1.5195449450551712,0.4,10,-0.01889121579619424,-1.8891215796194238,18.984362198679374,1.595437911164301,1.3783333333333334e-09,3.0826327004843743,10151.954494505517,0.015195449450551712
btc_hl_breakout_7m,0,0.05,0.1,0.003,0.2,120,random,0.04944224545462594,4.9442245454625935,0.375,24,-0.07726067036264561,-7.726067036264562,16.422828301727186,1.327231600015905,5.854166666666666e-10,1.071964309752343,10494.42245454626,0.04944224545462594
btc_small_up_10m,0,0.03,0.05,0.003,0.15,180,random,0.03665465513715021,3.665465513715021,0.3783783783783784,37,-0.05242398862410369,-5.242398862410369,17.232919183959513,1.29799744502415,2.9639639639639637e-10,0.675984378625614,10366.546551371503,0.03665465513715021
btc_vol_breakout_2m,0,0.035,0.08,0.04,0.2,60,random,0.05557181483854872,5.557181483854872,0.3793103448275862,29,-0.0656841605695564,-6.568416056955639,20.170864143478664,1.4250879457844305,4.626436781609195e-10,0.9755263506265953,10555.718148385487,0.05557181483854872
btc_hl_breakout_6m,0,0.0075,0.015,0.01,0.1,30,random,-7.310585434230461e-05,-0.007310585434230461,0.3368421052631579,95,-0.04513252049892147,-4.513252049892147,0.3558559353267482,0.9993439591813211,9.43859649122807e-11,0.005159854326764439,9999.268941456578,-7.310585434230461e-05
btc_vol_breakout_3m,0,0.015,0.3,0.0075,0.5,30,random,0.021128321304516702,2.1128321304516704,0.325,40,-0.15451104331872456,-15.451104331872456,5.099621250376782,1.0610228374255626,2.4833333333333335e-10,0.17161121947490932,10211.283213045168,0.021128321304516702
btc_hl_breakout_3m,0,0.025,0.3,0.003,0.05,480,random,0.00915295098156659,0.915295098156659,0.25,32,-0.018553474060661324,-1.8553474060661324,12.881940160989748,1.2422227175328389,3.96875e-10,0.5893694919730755,10091.529509815666,0.00915295098156659
btc_vol_breakout_8m,0,0.01,0.025,0.0075,0.2,360,random,0.024591740179395517,2.4591740179395516,0.37735849056603776,53,-0.03613492097147042,-3.613492097147042,12.980568005743038,1.1982734445593002,1.2861635220125786e-10,0.24039943733779595,10245.917401793955,0.024591740179395517
btc_hl_breakout_1m,0,0.015,0.15,0.0175,0.15,60,random,-0.0013271441339252532,-0.13271441339252532,0.3617021276595745,47,-0.061483791766413054,-6.148379176641305,-0.07385073721755503,0.988676172926026,2.3262411347517732e-10,-0.0007802609014222417,9986.728558660747,-0.0013271441339252532
btc_hl_breakout_9m,0,0.03,0.08,0.025,0.15,360,random,0.021542713172903724,2.1542713172903722,0.30303030303030304,33,-0.06685711369147296,-6.685711369147295,10.191338898505665,1.1697173553073088,3.893939393939394e-10,0.4657666513595041,10215.427131729037,0.021542713172903724
btc_alt_aligned,0,0.1,0.15,0.025,0.05,60,random,0.01742987816138748,1.742987816138748,0.4166666666666667,12,-0.017988940205775017,-1.7988940205775017,21.766273924482896,1.6067557651409994,1.2208333333333333e-09,2.9304597511699852,10174.298781613874,0.01742987816138748
btc_hl_breakout_1m,0,0.015,0.2,0.05,0.4,90,random,-0.01945111186697095,-1.945111186697095,0.3617021276595745,47,-0.17066424312628659,-17.06642431262866,-2.095022407059328,0.9401911479337935,2.347517730496454e-10,-0.0581058405001569,9805.48888133029,-0.01945111186697095
btc_hl_breakout_9m,0,0.025,0.3,0.02,0.15,120,random,0.03855435139400588,3.855435139400588,0.24242424242424243,33,-0.06289310768522127,-6.289310768522127,16.760518018315242,1.3157418525932332,3.7272727272727275e-10,0.8244942702165785,10385.543513940058,0.03855435139400588
btc_vol_breakout_2m,0,0.04,0.04,0.025,0.2,720,random,0.02650394951982396,2.650394951982396,0.4722222222222222,36,-0.06801503003828357,-6.8015030038283575,10.56337778987132,1.1581327323228907,3.532407407407407e-10,0.39450223936848194,10265.03949519824,0.02650394951982396
btc_hl_breakout_3m,0,0.01,0.015,0.01,0.3,1440,random,0.025678619811021146,2.5678619811021144,0.4166666666666667,84,-0.09171105900421672,-9.171105900421672,7.908015230318612,1.084666184431211,1.0773809523809524e-10,0.11673409972882945,10256.78619811021,0.025678619811021146
btc_small_down_10m,0,0.1,0.04,0.005,0.25,60,random,0.028229200810053635,2.8229200810053636,0.65,20,-0.08515415806610838,-8.515415806610838,8.784921914923677,1.1777132963339585,6.2e-10,0.6218269229841862,10282.292008100536,0.028229200810053635
btc_vol_breakout_9m,0,0.035,0.05,0.025,0.3,240,random,0.029004682291700327,2.9004682291700328,0.38461538461538464,26,-0.0666324013027374,-6.66324013027374,9.361907556193096,1.1775229869803903,4.185897435897436e-10,0.4104830559660959,10290.046822917004,0.029004682291700327
btc_hl_breakout_8m,0,0.025,0.12,0.0125,0.15,1440,random,0.029141112358591976,2.9141112358591976,0.2857142857142857,35,-0.056448391232672646,-5.644839123267264,13.274546084973199,1.2379902223895982,3.571428571428571e-10,0.5815982511555717,10291.41112358592,0.029141112358591976
btc_hl_breakout_4m,0,0.035,0.25,0.0075,0.4,720,random,0.12025114212849967,12.025114212849967,0.34782608695652173,23,-0.12023371150365003,-12.023371150365003,21.235636051300116,1.4948132154538054,6.166666666666667e-10,1.41148098130486,11202.511421284997,0.12025114212849967
btc_hl_breakout_6m,0,0.0175,0.12,0.025,0.2,5,random,-0.048481202118110446,-4.848120211811045,0.2127659574468085,47,-0.11391591506454446,-11.391591506454446,-18.404994538062812,0.7389854964657461,2.514184397163121e-10,-0.5048059631552881,9515.187978818896,-0.048481202118110446
btc_vol_breakout_9m,0,0.08,0.035,0.015,0.25,30,random,0.012637160747636699,1.26371607476367,0.6363636363636364,22,-0.06985715527235281,-6.985715527235281,4.927185901627199,1.073043600905203,5.356060606060606e-10,0.28758390074615137,10126.371607476367,0.012637160747636699
btc_small_down_10m,0,0.0075,0.04,0.03,0.15,15,random,-0.007454606217400874,-0.7454606217400874,0.36486486486486486,74,-0.04718368883529733,-4.718368883529733,-3.591595337620711,0.9459006571472945,1.1238738738738738e-10,-0.059701785917263675,9925.45393782599,-0.007454606217400874
btc_hl_breakout_1m,0,0.03,0.035,0.03,0.4,10,random,0.046672717641236615,4.667271764123662,0.4634146341463415,41,-0.12335270260832765,-12.335270260832765,10.41292739728208,1.1294787997292368,3.1178861788617884e-10,0.3246236825729866,10466.727176412365,0.046672717641236615
btc_hl_breakout_2m,0,0.01,0.12,0.0075,0.1,240,random,0.017676264700346257,1.7676264700346258,0.32786885245901637,61,-0.0405664871250232,-4.056648712502319,13.94415870189318,1.2187621858604734,1.680327868852459e-10,0.2971149347630416,10176.762647003463,0.017676264700346257
btc_hl_breakout_8m,0,0.05,0.25,0.005,0.3,120,random,0.07969943175055132,7.969943175055132,0.3333333333333333,18,-0.11551913914345335,-11.551913914345334,17.49852196389194,1.3669313269437984,7.851851851851853e-10,1.6139214733899752,10796.994317505512,0.07969943175055132
btc_hl_breakout_8m,0,0.08,0.02,0.05,0.5,480,random,0.14217260530451203,14.217260530451203,0.7741935483870968,31,-0.1386099738691462,-13.860997386914619,20.21667685307382,1.3912906215280834,4.086021505376344e-10,0.9445287635468766,11421.72605304512,0.14217260530451203
btc_hl_breakout_1m,0,0.005,0.25,0.025,0.2,20,random,-0.03521488672584262,-3.5214886725842622,0.30120481927710846,83,-0.09554029609232606,-9.554029609232606,-14.045110268689408,0.802266872645821,1.0622489959839358e-10,-0.2077217214526382,9647.851132741574,-0.03521488672584262
btc_hl_breakout_3m,0,0.0075,0.12,0.035,0.05,5,random,-6.449717601695965e-05,-0.006449717601695965,0.29850746268656714,67,-0.0212659519512145,-2.12659519512145,0.08005035164772475,0.9985235828025959,1.3855721393034826e-10,0.0017912191111994435,9999.35502823983,-6.449717601695965e-05
btc_small_up_10m,0,0.005,0.08,0.02,0.3,240,random,0.04510456177157394,4.510456177157394,0.375,64,-0.08076159280714024,-8.076159280714023,12.28008840233442,1.1996597082704388,1.0833333333333333e-10,0.25170786748097645,10451.04561771574,0.04510456177157394
btc_vol_breakout_2m,0,0.035,0.15,0.03,0.2,360,random,0.048179624501283935,4.817962450128394,0.3333333333333333,24,-0.06568416056955595,-6.568416056955595,17.717884491697863,1.3936841285250714,5.6875e-10,1.0518672367304935,10481.79624501284,0.048179624501283935
btc_bullish,0,0.01,0.25,0.01,0.1,120,random,0.017934013617931555,1.7934013617931555,0.30985915492957744,71,-0.031019344854408604,-3.1019344854408604,12.32976588322556,1.1999697573023496,1.73943661971831e-10,0.2590116897420818,10179.340136179315,0.017934013617931555
btc_alt_aligned,0,0.1,0.035,0.0125,0.25,20,random,0.06358118880681672,6.358118880681672,0.72,25,-0.08620793129270965,-8.620793129270965,17.250790385492223,1.3309017772919107,5.766666666666666e-10,1.058671967954472,10635.811888068167,0.06358118880681672
btc_vol_breakout_3m,0,0.03,0.08,0.05,0.15,10,random,0.028542090400155484,2.854209040015548,0.41379310344827586,29,-0.051896498936705227,-5.189649893670523,14.358945182600975,1.275182326835308,4.2068965517241384e-10,0.6805683798931379,10285.420904001556,0.028542090400155484
btc_vol_breakout_8m,0,0.04,0.01,0.0125,0.15,10,random,0.019867035026736972,1.9867035026736972,0.723404255319149,47,-0.04002003802399545,-4.002003802399545,12.819070135671486,1.219437998467597,2.0390070921985815e-10,0.28890154412525765,10198.67035026737,0.019867035026736972
btc_bullish,0,0.06,0.05,0.0125,0.15,30,random,0.05252356101777209,5.25235610177721,0.5555555555555556,27,-0.046927616869393285,-4.6927616869393285,23.11335085316121,1.4887088291952344,5.117283950617284e-10,1.3004514345858533,10525.23561017772,0.05252356101777209
btc_vol_breakout_9m,0,0.0125,0.3,0.0175,0.25,180,random,0.012820101541558142,1.2820101541558142,0.3333333333333333,36,-0.05313621751406372,-5.313621751406372,5.51598137556425,1.0988001603006476,2.185185185185185e-10,0.16367316478736937,10128.201015415581,0.012820101541558142
btc_hl_breakout_5m,0,0.0075,0.2,0.02,0.15,360,random,0.0032468274980293472,0.3246827498029347,0.29411764705882354,68,-0.07782591384680826,-7.782591384680826,2.132883856863783,1.02236965741834,1.4681372549019608e-10,0.044322722370201476,10032.468274980294,0.0032468274980293472
btc_hl_breakout_5m,0,0.05,0.015,0.02,0.1,45,random,0.00838018109749688,0.838018109749688,0.6739130434782609,46,-0.03546271187949912,-3.546271187949912,6.597021640506861,1.0927927659278263,2.5797101449275363e-10,0.19320810498485724,10083.801810974968,0.00838018109749688
btc_hl_breakout_1m,0,0.005,0.25,0.015,0.3,90,random,-0.05335007920117646,-5.335007920117646,0.30120481927710846,83,-0.1404341970951145,-14.04341970951145,-13.991482234148414,0.8016161868316022,1.0622489959839358e-10,-0.20772172145263806,9466.499207988236,-0.05335007920117646
btc_small_up_10m,0,0.015,0.04,0.035,0.25,60,random,0.019442273966384618,1.9442273966384618,0.34545454545454546,55,-0.08376964467001036,-8.376964467001036,6.635524696247082,1.0856658956568366,1.5393939393939394e-10,0.1637343456100174,10194.422739663845,0.019442273966384618
btc_hl_breakout_1m,0,0.0175,0.015,0.0125,0.2,360,random,-0.013839696627398961,-1.383969662739896,0.4788732394366197,71,-0.07827711070166299,-7.827711070166298,-5.027959305966878,0.9344816730858617,1.403755868544601e-10,-0.08607707570657687,9861.60303372601,-0.013839696627398961
btc_hl_breakout_3m,0,0.0075,0.05,0.0075,0.25,60,random,0.0021956993004496324,0.21956993004496322,0.3380281690140845,71,-0.09573197158547919,-9.57319715854792,1.6127452027360756,1.009609376909497,1.2629107981220657e-10,0.028723251700021126,10021.956993004496,0.0021956993004496324
btc_vol_breakout_10m,0,0.05,0.12,0.005,0.3,180,random,0.015846850134362375,1.5846850134362374,0.3333333333333333,18,-0.09962610613342848,-9.962610613342848,5.113782888515236,1.0862682911013022,6.722222222222222e-10,0.4101394487709182,10158.468501343625,0.015846850134362375
btc_hl_breakout_9m,0,0.08,0.15,0.01,0.1,120,random,0.03792858197737395,3.7928581977373947,0.46153846153846156,13,-0.03299433235599025,-3.2994332355990252,23.98067337808076,1.6626162055149407,1.114102564102564e-09,2.9494232821700193,10379.285819773739,0.03792858197737395
btc_hl_breakout_1m,0,0.0075,0.12,0.0175,0.2,20,random,0.004946856784238867,0.49468567842388667,0.30985915492957744,71,-0.07204959167974079,-7.204959167974079,2.6808483103201137,1.0272219612445155,1.3615023474178405e-10,0.048869294371131286,10049.468567842388,0.004946856784238867
btc_small_down_10m,0,0.015,0.1,0.03,0.25,10,random,0.051243983043476785,5.124398304347679,0.34782608695652173,46,-0.07596157603319087,-7.596157603319087,17.23711046636845,1.3151763748881717,2.344202898550725e-10,0.4597885215746152,10512.439830434767,0.051243983043476785
btc_small_up_9m,0,0.015,0.02,0.03,0.1,10,random,0.016065636523238107,1.6065636523238107,0.42592592592592593,54,-0.020088266051803028,-2.0088266051803028,16.061619175237908,1.2335753845777917,1.478395061728395e-10,0.30134392119492187,10160.65636523238,0.016065636523238107
btc_vol_breakout_9m,0,0.035,0.15,0.035,0.3,15,random,0.07221333706267191,7.221333706267191,0.35,20,-0.060904131722651855,-6.090413172265185,20.40997397108055,1.5841399138493524,6.075e-10,1.2521782309011635,10722.13337062672,0.07221333706267191
btc_small_up_10m,0,0.05,0.06,0.005,0.1,180,random,0.03124357076675509,3.1243570766755093,0.4230769230769231,26,-0.03630791322000715,-3.630791322000715,20.69726477663392,1.4349947141974515,4.820512820512821e-10,1.214150016642872,10312.435707667551,0.03124357076675509
btc_vol_breakout_10m,0,0.03,0.2,0.035,0.15,480,random,0.043932176149312475,4.393217614931247,0.36363636363636365,22,-0.034020823009949464,-3.4020823009949464,23.659054319082287,1.6686055944219296,4.787878787878788e-10,1.3539162745570228,10439.321761493125,0.043932176149312475
btc_hl_breakout_1m,0,0.015,0.05,0.05,0.1,90,random,0.009083546021950132,0.9083546021950132,0.4,55,-0.03082520732920624,-3.082520732920624,7.3330841137581055,1.098256075934531,1.996969696969697e-10,0.17570156356987432,10090.835460219501,0.009083546021950132
btc_hl_breakout_8m,0,0.03,0.04,0.025,0.3,1440,random,0.05517423017966721,5.5174230179667205,0.42857142857142855,42,-0.10781534267883042,-10.781534267883043,13.317837619411844,1.1849019767158993,2.972222222222222e-10,0.4712851931149402,10551.742301796672,0.05517423017966721
btc_small_up_10m,0,0.05,0.2,0.03,0.4,720,random,0.09922977957431395,9.922977957431394,0.3684210526315789,19,-0.13859181698976486,-13.859181698976485,17.448527675931448,1.338148604865773,6.736842105263157e-10,1.4762190207828187,10992.29779574314,0.09922977957431395
btc_small_down_10m,0,0.015,0.045,0.04,0.25,180,random,0.02192406140240396,2.192406140240396,0.38,50,-0.07597816443633731,-7.597816443633731,8.471207308797553,1.1313013891493027,1.9466666666666667e-10,0.18911564079025553,10219.24061402404,0.02192406140240396
btc_hl_breakout_2m,0,0.02,0.3,0.03,0.3,90,random,-0.016151961402755977,-1.6151961402755977,0.23076923076923078,39,-0.13749605191594116,-13.749605191594117,-2.9702733051441466,0.9327121444546137,3.034188034188034e-10,-0.0794829947588547,9838.48038597244,-0.016151961402755977
btc_vol_breakout_9m,0,0.005,0.25,0.003,0.3,90,random,-0.020406596375342586,-2.0406596375342585,0.2982456140350877,57,-0.06911478089610068,-6.911478089610068,-5.920412458033894,0.8824531272988818,1.1140350877192983e-10,-0.10952715186798348,9795.934036246574,-0.020406596375342586
btc_vol_breakout_10m,0,0.005,0.025,0.005,0.5,1440,random,0.0017730537499981438,0.17730537499981439,0.3220338983050847,59,-0.10734902728495377,-10.734902728495378,1.763957910232842,1.0054493311011221,9.237288135593221e-11,0.029600641717123382,10017.730537499981,0.0017730537499981438
btc_hl_breakout_5m,0,0.005,0.05,0.035,0.25,30,random,-0.01948482292554713,-1.9484822925547132,0.3111111111111111,90,-0.12384666800688093,-12.384666800688093,-4.942406335107493,0.9263431875889355,9.962962962962962e-11,-0.07311624556398413,9805.15177074453,-0.01948482292554713
btc_hl_breakout_1m,0,0.02,0.01,0.02,0.3,5,random,-0.04482944463542913,-4.482944463542913,0.5416666666666666,72,-0.13305899871461413,-13.305899871461413,-11.596576636780377,0.8587681492090101,1.3078703703703705e-10,-0.1946153079763633,9551.705553645708,-0.04482944463542913
btc_hl_breakout_3m,0,0.035,0.035,0.0175,0.5,60,random,0.13265452907286007,13.265452907286008,0.5263157894736842,38,-0.12774242102683886,-12.774242102683885,20.515999272896956,1.3068799994580256,3.513157894736842e-10,0.7205932469900996,11326.545290728602,0.13265452907286007
btc_hl_breakout_4m,0,0.0175,0.035,0.025,0.4,1440,random,0.02947785916717812,2.947785916717812,0.42592592592592593,54,-0.1042359315102176,-10.423593151021759,7.209601258206262,1.0753012342128394,2.1358024691358025e-10,0.16925107187222288,10294.77859167178,0.02947785916717812
btc_small_up_9m,0,0.03,0.15,0.0125,0.4,15,random,0.06606469816139593,6.606469816139593,0.32,25,-0.12373222833065145,-12.373222833065146,13.910383979610513,1.2688018115553636,4.653333333333334e-10,0.7495636731887775,10660.64698161396,0.06606469816139593
btc_hl_breakout_3m,0,0.0175,0.12,0.003,0.1,5,random,-0.0011800999311422401,-0.11800999311422401,0.25,44,-0.03998225192906424,-3.998225192906424,-0.5076524458968125,0.9851481088614719,2.7310606060606063e-10,-0.0128076827342752,9988.199000688577,-0.0011800999311422401
btc_vol_breakout_3m,0,0.0075,0.06,0.05,0.05,30,random,-0.006969868143413669,-0.6969868143413669,0.2647058823529412,68,-0.023337345591452396,-2.3337345591452396,-11.269630904592189,0.8440060633701748,1.1225490196078431e-10,-0.20254872729645454,9930.301318565864,-0.006969868143413669
btc_vol_breakout_9m,0,0.025,0.02,0.02,0.4,10,random,0.12847633939636766,12.847633939636765,0.6052631578947368,38,-0.06458971605920705,-6.458971605920705,29.925438957140678,1.537577058672616,2.0789473684210526e-10,0.8298532968636083,11284.763393963676,0.12847633939636766
btc_vol_breakout_3m,0,0.0125,0.05,0.0125,0.3,10,random,0.021158188394955688,2.1158188394955686,0.38461538461538464,52,-0.0855672160187545,-8.55672160187545,6.80445401495566,1.089186502662519,1.7788461538461538e-10,0.16113507187444526,10211.581883949557,0.021158188394955688
btc_bullish,0,0.0125,0.035,0.0175,0.25,90,random,0.0252280339692094,2.5228033969209402,0.34177215189873417,79,-0.07867642970390121,-7.86764297039012,7.765731270142896,1.080844577474827,1.5253164556962028e-10,0.14719928301224128,10252.280339692094,0.0252280339692094
btc_small_up_10m,0,0.02,0.03,0.035,0.3,20,random,0.036401584527226256,3.6401584527226256,0.37735849056603776,53,-0.09894897831197236,-9.894897831197236,9.69552098231507,1.1221869870485943,1.8238993710691825e-10,0.25677906327163474,10364.015845272263,0.036401584527226256
btc_hl_breakout_10m,0,0.03,0.01,0.01,0.15,20,random,0.04310225307340516,4.310225307340516,0.6833333333333333,60,-0.036885644752114866,-3.6885644752114866,20.328767845595532,1.329501267430498,1.8805555555555556e-10,0.48344385479205343,10431.022530734052,0.04310225307340516
btc_hl_breakout_2m,0,0.03,0.04,0.05,0.2,45,random,0.02608369454583999,2.608369454583999,0.4418604651162791,43,-0.07281304115976439,-7.28130411597644,10.60583090043886,1.1437809516587787,2.9651162790697674e-10,0.32341530618046016,10260.836945458399,0.02608369454583999
btc_hl_breakout_7m,0,0.03,0.12,0.02,0.05,360,random,0.01176670995991364,1.176670995991364,0.2727272727272727,33,-0.020680514465079902,-2.06805144650799,15.659053898535747,1.2829935700299941,4.191919191919192e-10,0.7234427079108026,10117.667099599137,0.01176670995991364
btc_hl_breakout_8m,0,0.06,0.06,0.025,0.25,10,random,0.0560855042877773,5.60855042877773,0.5,24,-0.09927592389427198,-9.927592389427197,15.34574906257525,1.2873841888379978,5.826388888888889e-10,0.983860029631393,10560.855042877773,0.0560855042877773
btc_vol_breakout_8m,0,0.025,0.045,0.005,0.5,5,random,0.05581175142260163,5.581175142260163,0.37142857142857144,35,-0.11145858473585879,-11.145858473585879,11.356923993954373,1.1779167546443583,2.6333333333333335e-10,0.35680097387519294,10558.117514226016,0.05581175142260163
btc_vol_breakout_10m,0,0.015,0.1,0.05,0.3,30,random,0.005694017510744925,0.5694017510744924,0.2972972972972973,37,-0.06954232307754726,-6.954232307754726,2.713893775278949,1.0331831234011641,2.0495495495495495e-10,0.0781092833818294,10056.94017510745,0.005694017510744925
btc_vol_breakout_10m,0,0.05,0.25,0.01,0.25,180,random,0.05863994312977643,5.863994312977643,0.3125,16,-0.0836092979942602,-8.360929799426021,17.134216284761138,1.3912236400686318,7.708333333333333e-10,1.590182429448774,10586.399431297765,0.05863994312977643
btc_vol_breakout_10m,0,0.04,0.1,0.04,0.4,480,random,0.13504311454062817,13.504311454062817,0.391304347826087,23,-0.08299430001137564,-8.299430001137564,27.10647154123976,1.599944065398687,5.014492753623188e-10,1.4730016648320015,11350.43114540628,0.13504311454062817
btc_alt_aligned,0,0.015,0.035,0.02,0.3,240,random,0.029257015027759098,2.92570150277591,0.3625,80,-0.11211035671043346,-11.211035671043346,7.623209981912099,1.072655853328246,1.6666666666666666e-10,0.14586917742120348,10292.570150277592,0.029257015027759098
btc_hl_breakout_6m,0,0.06,0.06,0.035,0.05,45,random,0.009432219315612354,0.9432219315612355,0.4583333333333333,24,-0.020566682404626113,-2.0566682404626113,12.54946306012818,1.2417908275848073,5.652777777777777e-10,0.7982339432285256,10094.322193156124,0.009432219315612354
btc_vol_breakout_3m,0,0.06,0.3,0.005,0.4,360,random,0.08130510372516506,8.130510372516506,0.4166666666666667,12,-0.13411850083646026,-13.411850083646026,15.222017632209647,1.511185868901714,1.1222222222222222e-09,1.8161798395809479,10813.051037251651,0.08130510372516506
btc_small_up_10m,0,0.015,0.3,0.015,0.4,20,random,0.04113084650122828,4.113084650122828,0.3170731707317073,41,-0.1259054023400843,-12.59054023400843,8.840307067385533,1.1472873873827318,2.280487804878049e-10,0.30321073042543356,10411.308465012284,0.04113084650122828
btc_hl_breakout_4m,0,0.04,0.2,0.015,0.05,360,random,0.016233543539292822,1.6233543539292823,0.34782608695652173,23,-0.016681669113997044,-1.6681669113997044,22.325466075524464,1.532674892027171,6.050724637681159e-10,1.4257266022756632,10162.335435392928,0.016233543539292822
btc_hl_breakout_10m,0,0.005,0.045,0.015,0.4,15,random,0.024140077948816223,2.414007794881622,0.34065934065934067,91,-0.14826078159398182,-14.826078159398183,5.9903094476754015,1.058636950584107,1.0054945054945054e-10,0.08869055050594617,10241.400779488162,0.024140077948816223
btc_bullish,0,0.015,0.3,0.03,0.5,90,random,0.0909817666759499,9.09817666759499,0.3269230769230769,52,-0.1477522715953289,-14.77522715953289,13.589941664700069,1.2072580322407376,2.487179487179487e-10,0.39840470483831897,10909.8176667595,0.0909817666759499
btc_alt_aligned,0,0.025,0.03,0.003,0.2,720,random,0.03990805064305362,3.990805064305362,0.41379310344827586,58,-0.07327860758943316,-7.3278607589433165,13.66645582549018,1.1684989428976014,2.382183908045977e-10,0.36210349350906834,10399.080506430537,0.03990805064305362
btc_hl_breakout_6m,0,0.04,0.045,0.003,0.5,720,random,0.004244269079114929,0.4244269079114929,0.4117647058823529,34,-0.18712883880519648,-18.712883880519648,2.619447519939058,1.0092256799175483,3.7990196078431373e-10,0.10773576261667522,10042.44269079115,0.004244269079114929
btc_vol_breakout_10m,0,0.04,0.05,0.0175,0.4,15,random,0.06295518880781042,6.295518880781042,0.4230769230769231,26,-0.0829943000113772,-8.29943000113772,14.558408109675455,1.2758804942153752,4.205128205128205e-10,0.6502469068037592,10629.551888078104,0.06295518880781042
btc_alt_aligned,0,0.015,0.035,0.01,0.1,1440,random,0.01103242963154512,1.103242963154512,0.3625,80,-0.03808710187844844,-3.8087101878448437,7.614262578388931,1.0871082537697163,1.6666666666666666e-10,0.14586917742120556,10110.324296315452,0.01103242963154512
btc_vol_breakout_9m,0,0.08,0.02,0.035,0.15,30,random,0.03078799121004265,3.078799121004265,0.76,25,-0.0322625781773368,-3.22625781773368,18.6561223441876,1.4079141820718621,4.253333333333333e-10,0.8333869271311528,10307.879912100427,0.03078799121004265
btc_hl_breakout_8m,0,0.04,0.15,0.005,0.15,5,random,0.041459795357832833,4.145979535783283,0.375,24,-0.055776964716458655,-5.577696471645865,18.12259959837346,1.422634944111195,5.680555555555556e-10,1.1858009338647215,10414.597953578328,0.041459795357832833
btc_small_down_10m,0,0.1,0.04,0.01,0.2,15,random,0.023048761349927598,2.30487613499276,0.65,20,-0.06858235000747681,-6.8582350007476816,8.759477741696333,1.183413534856268,6.2e-10,0.6218269229841875,10230.487613499276,0.023048761349927598
btc_vol_breakout_3m,0,0.08,0.08,0.003,0.15,60,random,0.05021455697459651,5.0214556974596505,0.5,16,-0.04570553244595932,-4.570553244595931,22.39250433066583,1.639898513791122,8.3125e-10,2.1040970388138245,10502.145569745964,0.05021455697459651
btc_vol_breakout_2m,0,0.1,0.045,0.005,0.4,30,random,0.0756281045531779,7.5628104553177895,0.6666666666666666,21,-0.13703994926561403,-13.703994926561403,13.869515639173809,1.2542871458504186,6.658730158730158e-10,0.9973883587264926,10756.28104553178,0.0756281045531779
btc_small_up_10m,0,0.01,0.04,0.03,0.05,720,random,0.007831103524052127,0.7831103524052128,0.35,60,-0.014593337105176296,-1.4593337105176296,11.953782567150615,1.2052328741524636,1.2444444444444445e-10,0.2643366541378548,10078.311035240522,0.007831103524052127
btc_hl_breakout_9m,0,0.0075,0.15,0.035,0.2,360,random,0.02735454646660771,2.735454646660771,0.2898550724637681,69,-0.07916227939593512,-7.916227939593512,10.233679442523918,1.1515207730722212,1.4033816425120772e-10,0.21227639855634883,10273.545464666076,0.02735454646660771
btc_hl_breakout_6m,0,0.01,0.2,0.02,0.4,20,random,0.03188651658719969,3.188651658719969,0.3064516129032258,62,-0.15738642567633965,-15.738642567633965,7.150001939194547,1.0875735856264188,1.7150537634408602e-10,0.16358332649276863,10318.865165871997,0.03188651658719969
btc_vol_breakout_10m,0,0.08,0.12,0.025,0.05,720,random,0.0034087429926244793,0.34087429926244794,0.45454545454545453,11,-0.01544840050415075,-1.544840050415075,5.340264412054797,1.1545120800875253,1.090909090909091e-09,0.6484713775949916,10034.087429926245,0.0034087429926244793
btc_hl_breakout_9m,0,0.05,0.05,0.01,0.25,180,random,0.05277437063907646,5.277437063907646,0.4838709677419355,31,-0.09419873273247203,-9.419873273247203,14.496711297655763,1.2405881468143112,4.274193548387097e-10,0.7209709004585371,10527.743706390764,0.05277437063907646
btc_hl_breakout_10m,0,0.03,0.15,0.01,0.25,5,random,0.08058678273501187,8.058678273501187,0.37037037037037035,27,-0.08001611056781366,-8.001611056781366,21.383145444899274,1.4956746678426214,4.913580246913581e-10,1.219043489973922,10805.86782735012,0.08058678273501187
btc_vol_breakout_3m,0,0.0075,0.015,0.015,0.15,180,random,-0.008981597633999673,-0.8981597633999673,0.37037037037037035,81,-0.055195207315752226,-5.519520731575223,-4.616872945923658,0.9356472817808787,8.497942386831276e-11,-0.06694772190763328,9910.184023660004,-0.008981597633999673
btc_vol_breakout_10m,0,0.1,0.3,0.003,0.2,240,random,0.05208781379435209,5.208781379435209,0.375,8,-0.07156528902066017,-7.156528902066017,16.395535071766226,1.6367208417978873,1.6395833333333333e-09,3.4508273875227773,10520.87813794352,0.05208781379435209
btc_hl_breakout_4m,0,0.015,0.25,0.025,0.2,120,random,0.032952582143853076,3.2952582143853077,0.35555555555555557,45,-0.055877136118665516,-5.587713611866551,12.591314390127177,1.2398297473746627,2.5592592592592593e-10,0.38970742057614505,10329.52582143853,0.032952582143853076
btc_bullish,0,0.0125,0.035,0.025,0.05,30,random,0.005658397829108287,0.5658397829108287,0.34177215189873417,79,-0.015879901024856702,-1.5879901024856702,7.770753657720682,1.0953328395428856,1.5253164556962028e-10,0.14719928301224092,10056.583978291083,0.005658397829108287
btc_hl_breakout_9m,0,0.0075,0.04,0.03,0.05,120,random,0.009361831266760219,0.9361831266760219,0.3333333333333333,81,-0.018118315935783502,-1.8118315935783502,13.522309828817093,1.1991337159555069,1.1646090534979424e-10,0.2338472157092425,10093.618312667602,0.009361831266760219
btc_hl_breakout_5m,0,0.08,0.045,0.05,0.5,180,random,0.1285878407333159,12.85878407333159,0.6363636363636364,22,-0.15705056783200388,-15.705056783200389,18.123437056243457,1.3353944313253978,6.234848484848484e-10,1.247685451032191,11285.878407333159,0.1285878407333159
btc_bullish,0,0.08,0.04,0.01,0.15,720,random,0.06019111105042105,6.0191111050421044,0.6923076923076923,26,-0.040710276500163456,-4.071027650016346,26.58070959323571,1.599411992629802,5.307692307692308e-10,1.5394126397922017,10601.91111050421,0.06019111105042105
btc_vol_breakout_3m,0,0.1,0.3,0.0075,0.25,30,random,0.06634053774596914,6.6340537745969135,0.375,8,-0.08998039740583585,-8.998039740583586,16.78323896352678,1.6377556826956587,1.79375e-09,3.567780461204461,10663.40537745969,0.06634053774596914
btc_hl_breakout_4m,0,0.015,0.025,0.01,0.2,60,random,0.027193708723259418,2.7193708723259418,0.42424242424242425,66,-0.04521659177878945,-4.521659177878945,11.268667375930946,1.1357632866727974,1.547979797979798e-10,0.21846576447069047,10271.937087232594,0.027193708723259418
btc_hl_breakout_7m,0,0.01,0.08,0.04,0.05,180,random,0.007946975095835165,0.7946975095835165,0.3,70,-0.020637214116012603,-2.0637214116012603,11.198085739745476,1.1739539608221694,1.5e-10,0.2310722817225944,10079.469750958351,0.007946975095835165
btc_vol_breakout_9m,0,0.035,0.25,0.03,0.3,10,random,0.12657123093529463,12.657123093529462,0.3157894736842105,19,-0.060904131722650856,-6.090413172265086,31.660726785967114,1.9909866498898265,6.543859649122807e-10,2.2423333936744947,11265.712309352946,0.12657123093529463
btc_hl_breakout_9m,0,0.0175,0.035,0.0075,0.15,10,random,0.004574144328787839,0.45741443287878386,0.3728813559322034,59,-0.071489662388182,-7.1489662388182,2.7734593343213514,1.0285101515918504,1.9180790960451978e-10,0.06679386351883883,10045.741443287878,0.004574144328787839
btc_vol_breakout_10m,0,0.015,0.12,0.0125,0.5,5,random,0.019756837976787393,1.9756837976787394,0.3142857142857143,35,-0.11367175110970396,-11.367175110970395,5.228004934017221,1.0723479823609654,2.2e-10,0.1565218176724446,10197.568379767874,0.019756837976787393
btc_alt_aligned,0,0.01,0.03,0.01,0.2,5,random,0.0280810820981555,2.80810820981555,0.3431372549019608,102,-0.07155622099313841,-7.155622099313841,10.010058207401302,1.105247654560044,1.269607843137255e-10,0.14879067461369838,10280.810820981555,0.0280810820981555
btc_small_down_10m,0,0.06,0.04,0.003,0.05,180,random,0.007116022198997064,0.7116022198997064,0.52,25,-0.018124102374708295,-1.8124102374708295,10.050521219257899,1.219603582485077,4.686666666666667e-10,0.5772768324026325,10071.16022198997,0.007116022198997064
btc_hl_breakout_7m,0,0.0175,0.1,0.02,0.3,90,random,-0.013615804833622179,-1.3615804833622178,0.2653061224489796,49,-0.160454168638419,-16.0454168638419,-1.8500895946220735,0.954342281946929,2.421768707482993e-10,-0.05060111487912108,9863.841951663779,-0.013615804833622179
btc_hl_breakout_5m,0,0.06,0.02,0.0125,0.25,90,random,0.06441453643454315,6.441453643454315,0.6923076923076923,39,-0.08279793605068375,-8.279793605068376,17.867079745709155,1.2905522373946083,3.346153846153846e-10,0.6795756638795976,10644.145364345432,0.06441453643454315
btc_small_down_10m,0,0.035,0.08,0.01,0.3,180,random,0.06263694607500242,6.263694607500242,0.38461538461538464,26,-0.09031443290322472,-9.031443290322471,15.906129434168145,1.3356186537273214,4.608974358974359e-10,0.8418995604809126,10626.369460750024,0.06263694607500242
btc_vol_breakout_9m,0,0.015,0.025,0.03,0.05,1440,random,0.005423096321646738,0.5423096321646739,0.4090909090909091,44,-0.011568795024438194,-1.1568795024438194,11.033157054457945,1.1833026242898204,1.678030303030303e-10,0.24953500292671416,10054.230963216467,0.005423096321646738
btc_hl_breakout_5m,0,0.0175,0.045,0.035,0.5,720,random,-0.11397295629348964,-11.397295629348964,0.3333333333333333,54,-0.2253540765597133,-22.53540765597133,-17.953466754472093,0.7753418350687795,2.1358024691358025e-10,-0.408702800541041,8860.270437065104,-0.11397295629348964
btc_vol_breakout_3m,0,0.015,0.06,0.0175,0.2,15,random,0.016736119967826403,1.6736119967826404,0.3191489361702128,47,-0.06339493059564971,-6.339493059564971,7.123848578639049,1.1036329947121524,2.0531914893617023e-10,0.2016617420862338,10167.361199678264,0.016736119967826403
btc_hl_breakout_7m,0,0.005,0.045,0.0125,0.25,5,random,-0.003392904004230877,-0.33929040042308767,0.3125,96,-0.12577476376976837,-12.577476376976836,0.011829349392568963,0.9875550671612051,9.826388888888888e-11,9.058256116369913e-05,9966.070959957691,-0.003392904004230877
btc_small_up_10m,0,0.025,0.01,0.025,0.3,60,random,0.04351292803397082,4.351292803397082,0.6153846153846154,65,-0.10188035508796445,-10.188035508796444,11.582033929474797,1.1511308763103272,1.4025641025641027e-10,0.2432782022502441,10435.129280339708,0.04351292803397082
btc_vol_breakout_9m,0,0.05,0.12,0.015,0.1,90,random,0.021247478821567085,2.1247478821567087,0.3684210526315789,19,-0.03416013907368276,-3.416013907368276,15.436088319706382,1.351872763831664,6.850877192982456e-10,1.1511779343604849,10212.474788215672,0.021247478821567085
btc_hl_breakout_1m,0,0.01,0.01,0.01,0.05,1440,random,-0.0014988660364833833,-0.14988660364833833,0.44680851063829785,94,-0.01811428443012053,-1.811428443012053,-2.337545008396013,0.9700077911006808,8.75886524822695e-11,-0.029734578856837654,9985.011339635166,-0.0014988660364833833
btc_hl_breakout_6m,0,0.04,0.035,0.025,0.25,10,random,0.015514268387970424,1.5514268387970425,0.4864864864864865,37,-0.08695655091914867,-8.695655091914867,5.59901861902399,1.0696144269601566,3.490990990990991e-10,0.20108600733275295,10155.142683879705,0.015514268387970424
btc_small_down_10m,0,0.005,0.3,0.035,0.5,480,random,-0.007809490923262183,-0.7809490923262183,0.2962962962962963,81,-0.17747600558964882,-17.747600558964884,0.5849182117277644,0.9827510424933563,9.794238683127572e-11,0.005705647126887283,9921.905090767377,-0.007809490923262183
btc_vol_breakout_2m,0,0.035,0.03,0.0125,0.2,5,random,0.04838437622682409,4.838437622682409,0.55,40,-0.04975450751758548,-4.975450751758547,18.766582246611087,1.3134064873502471,3.2916666666666667e-10,0.6138692077071906,10483.843762268241,0.04838437622682409
btc_hl_breakout_1m,0,0.06,0.01,0.0175,0.15,1440,random,0.035228533142786865,3.5228533142786866,0.782608695652174,46,-0.038367477354541046,-3.8367477354541046,16.871850237997545,1.3146025084829591,2.597826086956522e-10,0.5194792781764829,10352.28533142787,0.035228533142786865
btc_hl_breakout_3m,0,0.06,0.2,0.0175,0.5,720,random,0.1403011908053596,14.030119080535961,0.4375,16,-0.1795312618746715,-17.95312618746715,19.395898097645972,1.4176208774864518,8.916666666666667e-10,1.9699753185128184,11403.011908053595,0.1403011908053596
btc_small_up_10m,0,0.02,0.045,0.003,0.05,5,random,0.009340203995336185,0.9340203995336185,0.3877551020408163,49,-0.01554238760463822,-1.554238760463822,13.519046614936231,1.2219257698108725,1.9965986394557822e-10,0.3854814129173628,10093.402039953362,0.009340203995336185
btc_vol_breakout_2m,0,0.0175,0.1,0.0125,0.05,10,random,-0.0005707163670702585,-0.05707163670702585,0.2608695652173913,46,-0.01959035646048468,-1.9590356460484681,-0.6624312093574272,0.9853401711256344,2.5471014492753626e-10,-0.018794749239236,9994.292836329298,-0.0005707163670702585
btc_hl_breakout_9m,0,0.03,0.1,0.015,0.1,360,random,0.020263297819153966,2.0263297819153965,0.3125,32,-0.04340421262062877,-4.340421262062877,13.79807960829427,1.2468768385498625,4.15625e-10,0.6528807534721478,10202.63297819154,0.020263297819153966
btc_vol_breakout_10m,0,0.015,0.025,0.025,0.05,480,random,0.0070131156835082035,0.7013115683508203,0.4090909090909091,44,-0.010177057208949458,-1.0177057208949458,14.21636628333673,1.236958414932058,1.571969696969697e-10,0.3215441293450913,10070.131156835083,0.0070131156835082035
btc_hl_breakout_4m,0,0.0175,0.12,0.015,0.05,45,random,0.0016916002691612165,0.16916002691612164,0.27906976744186046,43,-0.01801341265339862,-1.801341265339862,2.7366935402666615,1.044670109132748,2.755813953488372e-10,0.08590800275689231,10016.916002691612,0.0016916002691612165
btc_hl_breakout_8m,0,0.04,0.015,0.04,0.2,45,random,0.038714213184255095,3.8714213184255093,0.625,48,-0.06680476549795178,-6.680476549795178,13.929253749246302,1.2119457973210153,2.4166666666666666e-10,0.4206587459520181,10387.142131842551,0.038714213184255095
btc_hl_breakout_9m,0,0.035,0.2,0.03,0.5,180,random,0.23568190133770467,23.568190133770468,0.3333333333333333,24,-0.14497925477245477,-14.497925477245477,29.60677165263583,1.6202691624310053,5.756944444444444e-10,2.017859914411978,12356.819013377048,0.23568190133770467
btc_hl_breakout_8m,0,0.05,0.025,0.01,0.05,10,random,0.01137259533668186,1.137259533668186,0.6216216216216216,37,-0.015874873733168315,-1.5874873733168315,15.539557754523855,1.272783333548589,3.5495495495495495e-10,0.6203119056509462,10113.725953366818,0.01137259533668186
btc_vol_breakout_2m,0,0.0075,0.1,0.0175,0.2,20,random,-0.002438433010493054,-0.2438433010493054,0.2972972972972973,74,-0.07377091746971676,-7.377091746971676,-0.22325751740056585,0.9867787387483148,1.2927927927927928e-10,-0.0032246917248734226,9975.615669895069,-0.002438433010493054
btc_hl_breakout_8m,0,0.035,0.04,0.02,0.2,30,random,0.052738417880582755,5.2738417880582755,0.4473684210526316,38,-0.06846511424232993,-6.846511424232993,17.8901050751691,1.2985604289005954,3.473684210526316e-10,0.7121695247516245,10527.384178805827,0.052738417880582755
btc_hl_breakout_2m,0,0.08,0.15,0.035,0.05,5,random,0.021704367833495348,2.1704367833495346,0.46153846153846156,13,-0.014083751708051317,-1.4083751708051317,27.400702866532917,1.8725409610612254,1.0820512820512819e-09,3.347049608583724,10217.043678334954,0.021704367833495348
btc_alt_aligned,0,0.0075,0.06,0.005,0.05,720,random,0.003760611794852997,0.3760611794852997,0.3142857142857143,105,-0.02158421257007115,-2.158421257007115,5.081918022365817,1.0609838413585333,1.2126984126984127e-10,0.07484106179813606,10037.60611794853,0.003760611794852997
btc_hl_breakout_7m,0,0.08,0.1,0.025,0.1,240,random,0.03925167129665967,3.925167129665967,0.5,16,-0.03071929101773352,-3.071929101773352,25.719386776131234,1.7021922689426914,8.958333333333333e-10,2.4568132321988347,10392.516712966597,0.03925167129665967
btc_hl_breakout_4m,0,0.02,0.01,0.003,0.15,180,random,-0.00938500734359302,-0.9385007343593019,0.5833333333333334,72,-0.05130573170641972,-5.130573170641972,-4.69510322660334,0.9368677410277736,1.2986111111111112e-10,-0.07850289811155046,9906.14992656407,-0.00938500734359302
btc_hl_breakout_9m,0,0.025,0.15,0.02,0.5,10,random,0.10860577207274409,10.860577207274408,0.2857142857142857,35,-0.19447279084211833,-19.447279084211832,15.715967691532805,1.2390658500501253,3.476190476190476e-10,0.7055555375165543,11086.05772072744,0.10860577207274409
btc_hl_breakout_2m,0,0.025,0.045,0.025,0.2,240,random,0.02273632766467674,2.2736327664676743,0.3695652173913043,46,-0.06615593726413738,-6.615593726413738,9.020544432852152,1.1240640766162828,2.652173913043478e-10,0.267539431770251,10227.363276646767,0.02273632766467674
btc_small_up_10m,0,0.06,0.03,0.01,0.5,240,random,0.15797525104430588,15.797525104430587,0.6551724137931034,29,-0.12839675555199404,-12.839675555199403,22.451686525401715,1.4123029756084486,3.994252873563218e-10,1.102016309121555,11579.752510443059,0.15797525104430588
btc_vol_breakout_2m,0,0.02,0.1,0.0075,0.05,720,random,0.00205953863908162,0.205953863908162,0.3170731707317073,41,-0.018157121120411013,-1.8157121120411013,3.345680326340981,1.0552567079386908,2.8821138211382115e-10,0.10754908240859064,10020.595386390816,0.00205953863908162
btc_hl_breakout_3m,0,0.03,0.15,0.015,0.4,10,random,0.07656066556111536,7.656066556111536,0.35714285714285715,28,-0.13352012382100575,-13.352012382100575,14.800476346981771,1.2797396709170479,4.75e-10,0.754070493833463,10765.606655611155,0.07656066556111536
btc_bullish,0,0.1,0.02,0.01,0.15,20,random,0.042863649975510704,4.28636499755107,0.8,30,-0.04904681520854859,-4.904681520854859,19.3611954753662,1.4274444532994437,4.65e-10,0.9653026911921093,10428.636499755106,0.042863649975510704
btc_hl_breakout_7m,0,0.0175,0.15,0.05,0.2,45,random,-0.0068765806212159305,-0.6876580621215931,0.25,48,-0.10946491862392649,-10.946491862392648,-1.487795126886462,0.962919241050522,2.46875e-10,-0.041649016886520826,9931.234193787841,-0.0068765806212159305
btc_vol_breakout_3m,0,0.06,0.25,0.015,0.2,180,random,0.0798539504799628,7.985395047996279,0.46153846153846156,13,-0.06392023604798447,-6.392023604798447,25.27293963628098,1.8803877996186107,1.0346153846153847e-09,3.1093515066166035,10798.539504799628,0.0798539504799628
btc_hl_breakout_9m,0,0.02,0.05,0.025,0.15,15,random,-0.01894244751992926,-1.894244751992926,0.26,50,-0.08450601896687371,-8.45060189668737,-8.183935087792896,0.8760110774560659,2.24e-10,-0.2360528503275018,9810.575524800708,-0.01894244751992926
btc_bullish,0,0.06,0.08,0.03,0.3,480,random,0.10218380690287272,10.218380690287272,0.47619047619047616,21,-0.09202123396385364,-9.202123396385364,22.576440409882064,1.5310610034725896,6.626984126984126e-10,1.638585874858139,11021.838069028727,0.10218380690287272
btc_vol_breakout_8m,0,0.0175,0.3,0.05,0.3,480,random,-0.02584447935867961,-2.584447935867961,0.19444444444444445,36,-0.10390057057123325,-10.390057057123325,-6.897510090831594,0.8606428148607415,2.4722222222222223e-10,-0.20730070445396623,9741.555206413204,-0.02584447935867961
btc_vol_breakout_8m,0,0.05,0.035,0.02,0.05,20,random,0.005947171011912554,0.5947171011912553,0.5666666666666667,30,-0.01516108780159231,-1.516108780159231,9.604691498283572,1.1613299614231047,4.0666666666666666e-10,0.40386670001649533,10059.471710119125,0.005947171011912554
btc_hl_breakout_8m,0,0.0075,0.015,0.02,0.15,10,random,0.01349848909110949,1.3498489091109491,0.3516483516483517,91,-0.05415914300210056,-5.415914300210057,7.117803117675975,1.0856242335205488,9.432234432234432e-11,0.10737322843545266,10134.984890911095,0.01349848909110949
btc_small_down_10m,0,0.0125,0.04,0.005,0.15,90,random,0.014051137092736235,1.4051137092736234,0.40350877192982454,57,-0.041096950095074636,-4.109695009507464,8.20906300229242,1.1300035875664862,1.587719298245614e-10,0.1726218335720303,10140.511370927363,0.014051137092736235
btc_hl_breakout_3m,0,0.005,0.02,0.0125,0.4,1440,random,-0.07211732011977579,-7.2117320119775785,0.3,90,-0.16904008007831706,-16.904008007831706,-14.72435497475678,0.8222978546597448,8.722222222222223e-11,-0.18991323519630152,9278.826798802242,-0.07211732011977579
btc_hl_breakout_1m,0,0.03,0.3,0.03,0.4,720,random,0.044209366345445235,4.420936634544524,0.23076923076923078,26,-0.1559269047440741,-15.592690474407412,9.495156093198666,1.1531602671773828,5.205128205128205e-10,0.5574458718257554,10442.093663454452,0.044209366345445235
btc_hl_breakout_2m,0,0.0175,0.04,0.04,0.25,30,random,-0.004220922585622565,-0.4220922585622565,0.37037037037037035,54,-0.1000519792071034,-10.00519792071034,-0.3927480469486533,0.982311624139405,2.175925925925926e-10,-0.009703503460645403,9957.790774143774,-0.004220922585622565
btc_vol_breakout_2m,0,0.04,0.15,0.0125,0.5,480,random,0.09271703345843643,9.271703345843644,0.30434782608695654,23,-0.16651785699064636,-16.651785699064636,14.937346611965681,1.261654261382296,5.869565217391305e-10,0.9586927615627568,10927.170334584363,0.09271703345843643
btc_hl_breakout_3m,0,0.02,0.05,0.05,0.4,360,random,-0.043217422400265375,-4.321742240026538,0.3111111111111111,45,-0.1596113735370257,-15.96113735370257,-7.367879693851989,0.8792659722606747,2.451851851851852e-10,-0.2014008797024579,9567.825775997346,-0.043217422400265375
btc_vol_breakout_10m,0,0.025,0.01,0.03,0.25,180,random,0.04921555534135587,4.921555534135587,0.6739130434782609,46,-0.04597643193898626,-4.597643193898627,19.740960876115665,1.3602297202770364,1.5217391304347825e-10,0.4334511471981671,10492.155553413559,0.04921555534135587
btc_alt_aligned,0,0.025,0.02,0.0175,0.15,480,random,0.016019485548513398,1.6019485548513397,0.49230769230769234,65,-0.05640469338681342,-5.640469338681342,7.634280493502322,1.0890419750073965,2.0923076923076923e-10,0.17865397611527173,10160.194855485133,0.016019485548513398
btc_vol_breakout_3m,0,0.03,0.035,0.05,0.3,480,random,0.06550838338657182,6.550838338657182,0.5,40,-0.0835425952094635,-8.35425952094635,17.17239019499247,1.2524055014581121,2.9791666666666665e-10,0.5676194592266239,10655.083833865718,0.06550838338657182
btc_hl_breakout_5m,0,0.08,0.12,0.0125,0.05,180,random,0.02227796440802482,2.227796440802482,0.4666666666666667,15,-0.01544739803331363,-1.544739803331363,28.67253430733598,1.7438953499710574,9.622222222222221e-10,2.976065200904253,10222.779644080249,0.02227796440802482
btc_hl_breakout_2m,0,0.025,0.06,0.04,0.15,1440,random,0.0277964431548535,2.77964431548535,0.3333333333333333,42,-0.048221130252657396,-4.82211302526574,13.862317573437778,1.2093576967462552,2.9682539682539685e-10,0.4586343998328661,10277.964431548535,0.0277964431548535
btc_hl_breakout_2m,0,0.0175,0.3,0.015,0.25,20,random,-0.01860528627602689,-1.8605286276026891,0.23255813953488372,43,-0.12530743711372905,-12.530743711372905,-4.603590963644937,0.9109064534456817,2.813953488372093e-10,-0.1284798096835317,9813.947137239731,-0.01860528627602689
btc_hl_breakout_10m,0,0.06,0.01,0.003,0.2,1440,random,0.06388370973261732,6.388370973261733,0.7954545454545454,44,-0.04587561446655031,-4.58756144665503,22.188750658907615,1.4759072197417642,2.878787878787879e-10,0.7266212833263294,10638.837097326174,0.06388370973261732
btc_small_up_9m,0,0.0175,0.25,0.01,0.25,240,random,-0.025362152575785557,-2.5362152575785557,0.2702702702702703,37,-0.0961573904585602,-9.61573904585602,-7.38244153116207,0.8433796448695122,2.626126126126126e-10,-0.2454311901808762,9746.378474242145,-0.025362152575785557
btc_hl_breakout_2m,0,0.025,0.01,0.025,0.3,15,random,0.04649683658589515,4.649683658589515,0.6666666666666666,69,-0.08356331693319918,-8.356331693319918,12.839420633513905,1.1580516834905186,1.4589371980676327e-10,0.2408942957953934,10464.968365858951,0.04649683658589515
btc_hl_breakout_2m,0,0.025,0.15,0.035,0.4,10,random,0.05968620145561031,5.96862014556103,0.30303030303030304,33,-0.12695339048409582,-12.695339048409583,12.098273102379673,1.2027085902198744,3.803030303030303e-10,0.52043740064765,10596.862014556104,0.05968620145561031
btc_vol_breakout_8m,0,0.05,0.035,0.0075,0.1,360,random,0.011682140192900578,1.1682140192900579,0.5666666666666667,30,-0.030151838794240216,-3.0151838794240216,9.595525533064825,1.156878835001826,4.0666666666666666e-10,0.40386670001649594,10116.821401929006,0.011682140192900578
btc_alt_aligned,0,0.06,0.25,0.035,0.2,60,random,0.07635391390132713,7.635391390132713,0.4666666666666667,15,-0.07455917077618746,-7.455917077618746,23.718465406108624,1.7271631661360014,9.744444444444445e-10,2.5957372501165406,10763.539139013272,0.07635391390132713
btc_hl_breakout_10m,0,0.0075,0.01,0.05,0.3,30,random,0.019087782858418133,1.9087782858418132,0.43564356435643564,101,-0.08907700198677482,-8.907700198677482,5.8302432594961875,1.0580741318493465,8.102310231023101e-11,0.0783749537007609,10190.877828584182,0.019087782858418133
btc_hl_breakout_7m,0,0.0075,0.3,0.01,0.15,480,random,0.013374587004251771,1.337458700425177,0.2916666666666667,72,-0.0663770324445665,-6.63770324445665,6.702489153056762,1.093380759867,1.4375e-10,0.13510159204986283,10133.745870042518,0.013374587004251771
btc_hl_breakout_4m,0,0.0075,0.15,0.035,0.15,180,random,-0.00998529589152945,-0.9985295891529449,0.27692307692307694,65,-0.06608723243770631,-6.608723243770632,-4.617501464284179,0.9253225236254732,1.4871794871794873e-10,-0.09268708994808872,9900.147041084705,-0.00998529589152945
btc_small_up_9m,0,0.015,0.035,0.03,0.1,180,random,-0.0016464531912362304,-0.16464531912362304,0.38,50,-0.028489537086042294,-2.8489537086042294,-1.075433852435351,0.9782829688267671,1.7033333333333334e-10,-0.025564977113743337,9983.535468087637,-0.0016464531912362304
btc_small_up_10m,0,0.0075,0.1,0.02,0.4,5,random,0.060816129234244724,6.081612923424473,0.3508771929824561,57,-0.11070114739260628,-11.070114739260628,12.62091483649367,1.1993286607687648,1.3099415204678363e-10,0.2926809355558367,10608.161292342447,0.060816129234244724
btc_vol_breakout_3m,0,0.02,0.2,0.03,0.05,480,random,-0.0035030636706347936,-0.35030636706347934,0.29411764705882354,34,-0.021291486536033744,-2.1291486536033744,-5.320573588338354,0.8971081780481139,3.0588235294117644e-10,-0.19894252684084499,9964.969363293652,-0.0035030636706347936
btc_hl_breakout_10m,0,0.015,0.03,0.01,0.2,480,random,0.03741226749388191,3.7412267493881908,0.40625,64,-0.05934696793898109,-5.934696793898109,13.744228897328583,1.179344685703541,1.7005208333333333e-10,0.3058823855137121,10374.122674938819,0.03741226749388191
btc_vol_breakout_10m,0,0.035,0.01,0.03,0.1,45,random,0.015399532468304188,1.5399532468304187,0.7209302325581395,43,-0.022201602342907134,-2.2201602342907134,15.132984899132419,1.2848429647579618,1.953488372093023e-10,0.3623954086249989,10153.995324683041,0.015399532468304188
btc_hl_breakout_4m,0,0.005,0.02,0.003,0.05,15,random,-0.005178798681322115,-0.5178798681322115,0.3118279569892473,93,-0.01969771076832849,-1.9697710768328491,-8.68392342936909,0.8946887287010511,8.709677419354839e-11,-0.10952006229373072,9948.21201318678,-0.005178798681322115
btc_alt_aligned,0,0.01,0.12,0.04,0.05,60,random,0.008361318778109018,0.8361318778109018,0.2962962962962963,81,-0.01763088722373496,-1.763088722373496,11.087480565654122,1.1579244471140522,1.6502057613168724e-10,0.21012929538452166,10083.61318778109,0.008361318778109018
btc_small_down_10m,0,0.0075,0.3,0.003,0.3,20,random,-0.0002514167743750022,-0.025141677437500218,0.3333333333333333,69,-0.11966675205962163,-11.966675205962163,1.0781225894095476,0.9990950660668787,1.3285024154589372e-10,0.018142582696140663,9997.48583225625,-0.0002514167743750022
btc_hl_breakout_7m,0,0.025,0.15,0.03,0.3,90,random,0.07612536400226032,7.612536400226031,0.2857142857142857,35,-0.11512034772525315,-11.512034772525315,17.248290791871927,1.3028697228756343,3.571428571428571e-10,0.770030291789799,10761.253640022604,0.07612536400226032
btc_small_up_9m,0,0.035,0.15,0.0175,0.1,360,random,0.03773276847630884,3.773276847630884,0.42105263157894735,19,-0.029991459499499884,-2.9991459499499884,27.395953461722282,1.9768926903106345,6.289473684210526e-10,1.9926357404788475,10377.327684763088,0.03773276847630884
btc_hl_breakout_9m,0,0.1,0.05,0.003,0.15,180,random,0.03563842551534749,3.5638425515347487,0.65,20,-0.05735946449045115,-5.735946449045115,16.0001476403712,1.3583424324994864,6.741666666666667e-10,1.2194592938513789,10356.384255153474,0.03563842551534749
btc_vol_breakout_8m,0,0.035,0.02,0.01,0.4,5,random,0.10957943331935362,10.957943331935361,0.6388888888888888,36,-0.07934212544711805,-7.934212544711805,25.296274563500674,1.4499705088024852,2.5925925925925925e-10,0.7586326879995989,11095.794333193537,0.10957943331935362
btc_small_down_10m,0,0.015,0.2,0.025,0.05,1440,random,0.009898991348515346,0.9898991348515346,0.3488372093023256,43,-0.01563923434594061,-1.5639234345940611,16.164482143535732,1.3860364358710082,2.5e-10,0.46326821642533766,10098.989913485153,0.009898991348515346
btc_vol_breakout_3m,0,0.03,0.045,0.02,0.05,60,random,0.007537088320998396,0.7537088320998396,0.4594594594594595,37,-0.017555666477759857,-1.7555666477759857,11.323688445608495,1.1972001299508135,3.2837837837837835e-10,0.4128868767411176,10075.370883209984,0.007537088320998396
btc_bullish,0,0.02,0.12,0.0175,0.3,480,random,0.05906559408776157,5.906559408776157,0.3333333333333333,45,-0.08749269261351655,-8.749269261351655,13.79051976238484,1.2423444193311184,2.951851851851852e-10,0.4704388788151605,10590.655940877616,0.05906559408776157
btc_small_up_9m,0,0.035,0.12,0.01,0.3,120,random,0.11683580115398172,11.683580115398172,0.38095238095238093,21,-0.08387838638934264,-8.387838638934264,28.469750686204684,1.7733062810513238,5.357142857142857e-10,1.8631869390908236,11168.358011539818,0.11683580115398172
btc_vol_breakout_8m,0,0.025,0.035,0.0075,0.4,30,random,0.10757562289889502,10.757562289889503,0.4594594594594595,37,-0.07473713456144138,-7.473713456144138,24.68997333105014,1.4122193144229171,2.472972972972973e-10,0.7297750072741368,11075.75622898895,0.10757562289889502
btc_hl_breakout_10m,0,0.05,0.25,0.0125,0.3,240,random,0.08275015247177839,8.275015247177839,0.3333333333333333,18,-0.11302001391434358,-11.302001391434358,18.08780125476023,1.3859422293025696,7.888888888888889e-10,1.6658417627497102,10827.501524717783,0.08275015247177839
btc_hl_breakout_4m,0,0.01,0.045,0.02,0.25,5,random,0.029160625776808956,2.9160625776808957,0.35294117647058826,68,-0.06396208841855011,-6.396208841855011,10.302841434571508,1.140770797764645,1.514705882352941e-10,0.18426242104812945,10291.60625776809,0.029160625776808956
btc_small_down_10m,0,0.02,0.025,0.0175,0.15,90,random,0.021273318196260948,2.127331819626095,0.4489795918367347,49,-0.031941521711039256,-3.1941521711039256,12.240961074641644,1.180933919443552,1.802721088435374e-10,0.2993862417692794,10212.733181962609,0.021273318196260948
btc_small_up_9m,0,0.08,0.01,0.025,0.5,15,random,0.10588619924399409,10.588619924399408,0.8181818181818182,44,-0.11617517027307023,-11.617517027307024,16.29754700342351,1.2808397544145131,2.378787878787879e-10,0.5180452035826815,11058.86199243994,0.10588619924399409
btc_small_up_10m,0,0.015,0.1,0.05,0.25,5,random,0.02966206789986559,2.966206789986559,0.3181818181818182,44,-0.0790819726733688,-7.908197267336881,9.433646643240401,1.165058185895442,2.090909090909091e-10,0.2977368624555369,10296.620678998655,0.02966206789986559
btc_hl_breakout_10m,0,0.0175,0.06,0.035,0.1,90,random,0.004679557091212757,0.4679557091212757,0.26,50,-0.049051389220929775,-4.905138922092977,3.6402652205938955,1.0500075530566721,2.3099999999999998e-10,0.10796499650400329,10046.795570912127,0.004679557091212757
btc_vol_breakout_2m,0,0.015,0.015,0.003,0.2,120,random,0.0022204108349665602,0.22204108349665602,0.4868421052631579,76,-0.05043649487476076,-5.043649487476076,1.6234828119089186,1.0107106516880373,1.2105263157894737e-10,0.026114777618854272,10022.204108349666,0.0022204108349665602
btc_hl_breakout_9m,0,0.01,0.12,0.0125,0.05,120,random,0.00817913654154259,0.817913654154259,0.2923076923076923,65,-0.020529137126822805,-2.0529137126822805,11.511701517422223,1.1866910583917747,1.5743589743589743e-10,0.2559968301609831,10081.791365415425,0.00817913654154259
btc_hl_breakout_6m,0,0.0075,0.05,0.003,0.1,5,random,0.0038458292954876585,0.38458292954876583,0.3037974683544304,79,-0.04712888908893187,-4.712888908893187,3.1334249113590538,1.0373887059237767,1.2426160337552743e-10,0.05636605997118892,10038.458292954876,0.0038458292954876585
btc_vol_breakout_9m,0,0.015,0.025,0.04,0.4,240,random,0.0398481990957027,3.9848199095702697,0.4090909090909091,44,-0.08955772705069898,-8.955772705069897,10.992733430965277,1.1550844942806893,1.678030303030303e-10,0.24953500292671393,10398.481990957027,0.0398481990957027
btc_hl_breakout_10m,0,0.05,0.25,0.04,0.05,15,random,0.014790015724846705,1.4790015724846706,0.3333333333333333,18,-0.019763424109703775,-1.9763424109703775,18.491055659452446,1.4511954325076741,7.888888888888889e-10,1.6658417627497133,10147.900157248467,0.014790015724846705
btc_vol_breakout_2m,0,0.01,0.3,0.04,0.1,45,random,0.002853266032257727,0.2853266032257727,0.296875,64,-0.035047148848802334,-3.5047148848802334,2.545260864584489,1.0336424635759687,1.6223958333333334e-10,0.0523377845542831,10028.532660322577,0.002853266032257727
btc_vol_breakout_3m,0,0.0125,0.25,0.04,0.3,720,random,0.04579977621400776,4.579977621400777,0.3488372093023256,43,-0.0958843581033465,-9.58843581033465,12.544619483370129,1.2224856345862196,2.2751937984496124e-10,0.38652581450218804,10457.997762140078,0.04579977621400776
btc_vol_breakout_9m,0,0.015,0.06,0.0075,0.2,120,random,0.011861684826400801,1.18616848264008,0.3333333333333333,39,-0.04664573050848053,-4.664573050848054,6.186795296099241,1.1049951802301685,2.0470085470085472e-10,0.16789210199753557,10118.616848264008,0.011861684826400801
btc_vol_breakout_8m,0,0.0175,0.03,0.015,0.1,20,random,0.007784854064514195,0.7784854064514195,0.35555555555555557,45,-0.027581875518951304,-2.7581875518951304,7.817187834799333,1.1144634075095088,1.8111111111111112e-10,0.18013375086460187,10077.848540645142,0.007784854064514195
btc_small_up_9m,0,0.0125,0.02,0.025,0.15,240,random,0.02146406742234742,2.146406742234742,0.39285714285714285,56,-0.02673247282629654,-2.673247282629654,14.649411235747312,1.2108355228421408,1.3511904761904762e-10,0.26128351284686513,10214.640674223474,0.02146406742234742
btc_hl_breakout_1m,0,0.06,0.12,0.035,0.15,480,random,0.06732450475837755,6.732450475837755,0.4444444444444444,18,-0.04338271376272218,-4.338271376272218,29.487952397819136,1.681752207017498,7.777777777777777e-10,2.501341587372457,10673.245047583776,0.06732450475837755
btc_hl_breakout_10m,0,0.08,0.06,0.0075,0.1,60,random,0.030753575636948426,3.0753575636948427,0.5555555555555556,18,-0.032994332355990474,-3.2994332355990474,20.34012296749732,1.5160017469754121,7.898148148148148e-10,1.723499731026181,10307.535756369485,0.030753575636948426
btc_hl_breakout_2m,0,0.01,0.025,0.0125,0.05,10,random,0.00742940438178872,0.742940438178872,0.3815789473684211,76,-0.016956075235745827,-1.6956075235745827,12.252916189159324,1.1592879748043543,1.2083333333333333e-10,0.19808927143730287,10074.294043817887,0.00742940438178872
btc_hl_breakout_4m,0,0.03,0.15,0.05,0.4,30,random,0.09528558992365206,9.528558992365205,0.3448275862068966,29,-0.11623903005439973,-11.623903005439972,17.724116655571912,1.340242186261483,4.718390804597701e-10,0.8851733765179316,10952.855899236522,0.09528558992365206
btc_hl_breakout_8m,0,0.08,0.25,0.025,0.15,45,random,0.049080931739163974,4.908093173916398,0.36363636363636365,11,-0.051139970287749636,-5.113997028774964,20.603518255213533,1.6411707051644466,1.3121212121212123e-09,3.0709525236120143,10490.80931739164,0.049080931739163974
btc_alt_aligned,0,0.05,0.025,0.035,0.1,90,random,0.027112354453327374,2.711235445332737,0.6136363636363636,44,-0.03335413576361801,-3.335413576361801,17.805458414989786,1.2726423595667122,3.2007575757575756e-10,0.6249712311239131,10271.123544533273,0.027112354453327374
btc_hl_breakout_8m,0,0.0175,0.02,0.01,0.25,180,random,-0.002743997899420219,-0.2743997899420219,0.417910447761194,67,-0.11254309338790947,-11.254309338790947,0.20640281180984785,0.9904214078423255,1.5522388059701492e-10,0.004907593032727764,9972.560021005798,-0.002743997899420219
btc_hl_breakout_5m,0,0.0075,0.045,0.05,0.05,180,random,-0.0011652014322946855,-0.11652014322946855,0.3333333333333333,78,-0.025423841000692504,-2.5423841000692504,-1.5001889638871384,0.9770652414552679,1.252136752136752e-10,-0.026438132016557796,9988.347985677054,-0.0011652014322946855
btc_vol_breakout_8m,0,0.0125,0.1,0.0175,0.05,480,random,0.0029811983134878746,0.29811983134878745,0.34210526315789475,38,-0.010851296149646639,-1.0851296149646639,5.798485303323717,1.11327333020833,2.0921052631578946e-10,0.1607242544376194,10029.81198313488,0.0029811983134878746
btc_hl_breakout_8m,0,0.08,0.045,0.015,0.4,720,random,0.08617836572790298,8.617836572790297,0.6190476190476191,21,-0.1271965552365072,-12.719655523650719,15.444883068933732,1.316006112648691,6.523809523809524e-10,1.0976017449463462,10861.78365727903,0.08617836572790298
btc_hl_breakout_8m,0,0.015,0.015,0.0175,0.2,180,random,0.0037354070345683795,0.37354070345683793,0.44,75,-0.0782791692271344,-7.82791692271344,2.1493391708561886,1.0164206131792715,1.2933333333333333e-10,0.04016772903962579,10037.354070345684,0.0037354070345683795
btc_vol_breakout_8m,0,0.005,0.06,0.025,0.5,360,random,-0.011620933006660106,-1.1620933006660106,0.3103448275862069,58,-0.1083243872526124,-10.83243872526124,-0.9081108550129162,0.9622878228991822,1.0603448275862069e-10,-0.016993014853590633,9883.790669933398,-0.011620933006660106
btc_hl_breakout_10m,0,0.06,0.025,0.015,0.25,10,random,0.06962515115253637,6.962515115253637,0.6764705882352942,34,-0.07478259984965574,-7.4782599849655735,19.400523007346816,1.3540755220101013,3.892156862745098e-10,0.8331195653428969,10696.251511525363,0.06962515115253637
btc_hl_breakout_10m,0,0.02,0.08,0.04,0.5,120,random,0.02015178143692792,2.015178143692792,0.27906976744186046,43,-0.2134967476783105,-21.34967476783105,4.877140732863733,1.0396263079893313,2.6627906976744187e-10,0.17549860229797598,10201.51781436928,0.02015178143692792
btc_small_down_10m,0,0.02,0.2,0.003,0.4,90,random,0.012394479134715267,1.2394479134715266,0.2894736842105263,38,-0.15255785678878164,-15.255785678878164,3.8746303512207727,1.0400646562394082,2.9517543859649123e-10,0.15426161946832095,10123.944791347152,0.012394479134715267
btc_vol_breakout_10m,0,0.01,0.2,0.03,0.05,45,random,-0.0005737489115522237,-0.05737489115522237,0.24444444444444444,45,-0.011422698485475058,-1.1422698485475058,-0.9482759765680725,0.9789738159784741,1.5333333333333332e-10,-0.022303354514934648,9994.262510884479,-0.0005737489115522237
btc_small_up_10m,0,0.0125,0.04,0.03,0.5,1440,random,0.028670090588570837,2.8670090588570836,0.3508771929824561,57,-0.16517493457284005,-16.517493457284004,6.142590886984184,1.060088972735964,1.388888888888889e-10,0.143743964432482,10286.700905885707,0.028670090588570837
btc_vol_breakout_8m,0,0.05,0.05,0.005,0.5,360,random,0.006762249262147816,0.6762249262147816,0.44,25,-0.16143587571541473,-16.143587571541474,2.9498862425746353,1.0177286928011129,4.979999999999999e-10,0.16489952442742228,10067.622492621478,0.006762249262147816
btc_vol_breakout_8m,0,0.04,0.025,0.0075,0.4,5,random,0.11268782482138891,11.26878248213889,0.5882352941176471,34,-0.09709577399054814,-9.709577399054814,25.19895481495913,1.4419601142206644,3.2352941176470585e-10,0.8266737751467628,11126.878248213889,0.11268782482138891
btc_small_down_10m,0,0.025,0.25,0.02,0.3,360,random,0.0227923280877862,2.27923280877862,0.28125,32,-0.11769467189342253,-11.769467189342253,6.61901324340368,1.104691990089212,3.713541666666667e-10,0.32678557264751174,10227.923280877862,0.0227923280877862
btc_small_down_10m,0,0.02,0.02,0.04,0.2,480,random,0.03171404845606305,3.171404845606305,0.5,50,-0.041732538979514455,-4.1732538979514455,13.833165906728125,1.2026444754598307,1.6999999999999998e-10,0.3287509629636115,10317.14048456063,0.03171404845606305
btc_hl_breakout_5m,0,0.04,0.25,0.0075,0.15,1440,random,0.03678895152772202,3.678895152772202,0.36363636363636365,22,-0.05503526555240823,-5.503526555240823,17.075323450885882,1.3889401873505527,6.454545454545454e-10,1.1699410031900954,10367.88951527722,0.03678895152772202
btc_bullish,0,0.06,0.01,0.015,0.3,10,random,0.08686124459550587,8.686124459550587,0.7884615384615384,52,-0.09645042853849306,-9.645042853849306,20.025362284254726,1.337105774788799,2.5160256410256414e-10,0.5677981719663476,10868.61244595506,0.08686124459550587
btc_hl_breakout_9m,0,0.015,0.02,0.04,0.25,20,random,0.07575798231484614,7.5757982314846135,0.44285714285714284,70,-0.07075934590788724,-7.075934590788724,22.795361776293404,1.2923568744817981,1.4761904761904763e-10,0.4368392201208359,10757.579823148462,0.07575798231484614
btc_hl_breakout_4m,0,0.0075,0.12,0.0175,0.15,20,random,-0.0035790524194944735,-0.35790524194944734,0.2727272727272727,66,-0.0608135517191406,-6.08135517191406,-1.308992096352152,0.9734594932404897,1.4545454545454545e-10,-0.024844961311794964,9964.209475805055,-0.0035790524194944735
btc_small_up_10m,0,0.015,0.15,0.005,0.2,180,random,0.01682357800986438,1.682357800986438,0.32558139534883723,43,-0.06354498903746941,-6.354498903746942,6.856810109689148,1.120341938445952,2.1395348837209303e-10,0.2203524718582134,10168.235780098643,0.01682357800986438
btc_small_up_9m,0,0.1,0.04,0.02,0.1,30,random,0.039199179237765225,3.9199179237765227,0.7142857142857143,21,-0.020030388274096422,-2.0030388274096422,26.59670365456967,1.7239890146674224,6.23015873015873e-10,1.8616381739544077,10391.991792377652,0.039199179237765225
btc_hl_breakout_5m,0,0.0175,0.2,0.05,0.1,15,random,-0.014094686727464728,-1.4094686727464727,0.25,44,-0.055035321887082045,-5.5035321887082045,-10.24472742886521,0.825952874391387,2.6931818181818183e-10,-0.3105217310444279,9859.053132725352,-0.014094686727464728
btc_hl_breakout_3m,0,0.0175,0.3,0.025,0.4,720,random,-0.02343614214938252,-2.343614214938252,0.23809523809523808,42,-0.16843462934774167,-16.843462934774166,-2.8967943909560403,0.9258599120262199,2.880952380952381e-10,-0.06969224537761459,9765.638578506176,-0.02343614214938252
btc_vol_breakout_10m,0,0.06,0.25,0.0075,0.05,30,random,0.015924274101712932,1.5924274101712932,0.35714285714285715,14,-0.013925702887779057,-1.3925702887779057,23.58328934178399,1.68025408868206,8.785714285714286e-10,2.294811140890914,10159.24274101713,0.015924274101712932
btc_hl_breakout_7m,0,0.03,0.04,0.0125,0.5,60,random,0.07305674675910122,7.305674675910121,0.4090909090909091,44,-0.2102333251010664,-21.02333251010664,11.72410752407736,1.1326052927476316,2.9507575757575754e-10,0.3913202916810609,10730.567467591012,0.07305674675910122
btc_hl_breakout_3m,0,0.02,0.05,0.015,0.15,480,random,-0.014602571326180145,-1.4602571326180145,0.3111111111111111,45,-0.06178145915790978,-6.178145915790978,-7.263848743499352,0.8881873252917794,2.451851851851852e-10,-0.20140087970245943,9853.9742867382,-0.014602571326180145
btc_vol_breakout_2m,0,0.05,0.05,0.0075,0.4,45,random,0.0332440019515273,3.3244001951527298,0.46875,32,-0.1371669976479939,-13.71669976479939,7.5648886141947775,1.0884137613636513,4.2083333333333333e-10,0.3377279380683104,10332.440019515274,0.0332440019515273
btc_hl_breakout_7m,0,0.0125,0.25,0.03,0.1,5,random,0.01776630090202002,1.776630090202002,0.32075471698113206,53,-0.040519243893097356,-4.051924389309736,12.244160389027114,1.2095913437440613,2.1320754716981133e-10,0.3461609256273886,10177.6630090202,0.01776630090202002
btc_hl_breakout_6m,0,0.1,0.05,0.02,0.25,480,random,0.03550194348945565,3.550194348945565,0.6111111111111112,18,-0.0942293354829632,-9.422933548296319,10.328379745595955,1.219852856127818,7.87037037037037e-10,0.8653310955616692,10355.019434894557,0.03550194348945565
btc_hl_breakout_4m,0,0.0175,0.06,0.04,0.25,360,random,0.0052495492275988,0.52495492275988,0.30434782608695654,46,-0.08791074312901781,-8.791074312901781,2.5584167107604014,1.0251097834480614,2.543478260869565e-10,0.07639973884395437,10052.495492275988,0.0052495492275988
btc_hl_breakout_5m,0,0.04,0.2,0.015,0.4,30,random,0.08872547033700622,8.872547033700622,0.34782608695652173,23,-0.1412381403656836,-14.12381403656836,16.482939533762227,1.2981735343598402,6.166666666666667e-10,1.1125405814665492,10887.254703370061,0.08872547033700622
btc_hl_breakout_2m,0,0.0175,0.1,0.035,0.15,480,random,-0.005478551338828607,-0.5478551338828607,0.26666666666666666,45,-0.07024297597219231,-7.024297597219231,-2.188628863578308,0.9575222500887036,2.67037037037037e-10,-0.060870154724396434,9945.214486611714,-0.005478551338828607
btc_hl_breakout_2m,0,0.0075,0.015,0.0125,0.4,180,random,0.023571801658778667,2.3571801658778666,0.40217391304347827,92,-0.1253604682994207,-12.536046829942071,6.187937853322908,1.056661770078202,8.931159420289855e-11,0.08268285323498797,10235.718016587787,0.023571801658778667
btc_hl_breakout_8m,0,0.02,0.045,0.0175,0.15,15,random,-0.016968432366865772,-1.6968432366865773,0.3,50,-0.07981690854213597,-7.981690854213596,-7.356952337246795,0.8846312305402322,2.3133333333333334e-10,-0.21179435000405994,9830.315676331342,-0.016968432366865772
btc_vol_breakout_2m,0,0.0125,0.12,0.04,0.3,45,random,0.0618383998448383,6.18383998448383,0.3269230769230769,52,-0.10445050770797037,-10.445050770797037,16.16175374787393,1.2717615672153282,2.0833333333333334e-10,0.41846772525346587,10618.383998448382,0.0618383998448383
btc_hl_breakout_7m,0,0.04,0.025,0.04,0.4,90,random,0.13152167521437863,13.152167521437864,0.5952380952380952,42,-0.11117125736175437,-11.117125736175437,22.55826419165411,1.352140645787216,3.123015873015873e-10,0.7918454339656008,11315.216752143786,0.13152167521437863
btc_small_down_10m,0,0.03,0.02,0.025,0.15,45,random,0.0346592538968456,3.4659253896845597,0.5813953488372093,43,-0.03221421232387067,-3.2214212323870672,18.879491818021602,1.3030850696615075,2.2480620155038762e-10,0.5440988819375724,10346.592538968456,0.0346592538968456
btc_small_up_10m,0,0.06,0.04,0.01,0.1,45,random,0.029654434119513032,2.9654434119513033,0.6153846153846154,26,-0.026588397842850164,-2.6588397842850164,20.61360079528965,1.4343411934545631,4.519230769230769e-10,1.1481235058723842,10296.544341195131,0.029654434119513032
btc_hl_breakout_3m,0,0.06,0.05,0.015,0.05,120,random,0.010230640887129204,1.0230640887129205,0.5185185185185185,27,-0.01918305996142644,-1.918305996142644,13.893669250410646,1.2757767739211177,5.123456790123457e-10,0.7660693142663723,10102.306408871293,0.010230640887129204
btc_small_up_10m,0,0.04,0.02,0.0175,0.1,45,random,0.0336759652971675,3.3675965297167503,0.6097560975609756,41,-0.02861989115007324,-2.861989115007324,23.24517330112161,1.4483593520847435,2.7073170731707316e-10,0.822141331586012,10336.759652971676,0.0336759652971675
btc_small_down_10m,0,0.05,0.015,0.02,0.05,180,random,0.014457239991424729,1.4457239991424728,0.725,40,-0.008857426535778368,-0.8857426535778368,23.16543064725029,1.4359953851922456,2.4208333333333335e-10,0.7239425749437405,10144.572399914246,0.014457239991424729
btc_vol_breakout_3m,0,0.0075,0.06,0.0075,0.2,720,random,-0.0289181722059649,-2.89181722059649,0.2647058823529412,68,-0.0909472352198375,-9.094723521983749,-11.307045075032185,0.840013235491995,1.1225490196078431e-10,-0.20254872729645454,9710.81827794035,-0.0289181722059649
btc_hl_breakout_2m,0,0.04,0.15,0.02,0.1,30,random,0.02408527836071106,2.408527836071106,0.34782608695652173,23,-0.032849009136905916,-3.2849009136905916,16.87186678931155,1.3861615267439478,6.123188405797101e-10,1.0744450745005505,10240.85278360711,0.02408527836071106
btc_vol_breakout_8m,0,0.04,0.15,0.03,0.25,5,random,0.054116564976617154,5.411656497661715,0.35,20,-0.052633930879458446,-5.263393087945845,18.190660596399322,1.4626921031889542,6.466666666666666e-10,1.1339312915015993,10541.165649766172,0.054116564976617154
btc_vol_breakout_8m,0,0.05,0.06,0.04,0.3,240,random,-0.0008260004204109464,-0.08260004204109464,0.36363636363636365,22,-0.09962610613342804,-9.962610613342804,0.9404142371402504,0.9960482887756487,5.704545454545455e-10,0.0613098188240705,9991.739995795891,-0.0008260004204109464
btc_bullish,0,0.1,0.03,0.015,0.05,720,random,0.01864527667799876,1.864527667799876,0.76,25,-0.01595394540303352,-1.595394540303352,25.197620295013955,1.6057095984888572,5.553333333333334e-10,1.4925208079628347,10186.452766779988,0.01864527667799876
btc_vol_breakout_2m,0,0.035,0.04,0.0075,0.25,45,random,0.04391507028171391,4.391507028171391,0.4722222222222222,36,-0.07965593084833966,-7.965593084833966,13.781163197700916,1.2172836862395724,3.6064814814814813e-10,0.5147731271920147,10439.15070281714,0.04391507028171391
btc_hl_breakout_5m,0,0.005,0.02,0.05,0.2,360,random,-0.003261131641190286,-0.32611316411902863,0.3163265306122449,98,-0.09713819669709256,-9.713819669709256,-0.41645660046821253,0.9852628102604963,8.58843537414966e-11,-0.0054865525344177015,9967.388683588097,-0.003261131641190286
btc_vol_breakout_10m,0,0.04,0.15,0.0075,0.05,20,random,0.014501661249009907,1.4501661249009907,0.3684210526315789,19,-0.010734565723363954,-1.0734565723363954,23.620023179704173,1.7137017344271936,6.236842105263158e-10,1.5350549724861728,10145.016612490099,0.014501661249009907
btc_hl_breakout_10m,0,0.02,0.01,0.03,0.1,90,random,-0.005475456542864049,-0.5475456542864049,0.5540540540540541,74,-0.04947744030450363,-4.947744030450362,-3.6011330465535623,0.9505646111484892,1.304054054054054e-10,-0.06677525818418481,9945.24543457136,-0.005475456542864049
btc_vol_breakout_10m,0,0.1,0.035,0.015,0.4,45,random,0.019326224023864007,1.9326224023864007,0.6818181818181818,22,-0.1277329501856137,-12.77329501856137,5.255163809061045,1.0659155171841286,5.416666666666667e-10,0.32643735254971357,10193.26224023864,0.019326224023864007
btc_hl_breakout_5m,0,0.0175,0.08,0.02,0.2,1440,random,-0.017079113648372595,-1.7079113648372595,0.25,48,-0.10116090090561436,-10.116090090561435,-5.721273397902787,0.9083635287691851,2.4618055555555555e-10,-0.15468311057484713,9829.208863516275,-0.017079113648372595
btc_hl_breakout_5m,0,0.0075,0.035,0.03,0.05,30,random,0.0023542806624671526,0.23542806624671525,0.3375,80,-0.02471103053548629,-2.471103053548629,3.567829687231989,1.0462658761927188,1.2125e-10,0.062384971988087096,10023.542806624671,0.0023542806624671526
btc_bullish,0,0.01,0.08,0.0075,0.1,15,random,0.016754130351995435,1.6754130351995435,0.2987012987012987,77,-0.03101934485440605,-3.101934485440605,11.63564513570063,1.169881744671822,1.5822510822510823e-10,0.22439496975198836,10167.541303519954,0.016754130351995435
btc_hl_breakout_5m,0,0.0075,0.12,0.03,0.5,5,random,0.0022520310796495325,0.22520310796495324,0.28169014084507044,71,-0.23978478966373684,-23.978478966373686,2.3921859093188536,1.0040267535280465,1.3990610328638496e-10,0.05083112981464023,10022.520310796495,0.0022520310796495325
btc_hl_breakout_1m,0,0.015,0.025,0.02,0.5,5,random,0.03855657692847062,3.8556576928470623,0.421875,64,-0.13525644360144184,-13.525644360144184,7.803615507614061,1.0728893571862401,1.6380208333333333e-10,0.15576582145105952,10385.565769284705,0.03855657692847062
btc_bullish,0,0.04,0.15,0.003,0.15,480,random,0.05868831368713545,5.868831368713545,0.391304347826087,23,-0.041928590982911906,-4.192859098291191,25.037804658033295,1.7237177473358118,6e-10,1.7097457358685817,10586.883136871355,0.05868831368713545
btc_hl_breakout_7m,0,0.03,0.015,0.01,0.25,720,random,0.04512390293238937,4.512390293238937,0.5818181818181818,55,-0.09842592333654854,-9.842592333654853,13.391199821845323,1.1798602534122298,2.1060606060606061e-10,0.34736005799155706,10451.239029323893,0.04512390293238937
btc_hl_breakout_8m,0,0.025,0.04,0.005,0.05,720,random,0.008695111813904526,0.8695111813904526,0.3829787234042553,47,-0.018141012796989098,-1.8141012796989098,11.855333397530476,1.1834475104933793,2.602836879432624e-10,0.37552605653970533,10086.951118139044,0.008695111813904526
btc_hl_breakout_6m,0,0.03,0.025,0.02,0.1,90,random,-0.0012395399564750847,-0.12395399564750847,0.4888888888888889,45,-0.03983161334860719,-3.9831613348607187,-0.6133107568275921,0.986388875355079,2.762962962962963e-10,-0.017289945955736893,9987.604600435248,-0.0012395399564750847
btc_hl_breakout_2m,0,0.0175,0.25,0.035,0.4,240,random,-0.033053976568453707,-3.3053976568453707,0.2558139534883721,43,-0.1937700719331894,-19.37700719331894,-4.7362343882689615,0.9008040362408379,2.813953488372093e-10,-0.1342109842946492,9669.460234315462,-0.033053976568453707
btc_hl_breakout_7m,0,0.05,0.02,0.025,0.5,90,random,0.13417002625281194,13.417002625281194,0.6666666666666666,42,-0.1475495613834079,-14.754956138340791,19.104139867713183,1.266989329606507,2.9087301587301587e-10,0.6739267453859864,11341.70026252812,0.13417002625281194
btc_vol_breakout_3m,0,0.05,0.12,0.0075,0.05,45,random,0.00909851854816108,0.9098518548161081,0.3684210526315789,19,-0.018206526353204966,-1.8206526353204966,13.092560813027626,1.3013702769913107,7e-10,0.9754735547518051,10090.985185481612,0.00909851854816108
btc_vol_breakout_10m,0,0.02,0.025,0.015,0.5,90,random,-0.006564181720480155,-0.6564181720480156,0.375,40,-0.1577631401319577,-15.776314013195769,0.04820335664019483,0.9817338716059553,1.9000000000000002e-10,0.0046237811518984925,9934.358182795198,-0.006564181720480155
btc_hl_breakout_5m,0,0.01,0.05,0.04,0.15,5,random,0.031337416266005017,3.133741626600502,0.37681159420289856,69,-0.05026595108996246,-5.026595108996245,15.181678429821503,1.230818919480485,1.4879227053140098e-10,0.31116155829902276,10313.37416266005,0.031337416266005017
btc_hl_breakout_10m,0,0.0125,0.2,0.015,0.05,60,random,0.011395738190023059,1.139573819002306,0.36,50,-0.01892246900596939,-1.892246900596939,15.661673683384471,1.300616787480957,2.1433333333333332e-10,0.46106594054718875,10113.95738190023,0.011395738190023059
btc_vol_breakout_2m,0,0.1,0.15,0.0125,0.5,90,random,0.170268176068921,17.0268176068921,0.4,10,-0.17225032534592388,-17.225032534592387,22.304764486153417,1.7763227676537467,1.4583333333333334e-09,3.5274867217345767,11702.681760689211,0.170268176068921
btc_hl_breakout_1m,0,0.035,0.02,0.003,0.4,360,random,0.13745088817511242,13.745088817511242,0.627906976744186,43,-0.06852134741261451,-6.852134741261451,28.02452802368852,1.4658913597821184,2.9186046511627907e-10,0.7851632730331414,11374.508881751124,0.13745088817511242
btc_hl_breakout_3m,0,0.01,0.045,0.01,0.05,480,random,0.004550307640501398,0.45503076405013987,0.36231884057971014,69,-0.016780776947257436,-1.6780776947257436,7.676693823349087,1.1075419362285326,1.4710144927536232e-10,0.1348173529394033,10045.503076405013,0.004550307640501398
btc_vol_breakout_3m,0,0.04,0.04,0.003,0.25,360,random,0.03682164436271196,3.682164436271196,0.4857142857142857,35,-0.0711761006380115,-7.11761006380115,11.857511016303617,1.1741492779322014,3.5e-10,0.4535718955864061,10368.21644362712,0.03682164436271196
btc_hl_breakout_2m,0,0.0075,0.3,0.025,0.3,480,random,0.005568073840103944,0.5568073840103943,0.3188405797101449,69,-0.11913042178626065,-11.913042178626066,2.565839159588161,1.0196364489689607,1.4033816425120772e-10,0.04880539783729078,10055.680738401039,0.005568073840103944
btc_small_up_9m,0,0.0075,0.03,0.02,0.3,120,random,0.033824194532798356,3.3824194532798355,0.36666666666666664,60,-0.06112778123416718,-6.112778123416717,11.154433924107993,1.1734979243382926,1.15e-10,0.20115541494060366,10338.241945327984,0.033824194532798356
btc_bullish,0,0.02,0.035,0.0175,0.1,90,random,0.016280059671529706,1.6280059671529705,0.3709677419354839,62,-0.030079607269282826,-3.0079607269282826,11.134436560235901,1.1444886531873655,2.0672043010752688e-10,0.2716717878557794,10162.800596715297,0.016280059671529706
btc_hl_breakout_2m,0,0.1,0.05,0.025,0.25,360,random,0.06987352305982768,6.987352305982768,0.6470588235294118,17,-0.08885612401784604,-8.885612401784604,18.880221712438434,1.5069569554549906,8.362745098039216e-10,1.6796148112762668,10698.735230598277,0.06987352305982768
btc_hl_breakout_1m,0,0.01,0.15,0.0125,0.25,45,random,0.005039018189183526,0.5039018189183526,0.3064516129032258,62,-0.09779275608052396,-9.779275608052396,2.498461812235597,1.0229817127562926,1.696236559139785e-10,0.05318490594957358,10050.390181891835,0.005039018189183526
btc_hl_breakout_1m,0,0.0175,0.015,0.025,0.3,10,random,-0.02195082958521816,-2.195082958521816,0.4788732394366197,71,-0.11597081613255211,-11.597081613255211,-5.02833480232092,0.9317793492961377,1.403755868544601e-10,-0.08607707570657905,9780.491704147818,-0.02195082958521816
btc_hl_breakout_7m,0,0.05,0.025,0.0075,0.15,10,random,0.03809104352020363,3.8091043520203627,0.631578947368421,38,-0.04723562645084767,-4.723562645084767,17.338970111540736,1.292263867698076,3.495614035087719e-10,0.6811205383044565,10380.910435202037,0.03809104352020363
btc_alt_aligned,0,0.06,0.15,0.01,0.5,240,random,0.17005039226490798,17.005039226490798,0.47368421052631576,19,-0.17550816289325122,-17.550816289325123,22.10413967317092,1.4533098193111933,7.649122807017543e-10,1.9128186847355695,11700.50392264908,0.17005039226490798
btc_vol_breakout_9m,0,0.0075,0.03,0.005,0.25,45,random,0.010009848744406372,1.000984874440637,0.34615384615384615,52,-0.05084542835575723,-5.084542835575723,4.8179582801535314,1.066879002500506,1.2083333333333333e-10,0.08982323337324769,10100.098487444064,0.010009848744406372
btc_hl_breakout_5m,0,0.04,0.015,0.03,0.3,60,random,0.059223731103923684,5.9223731103923685,0.6538461538461539,52,-0.08542654351256496,-8.542654351256495,15.549983055168953,1.2161815307231398,2.2339743589743588e-10,0.3971709173739335,10592.237311039236,0.059223731103923684
btc_small_up_10m,0,0.08,0.045,0.01,0.1,15,random,0.036076191125813964,3.6076191125813963,0.6521739130434783,23,-0.028051568592034615,-2.8051568592034615,24.410668945813203,1.5901652243210582,5.202898550724638e-10,1.569330706675495,10360.76191125814,0.036076191125813964
btc_hl_breakout_9m,0,0.1,0.06,0.035,0.4,180,random,0.10386613812019532,10.386613812019533,0.5625,16,-0.14753459989977558,-14.753459989977557,17.76071960083239,1.410495714582545,8.989583333333333e-10,1.7172151170045835,11038.661381201953,0.10386613812019532
btc_hl_breakout_5m,0,0.035,0.05,0.0075,0.2,15,random,0.027479397034464,2.7479397034464,0.42857142857142855,35,-0.0672255651417365,-6.72255651417365,10.52638831283018,1.1718436783754465,3.928571428571429e-10,0.4187349669250754,10274.79397034464,0.027479397034464
btc_hl_breakout_2m,0,0.005,0.25,0.01,0.4,45,random,-0.08733701488715996,-8.733701488715996,0.25925925925925924,81,-0.20572381102215798,-20.572381102215797,-17.177387031053694,0.7735838783503394,1.0534979423868312e-10,-0.26363568950801985,9126.6298511284,-0.08733701488715996
btc_hl_breakout_7m,0,0.02,0.15,0.04,0.05,480,random,0.002153944340523407,0.21539443405234068,0.23809523809523808,42,-0.026103706555244854,-2.6103706555244854,3.191602329473848,1.0465346557841606,2.8253968253968256e-10,0.1129151879611455,10021.539443405234,0.002153944340523407
btc_hl_breakout_7m,0,0.035,0.015,0.01,0.25,15,random,0.07188731173576111,7.1887311735761115,0.64,50,-0.07784549162057919,-7.784549162057919,19.847174334254714,1.3140206424713485,2.4033333333333333e-10,0.5851986478082855,10718.87311735761,0.07188731173576111
btc_alt_aligned,0,0.03,0.025,0.03,0.15,20,random,0.03484171023109559,3.484171023109559,0.5,54,-0.044873564924940434,-4.487356492494044,15.523225041646143,1.212506005077796,2.570987654320988e-10,0.4423766433058048,10348.417102310956,0.03484171023109559
btc_hl_breakout_9m,0,0.04,0.25,0.005,0.3,20,random,0.10608214956765864,10.608214956765865,0.36363636363636365,22,-0.1063614358434396,-10.63614358434396,22.500934399977037,1.526551293890321,6.356060606060605e-10,1.685114269483674,11060.821495676586,0.10608214956765864
btc_vol_breakout_10m,0,0.06,0.03,0.03,0.15,1440,random,0.018352876320064843,1.8352876320064844,0.6153846153846154,26,-0.03983730086231985,-3.9837300862319847,11.671596089382707,1.1920001850566013,3.8974358974358973e-10,0.4906015560951436,10183.528763200648,0.018352876320064843
btc_vol_breakout_2m,0,0.035,0.15,0.05,0.25,240,random,0.059487939724328046,5.948793972432805,0.3333333333333333,24,-0.08154025523890929,-8.15402552389093,17.65550285458045,1.383394514190586,5.6875e-10,1.051867236730496,10594.87939724328,0.059487939724328046
btc_vol_breakout_3m,0,0.06,0.02,0.03,0.1,60,random,0.03160471999551036,3.160471999551036,0.7352941176470589,34,-0.023590341461616204,-2.3590341461616204,22.44982852764711,1.479027354099476,3.6911764705882356e-10,0.9314038234991306,10316.047199955103,0.03160471999551036
btc_hl_breakout_1m,0,0.08,0.06,0.01,0.1,20,random,0.040445976088414215,4.044597608841421,0.5789473684210527,19,-0.030677818959658154,-3.0677818959658154,26.440946971327634,1.7178074032309958,7.31578947368421e-10,2.125216139883443,10404.459760884141,0.040445976088414215
btc_vol_breakout_2m,0,0.025,0.035,0.0075,0.05,20,random,0.008551446776585482,0.8551446776585483,0.4375,48,-0.013536971200112213,-1.3536971200112213,13.168127698224215,1.1952460770752318,2.513888888888889e-10,0.36031547205650005,10085.514467765855,0.008551446776585482
btc_hl_breakout_3m,0,0.005,0.045,0.01,0.2,1440,random,-0.010569925314146668,-1.0569925314146669,0.3048780487804878,82,-0.07020159155879457,-7.020159155879457,-3.9374658498753092,0.9407724381403104,9.735772357723577e-11,-0.055099568370266486,9894.300746858533,-0.010569925314146668
btc_vol_breakout_3m,0,0.03,0.035,0.05,0.5,120,random,0.10592624681884372,10.592624681884372,0.5,40,-0.1362029433652775,-13.62029433652775,17.18730188969078,1.231452458756899,2.9791666666666665e-10,0.5676194592266233,11059.262468188437,0.10592624681884372
btc_alt_aligned,0,0.06,0.045,0.0125,0.5,180,random,0.15694289406340048,15.694289406340047,0.5666666666666667,30,-0.17550816289325,-17.550816289325,21.011361523351678,1.3394188145593184,4.783333333333333e-10,1.0853149657234025,11569.428940634005,0.15694289406340048
btc_small_up_10m,0,0.005,0.06,0.05,0.15,720,random,0.02409917460142833,2.4099174601428333,0.38461538461538464,65,-0.04109832474058139,-4.109832474058139,12.58492333658063,1.2213509054806917,1.058974358974359e-10,0.25498645440887957,10240.991746014282,0.02409917460142833
btc_vol_breakout_9m,0,0.0175,0.04,0.0075,0.05,10,random,0.001541877958456388,0.1541877958456388,0.32558139534883723,43,-0.01574577170255731,-1.574577170255731,3.122785089623605,1.0458956316515624,1.9031007751937986e-10,0.07573694085199356,10015.418779584565,0.001541877958456388
btc_hl_breakout_5m,0,0.035,0.025,0.01,0.3,10,random,0.05356139336723995,5.356139336723995,0.5714285714285714,42,-0.08282644460468325,-8.282644460468324,14.15535780649298,1.2020263409962177,3.119047619047619e-10,0.44935658000268924,10535.613933672399,0.05356139336723995
btc_small_up_9m,0,0.025,0.025,0.02,0.1,720,random,0.006388518278412585,0.6388518278412585,0.45454545454545453,44,-0.03032394419123874,-3.032394419123874,5.606538305684793,1.0843779530721387,2.1893939393939394e-10,0.15365462918232037,10063.885182784126,0.006388518278412585
btc_vol_breakout_3m,0,0.035,0.25,0.035,0.5,20,random,0.109702518592265,10.9702518592265,0.2857142857142857,21,-0.15750759261313863,-15.750759261313863,16.84339699882457,1.3317798832001728,6.325396825396825e-10,1.2228822046550216,11097.02518592265,0.109702518592265
btc_small_up_9m,0,0.01,0.3,0.0175,0.2,1440,random,0.006871916681645985,0.6871916681645985,0.32608695652173914,46,-0.06394047988577356,-6.394047988577356,3.6420248183491752,1.0566547851197212,1.7971014492753623e-10,0.09015475242565976,10068.71916681646,0.006871916681645985
btc_hl_breakout_4m,0,0.04,0.025,0.03,0.1,480,random,0.025914942194922026,2.5914942194922026,0.5909090909090909,44,-0.02294276712613319,-2.294276712613319,19.53249165732681,1.310076541250068,2.9545454545454544e-10,0.5937129281754024,10259.14942194922,0.025914942194922026
btc_hl_breakout_9m,0,0.03,0.05,0.0175,0.3,120,random,0.04766937354122242,4.766937354122242,0.4,40,-0.1168900264683218,-11.689002646832181,11.756037866322625,1.1619601941596962,3.2749999999999995e-10,0.44014133099897385,10476.693735412224,0.04766937354122242
btc_hl_breakout_5m,0,0.005,0.05,0.03,0.25,1440,random,-0.01948482292554713,-1.9484822925547132,0.3111111111111111,90,-0.12384666800688093,-12.384666800688093,-4.942406335107493,0.9263431875889355,9.962962962962962e-11,-0.07311624556398413,9805.15177074453,-0.01948482292554713
btc_vol_breakout_9m,0,0.08,0.015,0.003,0.1,720,random,0.0016896287432146778,0.16896287432146778,0.7666666666666667,30,-0.027667483820241534,-2.7667483820241534,1.757943074700271,1.0274614274186118,3.533333333333333e-10,0.07135955533770552,10016.896287432146,0.0016896287432146778
btc_vol_breakout_8m,0,0.04,0.025,0.01,0.5,1440,random,0.14083720796810675,14.083720796810676,0.5882352941176471,34,-0.12027504442700188,-12.027504442700188,25.208960723096975,1.4257847447285745,3.2352941176470585e-10,0.8266737751467603,11408.372079681067,0.14083720796810675
btc_hl_breakout_9m,0,0.08,0.12,0.0125,0.1,20,random,0.04450313900376756,4.450313900376756,0.4666666666666667,15,-0.030719291017733852,-3.071929101773385,28.57825777819752,1.7254402988261368,9.622222222222221e-10,2.976065200904255,10445.031390037675,0.04450313900376756
btc_hl_breakout_7m,0,0.025,0.12,0.005,0.5,45,random,0.10530473192644531,10.53047319264453,0.2702702702702703,37,-0.1871866497929251,-18.71866497929251,15.321647037531406,1.2166187414207086,3.391891891891892e-10,0.6562373682596474,11053.047319264453,0.10530473192644531
btc_alt_aligned,0,0.01,0.025,0.0175,0.1,30,random,0.006112085106794632,0.6112085106794631,0.33962264150943394,106,-0.03860744088525969,-3.860744088525969,4.489097852136791,1.0445773449433093,1.2185534591194967e-10,0.06402354498840147,10061.120851067946,0.006112085106794632
btc_vol_breakout_2m,0,0.01,0.25,0.03,0.1,20,random,0.002853266032257727,0.2853266032257727,0.296875,64,-0.035047148848802334,-3.5047148848802334,2.545260864584489,1.0336424635759687,1.6223958333333334e-10,0.0523377845542831,10028.532660322577,0.002853266032257727
btc_hl_breakout_4m,0,0.01,0.05,0.005,0.2,180,random,0.0389894355448326,3.89894355448326,0.36363636363636365,66,-0.05142274722276019,-5.142274722276019,15.872413286212629,1.2432233808426827,1.5454545454545455e-10,0.3040041328935367,10389.894355448327,0.0389894355448326
btc_hl_breakout_7m,0,0.015,0.12,0.0075,0.1,10,random,0.008885766951986784,0.8885766951986784,0.3148148148148148,54,-0.045269262604229143,-4.526926260422915,6.35870103939511,1.0941036863044808,2.1203703703703703e-10,0.17859166599182938,10088.857669519868,0.008885766951986784
btc_small_up_10m,0,0.0125,0.15,0.01,0.05,20,random,0.006140205617599332,0.6140205617599332,0.3191489361702128,47,-0.017037068680342937,-1.7037068680342937,9.068499362520043,1.1664566195760449,1.8333333333333332e-10,0.2673717095238864,10061.402056175993,0.006140205617599332
btc_hl_breakout_8m,0,0.03,0.015,0.05,0.25,480,random,0.045710251404169004,4.5710251404169,0.5882352941176471,51,-0.07675986235504795,-7.675986235504794,13.449557215048197,1.1921787155355792,2.1830065359477124e-10,0.3788495274149706,10457.10251404169,0.045710251404169004
btc_hl_breakout_1m,0,0.015,0.035,0.015,0.15,30,random,0.00769476112195282,0.769476112195282,0.43548387096774194,62,-0.04732826816280078,-4.7328268162800775,4.551639614260448,1.0514982941732063,1.7634408602150538e-10,0.09475215424321057,10076.947611219528,0.00769476112195282
btc_hl_breakout_10m,0,0.0125,0.035,0.03,0.15,15,random,0.03670801006480945,3.6708010064809447,0.4090909090909091,66,-0.04920005936429106,-4.920005936429106,17.711640866258747,1.2469686038269667,1.5631313131313132e-10,0.37851264170270765,10367.080100648094,0.03670801006480945
btc_small_up_9m,0,0.015,0.025,0.0175,0.25,10,random,-0.002345096524292558,-0.23450965242925578,0.38461538461538464,52,-0.06792070292261587,-6.792070292261587,0.02613520883820258,0.9881974474075903,1.5897435897435896e-10,-0.0003059307969662143,9976.549034757074,-0.002345096524292558
btc_hl_breakout_7m,0,0.02,0.3,0.04,0.05,720,random,0.0007508606630480017,0.07508606630480016,0.23076923076923078,39,-0.02636627252632273,-2.636627252632273,1.2392033192085172,1.0180905646045217,3.0769230769230764e-10,0.05037757019331812,10007.50860663048,0.0007508606630480017
btc_small_up_9m,0,0.025,0.25,0.01,0.5,30,random,0.03326986134465505,3.326986134465505,0.2413793103448276,29,-0.17017949443852265,-17.017949443852267,6.949910460799528,1.0921277649970877,3.758620689655173e-10,0.36729340753798245,10332.698613446551,0.03326986134465505
btc_bullish,0,0.06,0.2,0.003,0.2,15,random,0.07919777034051713,7.919777034051713,0.4666666666666667,15,-0.06298951817369813,-6.298951817369813,25.20260760199527,1.7628380193245867,9.422222222222222e-10,2.682608106266006,10791.977703405171,0.07919777034051713
btc_vol_breakout_9m,0,0.06,0.05,0.0125,0.4,360,random,0.015585829768718805,1.5585829768718804,0.45454545454545453,22,-0.10686523749294685,-10.686523749294686,4.637045804186957,1.05840900120772,5.484848484848485e-10,0.2677922328808055,10155.858297687188,0.015585829768718805
btc_hl_breakout_10m,0,0.0175,0.035,0.005,0.5,60,random,0.03416083755313075,3.4160837553130747,0.38596491228070173,57,-0.20157006115444454,-20.157006115444453,6.823872615525417,1.060542893520535,1.9883040935672515e-10,0.16902281603083413,10341.608375531308,0.03416083755313075
btc_hl_breakout_2m,0,0.0075,0.025,0.05,0.5,45,random,0.03553387689026122,3.553387689026122,0.36904761904761907,84,-0.14282077690236283,-14.282077690236283,7.460467190655072,1.0668073217320426,1.0694444444444445e-10,0.11044918902852979,10355.338768902613,0.03553387689026122
btc_hl_breakout_4m,0,0.005,0.12,0.005,0.3,720,random,-0.04267793403414512,-4.267793403414512,0.275,80,-0.12595002280680967,-12.595002280680967,-10.863972532197211,0.8444659131586625,1.0666666666666667e-10,-0.16643443926118334,9573.22065965855,-0.04267793403414512
btc_hl_breakout_1m,0,0.015,0.035,0.0175,0.3,20,random,0.013148943717666043,1.3148943717666042,0.43548387096774194,62,-0.09384939140356119,-9.384939140356119,4.525677406260792,1.0425776880633415,1.7634408602150538e-10,0.09475215424321094,10131.48943717666,0.013148943717666043
btc_hl_breakout_5m,0,0.05,0.015,0.025,0.1,15,random,0.00838018109749688,0.838018109749688,0.6739130434782609,46,-0.03546271187949912,-3.546271187949912,6.597021640506861,1.0927927659278263,2.5797101449275363e-10,0.19320810498485724,10083.801810974968,0.00838018109749688
btc_hl_breakout_2m,0,0.04,0.01,0.0175,0.3,60,random,0.055927674191139025,5.592767419113902,0.7368421052631579,57,-0.07590481037820807,-7.5904810378208065,15.136212954313184,1.2230582773149188,1.8596491228070174e-10,0.34194219338152065,10559.27674191139,0.055927674191139025
btc_hl_breakout_4m,0,0.01,0.01,0.0075,0.15,30,random,0.02467012526738031,2.467012526738031,0.5164835164835165,91,-0.03678495553425232,-3.6784955534252317,14.058677347008915,1.1825215625335732,9.285714285714285e-11,0.18559571246773304,10246.701252673804,0.02467012526738031
btc_hl_breakout_7m,0,0.06,0.03,0.0175,0.15,1440,random,0.04246714776640017,4.246714776640017,0.6363636363636364,33,-0.05391646249443638,-5.391646249443638,19.151796497449798,1.3469941031603365,4.0505050505050505e-10,0.8685357247682108,10424.671477664002,0.04246714776640017
btc_vol_breakout_2m,0,0.0175,0.03,0.015,0.1,1440,random,-0.001987692925059332,-0.19876929250593323,0.3508771929824561,57,-0.029078346689967893,-2.9078346689967893,-1.2487994722273426,0.9783622027122506,1.9824561403508774e-10,-0.027475302579690674,9980.123070749407,-0.001987692925059332
btc_hl_breakout_1m,0,0.025,0.035,0.04,0.15,15,random,0.022983208802908918,2.2983208802908917,0.4375,48,-0.04368658258797031,-4.368658258797032,12.035634349657304,1.1612469225003907,2.451388888888889e-10,0.3326478422486311,10229.832088029088,0.022983208802908918
btc_small_up_9m,0,0.05,0.3,0.0125,0.2,240,random,0.04505478742669188,4.5054787426691885,0.42857142857142855,14,-0.06407321140646671,-6.407321140646671,16.27282642479415,1.5561505272510254,9.154761904761905e-10,1.6679355151861395,10450.547874266918,0.04505478742669188
btc_hl_breakout_4m,0,0.035,0.03,0.0075,0.25,120,random,0.08520035989330718,8.520035989330719,0.5714285714285714,42,-0.05794867119554148,-5.794867119554148,25.126359558275485,1.4059467322440027,3.198412698412698e-10,0.8102658790479783,10852.003598933072,0.08520035989330718
btc_vol_breakout_9m,0,0.035,0.2,0.0075,0.3,480,random,0.10085173000919385,10.085173000919385,0.3,20,-0.06090413172265108,-6.090413172265108,27.10460418635369,1.7791187574395921,6.133333333333333e-10,1.719076436479797,11008.517300091939,0.10085173000919385
btc_hl_breakout_2m,0,0.0175,0.015,0.01,0.3,60,random,-0.016105625040680388,-1.6105625040680387,0.5068493150684932,73,-0.10822002477596915,-10.822002477596914,-3.2983982149617974,0.9525110589538348,1.4018264840182648e-10,-0.05472387735559204,9838.943749593196,-0.016105625040680388
btc_vol_breakout_3m,0,0.02,0.025,0.05,0.05,240,random,0.0008100997815753715,0.08100997815753715,0.4166666666666667,48,-0.014542518063237475,-1.4542518063237475,1.512175914892205,1.0191627265448202,2.0243055555555558e-10,0.03827691441834045,10008.100997815754,0.0008100997815753715
btc_hl_breakout_10m,0,0.005,0.15,0.003,0.1,5,random,0.0010517309491425634,0.10517309491425635,0.313953488372093,86,-0.041553576361870626,-4.1553576361870626,1.1653215859115778,1.0115577337850812,1.0910852713178295e-10,0.018129853473491376,10010.517309491426,0.0010517309491425634
btc_hl_breakout_7m,0,0.005,0.05,0.025,0.05,20,random,-0.004338377982408133,-0.4338377982408133,0.30526315789473685,95,-0.026059506352557826,-2.6059506352557826,-6.296551015838215,0.9163462720313877,9.947368421052632e-11,-0.08888220112842672,9956.616220175918,-0.004338377982408133
btc_bullish,0,0.05,0.2,0.03,0.2,360,random,0.07816536705030705,7.816536705030705,0.3157894736842105,19,-0.06155391982555969,-6.155391982555969,24.88984304799754,1.6007783478976705,7.412280701754386e-10,2.1139114856840906,10781.65367050307,0.07816536705030705
btc_hl_breakout_4m,0,0.04,0.12,0.005,0.5,180,random,0.15242347498070577,15.242347498070577,0.34615384615384615,26,-0.15711392700825944,-15.711392700825943,22.107613713643712,1.3866435790808633,5.314102564102564e-10,1.267787175631662,11524.234749807058,0.15242347498070577
btc_bullish,0,0.06,0.25,0.035,0.05,10,random,0.020077293273225126,2.0077293273225125,0.5,14,-0.016113142607605768,-1.6113142607605768,25.20752627552761,1.8821985192745272,1.0095238095238096e-09,2.8787682125327367,10200.77293273225,0.020077293273225126
btc_small_down_10m,0,0.035,0.2,0.003,0.25,10,random,0.06763479228276965,6.763479228276966,0.3181818181818182,22,-0.07572703873154041,-7.57270387315404,19.392743389004295,1.4831591290303239,5.878787878787879e-10,1.3050856988371744,10676.347922827696,0.06763479228276965
btc_vol_breakout_9m,0,0.01,0.035,0.03,0.25,120,random,0.030424783070117156,3.0424783070117156,0.36,50,-0.04214348478795582,-4.214348478795582,12.95088059564378,1.2045515548754275,1.3700000000000002e-10,0.2545657923818105,10304.247830701172,0.030424783070117156
btc_small_up_10m,0,0.0175,0.1,0.035,0.05,720,random,0.002749145688716601,0.2749145688716601,0.3023255813953488,43,-0.01895502805733107,-1.895502805733107,4.1010891761389825,1.0751803013541477,2.24031007751938e-10,0.1344791971577314,10027.491456887166,0.002749145688716601
btc_hl_breakout_7m,0,0.0175,0.08,0.025,0.15,60,random,0.003074121846835851,0.3074121846835851,0.26,50,-0.0797911139002826,-7.97911139002826,2.0387681512914155,1.021210509903201,2.353333333333333e-10,0.06255439825014508,10030.741218468358,0.003074121846835851
btc_hl_breakout_5m,0,0.06,0.04,0.0075,0.1,120,random,0.02521985844554099,2.521985844554099,0.5666666666666667,30,-0.040772247394096905,-4.07722473940969,16.672036764308867,1.2998875559553942,4.5833333333333335e-10,0.8540948715758603,10252.19858445541,0.02521985844554099
btc_vol_breakout_3m,0,0.0175,0.25,0.02,0.4,5,random,-0.03228691573509245,-3.228691573509245,0.23684210526315788,38,-0.15359091761646682,-15.359091761646681,-4.827132068915243,0.8898129677869208,2.776315789473684e-10,-0.1539351135814197,9677.130842649076,-0.03228691573509245
btc_small_down_10m,0,0.02,0.01,0.02,0.25,240,random,0.05588623228897895,5.588623228897895,0.5892857142857143,56,-0.04606013559602318,-4.606013559602317,21.288968883719082,1.3087153708383852,1.2886904761904761e-10,0.4040354594160105,10558.862322889789,0.05588623228897895
btc_hl_breakout_2m,0,0.005,0.025,0.0175,0.25,30,random,-0.02997200332108714,-2.997200332108714,0.2857142857142857,91,-0.11329010926035665,-11.329010926035664,-9.508212943059586,0.8829166666819348,8.901098901098901e-11,-0.1224462069784879,9700.279966789129,-0.02997200332108714
btc_hl_breakout_6m,0,0.005,0.035,0.005,0.1,60,random,-0.004483059888733737,-0.4483059888733737,0.30851063829787234,94,-0.04934301122897711,-4.934301122897711,-2.955138541976306,0.9566276304461533,9.716312056737588e-11,-0.042142977576143784,9955.169401112662,-0.004483059888733737
btc_hl_breakout_3m,0,0.04,0.08,0.02,0.25,30,random,0.05548265478304402,5.548265478304402,0.39285714285714285,28,-0.08568147364848122,-8.568147364848123,16.56084235048662,1.3017904956860031,4.815476190476191e-10,0.8285201512222148,10554.82654783044,0.05548265478304402
btc_vol_breakout_3m,0,0.1,0.06,0.025,0.4,180,random,0.10108488430406846,10.108488430406846,0.5333333333333333,15,-0.14102168531079717,-14.102168531079718,17.591878170327874,1.4393258448754578,9.377777777777777e-10,1.7822312344140008,11010.848843040685,0.10108488430406846
btc_hl_breakout_4m,0,0.1,0.1,0.035,0.5,360,random,0.18319401999435195,18.319401999435193,0.5,14,-0.15563233915896113,-15.563233915896113,24.160261845414617,1.6635936276177397,1.013095238095238e-09,2.6396307433429507,11831.94019994352,0.18319401999435195
btc_vol_breakout_9m,0,0.05,0.015,0.01,0.3,5,random,-0.010505264915758334,-1.0505264915758334,0.6666666666666666,39,-0.08832299149793021,-8.832299149793021,-1.863370291257511,0.9561589996841636,2.4444444444444444e-10,-0.05521641985476941,9894.947350842416,-0.010505264915758334
btc_hl_breakout_3m,0,0.005,0.06,0.005,0.05,240,random,-0.005385774353157291,-0.5385774353157291,0.275,80,-0.019560417190399804,-1.9560417190399804,-8.995445742450029,0.8768729263863922,9.958333333333333e-11,-0.13266259797266508,9946.142256468427,-0.005385774353157291
btc_hl_breakout_2m,0,0.06,0.02,0.0175,0.4,480,random,0.12703956863356616,12.703956863356616,0.7222222222222222,36,-0.09241187268425777,-9.241187268425776,22.610418976339147,1.3926859904103577,3.597222222222222e-10,0.8926416930005618,11270.395686335662,0.12703956863356616
btc_hl_breakout_1m,0,0.02,0.06,0.01,0.4,20,random,0.004063254847216922,0.4063254847216922,0.29545454545454547,44,-0.14696274207402515,-14.696274207402515,2.2824520257960246,1.0112209366703229,2.651515151515151e-10,0.07470805290232027,10040.63254847217,0.004063254847216922
btc_hl_breakout_4m,0,0.03,0.25,0.05,0.1,120,random,0.025408120564749982,2.5408120564749983,0.32142857142857145,28,-0.03054889836678565,-3.054889836678565,17.71235115051505,1.3860189675842658,4.910714285714286e-10,0.9336974508039482,10254.0812056475,0.025408120564749982
btc_small_down_10m,0,0.025,0.01,0.005,0.25,120,random,0.07646800921234022,7.646800921234022,0.6346153846153846,52,-0.060225472779903644,-6.022547277990364,27.275863266300075,1.4408283336725862,1.532051282051282e-10,0.5840339005757236,10764.680092123403,0.07646800921234022
btc_vol_breakout_8m,0,0.035,0.12,0.015,0.3,30,random,0.12104560391040786,12.104560391040787,0.34782608695652173,23,-0.060904131722650634,-6.090413172265063,31.059134091569696,1.7812956317355233,5.391304347826087e-10,1.7515382068225338,11210.45603910408,0.12104560391040786
btc_vol_breakout_3m,0,0.035,0.05,0.01,0.25,20,random,0.04179852399122969,4.17985239912297,0.40625,32,-0.08151465259448887,-8.151465259448887,13.014763541598203,1.2246090186611311,3.958333333333333e-10,0.5532902894862053,10417.985239912297,0.04179852399122969
btc_hl_breakout_10m,0,0.005,0.06,0.0125,0.2,15,random,0.0035102411644227006,0.35102411644227005,0.3146067415730337,89,-0.08191036627144965,-8.191036627144966,2.0783599944137134,1.0180359525507432,1.0355805243445693e-10,0.03232766369131026,10035.102411644228,0.0035102411644227006
btc_hl_breakout_9m,0,0.08,0.2,0.01,0.15,90,random,0.057524795918456766,5.752479591845677,0.45454545454545453,11,-0.051139970287750525,-5.113997028775053,24.064332943800235,1.9446613209086219,1.3196969696969699e-09,3.5310628295902617,10575.247959184568,0.057524795918456766
btc_hl_breakout_2m,0,0.005,0.15,0.005,0.3,480,random,-0.0651853612614018,-6.51853612614018,0.25925925925925924,81,-0.1579904200173572,-15.79904200173572,-17.21110377039082,0.7736471344469741,1.0534979423868312e-10,-0.26363568950801813,9348.146387385983,-0.0651853612614018
btc_vol_breakout_2m,0,0.04,0.05,0.03,0.25,120,random,0.042847412219288984,4.284741221928899,0.4411764705882353,34,-0.08445673357328976,-8.445673357328975,13.430584801044597,1.2067683203567894,3.8627450980392157e-10,0.5367508144103027,10428.474122192889,0.042847412219288984
btc_hl_breakout_9m,0,0.08,0.15,0.015,0.25,15,random,0.09320009089012801,9.320009089012801,0.46153846153846156,13,-0.08097853592005277,-8.097853592005277,23.747988598241516,1.6112335264694688,1.114102564102564e-09,2.949423282170025,10932.00090890128,0.09320009089012801
btc_hl_breakout_3m,0,0.02,0.12,0.0125,0.5,90,random,-0.03192869418392766,-3.1928694183927657,0.25,40,-0.20737299162054634,-20.737299162054633,-3.2224777151957156,0.9273857929050022,2.8791666666666663e-10,-0.08333268976840547,9680.713058160723,-0.03192869418392766
btc_hl_breakout_5m,0,0.015,0.015,0.0075,0.3,90,random,-0.0059791235237373255,-0.5979123523737325,0.47368421052631576,76,-0.10185453527765642,-10.185453527765642,-0.4153319217416828,0.9824307560685266,1.300438596491228e-10,-0.007412533598812657,9940.208764762627,-0.0059791235237373255
btc_hl_breakout_5m,0,0.0175,0.05,0.003,0.4,360,random,-0.06735536729285381,-6.735536729285381,0.3076923076923077,52,-0.1857617536205064,-18.57617536205064,-12.196197066575689,0.8292583505498178,2.1987179487179486e-10,-0.2942657721352485,9326.446327071462,-0.06735536729285381
btc_vol_breakout_2m,0,0.01,0.12,0.03,0.1,30,random,0.0063084288021494446,0.6308428802149445,0.30303030303030304,66,-0.03504714884880211,-3.504714884880211,5.196694037522313,1.0734459716732625,1.5580808080808079e-10,0.10343523399441441,10063.084288021495,0.0063084288021494446
btc_vol_breakout_9m,0,0.005,0.25,0.015,0.3,15,random,-0.020406596375342586,-2.0406596375342585,0.2982456140350877,57,-0.06911478089610068,-6.911478089610068,-5.920412458033894,0.8824531272988818,1.1140350877192983e-10,-0.10952715186798348,9795.934036246574,-0.020406596375342586
btc_bullish,0,0.015,0.1,0.015,0.15,45,random,0.02697821633922874,2.697821633922874,0.2982456140350877,57,-0.04471750431108401,-4.471750431108401,12.285476450932665,1.194184920496069,2.2368421052631578e-10,0.33056238503382335,10269.782163392287,0.02697821633922874
btc_small_up_10m,0,0.035,0.05,0.025,0.5,720,random,0.20315106904395197,20.315106904395197,0.45454545454545453,33,-0.15413149703001883,-15.413149703001883,27.03235833816344,1.5094515559051251,3.388888888888889e-10,1.2174387241495384,12031.51069043952,0.20315106904395197
btc_hl_breakout_1m,0,0.02,0.2,0.015,0.15,45,random,-0.014323408514652214,-1.4323408514652214,0.23684210526315788,38,-0.07623903971097723,-7.623903971097723,-6.890745892705352,0.8746832084803376,3.030701754385965e-10,-0.23193870611702833,9856.765914853479,-0.014323408514652214
btc_small_down_10m,0,0.05,0.2,0.04,0.4,5,random,0.12098161748777311,12.098161748777311,0.3333333333333333,18,-0.12993641455499838,-12.993641455499837,21.42232072188393,1.512449772357471,7.722222222222223e-10,1.8155911260027926,11209.816174877731,0.12098161748777311
btc_vol_breakout_8m,0,0.06,0.03,0.0175,0.4,1440,random,0.09934519671754984,9.934519671754984,0.6428571428571429,28,-0.07878300507462765,-7.8783005074627654,21.923964239341615,1.353299824644574,3.982142857142857e-10,0.9125416172885883,10993.451967175499,0.09934519671754984
btc_small_up_9m,0,0.015,0.05,0.01,0.05,5,random,-0.0031626902243335566,-0.31626902243335564,0.3333333333333333,48,-0.016177728653841594,-1.6177728653841594,-5.130066144227089,0.9184078092776209,1.8229166666666667e-10,-0.1274283389426761,9968.373097756665,-0.0031626902243335566
btc_bullish,0,0.005,0.035,0.015,0.4,90,random,0.028708240626779707,2.8708240626779706,0.34513274336283184,113,-0.12743261094052682,-12.743261094052682,6.52812988690056,1.0552667082906517,9.587020648967551e-11,0.08415673960107461,10287.082406267797,0.028708240626779707
btc_small_up_9m,0,0.04,0.035,0.01,0.1,720,random,0.0360126205153271,3.6012620515327103,0.5806451612903226,31,-0.019304884648403964,-1.9304884648403964,28.06783172015415,1.6216130726255482,3.6612903225806455e-10,1.1562325633271693,10360.12620515327,0.0360126205153271
btc_vol_breakout_10m,0,0.08,0.25,0.0175,0.25,90,random,0.05383002048246849,5.383002048246849,0.36363636363636365,11,-0.07550322055194147,-7.5503220551941475,15.827096849922736,1.3612887763376584,1.1212121212121211e-09,2.191983231118206,10538.300204824685,0.05383002048246849
btc_vol_breakout_2m,0,0.04,0.04,0.0125,0.3,360,random,0.038300690922506965,3.8300690922506964,0.4722222222222222,36,-0.10067753044717842,-10.067753044717842,10.549750959928849,1.1490017628763298,3.532407407407407e-10,0.3945022393684852,10383.00690922507,0.038300690922506965
btc_vol_breakout_10m,0,0.0175,0.04,0.04,0.4,30,random,-0.020758364499117533,-2.0758364499117534,0.3170731707317073,41,-0.1370140177283713,-13.70140177283713,-4.2627230901064035,0.9260571416794191,1.8536585365853656e-10,-0.09834545939345679,9792.416355008825,-0.020758364499117533
btc_vol_breakout_9m,0,0.0075,0.01,0.005,0.2,720,random,0.011758507266758056,1.1758507266758056,0.4603174603174603,63,-0.026963949959282973,-2.6963949959282973,6.925240403076133,1.104701580325973,8.492063492063492e-11,0.10056479726787812,10117.58507266758,0.011758507266758056
btc_hl_breakout_2m,0,0.0175,0.035,0.003,0.3,90,random,-0.007142545843949483,-0.7142545843949484,0.375,56,-0.1190440686020916,-11.90440686020916,-0.7807124234230374,0.9764311289510099,2.0773809523809522e-10,-0.017202206197393856,9928.574541560505,-0.007142545843949483
btc_vol_breakout_8m,0,0.025,0.015,0.035,0.3,120,random,0.0480441403520068,4.80441403520068,0.5869565217391305,46,-0.055398946504147784,-5.539894650414778,15.796241301214106,1.2427940847427388,1.8007246376811595e-10,0.3605974212837126,10480.441403520068,0.0480441403520068
btc_vol_breakout_3m,0,0.015,0.2,0.035,0.5,480,random,0.019769036860030974,1.9769036860030973,0.34146341463414637,41,-0.15451104331872334,-15.451104331872333,4.899577026292968,1.0571730572629303,2.4105691056910567e-10,0.15792159875365874,10197.69036860031,0.019769036860030974
btc_hl_breakout_2m,0,0.035,0.2,0.003,0.4,120,random,0.12162050624550234,12.162050624550234,0.30434782608695654,23,-0.11644480426504455,-11.644480426504455,21.713250339551898,1.4821159940869062,6.173913043478261e-10,1.4260248628937322,11216.205062455023,0.12162050624550234
btc_small_up_9m,0,0.0075,0.035,0.02,0.5,360,random,0.05180785556175433,5.180785556175433,0.3620689655172414,58,-0.10056981198730386,-10.056981198730385,10.878225208124523,1.1618596892244444,1.2040229885057472e-10,0.2017970852456003,10518.078555617543,0.05180785556175433
btc_hl_breakout_6m,0,0.1,0.04,0.025,0.4,180,random,0.0796746530578659,7.9674653057865905,0.6666666666666666,21,-0.14753459989977413,-14.753459989977413,14.36449160866963,1.2635439731888907,6.753968253968254e-10,1.048028732507262,10796.746530578659,0.0796746530578659
btc_vol_breakout_8m,0,0.1,0.015,0.03,0.3,90,random,-0.02109859316996708,-2.109859316996708,0.7666666666666667,30,-0.09602652928942135,-9.602652928942135,-4.750172585481583,0.9015874862444186,3.6444444444444444e-10,-0.18284825545573105,9789.01406830033,-0.02109859316996708
btc_vol_breakout_8m,0,0.005,0.02,0.04,0.4,720,random,0.005279246685491125,0.5279246685491126,0.36507936507936506,63,-0.08338669379318708,-8.33866937931871,2.4865608839837603,1.0202134332799737,8.994708994708996e-11,0.038433042744403165,10052.792466854911,0.005279246685491125
btc_bullish,0,0.04,0.015,0.003,0.25,720,random,0.07725208457511021,7.7252084575110205,0.660377358490566,53,-0.06190206099362483,-6.190206099362483,20.98848040136977,1.3329355188707412,2.433962264150943e-10,0.5901810445648797,10772.520845751102,0.07725208457511021
btc_vol_breakout_3m,0,0.0175,0.03,0.035,0.3,720,random,0.012091212456432413,1.2091212456432414,0.3877551020408163,49,-0.077964763704787,-7.7964763704787,4.350800944827728,1.0465465250345698,2.0340136054421769e-10,0.10868906389565279,10120.912124564324,0.012091212456432413
btc_hl_breakout_10m,0,0.06,0.04,0.0125,0.5,120,random,0.08388522177777841,8.38852217777784,0.5517241379310345,29,-0.18877041795256944,-18.877041795256943,12.8077395412013,1.180441363806236,4.666666666666667e-10,0.6704081426270275,10838.852217777785,0.08388522177777841
btc_hl_breakout_4m,0,0.0125,0.3,0.003,0.5,120,random,0.12509755528792302,12.509755528792303,0.3829787234042553,47,-0.13222353834750966,-13.222353834750965,19.549645638420543,1.3334293189138535,2.3297872340425534e-10,0.5636700074018274,11250.97555287923,0.12509755528792302
btc_hl_breakout_6m,0,0.05,0.03,0.0175,0.1,60,random,0.004648427372757249,0.4648427372757249,0.5588235294117647,34,-0.03444916200083448,-3.4449162000834477,3.8460050130418137,1.0537906718759427,3.852941176470588e-10,0.15208833830883403,10046.484273727572,0.004648427372757249
btc_vol_breakout_8m,0,0.08,0.035,0.01,0.25,120,random,0.02108899938144282,2.108899938144282,0.6521739130434783,23,-0.06906887407621798,-6.906887407621798,7.563033514240683,1.1218561308645527,5.195652173913044e-10,0.4202564488213036,10210.889993814428,0.02108899938144282
btc_alt_aligned,0,0.01,0.06,0.05,0.5,60,random,0.032696397582237566,3.2696397582237564,0.2840909090909091,88,-0.17776732991812538,-17.776732991812537,6.456878926239958,1.0527909753029738,1.5e-10,0.10937109872939041,10326.963975822375,0.032696397582237566
btc_hl_breakout_9m,0,0.0175,0.03,0.0125,0.25,90,random,0.0084463403729344,0.84463403729344,0.36065573770491804,61,-0.12086258606371436,-12.086258606371436,3.4206053947107673,1.0295658284058256,1.7814207650273225e-10,0.08026417302005452,10084.463403729344,0.0084463403729344
btc_hl_breakout_9m,0,0.025,0.15,0.04,0.25,1440,random,0.05815562834715802,5.815562834715802,0.2857142857142857,35,-0.1005853520760851,-10.05853520760851,15.836482918175633,1.2818387538125744,3.476190476190476e-10,0.7055555375165575,10581.55628347158,0.05815562834715802
btc_vol_breakout_2m,0,0.06,0.01,0.0125,0.1,30,random,0.03194015598846742,3.194015598846742,0.8125,48,-0.022852822810801365,-2.2852822810801365,24.694484169592524,1.5380050026542864,2.3993055555555555e-10,0.6637526959462556,10319.401559884674,0.03194015598846742
btc_hl_breakout_3m,0,0.015,0.12,0.0125,0.2,720,random,0.01383304536973783,1.3833045369737829,0.3191489361702128,47,-0.06491522831706298,-6.491522831706298,6.053862465912247,1.0881362405760675,2.450354609929078e-10,0.17225168973390126,10138.330453697377,0.01383304536973783
btc_vol_breakout_9m,0,0.08,0.05,0.03,0.4,10,random,-0.030516411885558956,-3.051641188555896,0.5,16,-0.11875981241299083,-11.875981241299083,-4.649722097244254,0.8774210507634579,7.291666666666667e-10,-0.35733956403396067,9694.83588114441,-0.030516411885558956
btc_hl_breakout_4m,0,0.015,0.06,0.03,0.5,45,random,0.08309513895912123,8.309513895912122,0.35294117647058826,51,-0.1320551524756447,-13.20551524756447,13.901308319733538,1.1871404431044652,2.209150326797386e-10,0.3705339809817153,10830.951389591213,0.08309513895912123
btc_small_down_10m,0,0.05,0.01,0.0075,0.5,120,random,0.142615105939202,14.261510593920201,0.75,40,-0.08570360111737207,-8.570360111737207,25.525778734339042,1.4264737637285334,2.3208333333333333e-10,0.7140730386663262,11426.151059392021,0.142615105939202
btc_hl_breakout_5m,0,0.0175,0.01,0.01,0.05,720,random,-0.009973818060250597,-0.9973818060250597,0.5384615384615384,78,-0.02427916265882968,-2.427916265882968,-16.463310249303166,0.8169101003140514,1.200854700854701e-10,-0.25450339700365165,9900.261819397494,-0.009973818060250597
btc_vol_breakout_3m,0,0.06,0.02,0.01,0.5,180,random,0.15619206502649777,15.619206502649776,0.7352941176470589,34,-0.11540522377648965,-11.540522377648966,22.479444302772674,1.4093548132581746,3.6911764705882356e-10,0.9314038234991329,11561.920650264978,0.15619206502649777
btc_hl_breakout_3m,0,0.005,0.06,0.05,0.15,45,random,-0.016653981924245727,-1.6653981924245727,0.275,80,-0.057940310826072206,-5.794031082607221,-8.992415089236586,0.8739413535200744,9.958333333333333e-11,-0.13266259797266455,9833.460180757542,-0.016653981924245727
btc_hl_breakout_5m,0,0.005,0.045,0.01,0.1,1440,random,0.0032910990076501206,0.32910990076501206,0.31868131868131866,91,-0.04951519844821883,-4.951519844821883,2.8075386179000827,1.0317867831009817,9.816849816849817e-11,0.04228269926039411,10032.910990076502,0.0032910990076501206
btc_small_up_9m,0,0.01,0.2,0.0175,0.1,480,random,0.003789761324897404,0.37897613248974044,0.32608695652173914,46,-0.03241746959874592,-3.241746959874592,3.608751621379224,1.0630773103975337,1.7971014492753623e-10,0.09015475242566026,10037.897613248973,0.003789761324897404
btc_hl_breakout_5m,0,0.01,0.05,0.01,0.5,1440,random,0.0972491218593399,9.72491218593399,0.37681159420289856,69,-0.16246300580229178,-16.246300580229178,15.208036815349733,1.1909239429105625,1.4879227053140098e-10,0.3111615582990221,10972.491218593399,0.0972491218593399
btc_hl_breakout_5m,0,0.1,0.1,0.02,0.5,1440,random,0.16661213320555607,16.661213320555607,0.5,14,-0.1717641827247851,-17.17641827247851,22.291709350111972,1.5439427935192567,1.0321428571428572e-09,2.467840339216526,11666.121332055562,0.16661213320555607
btc_small_down_10m,0,0.0125,0.035,0.04,0.5,90,random,0.05716846337125444,5.716846337125444,0.40350877192982454,57,-0.1283342288803455,-12.833422888034551,10.994910499502087,1.1442151878830016,1.5584795321637425e-10,0.22683652855946124,10571.684633712544,0.05716846337125444
btc_alt_aligned,0,0.04,0.045,0.01,0.3,60,random,0.09943633379646084,9.943633379646084,0.46153846153846156,39,-0.08597428118002703,-8.597428118002703,21.693804003801443,1.3374575693511312,3.623931623931624e-10,0.8663322182661831,10994.363337964609,0.09943633379646084
btc_small_up_10m,0,0.02,0.05,0.005,0.3,10,random,0.023646817880085155,2.3646817880085154,0.3125,48,-0.11786350491797482,-11.786350491797482,6.677284613587717,1.0832059601814499,2.0208333333333333e-10,0.2015032220389338,10236.468178800851,0.023646817880085155
btc_hl_breakout_1m,0,0.0175,0.08,0.035,0.5,1440,random,0.017236639978199582,1.7236639978199582,0.2826086956521739,46,-0.18798129396161944,-18.798129396161944,4.533560118827904,1.0390133600067886,2.6050724637681157e-10,0.1378209777518014,10172.366399781997,0.017236639978199582
btc_hl_breakout_6m,0,0.03,0.3,0.035,0.05,180,random,0.0015911658145349578,0.15911658145349578,0.23076923076923078,26,-0.0228761939332508,-2.28761939332508,2.4921720695810388,1.0471322065666089,5.237179487179487e-10,0.13636629750054857,10015.911658145349,0.0015911658145349578
btc_hl_breakout_5m,0,0.025,0.2,0.0125,0.15,90,random,0.014630539712516951,1.4630539712516952,0.30303030303030304,33,-0.06038770935113502,-6.038770935113503,7.483233557139492,1.134870064846632,3.757575757575758e-10,0.32592411317205777,10146.30539712517,0.014630539712516951
btc_vol_breakout_3m,0,0.015,0.035,0.04,0.3,360,random,0.03913399195755469,3.913399195755469,0.42592592592592593,54,-0.07501819543293453,-7.501819543293453,11.255898512974271,1.1441463041734536,1.7098765432098767e-10,0.26349639367116984,10391.339919575546,0.03913399195755469
btc_hl_breakout_5m,0,0.0075,0.25,0.005,0.5,480,random,0.001029641002223525,0.1029641002223525,0.29411764705882354,68,-0.24046427636781886,-24.046427636781885,2.229293312656058,1.001947567846806,1.4681372549019608e-10,0.04432272237019819,10010.296410022234,0.001029641002223525
btc_small_down_10m,0,0.1,0.05,0.025,0.3,20,random,0.031988759923999945,3.1988759923999943,0.5625,16,-0.1080422740427005,-10.804227404270051,8.401761968614002,1.1854148018967146,8.114583333333334e-10,0.7602030994484604,10319.887599239999,0.031988759923999945
btc_vol_breakout_10m,0,0.015,0.08,0.015,0.25,360,random,0.009720087754191673,0.9720087754191673,0.32432432432432434,37,-0.05801971695238628,-5.8019716952386275,4.4238104357559465,1.0715419819639076,2.072072072072072e-10,0.12516591202698116,10097.200877541916,0.009720087754191673
btc_hl_breakout_1m,0,0.0125,0.15,0.05,0.2,720,random,0.031589220101613545,3.1589220101613544,0.38,50,-0.07720230521763549,-7.720230521763549,12.519089045196933,1.19768444648679,2.2e-10,0.33671567456484275,10315.892201016135,0.031589220101613545
btc_hl_breakout_2m,0,0.0125,0.06,0.04,0.2,15,random,0.053216249768627606,5.32162497686276,0.38596491228070173,57,-0.05944945610305763,-5.944945610305763,20.268021185242738,1.3290007962635264,1.9415204678362575e-10,0.47472074173403866,10532.162497686277,0.053216249768627606
btc_hl_breakout_9m,0,0.08,0.01,0.03,0.15,10,random,0.03416511034933101,3.4165110349331007,0.813953488372093,43,-0.04492680464055143,-4.492680464055143,15.815745084083307,1.3117605946795639,3.069767441860465e-10,0.5410161148059666,10341.65110349331,0.03416511034933101
btc_hl_breakout_5m,0,0.01,0.015,0.03,0.2,480,random,0.032718733963485985,3.2718733963485986,0.3953488372093023,86,-0.067387937557982,-6.7387937557982,12.301850172068097,1.1527388455320509,1.0678294573643411e-10,0.2005508191372997,10327.18733963486,0.032718733963485985
btc_bullish,0,0.005,0.2,0.03,0.5,180,random,0.053300176523102434,5.330017652310244,0.34,100,-0.15300571895697102,-15.300571895697102,9.1373924946171,1.0944766887332562,1.1233333333333333e-10,0.1315157739104545,10533.001765231023,0.053300176523102434
btc_hl_breakout_8m,0,0.0125,0.04,0.04,0.2,120,random,0.03278540781484901,3.2785407814849012,0.3787878787878788,66,-0.06861111746614723,-6.861111746614723,12.279609031387459,1.160835453134924,1.565656565656566e-10,0.2628241111288154,10327.85407814849,0.03278540781484901
btc_hl_breakout_6m,0,0.06,0.03,0.01,0.05,90,random,0.011100068592306974,1.1100068592306973,0.625,32,-0.01823320870062417,-1.823320870062417,15.127925726234626,1.280194527814969,4.1614583333333334e-10,0.699895313986463,10111.000685923069,0.011100068592306974
btc_hl_breakout_4m,0,0.08,0.08,0.03,0.3,15,random,0.10712990632003898,10.712990632003898,0.5294117647058824,17,-0.0860450699908667,-8.60450699908667,23.477345774047112,1.607335574548968,8.254901960784314e-10,2.111541882308919,11071.29906320039,0.10712990632003898
btc_small_up_9m,0,0.05,0.02,0.003,0.05,480,random,0.01057367324254608,1.057367324254608,0.6666666666666666,36,-0.009690638015119823,-0.9690638015119823,16.69151922454659,1.3023640597943589,3.0185185185185185e-10,0.5916435889226274,10105.736732425461,0.01057367324254608
btc_hl_breakout_6m,0,0.05,0.025,0.0125,0.15,480,random,-0.0020789945547559454,-0.20789945547559455,0.5945945945945946,37,-0.05375863869686459,-5.375863869686459,-0.44945029258479763,0.9849015355141597,3.4954954954954955e-10,-0.01594692145024358,9979.21005445244,-0.0020789945547559454
btc_small_up_9m,0,0.02,0.3,0.05,0.15,180,random,-0.0004343938918703088,-0.04343938918703088,0.2727272727272727,33,-0.05549036138300989,-5.549036138300989,0.34152211038257063,0.9951495532674334,3.1262626262626264e-10,0.01406355230453228,9995.656061081298,-0.0004343938918703088
btc_alt_aligned,0,0.03,0.02,0.015,0.3,90,random,0.053025356664565926,5.302535666456593,0.5357142857142857,56,-0.08969478433010003,-8.969478433010003,12.638728061047791,1.1524716671998165,2.470238095238095e-10,0.34414705645714916,10530.253566645659,0.053025356664565926
btc_hl_breakout_10m,0,0.0125,0.045,0.0075,0.5,15,random,0.12316123188677039,12.31612318867704,0.41935483870967744,62,-0.15988599421683347,-15.988599421683347,18.522649527862708,1.24635549580761,1.650537634408602e-10,0.4213286491177347,11231.612318867705,0.12316123188677039
btc_vol_breakout_3m,0,0.0075,0.08,0.02,0.5,120,random,-0.07248618373498794,-7.248618373498794,0.25,68,-0.20890685546451837,-20.890685546451838,-10.560897306185755,0.8440300192930246,1.1397058823529411e-10,-0.18651691824290872,9275.13816265012,-0.07248618373498794
btc_alt_aligned,0,0.015,0.015,0.03,0.15,90,random,0.01472641730654475,1.472641730654475,0.4489795918367347,98,-0.05520751489955367,-5.520751489955367,7.1029449175156545,1.0706284629707186,1.3231292517006803e-10,0.10999093794426695,10147.264173065447,0.01472641730654475
btc_small_up_9m,0,0.04,0.015,0.035,0.15,1440,random,0.04003295983047244,4.003295983047244,0.675,40,-0.02988356976228601,-2.988356976228601,21.635165933739827,1.427048133794071,2.6083333333333336e-10,0.669902346256294,10400.329598304725,0.04003295983047244
btc_hl_breakout_1m,0,0.005,0.01,0.003,0.15,20,random,-0.03324377194960591,-3.3243771949605914,0.33653846153846156,104,-0.06586713787488907,-6.5867137874889075,-19.332249311617936,0.7822859164178722,6.939102564102564e-11,-0.21147837115349943,9667.56228050394,-0.03324377194960591
btc_bullish,0,0.02,0.04,0.005,0.05,30,random,0.01232777074453574,1.232777074453574,0.3728813559322034,59,-0.013964202206622978,-1.3964202206622978,16.48508096622689,1.2458107198793449,2.169491525423729e-10,0.4212921206824088,10123.277707445357,0.01232777074453574
btc_hl_breakout_7m,0,0.035,0.04,0.003,0.25,60,random,0.07370673889275345,7.370673889275345,0.46153846153846156,39,-0.08676913286238597,-8.676913286238596,19.73879017631667,1.3248562448735055,3.4059829059829056e-10,0.772956588838432,10737.067388927535,0.07370673889275345
btc_hl_breakout_6m,0,0.005,0.05,0.03,0.15,240,random,-0.01948233973869817,-1.948233973869817,0.30434782608695654,92,-0.07502148069652348,-7.502148069652348,-9.41063560714253,0.8740899335538781,1.0072463768115942e-10,-0.1344765056969947,9805.176602613019,-0.01948233973869817
btc_hl_breakout_2m,0,0.06,0.12,0.0125,0.3,180,random,0.11025344875290975,11.025344875290974,0.42105263157894735,19,-0.10323725489642677,-10.323725489642676,24.522078466824194,1.4696735755582542,7.412280701754386e-10,2.002440757759599,11102.534487529098,0.11025344875290975
btc_hl_breakout_5m,0,0.02,0.15,0.0125,0.15,180,random,-0.00971927487130947,-0.9719274871309471,0.24390243902439024,41,-0.07706476665944606,-7.7064766659446065,-4.450798353074849,0.9277932490288932,2.83739837398374e-10,-0.13203674459595613,9902.807251286906,-0.00971927487130947
btc_vol_breakout_9m,0,0.04,0.08,0.03,0.15,480,random,0.04789607872210504,4.789607872210504,0.4166666666666667,24,-0.03189009902029316,-3.189009902029316,26.0781286566735,1.604411671420456,4.930555555555555e-10,1.3339884561923845,10478.96078722105,0.04789607872210504
btc_hl_breakout_9m,0,0.02,0.015,0.025,0.2,10,random,-0.01319259054491838,-1.3192590544918381,0.4626865671641791,67,-0.10276767350415417,-10.276767350415417,-3.9565344565299028,0.943224081787885,1.5124378109452735e-10,-0.0822070954727983,9868.074094550817,-0.01319259054491838
btc_vol_breakout_9m,0,0.015,0.025,0.0125,0.25,720,random,0.02586657722748978,2.5866577227489778,0.4090909090909091,44,-0.0567680698054811,-5.67680698054811,11.009971911969721,1.1667538126889772,1.678030303030303e-10,0.24953500292671676,10258.665772274897,0.02586657722748978
btc_vol_breakout_9m,0,0.025,0.3,0.05,0.1,30,random,0.016840697505983906,1.6840697505983906,0.28,25,-0.032281403989592006,-3.2281403989592006,13.724502048181888,1.3710129335135983,4.02e-10,0.6913980307419171,10168.40697505984,0.016840697505983906
btc_small_up_9m,0,0.02,0.12,0.015,0.15,10,random,-0.00048474450264752707,-0.04847445026475271,0.2777777777777778,36,-0.05229466816319228,-5.229466816319228,0.3035743016182358,0.9952991067308352,2.7731481481481483e-10,0.013361806905794103,9995.152554973525,-0.00048474450264752707
btc_small_up_10m,0,0.1,0.03,0.04,0.2,480,random,0.09193400737980596,9.193400737980596,0.7916666666666666,24,-0.04632652291656003,-4.632652291656003,31.083742282696942,1.8552052932235596,5.256944444444444e-10,1.8822408503894335,10919.34007379806,0.09193400737980596
btc_hl_breakout_2m,0,0.05,0.01,0.015,0.15,30,random,0.022993468808051035,2.2993468808051034,0.75,48,-0.042806889920888436,-4.280688992088844,12.106140526043893,1.1965494549724272,2.5416666666666667e-10,0.33175223899487316,10229.93468808051,0.022993468808051035
btc_hl_breakout_9m,0,0.04,0.08,0.035,0.4,10,random,0.09005823624763407,9.005823624763407,0.3793103448275862,29,-0.1397478448287719,-13.97478448287719,15.869100208673077,1.2648340455433789,4.603448275862069e-10,0.8456791417494534,10900.58236247634,0.09005823624763407
btc_small_up_9m,0,0.03,0.045,0.03,0.05,720,random,0.008764739691545566,0.8764739691545567,0.42857142857142855,35,-0.012835661536825693,-1.2835661536825693,14.331797248617141,1.2529015992837893,2.9904761904761905e-10,0.5054296172764567,10087.647396915456,0.008764739691545566
btc_vol_breakout_2m,0,0.06,0.12,0.04,0.5,480,random,0.17649843259316822,17.64984325931682,0.4444444444444444,18,-0.15069727995911353,-15.069727995911354,23.981267765034474,1.4516136816594023,7.592592592592593e-10,2.0730175940010906,11764.984325931682,0.17649843259316822
btc_hl_breakout_2m,0,0.005,0.3,0.015,0.5,360,random,-0.10963686359965977,-10.963686359965976,0.25925925925925924,81,-0.2511433710583285,-25.114337105832853,-17.14461966387228,0.7735956019961984,1.0534979423868312e-10,-0.2636356895080198,8903.631364003402,-0.10963686359965977
btc_hl_breakout_5m,0,0.04,0.035,0.035,0.1,180,random,0.01520811893032228,1.520811893032228,0.5,38,-0.03252816506183065,-3.252816506183065,11.533337662343868,1.180636558346005,3.495614035087719e-10,0.41127322970394026,10152.081189303222,0.01520811893032228
btc_hl_breakout_4m,0,0.05,0.035,0.025,0.1,30,random,0.01894375492184597,1.8943754921845972,0.5833333333333334,36,-0.03169284841872433,-3.169284841872433,14.076054436047162,1.2147441667692527,3.74537037037037e-10,0.5379902915827597,10189.437549218459,0.01894375492184597
btc_hl_breakout_6m,0,0.0125,0.08,0.015,0.3,20,random,0.03723720944568409,3.7237209445684085,0.3220338983050847,59,-0.11787966441316544,-11.787966441316545,9.679618781942947,1.1276571706826526,1.8389830508474577e-10,0.2431541959438242,10372.372094456841,0.03723720944568409
btc_small_up_10m,0,0.08,0.045,0.0125,0.05,20,random,0.01803539642781569,1.803539642781569,0.6521739130434783,23,-0.014091783058208796,-1.4091783058208796,24.414191502834306,1.6019052866208916,5.202898550724638e-10,1.569330706675495,10180.353964278156,0.01803539642781569
btc_small_up_9m,0,0.0075,0.06,0.005,0.3,60,random,0.023323292344005857,2.3323292344005857,0.37037037037037035,54,-0.07649859615160937,-7.649859615160937,7.8363401712555945,1.1261158694493,1.367283950617284e-10,0.1605247827829272,10233.232923440059,0.023323292344005857
btc_vol_breakout_10m,0,0.1,0.015,0.02,0.5,90,random,-0.03595399090362416,-3.595399090362416,0.7586206896551724,29,-0.15681888007131572,-15.681888007131572,-4.088660181177532,0.9005074531543918,3.9770114942528736e-10,-0.15754772550892474,9640.46009096376,-0.03595399090362416
btc_hl_breakout_9m,0,0.015,0.025,0.03,0.1,15,random,0.019491252775284806,1.9491252775284806,0.417910447761194,67,-0.03411933134340783,-3.4119331343407833,13.84406101549101,1.1877778930810843,1.582089552238806e-10,0.2973429227830244,10194.912527752847,0.019491252775284806
btc_hl_breakout_4m,0,0.02,0.025,0.025,0.15,240,random,-0.005444499533716543,-0.5444499533716544,0.40350877192982454,57,-0.05464933856451559,-5.464933856451559,-2.4052965893239673,0.9638429214208353,1.9239766081871343e-10,-0.05136017168580519,9945.555004662834,-0.005444499533716543
btc_vol_breakout_3m,0,0.035,0.2,0.01,0.5,5,random,0.11691293910444947,11.691293910444948,0.2727272727272727,22,-0.1575075926131405,-15.750759261314052,17.931622562863346,1.3467468164653504,5.984848484848484e-10,1.2359757391307913,11169.129391044495,0.11691293910444947
btc_hl_breakout_5m,0,0.025,0.08,0.015,0.25,15,random,0.018006491322516832,1.8006491322516833,0.3076923076923077,39,-0.09390527336890353,-9.390527336890353,6.1793344584925185,1.0805575475914322,3.11965811965812e-10,0.22405143981547937,10180.064913225167,0.018006491322516832
btc_hl_breakout_9m,0,0.06,0.04,0.0075,0.2,15,random,0.043884955897726376,4.388495589772638,0.5666666666666667,30,-0.07955129240077552,-7.955129240077552,14.894852963882542,1.253378659530634,4.522222222222222e-10,0.761251399885215,10438.849558977265,0.043884955897726376
btc_vol_breakout_9m,0,0.05,0.2,0.0125,0.25,20,random,0.03862517559718767,3.8625175597187673,0.29411764705882354,17,-0.08360929799426109,-8.36092979942611,12.148522551198898,1.253615651032361,7.696078431372549e-10,1.026081901951073,10386.251755971876,0.03862517559718767
btc_hl_breakout_9m,0,0.035,0.025,0.025,0.15,15,random,0.050809691982922116,5.080969198292212,0.5853658536585366,41,-0.03968412846701519,-3.968412846701519,22.98014150684249,1.4273368286903958,3.1463414634146345e-10,0.8273386254076281,10508.09691982922,0.050809691982922116
btc_vol_breakout_3m,0,0.035,0.08,0.02,0.1,720,random,0.02230534897208629,2.2305348972086287,0.37037037037037035,27,-0.0332886628674387,-3.32886628674387,16.462094764552354,1.3453306559654266,4.783950617283951e-10,0.8403354942302791,10223.053489720864,0.02230534897208629
btc_small_up_10m,0,0.0175,0.06,0.03,0.1,180,random,0.006607306048764985,0.6607306048764985,0.2916666666666667,48,-0.037793344668706874,-3.7793344668706874,5.107962225758347,1.0767195934167144,1.9479166666666668e-10,0.15057000471781562,10066.07306048765,0.006607306048764985
btc_bullish,0,0.06,0.03,0.0175,0.2,120,random,0.059562544135949906,5.956254413594991,0.625,32,-0.06333583027584067,-6.3335830275840665,20.079646427238085,1.3725001792657139,4.25e-10,0.9412972702423474,10595.6254413595,0.059562544135949906
btc_hl_breakout_3m,0,0.01,0.06,0.003,0.4,5,random,0.04805940530082662,4.805940530082662,0.3333333333333333,66,-0.1408747072908939,-14.087470729089391,10.694879965639247,1.1354792979375987,1.5404040404040404e-10,0.20800841270216514,10480.594053008266,0.04805940530082662
btc_small_up_9m,0,0.02,0.015,0.0175,0.2,60,random,0.018863389148157238,1.8863389148157237,0.5,54,-0.04015986090877899,-4.015986090877899,8.965335148882977,1.1223613625963982,1.6018518518518519e-10,0.18714214386753097,10188.633891481571,0.018863389148157238
btc_small_up_9m,0,0.0175,0.12,0.04,0.15,5,random,-0.01710338188253688,-1.710338188253688,0.28205128205128205,39,-0.057886331728973284,-5.788633172897328,-8.798896901117457,0.8314525228109655,2.4487179487179485e-10,-0.27887340060195065,9828.966181174632,-0.01710338188253688
btc_hl_breakout_4m,0,0.005,0.25,0.0075,0.25,15,random,-0.04414929356654147,-4.414929356654147,0.275,80,-0.11408954722218523,-11.408954722218523,-13.779558244362066,0.8053082251635034,1.0729166666666667e-10,-0.2144632854150301,9558.507064334586,-0.04414929356654147
btc_small_up_10m,0,0.035,0.03,0.0075,0.1,10,random,0.04205140293078042,4.205140293078042,0.5526315789473685,38,-0.026952056646861844,-2.6952056646861844,28.596662530362615,1.5951389391631283,2.894736842105263e-10,1.0999105883507494,10420.514029307804,0.04205140293078042
btc_hl_breakout_5m,0,0.01,0.02,0.0075,0.4,120,random,0.07913907112752663,7.913907112752663,0.3902439024390244,82,-0.1323267701764983,-13.23267701764983,15.206514826984902,1.170265287385092,1.1707317073170732e-10,0.2606715085131511,10791.390711275266,0.07913907112752663
btc_hl_breakout_7m,0,0.0125,0.1,0.0175,0.25,20,random,0.04075418745817942,4.0754187458179425,0.3103448275862069,58,-0.09839380999400671,-9.839380999400671,11.908008287620623,1.1656733509279062,1.9339080459770116e-10,0.3080590957331237,10407.541874581795,0.04075418745817942
btc_small_up_9m,0,0.015,0.02,0.005,0.25,45,random,0.03941632256330185,3.9416322563301853,0.42592592592592593,54,-0.0497319962595244,-4.97319962595244,16.03573181399683,1.221212000722699,1.478395061728395e-10,0.30134392119492265,10394.16322563302,0.03941632256330185
btc_hl_breakout_1m,0,0.08,0.12,0.025,0.4,120,random,0.1891887845829896,18.91887845829896,0.5,14,-0.11011460503247927,-11.011460503247928,30.087469568702986,1.8419070991394941,9.845238095238095e-10,3.3592707634564323,11891.887845829897,0.1891887845829896
btc_hl_breakout_3m,0,0.0125,0.015,0.0075,0.1,90,random,0.019392295740637316,1.9392295740637315,0.4936708860759494,79,-0.026389204685177248,-2.6389204685177248,15.578130385992878,1.1966662597569546,1.229957805907173e-10,0.24937472064179497,10193.922957406374,0.019392295740637316
btc_alt_aligned,0,0.0075,0.06,0.025,0.5,240,random,0.022619318238673896,2.2619318238673896,0.3142857142857143,105,-0.20224660921635373,-20.224660921635373,5.1443188585411335,1.032641239586312,1.2126984126984127e-10,0.07484106179813618,10226.193182386738,0.022619318238673896
btc_hl_breakout_10m,0,0.015,0.04,0.025,0.4,180,random,0.0627155558956516,6.2715555895651605,0.4262295081967213,61,-0.12502705161883698,-12.502705161883698,12.336331210444648,1.1454812200753202,1.792349726775956e-10,0.2891033600873503,10627.155558956516,0.0627155558956516
btc_hl_breakout_8m,0,0.1,0.25,0.04,0.3,180,random,0.07198826182264766,7.1988261822647654,0.3,10,-0.11526268678891372,-11.526268678891372,15.935425669242338,1.414746134596978,1.4433333333333333e-09,2.6972760576513313,10719.882618226477,0.07198826182264766
btc_small_down_10m,0,0.0075,0.04,0.03,0.1,15,random,-0.0047855902019957736,-0.47855902019957736,0.36486486486486486,74,-0.03168311404373181,-3.168311404373181,-3.609404073668793,0.9475058159300563,1.1238738738738738e-10,-0.05970178591726316,9952.144097980043,-0.0047855902019957736
btc_hl_breakout_2m,0,0.025,0.035,0.015,0.2,30,random,0.0381303679716445,3.81303679716445,0.42857142857142855,49,-0.051168197871425014,-5.116819787142502,14.8271053018251,1.1996025693296628,2.4353741496598637e-10,0.4042387088394445,10381.303679716446,0.0381303679716445
btc_vol_breakout_10m,0,0.05,0.3,0.025,0.5,360,random,0.06438353070790018,6.438353070790018,0.3333333333333333,15,-0.17434536329951356,-17.434536329951356,10.858281781750868,1.2440183559913824,8.366666666666667e-10,1.0459641567707088,10643.835307079002,0.06438353070790018
btc_vol_breakout_8m,0,0.02,0.15,0.02,0.25,10,random,-0.016042353152524447,-1.6042353152524447,0.2647058823529412,34,-0.09821994579566529,-9.821994579566528,-4.800554242941618,0.8978774664805447,2.754901960784314e-10,-0.16576083057302254,9839.576468474756,-0.016042353152524447
btc_hl_breakout_5m,0,0.06,0.015,0.02,0.05,180,random,0.016155985355210494,1.6155985355210494,0.7441860465116279,43,-0.01484481373863733,-1.484481373863733,21.713666209109796,1.4117410559364754,3.0232558139534883e-10,0.7531280182998406,10161.559853552106,0.016155985355210494
btc_small_up_10m,0,0.08,0.025,0.02,0.2,180,random,0.06401418638572207,6.401418638572206,0.7419354838709677,31,-0.05591025077102929,-5.591025077102929,22.109567337408794,1.4425473107273263,3.6666666666666664e-10,1.0417700567143784,10640.141863857221,0.06401418638572207
btc_hl_breakout_3m,0,0.025,0.08,0.05,0.3,1440,random,0.049568794173395964,4.9568794173395965,0.32432432432432434,37,-0.10413917607201739,-10.41391760720174,12.894725083561687,1.1954829926788508,3.3693693693693695e-10,0.4885030634150644,10495.687941733959,0.049568794173395964
btc_hl_breakout_10m,0,0.0125,0.01,0.0125,0.1,1440,random,0.012245002063460254,1.2245002063460253,0.5116279069767442,86,-0.028325965280721177,-2.8325965280721177,9.292199342086846,1.1182309793372354,1.0387596899224806e-10,0.14804210962071862,10122.450020634602,0.012245002063460254
btc_vol_breakout_2m,0,0.1,0.02,0.025,0.1,480,random,0.02346086647390024,2.346086647390024,0.7857142857142857,28,-0.033863511019311954,-3.3863511019311954,16.41739327380665,1.3749304585406115,4.761904761904762e-10,0.8491830107673052,10234.608664739002,0.02346086647390024
btc_hl_breakout_5m,0,0.08,0.1,0.015,0.5,720,random,0.1948102296326667,19.48102296326667,0.5,16,-0.14674251538199223,-14.674251538199224,25.55698924101179,1.5668978906296656,8.895833333333333e-10,2.4693315140853165,11948.102296326666,0.1948102296326667
btc_small_up_9m,0,0.0175,0.05,0.03,0.05,1440,random,-0.006672347090076505,-0.6672347090076505,0.2765957446808511,47,-0.019336838211048923,-1.9336838211048923,-10.85705991027568,0.8371687533138258,1.9609929078014184e-10,-0.28029505074924815,9933.276529099236,-0.006672347090076505
btc_bullish,0,0.06,0.08,0.01,0.05,240,random,0.017170015324739076,1.7170015324739076,0.47619047619047616,21,-0.015850206310921044,-1.5850206310921044,22.50864514529254,1.588054836585584,6.626984126984126e-10,1.6385858748581401,10171.700153247391,0.017170015324739076
btc_vol_breakout_8m,0,0.03,0.25,0.04,0.1,10,random,0.031302714309999,3.1302714309999002,0.30434782608695654,23,-0.023341110919872565,-2.3341110919872565,24.761701183568057,1.625513916567257,5.079710144927536e-10,1.3808280786189255,10313.02714309999,0.031302714309999
btc_hl_breakout_4m,0,0.02,0.01,0.05,0.4,480,random,-0.02897876109383933,-2.897876109383933,0.5833333333333334,72,-0.13399675160465507,-13.399675160465508,-4.696925244247369,0.9291554046400737,1.2986111111111112e-10,-0.07850289811155009,9710.212389061606,-0.02897876109383933
btc_small_up_9m,0,0.01,0.045,0.01,0.5,360,random,0.00515029456957036,0.5150294569570361,0.3333333333333333,54,-0.14781141910917073,-14.781141910917073,2.5733525158533754,1.014772411377994,1.4290123456790123e-10,0.050587852833806284,10051.502945695704,0.00515029456957036
btc_hl_breakout_6m,0,0.05,0.25,0.05,0.25,120,random,0.02233195536075832,2.233195536075832,0.2777777777777778,18,-0.10064070846182138,-10.064070846182139,7.163674143956363,1.1256298876609672,7.851851851851853e-10,0.6398090650281487,10223.319553607584,0.02233195536075832
btc_hl_breakout_9m,0,0.08,0.06,0.015,0.1,480,random,0.03602762249659149,3.602762249659149,0.5789473684210527,19,-0.032994332355991585,-3.2994332355991585,23.44315643386529,1.6013991422882177,7.570175438596491e-10,1.9018089499351492,10360.276224965915,0.03602762249659149
btc_hl_breakout_6m,0,0.01,0.08,0.04,0.25,30,random,0.024813759965300095,2.4813759965300095,0.29850746268656714,67,-0.10130845086755202,-10.130845086755203,7.938936681664048,1.1045222861065593,1.5547263681592041e-10,0.16969419934610167,10248.137599653,0.024813759965300095
btc_hl_breakout_8m,0,0.08,0.25,0.05,0.2,15,random,0.06472353759401485,6.472353759401485,0.36363636363636365,11,-0.06759011457575193,-6.759011457575193,20.527980465060136,1.623039152621593,1.3121212121212123e-09,3.0709525236120125,10647.235375940149,0.06472353759401485
btc_hl_breakout_3m,0,0.0125,0.025,0.015,0.3,20,random,0.06489849043451382,6.489849043451382,0.43478260869565216,69,-0.08013914214766893,-8.013914214766892,17.709096556591255,1.220328814497161,1.4516908212560386e-10,0.3245758154421159,10648.984904345138,0.06489849043451382
btc_small_up_10m,0,0.03,0.15,0.01,0.15,5,random,0.02905270096216552,2.9052700962165523,0.32142857142857145,28,-0.0523281078821668,-5.23281078821668,13.739654841842514,1.2897480496959952,4.232142857142857e-10,0.7231105058092056,10290.527009621655,0.02905270096216552
btc_hl_breakout_2m,0,0.0125,0.15,0.0175,0.05,20,random,0.016509898477874724,1.6509898477874725,0.38,50,-0.015162511973360271,-1.516251197336027,24.45937969497159,1.4793848371242753,2.2533333333333333e-10,0.6624870803090277,10165.098984778748,0.016509898477874724
btc_hl_breakout_5m,0,0.02,0.15,0.005,0.5,1440,random,-0.04403198357601641,-4.403198357601641,0.24390243902439024,41,-0.2393519839085705,-23.93519839085705,-5.124871153109551,0.9087392695531904,2.83739837398374e-10,-0.13203674459595374,9559.680164239835,-0.04403198357601641
btc_hl_breakout_7m,0,0.05,0.045,0.01,0.15,90,random,0.026906642200697273,2.6906642200697273,0.4838709677419355,31,-0.05843383153073056,-5.843383153073056,12.220631619114915,1.2062416618630991,4.354838709677419e-10,0.6058647666759887,10269.066422006972,0.026906642200697273
btc_hl_breakout_5m,0,0.03,0.025,0.015,0.3,120,random,0.008041850125435712,0.8041850125435712,0.5,48,-0.11963186113967728,-11.963186113967728,3.207578509852421,1.026565734559347,2.6597222222222224e-10,0.08632818524786003,10080.418501254357,0.008041850125435712
btc_hl_breakout_10m,0,0.025,0.01,0.005,0.15,90,random,0.03613637507311087,3.613637507311087,0.6323529411764706,68,-0.03948455091655789,-3.9484550916557892,17.221509434579872,1.2530988467964155,1.571078431372549e-10,0.36088078669000256,10361.363750731109,0.03613637507311087
btc_hl_breakout_3m,0,0.015,0.1,0.005,0.4,240,random,0.024686321996088282,2.468632199608828,0.3404255319148936,47,-0.12791159766453153,-12.791159766453152,6.238583323424117,1.0757514964114865,2.450354609929078e-10,0.17639616085195167,10246.863219960884,0.024686321996088282
btc_vol_breakout_9m,0,0.05,0.25,0.0125,0.05,1440,random,0.013341235247104738,1.3341235247104737,0.3125,16,-0.01720139344053151,-1.720139344053151,18.603438139660472,1.4716739581942089,8.239583333333334e-10,1.6933459202813477,10133.412352471047,0.013341235247104738
btc_vol_breakout_8m,0,0.0125,0.025,0.025,0.4,45,random,0.06791550335045726,6.791550335045726,0.4166666666666667,48,-0.0672428263864876,-6.724282638648759,17.390990666358082,1.2564204744649436,1.5243055555555557e-10,0.3683518347524433,10679.155033504572,0.06791550335045726
btc_hl_breakout_4m,0,0.0175,0.04,0.04,0.15,90,random,0.013065401191665,1.3065401191665,0.41509433962264153,53,-0.0398892169823839,-3.98892169823839,7.353967355941018,1.0971684365702004,2.1823899371069184e-10,0.17648615511478993,10130.65401191665,0.013065401191665
btc_hl_breakout_2m,0,0.02,0.01,0.025,0.2,480,random,-0.0402288978334082,-4.02288978334082,0.5405405405405406,74,-0.09509912320393676,-9.509912320393676,-16.22374653844776,0.8163351214894345,1.2792792792792792e-10,-0.26571144045029427,9597.711021665918,-0.0402288978334082
btc_bullish,0,0.0175,0.08,0.003,0.1,10,random,0.01616279509030277,1.6162795090302768,0.2909090909090909,55,-0.03254974077941619,-3.254974077941619,10.936781849621909,1.1721889475253349,2.3545454545454545e-10,0.3052495753033952,10161.627950903028,0.01616279509030277
btc_hl_breakout_5m,0,0.06,0.02,0.035,0.05,360,random,0.013173830534546021,1.317383053454602,0.6923076923076923,39,-0.016977524950453127,-1.6977524950453127,17.855777360868704,1.319517670431892,3.346153846153846e-10,0.6795756638795951,10131.73830534546,0.013173830534546021
btc_vol_breakout_10m,0,0.06,0.035,0.035,0.3,720,random,-0.0060279630476442435,-0.6027963047644244,0.5769230769230769,26,-0.09344792082572462,-9.34479208257246,-0.6099185238687999,0.9741742705917139,4.0705128205128205e-10,-0.02055763197584084,9939.720369523558,-0.0060279630476442435
btc_hl_breakout_8m,0,0.0075,0.1,0.01,0.25,360,random,0.020932140690720552,2.0932140690720553,0.28169014084507044,71,-0.09791772995945391,-9.791772995945392,6.88777431701684,1.0873252871836778,1.368544600938967e-10,0.13799623663445773,10209.321406907206,0.020932140690720552
btc_vol_breakout_2m,0,0.015,0.2,0.005,0.5,1440,random,0.021236202553639123,2.1236202553639125,0.3125,48,-0.16809872834499695,-16.809872834499696,5.08184050557168,1.054800462340506,2.3020833333333333e-10,0.1430183722005353,10212.362025536391,0.021236202553639123
btc_vol_breakout_10m,0,0.025,0.02,0.03,0.05,60,random,0.014872199412386045,1.4872199412386045,0.5945945945945946,37,-0.008192998522348116,-0.8192998522348116,28.233536647198424,1.5615515420047419,2.072072072072072e-10,0.8031488696468784,10148.72199412386,0.014872199412386045
btc_hl_breakout_9m,0,0.04,0.045,0.0175,0.05,20,random,0.012313213680006197,1.2313213680006196,0.4594594594594595,37,-0.01765954380157897,-1.765954380157897,16.342591745115858,1.2792275477734691,3.527027027027027e-10,0.6717321805300811,10123.132136800063,0.012313213680006197
btc_bullish,0,0.06,0.05,0.03,0.5,180,random,0.1731380122554541,17.31380122554541,0.5555555555555556,27,-0.1493995172989907,-14.93995172989907,23.19836913237681,1.4269957083219993,5.117283950617284e-10,1.3004514345858564,11731.380122554541,0.1731380122554541
btc_hl_breakout_7m,0,0.025,0.035,0.02,0.1,10,random,0.025511533141824815,2.5511533141824816,0.42,50,-0.03398478411915251,-3.398478411915251,17.403625714131106,1.2577080275945607,2.4466666666666665e-10,0.5174956554030752,10255.115331418248,0.025511533141824815
btc_vol_breakout_3m,0,0.01,0.05,0.015,0.5,180,random,-0.03678422877744661,-3.678422877744661,0.3076923076923077,65,-0.16052472884298263,-16.052472884298265,-4.67843573380552,0.9162778580340858,1.3051282051282052e-10,-0.08506185356211278,9632.157712225533,-0.03678422877744661
btc_hl_breakout_3m,0,0.015,0.15,0.02,0.25,30,random,0.014235639402431433,1.4235639402431433,0.3333333333333333,45,-0.08240105474451687,-8.240105474451687,5.296217727528015,1.0787433519746468,2.555555555555556e-10,0.15503992505577713,10142.356394024315,0.014235639402431433
btc_hl_breakout_2m,0,0.035,0.06,0.0125,0.5,360,random,0.1137440999265542,11.37440999265542,0.41935483870967744,31,-0.1437787804435725,-14.377878044357251,17.55954244429531,1.3079692448716218,4.4892473118279565e-10,0.7822499883544588,11137.440999265542,0.1137440999265542
btc_hl_breakout_5m,0,0.02,0.05,0.003,0.4,60,random,-0.07707160346419233,-7.707160346419233,0.2857142857142857,49,-0.19603293693572976,-19.603293693572976,-14.400763724700068,0.8099405813057295,2.3061224489795917e-10,-0.36558122378628877,9229.283965358078,-0.07707160346419233
btc_vol_breakout_8m,0,0.015,0.08,0.03,0.1,720,random,0.007192316925958858,0.7192316925958858,0.3333333333333333,39,-0.020690881501707947,-2.0690881501707947,7.025026747613681,1.130524927624211,2.1452991452991454e-10,0.19237664812185828,10071.92316925959,0.007192316925958858
btc_small_up_9m,0,0.035,0.04,0.003,0.3,45,random,0.12751019226053695,12.751019226053694,0.5483870967741935,31,-0.052545666483740705,-5.2545666483740705,32.393225684441695,1.6937319443815084,3.494623655913979e-10,1.339193360757846,11275.101922605369,0.12751019226053695
btc_bullish,0,0.02,0.045,0.0075,0.2,60,random,0.03709855295424854,3.709855295424854,0.3620689655172414,58,-0.05637792273101638,-5.637792273101638,12.916729529448473,1.1838866720168495,2.218390804597701e-10,0.33576431117880323,10370.985529542486,0.03709855295424854
btc_small_down_10m,0,0.04,0.08,0.05,0.25,240,random,0.07403993419887683,7.403993419887684,0.4230769230769231,26,-0.07572703873154185,-7.572703873154185,21.65593447424592,1.4620450453022815,4.756410256410256e-10,1.1564720994029716,10740.399341988768,0.07403993419887683
btc_vol_breakout_9m,0,0.03,0.01,0.025,0.05,1440,random,0.008735033165345282,0.8735033165345283,0.6956521739130435,46,-0.010355218257551924,-1.0355218257551924,17.22954532461297,1.3152099064003364,1.7028985507246378e-10,0.38171557324417654,10087.350331653453,0.008735033165345282
btc_small_up_9m,0,0.01,0.12,0.0175,0.15,1440,random,0.0048963518599732655,0.4896351859973265,0.3333333333333333,48,-0.0482893896037786,-4.82893896037786,3.3360090755333793,1.051165670215137,1.7152777777777777e-10,0.07984460331180872,10048.963518599732,0.0048963518599732655
btc_hl_breakout_4m,0,0.08,0.25,0.0175,0.15,30,random,0.06350921974297202,6.3509219742972025,0.36363636363636365,11,-0.04568936116966593,-4.568936116966594,25.91881947934388,1.9687111873713128,1.321212121212121e-09,3.8975699552761096,10635.09219742972,0.06350921974297202
btc_bullish,0,0.035,0.15,0.0075,0.2,30,random,0.07709784363554838,7.709784363554838,0.4166666666666667,24,-0.05390384943038928,-5.390384943038928,24.781434100887367,1.7502144755739648,5.729166666666666e-10,1.6156605025596436,10770.978436355485,0.07709784363554838
btc_hl_breakout_3m,0,0.015,0.3,0.02,0.15,45,random,0.006881483889873971,0.6881483889873972,0.3111111111111111,45,-0.055450212167958424,-5.545021216795842,4.034407412380829,1.0626927095021628,2.577777777777778e-10,0.12738429226537606,10068.81483889874,0.006881483889873971
btc_hl_breakout_8m,0,0.0125,0.015,0.0125,0.25,10,random,0.03220639517259678,3.2206395172596785,0.43037974683544306,79,-0.08573679892823471,-8.57367989282347,10.106053812147268,1.115875933895809,1.2046413502109704e-10,0.17870209160599912,10322.063951725968,0.03220639517259678
btc_hl_breakout_5m,0,0.02,0.02,0.03,0.3,120,random,-0.0418954027280367,-4.1895402728036695,0.43548387096774194,62,-0.1440426240453646,-14.40426240453646,-10.471640100046054,0.8739266629094795,1.6720430107526883e-10,-0.20775497866910442,9581.045972719632,-0.0418954027280367
btc_vol_breakout_10m,0,0.03,0.04,0.04,0.05,720,random,0.013081627622763187,1.3081627622763188,0.46875,32,-0.011003612618119551,-1.1003612618119551,23.652603268611067,1.4712083404235898,2.890625e-10,0.8187926046697398,10130.816276227632,0.013081627622763187
btc_bullish,0,0.04,0.1,0.025,0.15,30,random,0.05660953030158112,5.660953030158112,0.34615384615384615,26,-0.041928590982910685,-4.192859098291068,24.29592059437948,1.5804166709329912,5.26923076923077e-10,1.4634400557600327,10566.09530301581,0.05660953030158112
btc_vol_breakout_3m,0,0.01,0.06,0.035,0.05,5,random,0.00042687392709770506,0.042687392709770504,0.3064516129032258,62,-0.01899604313234271,-1.899604313234271,0.8674316681234728,1.0104722151822578,1.39247311827957e-10,0.017556801494849894,10004.268739270978,0.00042687392709770506
btc_alt_aligned,0,0.05,0.025,0.0075,0.15,720,random,0.04038233108863271,4.038233108863271,0.6136363636363636,44,-0.04974696183550875,-4.974696183550876,17.795580172970723,1.2658577207922288,3.2007575757575756e-10,0.6249712311239131,10403.823310886328,0.04038233108863271
btc_hl_breakout_8m,0,0.035,0.05,0.05,0.1,15,random,0.023914496215388215,2.3914496215388215,0.4117647058823529,34,-0.03557372863916908,-3.5573728639169078,16.011498043513434,1.3185692577251709,3.9901960784313726e-10,0.7143972452414923,10239.144962153881,0.023914496215388215
btc_alt_aligned,0,0.03,0.15,0.015,0.05,720,random,0.014014043698351662,1.4014043698351661,0.3333333333333333,33,-0.01608209390121862,-1.608209390121862,17.802341764854333,1.3657172392446908,4.3181818181818184e-10,0.8579573479659754,10140.140436983516,0.014014043698351662
btc_hl_breakout_6m,0,0.005,0.02,0.035,0.3,90,random,-0.021056978389605,-2.1056978389605003,0.31683168316831684,101,-0.1380871480006648,-13.808714800066479,-4.1479976764574715,0.9369877928273228,8.762376237623763e-11,-0.05452117239777933,9789.43021610395,-0.021056978389605
btc_hl_breakout_7m,0,0.03,0.05,0.0125,0.05,1440,random,0.007831529412705918,0.7831529412705919,0.375,40,-0.02100995547046436,-2.100995547046436,10.675821771766365,1.1792184563231518,3.3666666666666664e-10,0.398930933428655,10078.31529412706,0.007831529412705918
btc_hl_breakout_5m,0,0.0125,0.05,0.025,0.3,180,random,0.07506427241682759,7.506427241682759,0.4098360655737705,61,-0.09594557481929533,-9.594557481929533,17.99449621108296,1.2556336854591414,1.7704918032786885e-10,0.429542840628869,10750.642724168276,0.07506427241682759
btc_hl_breakout_3m,0,0.0075,0.02,0.025,0.4,720,random,-0.021941949358002876,-2.1941949358002875,0.35714285714285715,84,-0.15449628777881197,-15.449628777881196,-3.1433859095686847,0.9477998054553511,1.0436507936507936e-10,-0.04526548205725029,9780.58050641997,-0.021941949358002876
btc_hl_breakout_2m,0,0.005,0.15,0.003,0.15,60,random,-0.032318352124444394,-3.231835212444439,0.25925925925925924,81,-0.0818547928291562,-8.185479282915619,-17.263533518574214,0.7738871098185052,1.0534979423868312e-10,-0.2636356895080186,9676.816478755556,-0.032318352124444394
btc_vol_breakout_9m,0,0.02,0.3,0.035,0.4,120,random,-0.014097208692021967,-1.4097208692021967,0.25,32,-0.15570324635672983,-15.570324635672982,-1.72995312864924,0.9440485397094327,2.890625e-10,-0.05614704737022606,9859.02791307978,-0.014097208692021967
btc_small_up_10m,0,0.02,0.045,0.0125,0.25,720,random,0.044717711395940975,4.4717711395940976,0.3877551020408163,49,-0.07654149238385588,-7.654149238385588,13.559455560244027,1.1991905246239265,1.9965986394557822e-10,0.3854814129173623,10447.17711395941,0.044717711395940975
btc_bullish,0,0.015,0.025,0.02,0.2,720,random,0.037371030387621365,3.7371030387621365,0.37662337662337664,77,-0.049223057543479776,-4.922305754347978,13.254858865112926,1.1599301129519495,1.5757575757575758e-10,0.2550227548458369,10373.710303876214,0.037371030387621365
btc_hl_breakout_6m,0,0.025,0.04,0.005,0.25,240,random,0.01658660531630944,1.6586605316309442,0.3829787234042553,47,-0.08549298905763647,-8.549298905763647,5.945918189514792,1.0671899840517463,2.517730496453901e-10,0.16853015382656242,10165.866053163094,0.01658660531630944
btc_hl_breakout_10m,0,0.08,0.03,0.015,0.2,180,random,0.0755017877693047,7.55017877693047,0.7307692307692307,26,-0.057090824366652915,-5.709082436665291,25.75097156367114,1.637292097945226,5.198717948717949e-10,1.4415809598566598,10755.017877693048,0.0755017877693047
btc_hl_breakout_10m,0,0.0075,0.01,0.015,0.5,1440,random,0.026581658510694068,2.658165851069407,0.43564356435643564,101,-0.14596388859663711,-14.596388859663712,5.833927139312743,1.0467367558084886,8.102310231023101e-11,0.07837495370075738,10265.81658510694,0.026581658510694068
btc_vol_breakout_10m,0,0.025,0.015,0.015,0.4,15,random,0.05782120774672558,5.782120774672558,0.5813953488372093,43,-0.07986243859569064,-7.986243859569065,14.708508078519479,1.2253086777331323,1.8062015503875968e-10,0.355015585867418,10578.212077467255,0.05782120774672558
btc_hl_breakout_5m,0,0.035,0.04,0.0125,0.1,1440,random,0.022551806398617133,2.255180639861713,0.47368421052631576,38,-0.03046818022398623,-3.046818022398623,16.646600481179902,1.278151406090391,3.508771929824562e-10,0.6022165393446656,10225.518063986172,0.022551806398617133
btc_small_up_9m,0,0.08,0.25,0.015,0.4,90,random,0.12852841904716375,12.852841904716374,0.4,10,-0.11476534857903942,-11.476534857903943,21.06219166217441,1.7167378593989564,1.3166666666666667e-09,3.4066578088045794,11285.284190471637,0.12852841904716375
btc_vol_breakout_2m,0,0.04,0.25,0.0175,0.1,90,random,0.030161879268340727,3.0161879268340726,0.3333333333333333,21,-0.03529341235439165,-3.529341235439165,20.74752396817066,1.5437509812958627,6.5e-10,1.4669903017382844,10301.618792683406,0.030161879268340727
btc_hl_breakout_10m,0,0.03,0.05,0.04,0.5,720,random,0.12334334931036146,12.334334931036146,0.42105263157894735,38,-0.15103097210063243,-15.103097210063243,17.675296371735488,1.2490271571293106,3.412280701754386e-10,0.7051315424124732,11233.433493103614,0.12334334931036146
btc_small_up_9m,0,0.035,0.04,0.035,0.25,1440,random,0.1058535448466912,10.58535448466912,0.5483870967741935,31,-0.043854084898770296,-4.38540848987703,32.38443036664508,1.7039207432816728,3.494623655913979e-10,1.3391933607578432,11058.535448466911,0.1058535448466912
btc_hl_breakout_8m,0,0.02,0.045,0.02,0.4,240,random,-0.04982743162465804,-4.982743162465804,0.3,50,-0.20125594200336627,-20.12559420033663,-7.288826272314703,0.8783907218743967,2.3133333333333334e-10,-0.2117943500040611,9501.725683753419,-0.04982743162465804
btc_hl_breakout_1m,0,0.03,0.015,0.015,0.2,240,random,0.023719790689504066,2.3719790689504068,0.6071428571428571,56,-0.06406483370659355,-6.406483370659355,10.002010236560482,1.126438464416214,1.9523809523809524e-10,0.22604796736878488,10237.19790689504,0.023719790689504066
btc_hl_breakout_2m,0,0.025,0.1,0.0125,0.4,90,random,0.06846590678852667,6.8465906788526665,0.3055555555555556,36,-0.12430478279234103,-12.430478279234103,13.569017334307263,1.1980687081020525,3.4351851851851853e-10,0.5388341093433694,10684.659067885266,0.06846590678852667
btc_hl_breakout_4m,0,0.08,0.035,0.005,0.2,60,random,0.07970933848542183,7.970933848542183,0.7241379310344828,29,-0.053216784696274555,-5.3216784696274555,26.472552883495908,1.5651765439437162,4.747126436781609e-10,1.364951744712491,10797.093384854219,0.07970933848542183
btc_hl_breakout_9m,0,0.04,0.04,0.0075,0.15,60,random,0.03751064480819439,3.751064480819439,0.47368421052631576,38,-0.0532155540231849,-5.32155540231849,16.758506835412415,1.269944316385616,3.495614035087719e-10,0.6744855355642597,10375.106448081944,0.03751064480819439
btc_vol_breakout_2m,0,0.06,0.03,0.035,0.3,90,random,0.0703750190832718,7.03750190832718,0.6451612903225806,31,-0.08772121449615011,-8.77212144961501,17.138766485660916,1.3146535827064338,4.241935483870968e-10,0.7792071148589955,10703.750190832718,0.0703750190832718
btc_vol_breakout_9m,0,0.015,0.12,0.0175,0.1,20,random,0.004827996045301961,0.4827996045301961,0.3333333333333333,36,-0.023730077374391145,-2.3730077374391145,4.820312688320331,1.0948174733649194,2.3009259259259258e-10,0.14262535512243638,10048.27996045302,0.004827996045301961
btc_hl_breakout_3m,0,0.02,0.025,0.03,0.4,180,random,-0.042868597102696096,-4.28685971026961,0.37037037037037035,54,-0.16937164100576185,-16.937164100576187,-7.424578391103371,0.8972138688832473,1.9876543209876542e-10,-0.16877497605523353,9571.31402897304,-0.042868597102696096
btc_small_down_10m,0,0.08,0.01,0.035,0.1,10,random,0.03959101379723816,3.959101379723816,0.84375,32,-0.023846608478577225,-2.3846608478577225,30.102114449299847,1.939177322230254,3.203125e-10,1.226657569590568,10395.910137972382,0.03959101379723816
btc_hl_breakout_7m,0,0.1,0.25,0.015,0.2,5,random,0.06379792011592772,6.379792011592772,0.3,10,-0.07830956858392646,-7.830956858392646,20.029810310544452,1.6124979573865652,1.4616666666666667e-09,3.3539969455426464,10637.979201159276,0.06379792011592772
btc_vol_breakout_8m,0,0.08,0.05,0.003,0.4,480,random,-0.0004435567524072667,-0.04435567524072667,0.5294117647058824,17,-0.1187598124129916,-11.875981241299161,1.4249751313380739,0.9982631184007318,7.009803921568628e-10,0.11899536107928396,9995.564432475927,-0.0004435567524072667
btc_vol_breakout_10m,0,0.035,0.06,0.02,0.5,90,random,0.09960336000779171,9.960336000779172,0.4,25,-0.10503358704690491,-10.503358704690491,17.98903215855199,1.364452148092788,4.26e-10,0.8450622676403161,10996.033600077917,0.09960336000779171
btc_bullish,0,0.02,0.025,0.05,0.05,60,random,0.010889617857708709,1.0889617857708709,0.417910447761194,67,-0.013639529981709586,-1.3639529981709586,14.755579957675387,1.2007814557028873,1.880597014925373e-10,0.3285147557474851,10108.896178577088,0.010889617857708709
btc_vol_breakout_2m,0,0.1,0.1,0.0075,0.4,60,random,0.1451695188816231,14.51695188816231,0.46153846153846156,13,-0.12868160738528167,-12.868160738528168,23.747908760698024,1.6835244758085839,1.0923076923076922e-09,2.852701659977653,11451.695188816231,0.1451695188816231
btc_bullish,0,0.04,0.08,0.015,0.3,480,random,0.11031159904283204,11.031159904283204,0.4074074074074074,27,-0.08234421315054374,-8.234421315054375,24.07649339262866,1.5663508206551744,5.061728395061728e-10,1.3682586145968658,11103.11599042832,0.11031159904283204
btc_vol_breakout_3m,0,0.04,0.06,0.04,0.1,20,random,0.015092509871795175,1.5092509871795174,0.39285714285714285,28,-0.03531338327156874,-3.5313383271568743,11.400432456986207,1.2204166552496571,4.55952380952381e-10,0.5569923656556027,10150.925098717951,0.015092509871795175
btc_small_up_10m,0,0.0125,0.01,0.003,0.5,45,random,0.03300805537436508,3.300805537436508,0.4805194805194805,77,-0.13955281907840156,-13.955281907840156,6.842373494484991,1.0651272036908301,9.393939393939395e-11,0.1168696390623585,10330.08055374365,0.03300805537436508
btc_vol_breakout_8m,0,0.04,0.2,0.0175,0.2,180,random,0.06258108862576685,6.258108862576685,0.3,20,-0.042312999970178344,-4.231299997017834,24.983313373056152,1.6544443639730562,6.525e-10,1.6008294970802355,10625.810886257668,0.06258108862576685
btc_vol_breakout_8m,0,0.005,0.045,0.04,0.4,10,random,0.01790058730075052,1.7900587300750521,0.3559322033898305,59,-0.08803726218917052,-8.803726218917053,5.70785949019511,1.0724460546611274,1.0451977401129943e-10,0.09389164272310024,10179.005873007505,0.01790058730075052
btc_hl_breakout_8m,0,0.08,0.06,0.02,0.05,1440,random,0.015211421914081034,1.5211421914081034,0.5555555555555556,18,-0.016598850539985,-1.6598850539985,20.065447101278924,1.520294487365176,7.953703703703703e-10,1.6983226580312678,10152.11421914081,0.015211421914081034
btc_hl_breakout_9m,0,0.04,0.25,0.035,0.4,45,random,0.1389125590144691,13.891255901446911,0.36363636363636365,22,-0.13927862940446512,-13.927862940446511,22.372355493423132,1.495306323008887,6.356060606060605e-10,1.6851142694836747,11389.125590144691,0.1389125590144691
btc_hl_breakout_7m,0,0.1,0.03,0.03,0.25,10,random,0.07021264256286376,7.0212642562863765,0.7307692307692307,26,-0.08441192093034089,-8.44119209303409,19.15972015141624,1.3808972123299719,5.442307692307692e-10,1.1070846824982419,10702.126425628638,0.07021264256286376
btc_hl_breakout_4m,0,0.005,0.2,0.01,0.2,90,random,-0.03512295045161747,-3.512295045161747,0.275,80,-0.0921392270164495,-9.21392270164495,-13.802369882762745,0.8057740318112848,1.0729166666666667e-10,-0.2144632854150305,9648.770495483825,-0.03512295045161747
btc_hl_breakout_7m,0,0.01,0.3,0.0175,0.3,10,random,0.044806349843404314,4.480634984340432,0.30158730158730157,63,-0.11877834487408989,-11.87783448740899,11.345641924757128,1.1659537326578522,1.6957671957671957e-10,0.2607931374983886,10448.063498434043,0.044806349843404314
btc_hl_breakout_3m,0,0.08,0.015,0.003,0.05,180,random,0.015255134703960851,1.525513470396085,0.7941176470588235,34,-0.014147667337884529,-1.4147667337884529,21.02199238206185,1.4904688537527284,3.6519607843137253e-10,0.8995123698505789,10152.551347039609,0.015255134703960851
btc_vol_breakout_8m,0,0.06,0.2,0.015,0.25,30,random,0.05856911518969437,5.8569115189694365,0.3333333333333333,15,-0.06799004615765103,-6.799004615765103,18.84788291308183,1.4491334742951727,8.711111111111111e-10,1.6605479221241934,10585.691151896943,0.05856911518969437
btc_small_up_10m,0,0.025,0.02,0.015,0.4,5,random,0.02999439522557436,2.999439522557436,0.4807692307692308,52,-0.13879719205741203,-13.879719205741203,6.9134511283789895,1.0743869849438743,1.830128205128205e-10,0.1836890087835869,10299.943952255744,0.02999439522557436
btc_hl_breakout_2m,0,0.0125,0.08,0.035,0.25,20,random,0.07726599422111317,7.726599422111318,0.37037037037037035,54,-0.07382001727032494,-7.3820017270324945,23.249056050472927,1.3996729076518226,2.0586419753086419e-10,0.5812573734948528,10772.659942211132,0.07726599422111317
btc_hl_breakout_5m,0,0.04,0.05,0.01,0.4,15,random,0.04971315469052811,4.9713154690528105,0.42857142857142855,35,-0.13802064238679668,-13.802064238679668,10.354266159798847,1.136704145680835,3.9190476190476195e-10,0.4147287150149306,10497.13154690528,0.04971315469052811
btc_small_down_10m,0,0.03,0.15,0.025,0.25,5,random,-0.00594673227492367,-0.5946732274923671,0.32,25,-0.08274635329583535,-8.274635329583536,-0.8151337822548137,0.9617738554503278,4.666666666666667e-10,-0.046753350072920766,9940.532677250763,-0.00594673227492367
btc_vol_breakout_3m,0,0.04,0.08,0.025,0.25,720,random,0.03957325506050338,3.957325506050338,0.37037037037037035,27,-0.08637738237119252,-8.637738237119253,12.369296034125663,1.2212967938487707,4.75925925925926e-10,0.6335933370999857,10395.732550605033,0.03957325506050338
btc_vol_breakout_10m,0,0.03,0.25,0.05,0.4,180,random,0.11614338680069795,11.614338680069796,0.3181818181818182,22,-0.08940886474777998,-8.940886474777997,23.76939815386876,1.5641148005780832,4.803030303030303e-10,1.3951295222824596,11161.43386800698,0.11614338680069795
btc_hl_breakout_1m,0,0.06,0.01,0.01,0.1,120,random,0.023619858913765654,2.3619858913765652,0.782608695652174,46,-0.025566482416812364,-2.5566482416812364,16.86397195490718,1.322283075172887,2.597826086956522e-10,0.5194792781764821,10236.198589137657,0.023619858913765654
btc_hl_breakout_9m,0,0.025,0.25,0.015,0.25,15,random,0.06191837738477784,6.191837738477783,0.2727272727272727,33,-0.10300070929704486,-10.300070929704486,16.551407596528758,1.3004287549000784,3.7272727272727275e-10,0.8168321257488308,10619.183773847779,0.06191837738477784
btc_hl_breakout_1m,0,0.005,0.05,0.003,0.05,45,random,-0.004691594092631925,-0.4691594092631925,0.313953488372093,86,-0.021828432949004162,-2.182843294900416,-7.861118397598437,0.8951656667877779,1e-10,-0.10719388387438501,9953.08405907368,-0.004691594092631925
btc_hl_breakout_3m,0,0.01,0.2,0.0125,0.1,5,random,0.013039669396669921,1.3039669396669922,0.3448275862068966,58,-0.03699592036036092,-3.6995920360360923,10.32937904483498,1.1666300551753959,1.795977011494253e-10,0.23230424702441235,10130.396693966699,0.013039669396669921
btc_hl_breakout_10m,0,0.04,0.02,0.015,0.25,60,random,0.07787279723386478,7.787279723386479,0.6304347826086957,46,-0.06361166726613177,-6.361166726613177,21.5578531164083,1.343975604962255,2.7934782608695653e-10,0.6847175229136467,10778.727972338647,0.07787279723386478
btc_hl_breakout_1m,0,0.05,0.015,0.03,0.15,15,random,0.03415186370747988,3.4151863707479877,0.7333333333333333,45,-0.04337528643529365,-4.337528643529365,17.381632388259685,1.2818820119342609,2.733333333333333e-10,0.5157357900923849,10341.518637074798,0.03415186370747988
btc_hl_breakout_6m,0,0.1,0.15,0.0175,0.15,360,random,0.03631705976740782,3.6317059767407818,0.36363636363636365,11,-0.057359464490450596,-5.735946449045059,15.782840412393387,1.450081801516589,1.3196969696969699e-09,2.301387767561802,10363.170597674078,0.03631705976740782
btc_hl_breakout_8m,0,0.1,0.025,0.02,0.15,20,random,0.02897759571450656,2.897759571450656,0.7307692307692307,26,-0.05125061324500224,-5.125061324500225,13.543418440862277,1.2743259897292003,5.26923076923077e-10,0.7685819367973583,10289.775957145066,0.02897759571450656
btc_hl_breakout_6m,0,0.03,0.15,0.03,0.05,10,random,0.0011138491809101368,0.11138491809101368,0.27586206896551724,29,-0.0220496296030811,-2.20496296030811,1.8403620140664725,1.0314039170219846,4.67816091954023e-10,0.08820057604900808,10011.1384918091,0.0011138491809101368
btc_hl_breakout_4m,0,0.035,0.2,0.03,0.3,1440,random,0.09527136528557016,9.527136528557016,0.3333333333333333,24,-0.09132033684873408,-9.13203368487341,22.306500742583516,1.501703398234771,5.881944444444444e-10,1.3956880862719185,10952.713652855702,0.09527136528557016
btc_hl_breakout_4m,0,0.035,0.01,0.02,0.2,60,random,0.06167711669952839,6.167711669952839,0.7368421052631579,57,-0.043525388247446783,-4.352538824744679,23.839654144762946,1.388718383856101,1.9444444444444444e-10,0.5417996928442108,10616.771166995284,0.06167711669952839
btc_vol_breakout_9m,0,0.03,0.15,0.05,0.4,20,random,0.045721585524525696,4.57215855245257,0.36363636363636365,22,-0.08940886474778043,-8.940886474778043,11.007789649955726,1.253965218250386,5.106060606060606e-10,0.5739140453172072,10457.215855245257,0.045721585524525696
btc_vol_breakout_2m,0,0.05,0.03,0.005,0.3,480,random,0.048732023708893166,4.873202370889317,0.6,40,-0.08155206333345588,-8.155206333345589,13.0444856266434,1.178074531634235,3.2916666666666667e-10,0.4369525207967539,10487.320237088932,0.048732023708893166
btc_hl_breakout_5m,0,0.025,0.05,0.0075,0.15,360,random,-0.00011482515907214292,-0.011482515907214292,0.3333333333333333,45,-0.06019974538080419,-6.019974538080419,0.5468190054174165,0.9992108251122428,2.6444444444444443e-10,0.01819249169173075,9998.851748409279,-0.00011482515907214292
btc_hl_breakout_1m,0,0.1,0.01,0.035,0.4,45,random,0.07997495897405461,7.997495897405462,0.8205128205128205,39,-0.12882104475415368,-12.882104475415368,14.78217618438657,1.2429324635164396,3.055555555555555e-10,0.5616902953992456,10799.749589740546,0.07997495897405461
btc_hl_breakout_7m,0,0.0075,0.025,0.035,0.1,720,random,0.012523372270439677,1.2523372270439677,0.32954545454545453,88,-0.039743113285933274,-3.9743113285933274,9.23174057030341,1.116324381087144,1.100378787878788e-10,0.14823697621787088,10125.233722704397,0.012523372270439677
btc_vol_breakout_8m,0,0.0125,0.02,0.0175,0.15,1440,random,0.016124082205112154,1.6124082205112154,0.42,50,-0.026633154345319765,-2.6633154345319765,11.180162355904155,1.1673555058756475,1.38e-10,0.2223978288345039,10161.24082205112,0.016124082205112154
btc_hl_breakout_2m,0,0.02,0.03,0.01,0.15,480,random,-0.0011174837903720118,-0.11174837903720118,0.38596491228070173,57,-0.05735857621683349,-5.7358576216833494,-0.053061286357371076,0.9928463792789572,1.9298245614035087e-10,8.775355529136076e-05,9988.82516209628,-0.0011174837903720118
btc_bullish,0,0.08,0.035,0.0175,0.2,30,random,0.06905063020958475,6.905063020958475,0.7142857142857143,28,-0.05384469001863601,-5.384469001863601,23.234266380175928,1.4666597275679016,4.898809523809524e-10,1.240789741389986,10690.506302095848,0.06905063020958475
btc_bullish,0,0.08,0.2,0.003,0.05,15,random,0.016507928073235992,1.6507928073235991,0.36363636363636365,11,-0.01642790479848777,-1.642790479848777,20.906673142928625,1.7689011909563577,1.3075757575757575e-09,3.025766637794214,10165.07928073236,0.016507928073235992
btc_hl_breakout_10m,0,0.02,0.025,0.0125,0.3,60,random,0.004310788730980084,0.4310788730980084,0.4067796610169492,59,-0.12840914644847168,-12.840914644847167,2.247863351711823,1.0129129803460424,1.830508474576271e-10,0.053870424796809334,10043.107887309801,0.004310788730980084
btc_vol_breakout_8m,0,0.02,0.025,0.01,0.4,720,random,0.008012647533682185,0.8012647533682185,0.37209302325581395,43,-0.12014036779104131,-12.014036779104131,3.1310006641913737,1.0268618492853294,1.9147286821705427e-10,0.07744642309036252,10080.126475336821,0.008012647533682185
btc_hl_breakout_4m,0,0.005,0.02,0.025,0.25,1440,random,-0.02765807714778948,-2.765807714778948,0.3118279569892473,93,-0.096116083286228,-9.6116083286228,-8.715429226710214,0.8900488552769705,8.709677419354839e-11,-0.10952006229372908,9723.419228522105,-0.02765807714778948
btc_vol_breakout_2m,0,0.05,0.045,0.005,0.2,30,random,0.018734538936640024,1.8734538936640024,0.48484848484848486,33,-0.07074676023554449,-7.074676023554449,7.559331002826107,1.1062188473532262,4.085858585858586e-10,0.31913278808340967,10187.345389366401,0.018734538936640024
btc_hl_breakout_7m,0,0.05,0.025,0.0125,0.3,30,random,0.07463076713887849,7.463076713887849,0.631578947368421,38,-0.09366617734712612,-9.366617734712612,17.357606081023913,1.2704069321224563,3.495614035087719e-10,0.6811205383044574,10746.307671388786,0.07463076713887849
btc_hl_breakout_1m,0,0.0075,0.05,0.04,0.1,480,random,0.003794179201994859,0.3794179201994859,0.3246753246753247,77,-0.035676708111849864,-3.5676708111849864,3.4058782951964695,1.0411170203266,1.2142857142857142e-10,0.055458797685204994,10037.941792019948,0.003794179201994859
btc_vol_breakout_10m,0,0.005,0.025,0.02,0.15,60,random,0.0019859870493241488,0.19859870493241488,0.3220338983050847,59,-0.033284759649380935,-3.3284759649380935,1.7945176887074914,1.0212332411026086,9.237288135593221e-11,0.029600641717123236,10019.859870493241,0.0019859870493241488
btc_hl_breakout_7m,0,0.04,0.04,0.015,0.3,240,random,0.0763329323220476,7.63329323220476,0.47368421052631576,38,-0.10705088385658945,-10.705088385658945,17.422819932098502,1.2597143057077127,3.5e-10,0.7015599399985688,10763.329323220476,0.0763329323220476
btc_vol_breakout_2m,0,0.015,0.01,0.035,0.15,180,random,-0.0022269655081678364,-0.22269655081678363,0.5476190476190477,84,-0.046241194917658435,-4.6241194917658435,-0.701053693158987,0.9852012850552169,1.0238095238095239e-10,-0.010375988108508413,9977.730344918322,-0.0022269655081678364
btc_hl_breakout_3m,0,0.04,0.02,0.02,0.3,60,random,0.05010239297981629,5.010239297981629,0.6136363636363636,44,-0.08245911256474658,-8.245911256474658,13.430974139303565,1.1810186104425382,2.7121212121212123e-10,0.4068203084295813,10501.023929798162,0.05010239297981629
btc_hl_breakout_9m,0,0.035,0.02,0.005,0.15,15,random,0.0550521447300094,5.505214473000939,0.6363636363636364,44,-0.03856895569449825,-3.8568955694498253,24.966895281808217,1.4531918295897543,2.7272727272727273e-10,0.8322320493481316,10550.521447300094,0.0550521447300094
btc_hl_breakout_10m,0,0.04,0.01,0.015,0.2,180,random,0.05938094316518859,5.938094316518859,0.7321428571428571,56,-0.05060841329987009,-5.060841329987009,20.84525727298161,1.356213841387942,2.125e-10,0.535348311890363,10593.809431651885,0.05938094316518859
btc_vol_breakout_8m,0,0.0175,0.02,0.003,0.25,15,random,0.005742754758636693,0.5742754758636692,0.4166666666666667,48,-0.0694567898418984,-6.94567898418984,3.007718601181918,1.0310187823305355,1.548611111111111e-10,0.06452142283515781,10057.427547586367,0.005742754758636693
btc_hl_breakout_5m,0,0.025,0.025,0.025,0.1,360,random,0.011191805542593693,1.1191805542593694,0.48148148148148145,54,-0.0315216285947284,-3.15216285947284,8.810204531670728,1.114155736397521,2.1512345679012345e-10,0.2158436235025044,10111.918055425936,0.011191805542593693
btc_bullish,0,0.03,0.1,0.02,0.3,10,random,0.08827653963930197,8.827653963930198,0.34285714285714286,35,-0.07941309756737935,-7.941309756737935,19.700189895298447,1.3472933201410762,3.842857142857143e-10,0.8772653765630899,10882.76539639302,0.08827653963930197
btc_vol_breakout_8m,0,0.04,0.06,0.035,0.3,30,random,0.04656604352684007,4.656604352684007,0.4,25,-0.0785586055438442,-7.855860554384419,13.867656534255742,1.2680896278391183,4.746666666666667e-10,0.6615358656176124,10465.6604352684,0.04656604352684007
btc_hl_breakout_7m,0,0.015,0.1,0.015,0.15,1440,random,0.013192965357812819,1.3192965357812818,0.3333333333333333,54,-0.06738038227606025,-6.738038227606024,6.514106078565842,1.09223941054579,2.1203703703703703e-10,0.18219889085383328,10131.929653578129,0.013192965357812819
btc_small_down_10m,0,0.05,0.1,0.0125,0.5,720,random,0.13117635992228716,13.117635992228715,0.391304347826087,23,-0.16020126665094103,-16.020126665094104,19.563780542468045,1.3536027361688867,5.775362318840579e-10,1.2246565317383977,11311.763599222872,0.13117635992228716
btc_hl_breakout_2m,0,0.01,0.25,0.01,0.4,120,random,0.05001087188241304,5.0010871882413035,0.3220338983050847,59,-0.15355744827843698,-15.355744827843697,10.91128397229333,1.146595882294369,1.7514124293785312e-10,0.2435948453279766,10500.10871882413,0.05001087188241304
btc_hl_breakout_7m,0,0.025,0.015,0.04,0.5,1440,random,0.11313458021992528,11.313458021992528,0.5555555555555556,63,-0.1586303386578708,-15.863033865787079,16.747582888911793,1.1935461279948212,1.7989417989417992e-10,0.3877557386427671,11131.345802199252,0.11313458021992528
btc_small_up_10m,0,0.025,0.02,0.035,0.1,240,random,0.009040259391500558,0.9040259391500558,0.4807692307692308,52,-0.03588332699883512,-3.588332699883512,6.84238160256893,1.0960190339517815,1.830128205128205e-10,0.1836890087835882,10090.402593915005,0.009040259391500558
btc_vol_breakout_8m,0,0.03,0.01,0.03,0.3,240,random,0.047302764315609466,4.730276431560947,0.6938775510204082,49,-0.069491626312986,-6.9491626312986,15.673127606609404,1.251247196118903,1.7551020408163266e-10,0.33308858662006907,10473.027643156094,0.047302764315609466
btc_bullish,0,0.0075,0.1,0.005,0.15,720,random,0.026672214167068067,2.667221416706807,0.313953488372093,86,-0.04404429334180526,-4.404429334180526,12.366289916463368,1.1683327063726177,1.3604651162790698e-10,0.21571187443421644,10266.722141670682,0.026672214167068067
btc_hl_breakout_5m,0,0.025,0.035,0.003,0.05,20,random,0.00640722925194384,0.640722925194384,0.40816326530612246,49,-0.016437377643287454,-1.6437377643287454,9.71398595864929,1.1346098324350427,2.4319727891156466e-10,0.26644483600551255,10064.072292519439,0.00640722925194384
btc_vol_breakout_3m,0,0.005,0.3,0.01,0.4,240,random,-0.10053705737962951,-10.05370573796295,0.28378378378378377,74,-0.2039828822050762,-20.39828822050762,-21.125125143211253,0.7151932210535645,1.0067567567567567e-10,-0.3386255430052376,8994.629426203704,-0.10053705737962951
btc_hl_breakout_6m,0,0.02,0.035,0.03,0.25,240,random,-0.05442298345515783,-5.442298345515783,0.3269230769230769,52,-0.13090975786542292,-13.090975786542291,-17.172445550589583,0.7947217726210636,2.217948717948718e-10,-0.40773182030524124,9455.770165448423,-0.05442298345515783
btc_hl_breakout_7m,0,0.1,0.01,0.003,0.1,90,random,0.019891586409883564,1.9891586409883564,0.825,40,-0.033607491190937644,-3.3607491190937644,13.717773164392424,1.2738951447285474,3.325e-10,0.5083616243487811,10198.915864098835,0.019891586409883564
btc_small_down_10m,0,0.02,0.04,0.05,0.15,5,random,-0.015215721879016497,-1.5215721879016497,0.32558139534883723,43,-0.04776486659143475,-4.776486659143475,-7.716745020633668,0.8681354418858509,2.2790697674418604e-10,-0.22435941902145765,9847.842781209834,-0.015215721879016497
btc_small_up_10m,0,0.0175,0.25,0.03,0.05,120,random,0.002634134312146415,0.2634134312146415,0.2926829268292683,41,-0.01921907159605829,-1.921907159605829,3.9025365433949077,1.0736499664551156,2.382113821138211e-10,0.13673946538588297,10026.341343121465,0.002634134312146415
btc_hl_breakout_10m,0,0.05,0.01,0.003,0.05,120,random,0.011681943478981072,1.1681943478981072,0.7450980392156863,51,-0.01526795053765595,-1.526795053765595,16.183978029163182,1.2827511288288718,2.4281045751633985e-10,0.4618568123359727,10116.819434789812,0.011681943478981072
btc_vol_breakout_9m,0,0.08,0.1,0.04,0.1,480,random,0.017297447405686967,1.7297447405686968,0.5,14,-0.030721433598398185,-3.0721433598398185,13.03296266927585,1.3256569170083716,9.11904761904762e-10,1.2709665145244464,10172.97447405687,0.017297447405686967
btc_hl_breakout_5m,0,0.01,0.2,0.03,0.25,240,random,0.05152547371017285,5.1525473710172855,0.3389830508474576,59,-0.08800502851169145,-8.800502851169146,14.922213952722885,1.2412638689017497,1.7966101694915252e-10,0.3665688102972009,10515.254737101728,0.05152547371017285
btc_hl_breakout_9m,0,0.0075,0.02,0.03,0.2,120,random,0.03371868099807843,3.3718680998078434,0.3563218390804598,87,-0.06742674018171568,-6.742674018171568,12.758723516002377,1.159429249255286,1.0153256704980842e-10,0.203926782115996,10337.186809980783,0.03371868099807843
btc_vol_breakout_2m,0,0.0075,0.1,0.025,0.4,480,random,-0.00873240403215018,-0.873240403215018,0.2972972972972973,74,-0.1428085153796751,-14.280851537967509,-0.25796315946576864,0.9769633854185787,1.2927927927927928e-10,-0.003224691724873337,9912.675959678498,-0.00873240403215018
btc_hl_breakout_1m,0,0.05,0.08,0.0075,0.4,30,random,0.10029904541997298,10.029904541997297,0.4782608695652174,23,-0.13853669805861646,-13.853669805861646,18.67682859970706,1.351009451287263,6.028985507246376e-10,1.156248084766979,11002.99045419973,0.10029904541997298
btc_hl_breakout_4m,0,0.0125,0.01,0.04,0.05,480,random,0.006809576550296322,0.6809576550296322,0.5542168674698795,83,-0.011069664442962424,-1.1069664442962424,11.278960788520306,1.1491145573560582,1.0622489959839358e-10,0.1662833133044019,10068.095765502963,0.006809576550296322
btc_small_up_9m,0,0.015,0.015,0.05,0.15,720,random,-0.001183021826806862,-0.1183021826806862,0.43103448275862066,58,-0.03437873677790937,-3.437873677790937,-0.21313845597063194,0.9903204795109153,1.3534482758620692e-10,-0.003867666822447012,9988.169781731931,-0.001183021826806862
btc_hl_breakout_2m,0,0.01,0.04,0.0125,0.5,90,random,0.08545767703400725,8.545767703400726,0.36619718309859156,71,-0.1696565544562464,-16.965655445624638,14.989664952453367,1.1745473022937238,1.4061032863849767e-10,0.2648411900430562,10854.576770340072,0.08545767703400725
btc_vol_breakout_8m,0,0.035,0.05,0.003,0.05,720,random,0.0071896169944178955,0.7189616994417896,0.39285714285714285,28,-0.013240302969143358,-1.3240302969143358,12.362185731754382,1.2579309163482575,4.017857142857143e-10,0.5196269889037898,10071.896169944179,0.0071896169944178955
btc_small_up_10m,0,0.03,0.015,0.01,0.4,90,random,0.08757719491402277,8.757719491402277,0.5714285714285714,49,-0.12075292525363102,-12.075292525363102,16.60389744785084,1.2402696381121863,2.1224489795918368e-10,0.4733574731819546,10875.771949140228,0.08757719491402277
btc_alt_aligned,0,0.0175,0.06,0.0175,0.1,15,random,0.014403589122163657,1.4403589122163658,0.29508196721311475,61,-0.03937583102772302,-3.937583102772302,9.628049638236241,1.1392255728951692,2.2404371584699452e-10,0.2474222458839271,10144.035891221636,0.014403589122163657
btc_bullish,0,0.015,0.12,0.03,0.3,720,random,0.052261725940699125,5.226172594069912,0.30357142857142855,56,-0.08883130462473443,-8.883130462473442,12.472104515211333,1.1804934872100195,2.2857142857142856e-10,0.34175612160844865,10522.61725940699,0.052261725940699125
btc_vol_breakout_9m,0,0.02,0.045,0.035,0.1,20,random,-0.0034529852090172085,-0.34529852090172086,0.2894736842105263,38,-0.03202571062251314,-3.2025710622513137,-3.0409011360533253,0.9478621434285177,2.2017543859649124e-10,-0.08252476424885219,9965.470147909828,-0.0034529852090172085
btc_alt_aligned,0,0.02,0.025,0.02,0.5,480,random,0.06512924381923585,6.512924381923585,0.4084507042253521,71,-0.1670458919783685,-16.70458919783685,10.45569603385304,1.0925018592833386,1.9107981220657277e-10,0.2285209990302166,10651.292438192359,0.06512924381923585
btc_vol_breakout_3m,0,0.035,0.02,0.0075,0.15,10,random,0.042275248981140136,4.227524898114013,0.627906976744186,43,-0.03759750430561937,-3.7597504305619367,21.726165483613897,1.3829455178411403,2.6007751937984497e-10,0.6579730600591661,10422.7524898114,0.042275248981140136
btc_vol_breakout_10m,0,0.06,0.015,0.04,0.25,15,random,-0.03135047304477198,-3.1350473044771983,0.6857142857142857,35,-0.07973075523138617,-7.9730755231386174,-10.053084601010633,0.8430621057118624,2.8904761904761903e-10,-0.3304779525817552,9686.49526955228,-0.03135047304477198
btc_hl_breakout_1m,0,0.025,0.06,0.005,0.15,10,random,0.02843785067476349,2.843785067476349,0.34146341463414637,41,-0.0532527489487401,-5.32527489487401,14.26228318982253,1.2125455452341363,2.959349593495935e-10,0.4804925609547082,10284.378506747635,0.02843785067476349
btc_bullish,0,0.08,0.15,0.04,0.4,360,random,0.12171549147028608,12.171549147028609,0.4166666666666667,12,-0.1207434842222379,-12.07434842222379,20.263610773339487,1.5801218246498376,1.1930555555555556e-09,2.683552184390983,11217.15491470286,0.12171549147028608
btc_hl_breakout_1m,0,0.0175,0.06,0.02,0.2,720,random,0.013355683641240443,1.3355683641240443,0.3125,48,-0.06748972469516834,-6.7489724695168345,5.959496237295801,1.076605817972425,2.4618055555555555e-10,0.16358830461655552,10133.556836412405,0.013355683641240443
btc_small_up_10m,0,0.025,0.12,0.01,0.25,720,random,0.0278238723079392,2.78238723079392,0.30303030303030304,33,-0.09642290753183758,-9.642290753183758,8.665074868175335,1.154675521221426,3.252525252525253e-10,0.3808599859799092,10278.238723079392,0.0278238723079392
btc_vol_breakout_9m,0,0.01,0.15,0.035,0.3,20,random,-0.0010543315915140282,-0.10543315915140282,0.2608695652173913,46,-0.0654828240855515,-6.548282408555151,0.5705821122467573,0.9936413603159449,1.5833333333333333e-10,0.01134365719607395,9989.45668408486,-0.0010543315915140282
btc_small_up_10m,0,0.035,0.06,0.05,0.3,360,random,0.13381281351537824,13.381281351537824,0.43333333333333335,30,-0.0951249885639236,-9.512498856392359,29.287607639435407,1.6323609088286521,3.811111111111111e-10,1.4674110877337676,11338.128135153782,0.13381281351537824
btc_small_up_10m,0,0.0175,0.08,0.04,0.25,180,random,0.013227024694761667,1.3227024694761667,0.3111111111111111,45,-0.09439872965819984,-9.439872965819983,4.777862194761096,1.0622863852469255,2.0962962962962963e-10,0.1508522441827503,10132.270246947617,0.013227024694761667
btc_hl_breakout_2m,0,0.06,0.04,0.01,0.5,90,random,0.16939113434182226,16.939113434182225,0.6,30,-0.15141858377943596,-15.141858377943596,23.152804085680366,1.3787185405016293,4.505555555555556e-10,1.1521045785072914,11693.911343418222,0.16939113434182226
btc_vol_breakout_9m,0,0.015,0.04,0.04,0.1,15,random,0.01409579246554032,1.409579246554032,0.4186046511627907,43,-0.022217723126553013,-2.2217723126553013,14.019352197466278,1.232815395555544,1.813953488372093e-10,0.33339683160513417,10140.957924655404,0.01409579246554032
btc_hl_breakout_9m,0,0.05,0.06,0.0125,0.05,240,random,0.01410434624900795,1.410434624900795,0.42857142857142855,28,-0.019468884472095493,-1.9468884472095493,18.220783932975966,1.3589578042750945,4.892857142857143e-10,1.0154315347258533,10141.043462490079,0.01410434624900795
btc_hl_breakout_8m,0,0.06,0.2,0.03,0.3,360,random,0.07797926014741802,7.797926014741802,0.4375,16,-0.11919290529100368,-11.919290529100369,17.301027425925504,1.3962175829562942,8.802083333333334e-10,1.7720894678871748,10779.79260147418,0.07797926014741802
btc_hl_breakout_5m,0,0.015,0.04,0.03,0.25,5,random,0.006589964083635323,0.6589964083635322,0.4098360655737705,61,-0.08561379044495898,-8.561379044495897,2.9761782297353636,1.0259330789964183,1.8278688524590164e-10,0.06322453002855244,10065.899640836353,0.006589964083635323
btc_hl_breakout_5m,0,0.0125,0.045,0.0075,0.3,30,random,0.06020370624244574,6.020370624244574,0.4126984126984127,63,-0.09594557481929589,-9.594557481929588,15.160256427015403,1.2028014805134415,1.7037037037037035e-10,0.33687283687676933,10602.037062424457,0.06020370624244574
btc_hl_breakout_8m,0,0.025,0.08,0.05,0.25,10,random,0.05063914557979719,5.063914557979719,0.3157894736842105,38,-0.08886204211552629,-8.886204211552629,14.229878488566154,1.2251790301994745,3.263157894736842e-10,0.5698498151041042,10506.391455797972,0.05063914557979719
btc_hl_breakout_2m,0,0.0125,0.12,0.0075,0.3,180,random,0.094157922911966,9.415792291196599,0.38,50,-0.08799884068761066,-8.799884068761067,23.564792882022296,1.418369925285514,2.24e-10,0.63772326941807,10941.57922911966,0.094157922911966
btc_small_down_10m,0,0.005,0.04,0.03,0.25,45,random,-0.017838986036455073,-1.7838986036455073,0.30952380952380953,84,-0.07628644827528819,-7.628644827528818,-5.2103377032000235,0.9191446675789046,8.809523809523809e-11,-0.07495480197265895,9821.61013963545,-0.017838986036455073
btc_bullish,0,0.0125,0.035,0.05,0.4,360,random,0.03660117875557071,3.660117875557071,0.34177215189873417,79,-0.12487730209975267,-12.487730209975268,7.761898349086523,1.0707359230083018,1.5253164556962028e-10,0.14719928301223928,10366.011787555708,0.03660117875557071
btc_hl_breakout_7m,0,0.02,0.04,0.005,0.05,240,random,-0.0007286494353549187,-0.07286494353549187,0.33962264150943394,53,-0.024860940860639724,-2.4860940860639724,-0.8240831665270592,0.9858432830162185,2.210691823899371e-10,-0.021818397438910356,9992.71350564645,-0.0007286494353549187
btc_hl_breakout_9m,0,0.1,0.06,0.005,0.5,60,random,0.12762916085287915,12.762916085287914,0.5625,16,-0.1817699528461859,-18.17699528461859,17.757409873264375,1.3893502282867474,8.989583333333333e-10,1.7172151170045806,11276.29160852879,0.12762916085287915
btc_hl_breakout_4m,0,0.04,0.025,0.0125,0.3,480,random,0.07646814517205007,7.646814517205007,0.5909090909090909,44,-0.06805523209640174,-6.8055232096401745,19.546104532935374,1.2853971150643246,2.9545454545454544e-10,0.5937129281754024,10764.6814517205,0.07646814517205007
btc_hl_breakout_8m,0,0.08,0.045,0.02,0.25,60,random,0.05535133215645046,5.535133215645046,0.6190476190476191,21,-0.08097853592005189,-8.097853592005189,15.395907567931427,1.340610424888759,6.523809523809524e-10,1.0976017449463482,10553.513321564504,0.05535133215645046
btc_small_up_10m,0,0.0075,0.3,0.05,0.1,240,random,0.015123239678616483,1.5123239678616482,0.35714285714285715,56,-0.02872150699938858,-2.872150699938858,11.572889581682057,1.2219042308135466,1.3452380952380952e-10,0.27588315047115547,10151.232396786165,0.015123239678616483
btc_hl_breakout_7m,0,0.025,0.01,0.01,0.1,120,random,0.024080140630563403,2.4080140630563402,0.6338028169014085,71,-0.03220176801790664,-3.220176801790664,16.729437085067946,1.240938140108365,1.5492957746478874e-10,0.3438607973554542,10240.801406305634,0.024080140630563403
btc_hl_breakout_10m,0,0.02,0.035,0.05,0.05,240,random,0.0010952887011261112,0.10952887011261112,0.36538461538461536,52,-0.02283338172647087,-2.283338172647087,1.7679876736498226,1.0217856975734065,2.1602564102564104e-10,0.047890622165519425,10010.95288701126,0.0010952887011261112
btc_hl_breakout_8m,0,0.08,0.01,0.003,0.1,30,random,0.017776960742722576,1.7776960742722576,0.8095238095238095,42,-0.029985557867582613,-2.9985557867582613,12.515008220249966,1.2491276886206883,3.126984126984127e-10,0.4330221992380443,10177.769607427226,0.017776960742722576
btc_small_up_9m,0,0.01,0.15,0.0075,0.2,20,random,0.006853800171286457,0.6853800171286457,0.3191489361702128,47,-0.063940479885774,-6.3940479885774,3.6345994350426376,1.0558094314578343,1.7553191489361701e-10,0.08851120319620637,10068.538001712865,0.006853800171286457
btc_vol_breakout_10m,0,0.015,0.04,0.01,0.2,480,random,0.0284223850597803,2.84223850597803,0.40476190476190477,42,-0.04404184383821208,-4.4041843838212085,14.363109459244471,1.2286067194939103,1.7182539682539684e-10,0.3496570305992072,10284.223850597802,0.0284223850597803
btc_hl_breakout_1m,0,0.0125,0.2,0.0125,0.15,10,random,0.01774851650475332,1.7748516504753322,0.36,50,-0.05841901881820488,-5.841901881820489,9.34352140390795,1.1461275625741025,2.2099999999999999e-10,0.2544721173879003,10177.485165047534,0.01774851650475332
btc_vol_breakout_8m,0,0.015,0.035,0.003,0.3,15,random,0.049017010743148196,4.901701074314819,0.4222222222222222,45,-0.053709219842899336,-5.370921984289934,16.49470190923848,1.247347607936833,1.7111111111111113e-10,0.3769317154937436,10490.170107431482,0.049017010743148196
btc_small_down_10m,0,0.03,0.25,0.05,0.15,10,random,0.020976635136283447,2.0976635136283446,0.32,25,-0.05021793055245327,-5.021793055245327,10.573967093883581,1.2229859892447814,4.886666666666666e-10,0.6096434893818047,10209.766351362834,0.020976635136283447
btc_hl_breakout_2m,0,0.01,0.15,0.005,0.1,30,random,0.015439110272415258,1.5439110272415257,0.31666666666666665,60,-0.04056648712502531,-4.056648712502531,12.135140087050099,1.1914713193975484,1.7027777777777778e-10,0.2652165828947014,10154.391102724152,0.015439110272415258
btc_small_up_9m,0,0.0125,0.1,0.005,0.15,10,random,-0.01239855550602224,-1.239855550602224,0.3181818181818182,44,-0.0529446870862037,-5.29446870862037,-6.5100514558946605,0.8811145943184296,1.9696969696969698e-10,-0.1747960857578998,9876.014444939778,-0.01239855550602224
btc_vol_breakout_10m,0,0.08,0.1,0.0075,0.4,5,random,0.06135226010078318,6.135226010078318,0.5,14,-0.11875981241298927,-11.875981241298927,12.615207300438513,1.2674649349012075,8.523809523809524e-10,1.2407367765781363,10613.522601007831,0.06135226010078318
btc_vol_breakout_2m,0,0.015,0.01,0.02,0.4,20,random,-0.009994936797124819,-0.9994936797124818,0.5476190476190477,84,-0.12017272916299637,-12.017272916299637,-0.6658589210957132,0.9757336634913079,1.0238095238095239e-10,-0.010375988108509586,9900.050632028751,-0.009994936797124819
btc_hl_breakout_10m,0,0.1,0.06,0.02,0.5,480,random,0.09898625744983792,9.898625744983793,0.5333333333333333,15,-0.18176995284618458,-18.176995284618457,14.547415270426404,1.3098922831097928,9.466666666666667e-10,1.4871129992376042,10989.86257449838,0.09898625744983792
btc_hl_breakout_5m,0,0.1,0.025,0.0175,0.05,15,random,0.012276962500200744,1.2276962500200743,0.7407407407407407,27,-0.017286413837170778,-1.7286413837170778,16.67257720569603,1.3595533050187707,5.049382716049383e-10,0.9163508757153983,10122.769625002007,0.012276962500200744
btc_small_up_9m,0,0.0125,0.3,0.0075,0.4,60,random,-0.022280723822119354,-2.2280723822119355,0.30952380952380953,42,-0.13844688509195247,-13.844688509195247,-3.2966344188138694,0.9177440621974248,2.0793650793650793e-10,-0.0927575355136789,9777.192761778806,-0.022280723822119354
btc_hl_breakout_1m,0,0.035,0.05,0.0125,0.15,30,random,0.04398369424322445,4.398369424322445,0.45454545454545453,33,-0.04955965081921099,-4.955965081921098,21.444347989205763,1.418064638944263,4.0808080808080805e-10,0.8947254679104325,10439.836942432245,0.04398369424322445
btc_vol_breakout_10m,0,0.035,0.035,0.0175,0.2,120,random,0.053409975894732294,5.340997589473229,0.5161290322580645,31,-0.03957268608732467,-3.957268608732467,24.006046830251133,1.4574679580101084,3.220430107526882e-10,0.8636304465037338,10534.099758947323,0.053409975894732294
btc_hl_breakout_2m,0,0.1,0.025,0.02,0.25,30,random,0.07460592093781593,7.460592093781592,0.75,28,-0.07693585866020669,-7.693585866020669,20.574943774412706,1.4085804790219112,4.75e-10,1.0856840621469068,10746.05920937816,0.07460592093781593
btc_small_down_10m,0,0.035,0.035,0.0125,0.1,120,random,0.024278493567210842,2.4278493567210844,0.5294117647058824,34,-0.02075048548540226,-2.075048548540226,19.012170842844384,1.4069372625421326,3.3529411764705883e-10,0.7173825109727688,10242.784935672109,0.024278493567210842
btc_hl_breakout_7m,0,0.035,0.15,0.025,0.5,30,random,0.17440610502767623,17.440610502767623,0.34615384615384615,26,-0.16653608681011067,-16.653608681011068,22.87143762222917,1.4591324516043112,5.403846153846153e-10,1.420193819233157,11744.061050276763,0.17440610502767623
btc_hl_breakout_9m,0,0.005,0.06,0.03,0.1,720,random,0.0036556269053616463,0.36556269053616464,0.29347826086956524,92,-0.04902079760847711,-4.902079760847711,3.0464658192854603,1.0379310875511885,9.873188405797101e-11,0.045856561535094056,10036.556269053617,0.0036556269053616463
btc_vol_breakout_8m,0,0.02,0.035,0.035,0.3,360,random,0.010778542356124672,1.0778542356124672,0.35714285714285715,42,-0.0835448587289872,-8.35448587289872,4.330380743821642,1.048187638912561,2.011904761904762e-10,0.11053346291298399,10107.785423561247,0.010778542356124672
btc_hl_breakout_7m,0,0.04,0.035,0.035,0.2,60,random,0.05335820091440783,5.335820091440783,0.5128205128205128,39,-0.06910316345187617,-6.910316345187617,18.270079115440648,1.2928165355535213,3.3760683760683757e-10,0.6997177231597289,10533.582009144078,0.05335820091440783
btc_small_down_10m,0,0.08,0.035,0.0125,0.2,120,random,0.0478095975607338,4.78095975607338,0.6818181818181818,22,-0.06024278865894661,-6.0242788658946615,16.955295400080495,1.4339748342695942,5.515151515151516e-10,1.1036643751209476,10478.095975607339,0.0478095975607338
btc_small_down_10m,0,0.01,0.1,0.0125,0.4,1440,random,-0.025685016452842775,-2.5685016452842775,0.2857142857142857,63,-0.16807216825980975,-16.807216825980976,-3.352532943446002,0.9318419555242693,1.4841269841269843e-10,-0.07352098441313644,9743.149835471573,-0.025685016452842775
btc_small_up_10m,0,0.01,0.035,0.03,0.4,240,random,0.06264766886838538,6.264766886838538,0.3442622950819672,61,-0.11205786294111109,-11.205786294111109,13.020806271509985,1.186997039663822,1.2131147540983607e-10,0.28134862149621087,10626.476688683853,0.06264766886838538
btc_small_down_10m,0,0.005,0.03,0.05,0.2,120,random,0.008286409996954307,0.8286409996954307,0.3333333333333333,84,-0.05196856195723487,-5.196856195723488,4.240281713885629,1.0477272688056682,8.333333333333333e-11,0.05816750847028002,10082.864099969544,0.008286409996954307
btc_vol_breakout_3m,0,0.08,0.03,0.025,0.1,90,random,0.03641604800168596,3.6416048001685963,0.7241379310344828,29,-0.026297517447338326,-2.6297517447338326,24.869186041660534,1.5459012960021246,4.4540229885057473e-10,1.254713348400641,10364.160480016859,0.03641604800168596
btc_hl_breakout_1m,0,0.005,0.1,0.0075,0.05,20,random,-0.006778563372794718,-0.6778563372794718,0.30120481927710846,83,-0.022768611415338258,-2.276861141533826,-11.121609789671531,0.8462876467330551,1.0562248995983936e-10,-0.16168711023925283,9932.214366272054,-0.006778563372794718
btc_hl_breakout_1m,0,0.015,0.045,0.0075,0.25,480,random,-0.02019206969840152,-2.0192069698401522,0.38596491228070173,57,-0.09154104052412404,-9.154104052412404,-5.639054604637593,0.9148377745419862,1.8859649122807018e-10,-0.12299821409303736,9798.079303015984,-0.02019206969840152
btc_hl_breakout_5m,0,0.08,0.01,0.01,0.1,20,random,0.03439515084191377,3.4395150841913766,0.8409090909090909,44,-0.028594852757737654,-2.8594852757737654,23.927638321021178,1.5523886989497808,2.662878787878788e-10,0.7813055547901446,10343.951508419137,0.03439515084191377
btc_alt_aligned,0,0.01,0.3,0.0175,0.05,15,random,0.008413317195410462,0.8413317195410462,0.2987012987012987,77,-0.01782065056507831,-1.782065056507831,11.099821358600469,1.1674842368747833,1.7445887445887446e-10,0.22204078066896055,10084.133171954105,0.008413317195410462
btc_vol_breakout_9m,0,0.1,0.015,0.04,0.5,10,random,-0.038227637582690384,-3.8227637582690384,0.7666666666666667,30,-0.15681888007131484,-15.681888007131484,-4.614882460586341,0.8948171036719507,3.472222222222222e-10,-0.16861617435935713,9617.723624173097,-0.038227637582690384
btc_hl_breakout_3m,0,0.04,0.06,0.015,0.05,360,random,0.012802129659127906,1.2802129659127905,0.41935483870967744,31,-0.01763882738975686,-1.7638827389756861,18.466333751187026,1.3457456649427235,4.39247311827957e-10,0.8321061132205056,10128.02129659128,0.012802129659127906
btc_hl_breakout_10m,0,0.01,0.05,0.05,0.25,720,random,0.02971081182336425,2.971081182336425,0.352112676056338,71,-0.09009362027855816,-9.009362027855817,9.46444580199216,1.126344245945031,1.3873239436619717e-10,0.18394202711683524,10297.108118233642,0.02971081182336425
btc_vol_breakout_3m,0,0.1,0.08,0.04,0.25,360,random,0.05944570687415885,5.944570687415885,0.5,14,-0.08998039740583719,-8.99803974058372,16.331052437263434,1.4354632881127278,9.976190476190475e-10,1.768336177336808,10594.457068741589,0.05944570687415885
btc_hl_breakout_6m,0,0.03,0.2,0.003,0.4,720,random,0.007660411038133634,0.7660411038133634,0.25,28,-0.16699847701342718,-16.69984770134272,2.9986721525855575,1.024121129536798,4.839285714285714e-10,0.19453262047183006,10076.604110381337,0.007660411038133634
btc_vol_breakout_3m,0,0.015,0.12,0.01,0.25,480,random,0.022631999646277608,2.263199964627761,0.3333333333333333,42,-0.07872503743587778,-7.872503743587778,7.787779531319935,1.1234900235169007,2.3412698412698413e-10,0.2467897586840669,10226.319996462777,0.022631999646277608
btc_vol_breakout_10m,0,0.005,0.2,0.0125,0.05,10,random,-0.005599667306377057,-0.5599667306377057,0.2909090909090909,55,-0.013310194868820346,-1.3310194868820346,-10.759117289324267,0.8135733511986502,1.0757575757575757e-10,-0.20236641947770367,9944.00332693623,-0.005599667306377057
btc_alt_aligned,0,0.025,0.15,0.0125,0.15,120,random,0.0376869068038927,3.76869068038927,0.3076923076923077,39,-0.05305045345366399,-5.305045345366399,16.297746267266835,1.30195644292822,3.615384615384616e-10,0.6655132077879602,10376.869068038926,0.0376869068038927
btc_hl_breakout_9m,0,0.015,0.3,0.01,0.1,1440,random,0.013460578496812571,1.3460578496812572,0.3125,48,-0.04275612895083869,-4.275612895083869,9.295555468765615,1.1643572272208282,2.361111111111111e-10,0.2979655440809564,10134.605784968126,0.013460578496812571
btc_vol_breakout_3m,0,0.06,0.05,0.015,0.25,120,random,0.05783479371248131,5.783479371248132,0.5217391304347826,23,-0.07828268885987422,-7.828268885987422,16.375893358794272,1.3634949051348253,5.659420289855073e-10,1.0374498180732,10578.347937124814,0.05783479371248131
btc_small_down_10m,0,0.08,0.06,0.0075,0.3,5,random,0.08713125534975652,8.713125534975653,0.5882352941176471,17,-0.09597662327855283,-9.597662327855282,19.689040588546018,1.4895669924637334,7.294117647058824e-10,1.7528439735595203,10871.312553497566,0.08713125534975652
btc_hl_breakout_6m,0,0.04,0.02,0.003,0.3,120,random,0.027937640088402577,2.7937640088402578,0.6136363636363636,44,-0.08296493997399801,-8.2964939973998,8.096243967299241,1.1010618980463263,2.7424242424242423e-10,0.24303625024735417,10279.376400884026,0.027937640088402577
btc_alt_aligned,0,0.05,0.04,0.05,0.1,1440,random,0.02985806271192365,2.9858062711923647,0.5277777777777778,36,-0.03337832409920616,-3.337832409920616,19.377142619598718,1.3344513104125069,3.949074074074074e-10,0.8387383495513187,10298.580627119236,0.02985806271192365
btc_vol_breakout_9m,0,0.015,0.035,0.04,0.5,1440,random,0.07325208118084438,7.325208118084438,0.4186046511627907,43,-0.09261083538646908,-9.261083538646908,15.426929350417298,1.2190805760605217,1.7480620155038761e-10,0.36662144690254816,10732.520811808445,0.07325208118084438
btc_hl_breakout_1m,0,0.0075,0.06,0.03,0.25,90,random,0.018140635097393488,1.8140635097393487,0.3333333333333333,75,-0.08489243307701466,-8.489243307701466,6.679186839669176,1.0766364546750307,1.262222222222222e-10,0.11290562115884167,10181.406350973935,0.018140635097393488
btc_hl_breakout_9m,0,0.025,0.03,0.02,0.05,90,random,0.01298184002849049,1.298184002849049,0.44,50,-0.017320045018011765,-1.7320045018011765,17.689313323591225,1.2689246773700809,2.3733333333333334e-10,0.5230367568707048,10129.818400284905,0.01298184002849049
btc_hl_breakout_6m,0,0.035,0.02,0.03,0.1,30,random,0.013946369397784793,1.3946369397784792,0.6046511627906976,43,-0.028145250514331033,-2.8145250514331033,10.91567463272235,1.1682259834666264,2.810077519379845e-10,0.3333414267166633,10139.463693977848,0.013946369397784793
btc_vol_breakout_8m,0,0.06,0.04,0.035,0.5,60,random,0.04525164789087075,4.525164789087075,0.5925925925925926,27,-0.14382922242976115,-14.382922242976115,8.831984225195846,1.1108316200635577,4.351851851851852e-10,0.4284050466782131,10452.516478908707,0.04525164789087075
btc_vol_breakout_8m,0,0.05,0.06,0.025,0.1,10,random,0.0008035331795376124,0.08035331795376123,0.36363636363636365,22,-0.0341601390736882,-3.41601390736882,0.9979924450752126,1.0118766026472563,5.704545454545455e-10,0.06130981882407024,10008.035331795376,0.0008035331795376124
btc_hl_breakout_9m,0,0.0175,0.06,0.003,0.25,5,random,-0.006400051335583203,-0.6400051335583203,0.25,52,-0.13141949241392215,-13.141949241392215,-0.701537936032481,0.9749108574196002,2.217948717948718e-10,-0.015227265427888992,9935.999486644168,-0.006400051335583203
btc_small_down_10m,0,0.0125,0.045,0.003,0.3,480,random,0.01819336960212222,1.819336960212222,0.38596491228070173,57,-0.07872986100882817,-7.872986100882818,5.961224869439363,1.081088970951662,1.611111111111111e-10,0.12403330277325332,10181.933696021222,0.01819336960212222
btc_alt_aligned,0,0.015,0.25,0.0175,0.5,15,random,0.08474494587704239,8.474494587704239,0.3275862068965517,58,-0.17915939971627493,-17.91593997162749,12.695172977101711,1.1693653248825233,2.370689655172414e-10,0.3472944566427423,10847.449458770425,0.08474494587704239
btc_vol_breakout_9m,0,0.04,0.035,0.0175,0.1,240,random,0.02565336070627576,2.565336070627576,0.5161290322580645,31,-0.021566823093823517,-2.1566823093823517,22.817116900999725,1.4349948995209711,3.575268817204301e-10,0.8301793738957945,10256.533607062758,0.02565336070627576
btc_bullish,0,0.05,0.15,0.003,0.25,240,random,0.0897768307444741,8.977683074447409,0.3684210526315789,19,-0.07667166210430687,-7.667166210430687,23.236488820941588,1.7266279503909783,7.385964912280702e-10,1.9183827500572543,10897.768307444741,0.0897768307444741
btc_hl_breakout_3m,0,0.01,0.02,0.05,0.3,120,random,0.02682067686566952,2.682067686566952,0.3950617283950617,81,-0.09403846877262123,-9.403846877262122,8.180027141495684,1.0869450589594676,1.183127572016461e-10,0.12612746532161598,10268.206768656695,0.02682067686566952
btc_vol_breakout_2m,0,0.01,0.2,0.03,0.05,480,random,0.0015498664458602719,0.15498664458602718,0.296875,64,-0.01766017148927934,-1.7660171489279342,2.537708419570179,1.0368644159911435,1.6223958333333334e-10,0.05233778455428125,10015.498664458602,0.0015498664458602719
btc_hl_breakout_7m,0,0.025,0.05,0.04,0.4,240,random,0.044466362902137145,4.446636290213714,0.35555555555555557,45,-0.15639989941596644,-15.639989941596644,8.971709747257382,1.109380634161962,2.7e-10,0.30198143092595897,10444.663629021372,0.044466362902137145
btc_vol_breakout_8m,0,0.1,0.25,0.03,0.2,720,random,0.03973643141003229,3.9736431410032287,0.3,10,-0.07164023834508582,-7.164023834508582,14.39357070095932,1.322887098177,1.3716666666666666e-09,2.2185754459597162,10397.364314100323,0.03973643141003229
btc_small_down_10m,0,0.005,0.08,0.0075,0.1,60,random,0.0011988991087501745,0.11988991087501745,0.2891566265060241,83,-0.03741294468560241,-3.741294468560241,1.3201820875998662,1.0136894418554223,9.477911646586344e-11,0.020046038781427977,10011.988991087503,0.0011988991087501745
btc_vol_breakout_9m,0,0.03,0.25,0.0175,0.3,480,random,0.09336744865646793,9.336744865646793,0.3181818181818182,22,-0.06745557077082676,-6.745557077082676,25.02140241126756,1.623298523667805,5.189393939393939e-10,1.4701575156152396,10933.67448656468,0.09336744865646793
btc_hl_breakout_6m,0,0.0175,0.02,0.01,0.5,720,random,-0.1080161403019376,-10.80161403019376,0.39705882352941174,68,-0.23298386399129434,-23.298386399129434,-16.78378927853739,0.8177501676252119,1.5759803921568627e-10,-0.30211690854375706,8919.838596980624,-0.1080161403019376
btc_small_up_10m,0,0.06,0.015,0.035,0.25,90,random,0.050352843314723714,5.035284331472371,0.7222222222222222,36,-0.06739323612936132,-6.739323612936133,14.787382557066252,1.271206525259482,3.1574074074074073e-10,0.5818442561661026,10503.528433147238,0.050352843314723714
btc_hl_breakout_3m,0,0.035,0.12,0.05,0.25,720,random,0.0842191771926327,8.42191771926327,0.3076923076923077,26,-0.08107188580902114,-8.107188580902115,23.835994864442533,1.4899625591741985,5.358974358974359e-10,1.3315653038362683,10842.191771926327,0.0842191771926327
btc_hl_breakout_8m,0,0.03,0.15,0.04,0.3,720,random,0.07483656020909134,7.483656020909134,0.35714285714285715,28,-0.10034323760911135,-10.034323760911136,17.092291769207336,1.3503550353763092,4.696428571428571e-10,0.9409071652685758,10748.365602090913,0.07483656020909134
btc_hl_breakout_8m,0,0.04,0.06,0.015,0.4,10,random,0.10091853682019146,10.091853682019146,0.41935483870967744,31,-0.1428453820520954,-14.28453820520954,17.576417091764387,1.2857592692678343,4.3602150537634406e-10,0.8718914259151522,11009.185368201914,0.10091853682019146
btc_hl_breakout_10m,0,0.08,0.12,0.003,0.25,480,random,0.09414950358697124,9.414950358697125,0.5,14,-0.0754959032185647,-7.54959032185647,24.663135672205915,1.6486933431951316,1.0261904761904762e-09,2.7382420322342003,10941.495035869713,0.09414950358697124
btc_hl_breakout_6m,0,0.08,0.3,0.005,0.5,20,random,0.14429218330664745,14.429218330664744,0.4444444444444444,9,-0.15705056783200377,-15.705056783200376,19.10659103817064,1.6089032772423442,1.6037037037037038e-09,3.5872833105067614,11442.921833066473,0.14429218330664745
btc_bullish,0,0.0125,0.025,0.05,0.15,5,random,0.02121625063882366,2.121625063882366,0.36904761904761907,84,-0.04187395100809477,-4.187395100809477,10.128013837632974,1.117873331436727,1.4107142857142855e-10,0.1781742877387827,10212.162506388237,0.02121625063882366
btc_hl_breakout_1m,0,0.0125,0.045,0.0075,0.4,360,random,0.029915271084174855,2.9915271084174853,0.4098360655737705,61,-0.1360531445751123,-13.60531445751123,7.405515348006544,1.0792464283286667,1.7459016393442622e-10,0.15130451763341468,10299.152710841749,0.029915271084174855
btc_small_down_10m,0,0.01,0.025,0.005,0.4,45,random,0.10618303411574348,10.618303411574349,0.4084507042253521,71,-0.1165270121861296,-11.65270121861296,24.605031410276162,1.3044215855418928,1.068075117370892e-10,0.3760568621503541,11061.830341157434,0.10618303411574348
btc_hl_breakout_2m,0,0.08,0.03,0.0175,0.15,180,random,0.06412408531132542,6.4124085311325425,0.7333333333333333,30,-0.0351016458353689,-3.51016458353689,28.554845125496847,1.6355354932502282,4.4277777777777777e-10,1.4121608080543995,10641.240853113253,0.06412408531132542
btc_hl_breakout_1m,0,0.02,0.05,0.015,0.4,180,random,-0.013632609280950647,-1.3632609280950647,0.30434782608695654,46,-0.1514122904206382,-15.14122904206382,-1.2677321437227684,0.963036970693774,2.4963768115942027e-10,-0.028649466851767755,9863.673907190494,-0.013632609280950647
btc_vol_breakout_10m,0,0.0125,0.035,0.035,0.5,180,random,0.08994288259404612,8.994288259404613,0.38095238095238093,42,-0.08654133292601629,-8.654133292601628,18.470047510325276,1.2845993322356746,1.611111111111111e-10,0.4483305939441521,10899.42882594046,0.08994288259404612
btc_vol_breakout_10m,0,0.035,0.025,0.05,0.25,120,random,0.07587521156845264,7.5875211568452645,0.59375,32,-0.04769783070481637,-4.769783070481637,27.755399776549897,1.5614007957986187,3.026041666666667e-10,0.9406022973126356,10758.752115684527,0.07587521156845264
btc_small_down_10m,0,0.035,0.025,0.003,0.3,360,random,0.08559798771457236,8.559798771457237,0.6052631578947368,38,-0.05609570081448656,-5.6095700814486555,22.8849343285562,1.4158335402185616,2.675438596491228e-10,0.75335207513749,10855.979877145724,0.08559798771457236
btc_vol_breakout_2m,0,0.015,0.04,0.0075,0.4,180,random,0.018288295797946965,1.8288295797946965,0.4,60,-0.10912813436825519,-10.91281343682552,5.064385774738309,1.048468963063074,1.7694444444444445e-10,0.10560665230140111,10182.88295797947,0.018288295797946965
btc_bullish,0,0.0075,0.2,0.035,0.25,480,random,0.03950973025726535,3.950973025726535,0.32142857142857145,84,-0.07372095751787577,-7.372095751787578,11.403042113883629,1.152028514512974,1.4047619047619048e-10,0.20204373032882125,10395.097302572653,0.03950973025726535
btc_hl_breakout_5m,0,0.1,0.08,0.0075,0.2,180,random,0.05065368712650954,5.065368712650955,0.5625,16,-0.07592952582443402,-7.592952582443402,16.950780835928235,1.4116927768849143,8.989583333333333e-10,1.6312174032772715,10506.536871265096,0.05065368712650954
btc_hl_breakout_4m,0,0.05,0.02,0.035,0.25,90,random,0.031239117922639024,3.1239117922639026,0.6511627906976745,43,-0.07835392276569975,-7.835392276569975,10.148996998220126,1.131275010719811,2.7674418604651163e-10,0.31906049002009157,10312.39117922639,0.031239117922639024
btc_vol_breakout_10m,0,0.0075,0.2,0.04,0.25,20,random,-0.017356243103559883,-1.7356243103559883,0.2708333333333333,48,-0.05784090555886168,-5.784090555886168,-6.029763402883908,0.8820314541301002,1.3159722222222223e-10,-0.1338754427745304,9826.4375689644,-0.017356243103559883
btc_small_up_9m,0,0.0075,0.01,0.025,0.2,15,random,0.026976698852775666,2.6976698852775667,0.4492753623188406,69,-0.03664096227542757,-3.664096227542757,13.180545733837238,1.2050511344264119,9.227053140096618e-11,0.20256344547780725,10269.766988527757,0.026976698852775666
btc_hl_breakout_8m,0,0.01,0.025,0.003,0.3,10,random,0.047865008918642524,4.786500891864252,0.358974358974359,78,-0.10211150079811859,-10.211150079811858,12.542246399177408,1.1500661356052573,1.2051282051282053e-10,0.22181007813038303,10478.650089186425,0.047865008918642524
btc_hl_breakout_2m,0,0.0175,0.035,0.03,0.05,180,random,-0.0006003695577418796,-0.06003695577418796,0.375,56,-0.020528663585587137,-2.0528663585587137,-0.763995411103323,0.9874357710792667,2.0773809523809522e-10,-0.017202206197395962,9993.99630442258,-0.0006003695577418796
btc_hl_breakout_7m,0,0.02,0.06,0.0125,0.25,10,random,-0.005555053561222757,-0.5555053561222757,0.2765957446808511,47,-0.12539925874716917,-12.539925874716918,-0.5221867378593644,0.9784710208318256,2.489361702127659e-10,-0.010252087178996904,9944.449464387773,-0.005555053561222757
btc_hl_breakout_8m,0,0.0175,0.1,0.01,0.1,120,random,-0.007938299278141516,-0.7938299278141516,0.22916666666666666,48,-0.05331372374611543,-5.331372374611543,-5.102030087247271,0.9140806029901454,2.4375e-10,-0.1519194030645856,9920.617007218585,-0.007938299278141516
btc_vol_breakout_9m,0,0.025,0.02,0.015,0.1,20,random,0.03167000592215029,3.167000592215029,0.6052631578947368,38,-0.0163522774579149,-1.6352277457914899,29.92866461187989,1.5871275511357825,2.0789473684210526e-10,0.8298532968636051,10316.700059221503,0.03167000592215029
btc_small_up_9m,0,0.06,0.25,0.01,0.2,45,random,0.05651107743366676,5.651107743366676,0.46153846153846156,13,-0.06353491521324461,-6.353491521324461,18.745296427423376,1.5865708490093742,9.91025641025641e-10,2.2468266067228457,10565.110774336668,0.05651107743366676
btc_bullish,0,0.005,0.025,0.01,0.3,15,random,0.02751076167533397,2.7510761675333972,0.3445378151260504,119,-0.09031271861175372,-9.031271861175371,7.4664012633772465,1.0687901557975816,9.005602240896359e-11,0.0923992756227263,10275.10761675334,0.02751076167533397
btc_small_down_10m,0,0.0125,0.06,0.015,0.2,240,random,0.019969199205396693,1.9969199205396693,0.34545454545454546,55,-0.0593167792843492,-5.93167792843492,8.411250023945923,1.1327660280985563,1.5696969696969696e-10,0.19579780371275488,10199.691992053968,0.019969199205396693
btc_small_up_9m,0,0.1,0.045,0.03,0.25,480,random,0.08063722576967439,8.06372257696744,0.6842105263157895,19,-0.05619078706182101,-5.619078706182101,21.96780636226337,1.5723757098479874,6.912280701754386e-10,1.7116766240293093,10806.372257696745,0.08063722576967439
btc_small_up_10m,0,0.035,0.025,0.015,0.05,60,random,0.018722310145207074,1.8722310145207075,0.5641025641025641,39,-0.013541259183775356,-1.3541259183775356,25.850040949354483,1.544259273427715,2.739316239316239e-10,0.95909180461058,10187.223101452071,0.018722310145207074
btc_hl_breakout_1m,0,0.1,0.01,0.01,0.5,480,random,0.09725602030625623,9.725602030625623,0.8205128205128205,39,-0.1594013129404429,-15.94013129404429,14.726409348144932,1.2288792913351834,3.055555555555555e-10,0.5616902953992476,10972.560203062563,0.09725602030625623
btc_vol_breakout_2m,0,0.04,0.25,0.01,0.15,20,random,0.044766981039205594,4.476698103920559,0.3333333333333333,21,-0.05255666347576893,-5.255666347576893,20.66399723375004,1.5281299611601784,6.5e-10,1.4669903017382837,10447.669810392055,0.044766981039205594
btc_hl_breakout_5m,0,0.005,0.04,0.01,0.15,90,random,0.004023631306746825,0.4023631306746825,0.31521739130434784,92,-0.07301985481761286,-7.301985481761286,2.5633952662460957,1.0253631864004311,9.67391304347826e-11,0.038282779794672116,10040.236313067468,0.004023631306746825
btc_hl_breakout_4m,0,0.05,0.15,0.0075,0.5,720,random,0.09082011704677188,9.082011704677189,0.35,20,-0.17792841222108502,-17.792841222108503,14.214603130681672,1.2577482016300836,7.058333333333333e-10,1.0877310340805084,10908.201170467719,0.09082011704677188
btc_hl_breakout_9m,0,0.04,0.02,0.04,0.5,60,random,0.1689004719917234,16.89004719917234,0.6363636363636364,44,-0.1258918619695989,-12.58918619695989,23.301042823664307,1.3459349878755527,2.776515151515152e-10,0.775645559579812,11689.004719917233,0.1689004719917234
btc_alt_aligned,0,0.04,0.05,0.015,0.4,10,random,0.1258325761823217,12.58325761823217,0.4473684210526316,38,-0.11334248091878851,-11.334248091878852,20.877331439624616,1.308248132513267,3.706140350877193e-10,0.8567222276074824,11258.325761823216,0.1258325761823217
btc_hl_breakout_9m,0,0.0075,0.015,0.0175,0.05,480,random,0.0067139228195396295,0.6713922819539629,0.3548387096774194,93,-0.018698359184556312,-1.8698359184556312,9.849186239416913,1.1306942321938416,9.21146953405018e-11,0.14706565093845347,10067.139228195396,0.0067139228195396295
btc_hl_breakout_10m,0,0.1,0.15,0.05,0.4,15,random,0.0864201043523709,8.64201043523709,0.36363636363636365,11,-0.1475345998997768,-14.75345998997768,15.118316353401523,1.3703306956479702,1.309090909090909e-09,2.236087303681023,10864.20104352371,0.0864201043523709
btc_hl_breakout_5m,0,0.04,0.04,0.02,0.25,240,random,0.051608844602887435,5.160884460288743,0.4864864864864865,37,-0.07636516573223373,-7.636516573223373,15.711680458600842,1.2320900027267305,3.6306306306306306e-10,0.5845760439888023,10516.088446028874,0.051608844602887435
btc_hl_breakout_4m,0,0.035,0.025,0.015,0.05,360,random,0.012698450822280284,1.2698450822280283,0.5813953488372093,43,-0.011503308227914677,-1.1503308227914677,19.07622138206389,1.3157859483554786,3.058139534883721e-10,0.5933474556387639,10126.984508222802,0.012698450822280284
btc_vol_breakout_2m,0,0.05,0.08,0.02,0.25,20,random,0.039951223767571306,3.9951223767571307,0.38461538461538464,26,-0.08778000835602506,-8.778000835602507,12.084458853151059,1.2086161028268683,5.307692307692308e-10,0.6674315524756544,10399.512237675714,0.039951223767571306
btc_vol_breakout_8m,0,0.1,0.15,0.04,0.3,30,random,0.00498099417460503,0.498099417460503,0.3,10,-0.10600695452442466,-10.600695452442466,2.4161517347540618,1.031846714211442,1.3483333333333333e-09,0.3875058506685857,10049.80994174605,0.00498099417460503
btc_hl_breakout_9m,0,0.04,0.01,0.015,0.15,120,random,0.037722546455338304,3.7722546455338306,0.7068965517241379,58,-0.045299425460688214,-4.529942546068821,17.399245586133166,1.2876654091570319,2.1293103448275863e-10,0.44049703242530786,10377.225464553383,0.037722546455338304
btc_small_down_10m,0,0.05,0.025,0.02,0.25,15,random,0.055172749929029805,5.517274992902981,0.6857142857142857,35,-0.053344809551528316,-5.334480955152832,18.251107705569577,1.3019046585021723,3e-10,0.6473378131736591,10551.727499290299,0.055172749929029805
btc_hl_breakout_5m,0,0.01,0.015,0.04,0.1,90,random,0.01680160756625129,1.6801607566251289,0.3953488372093023,86,-0.03394594180759347,-3.394594180759347,12.294182743949827,1.1618823210833396,1.0678294573643411e-10,0.20055081913729886,10168.016075662514,0.01680160756625129
btc_hl_breakout_7m,0,0.035,0.025,0.0125,0.5,480,random,0.16781532421071033,16.781532421071034,0.5853658536585366,41,-0.14044963055768833,-14.044963055768832,23.062560714294058,1.3548404868175021,3.2113821138211383e-10,0.8272090197236002,11678.153242107102,0.16781532421071033
btc_vol_breakout_2m,0,0.005,0.1,0.05,0.5,480,random,-0.019801467798567136,-1.9801467798567136,0.3333333333333333,87,-0.1632711603745648,-16.32711603745648,-1.4457128066676495,0.9581400180266986,1.0402298850574712e-10,-0.01981343413709468,9801.985322014329,-0.019801467798567136
btc_hl_breakout_2m,0,0.03,0.06,0.035,0.15,5,random,0.01618332359949302,1.618332359949302,0.3611111111111111,36,-0.05376234612229713,-5.376234612229713,8.578741993460788,1.1323866887196656,3.722222222222222e-10,0.32221374180741325,10161.83323599493,0.01618332359949302
btc_hl_breakout_4m,0,0.01,0.15,0.05,0.2,720,random,0.03222073404262976,3.222073404262976,0.3275862068965517,58,-0.05859103672562682,-5.859103672562682,12.853907303703732,1.2125045471063494,1.8189655172413794e-10,0.29094382750527165,10322.207340426297,0.03222073404262976
btc_hl_breakout_8m,0,0.0175,0.01,0.0075,0.1,360,random,-0.012519550358570405,-1.2519550358570406,0.5125,80,-0.05074459495590966,-5.0744594955909665,-8.870522963332096,0.8917990068272773,1.2395833333333333e-10,-0.15079900963085335,9874.804496414295,-0.012519550358570405
btc_hl_breakout_10m,0,0.035,0.04,0.01,0.3,720,random,0.08474310487573061,8.474310487573062,0.4473684210526316,38,-0.09606983787084666,-9.606983787084665,19.29708964882762,1.3054650930567506,3.4385964912280705e-10,0.7681834149584805,10847.431048757306,0.08474310487573061
btc_hl_breakout_2m,0,0.0075,0.25,0.035,0.15,240,random,0.00391474736901705,0.39147473690170503,0.3188405797101449,69,-0.060844490035377286,-6.0844490035377286,2.5654818518505733,1.0284097207037166,1.4033816425120772e-10,0.04880539783729214,10039.147473690171,0.00391474736901705
btc_hl_breakout_7m,0,0.0175,0.06,0.0125,0.15,20,random,-0.006192517738914307,-0.6192517738914307,0.2692307692307692,52,-0.08301052907863515,-8.301052907863514,-2.203630089779593,0.9588754699874732,2.2403846153846154e-10,-0.05913729738972795,9938.074822610857,-0.006192517738914307
btc_hl_breakout_8m,0,0.1,0.045,0.03,0.5,240,random,0.0855344352430493,8.55344352430493,0.65,20,-0.18176995284618414,-18.176995284618414,12.988047952186651,1.2362173342909326,7e-10,0.9858827447245845,10855.344352430493,0.0855344352430493
btc_bullish,0,0.0075,0.06,0.0175,0.4,60,random,0.07923015433910882,7.923015433910882,0.3225806451612903,93,-0.10729929687015294,-10.729929687015293,14.669011084149956,1.1665046980583742,1.2401433691756272e-10,0.23279622598282607,10792.301543391088,0.07923015433910882
btc_hl_breakout_7m,0,0.03,0.01,0.025,0.5,90,random,0.07441490263744818,7.441490263744818,0.65625,64,-0.19672489086428646,-19.672489086428648,12.168947435546492,1.1319802148643225,1.7994791666666668e-10,0.2688369695686185,10744.149026374482,0.07441490263744818
btc_hl_breakout_2m,0,0.0125,0.06,0.01,0.4,240,random,0.10444542021911693,10.444542021911692,0.38596491228070173,57,-0.11579098131798948,-11.579098131798949,20.288385181180562,1.303363028829447,1.9415204678362575e-10,0.47472074173403533,11044.45420219117,0.10444542021911693
btc_alt_aligned,0,0.0175,0.045,0.0125,0.4,90,random,0.0038986783077770725,0.38986783077770726,0.3230769230769231,65,-0.14789465380157718,-14.789465380157718,2.404695682582457,1.0084982067913923,2.0974358974358974e-10,0.053131796539133656,10038.986783077771,0.0038986783077770725
btc_vol_breakout_9m,0,0.04,0.15,0.03,0.5,45,random,0.1232716562006779,12.32716562006779,0.3684210526315789,19,-0.10274176944317326,-10.274176944317325,21.1289764898883,1.5379995627785426,6.640350877192983e-10,1.3850604875457089,11232.716562006779,0.1232716562006779
btc_vol_breakout_9m,0,0.0075,0.15,0.005,0.15,120,random,-0.0005597066589947872,-0.05597066589947872,0.2978723404255319,47,-0.028727184438924747,-2.8727184438924747,0.07686730597544468,0.9928917167200777,1.4361702127659575e-10,-0.0010675362604600392,9994.402933410052,-0.0005597066589947872
btc_hl_breakout_2m,0,0.005,0.015,0.035,0.3,20,random,-0.05025381706852304,-5.025381706852304,0.29896907216494845,97,-0.13581457631437976,-13.581457631437976,-13.692389457305126,0.8381488007879,7.938144329896907e-11,-0.1649427688256732,9497.461829314769,-0.05025381706852304
btc_hl_breakout_5m,0,0.05,0.25,0.04,0.5,180,random,0.06706760342240468,6.706760342240468,0.2777777777777778,18,-0.19270733245331595,-19.270733245331595,11.08244544154359,1.1890688950878925,7.824074074074073e-10,1.0132216044231195,10670.676034224047,0.06706760342240468
btc_hl_breakout_10m,0,0.08,0.025,0.02,0.25,15,random,0.06555414503942056,6.555414503942056,0.7142857142857143,28,-0.07101749936954327,-7.101749936954327,18.321325747335315,1.3802733852543123,4.809523809523809e-10,0.9568603336551202,10655.541450394205,0.06555414503942056
btc_hl_breakout_4m,0,0.03,0.06,0.02,0.25,60,random,0.058189278477538936,5.818927847753893,0.3783783783783784,37,-0.07077076632350998,-7.077076632350998,17.198531916724082,1.270754479343776,3.6306306306306306e-10,0.6573744771131977,10581.89278477539,0.058189278477538936
btc_hl_breakout_5m,0,0.0125,0.25,0.035,0.4,10,random,0.09636326528745294,9.636326528745293,0.36,50,-0.1392819264048213,-13.928192640482129,17.27114824886821,1.2750634963060368,2.2233333333333334e-10,0.5165005718112782,10963.63265287453,0.09636326528745294
btc_hl_breakout_2m,0,0.01,0.03,0.003,0.3,180,random,0.05637332190306665,5.637332190306665,0.3684210526315789,76,-0.0983425786468628,-9.834257864686279,15.82085451460468,1.1807223452954279,1.2478070175438597e-10,0.26068345248022806,10563.733219030666,0.05637332190306665
btc_hl_breakout_1m,0,0.0125,0.025,0.02,0.05,720,random,0.006882876023715909,0.6882876023715909,0.42028985507246375,69,-0.015818382322833946,-1.5818382322833946,11.05474679030007,1.147297470527956,1.4589371980676327e-10,0.20241917715501287,10068.828760237158,0.006882876023715909
btc_small_up_10m,0,0.0175,0.035,0.03,0.25,60,random,0.004611144842227305,0.46111448422273044,0.3333333333333333,54,-0.09367654858525043,-9.367654858525043,2.341723023556108,1.01941036752078,1.632716049382716e-10,0.05853734299801093,10046.111448422273,0.004611144842227305
btc_small_down_10m,0,0.025,0.02,0.01,0.5,1440,random,0.09150024319385239,9.150024319385238,0.5319148936170213,47,-0.11407976028381717,-11.407976028381716,15.990092009761288,1.2142473042154631,1.875886524822695e-10,0.41866145857438286,10915.002431938523,0.09150024319385239
btc_hl_breakout_3m,0,0.04,0.08,0.005,0.4,360,random,0.08617556280874114,8.617556280874114,0.39285714285714285,28,-0.1341571802003132,-13.41571802003132,16.521997456389297,1.280778145499516,4.815476190476191e-10,0.8285201512222173,10861.755628087412,0.08617556280874114
btc_vol_breakout_3m,0,0.0175,0.3,0.0075,0.5,480,random,-0.04374480227822569,-4.374480227822569,0.24324324324324326,37,-0.18894159933811072,-18.89415993381107,-5.04546192301183,0.8772031221777443,2.8558558558558563e-10,-0.1714061870198274,9562.551977217743,-0.04374480227822569
btc_small_up_9m,0,0.025,0.035,0.03,0.2,720,random,0.02360582974315423,2.360582974315423,0.40476190476190477,42,-0.053450809292148516,-5.345080929214852,10.232444386542465,1.1524851953862636,2.4325396825396826e-10,0.2982976054650674,10236.058297431542,0.02360582974315423
btc_hl_breakout_4m,0,0.035,0.08,0.0075,0.2,45,random,0.04868753129259517,4.868753129259517,0.4,30,-0.061653826691064784,-6.165382669106478,17.755254182648713,1.3588610245100738,4.555555555555555e-10,0.8331278530352468,10486.875312925951,0.04868753129259517
btc_vol_breakout_10m,0,0.005,0.08,0.005,0.2,360,random,-0.01783759958106468,-1.7837599581064683,0.2857142857142857,56,-0.04781192041403215,-4.781192041403215,-8.307559537320651,0.8545028571552454,1.0446428571428572e-10,-0.15151988835913496,9821.624004189352,-0.01783759958106468
btc_vol_breakout_8m,0,0.0075,0.03,0.05,0.15,720,random,0.008672620113485255,0.8672620113485254,0.35185185185185186,54,-0.028963395569810202,-2.89633955698102,6.308384716794327,1.0944709241924062,1.197530864197531e-10,0.11456221834146721,10086.726201134852,0.008672620113485255
btc_hl_breakout_10m,0,0.0075,0.15,0.035,0.5,5,random,0.02661123457066933,2.6611234570669327,0.3,70,-0.18051318979079956,-18.051318979079955,5.7475849622107775,1.0538524989482636,1.4071428571428572e-10,0.11485098125875028,10266.112345706693,0.02661123457066933
btc_vol_breakout_10m,0,0.05,0.025,0.0175,0.05,60,random,0.009795679699998118,0.9795679699998119,0.6333333333333333,30,-0.009984751841806694,-0.9984751841806694,17.768129184229455,1.3270823196137584,3.311111111111111e-10,0.6568558651097558,10097.95679699998,0.009795679699998118
btc_small_up_10m,0,0.01,0.045,0.04,0.2,30,random,0.04432282418000575,4.432282418000575,0.3559322033898305,59,-0.048002433285280754,-4.800243328528076,17.359059672639464,1.2973213145840345,1.2740112994350283e-10,0.3840696946646115,10443.228241800058,0.04432282418000575
btc_small_up_9m,0,0.08,0.04,0.02,0.25,480,random,0.09361918652073924,9.361918652073923,0.68,25,-0.06193767575815201,-6.193767575815201,25.35356843389651,1.531971591792583,4.713333333333334e-10,1.49891884807419,10936.191865207393,0.09361918652073924
btc_vol_breakout_8m,0,0.01,0.08,0.02,0.25,5,random,0.00972111085811921,0.972111085811921,0.2708333333333333,48,-0.053165820906513006,-5.3165820906513,4.516754536113868,1.0673063192925678,1.53125e-10,0.09658117295218911,10097.211108581192,0.00972111085811921
btc_vol_breakout_9m,0,0.02,0.2,0.005,0.3,180,random,-0.010248335413401765,-1.0248335413401766,0.2727272727272727,33,-0.11893555578820325,-11.893555578820326,-1.9628405955330146,0.9447167331380242,2.787878787878788e-10,-0.06625359836192543,9897.516645865982,-0.010248335413401765
btc_vol_breakout_9m,0,0.1,0.035,0.003,0.5,360,random,0.0278250657065033,2.78250657065033,0.6818181818181818,22,-0.157925347684036,-15.792534768403598,6.165952326659273,1.0743238176552221,5.803030303030304e-10,0.38724296478745296,10278.250657065033,0.0278250657065033
btc_bullish,0,0.0075,0.01,0.025,0.25,10,random,0.02527453273054284,2.527453273054284,0.43846153846153846,130,-0.0687364199228866,-6.873641992288659,7.913156290650737,1.073764076729205,8.051282051282051e-11,0.08886475719995097,10252.745327305429,0.02527453273054284
btc_vol_breakout_9m,0,0.02,0.04,0.01,0.4,120,random,0.0010402287717972286,0.10402287717972286,0.325,40,-0.1260871629220236,-12.60871629220236,1.465732722705463,1.0035033341440789,2.1083333333333333e-10,0.041339381741950544,10010.402287717972,0.0010402287717972286
btc_hl_breakout_7m,0,0.0175,0.045,0.01,0.2,60,random,-0.026453586136409878,-2.6453586136409877,0.3392857142857143,56,-0.10498489186108328,-10.498489186108328,-8.897606410436635,0.8710357738980491,2.074404761904762e-10,-0.22029444280356908,9735.464138635902,-0.026453586136409878
btc_vol_breakout_2m,0,0.025,0.04,0.025,0.4,10,random,0.0329992683035543,3.29992683035543,0.40425531914893614,47,-0.12860678173789875,-12.860678173789875,7.6428132982273365,1.0885912551465637,2.5638297872340424e-10,0.21375193468604037,10329.992683035543,0.0329992683035543
btc_bullish,0,0.03,0.2,0.0125,0.2,360,random,0.06323140489518221,6.323140489518221,0.36666666666666664,30,-0.05335869164814344,-5.335869164814344,20.540067427547633,1.4207240768120049,4.555555555555555e-10,1.0954560682662255,10632.314048951823,0.06323140489518221
btc_hl_breakout_2m,0,0.02,0.025,0.05,0.25,90,random,-0.020210691405729266,-2.0210691405729264,0.38596491228070173,57,-0.09915146767698824,-9.915146767698824,-5.750228123589517,0.9226599762907861,1.8859649122807018e-10,-0.12279276556334433,9797.893085942707,-0.020210691405729266
btc_hl_breakout_3m,0,0.025,0.06,0.01,0.4,15,random,0.06976320319854344,6.976320319854344,0.34146341463414637,41,-0.13675741624884818,-13.675741624884818,13.89229569557561,1.181238047738451,3.0284552845528455e-10,0.4753391832530684,10697.632031985435,0.06976320319854344
btc_hl_breakout_2m,0,0.0125,0.06,0.0125,0.2,90,random,0.053216249768627606,5.32162497686276,0.38596491228070173,57,-0.05944945610305763,-5.944945610305763,20.268021185242738,1.3290007962635264,1.9415204678362575e-10,0.47472074173403866,10532.162497686277,0.053216249768627606
btc_small_down_10m,0,0.035,0.045,0.005,0.05,240,random,0.005948276299114718,0.5948276299114718,0.4,30,-0.01318577403568244,-1.318577403568244,9.215557931817663,1.1971587111022093,3.805555555555555e-10,0.40229044681808723,10059.482762991147,0.005948276299114718
btc_hl_breakout_6m,0,0.0075,0.045,0.03,0.05,240,random,-0.0023306105983105906,-0.23306105983105907,0.30864197530864196,81,-0.023917440853177485,-2.3917440853177485,-3.1941054229866865,0.9547577664141144,1.2139917695473251e-10,-0.05428977997116763,9976.693894016895,-0.0023306105983105906
btc_small_down_10m,0,0.02,0.12,0.04,0.2,10,random,-0.01937049130495743,-1.9370491304957431,0.28205128205128205,39,-0.0777235407363378,-7.77235407363378,-6.830572260563991,0.8719978246088409,2.8076923076923075e-10,-0.2256785911326839,9806.295086950426,-0.01937049130495743
btc_vol_breakout_9m,0,0.035,0.1,0.015,0.1,60,random,0.03543676948337506,3.5436769483375063,0.391304347826087,23,-0.020688790425680614,-2.0688790425680614,28.254811424107046,1.8180310858062634,5.217391304347826e-10,1.5372260400435058,10354.36769483375,0.03543676948337506
btc_vol_breakout_3m,0,0.035,0.045,0.03,0.5,240,random,0.0865007241970141,8.65007241970141,0.42424242424242425,33,-0.1575075926131394,-15.75075926131394,14.189009227514033,1.2182774177109783,3.8333333333333335e-10,0.5814342626804068,10865.007241970141,0.0865007241970141
btc_small_up_9m,0,0.0125,0.035,0.02,0.25,720,random,-0.008856285980600887,-0.8856285980600888,0.36538461538461536,52,-0.07285211081625353,-7.285211081625354,-2.2547714646246413,0.9545207526169999,1.5416666666666668e-10,-0.05095934031494723,9911.437140193992,-0.008856285980600887
btc_vol_breakout_10m,0,0.005,0.3,0.0175,0.05,720,random,-0.005599667306377057,-0.5599667306377057,0.2909090909090909,55,-0.013310194868820346,-1.3310194868820346,-10.759117289324267,0.8135733511986502,1.0757575757575757e-10,-0.20236641947770367,9944.00332693623,-0.005599667306377057
btc_hl_breakout_7m,0,0.08,0.12,0.05,0.05,30,random,0.02227796440802482,2.227796440802482,0.4666666666666667,15,-0.01544739803331363,-1.544739803331363,28.672778506838313,1.7438953499710574,9.6e-10,2.976065200904253,10222.779644080249,0.02227796440802482
btc_small_down_10m,0,0.1,0.04,0.04,0.25,240,random,0.028229200810053635,2.8229200810053636,0.65,20,-0.08515415806610838,-8.515415806610838,8.784921914923677,1.1777132963339585,6.2e-10,0.6218269229841862,10282.292008100536,0.028229200810053635
btc_small_down_10m,0,0.0125,0.05,0.01,0.1,30,random,0.004605669611814369,0.46056696118143686,0.38596491228070173,57,-0.029258164159344013,-2.9258164159344013,4.086350296262538,1.0634735809265319,1.584795321637427e-10,0.08682972534872226,10046.056696118143,0.004605669611814369
btc_small_up_10m,0,0.005,0.25,0.035,0.05,120,random,0.007449262582186213,0.7449262582186214,0.3870967741935484,62,-0.01386183514673811,-1.386183514673811,11.332247324252728,1.2243632410369352,1.1344086021505377e-10,0.24285748105085087,10074.492625821862,0.007449262582186213
btc_small_up_10m,0,0.0125,0.15,0.015,0.1,5,random,0.012005301962430473,1.2005301962430472,0.3191489361702128,47,-0.033907471146732315,-3.3907471146732315,9.053705950367174,1.1608553851510255,1.8333333333333332e-10,0.2673717095238894,10120.053019624305,0.012005301962430473
btc_vol_breakout_2m,0,0.08,0.04,0.04,0.1,360,random,0.02725041179255895,2.725041179255895,0.6666666666666666,24,-0.02952719581365959,-2.952719581365959,18.50403075510982,1.422033556508441,5.625e-10,1.1465999378344196,10272.50411792559,0.02725041179255895
btc_hl_breakout_1m,0,0.08,0.08,0.0125,0.25,30,random,0.08268731556316233,8.268731556316233,0.5294117647058824,17,-0.07541534607123423,-7.541534607123424,22.018696777677086,1.5295574015593254,7.96078431372549e-10,1.975167294786322,10826.873155631623,0.08268731556316233
btc_hl_breakout_8m,0,0.05,0.025,0.0075,0.3,10,random,0.06523700927234204,6.523700927234204,0.6216216216216216,37,-0.09262113122316284,-9.262113122316284,15.552302466757697,1.2394763637772743,3.5495495495495495e-10,0.6203119056509455,10652.37009272342,0.06523700927234204
btc_hl_breakout_3m,0,0.0125,0.05,0.05,0.1,45,random,0.025725460050684056,2.5725460050684057,0.42105263157894735,57,-0.028803136439776833,-2.8803136439776833,19.995891209214605,1.3248103418323078,1.8801169590643277e-10,0.4558725625552509,10257.25460050684,0.025725460050684056
btc_hl_breakout_7m,0,0.0075,0.3,0.05,0.25,10,random,0.0209364581009419,2.09364581009419,0.2916666666666667,72,-0.10880761175170739,-10.88076117517074,6.742323940847663,1.085327371671755,1.4375e-10,0.13510159204986386,10209.364581009419,0.0209364581009419
btc_hl_breakout_9m,0,0.0075,0.3,0.025,0.25,480,random,0.03464483125315196,3.464483125315196,0.29411764705882354,68,-0.09826118922991434,-9.826118922991434,10.522978289795466,1.1535128284974283,1.426470588235294e-10,0.22098494512102934,10346.44831253152,0.03464483125315196
btc_small_up_9m,0,0.005,0.08,0.02,0.2,120,random,0.013443351591711257,1.3443351591711257,0.3620689655172414,58,-0.04978658076282738,-4.978658076282738,6.652079128987923,1.1094662937364466,1.2155172413793105e-10,0.1262978892961509,10134.433515917113,0.013443351591711257
btc_hl_breakout_7m,0,0.08,0.015,0.0175,0.2,30,random,0.06037017017267879,6.037017017267879,0.8,35,-0.059993084456577805,-5.99930844565778,20.705417764061252,1.4509728790066787,3.60952380952381e-10,0.8696659667181774,10603.701701726788,0.06037017017267879
btc_vol_breakout_10m,0,0.04,0.015,0.04,0.2,720,random,0.022832014346427697,2.28320143464277,0.625,40,-0.04661468225957821,-4.661468225957821,11.06901746422996,1.1750121147952435,2.4416666666666665e-10,0.2992137552116545,10228.320143464276,0.022832014346427697
btc_hl_breakout_6m,0,0.08,0.25,0.005,0.25,480,random,0.07784172648209874,7.784172648209873,0.36363636363636365,11,-0.08375231478782685,-8.375231478782686,19.9626188751542,1.5797649392249775,1.309090909090909e-09,2.9991087379138026,10778.417264820988,0.07784172648209874
btc_vol_breakout_2m,0,0.015,0.12,0.0125,0.1,45,random,0.010022411953818073,1.0022411953818073,0.3,50,-0.03521251710244855,-3.521251710244855,7.751713814262112,1.1271577056269306,2.1900000000000002e-10,0.21245334031641017,10100.224119538181,0.010022411953818073
btc_alt_aligned,0,0.02,0.035,0.02,0.15,120,random,0.015618009669100184,1.5618009669100184,0.36363636363636365,66,-0.05761251951619073,-5.761251951619073,7.382919013244105,1.0829659005778238,2.068181818181818e-10,0.17312264515504663,10156.180096691001,0.015618009669100184
btc_vol_breakout_3m,0,0.02,0.025,0.0075,0.2,240,random,0.001948568031312925,0.1948568031312925,0.4166666666666667,48,-0.057732338981484776,-5.773233898148478,1.5150416477842943,1.0112736905452435,2.0243055555555558e-10,0.03827691441834029,10019.48568031313,0.001948568031312925
btc_hl_breakout_9m,0,0.035,0.035,0.003,0.25,240,random,0.07840002675533847,7.840002675533847,0.5128205128205128,39,-0.07401349846100924,-7.401349846100924,21.279979326642763,1.3528356059095201,3.341880341880342e-10,0.8139665319981676,10784.000267553385,0.07840002675533847
btc_hl_breakout_6m,0,0.08,0.02,0.003,0.5,15,random,0.1348345543322248,13.48345543322248,0.7586206896551724,29,-0.13860997386914675,-13.860997386914676,19.336256681742466,1.3787222198370161,4.408045977011494e-10,0.9641908837951626,11348.345543322248,0.1348345543322248
btc_hl_breakout_3m,0,0.015,0.045,0.035,0.05,1440,random,-0.0006663102608778218,-0.06663102608778218,0.4074074074074074,54,-0.013866832172982235,-1.3866832172982235,-0.9298958233355861,0.9840401294792239,2.0864197530864197e-10,-0.021003124777754244,9993.336897391222,-0.0006663102608778218
btc_small_up_9m,0,0.005,0.015,0.0175,0.4,15,random,0.02288474840352296,2.288474840352296,0.36619718309859156,71,-0.07840195594725585,-7.840195594725586,6.559046050136856,1.0816482333525856,8.873239436619719e-11,0.0982191254102503,10228.84748403523,0.02288474840352296
btc_hl_breakout_9m,0,0.01,0.04,0.04,0.5,720,random,0.07989975859925899,7.989975859925899,0.3466666666666667,75,-0.17761765772042348,-17.76176577204235,12.99610690963173,1.1453271835530114,1.3333333333333334e-10,0.24333259084464645,10798.99758599259,0.07989975859925899
btc_vol_breakout_9m,0,0.02,0.06,0.035,0.05,15,random,0.0004087750232767291,0.04087750232767291,0.2777777777777778,36,-0.01726072576923343,-1.7260725769233431,0.9272750953282608,1.0129092285091046,2.398148148148148e-10,0.02784717574013109,10004.087750232768,0.0004087750232767291
btc_hl_breakout_4m,0,0.01,0.01,0.03,0.25,180,random,0.04037290052764975,4.037290052764975,0.5164835164835165,91,-0.06086844727648222,-6.086844727648222,14.065544917450913,1.175761884290433,9.285714285714285e-11,0.1855957124677328,10403.729005276498,0.04037290052764975
btc_hl_breakout_9m,0,0.08,0.01,0.035,0.15,720,random,0.03416511034933101,3.4165110349331007,0.813953488372093,43,-0.04492680464055143,-4.492680464055143,15.815745084083307,1.3117605946795639,3.069767441860465e-10,0.5410161148059666,10341.65110349331,0.03416511034933101
btc_small_up_9m,0,0.0125,0.01,0.0175,0.25,120,random,-0.0065686404860955915,-0.6568640486095592,0.49206349206349204,63,-0.05862102329824759,-5.862102329824759,-1.656979354591668,0.9659760401778751,1.1349206349206349e-10,-0.028058434496467586,9934.313595139043,-0.0065686404860955915
btc_hl_breakout_8m,0,0.035,0.04,0.0075,0.05,480,random,0.013438981002699035,1.3438981002699035,0.4473684210526316,38,-0.01749383846275232,-1.749383846275232,17.87228421829971,1.321669136574256,3.473684210526316e-10,0.7121695247516251,10134.38981002699,0.013438981002699035
btc_hl_breakout_1m,0,0.0125,0.03,0.003,0.15,360,random,0.023166498100965896,2.3166498100965898,0.40298507462686567,67,-0.04685265143602624,-4.685265143602624,12.614730337047117,1.1571027456738072,1.54228855721393e-10,0.23909497507289745,10231.664981009659,0.023166498100965896
btc_small_up_10m,0,0.05,0.015,0.025,0.25,90,random,0.055249236168848075,5.5249236168848075,0.6585365853658537,41,-0.07658514852640508,-7.658514852640508,15.670897163209768,1.2554300171085853,2.7764227642276424e-10,0.5631483383413474,10552.49236168848,0.055249236168848075
btc_hl_breakout_2m,0,0.0125,0.1,0.04,0.3,10,random,0.09500572472405802,9.500572472405802,0.37254901960784315,51,-0.08799884068761121,-8.799884068761122,23.754787968574238,1.4106715978593705,2.1862745098039216e-10,0.6310719103482926,10950.05724724058,0.09500572472405802
btc_vol_breakout_10m,0,0.03,0.045,0.025,0.2,30,random,0.02853505442906262,2.853505442906262,0.4,30,-0.043790681476905235,-4.379068147690523,13.2145548978967,1.2504318607030886,3.0833333333333335e-10,0.49153710660100847,10285.350544290626,0.02853505442906262
btc_hl_breakout_2m,0,0.1,0.045,0.035,0.05,30,random,0.014904090728729226,1.4904090728729227,0.6818181818181818,22,-0.01825622794157966,-1.8256227941579661,19.688711412752525,1.4332276931836665,6.272727272727272e-10,1.3630970152505946,10149.040907287292,0.014904090728729226
btc_vol_breakout_8m,0,0.03,0.3,0.01,0.05,60,random,0.011478902356886693,1.1478902356886693,0.3181818181818182,22,-0.01363222133210451,-1.363222133210451,17.75410329040953,1.5022854327064001,5.409090909090909e-10,1.0527646299784805,10114.789023568866,0.011478902356886693
btc_alt_aligned,0,0.05,0.045,0.03,0.3,15,random,0.09373860616866354,9.373860616866354,0.5142857142857142,35,-0.09656943459175416,-9.656943459175416,20.555897570412498,1.3229767822101253,4.076190476190476e-10,0.9195795069065995,10937.386061686635,0.09373860616866354
btc_bullish,0,0.005,0.2,0.05,0.4,360,random,0.04468449214881461,4.468449214881462,0.34,100,-0.12348647411667668,-12.348647411667669,9.066383398869958,1.1012606772393256,1.1233333333333333e-10,0.1315157739104538,10446.844921488146,0.04468449214881461
btc_hl_breakout_2m,0,0.0075,0.06,0.01,0.05,360,random,0.0012198443821054867,0.12198443821054866,0.32894736842105265,76,-0.020110622269502332,-2.011062226950233,2.086154110910826,1.026253019464096,1.2412280701754386e-10,0.03519789882361897,10012.198443821055,0.0012198443821054867
btc_bullish,0,0.03,0.12,0.0075,0.4,20,random,0.1256646041992707,12.56646041992707,0.375,32,-0.1046977565727627,-10.46977565727627,21.08010087352399,1.3880227508375031,4.2239583333333334e-10,1.0243607021829084,11256.646041992706,0.1256646041992707
btc_small_up_9m,0,0.0075,0.03,0.05,0.15,10,random,0.017508793538007102,1.7508793538007101,0.36666666666666664,60,-0.030860187517769866,-3.0860187517769866,11.11169148812944,1.1836461278961596,1.15e-10,0.2011554149406034,10175.08793538007,0.017508793538007102
btc_alt_aligned,0,0.03,0.025,0.035,0.1,5,random,0.023446145276198774,2.3446145276198775,0.5,54,-0.029939660370804977,-2.9939660370804977,15.520391214385759,1.218305866438293,2.570987654320988e-10,0.44237664330580445,10234.461452761987,0.023446145276198774
btc_vol_breakout_3m,0,0.04,0.25,0.0125,0.15,30,random,0.028184711332170674,2.8184711332170673,0.2857142857142857,21,-0.05258584899645247,-5.258584899645246,13.5686212186588,1.293009792567008,6.293650793650793e-10,0.9570708597732177,10281.847113321706,0.028184711332170674
btc_hl_breakout_4m,0,0.01,0.05,0.02,0.1,5,random,0.019776051324131676,1.9776051324131676,0.36363636363636365,66,-0.025966516367256665,-2.5966516367256665,15.853350953843103,1.2535118536646075,1.5454545454545455e-10,0.3040041328935361,10197.760513241317,0.019776051324131676
btc_alt_aligned,0,0.02,0.08,0.01,0.3,15,random,0.0466408499223046,4.6640849922304595,0.2962962962962963,54,-0.11498393644319327,-11.498393644319327,11.098744061082037,1.1436451488032955,2.574074074074074e-10,0.32627838014262384,10466.408499223046,0.0466408499223046
btc_hl_breakout_7m,0,0.035,0.05,0.03,0.4,5,random,0.10449047717308663,10.449047717308662,0.42857142857142855,35,-0.1352871782196765,-13.52871782196765,18.006659829714852,1.310846213002102,3.9e-10,0.7819567755711301,11044.904771730866,0.10449047717308663
btc_vol_breakout_9m,0,0.05,0.025,0.0075,0.15,360,random,0.026805148093123624,2.6805148093123625,0.6206896551724138,29,-0.03385052812882916,-3.385052812882916,16.318869583540586,1.2900044468796632,3.67816091954023e-10,0.6284320478020734,10268.051480931237,0.026805148093123624
btc_alt_aligned,0,0.0175,0.2,0.01,0.5,45,random,0.06833453826752384,6.833453826752383,0.3137254901960784,51,-0.1839302235646444,-18.39302235646444,10.725340419544738,1.1428498872778856,2.722222222222222e-10,0.32556724353181904,10683.345382675237,0.06833453826752384
btc_hl_breakout_6m,0,0.05,0.02,0.0175,0.25,20,random,0.00763834942175522,0.7638349421755221,0.6428571428571429,42,-0.08508461605149231,-8.50846160514923,3.2607170734697237,1.0321621361028972,2.857142857142857e-10,0.10442337007529523,10076.383494217553,0.00763834942175522
btc_hl_breakout_5m,0,0.08,0.045,0.035,0.1,360,random,0.027135508071152104,2.7135508071152104,0.6363636363636364,22,-0.032994332355989364,-3.2994332355989364,18.13637533785169,1.4090885303225722,6.234848484848484e-10,1.2476854510321889,10271.35508071152,0.027135508071152104
btc_hl_breakout_6m,0,0.01,0.015,0.015,0.3,10,random,0.021234943418843386,2.1234943418843386,0.367816091954023,87,-0.10965363943281792,-10.965363943281792,6.270484424225224,1.0645898782348973,1.0900383141762451e-10,0.09951371625106188,10212.349434188434,0.021234943418843386
btc_hl_breakout_3m,0,0.01,0.12,0.003,0.05,360,random,0.008486286942816583,0.8486286942816582,0.35,60,-0.018651442199983048,-1.8651442199983048,13.301549809394361,1.217010525925845,1.7222222222222223e-10,0.28646616094560373,10084.862869428165,0.008486286942816583
btc_hl_breakout_1m,0,0.04,0.06,0.025,0.15,180,random,0.04585911407237982,4.585911407237981,0.4482758620689655,29,-0.052659875147697544,-5.265987514769755,22.24861406789448,1.4339462451714315,4.712643678160919e-10,1.0649068836753988,10458.591140723798,0.04585911407237982
btc_vol_breakout_8m,0,0.1,0.25,0.0125,0.4,120,random,0.07003374800430924,7.003374800430924,0.3,10,-0.13943007976145338,-13.943007976145338,13.574696712551482,1.269320423700493,1.3716666666666666e-09,2.2185754459597162,10700.337480043092,0.07003374800430924
btc_hl_breakout_7m,0,0.0125,0.12,0.0125,0.25,60,random,0.04143653744958337,4.143653744958337,0.3157894736842105,57,-0.09839380999400715,-9.839380999400715,12.088952563714162,1.1728538854170623,1.9590643274853803e-10,0.31743169046585085,10414.365374495834,0.04143653744958337
btc_vol_breakout_3m,0,0.04,0.3,0.003,0.1,360,random,0.016709448555297865,1.6709448555297866,0.3157894736842105,19,-0.03686971245546089,-3.686971245546089,11.867140149499532,1.3169786263620293,6.982456140350877e-10,0.9112955169569049,10167.094485552978,0.016709448555297865
btc_hl_breakout_6m,0,0.0125,0.06,0.025,0.05,30,random,0.004917568260927862,0.49175682609278626,0.32786885245901637,61,-0.021359374403373432,-2.1359374403373432,6.970538822466279,1.1036770166480343,1.7732240437158469e-10,0.1668167927353404,10049.175682609279,0.004917568260927862
btc_hl_breakout_7m,0,0.01,0.08,0.015,0.05,10,random,0.007946975095835165,0.7946975095835165,0.3,70,-0.020637214116012603,-2.0637214116012603,11.198085739745476,1.1739539608221694,1.5e-10,0.2310722817225944,10079.469750958351,0.007946975095835165
btc_hl_breakout_10m,0,0.06,0.1,0.003,0.3,90,random,0.09482216403120619,9.482216403120619,0.47368421052631576,19,-0.10984631333087047,-10.984631333087048,21.318210292963375,1.4595671616584165,7.412280701754386e-10,1.7111651917093864,10948.221640312062,0.09482216403120619
btc_small_up_9m,0,0.04,0.1,0.005,0.4,720,random,0.12973558911978245,12.973558911978245,0.4090909090909091,22,-0.11672582106972218,-11.672582106972218,24.417965888065588,1.5377847063508132,5.204545454545454e-10,1.5038567515835881,11297.355891197825,0.12973558911978245
btc_hl_breakout_6m,0,0.05,0.035,0.05,0.2,30,random,0.010675514575311991,1.067551457531199,0.5454545454545454,33,-0.07160536183311783,-7.160536183311783,4.740242929254552,1.0622079656517711,4.035353535353535e-10,0.19291515097646555,10106.755145753119,0.010675514575311991
btc_small_up_10m,0,0.01,0.015,0.0075,0.25,15,random,0.027663196190305644,2.7663196190305643,0.36619718309859156,71,-0.07335434884594572,-7.335434884594571,9.266540227120235,1.1235327917102451,1.0070422535211268e-10,0.17149964755258912,10276.631961903056,0.027663196190305644
btc_vol_breakout_9m,0,0.1,0.045,0.003,0.1,120,random,-0.0014664641986684842,-0.14664641986684843,0.6111111111111112,18,-0.03631100188370506,-3.6311001883705063,-0.7622246723177036,0.9768669228935957,7.055555555555556e-10,-0.052262007185118656,9985.335358013315,-0.0014664641986684842
btc_vol_breakout_3m,0,0.1,0.05,0.003,0.5,15,random,0.10971115240039343,10.971115240039344,0.631578947368421,19,-0.1738616922304984,-17.38616922304984,15.927520649144872,1.311853094532202,7.421052631578948e-10,1.2734078750706903,11097.111524003934,0.10971115240039343
btc_alt_aligned,0,0.035,0.3,0.05,0.2,15,random,0.07557392324203883,7.557392324203883,0.34782608695652173,23,-0.06133760948945122,-6.133760948945122,23.286221914980715,1.6383877194380971,6.268115942028986e-10,1.6799932513816234,10755.739232420388,0.07557392324203883
btc_hl_breakout_1m,0,0.0175,0.045,0.015,0.15,180,random,-0.02329529571683629,-2.329529571683629,0.3076923076923077,52,-0.06545862833605032,-6.545862833605032,-12.43738177147613,0.8267517885929143,2.1891025641025642e-10,-0.29037890573962993,9767.047042831637,-0.02329529571683629
btc_hl_breakout_4m,0,0.04,0.15,0.025,0.05,5,random,0.013143068930064413,1.3143068930064414,0.375,24,-0.01696357176096397,-1.696357176096397,18.158217613012066,1.4191392150041953,5.798611111111111e-10,1.108059788923693,10131.430689300643,0.013143068930064413
btc_vol_breakout_8m,0,0.08,0.02,0.035,0.2,360,random,0.03996333426972003,3.9963334269720026,0.76,25,-0.042891710261398264,-4.289171026139826,18.149020729890356,1.3920281421385756,4.46e-10,0.8163084298155038,10399.6333426972,0.03996333426972003
btc_hl_breakout_2m,0,0.005,0.3,0.035,0.3,60,random,-0.0651853612614018,-6.51853612614018,0.25925925925925924,81,-0.1579904200173572,-15.79904200173572,-17.21110377039082,0.7736471344469741,1.0534979423868312e-10,-0.26363568950801813,9348.146387385983,-0.0651853612614018
btc_vol_breakout_8m,0,0.06,0.3,0.03,0.1,180,random,0.02286609954831663,2.286609954831663,0.38461538461538464,13,-0.03139398046203512,-3.139398046203512,16.68109244995397,1.587010784838518,1.0294871794871794e-09,1.787574145517878,10228.660995483166,0.02286609954831663
btc_vol_breakout_8m,0,0.0175,0.025,0.0075,0.2,240,random,0.008587135504787466,0.8587135504787466,0.3695652173913043,46,-0.05848021579771967,-5.848021579771967,4.763906492332443,1.06155114767762,1.7355072463768115e-10,0.10728528031896856,10085.871355047875,0.008587135504787466
btc_bullish,0,0.05,0.3,0.035,0.15,5,random,0.053336878618060156,5.333687861806015,0.4,15,-0.0476708983872105,-4.76708983872105,22.29559223439642,1.8888180454828634,9.444444444444444e-10,2.3800543037393185,10533.368786180601,0.053336878618060156
btc_small_up_9m,0,0.015,0.03,0.04,0.1,720,random,-0.0009228873177822038,-0.09228873177822038,0.37254901960784315,51,-0.027025834023617357,-2.7025834023617357,-0.4583998644294038,0.9878702713298467,1.6372549019607844e-10,-0.01092394812618481,9990.771126822177,-0.0009228873177822038
btc_hl_breakout_2m,0,0.0175,0.3,0.025,0.05,480,random,-0.0029594489453673477,-0.2959448945367348,0.23255813953488372,43,-0.026233348591395034,-2.6233348591395034,-4.176000480361073,0.9264251315134978,2.813953488372093e-10,-0.12847980968353,9970.405510546327,-0.0029594489453673477
btc_small_up_10m,0,0.005,0.02,0.01,0.2,360,random,0.02115158676712674,2.115158676712674,0.36,75,-0.05427149934282749,-5.427149934282749,8.759452507949854,1.1251659587309661,8.622222222222222e-11,0.15231045880028904,10211.515867671267,0.02115158676712674
btc_vol_breakout_8m,0,0.025,0.035,0.03,0.3,180,random,0.0807927518132708,8.079275181327079,0.4594594594594595,37,-0.056349653884217865,-5.6349653884217865,24.698579872367127,1.426204682028028,2.472972972972973e-10,0.7297750072741397,10807.927518132708,0.0807927518132708
btc_vol_breakout_8m,0,0.03,0.3,0.0125,0.15,720,random,0.0338846931572808,3.38846931572808,0.3181818181818182,22,-0.040307169378611785,-4.030716937861179,17.75925183357042,1.47854087281508,5.409090909090909e-10,1.052764629978482,10338.846931572807,0.0338846931572808
btc_hl_breakout_6m,0,0.1,0.01,0.02,0.4,30,random,0.059635791738001764,5.963579173800176,0.825,40,-0.13002648660277005,-13.002648660277005,11.667306340074125,1.1953562303351313,2.975e-10,0.4223292215202672,10596.357917380017,0.059635791738001764
btc_vol_breakout_2m,0,0.04,0.25,0.0125,0.25,60,random,0.0729771078755396,7.29771078755396,0.3333333333333333,21,-0.08633122873805799,-8.6331228738058,20.497368329040217,1.4982834606994446,6.5e-10,1.4669903017382842,10729.771078755395,0.0729771078755396
btc_vol_breakout_8m,0,0.06,0.01,0.005,0.4,60,random,0.051997214050793855,5.199721405079385,0.7857142857142857,42,-0.0879046823195081,-8.79046823195081,13.021251901144423,1.2064636926276093,2.2698412698412698e-10,0.3370713359103238,10519.972140507938,0.051997214050793855
btc_small_up_9m,0,0.08,0.03,0.003,0.15,90,random,0.06309875408769601,6.309875408769601,0.7307692307692307,26,-0.037410421841686525,-3.7410421841686525,28.803960814254882,1.7591533601407612,4.6346153846153847e-10,1.6000225182642422,10630.98754087696,0.06309875408769601
btc_hl_breakout_7m,0,0.0125,0.3,0.0125,0.2,180,random,0.034379164434865446,3.437916443486545,0.32075471698113206,53,-0.07997912848031963,-7.997912848031962,12.225526382553923,1.196324304536453,2.1320754716981133e-10,0.3461609256273904,10343.791644348654,0.034379164434865446
btc_vol_breakout_3m,0,0.005,0.03,0.035,0.05,45,random,-0.008928064636974278,-0.8928064636974278,0.3,80,-0.024079469123976183,-2.4079469123976183,-15.817542479442123,0.8062510443804869,8.770833333333334e-11,-0.2220749255632135,9910.719353630257,-0.008928064636974278
btc_hl_breakout_8m,0,0.0175,0.035,0.005,0.5,1440,random,-0.014724083960472216,-1.4724083960472216,0.3620689655172414,58,-0.21995943236304727,-21.995943236304726,-0.09416876800960926,0.9740649980415738,1.982758620689655e-10,-0.0015834902427174424,9852.759160395279,-0.014724083960472216
btc_hl_breakout_3m,0,0.0125,0.02,0.035,0.25,90,random,0.045942092726290094,4.594209272629009,0.4533333333333333,75,-0.06650044492088047,-6.650044492088048,15.060895014253825,1.1818855761882237,1.368888888888889e-10,0.2553004678266527,10459.420927262901,0.045942092726290094
btc_hl_breakout_9m,0,0.025,0.04,0.05,0.1,15,random,0.018705721635383667,1.8705721635383668,0.3877551020408163,49,-0.03931778121069052,-3.9317781210690517,12.766269011942681,1.1875832577595138,2.4421768707482994e-10,0.3918472253088101,10187.057216353836,0.018705721635383667
btc_small_up_10m,0,0.0125,0.06,0.015,0.3,720,random,0.03141675479942783,3.1416754799427826,0.3269230769230769,52,-0.09963792874942556,-9.963792874942555,8.729378668939114,1.122909914993503,1.576923076923077e-10,0.2322590146566674,10314.167547994279,0.03141675479942783
btc_hl_breakout_7m,0,0.005,0.01,0.05,0.4,120,random,-0.049351373952179756,-4.935137395217976,0.3697478991596639,119,-0.1970140225920296,-19.70140225920296,-8.97193877581127,0.8921256913198042,7.016806722689076e-11,-0.09191075316611722,9506.486260478203,-0.049351373952179756
btc_small_down_10m,0,0.025,0.12,0.015,0.05,20,random,8.157342119864097e-06,0.0008157342119864097,0.30303030303030304,33,-0.019977604738171006,-1.9977604738171006,0.2137388769946361,1.0002376263953356,3.373737373737374e-10,0.008739146863147019,10000.0815734212,8.157342119864097e-06
btc_small_down_10m,0,0.06,0.045,0.0175,0.5,720,random,0.039556352966821216,3.9556352966821215,0.48,25,-0.18086246028677966,-18.086246028677966,7.421207619302023,1.1092860288253608,4.72e-10,0.40386366942095414,10395.563529668212,0.039556352966821216
btc_vol_breakout_9m,0,0.06,0.015,0.0125,0.5,1440,random,-0.026558034321206195,-2.6558034321206194,0.6944444444444444,36,-0.1437694844086158,-14.37694844086158,-2.6118193757538433,0.9354662190585726,2.875e-10,-0.07875450915797186,9734.419656787937,-0.026558034321206195
btc_small_up_10m,0,0.1,0.02,0.03,0.5,1440,random,0.13361572214768558,13.361572214768557,0.7777777777777778,27,-0.11456347853271998,-11.456347853271998,19.159622696049627,1.367666679623112,4.648148148148148e-10,1.0461530503410748,11336.157221476857,0.13361572214768558
btc_hl_breakout_5m,0,0.035,0.25,0.003,0.4,20,random,0.09388819302479405,9.388819302479405,0.34782608695652173,23,-0.13421140221600225,-13.421140221600226,17.19096288289403,1.3622348174091001,6.18840579710145e-10,1.1545241630205882,10938.88193024794,0.09388819302479405
btc_bullish,0,0.01,0.25,0.02,0.1,15,random,0.017934013617931555,1.7934013617931555,0.30985915492957744,71,-0.031019344854408604,-3.1019344854408604,12.32976588322556,1.1999697573023496,1.73943661971831e-10,0.2590116897420818,10179.340136179315,0.017934013617931555
btc_small_up_9m,0,0.025,0.015,0.0175,0.5,1440,random,0.041159092313964994,4.1159092313965,0.54,50,-0.11997330657266736,-11.997330657266737,8.629008929114839,1.0990526987170235,1.8366666666666665e-10,0.20094946883697104,10411.59092313965,0.041159092313964994
btc_small_up_10m,0,0.005,0.015,0.015,0.25,1440,random,0.021815141862554083,2.1815141862554084,0.35802469135802467,81,-0.06811280686137522,-6.811280686137522,7.5680317955338365,1.098621322370209,7.818930041152264e-11,0.12171626455703048,10218.15141862554,0.021815141862554083
btc_alt_aligned,0,0.025,0.04,0.003,0.25,720,random,0.05627260703152206,5.6272607031522055,0.37735849056603776,53,-0.0880230033274465,-8.80230033274465,15.379058051536324,1.2094412724367178,2.613207547169811e-10,0.4448084788024025,10562.72607031522,0.05627260703152206
btc_alt_aligned,0,0.02,0.035,0.015,0.25,1440,random,0.02432695035808838,2.432695035808838,0.36363636363636365,66,-0.09512697447940355,-9.512697447940354,7.3682104434376985,1.0753680829088366,2.068181818181818e-10,0.173122645155046,10243.269503580883,0.02432695035808838
btc_hl_breakout_8m,0,0.0175,0.15,0.04,0.25,120,random,-0.017298243114234946,-1.7298243114234946,0.2391304347826087,46,-0.12907867581686183,-12.907867581686183,-3.768041909393772,0.9206684535247294,2.568840579710145e-10,-0.1177374416207209,9827.017568857651,-0.017298243114234946
btc_small_up_9m,0,0.025,0.04,0.04,0.3,10,random,0.036927100833764645,3.6927100833764643,0.40476190476190477,42,-0.07945728764210025,-7.945728764210025,10.934074599087156,1.1545670297407151,2.4404761904761903e-10,0.31865701639650645,10369.271008337646,0.036927100833764645
btc_hl_breakout_5m,0,0.0125,0.01,0.01,0.5,720,random,0.08594364244224607,8.594364244224607,0.5402298850574713,87,-0.13113126864515312,-13.113126864515312,13.908998559190081,1.151762595677242,1.0651340996168581e-10,0.22135150076381002,10859.43642442246,0.08594364244224607
btc_hl_breakout_7m,0,0.01,0.02,0.035,0.1,120,random,0.017467057834304228,1.7467057834304227,0.367816091954023,87,-0.03516890073689005,-3.516890073689005,12.810244078427026,1.1638764321870274,1.1245210727969349e-10,0.20589581265647966,10174.670578343043,0.017467057834304228
btc_hl_breakout_9m,0,0.1,0.01,0.0125,0.05,60,random,0.011217123009798314,1.1217123009798313,0.8292682926829268,41,-0.01689652967235833,-1.689652967235833,15.287176677317841,1.3139018184346636,3.1341463414634147e-10,0.5522303195758315,10112.171230097983,0.011217123009798314
btc_hl_breakout_4m,0,0.08,0.08,0.005,0.1,20,random,0.03583832476446742,3.5838324764467417,0.5294117647058824,17,-0.02930908449091041,-2.930908449091041,23.45206398025558,1.6588376224224275,8.254901960784314e-10,2.1115418823089165,10358.383247644673,0.03583832476446742
btc_hl_breakout_3m,0,0.0125,0.01,0.0075,0.5,1440,random,0.030305311023033483,3.0305311023033483,0.5411764705882353,85,-0.12341462093975708,-12.341462093975707,6.650101419050517,1.0576884401946738,1.0647058823529412e-10,0.0962144885690746,10303.053110230336,0.030305311023033483
btc_small_up_10m,0,0.05,0.2,0.0125,0.4,10,random,0.09922977957431395,9.922977957431394,0.3684210526315789,19,-0.13859181698976486,-13.859181698976485,17.448527675931448,1.338148604865773,6.736842105263157e-10,1.4762190207828187,10992.29779574314,0.09922977957431395
btc_hl_breakout_8m,0,0.0125,0.2,0.015,0.3,720,random,0.039712868035385464,3.9712868035385465,0.3076923076923077,52,-0.11380523755614147,-11.380523755614147,10.173017216878723,1.1525836785670995,2.044871794871795e-10,0.2913399115394788,10397.128680353855,0.039712868035385464
btc_hl_breakout_4m,0,0.0125,0.045,0.003,0.5,60,random,0.1113632422293016,11.13632422293016,0.4406779661016949,59,-0.11574891496388884,-11.574891496388883,18.742828485395993,1.2588138444339099,1.790960451977401e-10,0.3941198907121039,11113.632422293016,0.1113632422293016
btc_small_up_9m,0,0.05,0.1,0.0125,0.1,360,random,0.022260959577842243,2.2260959577842243,0.42857142857142855,21,-0.030147426343314243,-3.0147426343314243,16.53820283058149,1.3485030812474246,5.698412698412699e-10,1.0840067091264531,10222.609595778422,0.022260959577842243
btc_hl_breakout_10m,0,0.1,0.02,0.015,0.1,1440,random,0.028689039343675143,2.8689039343675145,0.7878787878787878,33,-0.03436952050291775,-3.436952050291775,19.586860659900882,1.402389604515567,4.005050505050505e-10,0.8770850438356912,10286.890393436752,0.028689039343675143
btc_vol_breakout_3m,0,0.025,0.02,0.015,0.05,720,random,0.010697267084512834,1.0697267084512834,0.5510204081632653,49,-0.015064878155321204,-1.5064878155321204,16.680347323636536,1.2624159218691788,2.0782312925170067e-10,0.43945277669853483,10106.972670845129,0.010697267084512834
btc_hl_breakout_1m,0,0.005,0.045,0.01,0.4,120,random,-0.03216787274496064,-3.216787274496064,0.3333333333333333,87,-0.16074132044435985,-16.074132044435984,-5.600448274617548,0.9147375990188296,1.003831417624521e-10,-0.0759415746575081,9678.321272550394,-0.03216787274496064
btc_alt_aligned,0,0.1,0.25,0.01,0.25,1440,random,0.08482214660052546,8.482214660052547,0.3,10,-0.09028696786798518,-9.028696786798518,21.2800222615949,1.6767006243787834,1.4716666666666667e-09,3.5683320829223,10848.221466005254,0.08482214660052546
btc_hl_breakout_1m,0,0.0175,0.025,0.005,0.4,20,random,-0.0197040263920514,-1.9704026392051401,0.3770491803278688,61,-0.14988345553048732,-14.988345553048731,-2.618022197830891,0.9535547443182852,1.7704918032786885e-10,-0.0506276123445858,9802.959736079487,-0.0197040263920514
btc_vol_breakout_2m,0,0.01,0.25,0.04,0.2,180,random,0.004721700356520273,0.4721700356520273,0.296875,64,-0.06901722573001912,-6.901722573001912,2.5599417396598003,1.0273739469224596,1.6223958333333334e-10,0.052337784554282576,10047.217003565203,0.004721700356520273
btc_vol_breakout_10m,0,0.01,0.05,0.005,0.25,30,random,0.009683977966969178,0.9683977966969178,0.2916666666666667,48,-0.04506243359803552,-4.506243359803552,4.691642729885383,1.0679087101902067,1.3229166666666666e-10,0.09463852354684822,10096.839779669692,0.009683977966969178
btc_hl_breakout_9m,0,0.0125,0.08,0.035,0.5,720,random,0.08310159631967963,8.310159631967963,0.3220338983050847,59,-0.18399066248908447,-18.399066248908447,13.03927591334384,1.1603773543723233,1.8022598870056497e-10,0.3329946097091607,10831.015963196796,0.08310159631967963
btc_hl_breakout_4m,0,0.04,0.1,0.04,0.4,15,random,0.09277756973957094,9.277756973957093,0.4074074074074074,27,-0.12737389255708775,-12.737389255708775,17.4803946569489,1.314737803381915,5.024691358024691e-10,0.9159128528650781,10927.77569739571,0.09277756973957094
btc_small_down_10m,0,0.01,0.08,0.035,0.15,180,random,-0.008086199991906915,-0.8086199991906915,0.2923076923076923,65,-0.0658980202134467,-6.589802021344671,-3.4945146908631135,0.9410435377464633,1.3820512820512822e-10,-0.07222649167480616,9919.138000080931,-0.008086199991906915
btc_hl_breakout_1m,0,0.0075,0.12,0.0175,0.4,90,random,0.005932245602323929,0.5932245602323929,0.30985915492957744,71,-0.14105280640216866,-14.105280640216867,2.653931740552894,1.0157031062187367,1.3615023474178405e-10,0.04886929437113273,10059.32245602324,0.005932245602323929
btc_hl_breakout_6m,0,0.0175,0.04,0.0175,0.25,360,random,-0.047645221998761644,-4.764522199876165,0.3333333333333333,57,-0.12176016548183721,-12.176016548183721,-14.740469663190805,0.8163097367733374,2.0321637426900584e-10,-0.3227925594371345,9523.547780012384,-0.047645221998761644
btc_hl_breakout_10m,0,0.01,0.04,0.03,0.4,240,random,0.05471767218282671,5.471767218282671,0.35135135135135137,74,-0.13725909305933892,-13.725909305933893,11.249684871198204,1.131755448552092,1.3378378378378377e-10,0.21067771083488024,10547.176721828268,0.05471767218282671
btc_hl_breakout_9m,0,0.08,0.03,0.01,0.4,5,random,0.137975356327487,13.7975356327487,0.7142857142857143,28,-0.11197834658892303,-11.197834658892303,23.33056496649106,1.4654759314277706,4.910714285714286e-10,1.2371049701821342,11379.75356327487,0.137975356327487
btc_hl_breakout_2m,0,0.08,0.035,0.015,0.25,45,random,0.09064383241900237,9.064383241900236,0.7037037037037037,27,-0.06253751070471425,-6.253751070471425,24.38187197880664,1.5227222770972262,4.932098765432098e-10,1.340602082171183,10906.438324190023,0.09064383241900237
btc_bullish,0,0.005,0.25,0.015,0.25,15,random,0.029811063954135852,2.981106395413585,0.34,100,-0.07817051669811181,-7.817051669811182,8.957348541765139,1.1119340566245366,1.1233333333333333e-10,0.13151577391045546,10298.110639541359,0.029811063954135852
btc_vol_breakout_3m,0,0.06,0.035,0.04,0.5,30,random,0.15323053548675897,15.323053548675897,0.6551724137931034,29,-0.14318692489641915,-14.318692489641915,21.842470165092095,1.3816366824025377,4.43103448275862e-10,1.0794432851653928,11532.305354867589,0.15323053548675897
btc_hl_breakout_8m,0,0.08,0.08,0.003,0.15,20,random,0.03674363437165282,3.674363437165282,0.5,16,-0.04918824921504561,-4.9188249215045605,16.59647550034832,1.3970531761798792,8.697916666666667e-10,1.571150552034765,10367.436343716528,0.03674363437165282
btc_vol_breakout_10m,0,0.025,0.03,0.0125,0.05,10,random,0.015063486563425045,1.5063486563425046,0.5,34,-0.009769537310943988,-0.9769537310943988,28.045854991636013,1.5782615287167765,2.4019607843137255e-10,0.8853977021561755,10150.63486563425,0.015063486563425045
btc_small_down_10m,0,0.04,0.02,0.015,0.1,90,random,0.03495268868352101,3.495268868352101,0.6666666666666666,39,-0.01704041048504601,-1.704041048504601,27.944501168387045,1.5469046351262987,2.6239316239316237e-10,0.8925982262834454,10349.52688683521,0.03495268868352101
btc_hl_breakout_1m,0,0.005,0.05,0.015,0.15,45,random,-0.014586710190067425,-1.4586710190067425,0.313953488372093,86,-0.06446336755151316,-6.446336755151316,-7.8544844422972115,0.8928249103866402,1e-10,-0.10719388387438435,9854.132898099326,-0.014586710190067425
btc_vol_breakout_8m,0,0.01,0.015,0.0175,0.25,180,random,0.01139400882822979,1.139400882822979,0.3870967741935484,62,-0.042802061456627016,-4.280206145662701,5.409619086697442,1.0680993446101286,1.0241935483870968e-10,0.08408901719637993,10113.940088282297,0.01139400882822979
btc_small_down_10m,0,0.1,0.2,0.003,0.15,45,random,0.04130190772899723,4.130190772899723,0.3,10,-0.05707291927659286,-5.707291927659286,17.696865026006435,1.6375131666760263,1.3916666666666667e-09,2.8452051956705136,10413.019077289973,0.04130190772899723
btc_bullish,0,0.06,0.04,0.025,0.15,240,random,0.05978322544706498,5.978322544706498,0.625,32,-0.047783224713562444,-4.778322471356244,26.28155875061759,1.4914525126006348,4.255208333333333e-10,1.2426834715772381,10597.83225447065,0.05978322544706498
btc_hl_breakout_8m,0,0.05,0.3,0.02,0.25,45,random,0.05948616902825602,5.948616902825602,0.375,16,-0.09720384740800037,-9.720384740800036,15.594441640096427,1.4261790279502498,8.854166666666666e-10,1.5626300236103476,10594.86169028256,0.05948616902825602
btc_alt_aligned,0,0.005,0.1,0.0175,0.05,120,random,0.0014284501273215142,0.14284501273215142,0.31092436974789917,119,-0.023643223783622158,-2.364322378362216,2.07555986701452,1.0222295219667057,1.0476190476190476e-10,0.0270202416733832,10014.284501273216,0.0014284501273215142
btc_small_up_10m,0,0.02,0.02,0.035,0.1,720,random,0.015031054480391458,1.5031054480391457,0.45614035087719296,57,-0.028688818209723244,-2.8688818209723244,11.22342634136058,1.1641782968611565,1.6198830409356724e-10,0.2712903568697902,10150.310544803915,0.015031054480391458
btc_hl_breakout_8m,0,0.0125,0.1,0.005,0.3,1440,random,0.03851140083870869,3.8511400838708685,0.30357142857142855,56,-0.11380523755614147,-11.380523755614147,9.961021062038302,1.1366966100351363,1.8869047619047619e-10,0.26334270560221523,10385.114008387087,0.03851140083870869
btc_vol_breakout_9m,0,0.02,0.12,0.035,0.05,45,random,0.0036697866289045864,0.36697866289045866,0.2727272727272727,33,-0.01736133457791378,-1.7361334577913778,6.720445324923799,1.1240192653105636,2.722222222222222e-10,0.22888468839303877,10036.697866289045,0.0036697866289045864
btc_hl_breakout_3m,0,0.035,0.1,0.04,0.3,1440,random,0.08799896336291031,8.799896336291031,0.37037037037037035,27,-0.09662066483463494,-9.662066483463494,21.32587589499706,1.4382477575579289,5.098765432098765e-10,1.111889233034979,10879.989633629102,0.08799896336291031
btc_small_down_10m,0,0.03,0.01,0.01,0.2,90,random,0.07054898933984746,7.054898933984746,0.6739130434782609,46,-0.03707681943279395,-3.707681943279395,31.13888227830542,1.5636250218698997,1.963768115942029e-10,0.7567651439451512,10705.489893398475,0.07054898933984746
btc_vol_breakout_3m,0,0.08,0.025,0.02,0.5,30,random,0.1603042536693114,16.03042536693114,0.7333333333333333,30,-0.1274132310790288,-12.741323107902879,22.379814474758252,1.4129148437010048,4.261111111111111e-10,1.0863445268916878,11603.042536693114,0.1603042536693114
btc_vol_breakout_2m,0,0.015,0.05,0.005,0.5,30,random,0.05794303233382825,5.794303233382825,0.3508771929824561,57,-0.13587288649636153,-13.587288649636154,10.501012854933936,1.1209509496994838,1.888888888888889e-10,0.2484621388660735,10579.430323338282,0.05794303233382825
btc_vol_breakout_2m,0,0.0125,0.2,0.015,0.2,240,random,0.03435882136497987,3.435882136497987,0.3137254901960784,51,-0.0707564584624849,-7.075645846248491,13.26884448109315,1.2285828327394894,2.150326797385621e-10,0.35648901453463977,10343.588213649798,0.03435882136497987
btc_hl_breakout_7m,0,0.0125,0.1,0.03,0.15,60,random,0.02539830468832247,2.539830468832247,0.3103448275862069,58,-0.059716722549384205,-5.9716722549384205,11.967031932123529,1.1776526015377444,1.9339080459770116e-10,0.3080590957331275,10253.983046883224,0.02539830468832247
btc_small_down_10m,0,0.02,0.06,0.0175,0.05,90,random,0.0018914090298865346,0.18914090298865346,0.30952380952380953,42,-0.016036172089870737,-1.6036172089870737,3.134266989542312,1.049327300274244,2.3412698412698413e-10,0.09600653029005442,10018.914090298866,0.0018914090298865346
btc_bullish,0,0.04,0.08,0.003,0.4,45,random,0.14668752254809633,14.668752254809633,0.4074074074074074,27,-0.10847204609921923,-10.847204609921924,24.119187492012603,1.5441624611485512,5.061728395061728e-10,1.3682586145968652,11466.875225480962,0.14668752254809633
btc_hl_breakout_5m,0,0.035,0.03,0.05,0.2,45,random,0.0438514784574334,4.38514784574334,0.5609756097560976,41,-0.05531085457624474,-5.531085457624474,16.73222399124549,1.259900265595938,3.231707317073171e-10,0.5479544058461616,10438.514784574334,0.0438514784574334
btc_vol_breakout_3m,0,0.02,0.2,0.0075,0.15,720,random,-0.011239857461593124,-1.1239857461593123,0.29411764705882354,34,-0.06278566624299609,-6.278566624299609,-5.374341541755388,0.8912925479385465,3.0588235294117644e-10,-0.19894252684084546,9887.60142538407,-0.011239857461593124
btc_hl_breakout_10m,0,0.035,0.1,0.04,0.1,180,random,0.03022951451953354,3.022951451953354,0.3448275862068966,29,-0.03380138172374769,-3.380138172374769,19.933958007385836,1.4160159317070815,4.689655172413793e-10,1.054244229048363,10302.295145195336,0.03022951451953354
btc_hl_breakout_9m,0,0.01,0.025,0.0075,0.4,1440,random,0.07596558725292162,7.596558725292161,0.3670886075949367,79,-0.1402371937612985,-14.02371937612985,14.751608705618196,1.1711990096994132,1.20042194092827e-10,0.2610271967355805,10759.655872529216,0.07596558725292162
btc_hl_breakout_9m,0,0.01,0.15,0.015,0.05,45,random,0.008039586466214672,0.8039586466214672,0.2857142857142857,63,-0.020718340615885178,-2.071834061588518,11.27489281057972,1.1910149621968993,1.6296296296296297e-10,0.25949685883054463,10080.395864662147,0.008039586466214672
btc_hl_breakout_7m,0,0.08,0.06,0.02,0.4,15,random,0.11048115626719827,11.048115626719827,0.5555555555555556,18,-0.12719655523650764,-12.719655523650763,18.900484904299628,1.401650643976819,7.694444444444444e-10,1.6086310662655152,11104.811562671983,0.11048115626719827
btc_small_down_10m,0,0.005,0.3,0.02,0.25,60,random,-0.0013991185867285821,-0.1399118586728582,0.2962962962962963,81,-0.09185590697989676,-9.185590697989676,0.47839937857060816,0.9935325598888873,9.794238683127572e-11,0.00570564712688685,9986.008814132714,-0.0013991185867285821
btc_alt_aligned,0,0.08,0.01,0.02,0.3,90,random,0.08420437332200395,8.420437332200395,0.8367346938775511,49,-0.09040914067631745,-9.040914067631745,19.0993862026353,1.338654163509161,2.8537414965986395e-10,0.5904613974108398,10842.04373322004,0.08420437332200395
btc_hl_breakout_1m,0,0.05,0.045,0.0075,0.1,720,random,0.017372874309799714,1.7372874309799713,0.5172413793103449,29,-0.036196897764034786,-3.6196897764034786,12.767646268195028,1.2222642908756454,4.718390804597701e-10,0.6156022343916429,10173.728743097998,0.017372874309799714
btc_hl_breakout_5m,0,0.02,0.01,0.0175,0.25,45,random,-0.04593336282305577,-4.593336282305577,0.5540540540540541,74,-0.11534638743610492,-11.534638743610493,-14.671293564249268,0.8301674756098089,1.268018018018018e-10,-0.23976697959811055,9540.666371769443,-0.04593336282305577
btc_vol_breakout_10m,0,0.08,0.25,0.035,0.1,5,random,0.02308087224818971,2.308087224818971,0.36363636363636365,11,-0.030721433598397296,-3.0721433598397296,16.354241897956534,1.4064432912978655,1.1212121212121211e-09,2.1919832311182037,10230.808722481897,0.02308087224818971
btc_hl_breakout_6m,0,0.06,0.25,0.035,0.3,180,random,0.08293679280877009,8.293679280877008,0.4666666666666667,15,-0.11919290529100457,-11.919290529100458,18.15034824905289,1.4458148993298556,9.588888888888888e-10,1.9814228760701005,10829.3679280877,0.08293679280877009
btc_vol_breakout_3m,0,0.015,0.25,0.005,0.1,120,random,0.006752932602917895,0.6752932602917895,0.3170731707317073,41,-0.03291676343987737,-3.2916763439877372,5.42144586257801,1.1000663787697311,2.41869918699187e-10,0.1794376434789244,10067.529326029178,0.006752932602917895
btc_hl_breakout_10m,0,0.015,0.02,0.02,0.05,720,random,0.009736990795502004,0.9736990795502004,0.4507042253521127,71,-0.014369672555886503,-1.4369672555886503,13.926952120127359,1.188553643548866,1.443661971830986e-10,0.2774458955014165,10097.36990795502,0.009736990795502004
btc_hl_breakout_4m,0,0.05,0.08,0.0075,0.3,360,random,0.04152583142518315,4.152583142518315,0.36,25,-0.10923381155881562,-10.923381155881561,10.848592676279566,1.1805223084075938,5.486666666666667e-10,0.620768002006844,10415.25831425183,0.04152583142518315
btc_vol_breakout_8m,0,0.0125,0.02,0.025,0.5,5,random,0.049383248012061814,4.938324801206181,0.42,50,-0.08700889057734162,-8.700889057734162,11.154936855224104,1.1441653703527623,1.38e-10,0.2223978288345009,10493.832480120618,0.049383248012061814
btc_vol_breakout_8m,0,0.01,0.02,0.0175,0.1,360,random,0.011021267217179434,1.1021267217179433,0.3888888888888889,54,-0.014056691381709507,-1.4056691381709507,11.855756330633824,1.1855368890129603,1.1666666666666668e-10,0.20826913492204202,10110.212672171794,0.011021267217179434
btc_vol_breakout_2m,0,0.08,0.025,0.035,0.3,60,random,0.09382229854627494,9.382229854627495,0.7333333333333333,30,-0.07760754579344675,-7.760754579344676,21.699623573909292,1.4437053682263254,4.516666666666667e-10,1.0509363607716986,10938.22298546275,0.09382229854627494
btc_vol_breakout_8m,0,0.0175,0.05,0.003,0.15,10,random,0.0011948634595901468,0.11948634595901468,0.2857142857142857,42,-0.048600793205127446,-4.860079320512744,1.2201362413011125,1.0117721026472872,1.9722222222222222e-10,0.03128925324662471,10011.948634595901,0.0011948634595901468
