pattern,lag,stop_loss,take_profit,trailing_stop,position_size,holding_time,source,total_return,total_return_pct,win_rate,total_trades,max_drawdown,max_drawdown_pct,sharpe_ratio,profit_factor,avg_trade_duration_minutes,avg_trade_return_pct,final_value,risk_adjusted_return
btc_hl_breakout_1m,0,0.005,0.035,0.0,0.15,90,high_frequency,0.00913201942224307,0.9132019422243071,0.2714285714285714,70,-0.05667717553556528,-5.667717553556528,5.476465197840801,1.063160313806958,1.4452380952380952e-10,0.0970171596823655,10091.320194222431,0.00913201942224307
btc_hl_breakout_4m,0,0.01,0.01,0.0,0.05,60,high_frequency,0.003324464116524348,0.33244641165243477,0.5581395348837209,86,-0.0145477057802601,-1.45477057802601,5.767993952662112,1.0697113838054972,1.0213178294573644e-10,0.07972158903926041,10033.244641165244,0.003324464116524348
btc_small_up_10m,0,0.01,0.03,0.0,0.2,15,high_frequency,0.03904328813532425,3.9043288135324246,0.375,56,-0.0634897023002513,-6.348970230025131,14.530208487177056,1.2080437897883376,1.4970238095238095e-10,0.362122070648617,10390.432881353243,0.03904328813532425
btc_hl_breakout_10m,0,0.0175,0.015,0.0,0.05,5,high_frequency,0.007357576321967764,0.7357576321967765,0.5147058823529411,68,-0.017542612342493102,-1.7542612342493102,10.415225906390821,1.1354709376346552,1.5269607843137254e-10,0.22034729850104068,10073.575763219678,0.007357576321967764
btc_hl_breakout_10m,0,0.015,0.01,0.0,0.1,20,high_frequency,0.01072714781156999,1.072714781156999,0.5679012345679012,81,-0.03191591887451972,-3.191591887451972,8.02283535739206,1.1013407543513327,1.185185185185185e-10,0.13878042510684943,10107.2714781157,0.01072714781156999
btc_bullish,0,0.01,0.05,0.0,0.1,30,high_frequency,0.01812738728406264,1.812738728406264,0.2833333333333333,60,-0.028445314878677408,-2.844531487867741,12.363486941535184,1.1710561033848434,2.111111111111111e-10,0.3119556172583597,10181.273872840626,0.01812738728406264
btc_hl_breakout_1m,0,0.0175,0.04,0.0,0.05,60,high_frequency,0.004544929710696283,0.45449297106962827,0.37777777777777777,45,-0.016473011967988893,-1.6473011967988893,7.3398362770594465,1.1032688027246103,2.848148148148148e-10,0.2072923336540431,10045.449297106963,0.004544929710696283
btc_vol_breakout_8m,0,0.03,0.05,0.0,0.25,20,high_frequency,0.05728826255570543,5.728826255570543,0.4583333333333333,24,-0.054015514077646154,-5.401551407764615,19.594724798493765,1.408649091565603,4.951388888888888e-10,0.9752150966861219,10572.882625557055,0.05728826255570543
btc_hl_breakout_8m,0,0.0075,0.04,0.0,0.25,5,high_frequency,-0.014382558763109819,-1.4382558763109818,0.25806451612903225,62,-0.1308183885573736,-13.08183885573736,-3.1178041196169337,0.9483107439152167,1.8413978494623656e-10,-0.06937291214515956,9856.174412368902,-0.014382558763109819
btc_hl_breakout_10m,0,0.01,0.06,0.0,0.2,10,high_frequency,0.024696280192965128,2.4696280192965125,0.24444444444444444,45,-0.06689752195450793,-6.689752195450794,9.362605014464915,1.1391216875315542,2.733333333333333e-10,0.3019963399804069,10246.96280192965,0.024696280192965128
btc_vol_breakout_10m,0,0.0075,0.06,0.0,0.2,30,high_frequency,-0.015961871337219213,-1.5961871337219213,0.1891891891891892,37,-0.06102418405547039,-6.102418405547039,-7.019536051543499,0.8763093735597788,2.5045045045045044e-10,-0.19969071156118187,9840.381286627808,-0.015961871337219213
btc_small_up_10m,0,0.01,0.02,0.0,0.05,45,high_frequency,0.006839442466996286,0.6839442466996286,0.39344262295081966,61,-0.015503591004887407,-1.5503591004887407,10.229998062050285,1.1511927696225484,1.308743169398907e-10,0.22798166067700223,10068.394424669963,0.006839442466996286
btc_vol_breakout_9m,0,0.0125,0.035,0.0,0.15,90,high_frequency,0.026053756838039045,2.6053756838039046,0.3684210526315789,38,-0.0299008495542068,-2.99008495542068,16.720909510920066,1.2859121458777651,2.3289473684210523e-10,0.46468551679028747,10260.53756838039,0.026053756838039045
btc_hl_breakout_3m,0,0.0175,0.01,0.0,0.25,10,high_frequency,-0.014186517882487851,-1.418651788248785,0.5774647887323944,71,-0.08817589245583823,-8.817589245583823,-3.5697658421423872,0.9459690976720205,1.3849765258215964e-10,-0.06427567347970017,9858.134821175121,-0.014186517882487851
btc_vol_breakout_10m,0,0.0075,0.035,0.0,0.25,45,high_frequency,-0.008028640646994744,-0.8028640646994745,0.2857142857142857,42,-0.07662923794539045,-7.662923794539045,-2.59182580917528,0.9524157094782104,1.9404761904761905e-10,-0.05934013040037696,9919.713593530052,-0.008028640646994744
btc_vol_breakout_2m,0,0.02,0.04,0.0,0.15,15,high_frequency,0.011005038545063416,1.1005038545063417,0.4186046511627907,43,-0.04840613193310239,-4.840613193310239,6.145182425402443,1.082677239637712,2.8953488372093023e-10,0.18656078085688102,10110.050385450635,0.011005038545063416
btc_alt_aligned,0,0.03,0.045,0.0,0.1,60,high_frequency,0.025491164431981076,2.5491164431981077,0.4634146341463415,41,-0.03432879898607699,-3.432879898607699,16.605231867708447,1.2502866170230174,3.4308943089430895e-10,0.632425638363472,10254.91164431981,0.025491164431981076
btc_hl_breakout_8m,0,0.02,0.025,0.0,0.25,90,high_frequency,0.038232501305980944,3.8232501305980944,0.46153846153846156,52,-0.0865590315264656,-8.65590315264656,11.406641992452153,1.1437078987362406,2.3878205128205127e-10,0.31856050830085636,10382.32501305981,0.038232501305980944
btc_hl_breakout_9m,0,0.0175,0.01,0.0,0.25,5,high_frequency,-0.021233432113532534,-2.1233432113532533,0.5384615384615384,78,-0.12811670155564747,-12.811670155564748,-5.193533788918477,0.930319280022112,1.25e-10,-0.09188247806537202,9787.665678864674,-0.021233432113532534
btc_hl_breakout_7m,0,0.005,0.025,0.0,0.15,45,high_frequency,-0.0026331439415429258,-0.2633143941542926,0.2696629213483146,89,-0.07747559664881676,-7.747559664881676,-0.6748345596303165,0.9852063212421177,1.1198501872659177e-10,-0.009858531219607199,9973.66856058457,-0.0026331439415429258
btc_small_up_10m,0,0.0075,0.01,0.0,0.15,10,high_frequency,0.021627451150576484,2.1627451150576484,0.46153846153846156,78,-0.036813969873454644,-3.6813969873454644,11.485197517040744,1.1616445019850778,8.782051282051282e-11,0.19253853756148004,10216.274511505764,0.021627451150576484
btc_hl_breakout_10m,0,0.0175,0.06,0.0,0.15,45,high_frequency,0.025133238756105947,2.513323875610595,0.3,40,-0.05458151242804321,-5.4581512428043215,11.502486063764296,1.1711266589647213,3.225e-10,0.444741893636577,10251.332387561059,0.025133238756105947
btc_hl_breakout_3m,0,0.035,0.02,0.0,0.1,10,high_frequency,0.025696506309598702,2.5696506309598703,0.6363636363636364,44,-0.02604540971449132,-2.604540971449132,19.63905578662845,1.3205288833776976,2.7159090909090913e-10,0.5882009374959829,10256.965063095988,0.025696506309598702
btc_vol_breakout_8m,0,0.01,0.015,0.0,0.1,90,high_frequency,0.00643054108207416,0.6430541082074159,0.44642857142857145,56,-0.018483098347350957,-1.8483098347350957,6.772267980971829,1.0935214711540775,1.226190476190476e-10,0.11988278003166108,10064.305410820742,0.00643054108207416
btc_bullish,0,0.025,0.04,0.0,0.1,60,high_frequency,0.03192075635422425,3.192075635422425,0.4666666666666667,45,-0.031236770052719964,-3.1236770052719964,21.211284433492906,1.3366911270390036,2.9222222222222223e-10,0.7137717394653998,10319.207563542242,0.03192075635422425
btc_small_down_10m,0,0.02,0.025,0.0,0.1,15,high_frequency,0.02546061753627846,2.5460617536278463,0.5454545454545454,44,-0.016484675000034144,-1.6484675000034144,21.0458921738403,1.3569598023765752,2.1363636363636364e-10,0.5812881575747078,10254.606175362784,0.02546061753627846
btc_hl_breakout_6m,0,0.01,0.02,0.0,0.15,15,high_frequency,-0.017606138569394466,-1.7606138569394465,0.3717948717948718,78,-0.06422794207803884,-6.422794207803884,-8.736033392991352,0.8995898975128247,1.3696581196581196e-10,-0.14249362222411632,9823.938614306055,-0.017606138569394466
btc_vol_breakout_2m,0,0.035,0.045,0.0,0.25,30,high_frequency,0.029560999948850804,2.9560999948850806,0.48484848484848486,33,-0.09576600828279813,-9.576600828279814,9.526217654013163,1.1373425034513633,4.0505050505050505e-10,0.3976466697943795,10295.609999488508,0.029560999948850804
btc_hl_breakout_3m,0,0.0075,0.05,0.0,0.2,45,high_frequency,-0.007438046898609423,-0.7438046898609423,0.24074074074074073,54,-0.07027323280489295,-7.027323280489295,-2.1854691305275384,0.9593709161023553,2.1296296296296298e-10,-0.04830547834992021,9925.619531013906,-0.007438046898609423
btc_vol_breakout_9m,0,0.03,0.06,0.0,0.2,5,high_frequency,0.03941485227104656,3.941485227104656,0.4,20,-0.0434183372725746,-4.341833727257461,17.05974311467024,1.3895119457033547,5.525e-10,1.0123592665539065,10394.148522710466,0.03941485227104656
btc_vol_breakout_10m,0,0.01,0.03,0.0,0.1,60,high_frequency,0.0038853938047269366,0.38853938047269365,0.3333333333333333,42,-0.026289406853450936,-2.6289406853450936,4.346995957215688,1.0622024609049687,1.8373015873015873e-10,0.09921957696933359,10038.853938047268,0.0038853938047269366
btc_hl_breakout_2m,0,0.015,0.03,0.0,0.05,5,high_frequency,0.008062704997209829,0.8062704997209829,0.43859649122807015,57,-0.013526860146149455,-1.3526860146149455,12.906939365265037,1.1658122892510767,2.0087719298245613e-10,0.28652122227665255,10080.627049972098,0.008062704997209829
btc_small_down_10m,0,0.01,0.035,0.0,0.2,5,high_frequency,0.01919266398055861,1.9192663980558609,0.32075471698113206,53,-0.0488962586546795,-4.88962586546795,8.434055990549663,1.1188332989845562,1.7547169811320755e-10,0.19468127511720554,10191.926639805586,0.01919266398055861
btc_hl_breakout_7m,0,0.025,0.035,0.0,0.05,45,high_frequency,0.01721096241781704,1.7210962417817042,0.4883720930232558,43,-0.014412084356685284,-1.4412084356685284,23.052544026802014,1.393868513202605,3.0426356589147286e-10,0.8020179621053227,10172.10962417817,0.01721096241781704
btc_hl_breakout_3m,0,0.0125,0.06,0.0,0.1,20,high_frequency,0.013855000786196729,1.385500078619673,0.2926829268292683,41,-0.034679731758371024,-3.4679731758371024,10.413384796319722,1.1693628327354786,3.08130081300813e-10,0.3514891087172784,10138.550007861968,0.013855000786196729
btc_vol_breakout_2m,0,0.005,0.02,0.0,0.1,60,high_frequency,-0.017938466485571222,-1.7938466485571223,0.29473684210526313,95,-0.04118422497618923,-4.118422497618923,-14.895405170462956,0.8447038708884654,9.421052631578948e-11,-0.18618543734946352,9820.615335144288,-0.017938466485571222
btc_hl_breakout_4m,0,0.01,0.035,0.0,0.1,10,high_frequency,0.01809837548149867,1.809837548149867,0.36666666666666664,60,-0.023911549341114613,-2.3911549341114613,14.479511427035979,1.1921362206925261,1.8694444444444444e-10,0.3077556857539638,10180.983754814986,0.01809837548149867
btc_hl_breakout_6m,0,0.025,0.045,0.0,0.15,60,high_frequency,0.012508067458050233,1.2508067458050232,0.42105263157894735,38,-0.05246016778843943,-5.246016778843943,6.720047402425654,1.093231112239776,3.3289473684210525e-10,0.23954360969988509,10125.080674580502,0.012508067458050233
btc_vol_breakout_10m,0,0.005,0.045,0.0,0.1,20,high_frequency,0.0025437821010347193,0.25437821010347195,0.23404255319148937,47,-0.024714746297181178,-2.471474629718118,2.782221776671764,1.0398281244132013,1.5709219858156028e-10,0.060755237321516734,10025.437821010348,0.0025437821010347193
btc_vol_breakout_2m,0,0.02,0.01,0.0,0.1,60,high_frequency,0.027177918109869144,2.7177918109869146,0.6666666666666666,72,-0.01534573594682409,-1.534573594682409,23.950346022551518,1.3507689600902562,1.3032407407407408e-10,0.37763614575593574,10271.779181098691,0.027177918109869144
btc_bullish,0,0.0125,0.01,0.0,0.25,10,high_frequency,0.020098344296799724,2.0098344296799726,0.5377358490566038,106,-0.07230163254369604,-7.230163254369604,6.458791440307694,1.0583884472896616,1.080188679245283e-10,0.09048373509151872,10200.983442967998,0.020098344296799724
btc_hl_breakout_4m,0,0.005,0.04,0.0,0.1,30,high_frequency,0.004390977950399531,0.43909779503995305,0.2647058823529412,68,-0.03285073464610533,-3.285073464610533,3.8887720582463676,1.0460484605728508,1.5612745098039214e-10,0.07165170807084413,10043.909779503996,0.004390977950399531
btc_vol_breakout_9m,0,0.02,0.05,0.0,0.2,15,high_frequency,0.026879548923767562,2.687954892376756,0.38461538461538464,26,-0.041630676365496666,-4.163067636549666,12.439170740418664,1.257935413222695,4.1217948717948717e-10,0.5356436296871302,10268.795489237677,0.026879548923767562
btc_hl_breakout_10m,0,0.01,0.03,0.0,0.25,30,high_frequency,0.013059040941012108,1.3059040941012108,0.3387096774193548,62,-0.08427500367913521,-8.42750036791352,4.783953515856847,1.0497343482211436,1.7419354838709677e-10,0.10690480500998767,10130.59040941012,0.013059040941012108
btc_small_down_10m,0,0.0125,0.05,0.0,0.05,30,high_frequency,0.0054232096026035495,0.5423209602603549,0.325,40,-0.010095127474595511,-1.009512747459551,8.666643312522357,1.1507428225744776,2.6958333333333336e-10,0.2759481703309344,10054.232096026035,0.0054232096026035495
btc_small_down_10m,0,0.01,0.03,0.0,0.2,5,high_frequency,0.03286198866000677,3.286198866000677,0.36666666666666664,60,-0.04367913855600869,-4.367913855600869,13.94409427591363,1.1915173817660822,1.3777777777777778e-10,0.28349356898278877,10328.619886600067,0.03286198866000677
btc_hl_breakout_4m,0,0.035,0.05,0.0,0.2,60,high_frequency,0.037117296181587996,3.7117296181587998,0.4827586206896552,29,-0.061348759759843,-6.1348759759843,13.819728427680218,1.2401243943555325,4.787356321839081e-10,0.6696733509412077,10371.17296181588,0.037117296181587996
btc_hl_breakout_2m,0,0.0075,0.02,0.0,0.05,5,high_frequency,-0.004257377389748729,-0.4257377389748729,0.3625,80,-0.02199226755669137,-2.199226755669137,-6.816546898495007,0.9218642559635623,1.2125e-10,-0.10391508061918511,9957.426226102512,-0.004257377389748729
btc_hl_breakout_6m,0,0.02,0.04,0.0,0.1,30,high_frequency,0.007584327398659582,0.7584327398659582,0.4090909090909091,44,-0.034532978738958886,-3.4532978738958886,6.0504286390736866,1.081159274051245,2.9166666666666664e-10,0.18374834247613756,10075.843273986597,0.007584327398659582
btc_hl_breakout_6m,0,0.0175,0.045,0.0,0.05,90,high_frequency,-0.0096760116519517,-0.9676011651951699,0.29545454545454547,44,-0.02494886176034694,-2.494886176034694,-15.260271004261318,0.8018763123862293,2.7992424242424244e-10,-0.4370791166986837,9903.239883480483,-0.0096760116519517
btc_small_down_10m,0,0.03,0.03,0.0,0.15,90,high_frequency,0.028008462456790402,2.80084624567904,0.5675675675675675,37,-0.0320577318528279,-3.2057731852827898,15.347763501597921,1.256284506410819,2.9144144144144145e-10,0.5156648665654964,10280.084624567904,0.028008462456790402
btc_hl_breakout_9m,0,0.0175,0.04,0.0,0.2,15,high_frequency,0.017918992456693105,1.7918992456693106,0.3673469387755102,49,-0.08811369081275378,-8.811369081275377,7.011121180023503,1.0842142974733626,2.530612244897959e-10,0.20690258999076058,10179.18992456693,0.017918992456693105
btc_alt_aligned,0,0.0125,0.06,0.0,0.25,90,high_frequency,0.06554881215503165,6.5548812155031655,0.2777777777777778,54,-0.07651371986011235,-7.651371986011235,17.488642035577662,1.243208457775706,2.558641975308642e-10,0.5069416704041598,10655.488121550316,0.06554881215503165
btc_small_up_10m,0,0.03,0.045,0.0,0.05,10,high_frequency,0.01310713608319802,1.3107136083198019,0.47058823529411764,34,-0.01653908532929438,-1.6539085329294378,18.494740301337483,1.3445070383506135,3.3676470588235294e-10,0.7753579585437825,10131.07136083198,0.01310713608319802
btc_hl_breakout_2m,0,0.0175,0.05,0.0,0.1,30,high_frequency,0.00035897016574579086,0.03589701657457908,0.3170731707317073,41,-0.04133876594030428,-4.133876594030427,0.6581862893256217,1.0039112025024606,3.0365853658536583e-10,0.02287632948809641,10003.589701657458,0.00035897016574579086
btc_hl_breakout_1m,0,0.0175,0.02,0.0,0.15,90,high_frequency,-0.006031703518052564,-0.6031703518052564,0.4576271186440678,59,-0.05722953138006226,-5.7229531380062255,-2.793981778811729,0.9594882384708816,1.8389830508474577e-10,-0.05732454242603742,9939.682964819474,-0.006031703518052564
btc_vol_breakout_9m,0,0.0175,0.04,0.0,0.15,90,high_frequency,0.006040304519444748,0.6040304519444748,0.4,35,-0.043392202656009404,-4.33922026560094,3.859540479698549,1.0547910971440764,2.980952380952381e-10,0.13263683527595627,10060.403045194447,0.006040304519444748
btc_hl_breakout_5m,0,0.03,0.02,0.0,0.05,5,high_frequency,0.004243999440917577,0.4243999440917577,0.5531914893617021,47,-0.01873333392215193,-1.873333392215193,6.809952782185865,1.0946088557293914,2.49645390070922e-10,0.18550427625047575,10042.439994409177,0.004243999440917577
btc_vol_breakout_9m,0,0.01,0.03,0.0,0.1,30,high_frequency,0.011471867082842379,1.147186708284238,0.3409090909090909,44,-0.022833816872186996,-2.2833816872186996,11.453904442460642,1.1763777666733606,1.9053030303030303e-10,0.2670441444486863,10114.718670828424,0.011471867082842379
btc_small_down_10m,0,0.015,0.045,0.0,0.15,5,high_frequency,0.02461095228963925,2.461095228963925,0.34210526315789475,38,-0.029192234344059265,-2.9192234344059265,14.44909519992755,1.2493667758931264,2.8157894736842104e-10,0.4416059573593356,10246.109522896393,0.02461095228963925
btc_vol_breakout_8m,0,0.005,0.03,0.0,0.15,90,high_frequency,0.0071001527263852265,0.7100152726385226,0.2830188679245283,53,-0.03895119427036087,-3.8951194270360867,5.049143939476421,1.0676967874897139,1.4654088050314466e-10,0.09822812191017224,10071.001527263852,0.0071001527263852265
btc_small_up_9m,0,0.0125,0.035,0.0,0.15,5,high_frequency,0.021439945219264747,2.1439945219264747,0.37209302325581395,43,-0.03562569997036913,-3.562569997036913,12.312521475202221,1.1986828711420578,2.2286821705426357e-10,0.3430361068511874,10214.399452192647,0.021439945219264747
btc_bullish,0,0.005,0.045,0.0,0.25,5,high_frequency,0.04671652245543842,4.671652245543842,0.24390243902439024,82,-0.06820618369949438,-6.820618369949438,13.223225405490137,1.16298548713289,1.459349593495935e-10,0.24244559777953778,10467.165224554385,0.04671652245543842
btc_vol_breakout_10m,0,0.025,0.04,0.0,0.25,15,high_frequency,0.06270843575152599,6.270843575152599,0.5333333333333333,30,-0.06845572204330663,-6.845572204330663,20.73058015488929,1.3919551882100254,3.2444444444444443e-10,0.8473145533832052,10627.08435751526,0.06270843575152599
btc_hl_breakout_2m,0,0.02,0.03,0.0,0.05,45,high_frequency,0.010409713636442228,1.0409713636442228,0.4791666666666667,48,-0.012984901420194594,-1.2984901420194594,15.709523150378848,1.2331623361113841,2.621527777777778e-10,0.43732238788029576,10104.097136364422,0.010409713636442228
btc_vol_breakout_2m,0,0.02,0.06,0.0,0.25,5,high_frequency,0.049921617138886404,4.99216171388864,0.3611111111111111,36,-0.07697180162860295,-7.697180162860295,15.185179777730683,1.2212371137269096,3.62962962962963e-10,0.5901888385370946,10499.216171388864,0.049921617138886404
btc_hl_breakout_9m,0,0.01,0.045,0.0,0.1,90,high_frequency,0.006710734453295379,0.6710734453295379,0.2857142857142857,56,-0.03978542056022005,-3.9785420560220053,5.06280767646144,1.0683881553643266,2.0922619047619048e-10,0.13023131196371496,10067.107344532953,0.006710734453295379
btc_vol_breakout_3m,0,0.035,0.02,0.0,0.15,90,high_frequency,0.039421215571837365,3.9421215571837367,0.6428571428571429,42,-0.03759750430561937,-3.7597504305619367,20.391083084285906,1.3506894889332588,2.5912698412698415e-10,0.6304032937968558,10394.212155718375,0.039421215571837365
btc_hl_breakout_10m,0,0.03,0.06,0.0,0.05,20,high_frequency,0.011656040995717626,1.1656040995717625,0.3870967741935484,31,-0.018736256826500375,-1.8736256826500375,15.255152472712764,1.2684692760316163,4.3763440860215055e-10,0.7617595447775394,10116.560409957176,0.011656040995717626
btc_hl_breakout_10m,0,0.025,0.01,0.0,0.2,15,high_frequency,0.05918201239988891,5.918201239988892,0.6666666666666666,63,-0.04712741554073119,-4.712741554073119,20.938952987532033,1.3284449720610483,1.82010582010582e-10,0.47456811968401025,10591.820123998888,0.05918201239988891
btc_bullish,0,0.025,0.06,0.0,0.2,90,high_frequency,0.06173630374989261,6.173630374989261,0.3611111111111111,36,-0.05491857528536903,-5.491857528536903,20.434117225745144,1.337306489159841,3.712962962962963e-10,0.8767296831956194,10617.363037498926,0.06173630374989261
btc_hl_breakout_2m,0,0.015,0.04,0.0,0.2,5,high_frequency,0.03435357448438435,3.435357448438435,0.3829787234042553,47,-0.05372197846203852,-5.372197846203852,13.796696393360603,1.1907161183591286,2.7056737588652484e-10,0.38171683508761706,10343.535744843844,0.03435357448438435
btc_hl_breakout_1m,0,0.03,0.02,0.0,0.15,45,high_frequency,0.014832967468732113,1.4832967468732112,0.5434782608695652,46,-0.044237202782286156,-4.423720278228616,8.325138081775313,1.1119933163388154,2.543478260869565e-10,0.2287326345463431,10148.32967468732,0.014832967468732113
btc_hl_breakout_6m,0,0.005,0.025,0.0,0.25,15,high_frequency,-0.020615319325599558,-2.061531932559956,0.2558139534883721,86,-0.13058782309368233,-13.058782309368233,-5.186441642732487,0.9305419541347381,1.125968992248062e-10,-0.08046489747023718,9793.846806744004,-0.020615319325599558
btc_vol_breakout_9m,0,0.025,0.025,0.0,0.15,60,high_frequency,0.04627682774729362,4.6276827747293625,0.5625,32,-0.026610301943522985,-2.6610301943522985,28.334810847818524,1.5817234733783472,3.046875e-10,0.9593217059565439,10462.768277472936,0.04627682774729362
btc_hl_breakout_8m,0,0.025,0.06,0.0,0.25,20,high_frequency,0.055450454218985167,5.545045421898517,0.3870967741935484,31,-0.08179921051702632,-8.179921051702632,15.172479631399712,1.2566701978435282,4.4677419354838707e-10,0.7576485839582469,10554.504542189852,0.055450454218985167
btc_hl_breakout_10m,0,0.0075,0.025,0.0,0.05,90,high_frequency,0.003713546614726971,0.3713546614726971,0.352112676056338,71,-0.02124347652346603,-2.124347652346603,5.581990385630811,1.070239741622306,1.4741784037558688e-10,0.10861796097993899,10037.13546614727,0.003713546614726971
btc_vol_breakout_10m,0,0.025,0.035,0.0,0.25,45,high_frequency,0.04888309226981437,4.888309226981437,0.5161290322580645,31,-0.06845572204330785,-6.845572204330786,16.561308260647664,1.300392122205035,3.10752688172043e-10,0.6497938474087059,10488.830922698144,0.04888309226981437
btc_bullish,0,0.025,0.05,0.0,0.05,20,high_frequency,0.015300819160787347,1.5300819160787347,0.41025641025641024,39,-0.013949514540230523,-1.3949514540230523,20.04323276948495,1.3466535446696468,3.431623931623932e-10,0.7888592627692863,10153.008191607874,0.015300819160787347
btc_hl_breakout_6m,0,0.0125,0.04,0.0,0.15,10,high_frequency,0.005461444885175569,0.5461444885175569,0.34615384615384615,52,-0.05016968243054354,-5.016968243054354,3.3437025338526265,1.0371514056741613,2.342948717948718e-10,0.08504177435804942,10054.614448851757,0.005461444885175569
btc_small_up_10m,0,0.0125,0.03,0.0,0.25,5,high_frequency,0.05234377363194894,5.234377363194894,0.3888888888888889,54,-0.07724361508775945,-7.724361508775946,15.618404614614107,1.223923900357388,1.632716049382716e-10,0.4038865534369669,10523.437736319489,0.05234377363194894
btc_hl_breakout_10m,0,0.0075,0.045,0.0,0.05,5,high_frequency,0.0040331792156104085,0.40331792156104085,0.2807017543859649,57,-0.020652487573542988,-2.065248757354299,5.9037891636938085,1.0833421733807065,2.0292397660818713e-10,0.14671798892735868,10040.331792156105,0.0040331792156104085
btc_hl_breakout_8m,0,0.01,0.015,0.0,0.1,30,high_frequency,0.0017922525448094233,0.17922525448094234,0.43209876543209874,81,-0.0393353686822161,-3.93353686822161,1.7103798798582748,1.0160372735457759,1.176954732510288e-10,0.029015007475688404,10017.922525448093,0.0017922525448094233
btc_hl_breakout_2m,0,0.035,0.02,0.0,0.25,10,high_frequency,0.10403182114529068,10.403182114529068,0.6818181818181818,44,-0.04738237388492306,-4.738237388492306,33.44876608254785,1.5867051692216136,2.7272727272727273e-10,0.9235690882195807,11040.318211452906,0.10403182114529068
btc_small_up_10m,0,0.03,0.02,0.0,0.25,45,high_frequency,0.05712740778128414,5.712740778128414,0.5581395348837209,43,-0.07454657430611633,-7.454657430611633,16.83639823819273,1.269066429552752,2.503875968992248e-10,0.5489377854882166,10571.274077812841,0.05712740778128414
btc_small_down_10m,0,0.0175,0.01,0.0,0.2,90,high_frequency,0.048428422444880014,4.8428422444880015,0.5964912280701754,57,-0.036896371142081774,-3.6896371142081774,22.92398251434218,1.347814124086978,1.280701754385965e-10,0.42685975064035475,10484.2842244488,0.048428422444880014
btc_vol_breakout_8m,0,0.03,0.035,0.0,0.2,5,high_frequency,0.03419867256705043,3.4198672567050425,0.53125,32,-0.05735183766422325,-5.735183766422325,14.235644658660506,1.2395064802516087,3.484375e-10,0.5539973514382237,10341.986725670504,0.03419867256705043
btc_small_down_10m,0,0.0075,0.02,0.0,0.25,45,high_frequency,0.06498552514439952,6.498552514439952,0.4057971014492754,69,-0.05821196976413545,-5.821196976413545,23.73571149706012,1.3102142635283918,1.0603864734299516e-10,0.3788146706532272,10649.855251443994,0.06498552514439952
btc_hl_breakout_8m,0,0.01,0.02,0.0,0.15,20,high_frequency,-0.0045902989108516975,-0.45902989108516973,0.36619718309859156,71,-0.06136870046023002,-6.136870046023002,-1.640260570480823,0.9723649714835048,1.4906103286384976e-10,-0.03148043757857466,9954.097010891483,-0.0045902989108516975
btc_vol_breakout_8m,0,0.005,0.01,0.0,0.15,10,high_frequency,-0.02023214825142984,-2.023214825142984,0.3880597014925373,67,-0.04237729240056454,-4.237729240056454,-13.986962499291616,0.8145529168798022,8.582089552238805e-11,-0.19762312587826306,9797.678517485701,-0.02023214825142984
btc_vol_breakout_8m,0,0.01,0.035,0.0,0.25,30,high_frequency,0.035377212485818016,3.5377212485818017,0.3409090909090909,44,-0.04691958746313818,-4.6919587463138175,14.173126455897943,1.2074265676881049,1.9393939393939395e-10,0.33591574804463187,10353.77212485818,0.035377212485818016
btc_vol_breakout_3m,0,0.0075,0.05,0.0,0.15,15,high_frequency,-0.03351608287406041,-3.351608287406041,0.21052631578947367,57,-0.06742963592811946,-6.742963592811946,-18.884175041919722,0.7720163507197417,1.7339181286549709e-10,-0.3861401462211962,9664.839171259397,-0.03351608287406041
btc_small_down_10m,0,0.02,0.03,0.0,0.15,90,high_frequency,0.02539506539176209,2.539506539176209,0.47619047619047616,42,-0.032712396708515556,-3.2712396708515556,14.125874688261497,1.2266178219213575,2.257936507936508e-10,0.41315089895709284,10253.950653917622,0.02539506539176209
btc_hl_breakout_9m,0,0.01,0.06,0.0,0.1,30,high_frequency,0.01281576167008494,1.281576167008494,0.2608695652173913,46,-0.03773140405739628,-3.773140405739628,8.988576506628412,1.1477477895347352,2.782608695652174e-10,0.2920482936248388,10128.15761670085,0.01281576167008494
btc_vol_breakout_10m,0,0.03,0.015,0.0,0.05,10,high_frequency,0.007947634926460763,0.7947634926460763,0.625,40,-0.01018186511120478,-1.018186511120478,14.9533275600302,1.2688756022293675,2.345833333333333e-10,0.400187733949779,10079.476349264607,0.007947634926460763
btc_hl_breakout_5m,0,0.035,0.04,0.0,0.25,45,high_frequency,0.04988175412099836,4.988175412099836,0.5142857142857142,35,-0.08134125522996538,-8.134125522996538,15.154229884927192,1.2286210223814353,3.847619047619048e-10,0.5985768854449948,10498.817541209984,0.04988175412099836
btc_small_down_10m,0,0.035,0.05,0.0,0.15,5,high_frequency,0.010124791762850145,1.0124791762850145,0.44,25,-0.04970932772840908,-4.970932772840908,5.683283984243987,1.096505786704003,4.8e-10,0.30131517450477147,10101.247917628501,0.010124791762850145
btc_small_up_10m,0,0.025,0.06,0.0,0.1,90,high_frequency,0.019631497912627343,1.9631497912627343,0.3333333333333333,30,-0.03789165671325423,-3.789165671325423,13.714303942632245,1.2532031547169002,4.005555555555556e-10,0.6726603215208983,10196.314979126273,0.019631497912627343
btc_vol_breakout_2m,0,0.0175,0.01,0.0,0.05,45,high_frequency,0.00641826107705541,0.641826107705541,0.6133333333333333,75,-0.010717281636113407,-1.0717281636113407,11.673163417288205,1.152234977200724,1.2044444444444443e-10,0.1730609782601392,10064.182610770555,0.00641826107705541
btc_vol_breakout_10m,0,0.01,0.015,0.0,0.1,20,high_frequency,-0.0015605768053165775,-0.15605768053165775,0.4423076923076923,52,-0.023576799776867552,-2.357679977686755,-1.4439718985547574,0.9761782672131323,1.253205128205128e-10,-0.025125955470808675,9984.394231946833,-0.0015605768053165775
btc_bullish,0,0.0175,0.015,0.0,0.05,30,high_frequency,0.011977330701588454,1.1977330701588453,0.5394736842105263,76,-0.012228490316288254,-1.2228490316288254,16.345766307954484,1.2116694626878757,1.6228070175438597e-10,0.31790870516607095,10119.773307015885,0.011977330701588454
btc_vol_breakout_9m,0,0.0175,0.01,0.0,0.2,90,high_frequency,0.003972524866868003,0.39725248668680024,0.6,50,-0.04884063946628536,-4.884063946628537,2.596825237478552,1.0312990123328594,1.3933333333333332e-10,0.050738573051658145,10039.72524866868,0.003972524866868003
btc_hl_breakout_4m,0,0.0075,0.035,0.0,0.2,10,high_frequency,0.011750854490448796,1.1750854490448797,0.328125,64,-0.058184061861694336,-5.818406186169433,5.295618998240251,1.055856300922924,1.8645833333333332e-10,0.10773054484262065,10117.508544904487,0.011750854490448796
btc_small_up_10m,0,0.035,0.02,0.0,0.1,10,high_frequency,0.031702524428335904,3.1702524428335903,0.6097560975609756,41,-0.031109602653575652,-3.110960265357565,21.88057979131947,1.4115488398822078,2.686991869918699e-10,0.7757019065849816,10317.025244283359,0.031702524428335904
btc_small_up_10m,0,0.025,0.05,0.0,0.15,60,high_frequency,0.028010521049342877,2.801052104934288,0.38235294117647056,34,-0.05667089026869121,-5.667089026869121,13.298147631184868,1.2272926358874021,3.4558823529411765e-10,0.5708973348987871,10280.105210493428,0.028010521049342877
btc_hl_breakout_1m,0,0.005,0.06,0.0,0.2,20,high_frequency,0.010347160134944694,1.0347160134944693,0.2033898305084746,59,-0.07731290740570207,-7.731290740570207,4.808341353168601,1.0559081816878289,1.8107344632768363e-10,0.10753612835177412,10103.471601349447,0.010347160134944694
btc_hl_breakout_6m,0,0.03,0.06,0.0,0.1,15,high_frequency,-0.014020380702703722,-1.4020380702703723,0.2903225806451613,31,-0.055384842516362776,-5.5384842516362776,-10.135509861356766,0.8517514354889215,4.150537634408602e-10,-0.4345295177161368,9859.796192972963,-0.014020380702703722
btc_hl_breakout_9m,0,0.025,0.045,0.0,0.15,45,high_frequency,0.04487249542621764,4.487249542621765,0.46153846153846156,39,-0.04717004824905491,-4.717004824905491,20.08879039996852,1.3375527856570428,3.188034188034188e-10,0.7753711952961415,10448.724954262176,0.04487249542621764
btc_hl_breakout_3m,0,0.01,0.04,0.0,0.2,30,high_frequency,0.014455215302181046,1.4455215302181046,0.34545454545454546,55,-0.06719889322407058,-6.719889322407058,6.419026141181017,1.0779988090825237,2.1151515151515152e-10,0.14821824142157314,10144.55215302181,0.014455215302181046
btc_small_down_10m,0,0.0125,0.015,0.0,0.2,10,high_frequency,0.06796393152874527,6.796393152874527,0.5245901639344263,61,-0.041476705177310946,-4.147670517731095,31.391115778479335,1.4657660952269793,1.1967213114754098e-10,0.5508917756704684,10679.639315287453,0.06796393152874527
btc_hl_breakout_6m,0,0.015,0.035,0.0,0.15,30,high_frequency,-0.003334092719294631,-0.3334092719294631,0.35294117647058826,51,-0.055579886797085254,-5.557988679708526,-1.2188154548891084,0.9779248731783947,2.264705882352941e-10,-0.028720269000628337,9966.659072807053,-0.003334092719294631
btc_vol_breakout_8m,0,0.035,0.04,0.0,0.25,60,high_frequency,0.03341208979574658,3.341208979574658,0.5333333333333333,30,-0.07348229949316543,-7.348229949316543,11.39409825481258,1.1799468336301355,3.8611111111111114e-10,0.47705148951975734,10334.120897957466,0.03341208979574658
btc_vol_breakout_2m,0,0.035,0.045,0.0,0.1,45,high_frequency,0.012603790840413411,1.2603790840413411,0.48484848484848486,33,-0.03922260466649197,-3.9222604666491967,9.553482710034702,1.1508250054416282,4.0505050505050505e-10,0.39764666979438057,10126.037908404134,0.012603790840413411
btc_hl_breakout_10m,0,0.005,0.03,0.0,0.25,15,high_frequency,0.005733430938883794,0.5733430938883793,0.26582278481012656,79,-0.1254364270087548,-12.543642700875479,2.6766249866670617,1.0203752060723745,1.219409282700422e-10,0.0473677675637993,10057.334309388838,0.005733430938883794
btc_small_up_9m,0,0.03,0.045,0.0,0.25,15,high_frequency,0.05148751847321082,5.1487518473210825,0.5,30,-0.056263376136110654,-5.626337613611065,17.13183289239541,1.299038946312924,3.6722222222222223e-10,0.70824844324633,10514.875184732107,0.05148751847321082
btc_vol_breakout_3m,0,0.015,0.03,0.0,0.05,5,high_frequency,0.012938137767468862,1.2938137767468862,0.44680851063829785,47,-0.011874514066493647,-1.1874514066493647,20.21967108692776,1.327783739945461,2.2127659574468084e-10,0.5527069264018704,10129.381377674688,0.012938137767468862
btc_bullish,0,0.03,0.035,0.0,0.25,5,high_frequency,0.0734774773960879,7.34774773960879,0.5,42,-0.06719783023841164,-6.719783023841163,19.85743559784157,1.2937812364851404,3.178571428571429e-10,0.7170021734085307,10734.774773960879,0.0734774773960879
btc_hl_breakout_7m,0,0.03,0.015,0.0,0.05,90,high_frequency,0.00823097884747816,0.8230978847478161,0.5925925925925926,54,-0.02143243610008705,-2.143243610008705,11.68194860211339,1.1726295693041557,2.138888888888889e-10,0.30939970329162214,10082.309788474782,0.00823097884747816
btc_vol_breakout_3m,0,0.02,0.01,0.0,0.15,60,high_frequency,0.024836519408262255,2.4836519408262254,0.6515151515151515,66,-0.037935746537335335,-3.7935746537335335,13.738520257106469,1.193403063740027,1.318181818181818e-10,0.25809731288300164,10248.365194082622,0.024836519408262255
btc_vol_breakout_10m,0,0.03,0.04,0.0,0.25,10,high_frequency,0.05103114577166962,5.103114577166962,0.5517241379310345,29,-0.07130239381852366,-7.130239381852366,16.969428324280944,1.2998094919115664,3.5459770114942525e-10,0.7257574718224147,10510.311457716696,0.05103114577166962
btc_vol_breakout_9m,0,0.0075,0.015,0.0,0.05,90,high_frequency,0.0005387916091750242,0.05387916091750242,0.4074074074074074,54,-0.013295969643504102,-1.3295969643504102,1.235934123073589,1.015793853002296,1.2160493827160495e-10,0.022693555383027825,10005.38791609175,0.0005387916091750242
btc_hl_breakout_7m,0,0.0075,0.025,0.0,0.25,15,high_frequency,0.002677775174113549,0.2677775174113549,0.32,75,-0.12325211546676518,-12.325211546676517,1.787402424542399,1.0089818706157303,1.488888888888889e-10,0.03415966787106333,10026.777751741136,0.002677775174113549
btc_hl_breakout_5m,0,0.005,0.045,0.0,0.05,30,high_frequency,0.00694511384790406,0.694511384790406,0.24285714285714285,70,-0.02270701214991655,-2.270701214991655,10.082298626879199,1.141294458109438,1.5214285714285713e-10,0.20233126425507086,10069.45113847904,0.00694511384790406
btc_hl_breakout_7m,0,0.0075,0.015,0.0,0.15,5,high_frequency,-0.0032215911289244104,-0.32215911289244104,0.375,88,-0.07502893175176972,-7.502893175176972,-0.9273992154306056,0.9819766371529703,1.134469696969697e-10,-0.01470310401745675,9967.784088710756,-0.0032215911289244104
btc_alt_aligned,0,0.005,0.025,0.0,0.1,5,high_frequency,0.0035750631153186416,0.3575063115318642,0.29310344827586204,116,-0.0411068793275049,-4.11068793275049,2.7808303097100824,1.02417974141079,1.081896551724138e-10,0.03696583107412976,10035.750631153187,0.0035750631153186416
btc_small_down_10m,0,0.03,0.05,0.0,0.2,60,high_frequency,0.025435765752661155,2.5435765752661155,0.4074074074074074,27,-0.0509825801122783,-5.09825801122783,11.084729335364571,1.1974301609374887,4.37037037037037e-10,0.49933575497423943,10254.357657526612,0.025435765752661155
btc_hl_breakout_10m,0,0.01,0.06,0.0,0.05,20,high_frequency,0.0066365034346200615,0.6636503434620061,0.24444444444444444,45,-0.017091416456524344,-1.7091416456524344,9.4378709376851,1.154702168554633,2.733333333333333e-10,0.3019963399804074,10066.365034346201,0.0066365034346200615
btc_vol_breakout_8m,0,0.025,0.06,0.0,0.25,5,high_frequency,0.04565395127331935,4.565395127331935,0.36363636363636365,22,-0.051558845011550614,-5.155884501155061,16.05066934024088,1.3442900579958463,4.954545454545454e-10,0.8626476325535627,10456.539512733194,0.04565395127331935
btc_hl_breakout_2m,0,0.025,0.015,0.0,0.15,15,high_frequency,0.02527175385059113,2.5271753850591128,0.6101694915254238,59,-0.03776336219539411,-3.7763362195394112,13.29660636974302,1.1753425936521857,1.8559322033898304e-10,0.29523529665783654,10252.71753850591,0.02527175385059113
btc_vol_breakout_8m,0,0.03,0.035,0.0,0.1,15,high_frequency,0.01741119540960974,1.7411195409609739,0.53125,32,-0.02898807728115982,-2.898807728115982,14.22641098486761,1.249912733639166,3.484375e-10,0.553997351438224,10174.111954096097,0.01741119540960974
btc_alt_aligned,0,0.0125,0.015,0.0,0.15,90,high_frequency,0.0235555497413161,2.35555497413161,0.46875,96,-0.05153987070312849,-5.153987070312849,10.88410177833377,1.1136853355760608,1.3489583333333333e-10,0.17265171929101555,10235.555497413161,0.0235555497413161
btc_hl_breakout_4m,0,0.0125,0.03,0.0,0.2,45,high_frequency,0.058503202532104455,5.8503202532104455,0.45,60,-0.04165435586300692,-4.165435586300692,22.445688765513,1.3036777982024632,1.8555555555555554e-10,0.49125532023414814,10585.032025321045,0.058503202532104455
btc_hl_breakout_1m,0,0.025,0.06,0.0,0.1,60,high_frequency,0.016704291454760437,1.6704291454760438,0.36363636363636365,33,-0.03770109064742333,-3.770109064742333,12.268561075614674,1.1966243146093332,4e-10,0.5236096763317981,10167.042914547605,0.016704291454760437
btc_hl_breakout_4m,0,0.015,0.015,0.0,0.1,20,high_frequency,0.02351448312908758,2.351448312908758,0.5652173913043478,69,-0.021858784199748404,-2.1858784199748404,18.25844609563992,1.2489394003993763,1.4879227053140098e-10,0.34418517583547165,10235.144831290876,0.02351448312908758
btc_vol_breakout_3m,0,0.0075,0.05,0.0,0.05,30,high_frequency,-0.0110560014057751,-1.10560014057751,0.21052631578947367,57,-0.022811380431777994,-2.2811380431777994,-18.78254721620421,0.7736106719639143,1.7339181286549709e-10,-0.3861401462211937,9889.439985942248,-0.0110560014057751
btc_alt_aligned,0,0.03,0.06,0.0,0.05,15,high_frequency,0.015005233231960631,1.500523323196063,0.4,35,-0.017282456876218433,-1.7282456876218433,19.149426094261653,1.3186914706674482,4.0523809523809523e-10,0.8643161243135369,10150.052332319607,0.015005233231960631
btc_small_down_10m,0,0.01,0.04,0.0,0.1,90,high_frequency,0.003091313813804777,0.3091313813804777,0.28,50,-0.022335900714349877,-2.2335900714349877,2.818821086851274,1.039469732808673,1.9899999999999998e-10,0.0697790578743589,10030.913138138048,0.003091313813804777
btc_hl_breakout_4m,0,0.0175,0.035,0.0,0.05,45,high_frequency,0.007008510612893894,0.7008510612893895,0.4166666666666667,48,-0.013571328392172566,-1.3571328392172566,10.691966053521721,1.1505302909356379,2.625e-10,0.2967620900809154,10070.08510612894,0.007008510612893894
btc_hl_breakout_2m,0,0.005,0.03,0.0,0.1,10,high_frequency,0.0017872123859558429,0.17872123859558428,0.2948717948717949,78,-0.03996977036041971,-3.996977036041971,1.8480157917766784,1.0178073813429596,1.202991452991453e-10,0.02884956532219449,10017.872123859559,0.0017872123859558429
btc_small_down_10m,0,0.0125,0.04,0.0,0.25,90,high_frequency,0.014442630308766002,1.4442630308766002,0.325,40,-0.04982801537716397,-4.982801537716397,5.456420683845227,1.0781278874778149,2.6583333333333335e-10,0.16834000056405932,10144.426303087661,0.014442630308766002
btc_hl_breakout_4m,0,0.005,0.04,0.0,0.05,90,high_frequency,0.002314769403480551,0.2314769403480551,0.2647058823529412,68,-0.016477530529050655,-1.6477530529050655,3.900312425203282,1.0490998638810367,1.5612745098039214e-10,0.07165170807084442,10023.147694034806,0.002314769403480551
btc_hl_breakout_1m,0,0.035,0.035,0.0,0.2,20,high_frequency,0.05430033980875633,5.430033980875633,0.5714285714285714,35,-0.05946897951703689,-5.946897951703689,20.542099160019585,1.3593452017687346,3.7619047619047624e-10,0.7842330416646787,10543.003398087563,0.05430033980875633
btc_small_up_10m,0,0.0175,0.03,0.0,0.2,90,high_frequency,0.05538254000097163,5.538254000097163,0.4375,48,-0.06792570295639211,-6.79257029563921,20.101822597809402,1.3145402151421077,2.0729166666666666e-10,0.5853035124166022,10553.825400009717,0.05538254000097163
btc_vol_breakout_10m,0,0.0175,0.015,0.0,0.1,30,high_frequency,0.0019662450082195844,0.19662450082195845,0.5106382978723404,47,-0.024428669946433113,-2.4428669946433113,2.221060241641721,1.0285987674831507,1.6063829787234043e-10,0.04825488237412102,10019.662450082196,0.0019662450082195844
btc_small_up_10m,0,0.035,0.06,0.0,0.25,5,high_frequency,0.08071938118286785,8.071938118286786,0.44,25,-0.08638500720015485,-8.638500720015486,21.64435616801088,1.4398754905164217,5.066666666666667e-10,1.3166505885246436,10807.193811828678,0.08071938118286785
btc_bullish,0,0.0125,0.035,0.0,0.25,60,high_frequency,0.05193674492953496,5.193674492953496,0.35384615384615387,65,-0.06330040716243446,-6.330040716243445,14.576324064320135,1.172871173660401,1.9307692307692307e-10,0.3383573567235869,10519.36744929535,0.05193674492953496
btc_hl_breakout_5m,0,0.0075,0.04,0.0,0.25,5,high_frequency,-0.007741147315913304,-0.7741147315913304,0.2903225806451613,62,-0.10737180348126796,-10.737180348126795,-1.460177486875009,0.9713028459325757,1.9408602150537633e-10,-0.02902201006930953,9922.588526840867,-0.007741147315913304
btc_hl_breakout_8m,0,0.02,0.02,0.0,0.1,15,high_frequency,0.021031548588736165,2.1031548588736166,0.5087719298245614,57,-0.029462495020538992,-2.9462495020538992,14.799213287246184,1.2081269235073215,2.04093567251462e-10,0.37620937098764495,10210.315485887362,0.021031548588736165
btc_hl_breakout_9m,0,0.035,0.04,0.0,0.25,5,high_frequency,0.06103667642677774,6.103667642677775,0.5142857142857142,35,-0.09207180663028547,-9.207180663028547,16.626419454999333,1.2545716548700274,3.714285714285714e-10,0.7288662066977875,10610.366764267777,0.06103667642677774
btc_vol_breakout_10m,0,0.02,0.02,0.0,0.2,30,high_frequency,0.03559469562977433,3.559469562977433,0.5384615384615384,39,-0.04244512965995961,-4.244512965995961,17.377909859556915,1.283914365465323,2.0213675213675213e-10,0.4653618035164609,10355.946956297743,0.03559469562977433
btc_vol_breakout_9m,0,0.025,0.03,0.0,0.1,60,high_frequency,0.029767277501580418,2.976727750158042,0.5483870967741935,31,-0.016760153631099395,-1.6760153631099395,26.57516540775155,1.5412701765803265,3.263440860215054e-10,0.9589986877593099,10297.672775015804,0.029767277501580418
btc_hl_breakout_7m,0,0.005,0.015,0.0,0.05,90,high_frequency,-0.0013387064605051876,-0.13387064605051877,0.31958762886597936,97,-0.025384064147892293,-2.5384064147892293,-1.7452900520270174,0.9768873294868623,9.776632302405497e-11,-0.024725320261702526,9986.612935394947,-0.0013387064605051876
btc_vol_breakout_8m,0,0.03,0.025,0.0,0.1,60,high_frequency,0.029281467634881722,2.928146763488172,0.5882352941176471,34,-0.02028062193475655,-2.028062193475655,26.161800879014734,1.4989319596676975,3.0784313725490195e-10,0.8606215601713343,10292.814676348817,0.029281467634881722
btc_vol_breakout_8m,0,0.025,0.03,0.0,0.05,60,high_frequency,0.014870328676298885,1.4870328676298885,0.5454545454545454,33,-0.008527212955427799,-0.8527212955427799,26.343015782315856,1.5146008270827347,3.1515151515151516e-10,0.9012524175764807,10148.70328676299,0.014870328676298885
btc_alt_aligned,0,0.0075,0.045,0.0,0.1,90,high_frequency,0.011450499899962609,1.145049989996261,0.2597402597402597,77,-0.03925762973070002,-3.9257629730700017,7.801962609277892,1.0950099029104745,1.7424242424242424e-10,0.1569045867905174,10114.504998999626,0.011450499899962609
btc_alt_aligned,0,0.025,0.02,0.0,0.1,15,high_frequency,0.01903607261378181,1.9036072613781811,0.5454545454545454,55,-0.030987769029464873,-3.0987769029464873,12.814754574476257,1.1768435876212817,2.5090909090909093e-10,0.3554406505214087,10190.360726137818,0.01903607261378181
btc_vol_breakout_10m,0,0.0125,0.025,0.0,0.1,30,high_frequency,0.01681938257654341,1.6819382576543411,0.42857142857142855,42,-0.021607354770362908,-2.1607354770362908,16.70907132827465,1.2693252624535616,1.853174603174603e-10,0.40517107229491467,10168.193825765435,0.01681938257654341
btc_small_down_10m,0,0.03,0.035,0.0,0.25,90,high_frequency,0.041249724966613215,4.1249724966613215,0.5454545454545454,33,-0.05504047088220998,-5.504047088220998,13.822429943958566,1.2344378517496188,3.383838383838384e-10,0.5226897607576312,10412.497249666132,0.041249724966613215
btc_vol_breakout_3m,0,0.0125,0.03,0.0,0.2,45,high_frequency,0.039883916060638396,3.9883916060638396,0.42,50,-0.048752200406812385,-4.8752200406812385,16.03562737443393,1.2310087874381062,1.9766666666666666e-10,0.4104991559770493,10398.839160606383,0.039883916060638396
btc_hl_breakout_2m,0,0.0175,0.03,0.0,0.05,5,high_frequency,-0.0026004440941101792,-0.2600444094110179,0.39215686274509803,51,-0.021527863101238665,-2.1527863101238665,-3.9468813291900493,0.9484984196998542,2.3431372549019606e-10,-0.09737375676661518,9973.995559058898,-0.0026004440941101792
btc_bullish,0,0.0125,0.015,0.0,0.05,10,high_frequency,0.008925665268915247,0.8925665268915247,0.4883720930232558,86,-0.01263405034090237,-1.263405034090237,12.189608898275402,1.148090228260702,1.3972868217054264e-10,0.21064665185624365,10089.256652689153,0.008925665268915247
btc_hl_breakout_3m,0,0.0125,0.02,0.0,0.15,60,high_frequency,0.018622325842997202,1.8622325842997203,0.47058823529411764,68,-0.035847709516279025,-3.5847709516279025,10.084548764125435,1.1211806244898144,1.6568627450980393e-10,0.19156251349679473,10186.223258429973,0.018622325842997202
btc_hl_breakout_9m,0,0.01,0.03,0.0,0.2,10,high_frequency,0.019009260668284834,1.9009260668284833,0.34375,64,-0.07641653362843237,-7.641653362843237,7.521438885144294,1.0883790717210127,1.7265625e-10,0.1657828700651074,10190.092606682849,0.019009260668284834
btc_small_down_10m,0,0.01,0.03,0.0,0.1,10,high_frequency,0.016717039252552992,1.6717039252552992,0.36666666666666664,60,-0.022018988297687114,-2.2018988297687114,13.912648552957922,1.1995709414617257,1.3777777777777778e-10,0.28349356898278644,10167.17039252553,0.016717039252552992
btc_hl_breakout_6m,0,0.0125,0.06,0.0,0.15,30,high_frequency,-0.010791961401938511,-1.079196140193851,0.25,44,-0.06149225936501779,-6.149225936501779,-4.725468966475166,0.9224369267424437,2.787878787878788e-10,-0.14410682956166884,9892.080385980615,-0.010791961401938511
btc_small_up_10m,0,0.035,0.06,0.0,0.1,15,high_frequency,0.03266764930364243,3.266764930364243,0.44,25,-0.03533252866885839,-3.5332528668858387,21.682002983620325,1.4701333608083047,5.066666666666667e-10,1.3166505885246405,10326.676493036424,0.03266764930364243
btc_hl_breakout_6m,0,0.035,0.025,0.0,0.15,20,high_frequency,0.010007006773926878,1.0007006773926879,0.5641025641025641,39,-0.04360970641506323,-4.360970641506324,5.586005710839542,1.0778182664698055,3.294871794871795e-10,0.18922707831027064,10100.070067739269,0.010007006773926878
btc_vol_breakout_2m,0,0.025,0.01,0.0,0.05,30,high_frequency,0.014688653157412948,1.4688653157412948,0.696969696969697,66,-0.007622442958888476,-0.7622442958888476,25.25278671431663,1.3983316627380722,1.5126262626262626e-10,0.44505918433603947,10146.88653157413,0.014688653157412948
btc_small_up_10m,0,0.0125,0.035,0.0,0.05,20,high_frequency,0.00861513997791597,0.861513997791597,0.36,50,-0.015963359638872965,-1.5963359638872965,12.369411704495429,1.1976310269006527,1.9033333333333332e-10,0.3490542612927255,10086.151399779159,0.00861513997791597
btc_alt_aligned,0,0.025,0.01,0.0,0.15,30,high_frequency,0.01872159189948827,1.8721591899488272,0.6419753086419753,81,-0.052568856623107285,-5.2568856623107285,8.790207741624153,1.100703842897577,1.6316872427983539e-10,0.16545358049043024,10187.215918994883,0.01872159189948827
btc_hl_breakout_6m,0,0.005,0.025,0.0,0.05,10,high_frequency,-0.0035928590569176038,-0.3592859056917604,0.2558139534883721,86,-0.027275636499755285,-2.7275636499755285,-5.130722630205043,0.9367639568437675,1.125968992248062e-10,-0.08046489747023734,9964.071409430824,-0.0035928590569176038
btc_hl_breakout_7m,0,0.0075,0.06,0.0,0.25,20,high_frequency,-0.0033030467081599907,-0.33030467081599907,0.2,55,-0.12506528954830565,-12.506528954830564,0.1853988911025343,0.9873465634727264,2.2272727272727272e-10,0.008098180744318968,9966.9695329184,-0.0033030467081599907
btc_small_up_10m,0,0.0075,0.045,0.0,0.15,15,high_frequency,0.05294257819158381,5.294257819158381,0.3333333333333333,51,-0.0357231889597065,-3.5723188959706498,25.621401561705913,1.4614683414657361,1.699346405228758e-10,0.691162620818128,10529.425781915837,0.05294257819158381
btc_hl_breakout_6m,0,0.0125,0.06,0.0,0.05,30,high_frequency,-0.003312158152910348,-0.3312158152910348,0.25,44,-0.02073493152802952,-2.073493152802952,-4.675965970343993,0.9278637986391609,2.787878787878788e-10,-0.1441068295616657,9966.878418470897,-0.003312158152910348
btc_vol_breakout_3m,0,0.025,0.05,0.0,0.15,90,high_frequency,0.0216033210287221,2.16033210287221,0.41935483870967744,31,-0.055505933405701646,-5.550593340570165,11.117067035309736,1.1892694722867712,3.9301075268817207e-10,0.48745086979458785,10216.033210287222,0.0216033210287221
btc_hl_breakout_4m,0,0.005,0.035,0.0,0.1,20,high_frequency,0.005356277536031974,0.5356277536031974,0.2714285714285714,70,-0.0313442574677788,-3.13442574677788,4.676124797080544,1.0556831698205105,1.5e-10,0.08334762703310176,10053.56277536032,0.005356277536031974
btc_hl_breakout_3m,0,0.0125,0.035,0.0,0.05,5,high_frequency,0.0110768396963545,1.10768396963545,0.41509433962264153,53,-0.013781816815399917,-1.3781816815399917,17.050684309582557,1.248760018909492,2.210691823899371e-10,0.42101730329576914,10110.768396963545,0.0110768396963545
btc_hl_breakout_10m,0,0.0075,0.045,0.0,0.1,60,high_frequency,0.007776713904939243,0.7776713904939243,0.2807017543859649,57,-0.041040486511888075,-4.1040486511888075,5.896997092635938,1.0792875918321287,2.0292397660818713e-10,0.14671798892735724,10077.767139049392,0.007776713904939243
btc_hl_breakout_8m,0,0.015,0.02,0.0,0.25,90,high_frequency,0.08067335537009039,8.06733553700904,0.49206349206349204,63,-0.05256533298644417,-5.256533298644417,24.226877433046198,1.3313884665777822,1.7513227513227512e-10,0.5137025711347941,10806.733553700904,0.08067335537009039
btc_hl_breakout_9m,0,0.035,0.01,0.0,0.1,90,high_frequency,0.027636976778509143,2.763697677850914,0.7192982456140351,57,-0.02804260819409754,-2.804260819409754,18.94081626745352,1.3317895716170163,2.1461988304093566e-10,0.48859095845662653,10276.36976778509,0.027636976778509143
btc_hl_breakout_9m,0,0.035,0.015,0.0,0.1,45,high_frequency,0.024070309588805437,2.4070309588805436,0.6530612244897959,49,-0.03098750960329033,-3.098750960329033,16.543488002565983,1.2694882125121478,2.537414965986395e-10,0.49818669647015423,10240.703095888055,0.024070309588805437
btc_hl_breakout_2m,0,0.025,0.025,0.0,0.15,20,high_frequency,0.03383628661903722,3.383628661903722,0.5434782608695652,46,-0.033285893023748625,-3.3285893023748625,17.307777617371492,1.2562854753797128,2.721014492753623e-10,0.49924412657136363,10338.362866190371,0.03383628661903722
btc_hl_breakout_8m,0,0.015,0.035,0.0,0.05,60,high_frequency,0.011255227083129529,1.1255227083129529,0.39215686274509803,51,-0.01618578540509963,-1.6185785405099629,15.662536117889353,1.2305734948956841,2.2908496732026143e-10,0.4457491495612007,10112.552270831295,0.011255227083129529
btc_hl_breakout_6m,0,0.01,0.02,0.0,0.15,60,high_frequency,-0.017606138569394466,-1.7606138569394465,0.3717948717948718,78,-0.06422794207803884,-6.422794207803884,-8.736033392991352,0.8995898975128247,1.3696581196581196e-10,-0.14249362222411632,9823.938614306055,-0.017606138569394466
btc_hl_breakout_8m,0,0.015,0.04,0.0,0.05,45,high_frequency,0.011214421587462517,1.1214421587462517,0.3829787234042553,47,-0.016185785405097075,-1.6185785405097075,15.492165377003861,1.243668628373338,2.673758865248227e-10,0.4817907884815157,10112.144215874625,0.011214421587462517
btc_hl_breakout_1m,0,0.0125,0.035,0.0,0.25,20,high_frequency,0.019650981748916455,1.9650981748916454,0.35714285714285715,56,-0.08634964239390219,-8.63496423939022,6.906895951533021,1.0746501991320923,2.142857142857143e-10,0.16375693666971483,10196.509817489165,0.019650981748916455
btc_hl_breakout_9m,0,0.0125,0.025,0.0,0.2,30,high_frequency,0.045856526448655476,4.585652644865547,0.4126984126984127,63,-0.056401408609917936,-5.640140860991794,16.334440533841804,1.2111080222190966,1.8015873015873017e-10,0.37570483422470347,10458.565264486555,0.045856526448655476
btc_vol_breakout_2m,0,0.025,0.03,0.0,0.05,45,high_frequency,0.008871835706147028,0.8871835706147028,0.5333333333333333,45,-0.011392008310870949,-1.139200831087095,13.48164582961875,1.2027136878886604,2.877777777777778e-10,0.39851025034459836,10088.71835706147,0.008871835706147028
btc_bullish,0,0.03,0.02,0.0,0.05,20,high_frequency,0.013499210477790843,1.3499210477790842,0.5769230769230769,52,-0.012718228056333936,-1.2718228056333936,18.110651686076114,1.2762749525939316,2.5160256410256414e-10,0.5225144015067111,10134.992104777908,0.013499210477790843
btc_hl_breakout_9m,0,0.015,0.02,0.0,0.2,20,high_frequency,0.054601719708679664,5.460171970867966,0.46875,64,-0.06138136166045438,-6.138136166045438,21.039362905903726,1.2735165298832738,1.7291666666666666e-10,0.4319188195571573,10546.017197086796,0.054601719708679664
btc_alt_aligned,0,0.0075,0.035,0.0,0.2,20,high_frequency,0.02205011351801379,2.205011351801379,0.2962962962962963,81,-0.07748503728883349,-7.74850372888335,7.977246486965059,1.0832808436838168,1.6440329218106997e-10,0.1521241036139046,10220.501135180139,0.02205011351801379
btc_small_up_9m,0,0.03,0.04,0.0,0.25,15,high_frequency,0.06263241556132279,6.263241556132279,0.5151515151515151,33,-0.05087516089355992,-5.087516089355992,20.718192914548084,1.3486438740669848,3.3030303030303027e-10,0.7715254837800275,10626.324155613227,0.06263241556132279
btc_hl_breakout_2m,0,0.02,0.015,0.0,0.2,10,high_frequency,0.026775222938301566,2.677522293830157,0.5757575757575758,66,-0.04719635851190174,-4.719635851190174,10.896523862462418,1.1329252288591676,1.6035353535353536e-10,0.21511254604662994,10267.752229383015,0.026775222938301566
btc_vol_breakout_8m,0,0.01,0.045,0.0,0.1,45,high_frequency,0.00598781038511961,0.5987810385119611,0.28205128205128205,39,-0.019839187773978417,-1.9839187773978417,6.026855047858936,1.1001374580603933,2.44017094017094e-10,0.16103911827964823,10059.878103851195,0.00598781038511961
btc_vol_breakout_9m,0,0.0125,0.04,0.0,0.2,5,high_frequency,0.03459110863341416,3.4591108633414156,0.3611111111111111,36,-0.039561978937779574,-3.9561978937779574,16.417078358149517,1.2943101795832377,2.796296296296296e-10,0.49054540909840477,10345.911086334141,0.03459110863341416
btc_hl_breakout_6m,0,0.0125,0.02,0.0,0.25,5,high_frequency,-0.016598836411910452,-1.6598836411910451,0.42857142857142855,70,-0.09250650064896271,-9.25065006489627,-4.293826341128188,0.9405567093137385,1.5738095238095238e-10,-0.07913361767243612,9834.011635880895,-0.016598836411910452
btc_vol_breakout_3m,0,0.0075,0.045,0.0,0.05,90,high_frequency,-0.009035589426037865,-0.9035589426037864,0.23636363636363636,55,-0.021557495870497045,-2.1557495870497045,-15.26378350875636,0.8044931145593285,1.824242424242424e-10,-0.3265403235114163,9909.64410573962,-0.009035589426037865
btc_alt_aligned,0,0.0175,0.06,0.0,0.15,10,high_frequency,0.02930740550605649,2.930740550605649,0.3125,48,-0.05269783955949592,-5.269783955949592,13.005133304373608,1.1771026967808034,2.8958333333333334e-10,0.42727183067120683,10293.074055060564,0.02930740550605649
btc_vol_breakout_10m,0,0.005,0.02,0.0,0.05,20,high_frequency,0.0029253598266678013,0.2925359826667801,0.3584905660377358,53,-0.012171552732684332,-1.2171552732684332,6.103174088153847,1.0892094539708657,1.1509433962264151e-10,0.11316806984505931,10029.253598266678,0.0029253598266678013
btc_alt_aligned,0,0.0125,0.01,0.0,0.05,15,high_frequency,0.0024638944695762857,0.24638944695762857,0.5175438596491229,114,-0.01780901924304512,-1.780901924304512,3.498813710886143,1.0350132501012612,1.0994152046783626e-10,0.0461505212712773,10024.638944695764,0.0024638944695762857
btc_hl_breakout_1m,0,0.025,0.04,0.0,0.05,5,high_frequency,0.015239937824176422,1.5239937824176422,0.5,40,-0.014075896286396161,-1.4075896286396161,22.556536131891505,1.3755916453793606,3.2833333333333334e-10,0.763832565319888,10152.399378241764,0.015239937824176422
btc_small_down_10m,0,0.01,0.04,0.0,0.2,30,high_frequency,0.00539343418667595,0.5393434186675949,0.28,50,-0.044329391492628045,-4.432939149262804,2.8750493315517316,1.0339649503349493,1.9899999999999998e-10,0.06977905787435977,10053.93434186676,0.00539343418667595
btc_small_up_10m,0,0.015,0.03,0.0,0.2,30,high_frequency,0.04476321649529598,4.476321649529598,0.40384615384615385,52,-0.06811485854894783,-6.811485854894784,16.400438681651753,1.2396693384195685,1.8205128205128205e-10,0.443271356705781,10447.63216495296,0.04476321649529598
btc_hl_breakout_4m,0,0.0075,0.02,0.0,0.2,90,high_frequency,-0.008380242675737736,-0.8380242675737736,0.37662337662337664,77,-0.0722148013234909,-7.22148013234909,-2.7061329666572775,0.9614097626259334,1.2662337662337663e-10,-0.04271794908759253,9916.197573242622,-0.008380242675737736
btc_small_up_9m,0,0.005,0.06,0.0,0.15,60,high_frequency,0.01411929016878114,1.411929016878114,0.20454545454545456,44,-0.041055530438709464,-4.105553043870946,7.911296270527038,1.1339294124158004,2.128787878787879e-10,0.23036733116868685,10141.192901687811,0.01411929016878114
btc_vol_breakout_2m,0,0.0125,0.025,0.0,0.05,60,high_frequency,0.0068242820114281415,0.6824282011428141,0.4375,64,-0.01244583706795177,-1.244583706795177,10.955026353331712,1.1394894613194506,1.7682291666666667e-10,0.21650497631674975,10068.242820114281,0.0068242820114281415
btc_small_up_9m,0,0.03,0.025,0.0,0.25,90,high_frequency,0.03761074993972215,3.7610749939722155,0.5555555555555556,36,-0.05017814557376299,-5.017814557376299,13.103228507314329,1.206449688860409,2.907407407407407e-10,0.4397957364563221,10376.107499397222,0.03761074993972215
btc_hl_breakout_8m,0,0.0075,0.05,0.0,0.2,30,high_frequency,-0.012749465835317983,-1.2749465835317983,0.21428571428571427,56,-0.09953399946650876,-9.953399946650876,-3.7185280501946845,0.937517702243938,2.0952380952380952e-10,-0.09161779783000526,9872.50534164682,-0.012749465835317983
btc_alt_aligned,0,0.02,0.04,0.0,0.25,45,high_frequency,0.04164029502415601,4.164029502415601,0.40384615384615385,52,-0.0874300686078443,-8.74300686078443,11.684550139309263,1.1463972486865421,2.669871794871795e-10,0.34620634422617186,10416.40295024156,0.04164029502415601
btc_bullish,0,0.01,0.05,0.0,0.25,30,high_frequency,0.04309580515357029,4.309580515357029,0.2833333333333333,60,-0.07115307714302588,-7.115307714302588,12.31843753358473,1.1556527369756115,2.111111111111111e-10,0.31195561725835985,10430.958051535703,0.04309580515357029
btc_hl_breakout_6m,0,0.015,0.04,0.0,0.05,60,high_frequency,-0.0012544983025690897,-0.12544983025690898,0.3404255319148936,47,-0.019081653476071048,-1.9081653476071048,-1.7913184053033897,0.9731820193311753,2.6560283687943263e-10,-0.048257658119885055,9987.455016974309,-0.0012544983025690897
btc_small_up_9m,0,0.035,0.025,0.0,0.25,20,high_frequency,0.06720472711016291,6.720472711016291,0.6176470588235294,34,-0.048921717189750136,-4.892171718975014,21.548356116988753,1.4097770498429427,3.142156862745098e-10,0.7968668222051929,10672.04727110163,0.06720472711016291
btc_hl_breakout_8m,0,0.03,0.04,0.0,0.05,45,high_frequency,0.008270232028181522,0.8270232028181522,0.46153846153846156,39,-0.01979528670401165,-1.979528670401165,11.218979104383031,1.1767266773871967,3.2478632478632476e-10,0.4312388268656121,10082.702320281815,0.008270232028181522
btc_hl_breakout_5m,0,0.005,0.04,0.0,0.15,20,high_frequency,0.024744172409914198,2.47441724099142,0.2676056338028169,71,-0.06693168871479926,-6.6931688714799265,12.202964371904525,1.157153424605041,1.5070422535211268e-10,0.24300267008825943,10247.441724099142,0.024744172409914198
btc_small_up_9m,0,0.02,0.02,0.0,0.1,45,high_frequency,0.035246906669283734,3.5246906669283735,0.5416666666666666,48,-0.01357632910301787,-1.357632910301787,31.33162208365899,1.546411753332461,1.920138888888889e-10,0.7297512395238376,10352.469066692838,0.035246906669283734
btc_hl_breakout_2m,0,0.03,0.05,0.0,0.05,10,high_frequency,0.0049242889622537174,0.4924288962253717,0.42424242424242425,33,-0.021137845763163243,-2.1137845763163243,7.401065438823262,1.1150330407966436,4.181818181818182e-10,0.307432122981081,10049.242889622537,0.0049242889622537174
btc_vol_breakout_3m,0,0.0175,0.06,0.0,0.1,15,high_frequency,-0.004569757089996847,-0.45697570899968465,0.28125,32,-0.03449415010879364,-3.449415010879364,-3.1929749241479053,0.9430527331476132,3.651041666666667e-10,-0.1257403338687665,9954.302429100031,-0.004569757089996847
btc_hl_breakout_1m,0,0.035,0.03,0.0,0.25,45,high_frequency,0.0666162494733218,6.6616249473321805,0.5945945945945946,37,-0.06942836623459392,-6.942836623459392,20.199926515122243,1.3358504415493813,3.4819819819819817e-10,0.7320922785912435,10666.162494733218,0.0666162494733218
btc_small_up_9m,0,0.01,0.03,0.0,0.25,15,high_frequency,0.03658148617001166,3.658148617001166,0.375,48,-0.05818864680219438,-5.818864680219438,12.966211857424335,1.1983174832354433,1.8680555555555557e-10,0.3195331013343986,10365.814861700117,0.03658148617001166
btc_vol_breakout_3m,0,0.02,0.02,0.0,0.1,60,high_frequency,0.020301188260387234,2.0301188260387235,0.5490196078431373,51,-0.026108428257395122,-2.610842825739512,16.088275199567327,1.2408426033950346,1.9281045751633987e-10,0.403504327075684,10203.011882603872,0.020301188260387234
btc_hl_breakout_5m,0,0.025,0.06,0.0,0.05,30,high_frequency,0.008884000261388757,0.8884000261388757,0.37142857142857144,35,-0.01606091034866597,-1.6060910348665969,12.693155865319113,1.1980844889026632,3.923809523809524e-10,0.5163857820932528,10088.840002613888,0.008884000261388757
btc_hl_breakout_6m,0,0.015,0.01,0.0,0.2,5,high_frequency,-0.03748859664904103,-3.748859664904103,0.55,80,-0.08779931956256237,-8.779931956256238,-15.243777214173562,0.8266997029472958,1.2104166666666668e-10,-0.22862006757760847,9625.11403350959,-0.03748859664904103
btc_vol_breakout_2m,0,0.0075,0.015,0.0,0.2,90,high_frequency,-0.0351773514263966,-3.51773514263966,0.39285714285714285,84,-0.0840483909295845,-8.404839092958449,-15.079894134008905,0.8345185982942517,1.0297619047619048e-10,-0.2042921235534379,9648.226485736033,-0.0351773514263966
btc_hl_breakout_1m,0,0.005,0.03,0.0,0.2,10,high_frequency,-0.006056934676930223,-0.6056934676930222,0.28205128205128205,78,-0.08802456804476078,-8.802456804476078,-1.8305826101706117,0.9708170516893141,1.2393162393162394e-10,-0.027425684603085757,9939.430653230698,-0.006056934676930223
btc_hl_breakout_5m,0,0.005,0.035,0.0,0.25,60,high_frequency,0.043185713069550546,4.318571306955055,0.273972602739726,73,-0.10573041240156222,-10.573041240156222,13.088205883477645,1.1572393443482045,1.454337899543379e-10,0.2533776618108652,10431.857130695505,0.043185713069550546
btc_hl_breakout_7m,0,0.02,0.015,0.0,0.05,60,high_frequency,0.007635432451580692,0.7635432451580693,0.5373134328358209,67,-0.017590450561618787,-1.7590450561618787,10.671843974742755,1.1439789158375362,1.6716417910447763e-10,0.23180301994719615,10076.354324515807,0.007635432451580692
btc_hl_breakout_10m,0,0.03,0.015,0.0,0.15,90,high_frequency,0.030612029627479637,3.0612029627479638,0.6037735849056604,53,-0.04726428239793534,-4.726428239793535,14.486913147277708,1.2141837336171866,2.270440251572327e-10,0.3965983032839748,10306.120296274796,0.030612029627479637
btc_hl_breakout_8m,0,0.025,0.06,0.0,0.05,45,high_frequency,0.011609081187952244,1.1609081187952244,0.3870967741935484,31,-0.01684109117423993,-1.684109117423993,15.208552896867083,1.2873879113454096,4.4677419354838707e-10,0.7576485839582451,10116.090811879523,0.011609081187952244
btc_hl_breakout_7m,0,0.01,0.015,0.0,0.1,45,high_frequency,0.01178304198055688,1.178304198055688,0.43373493975903615,83,-0.031801349244506505,-3.1801349244506505,8.617689634251734,1.1051159470689735,1.2108433734939757e-10,0.14846305180726602,10117.830419805568,0.01178304198055688
btc_bullish,0,0.0075,0.035,0.0,0.2,15,high_frequency,0.033570694995131704,3.3570694995131705,0.2911392405063291,79,-0.058358909688326466,-5.835890968832647,11.86340518395973,1.1348198904852078,1.5337552742616032e-10,0.22672109779513835,10335.706949951316,0.033570694995131704
btc_hl_breakout_1m,0,0.005,0.01,0.0,0.1,90,high_frequency,-0.02183944611599343,-2.183944611599343,0.3838383838383838,99,-0.04323778645076681,-4.323778645076681,-19.09055893564457,0.7918391793016708,7.794612794612794e-11,-0.21938038075998448,9781.605538840065,-0.02183944611599343
btc_hl_breakout_10m,0,0.025,0.025,0.0,0.1,90,high_frequency,0.03627714524443146,3.627714524443146,0.5555555555555556,45,-0.02436389365905456,-2.436389365905456,24.90177156597718,1.4281348555067281,2.766666666666667e-10,0.806170294718467,10362.771452444314,0.03627714524443146
btc_hl_breakout_2m,0,0.005,0.06,0.0,0.15,5,high_frequency,0.0022730525863331194,0.22730525863331194,0.2033898305084746,59,-0.06102446462321642,-6.102446462321643,1.7446833081502353,1.0169877902333744,1.7768361581920902e-10,0.0402291532052875,10022.730525863331,0.0022730525863331194
btc_alt_aligned,0,0.035,0.025,0.0,0.25,45,high_frequency,0.07946391055696085,7.946391055696085,0.6,45,-0.07255658992801961,-7.255658992801961,20.98543844251565,1.3194835150875708,3.125925925925926e-10,0.7178718629375838,10794.639105569608,0.07946391055696085
btc_bullish,0,0.015,0.03,0.0,0.1,20,high_frequency,0.02349266432623916,2.349266432623916,0.3898305084745763,59,-0.025149318702249013,-2.5149318702249013,15.871223528881766,1.2194216358369006,2.15819209039548e-10,0.4052500800921759,10234.926643262392,0.02349266432623916
btc_hl_breakout_5m,0,0.035,0.045,0.0,0.05,5,high_frequency,0.0067462633246473105,0.674626332464731,0.48484848484848486,33,-0.018772932349772398,-1.8772932349772398,9.8951067528291,1.162266407882924,4.0656565656565655e-10,0.41699638495929825,10067.462633246472,0.0067462633246473105
btc_vol_breakout_8m,0,0.02,0.06,0.0,0.1,90,high_frequency,0.007164442214676422,0.7164442214676422,0.3076923076923077,26,-0.0252406459231328,-2.52406459231328,6.477840548393655,1.1237856880579726,4.237179487179487e-10,0.2894813977220649,10071.644422146765,0.007164442214676422
btc_hl_breakout_7m,0,0.0175,0.025,0.0,0.25,30,high_frequency,0.002755873591177078,0.2755873591177078,0.4,55,-0.121843287734546,-12.1843287734546,1.811585202014101,1.0096204752919316,2.2e-10,0.04762531902682638,10027.55873591177,0.002755873591177078
btc_hl_breakout_3m,0,0.03,0.04,0.0,0.2,90,high_frequency,0.05640096979919538,5.640096979919538,0.5405405405405406,37,-0.05874797984924596,-5.874797984924596,20.933627592533067,1.3351571667706674,3.635135135135135e-10,0.7716329310131873,10564.009697991954,0.05640096979919538
btc_hl_breakout_9m,0,0.01,0.05,0.0,0.25,15,high_frequency,0.023120538709901255,2.3120538709901255,0.2549019607843137,51,-0.09199036530557925,-9.199036530557924,7.325019572925051,1.0993593336229417,2.3758169934640525e-10,0.21097661202430013,10231.205387099013,0.023120538709901255
btc_small_down_10m,0,0.01,0.06,0.0,0.05,15,high_frequency,0.004990092434471836,0.4990092434471836,0.2391304347826087,46,-0.014176245984433455,-1.4176245984433455,7.692387382396565,1.128971336983751,2.1884057971014492e-10,0.22217043043554185,10049.900924344718,0.004990092434471836
btc_hl_breakout_8m,0,0.005,0.05,0.0,0.1,90,high_frequency,-0.0012764863782864608,-0.12764863782864608,0.1875,64,-0.051577583416157036,-5.157758341615704,-0.5105990630563196,0.9867046137487259,1.703125e-10,-0.01013949612551884,9987.235136217136,-0.0012764863782864608
btc_hl_breakout_10m,0,0.03,0.06,0.0,0.15,5,high_frequency,0.034102198495258924,3.4102198495258924,0.3870967741935484,31,-0.055328011710157776,-5.532801171015778,15.190409071054379,1.2535262161656997,4.3763440860215055e-10,0.7617595447775378,10341.02198495259,0.034102198495258924
btc_hl_breakout_7m,0,0.035,0.05,0.0,0.1,15,high_frequency,0.01835333516795947,1.835333516795947,0.45454545454545453,33,-0.04164599286083748,-4.164599286083748,12.228918915154669,1.2079547670899171,4.1464646464646464e-10,0.5731500796335035,10183.533351679594,0.01835333516795947
btc_vol_breakout_9m,0,0.02,0.035,0.0,0.2,30,high_frequency,0.015082179024088146,1.5082179024088145,0.4411764705882353,34,-0.058457897120288815,-5.845789712028882,6.871080057722317,1.1031681679373928,3.1323529411764704e-10,0.2450731904960641,10150.821790240881,0.015082179024088146
btc_alt_aligned,0,0.0125,0.03,0.0,0.2,20,high_frequency,0.038767968257932946,3.8767968257932948,0.3717948717948718,78,-0.06685038605142846,-6.685038605142846,13.278080910313967,1.146519783918429,1.7136752136752137e-10,0.2620857525638445,10387.67968257933,0.038767968257932946
btc_hl_breakout_1m,0,0.0075,0.035,0.0,0.05,30,high_frequency,0.0019081515253559415,0.19081515253559417,0.3114754098360656,61,-0.018249515504973224,-1.8249515504973224,3.20968818784092,1.0389556648357137,1.9207650273224045e-10,0.06673710201251194,10019.08151525356,0.0019081515253559415
btc_small_up_9m,0,0.035,0.015,0.0,0.15,60,high_frequency,0.03930286695615559,3.930286695615559,0.675,40,-0.030463425757764062,-3.046342575776406,21.25201818231725,1.4161922695242026,2.6208333333333333e-10,0.6582398489588254,10393.028669561556,0.03930286695615559
btc_vol_breakout_3m,0,0.02,0.01,0.0,0.1,20,high_frequency,0.016714082682194816,1.6714082682194815,0.6515151515151515,66,-0.025396191369934984,-2.5396191369934984,13.735751931377202,1.1972248806094412,1.318181818181818e-10,0.2580973128830028,10167.140826821947,0.016714082682194816
btc_vol_breakout_8m,0,0.025,0.03,0.0,0.25,5,high_frequency,0.07456627575795283,7.456627575795283,0.5454545454545454,33,-0.04226917469984437,-4.226917469984437,26.335949057030536,1.483496595587821,3.1515151515151516e-10,0.9012524175764823,10745.662757579528,0.07456627575795283
btc_vol_breakout_8m,0,0.015,0.025,0.0,0.15,60,high_frequency,0.03720219104786684,3.720219104786684,0.46511627906976744,43,-0.02991100062514851,-2.991100062514851,23.293509359968134,1.3871050645608325,2.1589147286821706e-10,0.5787588128890719,10372.021910478668,0.03720219104786684
btc_bullish,0,0.025,0.04,0.0,0.05,90,high_frequency,0.016003836795424844,1.6003836795424844,0.4666666666666667,45,-0.015715082891528676,-1.5715082891528676,21.205204846638296,1.3435670948439626,2.9222222222222223e-10,0.7137717394654002,10160.038367954248,0.016003836795424844
btc_vol_breakout_3m,0,0.03,0.02,0.0,0.15,45,high_frequency,0.040958163262062655,4.095816326206266,0.6136363636363636,44,-0.03702203078772126,-3.702203078772126,21.066294650067004,1.3542513269330525,2.5606060606060607e-10,0.6244469966396936,10409.581632620626,0.040958163262062655
btc_hl_breakout_9m,0,0.0125,0.01,0.0,0.15,15,high_frequency,0.008912327196187949,0.8912327196187949,0.5172413793103449,87,-0.05168736688086484,-5.168736688086484,4.816149393800121,1.0515995591759104,1.0823754789272031e-10,0.07808247731285933,10089.12327196188,0.008912327196187949
btc_vol_breakout_10m,0,0.0075,0.05,0.0,0.25,30,high_frequency,-0.01382240294064136,-1.3822402940641358,0.23076923076923078,39,-0.06932153023073329,-6.932153023073329,-4.964218501597662,0.9133326879501443,2.252136752136752e-10,-0.12414602585474444,9861.775970593586,-0.01382240294064136
btc_small_up_9m,0,0.035,0.03,0.0,0.15,10,high_frequency,0.04575300268453284,4.575300268453284,0.6060606060606061,33,-0.029479715289579156,-2.9479715289579156,23.7709701560342,1.4752128100620614,3.4090909090909087e-10,0.9245421421997009,10457.530026845328,0.04575300268453284
btc_hl_breakout_3m,0,0.015,0.06,0.0,0.2,45,high_frequency,0.015091533543185688,1.509153354318569,0.2972972972972973,37,-0.06905338224983026,-6.905338224983026,6.372373261066649,1.0930538325078873,3.4819819819819817e-10,0.23403711361755772,10150.915335431857,0.015091533543185688
btc_hl_breakout_8m,0,0.0075,0.035,0.0,0.1,15,high_frequency,-0.00599361233592208,-0.5993612335922079,0.26153846153846155,65,-0.0543352136608215,-5.43352136608215,-3.886444755091744,0.9463194441858577,1.7435897435897436e-10,-0.08312644999606073,9940.06387664078,-0.00599361233592208
btc_hl_breakout_10m,0,0.005,0.035,0.0,0.25,90,high_frequency,0.016226506044460895,1.6226506044460896,0.24324324324324326,74,-0.11497431769547739,-11.497431769547738,5.673248343769977,1.0589767389906717,1.3896396396396397e-10,0.10801651692962762,10162.26506044461,0.016226506044460895
btc_small_up_10m,0,0.0075,0.035,0.0,0.15,5,high_frequency,0.027550717832239207,2.755071783223921,0.3157894736842105,57,-0.04185041130142819,-4.185041130142819,13.537227121357558,1.204284362596655,1.5087719298245615e-10,0.33288474437791316,10275.507178322392,0.027550717832239207
btc_hl_breakout_4m,0,0.0125,0.03,0.0,0.2,60,high_frequency,0.058503202532104455,5.8503202532104455,0.45,60,-0.04165435586300692,-4.165435586300692,22.445688765513,1.3036777982024632,1.8555555555555554e-10,0.49125532023414814,10585.032025321045,0.058503202532104455
btc_hl_breakout_6m,0,0.0125,0.06,0.0,0.2,15,high_frequency,-0.01494970926871913,-1.4949709268719131,0.25,44,-0.08150661045415963,-8.150661045415964,-4.750110679882046,0.9198024929713268,2.787878787878788e-10,-0.1441068295616646,9850.502907312808,-0.01494970926871913
btc_vol_breakout_10m,0,0.03,0.035,0.0,0.15,60,high_frequency,0.02433862827408125,2.4338628274081247,0.5333333333333333,30,-0.043247437358516994,-4.324743735851699,13.58262762339924,1.2434861147942948,3.338888888888889e-10,0.5565012753793364,10243.386282740812,0.02433862827408125
btc_small_up_9m,0,0.0075,0.02,0.0,0.1,15,high_frequency,0.0222050105113561,2.22050105113561,0.39655172413793105,58,-0.01661843442420785,-1.661843442420785,22.356520761796517,1.3490611515487245,1.2902298850574712e-10,0.38411850439500317,10222.050105113562,0.0222050105113561
btc_vol_breakout_9m,0,0.01,0.035,0.0,0.2,90,high_frequency,0.023175513571154376,2.3175513571154376,0.32558139534883723,43,-0.03874907573590258,-3.8749075735902583,11.757867452292716,1.1739541127804336,1.9379844961240308e-10,0.2824317710542827,10231.755135711544,0.023175513571154376
btc_vol_breakout_2m,0,0.0125,0.06,0.0,0.25,10,high_frequency,0.012097040300278377,1.2097040300278377,0.275,40,-0.08807123422804397,-8.807123422804397,4.547565658750627,1.0583459228025665,3.1458333333333336e-10,0.15586736299944792,10120.970403002784,0.012097040300278377
btc_small_up_9m,0,0.025,0.015,0.0,0.1,45,high_frequency,0.012229790834533844,1.2229790834533845,0.5777777777777777,45,-0.021960642921566298,-2.19606429215663,10.699985488458816,1.1690811369545886,2.1444444444444444e-10,0.27917318188883783,10122.29790834534,0.012229790834533844
btc_vol_breakout_3m,0,0.005,0.04,0.0,0.2,5,high_frequency,-0.011245103390721784,-1.1245103390721785,0.25396825396825395,63,-0.08087773377966723,-8.087773377966723,-4.0470377198431216,0.937212897627604,1.341269841269841e-10,-0.07637575319877997,9887.548966092781,-0.011245103390721784
btc_vol_breakout_10m,0,0.02,0.045,0.0,0.15,60,high_frequency,0.018574207053499936,1.8574207053499936,0.4,30,-0.03137507726967759,-3.1375077269677587,11.438701482372073,1.213901007818993,3.2444444444444443e-10,0.4259973429107328,10185.742070535,0.018574207053499936
btc_vol_breakout_2m,0,0.025,0.015,0.0,0.25,15,high_frequency,0.03679973667331237,3.679973667331237,0.6206896551724138,58,-0.05551800059674139,-5.5518000596741395,12.18680365319273,1.161267754485225,1.8419540229885057e-10,0.2684801697614762,10367.997366733123,0.03679973667331237
btc_small_up_9m,0,0.025,0.05,0.0,0.15,90,high_frequency,0.02600780576920388,2.6007805769203878,0.41935483870967744,31,-0.046311728502970495,-4.63117285029705,14.054947986279434,1.2493974402887738,3.559139784946237e-10,0.5774203671297015,10260.078057692039,0.02600780576920388
btc_hl_breakout_5m,0,0.01,0.01,0.0,0.1,45,high_frequency,0.006069582291720712,0.6069582291720712,0.5454545454545454,88,-0.03402496931660848,-3.4024969316608478,5.228665336379968,1.059707376652598,1.0208333333333333e-10,0.07405257146671229,10060.695822917207,0.006069582291720712
btc_hl_breakout_7m,0,0.025,0.045,0.0,0.25,15,high_frequency,0.0764511249109632,7.64511249109632,0.45,40,-0.07622887102629994,-7.622887102629994,20.60818913465082,1.325752706545971,3.2625e-10,0.7776852772678468,10764.511249109632,0.0764511249109632
btc_vol_breakout_8m,0,0.0075,0.06,0.0,0.1,90,high_frequency,-0.007744743839827708,-0.7744743839827708,0.1794871794871795,39,-0.031159935353622825,-3.1159935353622825,-6.696255001652633,0.8854949002761885,2.4615384615384617e-10,-0.190322698254058,9922.552561601722,-0.007744743839827708
btc_hl_breakout_2m,0,0.02,0.03,0.0,0.1,45,high_frequency,0.020664122415549945,2.0664122415549944,0.4791666666666667,48,-0.025974032103116662,-2.597403210311666,15.714450081390105,1.2273914606312537,2.621527777777778e-10,0.43732238788029654,10206.641224155499,0.020664122415549945
btc_vol_breakout_3m,0,0.035,0.04,0.0,0.2,90,high_frequency,0.034619122592462484,3.4619122592462483,0.5454545454545454,33,-0.06056035283267214,-6.056035283267214,13.540754983825328,1.2145040111725347,3.651515151515152e-10,0.5496995910299258,10346.191225924626,0.034619122592462484
btc_hl_breakout_8m,0,0.0075,0.025,0.0,0.2,30,high_frequency,-0.005219284777906159,-0.5219284777906159,0.323943661971831,71,-0.0982297578931276,-9.82297578931276,-1.1013671022741187,0.9770418209002709,1.4741784037558688e-10,-0.020668763115022797,9947.80715222094,-0.005219284777906159
btc_vol_breakout_9m,0,0.0175,0.045,0.0,0.2,30,high_frequency,-0.003257359727940934,-0.3257359727940934,0.36363636363636365,33,-0.05902906709363065,-5.902906709363065,-0.6638088560781881,0.9769615728517231,3.1515151515151516e-10,-0.02587637384988735,9967.42640272059,-0.003257359727940934
btc_vol_breakout_9m,0,0.0175,0.035,0.0,0.25,60,high_frequency,-0.0009375875192663444,-0.09375875192663444,0.3888888888888889,36,-0.07749270180529422,-7.749270180529422,0.5634391098006072,0.9951259017930476,2.814814814814815e-10,0.01822591513535466,9990.624124807337,-0.0009375875192663444
btc_hl_breakout_9m,0,0.0075,0.05,0.0,0.2,15,high_frequency,0.0012769610437586153,0.12769610437586154,0.23214285714285715,56,-0.0955209214938384,-9.552092149383839,1.2850066008890766,1.0063126983766246,2.1339285714285716e-10,0.0348555663766558,10012.769610437586,0.0012769610437586153
btc_hl_breakout_5m,0,0.03,0.06,0.0,0.05,10,high_frequency,0.002574021724623492,0.2574021724623492,0.3870967741935484,31,-0.021537127559670077,-2.1537127559670077,3.9235051800740566,1.0585025099546792,4.516129032258065e-10,0.17719600974821134,10025.740217246235,0.002574021724623492
btc_small_up_10m,0,0.01,0.05,0.0,0.05,5,high_frequency,0.009082117204575985,0.9082117204575986,0.2857142857142857,49,-0.019159352259833673,-1.9159352259833673,12.829196956397201,1.2124781837827336,1.8741496598639455e-10,0.3759340168054703,10090.82117204576,0.009082117204575985
btc_vol_breakout_8m,0,0.03,0.03,0.0,0.2,30,high_frequency,0.054222100386382366,5.422210038638236,0.5625,32,-0.03780100596552649,-3.780100596552649,23.863094631218978,1.4303939263989733,3.359375e-10,0.850448571805016,10542.221003863824,0.054222100386382366
btc_hl_breakout_8m,0,0.0175,0.04,0.0,0.25,20,high_frequency,0.029722471381765127,2.9722471381765128,0.375,48,-0.08752037312160377,-8.752037312160377,9.07392015931797,1.1122249685392966,2.6006944444444443e-10,0.27755589808886094,10297.224713817652,0.029722471381765127
btc_bullish,0,0.0175,0.04,0.0,0.05,20,high_frequency,0.013537419209036904,1.3537419209036905,0.4,55,-0.01469964424693515,-1.469964424693515,18.008236586479256,1.2630976354328038,2.336363636363636e-10,0.4955463002022357,10135.374192090369,0.013537419209036904
btc_hl_breakout_10m,0,0.0075,0.03,0.0,0.05,20,high_frequency,0.002626803185281193,0.2626803185281193,0.3181818181818182,66,-0.023000680070526136,-2.3000680070526136,3.983490055379425,1.0503799112567644,1.6363636363636363e-10,0.08406058975723361,10026.268031852813,0.002626803185281193
btc_hl_breakout_8m,0,0.03,0.03,0.0,0.25,45,high_frequency,0.04653328488214315,4.653328488214315,0.5121951219512195,41,-0.07912207770184099,-7.912207770184098,13.370648548406193,1.188475352005824,3.0975609756097563e-10,0.48365221150578785,10465.332848821432,0.04653328488214315
btc_hl_breakout_7m,0,0.02,0.035,0.0,0.1,60,high_frequency,0.01912707627258037,1.9127076272580372,0.4166666666666667,48,-0.03460323651207986,-3.460323651207986,13.209682460177492,1.1918985632586099,2.6979166666666665e-10,0.4084632565054568,10191.270762725804,0.01912707627258037
btc_hl_breakout_3m,0,0.01,0.06,0.0,0.05,90,high_frequency,0.001227552219171139,0.1227552219171139,0.24444444444444444,45,-0.02000726227321359,-2.000726227321359,2.0539436840242153,1.0287392647489515,2.6592592592592594e-10,0.06143360271824536,10012.27552219171,0.001227552219171139
btc_hl_breakout_5m,0,0.035,0.04,0.0,0.25,10,high_frequency,0.04988175412099836,4.988175412099836,0.5142857142857142,35,-0.08134125522996538,-8.134125522996538,15.154229884927192,1.2286210223814353,3.847619047619048e-10,0.5985768854449948,10498.817541209984,0.04988175412099836
btc_hl_breakout_3m,0,0.005,0.05,0.0,0.1,90,high_frequency,-0.004687312122415949,-0.46873121224159486,0.20967741935483872,62,-0.036815767174657954,-3.6815767174657954,-3.4692746089613955,0.9462943437294636,1.6774193548387098e-10,-0.06777585336512353,9953.12687877584,-0.004687312122415949
btc_hl_breakout_10m,0,0.0175,0.035,0.0,0.05,10,high_frequency,0.009967377779028203,0.9967377779028203,0.4,50,-0.01725458985970396,-1.7254589859703962,13.686468097816748,1.198132793931024,2.4566666666666665e-10,0.4036784027749395,10099.673777790282,0.009967377779028203
btc_hl_breakout_5m,0,0.005,0.04,0.0,0.2,20,high_frequency,0.03248418102478067,3.248418102478067,0.2676056338028169,71,-0.08854715559678994,-8.854715559678993,12.189109735016507,1.1518260685711716,1.5070422535211268e-10,0.243002670088259,10324.841810247806,0.03248418102478067
btc_hl_breakout_6m,0,0.02,0.03,0.0,0.15,45,high_frequency,-0.001430718055901275,-0.1430718055901275,0.4166666666666667,48,-0.05959759295188605,-5.959759295188604,-0.14483057482501266,0.9905440063487778,2.642361111111111e-10,-0.003799400184585521,9985.692819440987,-0.001430718055901275
btc_hl_breakout_10m,0,0.015,0.015,0.0,0.1,45,high_frequency,0.015590054130305328,1.5590054130305329,0.5070422535211268,71,-0.029219253093297648,-2.921925309329765,11.312001655114932,1.1479716368712374,1.4295774647887323e-10,0.226319309661677,10155.900541303054,0.015590054130305328
btc_hl_breakout_5m,0,0.01,0.04,0.0,0.2,30,high_frequency,0.02194393097358052,2.1943930973580517,0.3275862068965517,58,-0.06281007495659163,-6.281007495659163,8.916939024517106,1.107796545683383,2.0977011494252874e-10,0.2062766932637282,10219.439309735804,0.02194393097358052
btc_hl_breakout_9m,0,0.005,0.01,0.0,0.25,20,high_frequency,-0.028780349838397116,-2.8780349838397115,0.37962962962962965,108,-0.1316220317383816,-13.162203173838162,-7.7424590531021655,0.9049011730439673,7.700617283950617e-11,-0.09624162453048285,9712.196501616028,-0.028780349838397116
btc_small_up_10m,0,0.01,0.04,0.0,0.2,20,high_frequency,0.044615394741554015,4.461539474155401,0.35294117647058826,51,-0.06447168809469261,-6.447168809469261,16.339204440186794,1.2451684282783881,1.715686274509804e-10,0.4508917465066092,10446.15394741554,0.044615394741554015
btc_hl_breakout_7m,0,0.0175,0.02,0.0,0.15,15,high_frequency,0.02054967728776135,2.054967728776135,0.4838709677419355,62,-0.058396882657436366,-5.839688265743637,10.223690213150444,1.1251407850969344,1.7741935483870967e-10,0.23353135235091727,10205.496772877614,0.02054967728776135
btc_small_up_10m,0,0.0175,0.04,0.0,0.1,30,high_frequency,0.022374386461831524,2.2374386461831524,0.391304347826087,46,-0.034819335452740074,-3.4819335452740074,16.074329802049256,1.2531401447119603,2.1739130434782608e-10,0.4942394632998798,10223.743864618315,0.022374386461831524
btc_small_up_9m,0,0.035,0.03,0.0,0.05,10,high_frequency,0.015245531600612691,1.5245531600612692,0.6060606060606061,33,-0.009868332673386826,-0.9868332673386826,23.73428345834381,1.4895546054150866,3.4090909090909087e-10,0.9245421421997024,10152.455316006128,0.015245531600612691
btc_hl_breakout_4m,0,0.0175,0.015,0.0,0.05,5,high_frequency,0.004029340694533823,0.4029340694533823,0.5454545454545454,66,-0.013190267615733386,-1.3190267615733386,6.39868642780858,1.08032654998902,1.5782828282828282e-10,0.1256801074295825,10040.293406945339,0.004029340694533823
btc_small_down_10m,0,0.025,0.03,0.0,0.05,90,high_frequency,0.011524546628328266,1.1524546628328267,0.525,40,-0.011457760887863655,-1.1457760887863655,18.51114473727464,1.3261763150327814,2.4708333333333333e-10,0.5787826627468274,10115.245466283282,0.011524546628328266
btc_vol_breakout_2m,0,0.0175,0.02,0.0,0.15,60,high_frequency,0.011599473450135657,1.1599473450135658,0.4918032786885246,61,-0.03724034192086212,-3.724034192086212,6.631524244076374,1.0779436527657615,1.7868852459016393e-10,0.13750073990578404,10115.994734501357,0.011599473450135657
btc_small_down_10m,0,0.0125,0.05,0.0,0.1,60,high_frequency,0.0106642755394378,1.0664275539437802,0.325,40,-0.020125380982618957,-2.0125380982618957,8.693483842826042,1.1468667803705666,2.6958333333333336e-10,0.2759481703309353,10106.642755394378,0.0106642755394378
btc_hl_breakout_3m,0,0.015,0.03,0.0,0.25,10,high_frequency,0.054570118274464494,5.45701182744645,0.45454545454545453,55,-0.05904347709997482,-5.904347709997482,17.28436104085191,1.22144785983414,2.1030303030303032e-10,0.4097327894895379,10545.701182744644,0.054570118274464494
btc_hl_breakout_5m,0,0.0075,0.01,0.0,0.05,60,high_frequency,-0.008849654014191816,-0.8849654014191817,0.4673913043478261,92,-0.024842070532391847,-2.4842070532391847,-14.730578206044514,0.8381629993380774,9.438405797101448e-11,-0.19112577397066075,9911.503459858082,-0.008849654014191816
btc_vol_breakout_9m,0,0.0175,0.04,0.0,0.15,60,high_frequency,0.006040304519444748,0.6040304519444748,0.4,35,-0.043392202656009404,-4.33922026560094,3.859540479698549,1.0547910971440764,2.980952380952381e-10,0.13263683527595627,10060.403045194447,0.006040304519444748
btc_vol_breakout_3m,0,0.025,0.03,0.0,0.05,60,high_frequency,0.01030694797091652,1.030694797091652,0.5263157894736842,38,-0.013244406708786682,-1.3244406708786682,15.623227243292112,1.2607750230327424,3.153508771929825e-10,0.5468900329541131,10103.069479709166,0.01030694797091652
btc_hl_breakout_5m,0,0.02,0.025,0.0,0.2,15,high_frequency,0.00888854457704756,0.8888544577047561,0.4716981132075472,53,-0.07420538973061319,-7.420538973061319,4.115482076468448,1.0422836905796797,2.361635220125786e-10,0.10319325031850735,10088.885445770477,0.00888854457704756
btc_vol_breakout_2m,0,0.01,0.06,0.0,0.25,20,high_frequency,0.012247578690880346,1.2247578690880345,0.2682926829268293,41,-0.08685010676595273,-8.685010676595272,4.615937658436807,1.0586827260133373,2.9471544715447154e-10,0.156105686719051,10122.475786908803,0.012247578690880346
btc_hl_breakout_5m,0,0.03,0.06,0.0,0.15,20,high_frequency,0.006701617323756909,0.6701617323756909,0.3870967741935484,31,-0.06389235881300759,-6.389235881300759,3.835167883888268,1.0496325031502454,4.516129032258065e-10,0.17719600974821004,10067.01617323757,0.006701617323756909
btc_vol_breakout_2m,0,0.025,0.06,0.0,0.15,30,high_frequency,0.029613160382986097,2.9613160382986097,0.37142857142857144,35,-0.04719585495897394,-4.719585495897394,14.404734337328163,1.222724334459314,3.7952380952380956e-10,0.586360212023361,10296.131603829861,0.029613160382986097
btc_vol_breakout_10m,0,0.01,0.05,0.0,0.1,60,high_frequency,0.0016251662778781907,0.16251662778781906,0.25,36,-0.02142579316202775,-2.142579316202775,1.9485324208013952,1.0289572516453203,2.5277777777777775e-10,0.052914724602212845,10016.251662778783,0.0016251662778781907
btc_hl_breakout_3m,0,0.03,0.06,0.0,0.2,5,high_frequency,0.03208767742707871,3.2087677427078707,0.4,30,-0.07733508606915929,-7.733508606915929,12.053098671054675,1.1875815445736693,4.6055555555555555e-10,0.5735197888304294,10320.876774270788,0.03208767742707871
btc_hl_breakout_1m,0,0.005,0.025,0.0,0.15,20,high_frequency,-0.01756476169549285,-1.756476169549285,0.2682926829268293,82,-0.07142706267931953,-7.142706267931953,-9.337584648010948,0.8902149276646265,1.1483739837398375e-10,-0.1361155486834796,9824.352383045072,-0.01756476169549285
btc_hl_breakout_5m,0,0.03,0.05,0.0,0.15,10,high_frequency,-0.0029132154235714325,-0.29132154235714325,0.4,35,-0.06441197243119423,-6.441197243119423,-0.8264685650790689,0.9795011964313051,3.876190476190476e-10,-0.029006372086420706,9970.867845764285,-0.0029132154235714325
btc_small_up_9m,0,0.03,0.06,0.0,0.05,90,high_frequency,0.0026049808305690703,0.260498083056907,0.34615384615384615,26,-0.015338760339479784,-1.5338760339479784,4.224541378513465,1.0730397149520365,4.666666666666667e-10,0.2112985726014171,10026.04980830569,0.0026049808305690703
btc_hl_breakout_3m,0,0.02,0.06,0.0,0.1,45,high_frequency,0.019995843337723727,1.9995843337723727,0.3611111111111111,36,-0.033699581420288616,-3.3699581420288616,14.608211546740463,1.2412939347550627,3.62962962962963e-10,0.5682536962696847,10199.958433377236,0.019995843337723727
btc_hl_breakout_5m,0,0.015,0.025,0.0,0.1,10,high_frequency,0.0030152380887705135,0.3015238088770513,0.43103448275862066,58,-0.03409850057931507,-3.409850057931507,2.777623176855414,1.0298796782871364,1.8936781609195404e-10,0.060255966387455624,10030.152380887705,0.0030152380887705135
btc_hl_breakout_5m,0,0.01,0.045,0.0,0.2,10,high_frequency,0.016467200619895813,1.6467200619895812,0.30357142857142855,56,-0.06295447667750353,-6.295447667750354,6.929027811356376,1.0838404954004532,2.1666666666666667e-10,0.16508541177905459,10164.672006198958,0.016467200619895813
btc_vol_breakout_3m,0,0.0125,0.03,0.0,0.25,10,high_frequency,0.04948044809117355,4.948044809117355,0.42,50,-0.06068026468988341,-6.068026468988341,16.041720265768816,1.2262875872765298,1.9766666666666666e-10,0.4104991559770489,10494.804480911735,0.04948044809117355
btc_vol_breakout_3m,0,0.035,0.01,0.0,0.15,5,high_frequency,0.029555019367013394,2.9555019367013395,0.7358490566037735,53,-0.03475258813333615,-3.475258813333615,15.711693548527643,1.257335164964035,1.9748427672955974e-10,0.3792684601495769,10295.550193670133,0.029555019367013394
btc_small_up_10m,0,0.005,0.045,0.0,0.15,45,high_frequency,0.05253980994896478,5.253980994896478,0.3090909090909091,55,-0.034299178803154695,-3.4299178803154695,25.440057319899825,1.454642786799826,1.512121212121212e-10,0.6362656513072668,10525.398099489648,0.05253980994896478
btc_bullish,0,0.0075,0.015,0.0,0.2,45,high_frequency,0.024323004529929904,2.4323004529929904,0.40384615384615385,104,-0.05152038784281743,-5.152038784281743,9.045861071282877,1.0919824822913085,1.0961538461538461e-10,0.12798434695408525,10243.230045299299,0.024323004529929904
btc_hl_breakout_5m,0,0.02,0.05,0.0,0.2,20,high_frequency,0.009130880249332153,0.9130880249332153,0.36585365853658536,41,-0.06396779722209722,-6.396779722209722,4.071606025825971,1.0472636004560123,3.252032520325203e-10,0.14079223416006206,10091.308802493322,0.009130880249332153
btc_hl_breakout_6m,0,0.005,0.025,0.0,0.15,30,high_frequency,-0.01158316227616042,-1.158316227616042,0.2558139534883721,86,-0.08007522462060812,-8.007522462060813,-5.158607681116136,0.9335340682312107,1.125968992248062e-10,-0.08046489747023762,9884.168377238395,-0.01158316227616042
btc_vol_breakout_2m,0,0.01,0.015,0.0,0.1,5,high_frequency,-0.0021685173544655186,-0.21685173544655187,0.4567901234567901,81,-0.02778951660549378,-2.778951660549378,-1.4699136614629449,0.9791710408301345,1.0967078189300412e-10,-0.021604779417632017,9978.314826455346,-0.0021685173544655186
btc_small_down_10m,0,0.015,0.035,0.0,0.05,15,high_frequency,0.008323241515961616,0.8323241515961616,0.38095238095238093,42,-0.011667980399399647,-1.1667980399399647,14.596234252519919,1.2453223948695396,2.3571428571428573e-10,0.39943112073670145,10083.232415159617,0.008323241515961616
btc_small_up_10m,0,0.02,0.025,0.0,0.05,90,high_frequency,0.012862951250113502,1.2862951250113501,0.46938775510204084,49,-0.015083955411209105,-1.5083955411209105,17.903472754554205,1.292305651555562,1.9795918367346937e-10,0.5280846963646068,10128.629512501135,0.012862951250113502
btc_small_down_10m,0,0.0075,0.015,0.0,0.05,20,high_frequency,0.010246037362567921,1.0246037362567921,0.42105263157894735,76,-0.012674869563529811,-1.2674869563529811,18.846968087280388,1.2449458234766764,8.530701754385965e-11,0.27096196088192,10102.46037362568,0.010246037362567921
btc_vol_breakout_3m,0,0.0125,0.04,0.0,0.25,45,high_frequency,0.01868832132759003,1.868832132759003,0.3695652173913043,46,-0.07082100094131216,-7.082100094131216,6.674317461354189,1.083699591279971,2.355072463768116e-10,0.18765005435872759,10186.8832132759,0.01868832132759003
btc_hl_breakout_10m,0,0.02,0.025,0.0,0.1,30,high_frequency,0.02035450066610574,2.035450066610574,0.4807692307692308,52,-0.028183066535371615,-2.8183066535371615,14.360156938377147,1.2066058754273037,2.3173076923076923e-10,0.39975731194245606,10203.545006661057,0.02035450066610574
btc_hl_breakout_6m,0,0.015,0.025,0.0,0.05,60,high_frequency,-0.0043156283917884595,-0.43156283917884597,0.39285714285714285,56,-0.02061791911085642,-2.061791911085642,-6.8390844963874935,0.9148151591005754,1.9851190476190477e-10,-0.1505927618696748,9956.843716082116,-0.0043156283917884595
btc_small_up_9m,0,0.02,0.03,0.0,0.15,5,high_frequency,0.03375594426660191,3.375594426660191,0.46511627906976744,43,-0.030641595674724575,-3.0641595674724575,17.937008398691322,1.2951707325292872,2.4031007751937986e-10,0.530403626195761,10337.55944266602,0.03375594426660191
btc_hl_breakout_7m,0,0.025,0.01,0.0,0.25,10,high_frequency,0.06856648215236573,6.856648215236573,0.6521739130434783,69,-0.07606825607282586,-7.606825607282586,19.1549419797344,1.264283193984451,1.7028985507246378e-10,0.4063764162293187,10685.664821523656,0.06856648215236573
btc_vol_breakout_8m,0,0.02,0.045,0.0,0.2,45,high_frequency,0.018727348666053512,1.8727348666053512,0.3870967741935484,31,-0.04435697566664221,-4.435697566664221,8.871911778879698,1.154305796649785,3.4301075268817204e-10,0.3208997541067228,10187.273486660535,0.018727348666053512
btc_hl_breakout_1m,0,0.02,0.06,0.0,0.1,15,high_frequency,0.018423598284890045,1.8423598284890046,0.35135135135135137,37,-0.03344283929122027,-3.344283929122027,13.518952393033667,1.220779572867437,3.4414414414414416e-10,0.5107858161765083,10184.2359828489,0.018423598284890045
btc_hl_breakout_8m,0,0.02,0.02,0.0,0.15,10,high_frequency,0.031243106929516876,3.1243106929516875,0.5087719298245614,57,-0.04411908985406676,-4.411908985406676,14.800434601140552,1.202707927116642,2.04093567251462e-10,0.37620937098764523,10312.43106929517,0.031243106929516876
btc_hl_breakout_2m,0,0.025,0.015,0.0,0.2,45,high_frequency,0.03331172259934458,3.3311722599344584,0.6101694915254238,59,-0.05017571259538678,-5.017571259538678,13.293375960546781,1.170937693706933,1.8559322033898304e-10,0.29523529665783255,10333.117225993446,0.03331172259934458
btc_hl_breakout_8m,0,0.02,0.05,0.0,0.25,10,high_frequency,0.03338929792621348,3.338929792621348,0.358974358974359,39,-0.08475934205284952,-8.475934205284952,9.775859436339797,1.1405510825014709,3.337606837606838e-10,0.3815653135987076,10333.892979262135,0.03338929792621348
btc_bullish,0,0.0075,0.03,0.0,0.25,60,high_frequency,0.0352774549907263,3.52774549907263,0.32142857142857145,84,-0.07915623625447576,-7.9156236254475765,10.345457977040418,1.1082913846763354,1.4186507936507937e-10,0.1852056228770256,10352.774549907263,0.0352774549907263
btc_alt_aligned,0,0.01,0.045,0.0,0.1,5,high_frequency,0.020084981615379083,2.0084981615379083,0.2923076923076923,65,-0.03356134619328188,-3.3561346193281882,13.377635803765596,1.187439204687291,2.0974358974358974e-10,0.3164878833794212,10200.84981615379,0.020084981615379083
btc_vol_breakout_10m,0,0.03,0.01,0.0,0.05,60,high_frequency,0.009298585451127377,0.9298585451127377,0.7045454545454546,44,-0.010355218257553256,-1.0355218257553256,18.265284301819168,1.3478872378867603,1.7916666666666667e-10,0.4244629575700012,10092.985854511273,0.009298585451127377
btc_hl_breakout_8m,0,0.0125,0.015,0.0,0.25,45,high_frequency,0.03048292671234767,3.048292671234767,0.4666666666666667,75,-0.08404536396600448,-8.404536396600449,9.530580712922298,1.1081990574881486,1.331111111111111e-10,0.17969669109407677,10304.829267123478,0.03048292671234767
btc_hl_breakout_10m,0,0.03,0.025,0.0,0.15,90,high_frequency,0.041979764548051024,4.197976454805103,0.5581395348837209,43,-0.03996776954670944,-3.996776954670944,19.342217756943665,1.3145628456856513,2.9147286821705426e-10,0.6596555630154985,10419.79764548051,0.041979764548051024
btc_hl_breakout_2m,0,0.03,0.015,0.0,0.05,45,high_frequency,0.005158210321664916,0.5158210321664916,0.6296296296296297,54,-0.015363777991671768,-1.5363777991671768,8.322455565271094,1.1156793363600797,2.1049382716049383e-10,0.19516243003565908,10051.58210321665,0.005158210321664916
btc_hl_breakout_8m,0,0.0175,0.01,0.0,0.2,5,high_frequency,-0.006437771719119246,-0.6437771719119246,0.5466666666666666,75,-0.08281325399423278,-8.281325399423277,-1.465831364544832,0.9720492835604317,1.342222222222222e-10,-0.027732655132924743,9935.622282808807,-0.006437771719119246
btc_hl_breakout_10m,0,0.0175,0.045,0.0,0.1,30,high_frequency,0.017527292199009992,1.7527292199009992,0.391304347826087,46,-0.03362022418549149,-3.3620224185491487,12.153504291821765,1.1759552173704433,2.673913043478261e-10,0.392334085033175,10175.2729219901,0.017527292199009992
btc_small_down_10m,0,0.02,0.05,0.0,0.1,90,high_frequency,0.0046716424885484345,0.4671642488548434,0.35294117647058826,34,-0.027248217922728246,-2.7248217922728246,3.964794823376586,1.063972348677319,3.2352941176470585e-10,0.14984255079944175,10046.716424885484,0.0046716424885484345
btc_vol_breakout_3m,0,0.0125,0.015,0.0,0.15,60,high_frequency,0.042696185458715494,4.269618545871549,0.5454545454545454,66,-0.023981789678301335,-2.3981789678301335,24.933759113192416,1.3583088699163086,1.2550505050505052e-10,0.43119920046154164,10426.961854587154,0.042696185458715494
btc_hl_breakout_6m,0,0.035,0.05,0.0,0.05,30,high_frequency,-0.0004519474676769846,-0.04519474676769846,0.42857142857142855,28,-0.021066829373519558,-2.1066829373519558,-0.44648369542299665,0.9886231912097305,4.880952380952381e-10,-0.022388512773295108,9995.48052532323,-0.0004519474676769846
btc_vol_breakout_9m,0,0.035,0.015,0.0,0.2,10,high_frequency,0.01865531886425151,1.865531886425151,0.6666666666666666,39,-0.052380005848500444,-5.238000584850044,8.52143185800261,1.1363748391034412,2.3333333333333335e-10,0.25770392120093777,10186.553188642516,0.01865531886425151
btc_bullish,0,0.01,0.04,0.0,0.2,15,high_frequency,0.053349503869415525,5.334950386941553,0.3384615384615385,65,-0.055841747447087475,-5.584174744708747,18.230277868633312,1.2413068806966494,1.9051282051282052e-10,0.42066893065125754,10533.495038694155,0.053349503869415525
btc_hl_breakout_8m,0,0.01,0.035,0.0,0.15,30,high_frequency,0.007060497169449332,0.7060497169449332,0.3064516129032258,62,-0.05913314794365887,-5.913314794365887,3.982477500479799,1.0439934475886627,1.7258064516129034e-10,0.0904450283331351,10070.604971694493,0.007060497169449332
btc_hl_breakout_9m,0,0.0175,0.01,0.0,0.15,5,high_frequency,-0.01195282049892071,-1.1952820498920709,0.5384615384615384,78,-0.07849143976576156,-7.849143976576157,-5.186278309940614,0.933057864235749,1.25e-10,-0.09188247806536917,9880.471795010793,-0.01195282049892071
btc_small_up_10m,0,0.01,0.04,0.0,0.1,15,high_frequency,0.022649265398911995,2.2649265398911997,0.35294117647058826,51,-0.03253269489961763,-3.253269489961763,16.32802929376774,1.257193297380682,1.715686274509804e-10,0.4508917465066075,10226.49265398912,0.022649265398911995
btc_hl_breakout_9m,0,0.025,0.05,0.0,0.15,45,high_frequency,0.036467365319634834,3.6467365319634832,0.42857142857142855,35,-0.04978041831491842,-4.978041831491842,16.215460961479558,1.2793464709732367,3.728571428571428e-10,0.7128772222600177,10364.673653196349,0.036467365319634834
btc_hl_breakout_4m,0,0.015,0.02,0.0,0.05,45,high_frequency,0.01071878853789636,1.071878853789636,0.5079365079365079,63,-0.010716149829763544,-1.0716149829763544,16.627490347732007,1.2278776138243175,1.7645502645502646e-10,0.342707822295924,10107.187885378964,0.01071878853789636
btc_hl_breakout_5m,0,0.035,0.02,0.0,0.2,45,high_frequency,0.0400066037853551,4.00066037853551,0.6136363636363636,44,-0.05213706976852539,-5.213706976852539,15.54900244711313,1.2348098629230866,2.738636363636364e-10,0.4683110517794606,10400.06603785355,0.0400066037853551
btc_vol_breakout_9m,0,0.02,0.03,0.0,0.05,45,high_frequency,0.009742991447349629,0.9742991447349629,0.47058823529411764,34,-0.012014083658751118,-1.2014083658751118,17.852571560730514,1.325148305069671,3.044117647058824e-10,0.5761146387596372,10097.429914473496,0.009742991447349629
btc_bullish,0,0.03,0.02,0.0,0.25,90,high_frequency,0.0658843179957562,6.58843179957562,0.5769230769230769,52,-0.06268204346377337,-6.268204346377337,18.120457959742584,1.2517400310867581,2.5160256410256414e-10,0.5225144015067098,10658.843179957563,0.0658843179957562
btc_vol_breakout_9m,0,0.0125,0.02,0.0,0.25,10,high_frequency,0.035735912668791114,3.573591266879111,0.4666666666666667,45,-0.059151835058583235,-5.915183505858323,14.683504069289881,1.217666331069672,1.662962962962963e-10,0.3292457978513162,10357.359126687912,0.035735912668791114
btc_vol_breakout_3m,0,0.0075,0.01,0.0,0.25,30,high_frequency,-0.051534483987969636,-5.1534483987969635,0.425,80,-0.10752720237374114,-10.752720237374113,-18.542740384335218,0.7869561078930652,8.708333333333333e-11,-0.2536531546123161,9484.655160120303,-0.051534483987969636
btc_hl_breakout_7m,0,0.02,0.05,0.0,0.05,45,high_frequency,0.008548326526084053,0.8548326526084054,0.375,40,-0.01594176484189047,-1.5941764841890471,11.537599938391025,1.1872497194774896,3.2833333333333334e-10,0.4348343248145035,10085.48326526084,0.008548326526084053
btc_hl_breakout_5m,0,0.0125,0.025,0.0,0.05,15,high_frequency,0.006835818610560932,0.6835818610560932,0.42857142857142855,63,-0.014177039556767745,-1.4177039556767745,10.661565802029838,1.1367890508330247,1.7222222222222223e-10,0.2204640575270633,10068.35818610561,0.006835818610560932
btc_hl_breakout_8m,0,0.02,0.03,0.0,0.2,10,high_frequency,0.027676553007483087,2.7676553007483085,0.42857142857142855,49,-0.07328946984633022,-7.328946984633022,10.202224871548776,1.1325639591373546,2.574829931972789e-10,0.304601511827382,10276.76553007483,0.027676553007483087
btc_hl_breakout_6m,0,0.025,0.06,0.0,0.1,60,high_frequency,0.0011633636034661663,0.11633636034661662,0.3125,32,-0.04083809658140514,-4.083809658140513,1.246895500669536,1.0131890115651445,4.083333333333333e-10,0.057349085056572206,10011.633636034661,0.0011633636034661663
btc_hl_breakout_2m,0,0.0125,0.01,0.0,0.1,20,high_frequency,5.88331031788357e-05,0.005883310317883569,0.5697674418604651,86,-0.036409045830506304,-3.6409045830506304,0.40297148103481795,1.0005750647452933,1.0891472868217054e-10,0.005732432369406084,10000.588331031788,5.88331031788357e-05
btc_vol_breakout_2m,0,0.01,0.015,0.0,0.1,30,high_frequency,-0.0021685173544655186,-0.21685173544655187,0.4567901234567901,81,-0.02778951660549378,-2.778951660549378,-1.4699136614629449,0.9791710408301345,1.0967078189300412e-10,-0.021604779417632017,9978.314826455346,-0.0021685173544655186
btc_small_down_10m,0,0.025,0.06,0.0,0.15,10,high_frequency,0.035761893336266164,3.5761893336266164,0.3870967741935484,31,-0.0420982406189806,-4.209824061898059,17.737114624651277,1.3322121812111298,3.6559139784946235e-10,0.7849823059704035,10357.61893336266,0.035761893336266164
btc_hl_breakout_10m,0,0.035,0.025,0.0,0.15,20,high_frequency,0.04459560673498043,4.459560673498043,0.6153846153846154,39,-0.040204699849969106,-4.020469984996911,20.387548250364823,1.3584080787686184,3.2692307692307694e-10,0.7696096385728397,10445.956067349804,0.04459560673498043
btc_vol_breakout_9m,0,0.005,0.04,0.0,0.1,20,high_frequency,0.00647893757378306,0.647893757378306,0.26,50,-0.025235480247568054,-2.5235480247568054,6.516561498849559,1.094799765322809,1.6299999999999998e-10,0.1360923969639947,10064.78937573783,0.00647893757378306
btc_hl_breakout_3m,0,0.015,0.01,0.0,0.1,45,high_frequency,0.006676367242017591,0.6676367242017591,0.5974025974025974,77,-0.02507395482602237,-2.507395482602237,5.624447303675018,1.0681482689906,1.2943722943722944e-10,0.09239291082796859,10066.763672420177,0.006676367242017591
btc_hl_breakout_4m,0,0.005,0.04,0.0,0.05,60,high_frequency,0.002314769403480551,0.2314769403480551,0.2647058823529412,68,-0.016477530529050655,-1.6477530529050655,3.900312425203282,1.0490998638810367,1.5612745098039214e-10,0.07165170807084442,10023.147694034806,0.002314769403480551
btc_bullish,0,0.02,0.02,0.0,0.2,60,high_frequency,0.03878502500550433,3.8785025005504328,0.5373134328358209,67,-0.0540024277214286,-5.40024277214286,13.616520656306468,1.1631423494914321,1.8706467661691542e-10,0.30369308269214607,10387.850250055044,0.03878502500550433
btc_hl_breakout_8m,0,0.0075,0.015,0.0,0.15,45,high_frequency,-0.015419198391301939,-1.5419198391301938,0.3614457831325301,83,-0.07839020623792403,-7.839020623792403,-6.980728325735641,0.9130252279769192,1.1184738955823294e-10,-0.11485666150665369,9845.808016086981,-0.015419198391301939
btc_vol_breakout_10m,0,0.01,0.025,0.0,0.15,10,high_frequency,0.007196646730449174,0.7196646730449174,0.36363636363636365,44,-0.03667696250256902,-3.667696250256902,5.567704704350453,1.0762715597438295,1.693181818181818e-10,0.11818318439779782,10071.966467304492,0.007196646730449174
btc_vol_breakout_9m,0,0.0075,0.015,0.0,0.1,60,high_frequency,0.0009312595411828852,0.09312595411828853,0.4074074074074074,54,-0.026440548344231596,-2.6440548344231596,1.232168178800846,1.0135351167192836,1.2160493827160495e-10,0.022693555383028224,10009.31259541183,0.0009312595411828852
btc_bullish,0,0.01,0.01,0.0,0.05,20,high_frequency,0.007763537509279706,0.7763537509279707,0.5229357798165137,109,-0.012524456469903189,-1.252445646990319,10.876671190978632,1.1251390128955618,1.0244648318042814e-10,0.14489979498571498,10077.635375092797,0.007763537509279706
btc_hl_breakout_3m,0,0.0175,0.015,0.0,0.05,60,high_frequency,-0.001591274273375808,-0.1591274273375808,0.515625,64,-0.016550214236404348,-1.6550214236404348,-2.300738221206579,0.96919173725139,1.6223958333333334e-10,-0.04604270092395917,9984.087257266241,-0.001591274273375808
btc_hl_breakout_1m,0,0.01,0.045,0.0,0.05,60,high_frequency,0.0015218318827149972,0.1521831882714997,0.2909090909090909,55,-0.018132302896299635,-1.8132302896299635,2.520602086049556,1.0317125447053155,2.1484848484848485e-10,0.06012961662653589,10015.21831882715,0.0015218318827149972
btc_vol_breakout_2m,0,0.015,0.02,0.0,0.25,5,high_frequency,0.009505932926774267,0.9505932926774266,0.4626865671641791,67,-0.06824714565681378,-6.8247145656813775,3.934011106518054,1.0360770179174006,1.6766169154228854e-10,0.07379894259938477,10095.059329267742,0.009505932926774267
btc_small_down_10m,0,0.0175,0.03,0.0,0.25,90,high_frequency,0.028107045470768935,2.8107045470768934,0.4444444444444444,45,-0.0552356851792406,-5.52356851792406,10.004878522457721,1.1393090679026687,2.0888888888888887e-10,0.2696032966164782,10281.07045470769,0.028107045470768935
btc_hl_breakout_10m,0,0.035,0.045,0.0,0.25,30,high_frequency,0.04945851888045531,4.9458518880455316,0.48484848484848486,33,-0.09143252210520303,-9.143252210520302,13.807089615730927,1.20879019310706,3.904040404040404e-10,0.6407802574677025,10494.585188804553,0.04945851888045531
btc_small_up_9m,0,0.035,0.045,0.0,0.1,20,high_frequency,0.032712221711305244,3.2712221711305243,0.5555555555555556,27,-0.021767738905876355,-2.1767738905876355,25.175180196879563,1.5530723625664444,4.197530864197531e-10,1.2124383156229677,10327.122217113052,0.032712221711305244
btc_alt_aligned,0,0.03,0.01,0.0,0.15,45,high_frequency,0.032590078822405236,3.2590078822405237,0.6794871794871795,78,-0.04407743956067167,-4.407743956067167,14.667170026547124,1.1860165114127763,1.707264957264957e-10,0.28748603680325957,10325.900788224053,0.032590078822405236
btc_vol_breakout_10m,0,0.015,0.015,0.0,0.05,90,high_frequency,0.007389880413786267,0.7389880413786267,0.5306122448979592,49,-0.008483855548508723,-0.8483855548508723,14.753854114282921,1.2474067134098306,1.445578231292517e-10,0.3037275481215125,10073.898804137863,0.007389880413786267
btc_small_down_10m,0,0.03,0.04,0.0,0.05,30,high_frequency,0.006919146158650961,0.6919146158650961,0.5,30,-0.011133787445228749,-1.1133787445228749,11.109127825945711,1.206116809642883,3.8000000000000003e-10,0.4674034577996556,10069.19146158651,0.006919146158650961
btc_hl_breakout_8m,0,0.0075,0.045,0.0,0.2,30,high_frequency,-0.014397232330789074,-1.4397232330789074,0.23728813559322035,59,-0.10638800893981881,-10.63880089398188,-4.355017590639936,0.930375809715632,1.9293785310734463e-10,-0.10364674916521653,9856.027676692109,-0.014397232330789074
btc_vol_breakout_3m,0,0.0075,0.025,0.0,0.05,10,high_frequency,-0.009822676454232834,-0.9822676454232835,0.2857142857142857,63,-0.02490360945632808,-2.490360945632808,-16.987145213884304,0.7973565159672559,1.4947089947089948e-10,-0.3104595177585724,9901.773235457671,-0.009822676454232834
btc_hl_breakout_10m,0,0.015,0.05,0.0,0.25,20,high_frequency,0.051676595123329026,5.167659512332903,0.3488372093023256,43,-0.07447232858229291,-7.447232858229292,14.733444218319626,1.2144915280088413,2.9108527131782946e-10,0.5111156019184,10516.76595123329,0.051676595123329026
btc_hl_breakout_6m,0,0.01,0.025,0.0,0.15,90,high_frequency,-0.004502076892823698,-0.45020768928236976,0.35294117647058826,68,-0.05321226690158454,-5.321226690158454,-1.788223142141004,0.972461109602062,1.5612745098039214e-10,-0.033030384898901144,9954.979231071764,-0.004502076892823698
btc_hl_breakout_2m,0,0.005,0.04,0.0,0.2,45,high_frequency,0.024439378748416313,2.443937874841631,0.2835820895522388,67,-0.07109641303929015,-7.109641303929015,10.507741472409458,1.1305622981066197,1.54228855721393e-10,0.19495079359601547,10244.393787484163,0.024439378748416313
btc_hl_breakout_10m,0,0.0175,0.025,0.0,0.2,20,high_frequency,0.04698077885994578,4.698077885994579,0.4827586206896552,58,-0.06512668617330541,-6.512668617330542,16.650212396967106,1.2170716174640606,1.9626436781609197e-10,0.4178365081901543,10469.807788599457,0.04698077885994578
btc_hl_breakout_6m,0,0.025,0.05,0.0,0.05,60,high_frequency,-0.0005200285332899398,-0.052002853328993986,0.37142857142857144,35,-0.01915004860042735,-1.915004860042735,-0.5465837668966999,0.9884677216344888,3.8523809523809525e-10,-0.021097084350664198,9994.7997146671,-0.0005200285332899398
btc_vol_breakout_3m,0,0.0125,0.01,0.0,0.15,90,high_frequency,0.022641720616228145,2.2641720616228147,0.5945945945945946,74,-0.04395651589876215,-4.3956515898762145,12.872198877478374,1.1749524135618372,1.0225225225225225e-10,0.2103817903647101,10226.417206162281,0.022641720616228145
btc_alt_aligned,0,0.0175,0.015,0.0,0.1,5,high_frequency,0.01810310628617442,1.8103106286174422,0.5301204819277109,83,-0.03341700678669346,-3.341700678669346,12.272745181362373,1.1372339477784887,1.6004016064257027e-10,0.2249632318487058,10181.031062861744,0.01810310628617442
btc_vol_breakout_9m,0,0.0125,0.05,0.0,0.05,20,high_frequency,0.0070983384919449805,0.709833849194498,0.3235294117647059,34,-0.009944187696516837,-0.9944187696516837,13.485181980820128,1.255109108623471,2.9362745098039216e-10,0.4212793569491012,10070.98338491945,0.0070983384919449805
btc_hl_breakout_6m,0,0.035,0.05,0.0,0.25,15,high_frequency,-0.005014167330076089,-0.5014167330076089,0.42857142857142855,28,-0.10168703124161871,-10.16870312416187,-0.4297482040465981,0.9753936522248041,4.880952380952381e-10,-0.022388512773290924,9949.85832669924,-0.005014167330076089
btc_hl_breakout_10m,0,0.03,0.015,0.0,0.05,5,high_frequency,0.010403295227369245,1.0403295227369245,0.6037735849056604,53,-0.01594293859442275,-1.594293859442275,14.476499294065409,1.2255636214022112,2.270440251572327e-10,0.3965983032839752,10104.032952273692,0.010403295227369245
btc_vol_breakout_3m,0,0.01,0.025,0.0,0.1,15,high_frequency,-0.004012957663666077,-0.4012957663666077,0.3559322033898305,59,-0.02974973576372253,-2.974973576372253,-3.0251188156382542,0.9570840575200327,1.5451977401129943e-10,-0.06080516984657878,9959.87042336334,-0.004012957663666077
btc_bullish,0,0.02,0.05,0.0,0.25,45,high_frequency,0.06212621699978563,6.212621699978563,0.38095238095238093,42,-0.06838463489590896,-6.838463489590896,16.943059863385784,1.253853506588532,3.1666666666666666e-10,0.6173326705999,10621.262169997855,0.06212621699978563
btc_hl_breakout_1m,0,0.03,0.04,0.0,0.25,60,high_frequency,0.04992082847910001,4.992082847910001,0.5,38,-0.07173554195853771,-7.173554195853771,15.778077095478917,1.2267351743210022,3.535087719298245e-10,0.5480307462851912,10499.208284791,0.04992082847910001
btc_hl_breakout_1m,0,0.02,0.015,0.0,0.2,60,high_frequency,0.04026549179520289,4.0265491795202895,0.578125,64,-0.05159080405098149,-5.159080405098148,15.9249859231018,1.2110123360101797,1.6588541666666668e-10,0.3232244898441077,10402.65491795203,0.04026549179520289
btc_small_up_10m,0,0.005,0.035,0.0,0.25,90,high_frequency,0.04583243177816762,4.583243177816762,0.29508196721311475,61,-0.06755060737134888,-6.7550607371348885,13.817074408967096,1.1983669292717867,1.3469945355191258e-10,0.3169379390857162,10458.324317781677,0.04583243177816762
btc_hl_breakout_7m,0,0.035,0.04,0.0,0.1,90,high_frequency,0.02590726169149699,2.5907261691496988,0.5,36,-0.03911030462102161,-3.9110304621021608,17.15223696251597,1.2867924972256948,3.7175925925925927e-10,0.7312297487696924,10259.07261691497,0.02590726169149699
btc_vol_breakout_9m,0,0.025,0.035,0.0,0.15,30,high_frequency,0.031739476338831674,3.1739476338831674,0.5161290322580645,31,-0.04150774689572667,-4.150774689572668,17.53078397930539,1.3324587389509215,3.381720430107527e-10,0.6929462173838709,10317.394763388316,0.031739476338831674
btc_hl_breakout_7m,0,0.0175,0.02,0.0,0.25,10,high_frequency,0.032935702320653265,3.2935702320653264,0.4838709677419355,62,-0.09619199051938876,-9.619199051938876,10.210878782606212,1.116404068014561,1.7741935483870967e-10,0.23353135235091635,10329.357023206532,0.032935702320653265
btc_vol_breakout_8m,0,0.0125,0.06,0.0,0.25,10,high_frequency,0.010543661599594816,1.0543661599594816,0.25,32,-0.06466859424758042,-6.466859424758042,4.550830557166984,1.068020412698544,3.21875e-10,0.1593369372581745,10105.436615995948,0.010543661599594816
btc_alt_aligned,0,0.01,0.04,0.0,0.05,90,high_frequency,0.011385641303927788,1.1385641303927787,0.3235294117647059,68,-0.01704022845095232,-1.7040228450952322,14.900595980502363,1.2065815128236177,1.9926470588235293e-10,0.3383217475399484,10113.856413039277,0.011385641303927788
btc_hl_breakout_5m,0,0.0125,0.04,0.0,0.2,5,high_frequency,0.02205623265169079,2.205623265169079,0.35294117647058826,51,-0.06101283676617897,-6.101283676617896,8.942053849439983,1.1146491205606013,2.450980392156863e-10,0.23475082983685572,10220.562326516909,0.02205623265169079
btc_vol_breakout_2m,0,0.025,0.02,0.0,0.05,30,high_frequency,0.0038737889753477305,0.38737889753477306,0.5490196078431373,51,-0.012992082758296108,-1.2992082758296108,6.107163251924651,1.0826573303239218,2.349673202614379e-10,0.15646360844252233,10038.737889753478,0.0038737889753477305
btc_vol_breakout_2m,0,0.005,0.02,0.0,0.25,15,high_frequency,-0.04578596970416515,-4.578596970416515,0.29473684210526313,95,-0.10095070465150946,-10.095070465150947,-14.924216689768171,0.8432706530658646,9.421052631578948e-11,-0.18618543734946286,9542.140302958349,-0.04578596970416515
btc_alt_aligned,0,0.0125,0.04,0.0,0.15,60,high_frequency,0.03408401743421971,3.408401743421971,0.34375,64,-0.04527738691286587,-4.5277386912865865,15.196766982478977,1.199772202573556,2.1302083333333333e-10,0.36545559182119336,10340.840174342196,0.03408401743421971
btc_hl_breakout_4m,0,0.02,0.01,0.0,0.25,15,high_frequency,0.033804277469693854,3.3804277469693855,0.6285714285714286,70,-0.05446803507372355,-5.446803507372355,11.363308502076213,1.141859661522145,1.3833333333333335e-10,0.20650578178747783,10338.042774696938,0.033804277469693854
btc_vol_breakout_9m,0,0.0175,0.03,0.0,0.25,5,high_frequency,0.02787134965947921,2.787134965947921,0.4166666666666667,36,-0.06215392865500313,-6.215392865500313,11.029660457346514,1.166218298601715,2.736111111111111e-10,0.32968239524061077,10278.713496594792,0.02787134965947921
btc_hl_breakout_10m,0,0.0125,0.01,0.0,0.25,20,high_frequency,0.020618742920655814,2.0618742920655815,0.5421686746987951,83,-0.06941071605743943,-6.941071605743943,6.903669989971896,1.0750466930990579,1.1004016064257029e-10,0.1152636264418023,10206.187429206559,0.020618742920655814
btc_hl_breakout_1m,0,0.0175,0.04,0.0,0.1,20,high_frequency,0.008859143763435225,0.8859143763435224,0.37777777777777777,45,-0.032734548279709785,-3.2734548279709785,7.331684097477606,1.0995553478208557,2.848148148148148e-10,0.20729233365404062,10088.591437634352,0.008859143763435225
btc_bullish,0,0.03,0.02,0.0,0.15,45,high_frequency,0.04003325857321411,4.003325857321411,0.5769230769230769,52,-0.037882213351423166,-3.7882213351423166,18.115558271491885,1.2637703717951463,2.5160256410256414e-10,0.5225144015067077,10400.332585732142,0.04003325857321411
btc_vol_breakout_9m,0,0.015,0.015,0.0,0.05,60,high_frequency,0.00825189328759485,0.825189328759485,0.54,50,-0.008483855548508279,-0.8483855548508279,16.4334501852149,1.2760386503712822,1.4599999999999999e-10,0.3319148019859458,10082.518932875948,0.00825189328759485
btc_bullish,0,0.005,0.06,0.0,0.1,15,high_frequency,0.029037085805943035,2.9037085805943037,0.21428571428571427,70,-0.023916394853714218,-2.391639485371422,19.44112045019818,1.28920127981194,1.7547619047619046e-10,0.42025549028498643,10290.37085805943,0.029037085805943035
btc_hl_breakout_9m,0,0.01,0.01,0.0,0.15,45,high_frequency,-0.0005895566720085753,-0.05895566720085753,0.4782608695652174,92,-0.06223099518854547,-6.223099518854546,0.32008768584691083,0.9966702236973357,9.909420289855074e-11,0.0049140174543571185,9994.104433279914,-0.0005895566720085753
btc_vol_breakout_3m,0,0.015,0.03,0.0,0.25,5,high_frequency,0.06383156007126745,6.383156007126745,0.44680851063829785,47,-0.05844232951315664,-5.844232951315664,20.243831631179955,1.306258436958626,2.2127659574468084e-10,0.5527069264018717,10638.315600712674,0.06383156007126745
btc_hl_breakout_1m,0,0.03,0.03,0.0,0.25,5,high_frequency,0.01672021855162243,1.672021855162243,0.5,40,-0.08277662257407126,-8.277662257407126,6.036552020248476,1.071528771749142,3.225e-10,0.19859913938279927,10167.202185516224,0.01672021855162243
btc_hl_breakout_1m,0,0.03,0.06,0.0,0.05,90,high_frequency,0.00479859943764082,0.47985994376408203,0.36666666666666664,30,-0.019954562100058304,-1.9954562100058304,7.215577049716374,1.1158286536415514,4.4888888888888887e-10,0.330732090022796,10047.985994376408,0.00479859943764082
btc_hl_breakout_8m,0,0.005,0.025,0.0,0.15,90,high_frequency,-0.0016437687428253185,-0.16437687428253184,0.27058823529411763,85,-0.0765995168654634,-7.65995168654634,-0.22157210114361844,0.9903086712623705,1.107843137254902e-10,-0.0028321283451413935,9983.562312571747,-0.0016437687428253185
btc_vol_breakout_8m,0,0.0175,0.04,0.0,0.1,60,high_frequency,0.001984661635492421,0.19846616354924207,0.3888888888888889,36,-0.031158907666555602,-3.11589076665556,1.9933231183926223,1.0264146157688119,2.9166666666666664e-10,0.06674021293990096,10019.846616354924,0.001984661635492421
btc_hl_breakout_1m,0,0.03,0.045,0.0,0.2,15,high_frequency,-0.0010029699502960739,-0.10029699502960739,0.4166666666666667,36,-0.09169807305967037,-9.169807305967037,0.40557456073618814,0.994517858083254,3.62037037037037e-10,0.015045795851663457,9989.97030049704,-0.0010029699502960739
btc_bullish,0,0.015,0.02,0.0,0.05,45,high_frequency,0.012615348124738274,1.2615348124738275,0.4868421052631579,76,-0.011793856291198779,-1.1793856291198779,17.17565161997598,1.2182140350776827,1.6118421052631579e-10,0.33460851284459303,10126.153481247382,0.012615348124738274
btc_hl_breakout_4m,0,0.025,0.05,0.0,0.15,20,high_frequency,0.02594914681676605,2.594914681676605,0.42857142857142855,35,-0.04548523157416995,-4.548523157416994,12.810642856099134,1.2034755681156486,3.8380952380952383e-10,0.5150059648160631,10259.49146816766,0.02594914681676605
btc_small_up_9m,0,0.01,0.045,0.0,0.05,30,high_frequency,0.006358811985530133,0.6358811985530133,0.32558139534883723,43,-0.01286094320305975,-1.286094320305975,10.637517784527828,1.1818712139329652,2.1085271317829455e-10,0.29982112730437904,10063.588119855302,0.006358811985530133
btc_hl_breakout_9m,0,0.0075,0.045,0.0,0.15,20,high_frequency,-0.0002682847578774727,-0.026828475787747268,0.26229508196721313,61,-0.07638764622371752,-7.6387646223717525,0.4968043776409339,0.9983477161722726,1.8934426229508198e-10,0.012294079507462474,9997.317152421225,-0.0002682847578774727
btc_hl_breakout_3m,0,0.01,0.01,0.0,0.1,30,high_frequency,0.0031190441964652565,0.31190441964652565,0.5465116279069767,86,-0.03296666799827497,-3.2966667998274968,2.988212776952515,1.0323176071106597,1.0135658914728682e-10,0.04112304991695526,10031.190441964653,0.0031190441964652565
btc_hl_breakout_1m,0,0.0175,0.025,0.0,0.15,10,high_frequency,-0.0033913893187888563,-0.3391389318788856,0.41509433962264153,53,-0.06082140306647621,-6.082140306647621,-1.298942848105349,0.9767964840577066,2.220125786163522e-10,-0.029622042913955444,9966.086106812112,-0.0033913893187888563
btc_alt_aligned,0,0.035,0.015,0.0,0.05,45,high_frequency,0.014076020399316963,1.4076020399316964,0.6379310344827587,58,-0.014630618951756214,-1.4630618951756214,18.483162964135442,1.2830650608473309,2.3764367816091954e-10,0.4881106658060982,10140.76020399317,0.014076020399316963
btc_hl_breakout_8m,0,0.0175,0.035,0.0,0.15,10,high_frequency,0.017312539706793244,1.7312539706793244,0.38,50,-0.053374600472113176,-5.337460047211318,8.466230674767056,1.109078227940645,2.4833333333333335e-10,0.24843204377981792,10173.125397067932,0.017312539706793244
btc_hl_breakout_8m,0,0.035,0.015,0.0,0.25,90,high_frequency,0.06136318758438088,6.136318758438088,0.6595744680851063,47,-0.07742543469176988,-7.742543469176988,17.460232256884858,1.274895310657409,2.5035460992907803e-10,0.5388709163729282,10613.631875843808,0.06136318758438088
btc_hl_breakout_10m,0,0.0075,0.04,0.0,0.05,45,high_frequency,0.00444529198663272,0.44452919866327195,0.288135593220339,59,-0.020914535569574455,-2.0914535569574455,6.482861511921585,1.0891835779274375,1.9661016949152542e-10,0.15575912893682056,10044.452919866328,0.00444529198663272
btc_hl_breakout_9m,0,0.025,0.025,0.0,0.25,15,high_frequency,0.08322097648153827,8.322097648153827,0.5319148936170213,47,-0.06545634001418654,-6.545634001418654,22.70618773427872,1.344182690143499,2.698581560283688e-10,0.7142311322166727,10832.209764815383,0.08322097648153827
btc_hl_breakout_4m,0,0.03,0.01,0.0,0.1,60,high_frequency,0.029163161089337995,2.9163161089337994,0.7213114754098361,61,-0.02095632757243182,-2.095632757243182,22.640024816565056,1.3625874728144236,1.762295081967213e-10,0.47934391518912645,10291.63161089338,0.029163161089337995
btc_vol_breakout_8m,0,0.005,0.015,0.0,0.15,5,high_frequency,-0.006196488259112448,-0.6196488259112448,0.3387096774193548,62,-0.037378076691644835,-3.7378076691644835,-3.7696043582732193,0.9437259818176048,1.0080645161290323e-10,-0.05979582828515847,9938.035117408876,-0.006196488259112448
btc_hl_breakout_5m,0,0.03,0.05,0.0,0.2,15,high_frequency,-0.004497228684906872,-0.4497228684906872,0.4,35,-0.08537609618221254,-8.537609618221254,-0.8541777522989863,0.9764467829091482,3.876190476190476e-10,-0.02900637208642153,9955.027713150932,-0.004497228684906872
btc_hl_breakout_10m,0,0.0075,0.04,0.0,0.2,30,high_frequency,0.016021485744676964,1.6021485744676964,0.288135593220339,59,-0.08199433528616906,-8.199433528616906,6.452091752007709,1.0771279536409712,1.9661016949152542e-10,0.15575912893682034,10160.21485744677,0.016021485744676964
btc_hl_breakout_10m,0,0.02,0.01,0.0,0.1,90,high_frequency,0.015144088880096399,1.5144088880096398,0.5972222222222222,72,-0.030101770516505977,-3.0101770516505977,11.167750259909003,1.153261690286973,1.361111111111111e-10,0.21669404636668071,10151.440888800964,0.015144088880096399
btc_hl_breakout_4m,0,0.025,0.03,0.0,0.2,30,high_frequency,0.06076406733342837,6.0764067333428375,0.5555555555555556,45,-0.04072674501180551,-4.0726745011805505,22.483326880192624,1.33685320290947,2.9e-10,0.6803424502357261,10607.640673334285,0.06076406733342837
btc_small_up_10m,0,0.03,0.04,0.0,0.2,45,high_frequency,0.05553733640491828,5.553733640491828,0.4864864864864865,37,-0.05984557670852397,-5.984557670852397,19.80697737349788,1.3258790454705596,3.022522522522523e-10,0.7637521393576393,10555.373364049183,0.05553733640491828
btc_hl_breakout_8m,0,0.005,0.06,0.0,0.05,60,high_frequency,-0.0014532489913050427,-0.14532489913050428,0.16393442622950818,61,-0.02714380531762306,-2.714380531762306,-1.8164943969713774,0.9700681277282996,1.8360655737704919e-10,-0.04211594247382674,9985.46751008695,-0.0014532489913050427
btc_hl_breakout_2m,0,0.02,0.015,0.0,0.2,5,high_frequency,0.026775222938301566,2.677522293830157,0.5757575757575758,66,-0.04719635851190174,-4.719635851190174,10.896523862462418,1.1329252288591676,1.6035353535353536e-10,0.21511254604662994,10267.752229383015,0.026775222938301566
btc_hl_breakout_6m,0,0.01,0.025,0.0,0.2,15,high_frequency,-0.006503513172573548,-0.6503513172573548,0.35294117647058826,68,-0.0706651959648662,-7.06651959648662,-1.799755613069367,0.9703826954065113,1.5612745098039214e-10,-0.033030384898900554,9934.964868274265,-0.006503513172573548
btc_hl_breakout_6m,0,0.0175,0.03,0.0,0.05,10,high_frequency,-0.010832508352055941,-1.083250835205594,0.35294117647058826,51,-0.027557312153632996,-2.7557312153632996,-17.381905603705004,0.7966471628220403,2.395424836601307e-10,-0.4228826883133396,9891.67491647944,-0.010832508352055941
btc_hl_breakout_10m,0,0.01,0.01,0.0,0.05,60,high_frequency,-0.0026234063989614242,-0.2623406398961424,0.4777777777777778,90,-0.019776183409783155,-1.9776183409783155,-3.716835876968858,0.953345309835487,9.666666666666667e-11,-0.05542429163210188,9973.765936010386,-0.0026234063989614242
btc_hl_breakout_2m,0,0.02,0.015,0.0,0.2,45,high_frequency,0.026775222938301566,2.677522293830157,0.5757575757575758,66,-0.04719635851190174,-4.719635851190174,10.896523862462418,1.1329252288591676,1.6035353535353536e-10,0.21511254604662994,10267.752229383015,0.026775222938301566
btc_vol_breakout_3m,0,0.01,0.03,0.0,0.25,45,high_frequency,0.004901468765363597,0.4901468765363597,0.34545454545454546,55,-0.07155522368120903,-7.155522368120904,2.5000197219911704,1.0210145588254917,1.7242424242424242e-10,0.05663459788754425,10049.014687653636,0.004901468765363597
btc_hl_breakout_8m,0,0.0175,0.025,0.0,0.2,45,high_frequency,0.01405406096468746,1.405406096468746,0.41818181818181815,55,-0.07826047327553587,-7.826047327553587,5.695824176612634,1.0631483623114364,2.1727272727272728e-10,0.14967593792671885,10140.540609646874,0.01405406096468746
btc_hl_breakout_7m,0,0.0125,0.035,0.0,0.25,30,high_frequency,0.05818026595887668,5.818026595887668,0.3620689655172414,58,-0.08060127679287077,-8.060127679287078,16.484046348370775,1.2110940200110756,2.0258620689655172e-10,0.4191840144158473,10581.802659588768,0.05818026595887668
btc_small_up_10m,0,0.035,0.03,0.0,0.1,60,high_frequency,0.031407015516371165,3.1407015516371164,0.5714285714285714,35,-0.03110960265357554,-3.110960265357554,21.42494409487437,1.4169783522872808,3.314285714285714e-10,0.901072909826987,10314.070155163712,0.031407015516371165
btc_hl_breakout_5m,0,0.03,0.03,0.0,0.15,30,high_frequency,0.004339742671823774,0.4339742671823774,0.5116279069767442,43,-0.06203989242743457,-6.203989242743457,2.7766941260442746,1.0298232576327147,3.0271317829457364e-10,0.08537880927004249,10043.397426718238,0.004339742671823774
btc_hl_breakout_6m,0,0.025,0.01,0.0,0.05,5,high_frequency,0.008064805939639473,0.8064805939639473,0.6865671641791045,67,-0.013231722453329486,-1.3231722453329486,12.6984420432504,1.1838473564814909,1.5696517412935323e-10,0.24345128937585114,10080.648059396395,0.008064805939639473
btc_hl_breakout_9m,0,0.025,0.01,0.0,0.2,60,high_frequency,0.04646340705803509,4.646340705803508,0.6363636363636364,66,-0.06517035622996525,-6.517035622996525,16.344624335692117,1.2301148164496032,1.792929292929293e-10,0.36230885749113584,10464.63407058035,0.04646340705803509
btc_hl_breakout_8m,0,0.0125,0.025,0.0,0.2,45,high_frequency,0.04147705632270711,4.147705632270711,0.421875,64,-0.05867648780484158,-5.867648780484158,15.137917548003072,1.1942632671321567,1.6875e-10,0.336327820004985,10414.770563227072,0.04147705632270711
btc_hl_breakout_9m,0,0.02,0.025,0.0,0.15,45,high_frequency,0.034065110308400266,3.4065110308400266,0.48148148148148145,54,-0.05001652944488155,-5.001652944488155,15.80432558993228,1.2183363129042695,2.2623456790123456e-10,0.4315195027963521,10340.651103084003,0.034065110308400266
btc_vol_breakout_2m,0,0.015,0.01,0.0,0.1,60,high_frequency,0.005650132710531011,0.5650132710531011,0.5925925925925926,81,-0.02892222236967934,-2.892222236967934,4.99934763855656,1.0590888721330114,1.1152263374485597e-10,0.07467019457521448,10056.50132710531,0.005650132710531011
btc_hl_breakout_7m,0,0.035,0.045,0.0,0.2,20,high_frequency,0.04114343437054938,4.114343437054938,0.47058823529411764,34,-0.08179190949930648,-8.179190949930648,14.107059925161556,1.2238257406955144,3.9362745098039217e-10,0.6351548980683699,10411.434343705494,0.04114343437054938
btc_small_up_9m,0,0.005,0.04,0.0,0.1,5,high_frequency,0.023510602901913546,2.3510602901913544,0.32,50,-0.020810744801140757,-2.0810744801140757,19.93758704066066,1.3505026776622624,1.6633333333333333e-10,0.4733547810071897,10235.106029019136,0.023510602901913546
btc_alt_aligned,0,0.035,0.035,0.0,0.2,60,high_frequency,0.0398203344650999,3.9820334465099902,0.5121951219512195,41,-0.07233419213008219,-7.233419213008219,13.486374544990918,1.19789392251746,3.4390243902439024e-10,0.5098156086415834,10398.203344651,0.0398203344650999
btc_hl_breakout_9m,0,0.035,0.06,0.0,0.2,60,high_frequency,0.05420040759157534,5.420040759157534,0.4642857142857143,28,-0.0750216893343002,-7.502168933430021,17.85442039237676,1.3246403881174755,4.93452380952381e-10,0.9984208413064355,10542.004075915753,0.05420040759157534
btc_vol_breakout_2m,0,0.02,0.03,0.0,0.2,15,high_frequency,0.029497979705657214,2.9497979705657214,0.48936170212765956,47,-0.0522688722189647,-5.226887221896471,11.902734522008942,1.1624985083347794,2.652482269503546e-10,0.3301175121202472,10294.979797056572,0.029497979705657214
btc_hl_breakout_2m,0,0.01,0.035,0.0,0.25,5,high_frequency,0.044928210543680056,4.492821054368005,0.36065573770491804,61,-0.08678732921641996,-8.678732921641997,14.483322184354058,1.1789558339906232,1.76775956284153e-10,0.31060012459365094,10449.2821054368,0.044928210543680056
btc_small_up_10m,0,0.03,0.05,0.0,0.2,5,high_frequency,0.04305828671015568,4.3058286710155675,0.41935483870967744,31,-0.06715888865989561,-6.715888865989561,15.3186216490603,1.267808483269783,3.913978494623656e-10,0.7237482944996997,10430.582867101557,0.04305828671015568
btc_vol_breakout_9m,0,0.02,0.015,0.0,0.2,90,high_frequency,0.014297365528005685,1.4297365528005685,0.5555555555555556,45,-0.04446094760187136,-4.446094760187136,7.486479063291699,1.1081143903391224,1.7962962962962963e-10,0.1712152516114634,10142.973655280057,0.014297365528005685
btc_hl_breakout_7m,0,0.025,0.02,0.0,0.25,5,high_frequency,0.09665366920750298,9.665366920750298,0.5849056603773585,53,-0.05766374439882438,-5.766374439882438,26.194795373111454,1.3950415389928439,2.2264150943396227e-10,0.7260883584387086,10966.53669207503,0.09665366920750298
btc_small_up_10m,0,0.035,0.04,0.0,0.15,45,high_frequency,0.057117525438921596,5.7117525438921595,0.5294117647058824,34,-0.04639047182381528,-4.639047182381528,25.68213390682495,1.4844314437796349,3.3872549019607846e-10,1.1197800637331983,10571.175254389216,0.057117525438921596
btc_hl_breakout_4m,0,0.01,0.01,0.0,0.25,15,high_frequency,0.014590969987025937,1.4590969987025937,0.5581395348837209,86,-0.07136390024954498,-7.136390024954498,5.754763658517917,1.0597991143978858,1.0213178294573644e-10,0.07972158903926263,10145.909699870259,0.014590969987025937
btc_hl_breakout_10m,0,0.035,0.015,0.0,0.05,60,high_frequency,0.01221983538719461,1.221983538719461,0.6530612244897959,49,-0.014671418626695631,-1.4671418626695631,16.849673933601764,1.2792372311648823,2.517006802721088e-10,0.5024567267777463,10122.198353871947,0.01221983538719461
btc_hl_breakout_2m,0,0.035,0.06,0.0,0.25,30,high_frequency,0.059954703223468186,5.995470322346819,0.5,28,-0.08236851431153913,-8.236851431153912,17.551423948866955,1.3047778718412957,4.892857142857143e-10,0.8894061363889405,10599.547032234681,0.059954703223468186
btc_small_down_10m,0,0.015,0.03,0.0,0.2,90,high_frequency,0.05424124594320904,5.4241245943209035,0.4375,48,-0.04550160250348356,-4.550160250348356,24.292404879646924,1.3770471973462908,1.9270833333333333e-10,0.5660147632448652,10542.412459432091,0.05424124594320904
btc_hl_breakout_10m,0,0.015,0.04,0.0,0.05,45,high_frequency,0.012433803510761255,1.2433803510761254,0.3829787234042553,47,-0.015238581553116193,-1.5238581553116193,17.12541855963419,1.2712907512394,2.6382978723404256e-10,0.5332206232833263,10124.338035107612,0.012433803510761255
btc_small_up_10m,0,0.0075,0.05,0.0,0.05,5,high_frequency,0.010279255187876748,1.0279255187876748,0.2641509433962264,53,-0.0165344985427075,-1.6534498542707499,14.552011298175051,1.2483943192774816,1.6666666666666666e-10,0.39225113983398047,10102.792551878767,0.010279255187876748
btc_hl_breakout_9m,0,0.03,0.045,0.0,0.15,60,high_frequency,0.023277245018395728,2.327724501839573,0.4594594594594595,37,-0.06493439083039598,-6.493439083039599,11.10942445732212,1.163180883908111,3.3648648648648647e-10,0.4413209049675968,10232.772450183957,0.023277245018395728
btc_hl_breakout_3m,0,0.0175,0.035,0.0,0.1,5,high_frequency,0.004458891875963525,0.44588918759635254,0.3958333333333333,48,-0.03236051458417988,-3.236051458417988,3.772302926409781,1.045769277774521,2.579861111111111e-10,0.10356739633242423,10044.588918759635,0.004458891875963525
btc_hl_breakout_3m,0,0.015,0.06,0.0,0.25,15,high_frequency,0.01816745088126927,1.8167450881269271,0.2972972972972973,37,-0.0856952702077658,-8.56952702077658,6.358017015626144,1.0889775166870643,3.4819819819819817e-10,0.2340371136175564,10181.674508812692,0.01816745088126927
btc_hl_breakout_10m,0,0.01,0.05,0.0,0.05,90,high_frequency,0.006033500731431446,0.6033500731431446,0.2608695652173913,46,-0.017091416456525343,-1.7091416456525343,8.71594994337194,1.144827505893707,2.6195652173913044e-10,0.2687700541287656,10060.335007314314,0.006033500731431446
btc_alt_aligned,0,0.035,0.045,0.0,0.25,60,high_frequency,0.07464078999376571,7.464078999376571,0.4864864864864865,37,-0.08635464169657925,-8.635464169657926,19.570889367216,1.3057975193954765,3.837837837837838e-10,0.8288758581098535,10746.407899937658,0.07464078999376571
btc_hl_breakout_8m,0,0.03,0.025,0.0,0.15,15,high_frequency,0.03251223007562642,3.2512230075626416,0.5348837209302325,43,-0.04291385357482702,-4.291385357482702,15.206327046712877,1.2326541945745517,2.9069767441860465e-10,0.51827824726083,10325.122300756264,0.03251223007562642
btc_vol_breakout_10m,0,0.0125,0.03,0.0,0.05,30,high_frequency,0.008405226853035469,0.8405226853035469,0.4,40,-0.011718684529752221,-1.1718684529752221,16.246079452426613,1.2765458542694967,2.0041666666666667e-10,0.4230291880974038,10084.052268530355,0.008405226853035469
btc_hl_breakout_7m,0,0.01,0.015,0.0,0.1,20,high_frequency,0.01178304198055688,1.178304198055688,0.43373493975903615,83,-0.031801349244506505,-3.1801349244506505,8.617689634251734,1.1051159470689735,1.2108433734939757e-10,0.14846305180726602,10117.830419805568,0.01178304198055688
btc_small_up_10m,0,0.005,0.035,0.0,0.25,45,high_frequency,0.04583243177816762,4.583243177816762,0.29508196721311475,61,-0.06755060737134888,-6.7550607371348885,13.817074408967096,1.1983669292717867,1.3469945355191258e-10,0.3169379390857162,10458.324317781677,0.04583243177816762
btc_alt_aligned,0,0.0075,0.025,0.0,0.15,30,high_frequency,0.011572891928681089,1.1572891928681088,0.3402061855670103,97,-0.061315051571834145,-6.1315051571834145,5.673966766512052,1.0539928830533087,1.3436426116838488e-10,0.09022635707051559,10115.72891928681,0.011572891928681089
btc_small_down_10m,0,0.0125,0.04,0.0,0.15,15,high_frequency,0.009238827708744794,0.9238827708744793,0.325,40,-0.030090870454499874,-3.0090870454499874,5.392930891010058,1.0844947645965315,2.6583333333333335e-10,0.1683400005640607,10092.388277087448,0.009238827708744794
btc_vol_breakout_9m,0,0.005,0.04,0.0,0.1,45,high_frequency,0.00647893757378306,0.647893757378306,0.26,50,-0.025235480247568054,-2.5235480247568054,6.516561498849559,1.094799765322809,1.6299999999999998e-10,0.1360923969639947,10064.78937573783,0.00647893757378306
btc_hl_breakout_9m,0,0.035,0.05,0.0,0.2,45,high_frequency,0.04135546263741453,4.135546263741453,0.48484848484848486,33,-0.07422111064200865,-7.422111064200864,14.053255554024963,1.2227286992344828,4.0252525252525253e-10,0.6583726599784009,10413.554626374145,0.04135546263741453
btc_vol_breakout_8m,0,0.0175,0.04,0.0,0.25,5,high_frequency,0.003401781756379387,0.34017817563793873,0.3888888888888889,36,-0.07719544044019933,-7.7195440440199325,2.0108896271678707,1.017687504223901,2.9166666666666664e-10,0.06674021293990097,10034.017817563794,0.003401781756379387
btc_small_up_9m,0,0.02,0.03,0.0,0.1,60,high_frequency,0.02260110713747979,2.260110713747979,0.46511627906976744,43,-0.0204801460307672,-2.04801460307672,17.917611157705725,1.3007954686221634,2.4031007751937986e-10,0.5304036261957626,10226.011071374798,0.02260110713747979
btc_hl_breakout_8m,0,0.035,0.045,0.0,0.15,20,high_frequency,0.021401777614913204,2.14017776149132,0.46875,32,-0.0621643765693618,-6.21643765693618,9.94443648278955,1.1579602257599702,4.0729166666666664e-10,0.4744618297319024,10214.017776149132,0.021401777614913204
btc_hl_breakout_4m,0,0.0075,0.045,0.0,0.2,20,high_frequency,-0.0006469928675967594,-0.06469928675967594,0.2807017543859649,57,-0.06125273897031569,-6.125273897031569,0.4593919889393985,0.9965541765808955,2.0994152046783624e-10,0.010808123815066198,9993.530071324032,-0.0006469928675967594
btc_hl_breakout_3m,0,0.025,0.015,0.0,0.2,60,high_frequency,0.033333383064262395,3.3333383064262394,0.6037735849056604,53,-0.05612214159215145,-5.612214159215146,13.323143211735813,1.1847463473209554,2.0503144654088051e-10,0.3279527795068859,10333.333830642623,0.033333383064262395
btc_hl_breakout_4m,0,0.01,0.05,0.0,0.25,15,high_frequency,0.019614225023327846,1.9614225023327845,0.2765957446808511,47,-0.06469036472058853,-6.469036472058853,6.948681114161268,1.0907614095549536,2.6134751773049645e-10,0.19624194941598058,10196.142250233279,0.019614225023327846
btc_bullish,0,0.02,0.01,0.0,0.15,20,high_frequency,0.026997766671642692,2.699776667164269,0.6292134831460674,89,-0.04230067239395441,-4.23006723939544,12.68593381664017,1.1507647322090875,1.3558052434456927e-10,0.21032951287799878,10269.977666716426,0.026997766671642692
btc_bullish,0,0.035,0.06,0.0,0.05,20,high_frequency,0.016216869926533536,1.6216869926533535,0.4444444444444444,27,-0.017693995044713584,-1.7693995044713584,21.094020301801557,1.432961746809077,5.160493827160493e-10,1.2071352720075668,10162.168699265336,0.016216869926533536
btc_hl_breakout_1m,0,0.0075,0.02,0.0,0.2,45,high_frequency,-0.015523351170310002,-1.5523351170310002,0.3815789473684211,76,-0.08301301040824915,-8.301301040824915,-5.678288867968864,0.9298108994825567,1.293859649122807e-10,-0.09099086369586666,9844.7664882969,-0.015523351170310002
btc_vol_breakout_8m,0,0.01,0.015,0.0,0.1,5,high_frequency,0.00643054108207416,0.6430541082074159,0.44642857142857145,56,-0.018483098347350957,-1.8483098347350957,6.772267980971829,1.0935214711540775,1.226190476190476e-10,0.11988278003166108,10064.305410820742,0.00643054108207416
btc_hl_breakout_6m,0,0.005,0.06,0.0,0.1,15,high_frequency,-0.005684684339308103,-0.5684684339308103,0.16129032258064516,62,-0.05526184245398669,-5.526184245398669,-3.5642687281976557,0.9434426467189545,1.75e-10,-0.0809524504725819,9943.153156606919,-0.005684684339308103
btc_hl_breakout_3m,0,0.025,0.03,0.0,0.1,90,high_frequency,0.022855380277463155,2.2855380277463153,0.5348837209302325,43,-0.026451746814002863,-2.6451746814002863,17.20104779646436,1.267612612742859,2.9612403100775194e-10,0.5379361014674399,10228.553802774632,0.022855380277463155
btc_vol_breakout_3m,0,0.0175,0.045,0.0,0.15,10,high_frequency,0.001519670708149488,0.15196707081494878,0.3684210526315789,38,-0.0499221708750508,-4.99221708750508,1.3513944940508813,1.012058530240526,2.9210526315789477e-10,0.04574143388644565,10015.196707081495,0.001519670708149488
btc_hl_breakout_4m,0,0.0175,0.01,0.0,0.05,20,high_frequency,0.000878813669684979,0.0878813669684979,0.5972222222222222,72,-0.013810221721536342,-1.3810221721536342,1.5860454338946925,1.0180338966439755,1.3287037037037037e-10,0.027574336399222944,10008.78813669685,0.000878813669684979
btc_hl_breakout_6m,0,0.0075,0.04,0.0,0.2,90,high_frequency,-0.020184416725187726,-2.0184416725187724,0.26666666666666666,60,-0.090718155610648,-9.071815561064799,-7.299173650121742,0.9034420416931949,1.9666666666666669e-10,-0.15321839259543713,9798.155832748123,-0.020184416725187726
btc_hl_breakout_6m,0,0.015,0.02,0.0,0.2,30,high_frequency,-0.016729295486597833,-1.6729295486597833,0.4461538461538462,65,-0.07412256876941714,-7.412256876941714,-6.070787258184725,0.9228493088631324,1.735897435897436e-10,-0.1156924045840396,9832.707045134022,-0.016729295486597833
btc_vol_breakout_9m,0,0.02,0.06,0.0,0.15,20,high_frequency,0.013881011805639127,1.3881011805639127,0.32,25,-0.03405951640688887,-3.405951640688887,8.441797936412485,1.1646579375751218,4.3800000000000004e-10,0.39064631638382386,10138.810118056392,0.013881011805639127
btc_vol_breakout_9m,0,0.0075,0.01,0.0,0.1,15,high_frequency,-0.006555856780726106,-0.6555856780726106,0.46551724137931033,58,-0.02844370076316316,-2.844370076316316,-6.645646626648436,0.9027844586731822,1.0459770114942528e-10,-0.10890520477892815,9934.44143219274,-0.006555856780726106
btc_hl_breakout_9m,0,0.0175,0.015,0.0,0.05,10,high_frequency,0.0020822811314111503,0.20822811314111503,0.4927536231884058,69,-0.022499833721573714,-2.2499833721573714,3.173217731969176,1.0368499966706664,1.5096618357487923e-10,0.06472854984745337,10020.822811314112,0.0020822811314111503
btc_hl_breakout_3m,0,0.0075,0.035,0.0,0.15,30,high_frequency,-0.0017566394592467304,-0.17566394592467305,0.3125,64,-0.05412430560735593,-5.412430560735593,-0.3775946004578659,0.9884413810892172,1.7708333333333334e-10,-0.006814266850651899,9982.433605407532,-0.0017566394592467304
btc_hl_breakout_10m,0,0.02,0.06,0.0,0.1,20,high_frequency,0.02220770341360204,2.220770341360204,0.3333333333333333,36,-0.032789770460597056,-3.2789770460597056,15.06845603058875,1.2461748113294426,3.625e-10,0.6330411703943765,10222.07703413602,0.02220770341360204
btc_hl_breakout_1m,0,0.015,0.01,0.0,0.1,20,high_frequency,-0.010186426689994402,-1.0186426689994401,0.5394736842105263,76,-0.04380182925984155,-4.380182925984155,-8.119660490433027,0.901922561558114,1.243421052631579e-10,-0.12915025809922914,9898.135733100056,-0.010186426689994402
btc_hl_breakout_5m,0,0.0175,0.06,0.0,0.05,45,high_frequency,-0.0007548315860325715,-0.07548315860325715,0.2926829268292683,41,-0.020329195636589192,-2.0329195636589192,-0.9453325828078699,0.9846606864825983,3.231707317073171e-10,-0.02884247741241626,9992.451684139674,-0.0007548315860325715
btc_vol_breakout_10m,0,0.0075,0.01,0.0,0.2,20,high_frequency,-0.028998208494742765,-2.8998208494742763,0.45614035087719296,57,-0.06430162117803073,-6.430162117803073,-16.171385383198754,0.7839282755473704,1.0321637426900585e-10,-0.2502944799297335,9710.017915052573,-0.028998208494742765
btc_hl_breakout_3m,0,0.02,0.035,0.0,0.05,20,high_frequency,0.010187172786081623,1.0187172786081622,0.4666666666666667,45,-0.013782078672801568,-1.3782078672801568,15.313074412829359,1.2321720037324082,2.837037037037037e-10,0.4567384615112222,10101.871727860816,0.010187172786081623
btc_hl_breakout_3m,0,0.0075,0.01,0.0,0.1,30,high_frequency,-0.014831291886819873,-1.4831291886819873,0.4606741573033708,89,-0.04214639652500263,-4.214639652500263,-12.397931527729561,0.8579186764597813,9.250936329588015e-11,-0.16339969869774582,9851.6870811318,-0.014831291886819873
btc_vol_breakout_8m,0,0.0175,0.02,0.0,0.15,45,high_frequency,0.01415835672484784,1.415835672484784,0.4883720930232558,43,-0.034543944563537154,-3.4543944563537154,9.556313877888492,1.1378828205078535,1.8372093023255815e-10,0.22947367691177425,10141.583567248479,0.01415835672484784
btc_hl_breakout_9m,0,0.03,0.025,0.0,0.25,15,high_frequency,0.050052434944164816,5.005243494416481,0.5348837209302325,43,-0.08561173476594341,-8.561173476594341,14.597115912237264,1.2115707295191813,2.934108527131783e-10,0.48945019911464926,10500.524349441648,0.050052434944164816
btc_hl_breakout_8m,0,0.0125,0.04,0.0,0.25,15,high_frequency,0.04826597291248268,4.826597291248268,0.35294117647058826,51,-0.08662072955390265,-8.662072955390265,14.055479493268079,1.192708095070223,2.4019607843137255e-10,0.40087294359668424,10482.659729124827,0.04826597291248268
btc_alt_aligned,0,0.03,0.04,0.0,0.25,20,high_frequency,0.055808427806627654,5.580842780662765,0.47619047619047616,42,-0.08707620450351583,-8.707620450351584,15.09870106458148,1.2137430873229549,3.333333333333333e-10,0.5584989104976977,10558.084278066277,0.055808427806627654
btc_vol_breakout_9m,0,0.0075,0.035,0.0,0.25,45,high_frequency,0.012173128772409064,1.2173128772409063,0.29545454545454547,44,-0.06610581617874522,-6.610581617874523,5.393856217529736,1.0695135470066541,2.0416666666666666e-10,0.12922317208253978,10121.731287724091,0.012173128772409064
btc_hl_breakout_9m,0,0.005,0.045,0.0,0.2,90,high_frequency,-0.0011766875561095731,-0.11766875561095731,0.2112676056338028,71,-0.11238688061516233,-11.238688061516234,0.3875352136328725,0.9944495805052664,1.4577464788732394e-10,0.008348727595043178,9988.233124438904,-0.0011766875561095731
btc_bullish,0,0.005,0.035,0.0,0.15,45,high_frequency,0.027535212166965767,2.753521216696577,0.26136363636363635,88,-0.04138385552628443,-4.138385552628443,12.705094333239927,1.1503762728532705,1.3371212121212121e-10,0.21760923861962297,10275.352121669657,0.027535212166965767
btc_hl_breakout_6m,0,0.03,0.045,0.0,0.15,90,high_frequency,-0.016666126524110654,-1.6666126524110654,0.3888888888888889,36,-0.07914247066321367,-7.9142470663213675,-7.956185404974685,0.8829636539028387,3.5e-10,-0.28994397762135665,9833.338734758894,-0.016666126524110654
btc_hl_breakout_1m,0,0.025,0.045,0.0,0.15,30,high_frequency,0.015917437001960046,1.5917437001960046,0.42105263157894735,38,-0.05610367744486655,-5.6103677444866555,8.300665358801538,1.1199936478909207,3.355263157894737e-10,0.29849479929520106,10159.1743700196,0.015917437001960046
btc_vol_breakout_2m,0,0.03,0.02,0.0,0.05,30,high_frequency,0.006080137720568894,0.6080137720568893,0.574468085106383,47,-0.013006563628116696,-1.3006563628116696,9.542174415632916,1.1408922367095393,2.5567375886524826e-10,0.2631166741275694,10060.80137720569,0.006080137720568894
btc_hl_breakout_1m,0,0.0125,0.01,0.0,0.2,30,high_frequency,-0.021554603103205294,-2.1554603103205294,0.4939759036144578,83,-0.08034581769063731,-8.034581769063731,-7.97079993449877,0.9043102529133358,1.0542168674698795e-10,-0.12015250830427185,9784.453968967948,-0.021554603103205294
btc_hl_breakout_9m,0,0.03,0.06,0.0,0.25,10,high_frequency,0.03780168717997922,3.7801687179979218,0.4,30,-0.10411615636385918,-10.411615636385918,10.892795308237082,1.165391452640533,4.5444444444444444e-10,0.559783431186159,10378.016871799791,0.03780168717997922
btc_vol_breakout_10m,0,0.015,0.02,0.0,0.2,60,high_frequency,0.0408355216312998,4.08355216312998,0.4883720930232558,43,-0.03752811684850632,-3.752811684850632,20.020805711879877,1.3302807908367302,1.8023255813953487e-10,0.48031917598379037,10408.355216312997,0.0408355216312998
btc_hl_breakout_1m,0,0.015,0.05,0.0,0.15,45,high_frequency,0.016022376123598338,1.6022376123598339,0.32558139534883723,43,-0.0457145271383983,-4.57145271383983,8.793686997675815,1.1223174726849157,2.937984496124031e-10,0.2667669683856642,10160.223761235984,0.016022376123598338
btc_hl_breakout_9m,0,0.015,0.015,0.0,0.25,30,high_frequency,0.029022045531456434,2.9022045531456433,0.5070422535211268,71,-0.09121931707829845,-9.121931707829845,9.222620706906026,1.1041148226082684,1.4295774647887323e-10,0.1814826426415499,10290.220455314564,0.029022045531456434
btc_vol_breakout_10m,0,0.02,0.02,0.0,0.15,20,high_frequency,0.026825588756063827,2.6825588756063827,0.5384615384615384,39,-0.0319508979325791,-3.1950897932579103,17.38005887184779,1.2892669868843767,2.0213675213675213e-10,0.46536180351645917,10268.255887560637,0.026825588756063827
btc_vol_breakout_3m,0,0.0075,0.045,0.0,0.15,5,high_frequency,-0.027478887564796516,-2.7478887564796515,0.23636363636363636,55,-0.06375475795253183,-6.375475795253182,-15.28518346914489,0.8028579800937724,1.824242424242424e-10,-0.3265403235114177,9725.211124352034,-0.027478887564796516
btc_hl_breakout_4m,0,0.03,0.02,0.0,0.2,60,high_frequency,0.05296792669361621,5.296792669361621,0.6041666666666666,48,-0.042713463880942326,-4.271346388094233,20.302260535709525,1.2995995063952042,2.430555555555556e-10,0.5592095969770183,10529.679266936162,0.05296792669361621
btc_hl_breakout_4m,0,0.035,0.025,0.0,0.05,5,high_frequency,0.011372103429852712,1.1372103429852711,0.5952380952380952,42,-0.011503308227916786,-1.1503308227916786,16.99542640897556,1.2743143578548157,3.1547619047619047e-10,0.5452559607429223,10113.721034298527,0.011372103429852712
btc_hl_breakout_5m,0,0.01,0.01,0.0,0.2,5,high_frequency,0.011249327856583727,1.1249327856583728,0.5454545454545454,88,-0.06717517445669763,-6.717517445669763,5.225725023507223,1.0546268682712503,1.0208333333333333e-10,0.07405257146671204,10112.493278565837,0.011249327856583727
btc_alt_aligned,0,0.01,0.025,0.0,0.1,5,high_frequency,0.016340974900153026,1.6340974900153027,0.37209302325581395,86,-0.03421752274539669,-3.421752274539669,11.129374949543104,1.1277341410772281,1.5426356589147287e-10,0.19653771260946876,10163.40974900153,0.016340974900153026
btc_small_down_10m,0,0.03,0.015,0.0,0.2,5,high_frequency,0.056477462879574065,5.647746287957407,0.6590909090909091,44,-0.03392821593243356,-3.392821593243356,22.925814060193307,1.4063495555073717,2.178030303030303e-10,0.6435117146257465,10564.774628795742,0.056477462879574065
btc_small_up_9m,0,0.015,0.02,0.0,0.1,45,high_frequency,0.015240607336650964,1.5240607336650964,0.45098039215686275,51,-0.019425973468566893,-1.9425973468566893,14.895063564542001,1.213696331088431,1.6633986928104574e-10,0.30332885431341694,10152.40607336651,0.015240607336650964
btc_hl_breakout_7m,0,0.0175,0.01,0.0,0.25,90,high_frequency,-0.021202217555964353,-2.120221755596435,0.5454545454545454,77,-0.11890846518691045,-11.890846518691045,-5.1782955226008465,0.9283536201007344,1.3138528138528138e-10,-0.09322120629105263,9787.977824440357,-0.021202217555964353
btc_hl_breakout_7m,0,0.01,0.025,0.0,0.1,15,high_frequency,0.010699519415018505,1.0699519415018506,0.3472222222222222,72,-0.035421362750456487,-3.5421362750456487,7.86068735896535,1.0956541898031917,1.5231481481481482e-10,0.15663840959160164,10106.995194150186,0.010699519415018505
btc_hl_breakout_10m,0,0.0175,0.05,0.0,0.25,90,high_frequency,0.04095766901693237,4.095766901693237,0.35714285714285715,42,-0.0773703554521411,-7.737035545214111,11.84069380580871,1.1656697033338592,3.015873015873016e-10,0.4248718348655739,10409.576690169324,0.04095766901693237
btc_vol_breakout_10m,0,0.0125,0.04,0.0,0.2,10,high_frequency,0.03580380534871799,3.580380534871799,0.3611111111111111,36,-0.039561978937782905,-3.9561978937782905,17.035113408205877,1.3042853073354368,2.5648148148148146e-10,0.5070005852426117,10358.03805348718,0.03580380534871799
btc_hl_breakout_5m,0,0.0075,0.03,0.0,0.25,15,high_frequency,-0.020083202798734236,-2.0083202798734234,0.3142857142857143,70,-0.12211369876642941,-12.21136987664294,-5.469358740601984,0.929633885798379,1.6595238095238095e-10,-0.09824633569381683,9799.167972012658,-0.020083202798734236
btc_vol_breakout_2m,0,0.0125,0.06,0.0,0.15,30,high_frequency,0.008093627791689824,0.8093627791689824,0.275,40,-0.05365071967749435,-5.365071967749435,4.562131843478102,1.0659273836070429,3.1458333333333336e-10,0.15586736299944703,10080.936277916899,0.008093627791689824
btc_vol_breakout_2m,0,0.005,0.03,0.0,0.15,5,high_frequency,-0.024313081853145718,-2.4313081853145717,0.24705882352941178,85,-0.06006104854492167,-6.0061048544921665,-13.336251664039589,0.8510517067314805,1.1372549019607843e-10,-0.18558498493682635,9756.869181468543,-0.024313081853145718
btc_alt_aligned,0,0.03,0.025,0.0,0.05,15,high_frequency,0.012295164653567144,1.2295164653567143,0.5531914893617021,47,-0.01591575890499297,-1.5915758904992972,16.072640243794616,1.2418862074855719,2.971631205673759e-10,0.5281138754167081,10122.951646535672,0.012295164653567144
btc_small_down_10m,0,0.015,0.04,0.0,0.05,15,high_frequency,0.007568746685692599,0.7568746685692599,0.34210526315789475,38,-0.009955873455899322,-0.9955873455899322,13.172290884875505,1.2350651104728125,2.793859649122807e-10,0.4020588162057066,10075.687466856925,0.007568746685692599
btc_hl_breakout_5m,0,0.03,0.01,0.0,0.05,15,high_frequency,0.007372623257736319,0.7372623257736319,0.703125,64,-0.01663891996897482,-1.663891996897482,11.964667125851063,1.1712844577091075,1.6666666666666666e-10,0.23327131198591083,10073.726232577363,0.007372623257736319
btc_hl_breakout_2m,0,0.03,0.045,0.0,0.1,15,high_frequency,0.002128687819746892,0.2128687819746892,0.42857142857142855,35,-0.048218929427115254,-4.821892942711525,1.975113243209834,1.0237524335932822,3.8142857142857146e-10,0.07627520341456527,10021.286878197468,0.002128687819746892
btc_small_down_10m,0,0.0125,0.035,0.0,0.05,20,high_frequency,0.005891423345548787,0.5891423345548787,0.36363636363636365,44,-0.011508244033548998,-1.1508244033548998,9.585161755752994,1.1644161967231461,2.25e-10,0.271636693269655,10058.914233455487,0.005891423345548787
btc_vol_breakout_3m,0,0.03,0.02,0.0,0.05,45,high_frequency,0.013702481236655864,1.3702481236655863,0.6136363636363636,44,-0.012429157917437261,-1.2429157917437261,21.03107066471735,1.3665573976318244,2.5606060606060607e-10,0.6244469966396929,10137.024812366559,0.013702481236655864
btc_hl_breakout_4m,0,0.03,0.03,0.0,0.15,45,high_frequency,0.04093097295568418,4.093097295568418,0.5714285714285714,42,-0.03868212615588984,-3.868212615588984,20.145067843924416,1.3095669082309591,3.2023809523809527e-10,0.6571897419100488,10409.309729556842,0.04093097295568418
btc_hl_breakout_10m,0,0.03,0.03,0.0,0.2,15,high_frequency,0.050964078517233294,5.096407851723329,0.55,40,-0.062843270351572,-6.2843270351572,17.64738611204568,1.2756781511563051,3.1458333333333336e-10,0.653959524829607,10509.640785172332,0.050964078517233294
btc_vol_breakout_8m,0,0.0125,0.03,0.0,0.25,20,high_frequency,0.048390191253670715,4.839019125367072,0.40476190476190477,42,-0.054608497891811325,-5.4608497891811325,18.652137160136135,1.2885151683966256,2.1547619047619048e-10,0.47074998578044,10483.901912536707,0.048390191253670715
btc_small_up_9m,0,0.0125,0.06,0.0,0.15,90,high_frequency,-0.0012308972082617174,-0.12308972082617174,0.23076923076923078,39,-0.04965254898662219,-4.965254898662219,-0.08931011694135542,0.9893475724369845,2.547008547008547e-10,-0.0013145420129827144,9987.691027917383,-0.0012308972082617174
btc_bullish,0,0.005,0.06,0.0,0.05,15,high_frequency,0.014608141199760371,1.4608141199760372,0.21428571428571427,70,-0.011926695920030594,-1.1926695920030594,19.458670718163066,1.2967630457997439,1.7547619047619046e-10,0.4202554902849869,10146.081411997604,0.014608141199760371
btc_hl_breakout_8m,0,0.01,0.05,0.0,0.15,15,high_frequency,-4.5536343293451865e-05,-0.0045536343293451865,0.23076923076923078,52,-0.05916793881052851,-5.91679388105285,0.6093311297030671,0.9996729671720895,2.2724358974358975e-10,0.01746861669650474,9999.544636567065,-4.5536343293451865e-05
btc_small_down_10m,0,0.025,0.015,0.0,0.1,90,high_frequency,0.023521911282450104,2.3521911282450105,0.6086956521739131,46,-0.021935760876984123,-2.1935760876984123,19.411061133181338,1.3292343683314853,1.8623188405797103e-10,0.5146936682582864,10235.219112824501,0.023521911282450104
btc_alt_aligned,0,0.02,0.05,0.0,0.2,90,high_frequency,0.042461593585458125,4.246159358545812,0.3617021276595745,47,-0.06801526892213527,-6.801526892213527,14.345505245801778,1.197714825712639,2.971631205673759e-10,0.4748621388365208,10424.615935854581,0.042461593585458125
btc_vol_breakout_10m,0,0.01,0.02,0.0,0.15,45,high_frequency,-0.0002178862936620817,-0.02178862936620817,0.391304347826087,46,-0.04022775963369807,-4.022775963369806,0.2435227778524742,0.9977366871452985,1.5108695652173912e-10,0.005308663222664796,9997.82113706338,-0.0002178862936620817
btc_vol_breakout_9m,0,0.02,0.01,0.0,0.25,5,high_frequency,0.024772920436126014,2.4772920436126014,0.64,50,-0.05636957902956563,-5.6369579029565635,10.555857789238889,1.1617107436858398,1.4333333333333333e-10,0.2100051638765704,10247.72920436126,0.024772920436126014
btc_bullish,0,0.03,0.035,0.0,0.25,20,high_frequency,0.0734774773960879,7.34774773960879,0.5,42,-0.06719783023841164,-6.719783023841163,19.85743559784157,1.2937812364851404,3.178571428571429e-10,0.7170021734085307,10734.774773960879,0.0734774773960879
btc_vol_breakout_3m,0,0.0075,0.01,0.0,0.2,30,high_frequency,-0.04110287178248034,-4.110287178248034,0.425,80,-0.08673375198162792,-8.673375198162791,-18.538736839073067,0.7871081106393448,8.708333333333333e-11,-0.253653154612314,9588.971282175196,-0.04110287178248034
btc_hl_breakout_10m,0,0.0075,0.05,0.0,0.15,5,high_frequency,0.011195397752578697,1.1195397752578697,0.24528301886792453,53,-0.058293709107473224,-5.829370910747322,5.83261127918698,1.0794032276364527,2.251572327044025e-10,0.15885522241318778,10111.953977525787,0.011195397752578697
btc_vol_breakout_3m,0,0.0075,0.05,0.0,0.2,20,high_frequency,-0.04490439635201608,-4.490439635201608,0.21052631578947367,57,-0.089233152001861,-8.9233152001861,-18.934758899108793,0.7712682088791007,1.7339181286549709e-10,-0.38614014622119375,9550.95603647984,-0.04490439635201608
btc_vol_breakout_2m,0,0.035,0.01,0.0,0.15,10,high_frequency,0.05453239083456952,5.4532390834569515,0.7586206896551724,58,-0.02336582990734304,-2.336582990734304,30.96059160973799,1.5760487396277865,1.853448275862069e-10,0.6195920778514188,10545.323908345696,0.05453239083456952
btc_hl_breakout_3m,0,0.02,0.045,0.0,0.05,30,high_frequency,0.008662495141154705,0.8662495141154705,0.4146341463414634,41,-0.016969309304391667,-1.6969309304391667,12.846273240330008,1.2093272473070407,3.126016260162602e-10,0.42734050555775677,10086.624951411548,0.008662495141154705
btc_vol_breakout_10m,0,0.0075,0.035,0.0,0.2,90,high_frequency,-0.006137850130725451,-0.6137850130725451,0.2857142857142857,42,-0.06158945328611487,-6.1589453286114875,-2.583206191397786,0.954162220269066,1.9404761904761905e-10,-0.05934013040037533,9938.621498692746,-0.006137850130725451
btc_alt_aligned,0,0.025,0.015,0.0,0.1,45,high_frequency,0.017749715498549812,1.7749715498549812,0.5714285714285714,63,-0.03434975659650452,-3.434975659650452,11.954196042946153,1.1549747908013401,2.1693121693121693e-10,0.29040748914849296,10177.497154985498,0.017749715498549812
btc_hl_breakout_5m,0,0.0125,0.06,0.0,0.2,5,high_frequency,0.016210953690944326,1.6210953690944325,0.2826086956521739,46,-0.06849357233255693,-6.849357233255693,6.595216387905229,1.0820337972109413,2.782608695652174e-10,0.20436601868045184,10162.109536909444,0.016210953690944326
btc_hl_breakout_8m,0,0.01,0.05,0.0,0.25,15,high_frequency,-0.001619646888160105,-0.16196468881601048,0.23076923076923078,52,-0.09686929197629512,-9.686929197629512,0.5948493394983,0.9931246933176052,2.2724358974358975e-10,0.017468616696505287,9983.8035311184,-0.001619646888160105
btc_vol_breakout_9m,0,0.035,0.02,0.0,0.1,90,high_frequency,0.0315833348740504,3.1583334874050397,0.6764705882352942,34,-0.01699272453845757,-1.699272453845757,29.5766285778763,1.6202748821791155,2.5049019607843137e-10,0.924890263460266,10315.833348740503,0.0315833348740504
btc_bullish,0,0.005,0.045,0.0,0.15,10,high_frequency,0.028753582066229546,2.8753582066229546,0.24390243902439024,82,-0.041006230985083714,-4.100623098508372,13.195952376511213,1.1723258847550881,1.459349593495935e-10,0.2424455977795371,10287.535820662295,0.028753582066229546
btc_hl_breakout_7m,0,0.005,0.045,0.0,0.05,20,high_frequency,0.005574074108478089,0.557407410847809,0.24285714285714285,70,-0.023609122977221175,-2.3609122977221175,8.101630529200278,1.1095485311648128,1.580952380952381e-10,0.16347675705219092,10055.74074108478,0.005574074108478089
btc_hl_breakout_9m,0,0.02,0.03,0.0,0.05,5,high_frequency,0.010558186029238822,1.0558186029238823,0.44,50,-0.01808253488032796,-1.808253488032796,14.37533732905886,1.2114220493560295,2.4899999999999997e-10,0.42705127498442846,10105.581860292388,0.010558186029238822
btc_vol_breakout_10m,0,0.0075,0.01,0.0,0.25,10,high_frequency,-0.03639113594894161,-3.639113594894161,0.45614035087719296,57,-0.07978962157129554,-7.978962157129555,-16.174503122111727,0.7836771380384238,1.0321637426900585e-10,-0.25029447992973286,9636.088640510585,-0.03639113594894161
btc_vol_breakout_8m,0,0.0075,0.01,0.0,0.1,10,high_frequency,-0.010061291797465321,-1.0061291797465322,0.45161290322580644,62,-0.029920530540569645,-2.9920530540569645,-10.280426756141901,0.8596432447173019,1.0188172043010754e-10,-0.15889252121482508,9899.387082025347,-0.010061291797465321
btc_small_up_9m,0,0.005,0.05,0.0,0.25,30,high_frequency,0.042720200276326704,4.272020027632671,0.2653061224489796,49,-0.05422775820783776,-5.422775820783777,14.698068005373427,1.2403035434612826,1.738095238095238e-10,0.3660563213588146,10427.202002763268,0.042720200276326704
btc_small_up_9m,0,0.0175,0.04,0.0,0.15,60,high_frequency,0.019416430821323865,1.9416430821323865,0.3902439024390244,41,-0.04010941541013635,-4.010941541013635,11.10826339853965,1.1680295708686144,2.4105691056910567e-10,0.3287526223460619,10194.16430821324,0.019416430821323865
btc_hl_breakout_8m,0,0.025,0.04,0.0,0.15,20,high_frequency,0.040614571028100226,4.061457102810023,0.46153846153846156,39,-0.04524530774919289,-4.524530774919288,18.37405607905678,1.3108177791654014,3.2991452991452993e-10,0.7047571310170051,10406.145710281002,0.040614571028100226
btc_hl_breakout_3m,0,0.02,0.045,0.0,0.15,20,high_frequency,0.025436349684778703,2.5436349684778703,0.4146341463414634,41,-0.050193594339087544,-5.019359433908754,12.88280873095439,1.200005805678605,3.126016260162602e-10,0.4273405055577563,10254.363496847787,0.025436349684778703
btc_hl_breakout_6m,0,0.03,0.05,0.0,0.25,5,high_frequency,-0.03441292937182825,-3.441292937182825,0.36363636363636365,33,-0.1203155208358272,-12.031552083582719,-9.457675542723214,0.8528768652323858,4.0505050505050505e-10,-0.38090275094973847,9655.870706281718,-0.03441292937182825
btc_small_down_10m,0,0.02,0.045,0.0,0.25,90,high_frequency,0.0010158209901379451,0.10158209901379452,0.35294117647058826,34,-0.06713853403489412,-6.713853403489411,1.264372313397217,1.0054950697155203,3.1617647058823525e-10,0.042066552967057046,10010.15820990138,0.0010158209901379451
btc_hl_breakout_8m,0,0.0075,0.045,0.0,0.15,20,high_frequency,-0.010395716368055787,-1.0395716368055787,0.23728813559322035,59,-0.08069404591184814,-8.069404591184814,-4.355361607229549,0.9322432341824297,1.9293785310734463e-10,-0.10364674916521927,9896.042836319442,-0.010395716368055787
btc_hl_breakout_1m,0,0.01,0.06,0.0,0.05,10,high_frequency,0.004754957440113992,0.4754957440113992,0.26,50,-0.0181323028963003,-1.81323028963003,7.270074170786834,1.1007909765687842,2.3966666666666667e-10,0.1964989648637552,10047.54957440114,0.004754957440113992
btc_hl_breakout_7m,0,0.02,0.035,0.0,0.2,45,high_frequency,0.03729836706089659,3.7298367060896593,0.4166666666666667,48,-0.06864031566929574,-6.864031566929574,13.215178403224597,1.1808972496028947,2.6979166666666665e-10,0.40846325650545634,10372.983670608966,0.03729836706089659
btc_hl_breakout_2m,0,0.03,0.05,0.0,0.25,30,high_frequency,0.021707483455673856,2.1707483455673855,0.42424242424242425,33,-0.10325184851724367,-10.325184851724368,7.309673426777025,1.0963936901842948,4.181818181818182e-10,0.3074321229810808,10217.074834556739,0.021707483455673856
btc_vol_breakout_8m,0,0.035,0.03,0.0,0.1,15,high_frequency,0.024974524194015555,2.4974524194015557,0.5806451612903226,31,-0.019953185824475694,-1.9953185824475694,21.943136273621537,1.3955021629145445,3.505376344086021e-10,0.8096071777379261,10249.745241940156,0.024974524194015555
btc_hl_breakout_5m,0,0.03,0.03,0.0,0.1,10,high_frequency,0.0031520386673213807,0.31520386673213807,0.5116279069767442,43,-0.04163349257915194,-4.163349257915194,2.781898326726106,1.0328927386744564,3.0271317829457364e-10,0.08537880927004153,10031.520386673214,0.0031520386673213807
btc_vol_breakout_10m,0,0.005,0.03,0.0,0.1,10,high_frequency,0.005000172232844637,0.5000172232844636,0.2857142857142857,49,-0.027320187873864366,-2.7320187873864366,5.22032908155305,1.0763144405320715,1.414965986394558e-10,0.10831955221046743,10050.001722328447,0.005000172232844637
btc_vol_breakout_8m,0,0.0075,0.06,0.0,0.05,45,high_frequency,-0.0037905067495788442,-0.3790506749578844,0.1794871794871795,39,-0.015647269563681454,-1.5647269563681454,-6.6925988104048235,0.8872783020899095,2.4615384615384617e-10,-0.19032269825406117,9962.094932504211,-0.0037905067495788442
btc_hl_breakout_5m,0,0.0175,0.025,0.0,0.15,10,high_frequency,-0.025378876476984783,-2.5378876476984784,0.4,55,-0.07703627170383831,-7.703627170383831,-13.146060230129327,0.8461646215829149,2.196969696969697e-10,-0.29863601040199833,9746.211235230152,-0.025378876476984783
btc_hl_breakout_1m,0,0.01,0.05,0.0,0.15,10,high_frequency,0.005721288504947461,0.5721288504947462,0.2692307692307692,52,-0.05355269118971917,-5.355269118971917,3.460819935592843,1.0402590190645558,2.3108974358974358e-10,0.09015805195139939,10057.212885049474,0.005721288504947461
btc_alt_aligned,0,0.035,0.015,0.0,0.2,30,high_frequency,0.05544331855780254,5.5443318557802534,0.6379310344827587,58,-0.057678814631556996,-5.7678814631557,18.510930264139443,1.2637204321751978,2.3764367816091954e-10,0.4881106658060966,10554.433185578026,0.05544331855780254
btc_bullish,0,0.005,0.045,0.0,0.15,45,high_frequency,0.028753582066229546,2.8753582066229546,0.24390243902439024,82,-0.041006230985083714,-4.100623098508372,13.195952376511213,1.1723258847550881,1.459349593495935e-10,0.2424455977795371,10287.535820662295,0.028753582066229546
btc_hl_breakout_2m,0,0.0125,0.01,0.0,0.2,30,high_frequency,-0.0007483346810612601,-0.07483346810612601,0.5697674418604651,86,-0.07211163666752907,-7.211163666752906,0.3974355986773925,0.9963911755834004,1.0891472868217054e-10,0.005732432369404659,9992.516653189388,-0.0007483346810612601
btc_hl_breakout_4m,0,0.035,0.02,0.0,0.2,45,high_frequency,0.0574729116551335,5.747291165513349,0.6304347826086957,46,-0.04295993663790321,-4.295993663790321,21.877643628628263,1.3407409745649401,2.597826086956522e-10,0.6297913976517694,10574.729116551334,0.0574729116551335
btc_alt_aligned,0,0.0175,0.02,0.0,0.05,90,high_frequency,0.0054508160860968075,0.5450816086096808,0.48,75,-0.019031497672769127,-1.9031497672769127,7.406784131318472,1.0843102418946984,1.7866666666666667e-10,0.1498465972749622,10054.508160860969,0.0054508160860968075
btc_small_up_10m,0,0.0175,0.015,0.0,0.1,15,high_frequency,0.009573685605011008,0.9573685605011009,0.48333333333333334,60,-0.03521493373853235,-3.521493373853235,7.351522319945029,1.0976572101721014,1.5277777777777776e-10,0.1682381009819694,10095.73685605011,0.009573685605011008
btc_small_down_10m,0,0.01,0.01,0.0,0.1,60,high_frequency,0.02415364976092817,2.415364976092817,0.49295774647887325,71,-0.018326587364437263,-1.8326587364437263,23.155073263113465,1.3298140889991554,8.685446009389671e-11,0.341144690046096,10241.536497609282,0.02415364976092817
btc_hl_breakout_4m,0,0.025,0.06,0.0,0.05,20,high_frequency,0.012411684132250645,1.2411684132250644,0.3939393939393939,33,-0.01532636725206682,-1.532636725206682,17.612024021786805,1.3034832306928488,4.156565656565656e-10,0.759090171853913,10124.116841322506,0.012411684132250645
btc_hl_breakout_5m,0,0.01,0.02,0.0,0.2,90,high_frequency,-0.011665681211014908,-1.1665681211014907,0.3815789473684211,76,-0.08156804468490231,-8.15680446849023,-3.8363815206642373,0.9492321609185878,1.350877192982456e-10,-0.06419899003018756,9883.343187889852,-0.011665681211014908
btc_hl_breakout_1m,0,0.03,0.02,0.0,0.05,20,high_frequency,0.005152857591148677,0.5152857591148677,0.5434782608695652,46,-0.014790650587520715,-1.4790650587520715,8.319020512559497,1.119820772126904,2.543478260869565e-10,0.22873263454634335,10051.528575911487,0.005152857591148677
btc_small_up_9m,0,0.015,0.015,0.0,0.1,20,high_frequency,0.001707313611120162,0.1707313611120162,0.4727272727272727,55,-0.025349622656237747,-2.5349622656237747,1.8456036882609437,1.0210755261039226,1.509090909090909e-10,0.03803032594645563,10017.073136111201,0.001707313611120162
btc_hl_breakout_2m,0,0.025,0.045,0.0,0.1,60,high_frequency,0.011825696198180254,1.1825696198180253,0.42105263157894735,38,-0.038709094656084186,-3.8709094656084186,8.910592156100627,1.1327889146191805,3.407894736842105e-10,0.3243977375819176,10118.256961981802,0.011825696198180254
btc_hl_breakout_10m,0,0.005,0.015,0.0,0.25,90,high_frequency,-0.0034151611312160184,-0.34151611312160185,0.3333333333333333,93,-0.11998313903173186,-11.998313903173186,-0.03124144511623507,0.9881886147943433,9.480286738351255e-11,-7.84110078574705e-07,9965.84838868784,-0.0034151611312160184
btc_alt_aligned,0,0.015,0.05,0.0,0.1,5,high_frequency,0.024636312874282463,2.4636312874282464,0.3269230769230769,52,-0.030912349871153544,-3.0912349871153544,16.114357719171778,1.240607988588766,2.66025641025641e-10,0.48295080872457335,10246.363128742825,0.024636312874282463
btc_hl_breakout_8m,0,0.025,0.04,0.0,0.25,20,high_frequency,0.06698326776997274,6.698326776997273,0.46153846153846156,39,-0.0744948693027514,-7.44948693027514,18.410669715675336,1.2960080676402135,3.2991452991452993e-10,0.704757131017002,10669.832677699727,0.06698326776997274
btc_hl_breakout_10m,0,0.015,0.045,0.0,0.1,30,high_frequency,0.02003027825292917,2.003027825292917,0.37777777777777777,45,-0.030303810867121306,-3.0303810867121306,13.927197737815902,1.213717876128312,2.7518518518518523e-10,0.45548633617703493,10200.302782529292,0.02003027825292917
btc_hl_breakout_8m,0,0.0075,0.06,0.0,0.1,20,high_frequency,-0.007985303765083234,-0.7985303765083234,0.18518518518518517,54,-0.052764043133080474,-5.276404313308047,-5.080574629299326,0.9220805730572988,2.2222222222222224e-10,-0.13561862311341463,9920.146962349168,-0.007985303765083234
btc_hl_breakout_3m,0,0.0175,0.05,0.0,0.25,30,high_frequency,-0.004483499383120534,-0.4483499383120534,0.3333333333333333,39,-0.0828774792196254,-8.287747921962541,-0.36853983861348877,0.980432099864107,3.2136752136752137e-10,-0.009570665107780527,9955.165006168794,-0.004483499383120534
btc_vol_breakout_9m,0,0.0175,0.025,0.0,0.2,45,high_frequency,0.01812554635462086,1.812554635462086,0.43243243243243246,37,-0.051958260313482385,-5.195826031348238,9.178982323815545,1.1365996090782962,2.5585585585585584e-10,0.2609985876566182,10181.25546354621,0.01812554635462086
btc_hl_breakout_5m,0,0.0175,0.035,0.0,0.1,10,high_frequency,-0.010256251784377935,-1.0256251784377934,0.3469387755102041,49,-0.04762524413095082,-4.762524413095082,-7.653927943808411,0.9001051698345587,2.5680272108843537e-10,-0.200478277670969,9897.437482156221,-0.010256251784377935
btc_vol_breakout_2m,0,0.0075,0.035,0.0,0.1,20,high_frequency,-0.004711506386197357,-0.4711506386197357,0.2835820895522388,67,-0.032272976118707275,-3.2272976118707275,-3.5672640891163634,0.9521303215445821,1.63681592039801e-10,-0.06395342196456524,9952.884936138027,-0.004711506386197357
btc_hl_breakout_3m,0,0.025,0.06,0.0,0.25,45,high_frequency,0.04718875801141276,4.718875801141276,0.3870967741935484,31,-0.09353811866377815,-9.353811866377814,14.250260122009658,1.2242234667049134,4.3655913978494626e-10,0.6505713634676842,10471.887580114128,0.04718875801141276
btc_small_up_10m,0,0.0125,0.045,0.0,0.15,20,high_frequency,0.044514505763356395,4.451450576335639,0.37777777777777777,45,-0.04041699475549887,-4.041699475549887,21.48546382921507,1.371653916849309,2.085185185185185e-10,0.6644472132536451,10445.145057633565,0.044514505763356395
btc_small_up_9m,0,0.025,0.06,0.0,0.25,90,high_frequency,0.008438416780619355,0.8438416780619354,0.32142857142857145,28,-0.07889808064937587,-7.889808064937586,3.5602589949999093,1.045179241285881,4.2023809523809523e-10,0.16865266867567422,10084.384167806194,0.008438416780619355
btc_small_up_10m,0,0.035,0.01,0.0,0.2,5,high_frequency,0.05887470559664614,5.887470559664614,0.7142857142857143,56,-0.05174241313697947,-5.174241313697947,20.86258814240192,1.3640266924434563,1.919642857142857e-10,0.5307514214991214,10588.747055966462,0.05887470559664614
btc_bullish,0,0.015,0.06,0.0,0.2,60,high_frequency,0.04943791421289493,4.943791421289493,0.2978723404255319,47,-0.05155233943753168,-5.155233943753168,16.68294785009915,1.2460569382072624,2.7801418439716316e-10,0.5467218611817207,10494.37914212895,0.04943791421289493
btc_hl_breakout_2m,0,0.0125,0.045,0.0,0.1,45,high_frequency,0.015962688479849475,1.5962688479849476,0.3617021276595745,47,-0.026141812729480907,-2.6141812729480907,12.660961120096562,1.1899655559392888,2.7198581560283685e-10,0.3479645248953848,10159.626884798494,0.015962688479849475
btc_hl_breakout_7m,0,0.0175,0.01,0.0,0.2,15,high_frequency,-0.01644920694611551,-1.6449206946115509,0.5454545454545454,77,-0.0960133478994567,-9.601334789945671,-5.1785370194143585,0.929809347565163,1.3138528138528138e-10,-0.09322120629105062,9835.507930538844,-0.01644920694611551
btc_small_down_10m,0,0.0075,0.06,0.0,0.05,45,high_frequency,0.01013792087403113,1.013792087403113,0.24489795918367346,49,-0.010493349552861075,-1.0493349552861075,16.547585872537805,1.2814372798424072,1.9931972789115646e-10,0.41696831182140803,10101.37920874031,0.01013792087403113
btc_vol_breakout_9m,0,0.005,0.025,0.0,0.25,20,high_frequency,0.003509144569407272,0.3509144569407272,0.2830188679245283,53,-0.0695301666404855,-6.95301666404855,2.132253764186425,1.0197374927988694,1.3584905660377358e-10,0.041262668577995126,10035.091445694074,0.003509144569407272
btc_vol_breakout_3m,0,0.0075,0.03,0.0,0.1,90,high_frequency,-0.005980692615569274,-0.5980692615569274,0.29508196721311475,61,-0.04015648798427218,-4.015648798427218,-4.617584075715746,0.9375474138359781,1.6147540983606557e-10,-0.09107263185701425,9940.193073844308,-0.005980692615569274
btc_alt_aligned,0,0.02,0.03,0.0,0.05,90,high_frequency,0.010147682331356066,1.0147682331356065,0.43859649122807015,57,-0.017445809918651523,-1.7445809918651523,13.395546873803019,1.1809891771354866,2.4269005847953215e-10,0.3606334707334593,10101.47682331356,0.010147682331356066
btc_small_up_10m,0,0.0175,0.01,0.0,0.05,10,high_frequency,0.005723274324219324,0.5723274324219324,0.5633802816901409,71,-0.017316085804254477,-1.7316085804254477,8.701710008999772,1.1213316741069561,1.2253521126760563e-10,0.16463246475048215,10057.232743242193,0.005723274324219324
btc_vol_breakout_2m,0,0.015,0.01,0.0,0.2,45,high_frequency,0.010507674730654117,1.0507674730654117,0.5925925925925926,81,-0.05729375584851393,-5.729375584851393,5.018529343368937,1.0541968905354853,1.1152263374485597e-10,0.0746701945752138,10105.07674730654,0.010507674730654117
btc_hl_breakout_7m,0,0.025,0.04,0.0,0.1,10,high_frequency,0.032574292928087334,3.2574292928087334,0.4634146341463415,41,-0.031243282670346817,-3.1243282670346817,21.543553571891014,1.3677151613899774,3.2113821138211383e-10,0.7983583543303601,10325.742929280874,0.032574292928087334
btc_small_down_10m,0,0.015,0.045,0.0,0.25,15,high_frequency,0.04039768749449031,4.039768749449031,0.34210526315789475,38,-0.04825733931258669,-4.825733931258669,14.478063754390009,1.2406199501601531,2.8157894736842104e-10,0.441605957359335,10403.976874944903,0.04039768749449031
btc_small_up_10m,0,0.01,0.06,0.0,0.25,10,high_frequency,0.026212061051289492,2.621206105128949,0.22727272727272727,44,-0.08837745557141219,-8.837745557141218,8.307302846216238,1.1240821324563244,2.1666666666666667e-10,0.2715943289767842,10262.120610512895,0.026212061051289492
btc_bullish,0,0.0125,0.045,0.0,0.15,90,high_frequency,0.029603165333127845,2.9603165333127848,0.3389830508474576,59,-0.040900026052887783,-4.090002605288778,13.539385147031494,1.182516666651038,2.1610169491525425e-10,0.34671189766635335,10296.031653331278,0.029603165333127845
btc_hl_breakout_5m,0,0.01,0.025,0.0,0.25,20,high_frequency,0.023526802623956563,2.352680262395656,0.38571428571428573,70,-0.07631507099481094,-7.6315070994810945,8.132375877989976,1.0850727646131466,1.488095238095238e-10,0.15180734549000163,10235.268026239566,0.023526802623956563
btc_hl_breakout_9m,0,0.02,0.035,0.0,0.05,15,high_frequency,0.011183992603167542,1.1183992603167543,0.42857142857142855,49,-0.017731716441353962,-1.7731716441353962,15.138362725405175,1.2265653964030572,2.564625850340136e-10,0.4610179205288688,10111.839926031675,0.011183992603167542
btc_small_down_10m,0,0.02,0.05,0.0,0.2,45,high_frequency,0.008502890327016734,0.8502890327016734,0.35294117647058826,34,-0.0539718822155244,-5.39718822155244,4.020073373329418,1.057450766922314,3.2352941176470585e-10,0.14984255079943984,10085.028903270168,0.008502890327016734
btc_hl_breakout_7m,0,0.01,0.04,0.0,0.15,30,high_frequency,0.02437166679757668,2.437166679757668,0.3050847457627119,59,-0.05001116127985161,-5.001116127985162,11.606032737976907,1.1593773853665292,2.0593220338983052e-10,0.28865177707043815,10243.716667975767,0.02437166679757668
btc_hl_breakout_8m,0,0.015,0.015,0.0,0.15,20,high_frequency,0.02253885292560576,2.253885292560576,0.5,70,-0.04683805596388824,-4.683805596388824,11.101484108335747,1.1410052735857306,1.4476190476190475e-10,0.22502628362564914,10225.388529256057,0.02253885292560576
btc_vol_breakout_8m,0,0.015,0.02,0.0,0.1,45,high_frequency,0.018458264432331714,1.8458264432331715,0.4782608695652174,46,-0.02075483797289246,-2.075483797289246,17.890345039085474,1.285709553787396,1.7934782608695651e-10,0.40494831400708337,10184.582644323316,0.018458264432331714
btc_small_up_9m,0,0.03,0.04,0.0,0.25,10,high_frequency,0.06263241556132279,6.263241556132279,0.5151515151515151,33,-0.05087516089355992,-5.087516089355992,20.718192914548084,1.3486438740669848,3.3030303030303027e-10,0.7715254837800275,10626.324155613227,0.06263241556132279
btc_small_up_10m,0,0.0075,0.05,0.0,0.25,5,high_frequency,0.04919603620581797,4.919603620581797,0.2641509433962264,53,-0.08124345075751016,-8.124345075751016,14.547797510273295,1.2255784962876317,1.6666666666666666e-10,0.3922511398339811,10491.96036205818,0.04919603620581797
btc_small_up_10m,0,0.02,0.035,0.0,0.25,90,high_frequency,0.05544856429208225,5.544856429208226,0.4222222222222222,45,-0.07370748289624784,-7.3707482896247845,15.785629069309229,1.2358694822227432,2.325925925925926e-10,0.5132273477016601,10554.485642920823,0.05544856429208225
btc_hl_breakout_9m,0,0.005,0.05,0.0,0.05,20,high_frequency,0.00067136186114613,0.067136186114613,0.19696969696969696,66,-0.027276795567579226,-2.7276795567579226,1.1593267763404462,1.0137342222100847,1.6515151515151513e-10,0.025281234760616774,10006.713618611462,0.00067136186114613
btc_small_down_10m,0,0.02,0.05,0.0,0.05,10,high_frequency,0.0024404570372065903,0.24404570372065904,0.35294117647058826,34,-0.01368998061714477,-1.368998061714477,3.9370649895421157,1.0672942201117073,3.2352941176470585e-10,0.1498425507994398,10024.404570372066,0.0024404570372065903
btc_hl_breakout_6m,0,0.035,0.06,0.0,0.2,20,high_frequency,-0.0038287026007811846,-0.3828702600781185,0.36,25,-0.08519079426190723,-8.519079426190723,-0.5628186569561053,0.9766011531537387,5.373333333333333e-10,-0.026151274522333956,9961.712973992187,-0.0038287026007811846
btc_vol_breakout_2m,0,0.0175,0.025,0.0,0.2,30,high_frequency,0.019305994386382325,1.9305994386382326,0.4528301886792453,53,-0.04481755795412212,-4.481755795412212,8.278255903109018,1.1014169244665089,2.20125786163522e-10,0.1982871504669998,10193.059943863824,0.019305994386382325
btc_hl_breakout_5m,0,0.0175,0.04,0.0,0.2,90,high_frequency,-0.019289588457560625,-1.9289588457560625,0.3404255319148936,47,-0.09272689469158191,-9.272689469158191,-6.825237728729439,0.9048775626261228,2.695035460992908e-10,-0.18651485170698318,9807.104115424394,-0.019289588457560625
btc_vol_breakout_10m,0,0.0075,0.025,0.0,0.25,15,high_frequency,-0.0016078896005760725,-0.16078896005760726,0.3409090909090909,44,-0.07418377318483305,-7.418377318483305,0.008053513433044786,0.9902954192896543,1.7840909090909092e-10,0.0012548208114685454,9983.921103994238,-0.0016078896005760725
btc_hl_breakout_3m,0,0.005,0.035,0.0,0.25,15,high_frequency,0.0024925537617067222,0.24925537617067223,0.2676056338028169,71,-0.08782619473741737,-8.782619473741738,1.710826459559752,1.0102968513743755,1.4178403755868544e-10,0.030404942847738745,10024.925537617068,0.0024925537617067222
btc_hl_breakout_1m,0,0.02,0.045,0.0,0.05,10,high_frequency,0.005329897272526199,0.5329897272526198,0.3902439024390244,41,-0.016839252338633592,-1.6839252338633592,7.961497398848975,1.1260235066020048,3.113821138211382e-10,0.2656167048163731,10053.298972725263,0.005329897272526199
btc_small_down_10m,0,0.0075,0.025,0.0,0.25,10,high_frequency,0.07549844221010303,7.549844221010303,0.4,65,-0.055918853638252,-5.5918853638252,27.454335896414285,1.37318480521089,1.212820512820513e-10,0.46287355762538746,10754.98442210103,0.07549844221010303
btc_hl_breakout_8m,0,0.025,0.015,0.0,0.15,60,high_frequency,0.0322792248418237,3.22792248418237,0.5849056603773585,53,-0.04347437806302357,-4.347437806302357,15.277017706173453,1.2326845966806272,2.1540880503144652e-10,0.4164678627883383,10322.792248418236,0.0322792248418237
btc_hl_breakout_5m,0,0.02,0.01,0.0,0.1,15,high_frequency,0.0035283005378508505,0.35283005378508503,0.6027397260273972,73,-0.032334012836765846,-3.2334012836765846,3.1200479172072386,1.0353768233044758,1.360730593607306e-10,0.05460066555197952,10035.28300537851,0.0035283005378508505
btc_small_down_10m,0,0.015,0.045,0.0,0.1,10,high_frequency,0.016528363479011772,1.6528363479011772,0.34210526315789475,38,-0.019541255664939472,-1.9541255664939472,14.434517824592907,1.2538288119291892,2.8157894736842104e-10,0.4416059573593342,10165.283634790118,0.016528363479011772
btc_hl_breakout_10m,0,0.025,0.06,0.0,0.1,5,high_frequency,0.028942635120651674,2.894263512065167,0.375,32,-0.03334844386816249,-3.334844386816249,19.011650012189907,1.348945617390762,4.2760416666666667e-10,0.9171072864199542,10289.426351206517,0.028942635120651674
btc_small_down_10m,0,0.015,0.03,0.0,0.1,45,high_frequency,0.027136737752242037,2.7136737752242035,0.4375,48,-0.02297481196569029,-2.297481196569029,24.28842407424413,1.388358227137947,1.9270833333333333e-10,0.5660147632448651,10271.36737752242,0.027136737752242037
btc_vol_breakout_9m,0,0.03,0.03,0.0,0.25,30,high_frequency,0.06776262777090537,6.776262777090538,0.5666666666666667,30,-0.04708178486716974,-4.7081784867169745,24.07241587653709,1.4516066162412817,3.488888888888889e-10,0.906732794609178,10677.626277709054,0.06776262777090537
btc_hl_breakout_10m,0,0.01,0.01,0.0,0.1,60,high_frequency,-0.005508279983173964,-0.5508279983173964,0.4777777777777778,90,-0.039320946555069236,-3.9320946555069236,-3.721450554815808,0.9513697500716326,9.666666666666667e-11,-0.055424291632101885,9944.91720016826,-0.005508279983173964
btc_vol_breakout_10m,0,0.0125,0.04,0.0,0.05,30,high_frequency,0.009076791810335829,0.9076791810335829,0.3611111111111111,36,-0.00999946709954469,-0.999946709954469,17.0038897810916,1.3221004067257942,2.5648148148148146e-10,0.5070005852426145,10090.767918103358,0.009076791810335829
btc_hl_breakout_7m,0,0.0175,0.04,0.0,0.05,45,high_frequency,0.005181942254620088,0.5181942254620088,0.3673469387755102,49,-0.02189033574466659,-2.189033574466659,7.375909481926393,1.1026122566109364,2.5918367346938775e-10,0.21757916268586341,10051.819422546201,0.005181942254620088
btc_hl_breakout_9m,0,0.025,0.06,0.0,0.05,60,high_frequency,0.015035244386044349,1.5035244386044349,0.40625,32,-0.01683603574898851,-1.683603574898851,19.409699065195287,1.3745290816472409,4.2864583333333335e-10,0.9457544559151132,10150.352443860444,0.015035244386044349
btc_hl_breakout_10m,0,0.0075,0.02,0.0,0.1,15,high_frequency,0.0026329057225708765,0.26329057225708763,0.37662337662337664,77,-0.04366158995199987,-4.366158995199987,2.320138894740635,1.0235625321485455,1.2597402597402598e-10,0.04160465406041804,10026.329057225708,0.0026329057225708765
btc_hl_breakout_1m,0,0.035,0.03,0.0,0.25,20,high_frequency,0.0666162494733218,6.6616249473321805,0.5945945945945946,37,-0.06942836623459392,-6.942836623459392,20.199926515122243,1.3358504415493813,3.4819819819819817e-10,0.7320922785912435,10666.162494733218,0.0666162494733218
btc_small_up_10m,0,0.025,0.02,0.0,0.15,15,high_frequency,0.029889233672516956,2.9889233672516955,0.5319148936170213,47,-0.04931836710320325,-4.931836710320326,14.68945522590342,1.2314852766993885,2.120567375886525e-10,0.4353147084193066,10298.89233672517,0.029889233672516956
btc_hl_breakout_5m,0,0.035,0.05,0.0,0.25,20,high_frequency,0.02353780811709289,2.353780811709289,0.4666666666666667,30,-0.08794425390898275,-8.794425390898276,7.6452906721925675,1.1121223708254446,4.6333333333333334e-10,0.3599630137543585,10235.37808117093,0.02353780811709289
btc_hl_breakout_1m,0,0.08,0.025,0.0,0.15,45,random,0.05569985963857257,5.569985963857257,0.75,28,-0.0390123957645816,-3.9012395764581598,25.13586052526092,1.5662660981240912,4.779761904761904e-10,1.3235193214035796,10556.998596385725,0.05569985963857257
btc_hl_breakout_2m,0,0.0075,0.1,0.0,0.3,360,random,0.009805849459232104,0.9805849459232104,0.19047619047619047,42,-0.12729187256614483,-12.729187256614482,3.6052519297003056,1.0389796338212782,2.94047619047619e-10,0.12356409428103803,10098.058494592322,0.009805849459232104
btc_bullish,0,0.0075,0.025,0.0,0.4,360,random,0.06698961368748924,6.698961368748924,0.3409090909090909,88,-0.10607055281972178,-10.607055281972178,12.652841078826727,1.1263808419985428,1.3465909090909091e-10,0.2138295289708394,10669.896136874893,0.06698961368748924
btc_hl_breakout_10m,0,0.01,0.05,0.0,0.5,5,random,0.04714389454210268,4.714389454210268,0.2608695652173913,46,-0.16017778389219983,-16.017778389219984,8.5951971440618,1.1029967520264998,2.6195652173913044e-10,0.2687700541287663,10471.438945421027,0.04714389454210268
btc_small_up_9m,0,0.035,0.025,0.0,0.5,90,random,0.13298896006613858,13.298896006613859,0.6176470588235294,34,-0.09676804273370199,-9.676804273370198,21.636379828682355,1.3809205648216687,3.142156862745098e-10,0.7968668222051927,11329.889600661387,0.13298896006613858
btc_bullish,0,0.08,0.025,0.0,0.2,720,random,0.0533459357526852,5.334593575268521,0.7407407407407407,27,-0.055882914667684025,-5.5882914667684025,18.236116806624274,1.3796454306840085,5.209876543209877e-10,1.0101896669375219,10533.459357526852,0.0533459357526852
btc_hl_breakout_2m,0,0.015,0.035,0.0,0.2,120,random,0.02670702376527579,2.6707023765275792,0.39215686274509803,51,-0.05372197846203963,-5.372197846203964,11.05845821028927,1.1381504937144078,2.3431372549019606e-10,0.2791878242211249,10267.070237652759,0.02670702376527579
btc_hl_breakout_7m,0,0.06,0.3,0.0,0.2,720,random,0.07548808703379678,7.548808703379678,0.42857142857142855,7,-0.07113396531567284,-7.113396531567284,22.83205028852671,1.9891243666347296,2.0833333333333334e-09,5.589998019334403,10754.880870337967,0.07548808703379678
btc_bullish,0,0.06,0.015,0.0,0.2,20,random,0.04548176566418072,4.548176566418071,0.7333333333333333,45,-0.0657391900671368,-6.57391900671368,15.720608711860804,1.2518551408442595,2.948148148148148e-10,0.5220236265349885,10454.817656641808,0.04548176566418072
btc_small_up_10m,0,0.02,0.05,0.0,0.05,90,random,0.012701391982210833,1.2701391982210832,0.36585365853658536,41,-0.018455814687406646,-1.8455814687406646,17.07494704108252,1.2962809887969877,2.6260162601626015e-10,0.6246711658043557,10127.013919822108,0.012701391982210833
btc_hl_breakout_9m,0,0.0075,0.25,0.0,0.25,5,random,0.05926023489092731,5.9260234890927315,0.10344827586206896,29,-0.0949965159718753,-9.49965159718753,15.384331428988888,1.377485688192844,4.557471264367816e-10,0.8979341277472942,10592.602348909273,0.05926023489092731
btc_hl_breakout_8m,0,0.05,0.01,0.0,0.5,15,random,0.08379110790553504,8.379110790553504,0.74,50,-0.14961718775984068,-14.961718775984068,13.079379424790078,1.1733365755576728,2.4899999999999997e-10,0.3832627504890982,10837.91107905535,0.08379110790553504
btc_hl_breakout_2m,0,0.035,0.025,0.0,0.3,45,random,0.07959627841978777,7.959627841978777,0.65,40,-0.05966234365419276,-5.966234365419276,20.276998729007598,1.332335674546277,3.2291666666666666e-10,0.6740346432522514,10795.962784197878,0.07959627841978777
btc_vol_breakout_3m,0,0.0175,0.25,0.0,0.05,60,random,0.010025812799895948,1.0025812799895948,0.19047619047619047,21,-0.01687329739065646,-1.687329739065646,14.18727487862159,1.3230569330877053,6.11904761904762e-10,0.9801313813335858,10100.258127998959,0.010025812799895948
btc_vol_breakout_8m,0,0.02,0.03,0.0,0.3,360,random,0.061433226471419265,6.143322647141926,0.4722222222222222,36,-0.06743819934856021,-6.743819934856021,18.96088542339544,1.304135156821732,2.9305555555555556e-10,0.5825680054651621,10614.332264714192,0.061433226471419265
btc_small_down_10m,0,0.0175,0.03,0.0,0.25,240,random,0.028107045470768935,2.8107045470768934,0.4444444444444444,45,-0.0552356851792406,-5.52356851792406,10.004878522457721,1.1393090679026687,2.0888888888888887e-10,0.2696032966164782,10281.07045470769,0.028107045470768935
btc_vol_breakout_2m,0,0.04,0.25,0.0,0.05,60,random,0.014161487715736666,1.4161487715736667,0.3076923076923077,13,-0.01697827064441626,-1.697827064441626,18.88331545384917,1.5228772884079367,1.1102564102564103e-09,2.2144281364996163,10141.614877157366,0.014161487715736666
btc_vol_breakout_8m,0,0.0075,0.03,0.0,0.15,240,random,0.013800465098903874,1.3800465098903874,0.32608695652173914,46,-0.039892900509005624,-3.9892900509005624,9.170973721288403,1.133566876257336,1.9782608695652173e-10,0.20988256650841605,10138.004650989038,0.013800465098903874
btc_vol_breakout_2m,0,0.0175,0.025,0.0,0.25,10,random,0.023591708069284505,2.3591708069284505,0.4528301886792453,53,-0.055845579212088436,-5.584557921208844,8.280476171509035,1.0981335228639988,2.20125786163522e-10,0.19828715046700376,10235.917080692845,0.023591708069284505
btc_hl_breakout_3m,0,0.035,0.02,0.0,0.1,30,random,0.025696506309598702,2.5696506309598703,0.6363636363636364,44,-0.02604540971449132,-2.604540971449132,19.63905578662845,1.3205288833776976,2.7159090909090913e-10,0.5882009374959829,10256.965063095988,0.025696506309598702
btc_hl_breakout_7m,0,0.025,0.08,0.0,0.05,240,random,0.014862916262034434,1.4862916262034434,0.36666666666666664,30,-0.016747573113536363,-1.6747573113536363,19.449233434316767,1.3832353718972308,4.4888888888888887e-10,0.997267974417897,10148.629162620344,0.014862916262034434
btc_hl_breakout_6m,0,0.08,0.035,0.0,0.5,720,random,0.11595665076285332,11.595665076285332,0.6818181818181818,22,-0.1531619576309975,-15.31619576309975,16.878388879635917,1.3366665465431704,6.401515151515151e-10,1.120559489040566,11159.566507628533,0.11595665076285332
btc_small_down_10m,0,0.05,0.06,0.0,0.1,360,random,0.02449261932292152,2.449261932292152,0.5217391304347826,23,-0.02877433854192679,-2.877433854192679,18.048418173284436,1.352626078494491,5.181159420289855e-10,1.0819841979207867,10244.926193229216,0.02449261932292152
btc_hl_breakout_10m,0,0.015,0.15,0.0,0.15,240,random,0.04183552372732022,4.183552372732022,0.23809523809523808,21,-0.052333940737143814,-5.233394073714381,17.947764701006818,1.508317371585067,6.690476190476191e-10,1.3684672234236719,10418.355237273203,0.04183552372732022
btc_hl_breakout_1m,0,0.03,0.01,0.0,0.2,90,random,0.010861593554973525,1.0861593554973525,0.6610169491525424,59,-0.06858878823412595,-6.858878823412596,5.030845231612322,1.0592129976454465,1.8022598870056497e-10,0.10710167300874815,10108.615935549735,0.010861593554973525
btc_alt_aligned,0,0.015,0.25,0.0,0.3,720,random,0.13620624033614132,13.620624033614131,0.2222222222222222,18,-0.0983388895797318,-9.83388895797318,27.431547577533287,2.0530417277102795,8.101851851851852e-10,2.555810384936819,11362.062403361413,0.13620624033614132
btc_small_up_9m,0,0.0125,0.025,0.0,0.25,5,random,0.0023628900452466496,0.23628900452466495,0.3877551020408163,49,-0.07573118219057162,-7.573118219057163,1.6659379913631887,1.0117457202970888,1.727891156462585e-10,0.03863757998311917,10023.628900452466,0.0023628900452466496
btc_vol_breakout_10m,0,0.02,0.15,0.0,0.05,240,random,0.010904982714597583,1.0904982714597584,0.2,15,-0.010560688975182586,-1.0560688975182586,17.626017772571466,1.6092285896930543,7.9e-10,1.468621148394386,10109.049827145976,0.010904982714597583
btc_hl_breakout_8m,0,0.02,0.01,0.0,0.4,240,random,0.030873868504102894,3.0873868504102893,0.589041095890411,73,-0.1482006527853258,-14.82006527853258,6.980878600956164,1.0667118776647038,1.4223744292237445e-10,0.13582487127676166,10308.73868504103,0.030873868504102894
btc_hl_breakout_3m,0,0.02,0.05,0.0,0.1,120,random,0.010292355677468789,1.029235567746879,0.3783783783783784,37,-0.03369958142028906,-3.369958142028906,7.796206535122192,1.123152485413252,3.5045045045045046e-10,0.2924991864393669,10102.923556774687,0.010292355677468789
btc_hl_breakout_9m,0,0.08,0.15,0.0,0.5,90,random,0.17427202857791327,17.427202857791325,0.45454545454545453,11,-0.16339245793690693,-16.339245793690694,22.791035745347973,1.5419199821720702,1.3287878787878789e-09,3.3972605302758376,11742.720285779133,0.17427202857791327
btc_hl_breakout_3m,0,0.02,0.3,0.0,0.1,720,random,0.04677891911436776,4.677891911436776,0.23076923076923078,13,-0.028928918493560718,-2.892891849356072,27.68909013659139,2.2648168162271944,1.0730769230769232e-09,3.6305773964198367,10467.789191143678,0.04677891911436776
btc_hl_breakout_6m,0,0.03,0.045,0.0,0.15,20,random,-0.016666126524110654,-1.6666126524110654,0.3888888888888889,36,-0.07914247066321367,-7.9142470663213675,-7.956185404974685,0.8829636539028387,3.5e-10,-0.28994397762135665,9833.338734758894,-0.016666126524110654
btc_small_up_10m,0,0.035,0.025,0.0,0.1,240,random,0.028986742446274114,2.8986742446274114,0.5833333333333334,36,-0.03110960265357754,-3.110960265357754,20.078508220400682,1.3851340677930088,3.060185185185185e-10,0.81032405057929,10289.867424462742,0.028986742446274114
btc_hl_breakout_5m,0,0.0175,0.025,0.0,0.1,90,random,-0.01675282492918933,-1.675282492918933,0.4,55,-0.051863279030842424,-5.186327903084242,-13.134887200239639,0.8467324253040486,2.196969696969697e-10,-0.298636010401999,9832.471750708106,-0.01675282492918933
btc_hl_breakout_3m,0,0.05,0.15,0.0,0.1,120,random,0.029940556774705817,2.9940556774705818,0.4166666666666667,12,-0.0347906587929947,-3.47906587929947,19.33160800681485,1.5915314469883532,1.1833333333333334e-09,2.5431793764165804,10299.405567747059,0.029940556774705817
btc_small_down_10m,0,0.03,0.3,0.0,0.05,1440,random,0.02342102176974559,2.342102176974559,0.3333333333333333,9,-0.014050684370645272,-1.4050684370645272,29.187676939220328,2.6738536334159613,1.5648148148148147e-09,5.221751755366908,10234.210217697457,0.02342102176974559
btc_bullish,0,0.0125,0.025,0.0,0.05,240,random,0.012013035964120507,1.2013035964120506,0.42028985507246375,69,-0.013268325535658043,-1.3268325535658043,16.279438073902575,1.2239788295053853,1.8043478260869564e-10,0.3510567963635604,10120.130359641205,0.012013035964120507
btc_hl_breakout_7m,0,0.1,0.015,0.0,0.5,10,random,0.12727947926082525,12.727947926082525,0.8125,32,-0.16810388097165552,-16.81038809716555,18.20063300071488,1.3444242365816765,4.010416666666667e-10,0.8405785535537589,11272.794792608252,0.12727947926082525
btc_vol_breakout_9m,0,0.0125,0.045,0.0,0.05,720,random,0.0066142874146642725,0.6614287414664273,0.34285714285714286,35,-0.009944187696515283,-0.9944187696515283,12.561250852115394,1.2339606652271398,2.842857142857143e-10,0.38156880050808994,10066.142874146642,0.0066142874146642725
btc_small_down_10m,0,0.015,0.05,0.0,0.5,90,random,0.08200932530822728,8.200932530822728,0.34210526315789475,38,-0.09231319618121303,-9.231319618121303,15.261417107466912,1.2320016523541604,2.8289473684210526e-10,0.46401189223368783,10820.093253082272,0.08200932530822728
btc_bullish,0,0.08,0.02,0.0,0.25,240,random,0.0768774210171618,7.68774210171618,0.78125,32,-0.06963037802832894,-6.963037802832894,20.94622385373971,1.4306704938468453,4.317708333333333e-10,0.9747759115498242,10768.774210171618,0.0768774210171618
btc_vol_breakout_9m,0,0.08,0.01,0.0,0.15,720,random,0.017388336550541613,1.7388336550541612,0.8235294117647058,34,-0.034009365386158286,-3.4009365386158286,11.110141119329224,1.2306155554632998,3.147058823529412e-10,0.3546147817004663,10173.883365505417,0.017388336550541613
btc_small_up_10m,0,0.1,0.015,0.0,0.05,30,random,0.016424429429815587,1.6424429429815586,0.8148148148148148,27,-0.01189328442305293,-1.189328442305293,22.45380192850828,1.6276509739075153,4.709876543209876e-10,1.2181791850488954,10164.244294298156,0.016424429429815587
btc_hl_breakout_3m,0,0.04,0.06,0.0,0.2,5,random,0.04259778521590813,4.259778521590813,0.48148148148148145,27,-0.0674908043009459,-6.7490804300945895,15.700250604493188,1.2633098685543214,5.098765432098765e-10,0.8220384014891088,10425.977852159082,0.04259778521590813
btc_hl_breakout_3m,0,0.06,0.045,0.0,0.05,60,random,0.017686158577731523,1.7686158577731523,0.6521739130434783,23,-0.018223238334841074,-1.8223238334841074,23.31380272885923,1.5950347461384926,6.094202898550725e-10,1.5393263539900248,10176.861585777315,0.017686158577731523
btc_hl_breakout_4m,0,0.08,0.01,0.0,0.1,720,random,0.038609379438461995,3.8609379438461997,0.8478260869565217,46,-0.025764118933307323,-2.5764118933307323,26.803189037154183,1.612631790823286,2.5144927536231883e-10,0.8360558952603112,10386.09379438462,0.038609379438461995
btc_alt_aligned,0,0.01,0.035,0.0,0.2,720,random,0.035882437796150704,3.5882437796150706,0.32894736842105265,76,-0.0669221519196902,-6.692215191969019,12.381503872322781,1.140133449553385,1.7653508771929825e-10,0.25066127324364146,10358.824377961508,0.035882437796150704
btc_hl_breakout_6m,0,0.005,0.035,0.0,0.1,30,random,0.00709563576464501,0.709563576464501,0.24324324324324326,74,-0.0482444283326765,-4.82444283326765,5.517535767567938,1.0664404595442454,1.4166666666666667e-10,0.10407661879147871,10070.95635764645,0.00709563576464501
btc_hl_breakout_6m,0,0.005,0.25,0.0,0.5,5,random,0.17328424151675637,17.328424151675637,0.13333333333333333,30,-0.1757391476530049,-17.57391476530049,22.90398207371357,1.6310885234537165,4.1777777777777775e-10,1.2461051445039253,11732.842415167564,0.17328424151675637
btc_vol_breakout_10m,0,0.01,0.12,0.0,0.2,10,random,0.019193702141165704,1.9193702141165705,0.13793103448275862,29,-0.04434857600464592,-4.434857600464593,9.083609554416164,1.1820111270652056,3.9310344827586204e-10,0.36828959945291545,10191.937021411657,0.019193702141165704
btc_vol_breakout_10m,0,0.05,0.015,0.0,0.25,45,random,-0.016838832234258007,-1.6838832234258008,0.6666666666666666,36,-0.08382201931729694,-8.382201931729693,-4.672028251937507,0.9165084244624351,2.8240740740740736e-10,-0.15446146526060062,9831.61167765742,-0.016838832234258007
btc_hl_breakout_10m,0,0.0125,0.015,0.0,0.5,180,random,0.0677669704035874,6.77669704035874,0.48,75,-0.15429933786490135,-15.429933786490135,11.337268923552726,1.1135481296653946,1.3155555555555555e-10,0.21386743310699133,10677.669704035874,0.0677669704035874
btc_hl_breakout_3m,0,0.03,0.2,0.0,0.2,480,random,0.028104289586420122,2.8104289586420124,0.3076923076923077,13,-0.07769075922530622,-7.769075922530622,10.669109962477338,1.2711737272396813,1.1e-09,1.1970487927794795,10281.0428958642,0.028104289586420122
btc_hl_breakout_2m,0,0.03,0.04,0.0,0.1,1440,random,0.021711173327162863,2.1711173327162863,0.5135135135135135,37,-0.03113276617563865,-3.113276617563865,16.52810440738903,1.2556724895911762,3.6936936936936936e-10,0.5959759122268526,10217.11173327163,0.021711173327162863
btc_vol_breakout_8m,0,0.035,0.015,0.0,0.3,720,random,0.021486467553015927,2.1486467553015927,0.6585365853658537,41,-0.0778967716886303,-7.7896771688630295,6.980808860580198,1.0978527719798805,2.3983739837398374e-10,0.20281664557225385,10214.86467553016,0.021486467553015927
btc_hl_breakout_5m,0,0.03,0.01,0.0,0.4,10,random,0.05391849711623536,5.391849711623536,0.703125,64,-0.12958318640580047,-12.958318640580046,11.987111950764541,1.1424071435013963,1.6666666666666666e-10,0.2332713119859109,10539.184971162354,0.05391849711623536
btc_small_up_10m,0,0.02,0.045,0.0,0.5,10,random,0.17134981573460464,17.134981573460465,0.43902439024390244,41,-0.121625063611153,-12.1625063611153,23.975832042135824,1.3671446606425304,2.4959349593495937e-10,0.8444227084616889,11713.498157346046,0.17134981573460464
btc_hl_breakout_8m,0,0.05,0.1,0.0,0.25,30,random,0.048962108038951464,4.896210803895147,0.4,20,-0.09727383376425625,-9.727383376425625,13.560385011235086,1.2497729925092578,6.950000000000001e-10,1.0599575481639345,10489.621080389516,0.048962108038951464
btc_alt_aligned,0,0.1,0.25,0.0,0.05,720,random,0.01906494552438171,1.9064945524381711,0.6,5,-0.017738769289686984,-1.7738769289686984,23.056533383484417,2.6036112207815245,2.9633333333333336e-09,7.6676599551606035,10190.649455243816,0.01906494552438171
btc_small_up_9m,0,0.035,0.05,0.0,0.4,240,random,0.12167970781281529,12.167970781281529,0.5384615384615384,26,-0.10330419410554759,-10.330419410554759,23.349347937433574,1.466740321716724,4.4294871794871796e-10,1.184922788958982,11216.797078128153,0.12167970781281529
btc_hl_breakout_2m,0,0.0175,0.035,0.0,0.15,240,random,-0.008634693068791421,-0.8634693068791421,0.3673469387755102,49,-0.06257415306591929,-6.257415306591929,-3.961803684907311,0.9434879383091898,2.5068027210884354e-10,-0.10260698758283456,9913.653069312086,-0.008634693068791421
btc_vol_breakout_8m,0,0.025,0.15,0.0,0.25,10,random,0.056500685493885205,5.6500685493885205,0.3076923076923077,13,-0.05155884501154995,-5.155884501154995,18.814110288432577,1.671413482975111,1.0025641025641025e-09,1.802347487978471,10565.006854938852,0.056500685493885205
btc_hl_breakout_2m,0,0.03,0.025,0.0,0.2,30,random,0.023528581134072146,2.3528581134072146,0.5581395348837209,43,-0.058412680176438636,-5.841268017643864,9.755308343798497,1.1305827567851603,2.9767441860465116e-10,0.29362774495299176,10235.285811340722,0.023528581134072146
btc_hl_breakout_7m,0,0.0175,0.25,0.0,0.25,1440,random,0.08482085891042429,8.482085891042429,0.21052631578947367,19,-0.08858781832324314,-8.858781832324315,21.107483172424857,1.6196010847263218,7.37719298245614e-10,1.8741781005466147,10848.208589104242,0.08482085891042429
btc_vol_breakout_8m,0,0.03,0.05,0.0,0.05,360,random,0.011647265976672481,1.164726597667248,0.4583333333333333,24,-0.011010825746242014,-1.1010825746242014,19.58605070330438,1.4389277862074281,4.951388888888888e-10,0.9752150966861236,10116.472659766725,0.011647265976672481
btc_hl_breakout_9m,0,0.025,0.2,0.0,0.25,5,random,0.10757096295196084,10.757096295196083,0.3333333333333333,15,-0.07537458754855564,-7.537458754855564,27.103604876376828,1.877504398889508,9.677777777777778e-10,2.898132870055423,11075.709629519608,0.10757096295196084
btc_small_down_10m,0,0.0175,0.08,0.0,0.3,45,random,0.055037926454642096,5.50379264546421,0.3333333333333333,30,-0.0958762206930811,-9.587622069308111,14.706894542745012,1.2642145407827745,3.983333333333333e-10,0.6495721628453396,10550.37926454642,0.055037926454642096
btc_vol_breakout_10m,0,0.0075,0.045,0.0,0.15,180,random,-0.007738250525779449,-0.7738250525779449,0.25,40,-0.04536513663562647,-4.536513663562647,-4.876170759587835,0.918259044336277,2.1166666666666666e-10,-0.11912118438797993,9922.617494742206,-0.007738250525779449
btc_hl_breakout_9m,0,0.03,0.12,0.0,0.25,45,random,0.0474424114333839,4.744241143338391,0.32,25,-0.09649660880125399,-9.6496608801254,13.21130919834926,1.2076628586771452,5.486666666666667e-10,0.8480576061204371,10474.424114333839,0.0474424114333839
btc_small_up_10m,0,0.01,0.045,0.0,0.4,120,random,0.1270535496550915,12.70535496550915,0.3617021276595745,47,-0.10897811194495155,-10.897811194495155,23.30047144898041,1.3684452074607487,1.900709219858156e-10,0.6829491051858751,11270.535496550914,0.1270535496550915
btc_vol_breakout_8m,0,0.05,0.04,0.0,0.3,120,random,0.01673810517691336,1.6738105176913358,0.5555555555555556,27,-0.10018197518377159,-10.018197518377159,5.448318850771852,1.0719925605845932,4.660493827160494e-10,0.26191103536976584,10167.381051769135,0.01673810517691336
btc_hl_breakout_10m,0,0.04,0.025,0.0,0.4,1440,random,0.1034658188525872,10.34658188525872,0.6153846153846154,39,-0.10920907321216755,-10.920907321216756,18.378039989304995,1.275086390971454,3.3504273504273504e-10,0.6942709443008072,11034.658188525871,0.1034658188525872
btc_hl_breakout_1m,0,0.04,0.04,0.0,0.5,720,random,0.18069527977032404,18.069527977032404,0.5757575757575758,33,-0.14367560886502517,-14.367560886502517,26.322749995260907,1.4230574168303314,4.141414141414141e-10,1.0969025973436812,11806.952797703241,0.18069527977032404
btc_hl_breakout_5m,0,0.015,0.05,0.0,0.4,10,random,-0.001723269138302021,-0.1723269138302021,0.3181818181818182,44,-0.1229210486036777,-12.29210486036777,1.205259340617029,0.9956681180740368,2.9166666666666664e-10,0.04443445603733514,9982.76730861698,-0.001723269138302021
btc_vol_breakout_9m,0,0.01,0.025,0.0,0.1,120,random,0.009681410831592576,0.9681410831592576,0.35555555555555557,45,-0.023860921494218923,-2.3860921494218923,9.96832789462169,1.1493184899580384,1.7777777777777778e-10,0.2214202266726817,10096.814108315926,0.009681410831592576
btc_vol_breakout_2m,0,0.1,0.01,0.0,0.05,15,random,0.020920177513481072,2.092017751348107,0.8863636363636364,44,-0.010541045156617024,-1.0541045156617024,31.371960032776855,1.8478160002987705,2.6742424242424243e-10,0.9472834886541579,10209.20177513481,0.020920177513481072
btc_hl_breakout_8m,0,0.025,0.2,0.0,0.4,1440,random,0.15251424586237836,15.251424586237835,0.29411764705882354,17,-0.1183224297776081,-11.83224297776081,24.72359088104094,1.6065473761575118,8.421568627450981e-10,2.36762311147703,11525.142458623784,0.15251424586237836
btc_hl_breakout_9m,0,0.0175,0.15,0.0,0.4,120,random,0.07614987350723695,7.614987350723696,0.2222222222222222,27,-0.16492028825468596,-16.492028825468598,13.772702133559871,1.2307294110761495,5.08641975308642e-10,0.8326365976367063,10761.49873507237,0.07614987350723695
btc_hl_breakout_1m,0,0.01,0.12,0.0,0.3,240,random,0.05222729779326555,5.222729779326555,0.19444444444444445,36,-0.11723896607836226,-11.723896607836226,13.437806027946024,1.227583523445281,3.4907407407407405e-10,0.5416025520990334,10522.272977932655,0.05222729779326555
btc_hl_breakout_7m,0,0.035,0.08,0.0,0.4,10,random,0.06299936017472,6.2999360174720005,0.4,25,-0.15777070822376327,-15.777070822376327,11.691272055580896,1.1765017945852227,5.420000000000001e-10,0.7342791518382926,10629.9936017472,0.06299936017472
btc_vol_breakout_2m,0,0.03,0.25,0.0,0.3,20,random,0.060136626799221264,6.013662679922127,0.26666666666666666,15,-0.1120373095699011,-11.20373095699011,14.421856925479924,1.322453507243344,9.444444444444444e-10,1.531008308595477,10601.366267992213,0.060136626799221264
btc_small_up_10m,0,0.0175,0.12,0.0,0.2,10,random,0.05330460213822457,5.330460213822457,0.25,28,-0.07158449399614952,-7.158449399614952,18.494214879309244,1.3812445223208794,4.125e-10,0.990055062492326,10533.046021382246,0.05330460213822457
btc_vol_breakout_2m,0,0.0075,0.02,0.0,0.15,15,random,-0.028241455369480764,-2.8241455369480764,0.34523809523809523,84,-0.06774205975676584,-6.774205975676583,-15.907912628364336,0.8332672757313664,1.1408730158730159e-10,-0.22031250660817292,9717.585446305193,-0.028241455369480764
btc_alt_aligned,0,0.01,0.025,0.0,0.1,720,random,0.016340974900153026,1.6340974900153027,0.37209302325581395,86,-0.03421752274539669,-3.421752274539669,11.129374949543104,1.1277341410772281,1.5426356589147287e-10,0.19653771260946876,10163.40974900153,0.016340974900153026
btc_small_up_9m,0,0.03,0.1,0.0,0.3,10,random,0.06642658293440837,6.642658293440837,0.38095238095238093,21,-0.08627410741805897,-8.627410741805896,17.779788396806495,1.330488065437192,5.619047619047619e-10,1.117980684923888,10664.265829344084,0.06642658293440837
btc_hl_breakout_1m,0,0.03,0.03,0.0,0.4,5,random,0.023685874866212635,2.3685874866212635,0.5,40,-0.13099521990139706,-13.099521990139706,6.014479018521718,1.061035811489633,3.225e-10,0.19859913938279997,10236.858748662125,0.023685874866212635
btc_hl_breakout_3m,0,0.1,0.1,0.0,0.05,720,random,0.020207778617718334,2.0207778617718333,0.5833333333333334,12,-0.01547021062059184,-1.547021062059184,26.43876527143758,1.8903092591069044,1.1902777777777778e-09,3.369856556218851,10202.077786177184,0.020207778617718334
btc_vol_breakout_9m,0,0.0125,0.045,0.0,0.05,240,random,0.0066142874146642725,0.6614287414664273,0.34285714285714286,35,-0.009944187696515283,-0.9944187696515283,12.561250852115394,1.2339606652271398,2.842857142857143e-10,0.38156880050808994,10066.142874146642,0.0066142874146642725
btc_hl_breakout_8m,0,0.01,0.015,0.0,0.4,120,random,0.0005414590189916907,0.05414590189916907,0.43209876543209874,81,-0.151686969649797,-15.1686969649797,1.691420700324487,1.0011448978393267,1.176954732510288e-10,0.029015007475689324,10005.414590189917,0.0005414590189916907
btc_bullish,0,0.035,0.03,0.0,0.1,60,random,0.028565023110750588,2.856502311075059,0.575,40,-0.030330992410271485,-3.0330992410271485,19.05141699619665,1.315971448468041,3.333333333333333e-10,0.7214673346270408,10285.650231107506,0.028565023110750588
btc_vol_breakout_8m,0,0.0125,0.05,0.0,0.05,120,random,0.009786230772612379,0.9786230772612379,0.3333333333333333,36,-0.009944187696516948,-0.9944187696516948,17.994174479912488,1.3375059874318584,2.851851851851852e-10,0.5464850545596424,10097.862307726124,0.009786230772612379
btc_vol_breakout_8m,0,0.005,0.035,0.0,0.15,240,random,0.003345138598480776,0.3345138598480776,0.2641509433962264,53,-0.03784433486146899,-3.7844334861468987,2.611953135088999,1.0311555032572426,1.4654088050314466e-10,0.0513582657235142,10033.451385984808,0.003345138598480776
btc_hl_breakout_1m,0,0.01,0.05,0.0,0.15,45,random,0.005721288504947461,0.5721288504947462,0.2692307692307692,52,-0.05355269118971917,-5.355269118971917,3.460819935592843,1.0402590190645558,2.3108974358974358e-10,0.09015805195139939,10057.212885049474,0.005721288504947461
btc_small_up_9m,0,0.1,0.1,0.0,0.1,90,random,0.032338316762643066,3.2338316762643067,0.6153846153846154,13,-0.03454219134307712,-3.454219134307712,21.32636976047332,1.5703961223209968,1.0153846153846153e-09,2.514981110098128,10323.38316762643,0.032338316762643066
btc_vol_breakout_9m,0,0.0075,0.1,0.0,0.25,60,random,0.0329642663100165,3.29642663100165,0.1891891891891892,37,-0.05871457263589708,-5.871457263589708,12.220435659467546,1.2046474362332291,2.7882882882882885e-10,0.383266623866057,10329.642663100165,0.0329642663100165
btc_hl_breakout_9m,0,0.02,0.08,0.0,0.25,90,random,0.044802187976089,4.4802187976089005,0.3142857142857143,35,-0.09442400257298689,-9.442400257298688,12.58263117172658,1.1915823549234816,3.633333333333333e-10,0.5564889938929283,10448.02187976089,0.044802187976089
btc_hl_breakout_9m,0,0.035,0.2,0.0,0.05,120,random,0.020528791299812058,2.0528791299812057,0.38461538461538464,13,-0.01668093424829764,-1.668093424829764,25.827566361624335,1.8871116455545165,1.1166666666666667e-09,3.1703143628123494,10205.287912998121,0.020528791299812058
btc_alt_aligned,0,0.03,0.06,0.0,0.05,360,random,0.015005233231960631,1.500523323196063,0.4,35,-0.017282456876218433,-1.7282456876218433,19.149426094261653,1.3186914706674482,4.0523809523809523e-10,0.8643161243135369,10150.052332319607,0.015005233231960631
btc_hl_breakout_7m,0,0.05,0.015,0.0,0.4,45,random,0.06307536502054759,6.3075365020547585,0.6818181818181818,44,-0.14921844991741107,-14.921844991741107,11.916666011782313,1.1544427448905055,2.9507575757575754e-10,0.40834334715987003,10630.753650205475,0.06307536502054759
btc_small_up_9m,0,0.0125,0.015,0.0,0.4,480,random,0.025688287375908204,2.5688287375908203,0.4727272727272727,55,-0.09332488635534664,-9.332488635534663,6.9687634000859955,1.0817244787763953,1.4545454545454545e-10,0.14247037977195892,10256.882873759081,0.025688287375908204
btc_hl_breakout_9m,0,0.025,0.08,0.0,0.3,240,random,0.0787113317328381,7.871133173283811,0.36666666666666664,30,-0.09742385453454439,-9.742385453454439,17.869165528682977,1.3059129118764103,4.3888888888888886e-10,0.917512844006419,10787.113317328382,0.0787113317328381
btc_hl_breakout_7m,0,0.015,0.2,0.0,0.1,180,random,0.03314393002174521,3.3143930021745214,0.22727272727272727,22,-0.03438232088198512,-3.438232088198512,21.762432408650497,1.5819804386981364,6.356060606060605e-10,1.531674053007624,10331.439300217453,0.03314393002174521
btc_vol_breakout_2m,0,0.06,0.2,0.0,0.1,720,random,0.02725581523638997,2.725581523638997,0.4444444444444444,9,-0.0372611556417759,-3.72611556417759,17.65344254903553,1.7182499259113881,1.6092592592592592e-09,3.080018503354663,10272.5581523639,0.02725581523638997
btc_hl_breakout_2m,0,0.015,0.08,0.0,0.5,10,random,0.06254560919565966,6.254560919565966,0.2903225806451613,31,-0.16180515958897324,-16.180515958897324,11.049996976957516,1.166745975214752,4.290322580645161e-10,0.4842049212387299,10625.456091956596,0.06254560919565966
btc_hl_breakout_1m,0,0.01,0.25,0.0,0.1,20,random,0.023352820278630417,2.3352820278630415,0.16,25,-0.040485059357029174,-4.048505935702917,16.096996559394835,1.3731842514109622,5.286666666666666e-10,0.9754806685727169,10233.528202786305,0.023352820278630417
btc_hl_breakout_4m,0,0.015,0.15,0.0,0.1,60,random,0.04788361274461678,4.7883612744616775,0.2857142857142857,21,-0.030057114514971728,-3.005711451497173,29.7771109625129,1.964161270378678,6.595238095238095e-10,2.2779060913989686,10478.836127446168,0.04788361274461678
btc_small_up_9m,0,0.02,0.25,0.0,0.4,240,random,0.12190222299428692,12.190222299428692,0.23529411764705882,17,-0.11999105390274345,-11.999105390274345,20.206909697158856,1.5762110584690603,7.705882352941176e-10,1.9353648673026678,11219.02222994287,0.12190222299428692
btc_small_down_10m,0,0.0175,0.08,0.0,0.05,360,random,0.009644870493866751,0.9644870493866751,0.3333333333333333,30,-0.016532090812562794,-1.6532090812562794,14.7092138987286,1.293765890198186,3.983333333333333e-10,0.6495721628453391,10096.448704938668,0.009644870493866751
btc_hl_breakout_9m,0,0.04,0.02,0.0,0.5,240,random,0.16583022940659858,16.58302294065986,0.6511627906976745,43,-0.1257876861699545,-12.57876861699545,22.947466254455684,1.3375241752636742,2.8333333333333334e-10,0.7820529446493052,11658.302294065987,0.16583022940659858
btc_hl_breakout_8m,0,0.035,0.15,0.0,0.5,480,random,0.11395257563131718,11.395257563131718,0.35714285714285715,14,-0.19445798097226252,-19.445798097226252,16.130004756718364,1.3932960942233747,1.0095238095238096e-09,1.8438387706827208,11139.52575631317,0.11395257563131718
btc_bullish,0,0.1,0.3,0.0,0.3,240,random,0.08030525950774231,8.030525950774232,0.6666666666666666,3,-0.11354414986721639,-11.35441498672164,16.855109292823016,2.9325939473325913,4.922222222222222e-09,9.159285181123916,10803.052595077423,0.08030525950774231
btc_vol_breakout_2m,0,0.03,0.15,0.0,0.3,5,random,0.05497810841602836,5.497810841602837,0.3333333333333333,15,-0.11203730956990166,-11.203730956990166,13.944897048615747,1.3261002212894744,9.266666666666667e-10,1.350860392649451,10549.781084160284,0.05497810841602836
btc_small_up_10m,0,0.015,0.15,0.0,0.1,5,random,0.015121460688208641,1.512146068820864,0.19230769230769232,26,-0.03757621034689085,-3.757621034689085,10.543021360175683,1.240704986942435,4.628205128205128e-10,0.6101354895013599,10151.214606882086,0.015121460688208641
btc_hl_breakout_6m,0,0.08,0.25,0.0,0.15,45,random,0.03865689912453072,3.865689912453072,0.4,10,-0.05876865998672698,-5.876865998672698,16.494755022296843,1.4596752386534582,1.4366666666666667e-09,2.718542411388556,10386.568991245307,0.03865689912453072
btc_hl_breakout_8m,0,0.0075,0.25,0.0,0.4,5,random,0.06577225947325414,6.577225947325414,0.09375,32,-0.16070276921938287,-16.070276921938287,11.966362258049186,1.2360108571254902,4.0364583333333333e-10,0.6395918269113015,10657.722594732542,0.06577225947325414
btc_hl_breakout_2m,0,0.0175,0.035,0.0,0.4,60,random,-0.027766347468105277,-2.7766347468105277,0.3673469387755102,49,-0.16118780224162332,-16.118780224162332,-4.018927517420265,0.934296429972714,2.5068027210884354e-10,-0.10260698758283225,9722.336525318948,-0.027766347468105277
btc_vol_breakout_8m,0,0.025,0.25,0.0,0.1,15,random,0.04606830856976477,4.606830856976477,0.3076923076923077,13,-0.020919162623408316,-2.0919162623408316,33.84784345350225,2.2538732610685166,1.0192307692307693e-09,3.555660730539466,10460.683085697648,0.04606830856976477
btc_alt_aligned,0,0.05,0.25,0.0,0.2,60,random,0.0828205456449179,8.28205456449179,0.36363636363636365,11,-0.07265181405306254,-7.265181405306254,25.06368577905351,1.9383832178092095,1.3378787878787877e-09,3.8406619885408637,10828.20545644918,0.0828205456449179
btc_small_down_10m,0,0.08,0.2,0.0,0.3,1440,random,0.10312243811311023,10.312243811311022,0.5,8,-0.10502569683681762,-10.502569683681761,21.865760939874733,1.8781802279096396,1.78125e-09,4.433822753152421,11031.224381131102,0.10312243811311023
btc_hl_breakout_1m,0,0.0125,0.06,0.0,0.2,5,random,0.014837448443460176,1.4837448443460177,0.2708333333333333,48,-0.07117248490350192,-7.1172484903501925,6.285629722518069,1.0751800614546982,2.510416666666667e-10,0.18096707332712195,10148.374484434602,0.014837448443460176
btc_hl_breakout_2m,0,0.06,0.02,0.0,0.4,1440,random,0.16379407648771377,16.379407648771377,0.7714285714285715,35,-0.09751580413194938,-9.751580413194938,27.50255356337313,1.5689928327113574,3.714285714285714e-10,1.1458574846470895,11637.940764877138,0.16379407648771377
btc_hl_breakout_3m,0,0.03,0.05,0.0,0.4,90,random,0.0314463337970119,3.1446333797011903,0.4375,32,-0.14965905957756154,-14.965905957756153,7.1887818571414135,1.0882861920215863,4.2760416666666667e-10,0.3182954953149542,10314.463337970119,0.0314463337970119
btc_hl_breakout_10m,0,0.01,0.035,0.0,0.1,1440,random,0.009047766436619645,0.9047766436619645,0.3103448275862069,58,-0.033107251670932536,-3.3107251670932536,6.899353926035481,1.0898973684991502,1.8735632183908046e-10,0.16599142815787882,10090.477664366197,0.009047766436619645
btc_small_up_10m,0,0.035,0.06,0.0,0.05,15,random,0.01638963309998,1.638963309998,0.44,25,-0.0177982594252446,-1.77982594252446,21.694769615130213,1.480651151156167,5.066666666666667e-10,1.316650588524641,10163.8963309998,0.01638963309998
btc_hl_breakout_10m,0,0.0075,0.015,0.0,0.5,120,random,-0.026922588252678997,-2.6922588252678996,0.38095238095238093,84,-0.21830488478402743,-21.830488478402742,-1.992133552607892,0.9567648341352457,1.1170634920634921e-10,-0.03187542615782356,9730.774117473211,-0.026922588252678997
btc_hl_breakout_2m,0,0.005,0.02,0.0,0.3,60,random,-0.02921923468841528,-2.921923468841528,0.3132530120481928,83,-0.12984481455007502,-12.9844814550075,-7.2805397159467145,0.9082285784981188,1.0863453815261044e-10,-0.10380749437892006,9707.807653115848,-0.02921923468841528
btc_hl_breakout_5m,0,0.0125,0.025,0.0,0.2,10,random,0.02608747956175323,2.608747956175323,0.42857142857142855,63,-0.05582091416017443,-5.582091416017443,10.663684866831751,1.125737900961423,1.7222222222222223e-10,0.22046405752706388,10260.874795617532,0.02608747956175323
btc_vol_breakout_3m,0,0.015,0.045,0.0,0.1,120,random,0.014808677479919584,1.4808677479919585,0.3902439024390244,41,-0.028079151815144754,-2.8079151815144754,11.621212810034178,1.1815711531918731,2.747967479674797e-10,0.3713524904327834,10148.086774799196,0.014808677479919584
btc_hl_breakout_7m,0,0.0175,0.1,0.0,0.5,15,random,0.05189906742147496,5.189906742147496,0.2647058823529412,34,-0.21577713400657617,-21.577713400657615,8.93075809745722,1.1068982765556667,3.9558823529411763e-10,0.4091314166635096,10518.99067421475,0.05189906742147496
btc_hl_breakout_3m,0,0.05,0.08,0.0,0.25,480,random,0.033463333449721085,3.3463333449721087,0.47368421052631576,19,-0.09017243635150463,-9.017243635150463,10.669870486804982,1.1914302126476857,7.31578947368421e-10,0.778190263068597,10334.633334497212,0.033463333449721085
btc_hl_breakout_2m,0,0.1,0.025,0.0,0.1,180,random,0.03344954438149365,3.3449544381493648,0.7692307692307693,26,-0.031222661032603183,-3.1222661032603183,22.75524261658356,1.5526470606823914,5.17948717948718e-10,1.2892993815276195,10334.495443814936,0.03344954438149365
btc_hl_breakout_6m,0,0.025,0.3,0.0,0.15,180,random,0.04517700292323846,4.517700292323846,0.4,5,-0.055191315084846426,-5.519131508484643,18.082698465315584,3.663248027087869,2.933333333333333e-09,6.056059707893778,10451.770029232384,0.04517700292323846
btc_hl_breakout_1m,0,0.015,0.08,0.0,0.25,240,random,0.025315875161587793,2.5315875161587793,0.3103448275862069,29,-0.08002665653679364,-8.002665653679363,8.734311502044546,1.150843472924476,4.5402298850574716e-10,0.3878065004289413,10253.158751615878,0.025315875161587793
btc_hl_breakout_2m,0,0.03,0.03,0.0,0.05,480,random,0.006065988885701801,0.6065988885701802,0.5365853658536586,41,-0.017055886115933006,-1.7055886115933006,9.36907875588324,1.1356800015576862,3.154471544715447e-10,0.30174552076507194,10060.659888857019,0.006065988885701801
btc_small_up_9m,0,0.1,0.045,0.0,0.1,5,random,0.03674360675523055,3.674360675523055,0.7222222222222222,18,-0.022670080801799886,-2.2670080801799886,24.90771097406448,1.732712415916753,7.148148148148147e-10,2.0401543005669107,10367.436067552306,0.03674360675523055
btc_small_up_9m,0,0.0125,0.025,0.0,0.25,60,random,0.0023628900452466496,0.23628900452466495,0.3877551020408163,49,-0.07573118219057162,-7.573118219057163,1.6659379913631887,1.0117457202970888,1.727891156462585e-10,0.03863757998311917,10023.628900452466,0.0023628900452466496
btc_small_down_10m,0,0.035,0.045,0.0,0.4,10,random,0.012653680334848878,1.2653680334848878,0.46153846153846156,26,-0.12864823653734614,-12.864823653734614,3.941166668505035,1.0439831660074934,4.519230769230769e-10,0.19245752650903397,10126.536803348488,0.012653680334848878
btc_hl_breakout_7m,0,0.005,0.015,0.0,0.15,45,random,-0.004852825408625176,-0.4852825408625176,0.31958762886597936,97,-0.07469870707601067,-7.469870707601068,-1.7535443403423185,0.9727405714116669,9.776632302405497e-11,-0.02472532026170281,9951.471745913748,-0.004852825408625176
btc_hl_breakout_5m,0,0.06,0.025,0.0,0.05,10,random,0.015742183887628783,1.5742183887628782,0.6875,32,-0.015784302061817912,-1.5784302061817912,21.244230543488964,1.447430097972733,4.1510416666666666e-10,0.9860591475181958,10157.421838876287,0.015742183887628783
btc_hl_breakout_10m,0,0.01,0.2,0.0,0.5,10,random,0.14160487222052653,14.160487222052653,0.19230769230769232,26,-0.1601777838921995,-16.01777838921995,20.6326755518691,1.4199424316716733,5.166666666666666e-10,1.211320519158916,11416.048722205265,0.14160487222052653
btc_hl_breakout_7m,0,0.03,0.15,0.0,0.1,180,random,0.023037039350221392,2.3037039350221393,0.3,20,-0.044164982444217515,-4.416498244421751,15.209206649181892,1.3325671491062838,7.025e-10,1.1905191511769342,10230.370393502213,0.023037039350221392
btc_alt_aligned,0,0.08,0.04,0.0,0.2,120,random,0.057228010336478584,5.722801033647858,0.6818181818181818,22,-0.07010693905463083,-7.010693905463084,18.939020757600364,1.4375189261029917,6.583333333333333e-10,1.323544492152004,10572.280103364787,0.057228010336478584
btc_hl_breakout_4m,0,0.08,0.12,0.0,0.1,1440,random,0.046248570583213994,4.6248570583214,0.5,14,-0.03174370956878825,-3.1743709568788248,29.62170891000329,1.777484292305445,1.011904761904762e-09,3.3088366531031546,10462.48570583214,0.046248570583213994
btc_vol_breakout_10m,0,0.015,0.05,0.0,0.15,720,random,0.03767376349435326,3.767376349435326,0.3793103448275862,29,-0.028123785554012293,-2.8123785554012293,23.234146560013606,1.5408705765662158,3.35632183908046e-10,0.8674118748502377,10376.737634943533,0.03767376349435326
btc_small_up_10m,0,0.025,0.06,0.0,0.25,20,random,0.04701802550184325,4.7018025501843255,0.3333333333333333,30,-0.09308989843983284,-9.308989843983284,13.655868528547012,1.2314328080963433,4.005555555555556e-10,0.672660321520896,10470.180255018433,0.04701802550184325
btc_alt_aligned,0,0.035,0.15,0.0,0.1,60,random,0.0329954723982917,3.2995472398291703,0.35294117647058826,17,-0.03670697287875346,-3.6706972878753463,20.685416795660885,1.562686913995865,8.558823529411764e-10,1.9686737824662033,10329.954723982917,0.0329954723982917
btc_small_up_10m,0,0.05,0.035,0.0,0.25,1440,random,0.07040158181433989,7.0401581814339895,0.6129032258064516,31,-0.07037632735579635,-7.037632735579635,19.335244790640964,1.3305007607735055,3.8440860215053764e-10,0.9331292103609347,10704.015818143398,0.07040158181433989
btc_hl_breakout_2m,0,0.0125,0.3,0.0,0.5,180,random,0.16043714199475734,16.043714199475733,0.2,15,-0.15148044466502653,-15.148044466502652,22.37523286423825,1.7137605015317132,9.5e-10,2.3288324984065354,11604.371419947573,0.16043714199475734
btc_hl_breakout_10m,0,0.03,0.15,0.0,0.1,30,random,0.027909534113225096,2.7909534113225094,0.35714285714285715,14,-0.03717760583612861,-3.7177605836128613,17.924241563042138,1.5745694978102243,1.0154761904761906e-09,2.0297892341021773,10279.095341132252,0.027909534113225096
btc_hl_breakout_5m,0,0.1,0.025,0.0,0.3,20,random,0.07819027845505738,7.8190278455057385,0.76,25,-0.10279884415831564,-10.279884415831564,18.12987483497431,1.3868473746811485,5.480000000000001e-10,1.075210409331554,10781.902784550573,0.07819027845505738
btc_hl_breakout_10m,0,0.0175,0.01,0.0,0.05,90,random,0.0025540786713069224,0.25540786713069225,0.5657894736842105,76,-0.02095702312462655,-2.095702312462655,3.8054242980195543,1.0467230317001166,1.2894736842105262e-10,0.07104188215048972,10025.540786713069,0.0025540786713069224
btc_hl_breakout_4m,0,0.005,0.04,0.0,0.15,180,random,0.006227760547036996,0.6227760547036996,0.2647058823529412,68,-0.04911548883177097,-4.9115488831770975,3.877237621006824,1.0430590441392023,1.5612745098039214e-10,0.0716517080708459,10062.27760547037,0.006227760547036996
btc_small_down_10m,0,0.04,0.1,0.0,0.15,5,random,0.033732984220645676,3.3732984220645674,0.4444444444444444,18,-0.05019577546278853,-5.019577546278853,16.242026252784182,1.3596919832090977,7.601851851851853e-10,1.286834258983674,10337.329842206456,0.033732984220645676
btc_small_up_9m,0,0.05,0.03,0.0,0.3,20,random,0.055483544991527245,5.548354499152724,0.625,32,-0.0679167887941573,-6.791678879415731,14.748226139756802,1.2358444458330538,3.6822916666666666e-10,0.612271767638549,10554.835449915272,0.055483544991527245
btc_small_up_9m,0,0.04,0.25,0.0,0.05,45,random,0.023165383806323745,2.3165383806323745,0.4444444444444444,9,-0.012911913996528579,-1.291191399652858,28.927675848584453,2.474273372792017,1.5074074074074074e-09,5.154693962571442,10231.653838063237,0.023165383806323745
btc_hl_breakout_8m,0,0.02,0.3,0.0,0.2,60,random,0.060144120966315724,6.014412096631572,0.4,5,-0.07259516820495726,-7.259516820495726,18.28542449797618,3.6256072514699844,2.933333333333333e-09,6.056059707893775,10601.441209663157,0.060144120966315724
btc_hl_breakout_5m,0,0.025,0.02,0.0,0.2,20,random,0.036635963918059566,3.6635963918059566,0.5576923076923077,52,-0.05398953969763276,-5.3989539697632765,14.378472795404297,1.1906420181077189,2.205128205128205e-10,0.3659269357748526,10366.359639180595,0.036635963918059566
btc_hl_breakout_9m,0,0.015,0.1,0.0,0.15,1440,random,0.03446375751720275,3.446375751720275,0.28125,32,-0.05378094844035075,-5.3780948440350755,15.666896989222563,1.3000932116319301,4.229166666666667e-10,0.7419241763069034,10344.637575172028,0.03446375751720275
btc_hl_breakout_10m,0,0.01,0.1,0.0,0.4,15,random,0.07823735344692741,7.823735344692741,0.23076923076923078,39,-0.12999459891456822,-12.999459891456821,14.825191191888967,1.2299481794187783,3.2435897435897436e-10,0.5585893838550987,10782.373534469274,0.07823735344692741
btc_hl_breakout_8m,0,0.035,0.025,0.0,0.1,480,random,0.02807060405738398,2.807060405738398,0.6153846153846154,39,-0.02688319896458924,-2.688319896458924,19.24752986348023,1.3405860913432173,3.307692307692308e-10,0.7259953135476465,10280.70604057384,0.02807060405738398
btc_vol_breakout_2m,0,0.08,0.15,0.0,0.1,180,random,0.02908707152962538,2.908707152962538,0.5555555555555556,9,-0.03707285874265209,-3.7072858742652093,19.00222100702146,1.7708023267552377,1.6018518518518518e-09,3.2656376347308917,10290.870715296254,0.02908707152962538
btc_vol_breakout_8m,0,0.02,0.025,0.0,0.25,720,random,0.04878814889765345,4.878814889765345,0.5,38,-0.06131900704186344,-6.131900704186344,18.277242734444698,1.2928585729901525,2.68859649122807e-10,0.5247806971211253,10487.881488976534,0.04878814889765345
btc_hl_breakout_9m,0,0.025,0.015,0.0,0.3,180,random,0.06145173503901187,6.145173503901187,0.5714285714285714,56,-0.10080197081758635,-10.080197081758635,14.830657093818823,1.1958668837166122,2.0833333333333334e-10,0.38776904830898895,10614.517350390119,0.06145173503901187
btc_vol_breakout_8m,0,0.0125,0.15,0.0,0.05,240,random,0.004898371509385072,0.48983715093850716,0.14285714285714285,21,-0.013777602330211969,-1.3777602330211969,8.238615351010491,1.2182035409880632,5.73015873015873e-10,0.47985037808984893,10048.983715093851,0.004898371509385072
btc_alt_aligned,0,0.06,0.01,0.0,0.25,1440,random,0.06569723289189769,6.569723289189769,0.7924528301886793,53,-0.0908068402443235,-9.080684024432351,17.735863731258384,1.2971153869732064,2.6226415094339624e-10,0.5094576592255943,10656.972328918977,0.06569723289189769
btc_small_up_10m,0,0.035,0.04,0.0,0.1,240,random,0.03807076267695524,3.8070762676955243,0.5294117647058824,34,-0.031109602653575763,-3.1109602653575763,25.684872341620565,1.493467614939156,3.3872549019607846e-10,1.1197800637331992,10380.707626769552,0.03807076267695524
btc_hl_breakout_9m,0,0.025,0.02,0.0,0.5,1440,random,0.17798991284298937,17.798991284298936,0.5686274509803921,51,-0.125187955274771,-12.5187955274771,24.452263047537226,1.3286172530058162,2.2875816993464051e-10,0.7024999593242568,11779.899128429894,0.17798991284298937
btc_hl_breakout_3m,0,0.0175,0.3,0.0,0.1,5,random,0.031397709321279464,3.1397709321279463,0.21428571428571427,14,-0.03385911438291789,-3.3859114382917888,21.142574309793915,1.7489510645335236,1.0059523809523809e-09,2.289273533063688,10313.977093212794,0.031397709321279464
btc_vol_breakout_8m,0,0.01,0.03,0.0,0.25,20,random,0.03522071857161409,3.522071857161409,0.35555555555555557,45,-0.04998047367293479,-4.998047367293479,14.163633149688705,1.2062169573248362,1.9074074074074075e-10,0.3267308012987623,10352.20718571614,0.03522071857161409
btc_hl_breakout_8m,0,0.05,0.01,0.0,0.25,60,random,0.045020976362123745,4.502097636212374,0.74,50,-0.07698904230182291,-7.698904230182291,13.068096978291074,1.2003388667278616,2.4899999999999997e-10,0.3832627504890962,10450.209763621238,0.045020976362123745
btc_hl_breakout_9m,0,0.0075,0.01,0.0,0.15,45,random,-0.018726683534066025,-1.8726683534066024,0.43157894736842106,95,-0.07723760117529166,-7.7237601175291655,-8.626560034436963,0.8967721887227114,9.403508771929824e-11,-0.12413406189930609,9812.73316465934,-0.018726683534066025
btc_vol_breakout_3m,0,0.005,0.08,0.0,0.4,60,random,-0.042342597568120525,-4.234259756812053,0.15384615384615385,52,-0.16363075475486155,-16.363075475486156,-7.308697538512828,0.8751315441008058,1.6987179487179485e-10,-0.16779421130523525,9576.574024318794,-0.042342597568120525
btc_small_up_9m,0,0.0075,0.25,0.0,0.5,360,random,0.20575952645862816,20.575952645862817,0.19047619047619047,21,-0.1252628193561376,-12.52628193561376,26.558432667151852,1.911017097444939,5.658730158730158e-10,2.0243044019376093,12057.595264586282,0.20575952645862816
btc_hl_breakout_3m,0,0.1,0.15,0.0,0.4,45,random,0.14538056133966892,14.538056133966892,0.625,8,-0.12742545749279321,-12.742545749279321,23.35762536014687,1.8706581835372733,1.8041666666666667e-09,4.665814963784139,11453.80561339669,0.14538056133966892
btc_hl_breakout_1m,0,0.0175,0.3,0.0,0.15,720,random,0.04632642970256636,4.6326429702566365,0.21428571428571427,14,-0.050312962659432525,-5.0312962659432525,21.00991138470594,1.72703466577378,9.904761904761906e-10,2.274544051552402,10463.264297025664,0.04632642970256636
btc_vol_breakout_8m,0,0.04,0.08,0.0,0.25,90,random,0.029176339170584334,2.9176339170584336,0.38095238095238093,21,-0.07843926805552148,-7.843926805552148,9.539190768733523,1.1637208856044194,5.968253968253968e-10,0.6234888818675699,10291.763391705843,0.029176339170584334
btc_small_down_10m,0,0.04,0.3,0.0,0.4,10,random,0.18279942572153013,18.27994257215301,0.375,8,-0.12193931207631614,-12.193931207631614,27.22347670695644,2.1403634679967203,1.8041666666666667e-09,5.911793787434927,11827.994257215301,0.18279942572153013
btc_hl_breakout_2m,0,0.035,0.25,0.0,0.2,1440,random,0.053207721920027214,5.320772192002721,0.3076923076923077,13,-0.06632724434400772,-6.632724434400772,18.258543710874747,1.4767226801114026,1.1128205128205129e-09,2.181009587612972,10532.077219200271,0.053207721920027214
btc_bullish,0,0.0125,0.25,0.0,0.25,5,random,0.07904893423327572,7.904893423327572,0.17391304347826086,23,-0.08386274893894574,-8.386274893894575,19.983122438123765,1.6048857376330115,6.050724637681159e-10,1.442864796056057,10790.489342332758,0.07904893423327572
btc_small_down_10m,0,0.015,0.12,0.0,0.4,240,random,0.0818584636609211,8.185846366092111,0.23076923076923078,26,-0.12490354795488257,-12.490354795488257,15.612321250375047,1.3314006069017823,4.820512820512821e-10,0.8703732335848143,10818.584636609212,0.0818584636609211
btc_alt_aligned,0,0.08,0.12,0.0,0.5,45,random,0.16381505459471563,16.381505459471562,0.5,12,-0.16736046502416635,-16.736046502416634,21.681381881641347,1.4750949756691534,1.2236111111111112e-09,2.9521916351810935,11638.150545947155,0.16381505459471563
btc_hl_breakout_4m,0,0.06,0.08,0.0,0.5,5,random,0.1574623981874234,15.74623981874234,0.5294117647058824,17,-0.155227898348419,-15.522789834841898,21.222884405487843,1.4751214365045824,8.264705882352941e-10,1.919605024150255,11574.623981874234,0.1574623981874234
btc_vol_breakout_10m,0,0.04,0.01,0.0,0.4,5,random,0.05632376651106324,5.632376651106323,0.7380952380952381,42,-0.08743838556362193,-8.743838556362194,14.412512735454202,1.2399690236474517,2.0317460317460315e-10,0.354913966063777,10563.237665110631,0.05632376651106324
btc_hl_breakout_10m,0,0.06,0.025,0.0,0.3,10,random,0.09816715806664579,9.816715806664579,0.7,30,-0.07919664063241905,-7.919664063241905,22.532387520039755,1.4736843425399053,4.4222222222222223e-10,1.0930881223446725,10981.671580666458,0.09816715806664579
btc_small_up_9m,0,0.01,0.2,0.0,0.15,45,random,0.01507499133252386,1.507499133252386,0.15384615384615385,26,-0.044677587605869595,-4.4677587605869595,8.328943302659674,1.1764001938931938,4.314102564102564e-10,0.4301061538975179,10150.749913325239,0.01507499133252386
btc_hl_breakout_6m,0,0.02,0.08,0.0,0.3,720,random,-0.03108355429465578,-3.1083554294655777,0.28125,32,-0.11642112083084344,-11.642112083084344,-6.719722400825455,0.879914208173922,4.0364583333333333e-10,-0.2785900261129672,9689.164457053443,-0.03108355429465578
btc_alt_aligned,0,0.08,0.04,0.0,0.05,180,random,0.014490301729168976,1.4490301729168975,0.6818181818181818,22,-0.01788517780904253,-1.788517780904253,18.907965415365425,1.468406128982805,6.583333333333333e-10,1.3235444921520039,10144.90301729169,0.014490301729168976
btc_small_down_10m,0,0.015,0.01,0.0,0.3,30,random,0.056753041595984086,5.675304159598409,0.55,60,-0.062358217856612885,-6.2358217856612885,18.220647136209653,1.2498895236277756,1.1944444444444444e-10,0.32379014483563806,10567.530415959842,0.056753041595984086
btc_small_up_9m,0,0.01,0.2,0.0,0.4,20,random,0.03279705748571846,3.279705748571846,0.15384615384615385,26,-0.11817364973305644,-11.817364973305644,7.844082522580722,1.1360216744899496,4.314102564102564e-10,0.43010615389751755,10327.970574857185,0.03279705748571846
btc_vol_breakout_2m,0,0.035,0.2,0.0,0.05,120,random,0.007561527307113107,0.7561527307113107,0.3076923076923077,13,-0.019956657032506486,-1.9956657032506486,10.759045584685202,1.305558872822674,1.0923076923076922e-09,1.1920262423913641,10075.615273071131,0.007561527307113107
btc_hl_breakout_5m,0,0.0075,0.2,0.0,0.3,30,random,0.081064178253384,8.106417825338399,0.19230769230769232,26,-0.10747352822026568,-10.747352822026567,18.378996851500983,1.4016151044613046,5.314102564102564e-10,1.12076103724357,10810.64178253384,0.081064178253384
btc_hl_breakout_10m,0,0.0075,0.3,0.0,0.4,90,random,0.12682846330686226,12.682846330686226,0.4,5,-0.13443715457032968,-13.443715457032967,20.033118328556792,4.086684901536084,2.9266666666666665e-09,6.378791588376692,11268.284633068622,0.12682846330686226
btc_alt_aligned,0,0.04,0.06,0.0,0.4,1440,random,0.12983415776804458,12.983415776804458,0.45161290322580644,31,-0.1330014404536657,-13.300144045366569,21.31939118217225,1.320301608858977,4.596774193548387e-10,1.097609677161153,11298.341577680447,0.12983415776804458
btc_hl_breakout_7m,0,0.005,0.01,0.0,0.05,15,random,-0.01210057963608565,-1.2100579636085649,0.37962962962962965,108,-0.032472890346827765,-3.2472890346827765,-19.566068249115894,0.7938146104505801,8.132716049382717e-11,-0.22361245037057167,9878.994203639144,-0.01210057963608565
btc_hl_breakout_2m,0,0.1,0.08,0.0,0.25,1440,random,0.07579467744211392,7.579467744211392,0.6153846153846154,13,-0.08110967342663411,-8.110967342663411,20.217207970869193,1.5916296893220794,1.0782051282051283e-09,2.377080611154359,10757.94677442114,0.07579467744211392
btc_hl_breakout_4m,0,0.005,0.08,0.0,0.3,90,random,0.003907635023383637,0.39076350233836366,0.1836734693877551,49,-0.10015199430586874,-10.015199430586874,2.143297497645615,1.017038426755512,2.2414965986394557e-10,0.05640628402916802,10039.076350233836,0.003907635023383637
btc_vol_breakout_9m,0,0.015,0.025,0.0,0.5,360,random,0.10878419011219348,10.878419011219348,0.45,40,-0.09756018737342409,-9.756018737342409,21.23364259169582,1.3187652624724826,2.2583333333333335e-10,0.5580310424021949,11087.841901121934,0.10878419011219348
btc_hl_breakout_8m,0,0.08,0.025,0.0,0.2,5,random,0.04785782074879462,4.785782074879462,0.72,25,-0.05986749366618771,-5.9867493666187706,16.721427445339113,1.3722633451679382,5.5e-10,0.9796598679241496,10478.578207487946,0.04785782074879462
btc_hl_breakout_1m,0,0.1,0.03,0.0,0.2,45,random,0.06711857164450889,6.7118571644508895,0.76,25,-0.06163832994823404,-6.163832994823403,22.66835830408261,1.5073735468065996,5.54e-10,1.3502795631169147,10671.185716445088,0.06711857164450889
btc_hl_breakout_6m,0,0.05,0.04,0.0,0.4,120,random,0.02536469012971338,2.536469012971338,0.5483870967741935,31,-0.1484794578939439,-14.847945789394391,6.184778370037006,1.0672610734250687,4.327956989247312e-10,0.2834040672964245,10253.646901297134,0.02536469012971338
btc_small_up_9m,0,0.03,0.25,0.0,0.2,1440,random,0.08608333702794398,8.608333702794397,0.4,10,-0.0564512150149975,-5.64512150149975,27.064388024951743,2.174200897503269,1.3666666666666667e-09,4.346924281716691,10860.83337027944,0.08608333702794398
btc_hl_breakout_1m,0,0.03,0.2,0.0,0.5,45,random,0.0028549337634551195,0.285493376345512,0.25,16,-0.18600919609665423,-18.60091960966542,2.398882855508612,1.0086838987436713,8.864583333333333e-10,0.29529895954284546,10028.549337634551,0.0028549337634551195
btc_hl_breakout_2m,0,0.04,0.02,0.0,0.1,480,random,0.017041403011417253,1.7041403011417253,0.6428571428571429,42,-0.027845494325542286,-2.7845494325542286,13.170979149877635,1.199142746139279,2.841269841269841e-10,0.41514490340354904,10170.414030114172,0.017041403011417253
btc_small_up_10m,0,0.025,0.08,0.0,0.05,60,random,0.011319709853061903,1.1319709853061903,0.34615384615384615,26,-0.018267779913388793,-1.8267779913388793,15.57406943295528,1.3238674745913976,4.673076923076923e-10,0.8801791365298658,10113.19709853062,0.011319709853061903
btc_hl_breakout_2m,0,0.02,0.035,0.0,0.25,10,random,0.05046247574219156,5.046247574219156,0.45652173913043476,46,-0.06621067599018726,-6.621067599018726,15.568309633590987,1.2147000036325575,2.8007246376811596e-10,0.45729535097995655,10504.624757421916,0.05046247574219156
btc_small_up_10m,0,0.0175,0.12,0.0,0.25,1440,random,0.06594227808028058,6.594227808028058,0.25,28,-0.08908919597202514,-8.908919597202514,18.44685929251615,1.371073256750837,4.125e-10,0.9900550624923229,10659.422780802806,0.06594227808028058
btc_vol_breakout_2m,0,0.0075,0.05,0.0,0.5,120,random,-0.024079692074965804,-2.4079692074965804,0.21428571428571427,56,-0.16885039663342927,-16.885039663342926,-2.057198735929211,0.9492987627574658,2.011904761904762e-10,-0.03823369093709775,9759.203079250343,-0.024079692074965804
btc_hl_breakout_8m,0,0.06,0.3,0.0,0.25,240,random,0.0681406309891765,6.81406309891765,0.6666666666666666,3,-0.09432898889746222,-9.432898889746221,17.095140322220594,4.627290295705293,4.922222222222222e-09,9.19553729272019,10681.406309891765,0.0681406309891765
btc_hl_breakout_4m,0,0.05,0.01,0.0,0.25,10,random,0.027838648821385915,2.7838648821385914,0.7358490566037735,53,-0.07806658953806556,-7.806658953806556,9.179694439353758,1.119495318257552,2.3144654088050316e-10,0.23361737650780867,10278.386488213859,0.027838648821385915
btc_hl_breakout_3m,0,0.05,0.06,0.0,0.1,1440,random,0.017802846568178644,1.7802846568178643,0.5,24,-0.0368694258437029,-3.6869425843702897,13.355174468617546,1.2308839655502593,5.784722222222223e-10,0.7640198747810324,10178.028465681786,0.017802846568178644
btc_vol_breakout_2m,0,0.015,0.035,0.0,0.1,45,random,0.020080615433893365,2.0080615433893367,0.4117647058823529,51,-0.0270197322506478,-2.70197322506478,15.939995403220825,1.2253464487441446,2.2483660130718954e-10,0.4000969832170844,10200.806154338934,0.020080615433893365
btc_small_down_10m,0,0.03,0.3,0.0,0.2,5,random,0.0929563306813779,9.295633068137791,0.3333333333333333,9,-0.05515612419559124,-5.515612419559124,29.172018873640187,2.5443613965581355,1.5648148148148147e-09,5.221751755366908,10929.56330681378,0.0929563306813779
btc_vol_breakout_2m,0,0.005,0.015,0.0,0.4,15,random,-0.06811397796097075,-6.811397796097076,0.3469387755102041,98,-0.14680735158196678,-14.68073515819668,-13.822155291886085,0.84799122556101,8.248299319727892e-11,-0.1636414218008218,9318.860220390292,-0.06811397796097075
btc_hl_breakout_8m,0,0.02,0.15,0.0,0.5,5,random,0.10806097857104133,10.806097857104133,0.2631578947368421,19,-0.1631822407579171,-16.31822407579171,15.50687172902326,1.3622272311536119,7.236842105263158e-10,1.2939856989029914,11080.609785710414,0.10806097857104133
btc_vol_breakout_2m,0,0.0125,0.08,0.0,0.05,15,random,0.013294736873482543,1.3294736873482542,0.30303030303030304,33,-0.01815753624835703,-1.8157536248357031,18.96353606253381,1.3939038174128362,4e-10,0.8108406473067005,10132.947368734825,0.013294736873482543
btc_hl_breakout_7m,0,0.0075,0.2,0.0,0.5,45,random,0.10762334445615888,10.762334445615888,0.1724137931034483,29,-0.1906060326167136,-19.06060326167136,15.732760079475943,1.2822302244241086,4.706896551724138e-10,0.8820276168889741,11076.233444561589,0.10762334445615888
btc_hl_breakout_10m,0,0.0175,0.06,0.0,0.15,360,random,0.025133238756105947,2.513323875610595,0.3,40,-0.05458151242804321,-5.4581512428043215,11.502486063764296,1.1711266589647213,3.225e-10,0.444741893636577,10251.332387561059,0.025133238756105947
btc_hl_breakout_10m,0,0.1,0.03,0.0,0.15,180,random,0.047109882773724576,4.710988277372458,0.76,25,-0.0523445183162371,-5.23445183162371,21.559941030657967,1.4998726926882548,5.513333333333333e-10,1.2646018224527258,10471.098827737245,0.047109882773724576
btc_hl_breakout_8m,0,0.005,0.06,0.0,0.2,60,random,-0.007818375393325345,-0.7818375393325345,0.16393442622950818,61,-0.10521466376547006,-10.521466376547007,-1.9032463824178296,0.9610628613833849,1.8360655737704919e-10,-0.04211594247382599,9921.816246066746,-0.007818375393325345
btc_small_down_10m,0,0.0125,0.1,0.0,0.15,5,random,0.04737445441211828,4.737445441211828,0.3,30,-0.045325036102308536,-4.532503610230854,22.682239865053244,1.490863024560787,4.2555555555555557e-10,1.0625467607311396,10473.744544121182,0.04737445441211828
btc_hl_breakout_10m,0,0.0125,0.1,0.0,0.05,240,random,0.01374654589239326,1.374654589239326,0.28125,32,-0.0173804378986111,-1.73804378986111,18.14420633107074,1.3912510906592583,4.166666666666667e-10,0.865693395309475,10137.465458923933,0.01374654589239326
btc_hl_breakout_4m,0,0.04,0.03,0.0,0.1,45,random,0.02633555842208125,2.633555842208125,0.6097560975609756,41,-0.026796745700932267,-2.6796745700932267,19.353632442982903,1.2988325515091284,3.2398373983739833e-10,0.6483703114301107,10263.355584220812,0.02633555842208125
btc_vol_breakout_9m,0,0.03,0.02,0.0,0.3,120,random,0.10445595675316377,10.445595675316376,0.6388888888888888,36,-0.045904734065807196,-4.59047340658072,32.18420722079531,1.6301912012708688,2.314814814814815e-10,0.9479079524569932,11044.559567531638,0.10445595675316377
btc_hl_breakout_6m,0,0.035,0.035,0.0,0.25,1440,random,0.015691521090994046,1.5691521090994045,0.5142857142857142,35,-0.08908056028057998,-8.908056028057999,5.627414430702812,1.0725811750088539,3.7190476190476186e-10,0.21359696459010766,10156.915210909941,0.015691521090994046
btc_alt_aligned,0,0.025,0.2,0.0,0.05,5,random,0.013948226429885273,1.3948226429885273,0.2777777777777778,18,-0.017523649694511922,-1.7523649694511922,17.793191435010755,1.4792404040926406,8.083333333333333e-10,1.569880666430044,10139.482264298853,0.013948226429885273
btc_vol_breakout_8m,0,0.1,0.02,0.0,0.2,10,random,0.0273448082765668,2.73448082765668,0.7692307692307693,26,-0.04588548791366076,-4.588548791366076,12.700763653313723,1.2279103571686716,4.185897435897436e-10,0.5570476378875682,10273.448082765668,0.0273448082765668
btc_small_up_9m,0,0.06,0.035,0.0,0.2,720,random,0.04684980453853348,4.684980453853347,0.6428571428571429,28,-0.05697148776046457,-5.697148776046457,16.88878487112132,1.3005306312741343,4.351190476190476e-10,0.8611472899577914,10468.498045385335,0.04684980453853348
btc_vol_breakout_8m,0,0.04,0.03,0.0,0.3,120,random,0.061530950775046674,6.153095077504667,0.5806451612903226,31,-0.06355654262431709,-6.35565426243171,18.284665387060873,1.2909859738332752,3.6612903225806455e-10,0.6826517539964297,10615.309507750466,0.061530950775046674
btc_vol_breakout_10m,0,0.0175,0.12,0.0,0.2,240,random,0.06966263500598545,6.9662635005985445,0.25,20,-0.04166337482386806,-4.1663374823868065,27.107513596753897,1.7970910482565918,6.108333333333333e-10,1.7535405872609489,10696.626350059854,0.06966263500598545
btc_vol_breakout_3m,0,0.04,0.1,0.0,0.1,90,random,0.01566242249299403,1.566242249299403,0.3888888888888889,18,-0.03466099912684828,-3.466099912684828,11.455955670435765,1.2356175954777726,7.314814814814814e-10,0.9103628893333807,10156.62422492994,0.01566242249299403
btc_hl_breakout_4m,0,0.08,0.035,0.0,0.2,180,random,0.0771188697563051,7.7118869756305095,0.7307692307692307,26,-0.05600486222822176,-5.600486222822177,25.595353534659612,1.5844135909142512,5.397435897435897e-10,1.4756834207100713,10771.188697563051,0.0771188697563051
btc_vol_breakout_8m,0,0.02,0.06,0.0,0.3,15,random,0.01934686558416297,1.9346865584162969,0.3076923076923077,26,-0.0742532296641687,-7.42532296641687,6.517340227275732,1.1070192065654259,4.237179487179487e-10,0.28948139772206266,10193.468655841629,0.01934686558416297
btc_hl_breakout_3m,0,0.03,0.025,0.0,0.3,240,random,0.06278045511009313,6.278045511009313,0.5714285714285714,42,-0.06982287381766206,-6.982287381766206,16.247402506285937,1.2316640631313494,3.0912698412698413e-10,0.5203348507855524,10627.804551100931,0.06278045511009313
btc_hl_breakout_8m,0,0.01,0.05,0.0,0.1,5,random,0.0002808148955133447,0.02808148955133447,0.23076923076923078,52,-0.039799869919398545,-3.9799869919398545,0.6166264361409372,1.0030486148126896,2.2724358974358975e-10,0.017468616696503715,10002.808148955133,0.0002808148955133447
btc_vol_breakout_9m,0,0.04,0.01,0.0,0.25,180,random,0.03841825202305804,3.841825202305804,0.7441860465116279,43,-0.05530312389348291,-5.530312389348291,15.297766692431933,1.270473850340452,2.0232558139534884e-10,0.3684594891448996,10384.18252023058,0.03841825202305804
btc_hl_breakout_5m,0,0.08,0.025,0.0,0.2,1440,random,0.05613428554813247,5.613428554813247,0.7307692307692307,26,-0.059867493666189264,-5.986749366618927,19.294253033499214,1.4271827641892467,5.25e-10,1.094598397807999,10561.342855481325,0.05613428554813247
btc_vol_breakout_8m,0,0.0125,0.03,0.0,0.25,20,random,0.048390191253670715,4.839019125367072,0.40476190476190477,42,-0.054608497891811325,-5.4608497891811325,18.652137160136135,1.2885151683966256,2.1547619047619048e-10,0.47074998578044,10483.901912536707,0.048390191253670715
btc_hl_breakout_7m,0,0.04,0.06,0.0,0.15,15,random,0.03424169472441106,3.4241694724411063,0.4444444444444444,27,-0.0541637517606971,-5.41637517606971,15.209277820102564,1.262587419188576,4.938271604938271e-10,0.8771623076190886,10342.41694724411,0.03424169472441106
btc_small_down_10m,0,0.02,0.01,0.0,0.1,5,random,0.029011913058231857,2.9011913058231857,0.6071428571428571,56,-0.01869191433066264,-1.869191433066264,26.927311736440625,1.4301605806718356,1.2946428571428573e-10,0.5173698281485831,10290.11913058232,0.029011913058231857
btc_vol_breakout_2m,0,0.015,0.15,0.0,0.5,180,random,0.0833893568263763,8.33893568263763,0.22727272727272727,22,-0.1703334212820531,-17.03334212820531,13.656670999469076,1.273612477089523,6.015151515151516e-10,0.9120755863305521,10833.893568263764,0.0833893568263763
btc_hl_breakout_2m,0,0.04,0.04,0.0,0.25,5,random,0.07468866554992465,7.468866554992465,0.5588235294117647,34,-0.07558032528433523,-7.558032528433523,22.008039082307196,1.3430673090719953,3.9901960784313726e-10,0.8939994140911693,10746.886655499246,0.07468866554992465
btc_hl_breakout_3m,0,0.0075,0.3,0.0,0.25,60,random,0.06339735923263992,6.3397359232639925,0.15,20,-0.09401615358441695,-9.401615358441695,17.567685931993246,1.515030613677529,6.783333333333334e-10,1.3662365206541827,10633.9735923264,0.06339735923263992
btc_hl_breakout_9m,0,0.1,0.25,0.0,0.2,120,random,0.06627039124912833,6.627039124912833,0.375,8,-0.07735698693157445,-7.7356986931574445,20.47808182004719,1.5898979407653104,1.8375e-09,4.38990284369927,10662.703912491283,0.06627039124912833
btc_hl_breakout_4m,0,0.04,0.2,0.0,0.1,180,random,0.04974573492168772,4.974573492168772,0.45454545454545453,11,-0.029049220246728624,-2.9049220246728624,31.093290843679448,2.269562533923429,1.3287878787878789e-09,4.513530365706498,10497.457349216877,0.04974573492168772
btc_hl_breakout_3m,0,0.01,0.015,0.0,0.1,720,random,0.005405659074221808,0.5405659074221808,0.47368421052631576,76,-0.03205555524907111,-3.205555524907111,4.7454518440800895,1.0535010347816938,1.2653508771929824e-10,0.07699246189225975,10054.056590742219,0.005405659074221808
btc_hl_breakout_5m,0,0.05,0.015,0.0,0.25,1440,random,0.01056559368377566,1.0565593683775658,0.6818181818181818,44,-0.09475748858386379,-9.475748858386378,4.084878467441109,1.044692979061922,2.9469696969696975e-10,0.12736762889608563,10105.655936837757,0.01056559368377566
btc_vol_breakout_3m,0,0.1,0.08,0.0,0.2,10,random,0.06663670153497521,6.663670153497521,0.6363636363636364,11,-0.065283972868167,-6.5283972868167,22.162661588582328,1.7394058127767327,1.2742424242424242e-09,3.055817332801292,10666.367015349751,0.06663670153497521
btc_hl_breakout_9m,0,0.03,0.1,0.0,0.4,10,random,0.062397141945187196,6.23971419451872,0.36,25,-0.1582591861571494,-15.82591861571494,11.827104169771294,1.1801632584492077,5.326666666666667e-10,0.727952622864202,10623.971419451871,0.062397141945187196
btc_hl_breakout_1m,0,0.0175,0.08,0.0,0.5,30,random,0.039674180514396175,3.9674180514396173,0.32142857142857145,28,-0.16053969855923012,-16.05396985592301,8.08705898785284,1.1116220044399339,4.696428571428571e-10,0.36707436395227494,10396.741805143962,0.039674180514396175
btc_vol_breakout_10m,0,0.04,0.02,0.0,0.15,360,random,0.04057110233939033,4.057110233939033,0.6666666666666666,33,-0.02789350887176012,-2.789350887176012,25.27393336926548,1.4971774892982588,2.585858585858586e-10,0.8192368965648268,10405.711023393904,0.04057110233939033
btc_vol_breakout_3m,0,0.0175,0.05,0.0,0.5,360,random,0.009648884755703784,0.9648884755703784,0.3333333333333333,36,-0.15853859164439388,-15.853859164439388,3.3815797334854962,1.022227850767059,3.1666666666666666e-10,0.12890082322796645,10096.488847557037,0.009648884755703784
btc_small_up_9m,0,0.0125,0.12,0.0,0.3,20,random,0.05001913658101084,5.001913658101084,0.21428571428571427,28,-0.08696259878882684,-8.696259878882683,13.601058339913495,1.2634335863637711,3.803571428571429e-10,0.6600872550839499,10500.191365810108,0.05001913658101084
btc_vol_breakout_3m,0,0.01,0.05,0.0,0.5,60,random,-0.04024559941351008,-4.024559941351008,0.26,50,-0.1547001730715134,-15.470017307151341,-5.26659622709762,0.9109759652071479,2.0733333333333332e-10,-0.11516418118190938,9597.5440058649,-0.04024559941351008
btc_hl_breakout_6m,0,0.02,0.1,0.0,0.4,360,random,0.015716680584516963,1.5716680584516962,0.26666666666666666,30,-0.14213683750342498,-14.213683750342499,4.443070055257225,1.048570512207897,4.527777777777778e-10,0.2125891659848494,10157.166805845169,0.015716680584516963
btc_hl_breakout_4m,0,0.06,0.045,0.0,0.4,180,random,0.14483434253507704,14.483434253507705,0.6538461538461539,26,-0.12571088037599865,-12.571088037599864,23.915263677193742,1.4569432567927878,5.294871794871795e-10,1.4054149681508337,11448.34342535077,0.14483434253507704
btc_small_down_10m,0,0.0125,0.05,0.0,0.15,30,random,0.015720773760752194,1.5720773760752194,0.325,40,-0.030090870454501095,-3.0090870454501095,8.7202692647258,1.1430431613616454,2.6958333333333336e-10,0.2759481703309333,10157.207737607521,0.015720773760752194
btc_hl_breakout_9m,0,0.0125,0.025,0.0,0.4,60,random,0.08851928869482963,8.851928869482963,0.4126984126984127,63,-0.1120945765493987,-11.20945765493987,16.341071651294698,1.1901561524398203,1.8015873015873017e-10,0.37570483422470297,10885.192886948296,0.08851928869482963
btc_vol_breakout_10m,0,0.1,0.25,0.0,0.3,360,random,0.09599615936230799,9.599615936230798,0.6,5,-0.09674069262631346,-9.674069262631345,20.427115763581646,2.181673530639099,2.9433333333333333e-09,6.605717526282291,10959.96159362308,0.09599615936230799
btc_bullish,0,0.03,0.03,0.0,0.4,720,random,0.09420822918062272,9.420822918062271,0.5111111111111111,45,-0.10610811193252334,-10.610811193252335,16.71064882709396,1.2159092961764044,2.9333333333333335e-10,0.5612033150461081,10942.082291806228,0.09420822918062272
btc_alt_aligned,0,0.02,0.02,0.0,0.05,30,random,0.008364541315862716,0.8364541315862716,0.5151515151515151,66,-0.016541504915853822,-1.6541504915853822,11.244042750957243,1.1454782051296648,2.068181818181818e-10,0.2577307716066024,10083.645413158627,0.008364541315862716
btc_hl_breakout_7m,0,0.0175,0.3,0.0,0.4,90,random,0.15798201717216517,15.798201717216518,0.2,15,-0.14014674681611916,-14.014674681611917,24.174309100387287,1.8224906962533287,9.4e-10,2.811461776630679,11579.82017172165,0.15798201717216517
btc_vol_breakout_9m,0,0.03,0.035,0.0,0.15,1440,random,0.026381143195231653,2.638114319523165,0.5333333333333333,30,-0.043247437358517105,-4.32474373585171,14.585368846193424,1.263425586464852,3.6222222222222225e-10,0.601092057687007,10263.811431952316,0.026381143195231653
btc_small_down_10m,0,0.03,0.045,0.0,0.2,180,random,0.020572567428751267,2.0572567428751265,0.42857142857142855,28,-0.05098258011227974,-5.0982580112279745,9.191059832393973,1.160163504103351,4.125e-10,0.3911814896757156,10205.725674287512,0.020572567428751267
btc_hl_breakout_3m,0,0.06,0.05,0.0,0.05,480,random,0.012926749002291052,1.2926749002291051,0.6,20,-0.018223238334839742,-1.8223238334839742,17.09974583184602,1.4513062873847231,7.066666666666666e-10,1.300145754978835,10129.26749002291,0.012926749002291052
btc_hl_breakout_7m,0,0.0125,0.035,0.0,0.1,5,random,0.02389939203742381,2.389939203742381,0.3620689655172414,58,-0.032835215894254643,-3.2835215894254643,16.51676160495319,1.2285144998165307,2.0258620689655172e-10,0.4191840144158494,10238.993920374238,0.02389939203742381
btc_small_down_10m,0,0.05,0.1,0.0,0.4,10,random,0.09795071835868284,9.795071835868283,0.47058823529411764,17,-0.1337067854682299,-13.37067854682299,18.304345624407198,1.3860966201309368,8.03921568627451e-10,1.5331327097420993,10979.50718358683,0.09795071835868284
btc_hl_breakout_1m,0,0.02,0.03,0.0,0.2,45,random,0.03522118972322289,3.522118972322289,0.46808510638297873,47,-0.05503700191424332,-5.503700191424333,13.75646776685879,1.1873808554034793,2.6879432624113477e-10,0.3910073354882174,10352.21189723223,0.03522118972322289
btc_bullish,0,0.03,0.1,0.0,0.3,480,random,0.09794557745319243,9.794557745319244,0.36,25,-0.09557456787158425,-9.557456787158426,21.442691801165022,1.4003037346288645,5.553333333333334e-10,1.3608481092907905,10979.455774531925,0.09794557745319243
btc_hl_breakout_2m,0,0.08,0.05,0.0,0.05,20,random,0.0193765101613255,1.9376510161325502,0.6666666666666666,21,-0.017167965604508284,-1.7167965604508284,25.44139010492082,1.6444681381772308,6.746031746031746e-10,1.8458772617519132,10193.765101613255,0.0193765101613255
btc_hl_breakout_5m,0,0.005,0.3,0.0,0.25,60,random,0.1276968231647818,12.769682316478178,0.1875,16,-0.08693919828503172,-8.693919828503171,30.56802954153737,3.137587952958557,8.65625e-10,3.1614708103269313,11276.968231647817,0.1276968231647818
btc_vol_breakout_2m,0,0.05,0.15,0.0,0.3,720,random,0.05066452575950575,5.066452575950575,0.38461538461538464,13,-0.10297003557358442,-10.297003557358442,12.904461425852231,1.2891966927375325,1.0987179487179487e-09,1.4692400273704247,10506.645257595057,0.05066452575950575
btc_hl_breakout_2m,0,0.015,0.3,0.0,0.5,60,random,0.1443162069546236,14.43162069546236,0.2,15,-0.16180515958897257,-16.180515958897256,20.436409866578465,1.6018464238794061,9.522222222222222e-10,2.144573108018201,11443.162069546237,0.1443162069546236
btc_hl_breakout_9m,0,0.1,0.04,0.0,0.4,480,random,0.10625107486916818,10.625107486916818,0.7142857142857143,21,-0.15022017644771868,-15.022017644771868,18.29134858111137,1.3805594681090858,6.658730158730158e-10,1.3312248679690766,11062.510748691682,0.10625107486916818
btc_hl_breakout_9m,0,0.08,0.035,0.0,0.15,720,random,0.045796887778582825,4.579688777858283,0.6956521739130435,23,-0.04791696900775888,-4.791696900775888,20.541138517291195,1.5017171170258765,6.181159420289856e-10,1.3349772931551849,10457.968877785828,0.045796887778582825
btc_hl_breakout_8m,0,0.015,0.08,0.0,0.4,15,random,0.037971947497981225,3.7971947497981224,0.2857142857142857,35,-0.14048540929247966,-14.048540929247967,8.05740861735257,1.1104277289317603,3.6857142857142854e-10,0.3402919258355463,10379.719474979813,0.037971947497981225
btc_hl_breakout_4m,0,0.0075,0.06,0.0,0.4,1440,random,-0.010874479790786791,-1.087447979078679,0.22,50,-0.14050886491944548,-14.050886491944548,-0.4632516453604846,0.9727414336621896,2.473333333333333e-10,-0.002872545819262204,9891.255202092132,-0.010874479790786791
btc_hl_breakout_9m,0,0.005,0.25,0.0,0.15,30,random,0.03651257640871434,3.651257640871434,0.08333333333333333,36,-0.06506342620814365,-6.506342620814365,15.564973395846547,1.4002361437351656,3.412037037037037e-10,0.7148947680206994,10365.125764087143,0.03651257640871434
btc_hl_breakout_8m,0,0.05,0.3,0.0,0.15,360,random,0.040993015492167544,4.099301549216754,0.5,4,-0.05881832902809925,-5.881832902809925,16.42322065633561,3.0014409563621602,3.6833333333333332e-09,6.908038914173126,10409.930154921676,0.040993015492167544
btc_small_down_10m,0,0.035,0.035,0.0,0.15,720,random,0.01903923124654855,1.903923124654855,0.5483870967741935,31,-0.04162462070801065,-4.162462070801065,10.43728087119643,1.1832986326179218,3.639784946236559e-10,0.4269017941027257,10190.392312465485,0.01903923124654855
btc_hl_breakout_1m,0,0.03,0.3,0.0,0.25,1440,random,0.10197906236561116,10.197906236561117,0.3,10,-0.09069625457795372,-9.069625457795372,24.4378457938418,1.966771644088491,1.4316666666666668e-09,4.222401786586767,11019.790623656112,0.10197906236561116
btc_vol_breakout_9m,0,0.1,0.02,0.0,0.4,480,random,0.05303601868428541,5.303601868428541,0.7692307692307693,26,-0.09067169872076997,-9.067169872076997,12.871525361878419,1.211177419952582,3.987179487179487e-10,0.5734692699218409,10530.360186842854,0.05303601868428541
btc_hl_breakout_4m,0,0.03,0.15,0.0,0.25,360,random,0.10920474145470781,10.92047414547078,0.4,15,-0.08894985880847384,-8.894985880847383,27.37725505551665,1.8429997481307143,9.511111111111112e-10,2.925330999939526,11092.047414547078,0.10920474145470781
btc_hl_breakout_3m,0,0.015,0.3,0.0,0.15,60,random,0.045811958314893875,4.581195831489388,0.2,15,-0.051894505578679806,-5.18945055786798,20.35497015723279,1.705879303282104,9.477777777777779e-10,2.1030125890083875,10458.119583148939,0.045811958314893875
btc_vol_breakout_3m,0,0.0125,0.01,0.0,0.4,720,random,0.05711064195155995,5.711064195155995,0.5945945945945946,74,-0.11420957326911696,-11.420957326911696,12.894135137797946,1.158149532302863,1.0225225225225225e-10,0.210381790364711,10571.1064195156,0.05711064195155995
btc_hl_breakout_3m,0,0.1,0.15,0.0,0.4,90,random,0.14538056133966892,14.538056133966892,0.625,8,-0.12742545749279321,-12.742545749279321,23.35762536014687,1.8706581835372733,1.8041666666666667e-09,4.665814963784139,11453.80561339669,0.14538056133966892
btc_hl_breakout_2m,0,0.03,0.05,0.0,0.2,30,random,0.017954158063221006,1.7954158063221006,0.42424242424242425,33,-0.08309738996604321,-8.30973899660432,7.332486768347781,1.100910405742495,4.181818181818182e-10,0.3074321229810805,10179.54158063221,0.017954158063221006
btc_small_up_9m,0,0.015,0.08,0.0,0.1,10,random,0.00851533069246883,0.851533069246883,0.25806451612903225,31,-0.03312524798721139,-3.3125247987211393,6.931668200320929,1.1239309113436782,3.5537634408602154e-10,0.2916298918376655,10085.153306924689,0.00851533069246883
btc_hl_breakout_9m,0,0.015,0.08,0.0,0.3,60,random,0.023511530248227927,2.3511530248227928,0.2857142857142857,35,-0.11006586383353523,-11.006586383353522,6.653528872718016,1.0936799698067217,3.6809523809523806e-10,0.2744807116136924,10235.11530248228,0.023511530248227927
btc_hl_breakout_9m,0,0.08,0.01,0.0,0.1,180,random,0.028598183717728376,2.8598183717728376,0.8292682926829268,41,-0.028621423057756945,-2.8621423057756945,19.52673682038199,1.441640376353111,3.16260162601626e-10,0.7015464877500637,10285.981837177284,0.028598183717728376
btc_hl_breakout_6m,0,0.005,0.03,0.0,0.05,5,random,-0.0007014929271946187,-0.07014929271946187,0.2619047619047619,84,-0.025976158234292113,-2.5976158234292113,-0.8349345072073802,0.9873971249495885,1.1924603174603176e-10,-0.01327527603758092,9992.985070728053,-0.0007014929271946187
btc_hl_breakout_6m,0,0.04,0.15,0.0,0.4,10,random,0.10166032550186456,10.166032550186456,0.38461538461538464,13,-0.1388278792582739,-13.882787925827389,17.3427177657766,1.4633909597242296,1.0897435897435898e-09,2.127547923052522,11016.603255018646,0.10166032550186456
btc_vol_breakout_9m,0,0.0125,0.2,0.0,0.1,15,random,0.018461092894436003,1.8461092894436002,0.14285714285714285,21,-0.027479681856148463,-2.7479681856148463,15.10319017613071,1.3879766675569312,5.777777777777777e-10,0.9090884193206394,10184.61092894436,0.018461092894436003
btc_hl_breakout_10m,0,0.08,0.06,0.0,0.5,45,random,0.1340134003161512,13.401340031615119,0.6,15,-0.1633924579369077,-16.339245793690772,18.73079737402393,1.4538733598204383,9.655555555555555e-10,1.8824250328401335,11340.134003161511,0.1340134003161512
btc_hl_breakout_4m,0,0.025,0.025,0.0,0.05,90,random,0.012741547866451713,1.2741547866451712,0.5625,48,-0.011319343920491942,-1.1319343920491942,19.199238756786524,1.294684939105192,2.645833333333333e-10,0.5334356724977252,10127.415478664518,0.012741547866451713
btc_hl_breakout_5m,0,0.025,0.1,0.0,0.3,180,random,0.042865563749135166,4.286556374913516,0.3333333333333333,27,-0.10010428728374676,-10.010428728374677,11.156508315401732,1.1737291203748117,5.067901234567901e-10,0.5976667242385786,10428.655637491353,0.042865563749135166
btc_vol_breakout_8m,0,0.1,0.15,0.0,0.1,360,random,0.020963317301740402,2.09633173017404,0.5714285714285714,7,-0.03308519003950994,-3.3085190039509937,15.422438770366364,1.5881673032727959,1.973809523809524e-09,3.0710377772393027,10209.633173017404,0.020963317301740402
btc_vol_breakout_9m,0,0.02,0.045,0.0,0.25,360,random,0.028795579628341467,2.879557962834147,0.4,30,-0.05178646362016592,-5.178646362016592,10.914277448680174,1.1953287073102683,3.5222222222222223e-10,0.40625113153768233,10287.955796283415,0.028795579628341467
btc_alt_aligned,0,0.08,0.025,0.0,0.2,5,random,0.059586786250970886,5.958678625097089,0.7407407407407407,27,-0.0618983149968072,-6.18983149968072,19.907929143138496,1.4214922842346922,5.333333333333334e-10,1.1209835303965727,10595.867862509709,0.059586786250970886
btc_hl_breakout_8m,0,0.01,0.2,0.0,0.25,240,random,0.06201083495953412,6.201083495953412,0.1724137931034483,29,-0.08794762098011977,-8.794762098011976,17.29492332028941,1.347751941781041,4.5114942528735635e-10,0.9327347644619097,10620.10834959534,0.06201083495953412
btc_hl_breakout_1m,0,0.0075,0.02,0.0,0.15,240,random,-0.011326805480449275,-1.1326805480449276,0.3815789473684211,76,-0.06267931159633378,-6.2679311596333775,-5.670373350280342,0.9311819361209315,1.293859649122807e-10,-0.09099086369586705,9886.731945195508,-0.011326805480449275
btc_hl_breakout_4m,0,0.0125,0.25,0.0,0.15,480,random,0.04990060859145985,4.990060859145985,0.21052631578947367,19,-0.04783015299398319,-4.783015299398318,22.37625542826031,1.6208273975514422,7.359649122807017e-10,1.8103813092500265,10499.006085914598,0.04990060859145985
btc_hl_breakout_4m,0,0.03,0.015,0.0,0.05,360,random,0.01105960355772674,1.1059603557726738,0.6296296296296297,54,-0.01285818209333689,-1.285818209333689,16.76424769782325,1.2526448820125617,2.0864197530864197e-10,0.41240845256971803,10110.596035577268,0.01105960355772674
btc_vol_breakout_3m,0,0.03,0.01,0.0,0.05,480,random,0.011885409305485609,1.1885409305485608,0.7192982456140351,57,-0.011699440127626248,-1.1699440127626248,18.686935455400626,1.3171734962882036,1.7953216374269007e-10,0.41884577286844327,10118.854093054855,0.011885409305485609
btc_bullish,0,0.015,0.12,0.0,0.1,10,random,0.027261767259501208,2.7261767259501206,0.2413793103448276,29,-0.02995225306236249,-2.995225306236249,17.568976001211656,1.4032910803302394,4.741379310344828e-10,0.9586071377516523,10272.617672595012,0.027261767259501208
btc_hl_breakout_7m,0,0.025,0.15,0.0,0.5,360,random,0.2051639561181406,20.51639561181406,0.3333333333333333,18,-0.15699678837515751,-15.699678837515751,26.10428116445527,1.6695898098495479,8.009259259259259e-10,2.3308719808250404,12051.639561181406,0.2051639561181406
btc_small_up_10m,0,0.03,0.025,0.0,0.3,60,random,0.056677024433319956,5.667702443331995,0.5263157894736842,38,-0.08913885420376888,-8.913885420376888,14.30669093174943,1.2220074614246899,2.842105263157895e-10,0.5277424999453894,10566.7702443332,0.056677024433319956
btc_vol_breakout_10m,0,0.025,0.15,0.0,0.3,90,random,0.07517786305741647,7.517786305741647,0.3076923076923077,13,-0.061578498360222444,-6.157849836022244,20.71987394368135,1.7254054710747135,9.41025641025641e-10,2.001640129406191,10751.778630574165,0.07517786305741647
btc_hl_breakout_1m,0,0.06,0.2,0.0,0.25,360,random,0.03089640981321195,3.0896409813211947,0.4,10,-0.09393363254459486,-9.393363254459485,9.61180722936439,1.251222121963877,1.46e-09,1.4104751998860385,10308.964098132119,0.03089640981321195
btc_small_down_10m,0,0.03,0.045,0.0,0.5,10,random,0.046313906446916644,4.631390644691664,0.42857142857142855,28,-0.12386638774150938,-12.386638774150939,9.301334275597966,1.1373816793700633,4.125e-10,0.3911814896757156,10463.139064469167,0.046313906446916644
btc_hl_breakout_5m,0,0.015,0.05,0.0,0.05,20,random,0.0008262729354083149,0.0826272935408315,0.3181818181818182,44,-0.015581411808806345,-1.5581411808806345,1.450363124222458,1.0175318133790234,2.9166666666666664e-10,0.04443445603733319,10008.262729354083,0.0008262729354083149
btc_alt_aligned,0,0.0075,0.05,0.0,0.5,60,random,0.049365619842075645,4.9365619842075645,0.2361111111111111,72,-0.18973101844975715,-18.973101844975716,8.469830543889813,1.0747590021086444,1.8680555555555557e-10,0.1863754701745149,10493.656198420756,0.049365619842075645
btc_hl_breakout_2m,0,0.06,0.06,0.0,0.25,45,random,0.08195656521368014,8.195656521368013,0.5882352941176471,17,-0.08852577902840819,-8.85257790284082,21.73965092057073,1.5884259096753348,8.088235294117647e-10,1.9440079076174344,10819.565652136802,0.08195656521368014
btc_bullish,0,0.03,0.1,0.0,0.15,20,random,0.05003803619116857,5.003803619116857,0.36,25,-0.04881445720191935,-4.881445720191935,21.59507170909888,1.4313465639832188,5.553333333333334e-10,1.3608481092907905,10500.380361911686,0.05003803619116857
btc_hl_breakout_7m,0,0.035,0.2,0.0,0.25,45,random,0.09168474490148942,9.168474490148942,0.35714285714285715,14,-0.08956270543862332,-8.956270543862333,23.428101836106677,1.6728062277264717,1.0226190476190475e-09,2.6954197793286876,10916.847449014895,0.09168474490148942
btc_vol_breakout_3m,0,0.01,0.035,0.0,0.2,10,random,0.0042590681889387045,0.42590681889387044,0.3333333333333333,54,-0.06355342383823082,-6.355342383823082,2.457064710917711,1.0229665187885828,1.7222222222222223e-10,0.056845508024625985,10042.590681889387,0.0042590681889387045
btc_small_up_9m,0,0.06,0.025,0.0,0.25,60,random,0.053859885880900585,5.385988588090059,0.6774193548387096,31,-0.06193767575815101,-6.193767575815102,16.009286649433673,1.279798804215784,3.6559139784946235e-10,0.7224110768466104,10538.598858809006,0.053859885880900585
btc_vol_breakout_10m,0,0.025,0.035,0.0,0.5,20,random,0.09452084804171428,9.452084804171427,0.5161290322580645,31,-0.13335412826871074,-13.335412826871075,16.621322851314655,1.273774592018651,3.10752688172043e-10,0.6497938474087036,10945.208480417143,0.09452084804171428
btc_hl_breakout_4m,0,0.025,0.015,0.0,0.25,90,random,0.06019853579870546,6.019853579870546,0.6140350877192983,57,-0.05705457802426572,-5.705457802426572,18.639944278467503,1.257599006478055,1.894736842105263e-10,0.4321520596301713,10601.985357987054,0.06019853579870546
btc_alt_aligned,0,0.0125,0.025,0.0,0.25,30,random,0.04922275523419421,4.9222755234194215,0.4146341463414634,82,-0.07869721202511781,-7.869721202511782,13.663453964289035,1.1454986738223853,1.6260162601626016e-10,0.2556850182591904,10492.227552341941,0.04922275523419421
btc_bullish,0,0.0175,0.05,0.0,0.4,120,random,0.08758277640174915,8.758277640174915,0.3404255319148936,47,-0.10739938316659703,-10.739938316659703,15.564011472288797,1.2048529406988666,2.797872340425532e-10,0.5084440763059891,10875.827764017491,0.08758277640174915
btc_hl_breakout_6m,0,0.035,0.025,0.0,0.5,15,random,0.02492794456394604,2.492794456394604,0.5641025641025641,39,-0.14331587460611228,-14.331587460611228,5.653269147360362,1.0542747574740028,3.294871794871795e-10,0.18922707831026858,10249.27944563946,0.02492794456394604
btc_hl_breakout_1m,0,0.025,0.12,0.0,0.05,5,random,0.014181061210703661,1.418106121070366,0.3181818181818182,22,-0.019001187594274938,-1.9001187594274938,19.945880310257685,1.4359507585241784,6.189393939393939e-10,1.3023801455782804,10141.810612107036,0.014181061210703661
btc_hl_breakout_3m,0,0.08,0.02,0.0,0.3,720,random,0.10368535271050783,10.368535271050783,0.7741935483870968,31,-0.08182088928210085,-8.182088928210085,23.753874655334737,1.4893406833252334,4.048387096774193e-10,1.118897465987231,11036.853527105079,0.10368535271050783
btc_hl_breakout_4m,0,0.08,0.3,0.0,0.3,180,random,0.12023324825230201,12.023324825230201,0.42857142857142855,7,-0.09946782639583174,-9.946782639583173,23.964283242084967,1.8991783002716023,2.1023809523809524e-09,6.030940049753722,11202.33248252302,0.12023324825230201
btc_hl_breakout_1m,0,0.015,0.12,0.0,0.3,180,random,0.07088455383740497,7.088455383740497,0.25,28,-0.09485760039144753,-9.485760039144752,18.056535544500672,1.3257552214155193,4.6547619047619047e-10,0.9079907952746671,10708.84553837405,0.07088455383740497
btc_hl_breakout_1m,0,0.015,0.06,0.0,0.15,240,random,0.020233225430795913,2.0233225430795914,0.3076923076923077,39,-0.0457145271383983,-4.57145271383983,10.843409072013094,1.1604930211209,3.2435897435897436e-10,0.3664163167810963,10202.33225430796,0.020233225430795913
btc_hl_breakout_1m,0,0.005,0.15,0.0,0.3,1440,random,0.031491806021906044,3.1491806021906044,0.14705882352941177,34,-0.11474556148376569,-11.47455614837657,8.251519037466377,1.1560087635603291,3.5e-10,0.3751651030040337,10314.91806021906,0.031491806021906044
btc_hl_breakout_4m,0,0.04,0.25,0.0,0.3,120,random,0.08006952910380173,8.006952910380173,0.3076923076923077,13,-0.0976766853990173,-9.767668539901731,18.613041336723082,1.4569152897437452,1.1243589743589744e-09,2.2610546826094646,10800.695291038017,0.08006952910380173
btc_small_down_10m,0,0.01,0.1,0.0,0.05,180,random,0.014144717061583214,1.4144717061583214,0.24324324324324326,37,-0.017201078746088005,-1.7201078746088005,20.269030022579944,1.4269665957205357,3.472972972972973e-10,0.7688931776486227,10141.447170615833,0.014144717061583214
btc_hl_breakout_8m,0,0.06,0.035,0.0,0.2,720,random,0.04956637691424207,4.956637691424207,0.64,25,-0.06672199893568942,-6.672199893568942,17.135905602014464,1.3718216222265003,5.433333333333333e-10,1.0105615404145962,10495.66376914242,0.04956637691424207
btc_small_down_10m,0,0.1,0.02,0.0,0.2,15,random,0.0757272160746968,7.57272160746968,0.8076923076923077,26,-0.04930731497209684,-4.930731497209684,26.812375882559763,1.749621512818187,4.282051282051282e-10,1.4413428321819994,10757.272160746968,0.0757272160746968
btc_hl_breakout_4m,0,0.0125,0.12,0.0,0.25,60,random,0.06063991004101454,6.063991004101454,0.2413793103448276,29,-0.07869053564275041,-7.869053564275042,17.605531293702125,1.3462043392793326,4.5689655172413797e-10,0.8859802852827255,10606.399100410144,0.06063991004101454
btc_hl_breakout_8m,0,0.035,0.06,0.0,0.05,1440,random,0.011021239841856163,1.1021239841856163,0.41379310344827586,29,-0.021103699346306848,-2.110369934630685,14.468786029975528,1.2565087713187495,4.712643678160919e-10,0.7704698158987232,10110.212398418562,0.011021239841856163
btc_vol_breakout_2m,0,0.01,0.05,0.0,0.15,90,random,0.008416180700024416,0.8416180700024416,0.2653061224489796,49,-0.04518709604601401,-4.518709604601401,4.880779616449644,1.0636360288738549,2.3843537414965986e-10,0.13221902949320563,10084.161807000244,0.008416180700024416
btc_alt_aligned,0,0.025,0.02,0.0,0.05,30,random,0.009642720993484295,0.9642720993484295,0.5454545454545454,55,-0.01551674050190488,-1.551674050190488,12.81205113335848,1.1820441639575663,2.5090909090909093e-10,0.35544065052140866,10096.427209934844,0.009642720993484295
btc_hl_breakout_2m,0,0.02,0.12,0.0,0.25,15,random,0.06786025364823876,6.786025364823876,0.2692307692307692,26,-0.0807598954003389,-8.07598954003389,19.45260225191956,1.3843583090926963,5.064102564102564e-10,1.0962237230419871,10678.602536482387,0.06786025364823876
btc_vol_breakout_8m,0,0.05,0.04,0.0,0.4,60,random,0.0202937336238645,2.02937336238645,0.5555555555555556,27,-0.13180127180890533,-13.180127180890533,5.425108936464627,1.0643854106328172,4.660493827160494e-10,0.26191103536976157,10202.937336238645,0.0202937336238645
btc_hl_breakout_2m,0,0.035,0.02,0.0,0.15,240,random,0.06182046660876053,6.182046660876053,0.6818181818181818,44,-0.02857998387036964,-2.857998387036964,33.44177866833001,1.606922699185875,2.7272727272727273e-10,0.9235690882195807,10618.204666087606,0.06182046660876053
btc_hl_breakout_5m,0,0.02,0.15,0.0,0.4,1440,random,0.1556838365177955,15.568383651779548,0.2857142857142857,21,-0.11241785549039973,-11.241785549039973,25.17042802232379,1.6008529682894335,6.76984126984127e-10,1.9112948492941957,11556.838365177955,0.1556838365177955
btc_small_up_9m,0,0.05,0.2,0.0,0.1,180,random,0.01428291343783435,1.428291343783435,0.36363636363636365,11,-0.03107568391458093,-3.107568391458093,10.67499011606501,1.2807635058040627,1.206060606060606e-09,1.3708540052583649,10142.829134378344,0.01428291343783435
btc_vol_breakout_2m,0,0.0175,0.2,0.0,0.4,15,random,0.06252437550952877,6.252437550952878,0.23529411764705882,17,-0.13434216263353616,-13.434216263353616,12.518075541456348,1.308272367592771,8.068627450980393e-10,1.0793448290489758,10625.243755095287,0.06252437550952877
btc_hl_breakout_6m,0,0.025,0.025,0.0,0.3,480,random,0.025123891860064532,2.512389186006453,0.5111111111111111,45,-0.08686619155061259,-8.686619155061258,7.453203927382692,1.088981701526745,2.7851851851851855e-10,0.21697302640310603,10251.238918600646,0.025123891860064532
btc_hl_breakout_8m,0,0.0125,0.04,0.0,0.25,180,random,0.04826597291248268,4.826597291248268,0.35294117647058826,51,-0.08662072955390265,-8.662072955390265,14.055479493268079,1.192708095070223,2.4019607843137255e-10,0.40087294359668424,10482.659729124827,0.04826597291248268
btc_vol_breakout_10m,0,0.0125,0.08,0.0,0.4,720,random,0.11118806403007193,11.118806403007193,0.26666666666666666,30,-0.08601495056888275,-8.601495056888275,23.400126739198843,1.4465620195255877,3.3666666666666664e-10,0.947782094299609,11111.880640300718,0.11118806403007193
btc_hl_breakout_10m,0,0.06,0.045,0.0,0.05,90,random,0.011852473309276673,1.1852473309276672,0.5909090909090909,22,-0.018171242202096094,-1.8171242202096094,15.819158908343828,1.3738768598948128,6.151515151515151e-10,1.0860324571933524,10118.524733092767,0.011852473309276673
btc_hl_breakout_3m,0,0.1,0.04,0.0,0.3,30,random,0.09872788995489178,9.872788995489177,0.7272727272727273,22,-0.1032273133871211,-10.32273133871211,21.953893920179393,1.4845226724351832,6.409090909090909e-10,1.5210474998767494,10987.278899548917,0.09872788995489178
btc_vol_breakout_2m,0,0.03,0.25,0.0,0.4,5,random,0.07623118251176134,7.623118251176134,0.26666666666666666,15,-0.14699783542242162,-14.699783542242162,14.179547319317617,1.2981341433949234,9.444444444444444e-10,1.531008308595477,10762.311825117613,0.07623118251176134
btc_hl_breakout_6m,0,0.05,0.015,0.0,0.15,20,random,-0.004390516911556733,-0.43905169115567333,0.6666666666666666,42,-0.057758763846128325,-5.7758763846128325,-1.597345284193111,0.96811035328983,3.035714285714286e-10,-0.050739366250234216,9956.094830884433,-0.004390516911556733
btc_vol_breakout_9m,0,0.08,0.01,0.0,0.3,5,random,0.03335966458186385,3.3359664581863853,0.8235294117647058,34,-0.0673381034998124,-6.73381034998124,11.0462385848659,1.215329247904397,3.147058823529412e-10,0.35461478170046645,10333.596645818638,0.03335966458186385
btc_alt_aligned,0,0.1,0.1,0.0,0.5,5,random,0.17628161689414745,17.628161689414746,0.6363636363636364,11,-0.16717142393050166,-16.717142393050167,23.0271745146269,1.6326860998907802,1.3333333333333333e-09,3.3091511137493512,11762.816168941474,0.17628161689414745
btc_alt_aligned,0,0.0175,0.02,0.0,0.05,120,random,0.0054508160860968075,0.5450816086096808,0.48,75,-0.019031497672769127,-1.9031497672769127,7.406784131318472,1.0843102418946984,1.7866666666666667e-10,0.1498465972749622,10054.508160860969,0.0054508160860968075
btc_vol_breakout_9m,0,0.03,0.045,0.0,0.3,180,random,0.06262405575151438,6.262405575151438,0.52,25,-0.0645115051583347,-6.45115051583347,18.763409192699623,1.381381127903955,4.2799999999999997e-10,0.852500143530203,10626.240557515144,0.06262405575151438
btc_hl_breakout_2m,0,0.06,0.06,0.0,0.5,120,random,0.16195065380161533,16.195065380161534,0.5882352941176471,17,-0.17079236273563891,-17.079236273563893,21.839555407355302,1.5256171393466396,8.088235294117647e-10,1.9440079076174357,11619.506538016154,0.16195065380161533
btc_hl_breakout_6m,0,0.005,0.15,0.0,0.15,30,random,0.012370588529647807,1.2370588529647806,0.13157894736842105,38,-0.06781638120384559,-6.781638120384558,6.052415928071701,1.1131001823317646,3.302631578947368e-10,0.2524038465882576,10123.705885296478,0.012370588529647807
btc_hl_breakout_6m,0,0.04,0.1,0.0,0.4,10,random,0.029067697262727142,2.906769726272714,0.38095238095238093,21,-0.14642458415658688,-14.642458415658687,6.795058659419423,1.0927169577421942,6.555555555555556e-10,0.4728872664250377,10290.676972627272,0.029067697262727142
btc_vol_breakout_10m,0,0.04,0.06,0.0,0.1,1440,random,0.011025178131037705,1.1025178131037705,0.42857142857142855,21,-0.03197979831604947,-3.197979831604947,8.772816841995981,1.1750827558899875,5.523809523809524e-10,0.549243680296544,10110.251781310377,0.011025178131037705
btc_vol_breakout_8m,0,0.05,0.12,0.0,0.15,240,random,0.03142566137138847,3.142566137138847,0.35714285714285715,14,-0.051886253670785365,-5.1886253670785365,15.336360568339488,1.3755378730793337,9.595238095238095e-10,1.561904325299826,10314.256613713886,0.03142566137138847
btc_alt_aligned,0,0.05,0.2,0.0,0.5,60,random,0.14239274302370014,14.239274302370013,0.38461538461538464,13,-0.16057458433014393,-16.057458433014393,19.416965417610832,1.4421835475816267,1.1282051282051283e-09,2.452841832398087,11423.927430237001,0.14239274302370014
btc_small_down_10m,0,0.0175,0.015,0.0,0.15,10,random,0.022199406278783182,2.219940627878318,0.5555555555555556,54,-0.03207473534544547,-3.207473534544547,12.900297299526425,1.1867889739743283,1.4166666666666667e-10,0.28243683064590347,10221.994062787831,0.022199406278783182
btc_hl_breakout_5m,0,0.02,0.035,0.0,0.1,180,random,0.011552613286962424,1.1552613286962423,0.425531914893617,47,-0.033860595412806616,-3.3860595412806616,8.86906562637376,1.1207565282459366,2.7730496453900713e-10,0.25591087821150965,10115.526132869625,0.011552613286962424
btc_vol_breakout_2m,0,0.1,0.03,0.0,0.3,480,random,0.07080271275511427,7.080271275511427,0.75,24,-0.09435824237004409,-9.43582423700441,16.802856594867652,1.3569070794224833,5.784722222222223e-10,1.021070109520018,10708.027127551142,0.07080271275511427
btc_hl_breakout_4m,0,0.05,0.02,0.0,0.2,10,random,0.02704140555371107,2.704140555371107,0.6585365853658537,41,-0.0629910977078576,-6.29910977078576,10.652380757891416,1.1454131185526872,3.1463414634146345e-10,0.3540074755599205,10270.41405553711,0.02704140555371107
btc_vol_breakout_9m,0,0.01,0.03,0.0,0.3,180,random,0.03277552031763084,3.277552031763084,0.3409090909090909,44,-0.06725348849368451,-6.7253488493684515,11.414582551173018,1.1600475344160586,1.9053030303030303e-10,0.2670441444486886,10327.755203176308,0.03277552031763084
btc_hl_breakout_2m,0,0.08,0.015,0.0,0.5,20,random,0.1601019666878753,16.01019666878753,0.8108108108108109,37,-0.1288763871428117,-12.887638714281168,22.37544950488866,1.419128161943803,3.292792792792793e-10,0.8818511248072168,11601.019666878754,0.1601019666878753
btc_hl_breakout_8m,0,0.03,0.25,0.0,0.2,1440,random,0.0627037373453989,6.2703737345398896,0.2857142857142857,14,-0.08094745482963939,-8.094745482963939,19.71592909028301,1.6260940829246633,1.0166666666666667e-09,2.3324616830847673,10627.03737345399,0.0627037373453989
btc_vol_breakout_3m,0,0.035,0.15,0.0,0.2,30,random,0.06402048708324219,6.4020487083242195,0.4166666666666667,12,-0.06960795444694678,-6.9607954446946785,20.906442123548892,1.7245074385393693,1.1375e-09,2.7255996812723398,10640.204870832422,0.06402048708324219
btc_hl_breakout_5m,0,0.005,0.02,0.0,0.3,180,random,0.010357548965830984,1.0357548965830985,0.3111111111111111,90,-0.1325118359513211,-13.25118359513211,3.7046401309035333,1.0289444394587375,1.05e-10,0.057129331554106155,10103.57548965831,0.010357548965830984
btc_vol_breakout_3m,0,0.04,0.2,0.0,0.1,45,random,0.020988264706333484,2.0988264706333486,0.3333333333333333,12,-0.03466099912684928,-3.466099912684928,14.948695147544784,1.4073583763997828,1.1402777777777778e-09,1.8190753801256687,10209.882647063336,0.020988264706333484
btc_hl_breakout_4m,0,0.08,0.15,0.0,0.5,360,random,0.20395082221233551,20.39508222123355,0.5454545454545454,11,-0.1615835012208049,-16.15835012208049,25.889555627887606,1.6785503179941026,1.3242424242424243e-09,3.8530790449619983,12039.508222123355,0.20395082221233551
btc_hl_breakout_4m,0,0.05,0.2,0.0,0.2,5,random,0.09760381090554643,9.760381090554644,0.45454545454545453,11,-0.06009265687284071,-6.009265687284071,30.46166868672405,2.1557881431577166,1.3106060606060607e-09,4.427186127145024,10976.038109055464,0.09760381090554643
btc_hl_breakout_8m,0,0.05,0.08,0.0,0.15,45,random,0.03254197865662784,3.254197865662784,0.43478260869565216,23,-0.05934173670374632,-5.934173670374632,14.649985755570267,1.2664493889543476,5.91304347826087e-10,0.9809020063971855,10325.419786566279,0.03254197865662784
btc_hl_breakout_9m,0,0.08,0.035,0.0,0.3,1440,random,0.09099875532808446,9.099875532808447,0.6956521739130435,23,-0.09412794488770682,-9.412794488770682,20.605911511560773,1.4698003159744675,6.181159420289856e-10,1.3349772931551867,10909.987553280844,0.09099875532808446
btc_hl_breakout_8m,0,0.01,0.025,0.0,0.2,90,random,0.002268192748524757,0.2268192748524757,0.34328358208955223,67,-0.07674597120670812,-7.674597120670812,1.628456795734961,1.0104695001400086,1.574626865671642e-10,0.03382655719687813,10022.681927485248,0.002268192748524757
btc_small_up_10m,0,0.025,0.3,0.0,0.4,1440,random,0.08817852297737999,8.817852297738,0.2857142857142857,7,-0.14593025744736066,-14.593025744736066,14.962907738279668,2.1881056179723237,2.0404761904761907e-09,3.3109122579518577,10881.785229773799,0.08817852297737999
btc_vol_breakout_8m,0,0.04,0.015,0.0,0.2,1440,random,0.0060962471528690455,0.6096247152869045,0.6585365853658537,41,-0.05238000584850089,-5.238000584850089,3.2296857195069673,1.0402851339837575,2.524390243902439e-10,0.09459702842601986,10060.96247152869,0.0060962471528690455
btc_hl_breakout_1m,0,0.04,0.06,0.0,0.2,120,random,0.05816493036950146,5.816493036950146,0.52,25,-0.06749080430094356,-6.749080430094356,21.057353751058905,1.3986112923087217,5.46e-10,1.1833126276138748,10581.649303695014,0.05816493036950146
btc_hl_breakout_1m,0,0.03,0.045,0.0,0.4,5,random,-0.006145673011098779,-0.6145673011098779,0.4166666666666667,36,-0.17745716356445473,-17.745716356445474,0.4044916662274974,0.9838856490022256,3.62037037037037e-10,0.015045795851666618,9938.543269889013,-0.006145673011098779
btc_hl_breakout_4m,0,0.0175,0.025,0.0,0.25,5,random,0.0017432956796933467,0.17432956796933466,0.44642857142857145,56,-0.08173582879306107,-8.173582879306107,1.487182615024731,1.0064492589395206,2.107142857142857e-10,0.03559328468543541,10017.432956796933,0.0017432956796933467
btc_hl_breakout_9m,0,0.015,0.015,0.0,0.3,20,random,0.03404598988822686,3.404598988822686,0.5070422535211268,71,-0.10888098948795444,-10.888098948795443,9.221534680389354,1.100327805791951,1.4295774647887323e-10,0.18148264264155134,10340.459898882269,0.03404598988822686
btc_hl_breakout_6m,0,0.02,0.03,0.0,0.15,720,random,-0.001430718055901275,-0.1430718055901275,0.4166666666666667,48,-0.05959759295188605,-5.959759295188604,-0.14483057482501266,0.9905440063487778,2.642361111111111e-10,-0.003799400184585521,9985.692819440987,-0.001430718055901275
btc_hl_breakout_8m,0,0.0175,0.015,0.0,0.15,10,random,0.013428110795086514,1.3428110795086514,0.5074626865671642,67,-0.050956641308227524,-5.095664130822753,6.857914013106388,1.0805447948092644,1.5472636815920398e-10,0.14643835685302156,10134.281107950865,0.013428110795086514
btc_bullish,0,0.03,0.045,0.0,0.25,5,random,0.06968467143745143,6.968467143745142,0.46153846153846156,39,-0.08021131074505361,-8.02113107450536,18.846204929830908,1.2999969550959016,3.4572649572649573e-10,0.7331063839089711,10696.846714374515,0.06968467143745143
btc_hl_breakout_4m,0,0.08,0.05,0.0,0.15,20,random,0.04798095079238965,4.798095079238965,0.6666666666666666,18,-0.05069885205015656,-5.069885205015656,21.116363796417446,1.6021811222329694,7.787037037037037e-10,1.7867169685632462,10479.809507923896,0.04798095079238965
btc_hl_breakout_6m,0,0.01,0.06,0.0,0.4,20,random,-0.03989642883494266,-3.989642883494266,0.20833333333333334,48,-0.1581578198815654,-15.815781988156541,-5.938566903166667,0.8966455427692228,2.5347222222222223e-10,-0.1623161426230793,9601.035711650573,-0.03989642883494266
btc_vol_breakout_3m,0,0.02,0.04,0.0,0.2,30,random,0.012752369887160876,1.2752369887160875,0.425,40,-0.05522969330615635,-5.522969330615634,5.622823949741339,1.0723832483410234,2.8958333333333334e-10,0.18336534641921667,10127.52369887161,0.012752369887160876
btc_vol_breakout_10m,0,0.02,0.04,0.0,0.4,20,random,0.04745059546210328,4.745059546210328,0.45454545454545453,33,-0.10705689709493893,-10.705689709493893,10.922321615531528,1.1602150331383831,3.065656565656566e-10,0.4031049496952286,10474.505954621032,0.04745059546210328
btc_vol_breakout_9m,0,0.035,0.04,0.0,0.2,20,random,0.03457878735288541,3.4578787352885407,0.5517241379310345,29,-0.059119006174332966,-5.911900617433297,14.331179771296144,1.248011821490686,3.942528735632184e-10,0.6180471128912994,10345.787873528854,0.03457878735288541
btc_vol_breakout_9m,0,0.1,0.1,0.0,0.1,240,random,0.017718938245619483,1.7718938245619482,0.5,8,-0.033085190039508605,-3.3085190039508605,13.178451522100564,1.4619839976458155,1.7e-09,2.2744932594407565,10177.189382456196,0.017718938245619483
btc_small_down_10m,0,0.005,0.2,0.0,0.4,240,random,0.08054355740195274,8.054355740195273,0.12903225806451613,31,-0.11714926074799081,-11.71492607479908,15.531634448176781,1.4103560218746576,4.344086021505377e-10,0.7236104833520818,10805.435574019528,0.08054355740195274
btc_hl_breakout_7m,0,0.01,0.01,0.0,0.1,90,random,0.0043652765701550945,0.43652765701550944,0.4838709677419355,93,-0.03382834799061485,-3.382834799061485,3.5112313294461517,1.0378429908808855,1.003584229390681e-10,0.053172869952887655,10043.65276570155,0.0043652765701550945
btc_vol_breakout_3m,0,0.05,0.25,0.0,0.3,1440,random,0.04999675914743002,4.999675914743002,0.3333333333333333,12,-0.10870687466237872,-10.870687466237872,12.509660482260154,1.2662268518333342,1.1555555555555554e-09,1.6525580955451646,10499.9675914743,0.04999675914743002
btc_alt_aligned,0,0.02,0.035,0.0,0.5,90,random,0.05917294874063291,5.917294874063291,0.4107142857142857,56,-0.17710294575197816,-17.710294575197814,9.707611879350715,1.0900730849532994,2.470238095238095e-10,0.26677338435610376,10591.72948740633,0.05917294874063291
btc_vol_breakout_10m,0,0.05,0.05,0.0,0.4,180,random,-0.006346752182680393,-0.6346752182680393,0.47619047619047616,21,-0.13360722473411435,-13.360722473411435,0.27578210337821263,0.9778607333302382,5.412698412698412e-10,0.03320284665611701,9936.532478173196,-0.006346752182680393
btc_vol_breakout_8m,0,0.08,0.1,0.0,0.4,20,random,0.06391948212948782,6.391948212948782,0.5,14,-0.13144727951418977,-13.144727951418977,13.002049166878333,1.237961670628232,9.773809523809524e-10,1.318544662288681,10639.194821294877,0.06391948212948782
btc_hl_breakout_3m,0,0.06,0.045,0.0,0.15,15,random,0.05303796829524238,5.303796829524238,0.6521739130434783,23,-0.053886713903321115,-5.388671390332112,23.336910726415,1.5726642896081446,6.094202898550725e-10,1.5393263539900282,10530.379682952424,0.05303796829524238
btc_vol_breakout_2m,0,0.06,0.25,0.0,0.4,1440,random,0.16863543703672268,16.863543703672267,0.4444444444444444,9,-0.12834946995023644,-12.834946995023644,25.812282847981148,1.829912013622203,1.6074074074074073e-09,4.930983495568477,11686.354370367226,0.16863543703672268
btc_hl_breakout_4m,0,0.025,0.035,0.0,0.4,20,random,0.130179663770026,13.0179663770026,0.5238095238095238,42,-0.08670321665282776,-8.670321665282776,24.126307485184924,1.3597798672413548,3.1468253968253965e-10,0.7785580087182935,11301.79663770026,0.130179663770026
btc_hl_breakout_7m,0,0.06,0.06,0.0,0.15,10,random,0.0423597663089038,4.23597663089038,0.5555555555555556,18,-0.05373530400755666,-5.373530400755666,18.73038242751556,1.4746914234594533,7.666666666666667e-10,1.590564009480043,10423.597663089038,0.0423597663089038
btc_hl_breakout_6m,0,0.05,0.02,0.0,0.5,5,random,0.011498307301755994,1.1498307301755994,0.65,40,-0.16514347903730697,-16.514347903730698,3.6714385630790827,1.0235944668184302,3.208333333333333e-10,0.12514998576247882,10114.98307301756,0.011498307301755994
btc_hl_breakout_8m,0,0.02,0.025,0.0,0.05,45,random,0.008152542031161027,0.8152542031161027,0.46153846153846156,52,-0.017582699970982385,-1.7582699970982385,11.410394580538249,1.1638703117034996,2.3878205128205127e-10,0.31856050830085547,10081.525420311611,0.008152542031161027
btc_hl_breakout_9m,0,0.015,0.25,0.0,0.2,45,random,0.08421034302760282,8.421034302760281,0.2222222222222222,18,-0.06825221690632255,-6.8252216906322545,25.62771641438131,1.9568209022451468,7.796296296296296e-10,2.3801645855625915,10842.103430276027,0.08421034302760282
btc_hl_breakout_8m,0,0.1,0.06,0.0,0.2,360,random,0.04910737912765094,4.910737912765094,0.625,16,-0.07735698693157733,-7.735698693157733,16.627675620503215,1.4000780176541046,9.052083333333334e-10,1.5894388113352889,10491.073791276509,0.04910737912765094
btc_vol_breakout_3m,0,0.0125,0.3,0.0,0.15,360,random,0.047346124604281746,4.734612460428175,0.4,5,-0.05376279563161379,-5.376279563161379,18.88427099708066,4.193045500623995,2.92e-09,6.331683474511332,10473.461246042818,0.047346124604281746
btc_vol_breakout_9m,0,0.08,0.025,0.0,0.3,10,random,0.05797478063865751,5.797478063865751,0.7142857142857143,21,-0.06835273722239954,-6.835273722239954,17.479696976371457,1.3661533003110937,5.865079365079365e-10,0.9556076195503314,10579.747806386575,0.05797478063865751
btc_hl_breakout_10m,0,0.005,0.25,0.0,0.15,60,random,0.052750785719275356,5.275078571927535,0.125,32,-0.059715882111803786,-5.971588211180379,22.146883165074755,1.6945091934876813,3.9427083333333335e-10,1.1261445269777646,10527.507857192753,0.052750785719275356
btc_hl_breakout_8m,0,0.0125,0.05,0.0,0.05,90,random,0.007588198825814533,0.7588198825814533,0.2978723404255319,47,-0.01827542849774999,-1.827542849774999,10.478278272494203,1.164034241530663,2.631205673758865e-10,0.3294880694324139,10075.881988258145,0.007588198825814533
btc_small_up_10m,0,0.02,0.1,0.0,0.4,45,random,0.10518652736339354,10.518652736339353,0.2857142857142857,28,-0.14038703428185895,-14.038703428185894,18.17257426138745,1.3240166422643742,4.160714285714286e-10,1.0205749522003638,11051.865273633935,0.10518652736339354
btc_hl_breakout_7m,0,0.0075,0.01,0.0,0.15,60,random,-0.01696514922550723,-1.696514922550723,0.4387755102040816,98,-0.07602561961404064,-7.602561961404064,-7.782913536164409,0.9059002364743284,9.404761904761906e-11,-0.1081646353310467,9830.348507744928,-0.01696514922550723
btc_small_up_10m,0,0.005,0.01,0.0,0.25,5,random,0.028221982267035674,2.8221982267035672,0.43373493975903615,83,-0.06748403801955061,-6.74840380195506,9.5019774282763,1.1215603016466467,7.791164658634539e-11,0.14903861362350737,10282.219822670357,0.028221982267035674
btc_bullish,0,0.0175,0.03,0.0,0.2,5,random,0.07621023731282456,7.621023731282456,0.43636363636363634,55,-0.04060227612090539,-4.060227612090539,26.906054933200114,1.3849339153563973,2.336363636363636e-10,0.6904088065120664,10762.102373128246,0.07621023731282456
btc_vol_breakout_9m,0,0.0125,0.04,0.0,0.15,45,random,0.026077221738017693,2.6077221738017693,0.3611111111111111,36,-0.029780250145920784,-2.9780250145920784,16.404016857429596,1.2999802806988712,2.796296296296296e-10,0.4905454090984059,10260.772217380178,0.026077221738017693
btc_bullish,0,0.03,0.3,0.0,0.15,720,random,0.04523803605165333,4.523803605165333,0.4,5,-0.05491351235815789,-5.491351235815789,18.08205126697993,3.9360083916681083,2.93e-09,6.05969969932191,10452.380360516534,0.04523803605165333
btc_small_up_10m,0,0.025,0.015,0.0,0.1,1440,random,0.017587574276974396,1.7587574276974396,0.5490196078431373,51,-0.03319609365964771,-3.3196093659647707,12.89898409458192,1.1973883700867272,1.9542483660130717e-10,0.35316196666842326,10175.875742769744,0.017587574276974396
btc_small_down_10m,0,0.08,0.25,0.0,0.25,45,random,0.07657741327000932,7.657741327000932,0.5,6,-0.09020477645525382,-9.020477645525382,19.374078694360808,1.878776559531184,2.4194444444444443e-09,5.343809835079281,10765.774132700093,0.07657741327000932
btc_hl_breakout_7m,0,0.1,0.03,0.0,0.4,10,random,0.12071598498723347,12.071598498723347,0.75,24,-0.13540340786492644,-13.540340786492644,20.64323295166099,1.425472229800618,5.923611111111111e-10,1.2898929838568998,11207.159849872334,0.12071598498723347
btc_vol_breakout_2m,0,0.04,0.04,0.0,0.3,60,random,0.030128744303715347,3.012874430371535,0.5151515151515151,33,-0.0952178601930097,-9.52178601930097,8.503269660437647,1.11456707021811,3.9595959595959594e-10,0.3531679223387179,10301.287443037154,0.030128744303715347
btc_hl_breakout_8m,0,0.1,0.015,0.0,0.2,120,random,0.03526725981443917,3.526725981443917,0.8,30,-0.06971493357423264,-6.971493357423264,12.725663377817854,1.2740828747884132,4.2166666666666666e-10,0.6154385951537823,10352.672598144392,0.03526725981443917
btc_hl_breakout_10m,0,0.0175,0.025,0.0,0.25,480,random,0.05824139920637772,5.824139920637772,0.4827586206896552,58,-0.08115911397540099,-8.1159113975401,16.646518170628838,1.2111527994525666,1.9626436781609197e-10,0.4178365081901552,10582.413992063777,0.05824139920637772
btc_small_up_9m,0,0.03,0.015,0.0,0.3,480,random,0.04242146732656397,4.242146732656397,0.6190476190476191,42,-0.061547091301465406,-6.154709130146541,12.699579948039082,1.1945771512723544,2.4444444444444444e-10,0.35878020275724015,10424.21467326564,0.04242146732656397
btc_hl_breakout_10m,0,0.0075,0.02,0.0,0.15,30,random,0.0035238508311592567,0.35238508311592565,0.37662337662337664,77,-0.06500081532993285,-6.500081532993285,2.313050072460821,1.0207532700286635,1.2597402597402598e-10,0.041604654060417974,10035.238508311593,0.0035238508311592567
btc_hl_breakout_1m,0,0.05,0.05,0.0,0.4,120,random,0.07090148408399978,7.090148408399978,0.5555555555555556,27,-0.14114400162902996,-14.114400162902996,13.837862635166575,1.2000024721741234,5.129629629629629e-10,0.7351106427962957,10709.014840839998,0.07090148408399978
btc_vol_breakout_3m,0,0.05,0.035,0.0,0.05,180,random,0.010074637598397232,1.0074637598397231,0.6129032258064516,31,-0.0173401219173428,-1.73401219173428,15.060710613141891,1.2572329091798402,4.0967741935483873e-10,0.6565789093595021,10100.746375983972,0.010074637598397232
btc_hl_breakout_9m,0,0.025,0.2,0.0,0.15,30,random,0.06482545079487043,6.482545079487043,0.3333333333333333,15,-0.04580435121589199,-4.580435121589199,27.185561982559115,1.9249710639805535,9.677777777777778e-10,2.898132870055422,10648.254507948704,0.06482545079487043
btc_hl_breakout_1m,0,0.035,0.25,0.0,0.1,45,random,0.03311293832315631,3.3112938323156307,0.3333333333333333,12,-0.03419969951513391,-3.419969951513391,22.43990234722756,1.689305516385886,1.1986111111111112e-09,2.8173179595018865,10331.129383231562,0.03311293832315631
btc_bullish,0,0.06,0.3,0.0,0.2,30,random,0.05225129685244499,5.225129685244499,0.5,4,-0.07921973606061683,-7.921973606061683,16.013105949298826,2.823840504036567,3.6791666666666665e-09,6.643299956826102,10522.51296852445,0.05225129685244499
btc_hl_breakout_7m,0,0.0175,0.02,0.0,0.15,5,random,0.02054967728776135,2.054967728776135,0.4838709677419355,62,-0.058396882657436366,-5.839688265743637,10.223690213150444,1.1251407850969344,1.7741935483870967e-10,0.23353135235091727,10205.496772877614,0.02054967728776135
btc_vol_breakout_3m,0,0.005,0.1,0.0,0.2,360,random,0.007914987528666416,0.7914987528666416,0.16,50,-0.07204824244560448,-7.204824244560449,3.8809036919396562,1.049787023364653,1.87e-10,0.1034064884728464,10079.149875286665,0.007914987528666416
btc_vol_breakout_3m,0,0.035,0.12,0.0,0.5,30,random,0.07965179022979228,7.965179022979228,0.375,16,-0.16411746071409195,-16.411746071409194,13.067747741425514,1.2567189816704312,8.104166666666667e-10,1.1953203440431839,10796.517902297923,0.07965179022979228
btc_vol_breakout_10m,0,0.04,0.15,0.0,0.2,90,random,0.028202976162354662,2.8202976162354663,0.36363636363636365,11,-0.06315133820016983,-6.315133820016983,11.110775103876454,1.3209512715287517,1.1727272727272726e-09,1.393802084844677,10282.029761623548,0.028202976162354662
btc_bullish,0,0.0175,0.3,0.0,0.05,720,random,0.015643797147075048,1.5643797147075047,0.4,5,-0.018309649042753007,-1.8309649042753007,18.27337559753858,4.4939151512161155,2.9266666666666665e-09,6.267445047734899,10156.43797147075,0.015643797147075048
btc_vol_breakout_9m,0,0.06,0.25,0.0,0.5,240,random,0.10054470334797415,10.054470334797415,0.42857142857142855,7,-0.17089999219505625,-17.089999219505625,15.544110894922786,1.4930424449389403,2.0119047619047618e-09,3.3519513593291284,11005.44703347974,0.10054470334797415
btc_vol_breakout_8m,0,0.005,0.03,0.0,0.2,10,random,0.009154413562081208,0.9154413562081208,0.2830188679245283,53,-0.05165363508366749,-5.165363508366749,5.042924789482875,1.0648258340785408,1.4654088050314466e-10,0.09822812191017055,10091.544135620812,0.009154413562081208
btc_hl_breakout_5m,0,0.02,0.025,0.0,0.4,180,random,0.013642911075107123,1.3642911075107123,0.4716981132075472,53,-0.1454897775663484,-14.54897775663484,4.1096160791292515,1.0308541378475296,2.361635220125786e-10,0.10319325031850468,10136.42911075107,0.013642911075107123
btc_vol_breakout_9m,0,0.0075,0.25,0.0,0.25,90,random,0.07239809248207366,7.239809248207366,0.1111111111111111,27,-0.07293866166474561,-7.293866166474561,22.377845742179595,1.5227444420838137,4.364197530864198e-10,1.1390713182534942,10723.980924820737,0.07239809248207366
btc_hl_breakout_5m,0,0.05,0.035,0.0,0.3,720,random,0.018298794704414742,1.8298794704414743,0.5757575757575758,33,-0.11307324718184164,-11.307324718184164,5.610313083252544,1.0658297786566897,4.0101010101010103e-10,0.2351959339736442,10182.987947044148,0.018298794704414742
btc_hl_breakout_2m,0,0.005,0.08,0.0,0.15,10,random,0.017208198291121836,1.7208198291121837,0.1875,48,-0.05754089127580475,-5.754089127580475,9.435984257013647,1.1596668436103237,2.295138888888889e-10,0.25466799870286105,10172.081982911219,0.017208198291121836
btc_hl_breakout_1m,0,0.02,0.02,0.0,0.3,30,random,0.04259034597932455,4.259034597932454,0.5094339622641509,53,-0.0763406591987813,-7.634065919878131,11.932453372177623,1.150640345139276,2.1069182389937107e-10,0.2888215227241651,10425.903459793246,0.04259034597932455
btc_hl_breakout_10m,0,0.03,0.02,0.0,0.2,10,random,0.06206083993234797,6.206083993234797,0.5918367346938775,49,-0.05300166606683976,-5.300166606683976,21.574270800768037,1.3325376622460219,2.5068027210884354e-10,0.6395619164125846,10620.608399323479,0.06206083993234797
btc_hl_breakout_3m,0,0.01,0.05,0.0,0.3,10,random,0.008097154413294765,0.8097154413294765,0.2765957446808511,47,-0.10171955244284914,-10.171955244284913,3.2346172693505264,1.0313558779027518,2.5106382978723406e-10,0.09276394109399712,10080.971544132948,0.008097154413294765
btc_hl_breakout_10m,0,0.015,0.08,0.0,0.3,30,random,0.037961970159543536,3.7961970159543537,0.29411764705882354,34,-0.10227747373536344,-10.227747373536344,9.728626422153175,1.1534535882369013,3.7745098039215686e-10,0.42270986966450813,10379.619701595435,0.037961970159543536
btc_hl_breakout_2m,0,0.035,0.3,0.0,0.5,5,random,0.21691991773789931,21.69199177378993,0.3333333333333333,9,-0.16183420285608507,-16.183420285608506,26.385063316369383,1.9956221078196257,1.6055555555555555e-09,5.083169141349304,12169.199177378992,0.21691991773789931
btc_vol_breakout_3m,0,0.1,0.25,0.0,0.15,480,random,0.04878096672670404,4.878096672670404,0.6,5,-0.04926188264231879,-4.926188264231879,20.304689615224348,2.282449240909249,2.9433333333333333e-09,6.605717526282288,10487.80966726704,0.04878096672670404
btc_alt_aligned,0,0.01,0.015,0.0,0.15,5,random,0.013803188167148574,1.3803188167148575,0.42718446601941745,103,-0.05930943143259615,-5.930943143259615,6.683552930677617,1.0644184901046527,1.2427184466019418e-10,0.09887577779029313,10138.031881671486,0.013803188167148574
btc_small_up_10m,0,0.1,0.03,0.0,0.25,720,random,0.12406631575199967,12.406631575199967,0.8181818181818182,22,-0.05780572078257018,-5.780572078257018,33.16326173205704,2.061204198248898,5.787878787878788e-10,2.1890825462307912,11240.663157519997,0.12406631575199967
btc_hl_breakout_2m,0,0.05,0.15,0.0,0.05,240,random,0.02005507600118488,2.005507600118488,0.46153846153846156,13,-0.014368508742950481,-1.436850874295048,25.90423245760699,1.7817668037201106,1.1076923076923078e-09,3.0976367416790147,10200.550760011849,0.02005507600118488
btc_vol_breakout_10m,0,0.0125,0.15,0.0,0.1,15,random,0.01196643735056748,1.196643735056748,0.14285714285714285,21,-0.0274796818561448,-2.74796818561448,10.139498117588504,1.2609863722392358,5.357142857142857e-10,0.597124016557777,10119.664373505675,0.01196643735056748
btc_hl_breakout_3m,0,0.0175,0.3,0.0,0.3,5,random,0.0902927992794976,9.02927992794976,0.21428571428571427,14,-0.09875574380495344,-9.875574380495344,20.99223399077822,1.6678212288180243,1.0059523809523809e-09,2.289273533063688,10902.927992794976,0.0902927992794976
btc_hl_breakout_2m,0,0.02,0.015,0.0,0.25,60,random,0.03295369776070479,3.295369776070479,0.5757575757575758,66,-0.058817551764515974,-5.881755176451597,10.900725867270472,1.129294960696799,1.6035353535353536e-10,0.2151125460466332,10329.536977607047,0.03295369776070479
btc_hl_breakout_3m,0,0.06,0.035,0.0,0.1,20,random,0.036355164746377316,3.6355164746377318,0.7037037037037037,27,-0.030923187923778683,-3.0923187923778683,24.341855477795924,1.6093455248942992,5.098765432098765e-10,1.34274189277699,10363.551647463773,0.036355164746377316
btc_alt_aligned,0,0.02,0.015,0.0,0.3,360,random,0.043072175922615086,4.307217592261509,0.547945205479452,73,-0.10241524882108699,-10.241524882108699,10.562234446172761,1.1088964853704886,1.851598173515982e-10,0.22095914920166795,10430.721759226151,0.043072175922615086
btc_alt_aligned,0,0.1,0.035,0.0,0.05,15,random,0.016190407761582055,1.6190407761582055,0.76,25,-0.017829912929751224,-1.7829912929751224,21.338945592307415,1.495330743583006,5.773333333333333e-10,1.2998828809556886,10161.90407761582,0.016190407761582055
btc_small_up_10m,0,0.035,0.04,0.0,0.25,480,random,0.09518009527417744,9.518009527417744,0.5294117647058824,34,-0.0764112005107459,-7.641120051074591,25.6767548341322,1.4668298229845385,3.3872549019607846e-10,1.119780063733201,10951.800952741774,0.09518009527417744
btc_small_up_9m,0,0.02,0.12,0.0,0.5,90,random,0.06648146524325949,6.6481465243259485,0.2608695652173913,23,-0.15555065390299783,-15.555065390299783,11.393856426949924,1.1965490627544018,5.173913043478261e-10,0.7207120047427247,10664.814652432595,0.06648146524325949
btc_vol_breakout_3m,0,0.04,0.01,0.0,0.2,480,random,0.03200839850365965,3.200839850365965,0.7358490566037735,53,-0.04623881803824126,-4.623881803824126,12.994602792577052,1.1991516005325067,2.0283018867924527e-10,0.31448184460778966,10320.083985036596,0.03200839850365965
btc_hl_breakout_5m,0,0.035,0.01,0.0,0.05,120,random,0.012984289185998376,1.2984289185998377,0.7413793103448276,58,-0.012390553821716277,-1.2390553821716277,20.06636535272763,1.3369831693918535,1.8908045977011494e-10,0.4491936797599559,10129.842891859984,0.012984289185998376
btc_vol_breakout_8m,0,0.0125,0.06,0.0,0.5,60,random,0.016716430927120655,1.6716430927120656,0.25,32,-0.12742989714530772,-12.742989714530772,4.586551090903763,1.0515468099173446,3.21875e-10,0.15933693725817347,10167.164309271207,0.016716430927120655
btc_vol_breakout_2m,0,0.015,0.2,0.0,0.2,120,random,0.031592268460595575,3.1592268460595574,0.2222222222222222,18,-0.07131672779499976,-7.131672779499976,11.900635835047071,1.3183471533908921,7.583333333333333e-10,0.9548858641289903,10315.922684605956,0.031592268460595575
btc_vol_breakout_8m,0,0.005,0.01,0.0,0.05,720,random,-0.006658193695716647,-0.6658193695716648,0.3880597014925373,67,-0.014305576821813437,-1.4305576821813437,-13.98045598587824,0.8162274418777967,8.582089552238805e-11,-0.1976231258782624,9933.418063042833,-0.006658193695716647
btc_alt_aligned,0,0.06,0.15,0.0,0.5,60,random,0.17131125103903033,17.131125103903035,0.5,12,-0.1691845022616112,-16.91845022616112,22.309231421274127,1.5861733371711937,1.2236111111111112e-09,2.997845602857339,11713.112510390303,0.17131125103903033
btc_hl_breakout_4m,0,0.0125,0.06,0.0,0.2,480,random,0.028294867111868804,2.82948671118688,0.3023255813953488,43,-0.061453805596266786,-6.145380559626679,10.888295920188265,1.1575917886441955,2.937984496124031e-10,0.3560104807751653,10282.948671118687,0.028294867111868804
btc_alt_aligned,0,0.08,0.06,0.0,0.5,360,random,0.16510366662105924,16.510366662105923,0.625,16,-0.16830793250102805,-16.830793250102804,21.943312001799317,1.5405168583192974,9.125e-10,2.112632599778582,11651.036666210592,0.16510366662105924
btc_hl_breakout_3m,0,0.025,0.3,0.0,0.3,360,random,0.13114909619542003,13.114909619542004,0.2727272727272727,11,-0.10416922383999072,-10.416922383999072,26.225781322900342,2.0649790304405737,1.2772727272727272e-09,4.099361983903831,11311.490961954201,0.13114909619542003
btc_vol_breakout_10m,0,0.0175,0.015,0.0,0.3,180,random,0.004106324284625134,0.4106324284625134,0.5106382978723404,47,-0.0719279470108346,-7.192794701083461,2.230339263383457,1.0193098321623373,1.6063829787234043e-10,0.04825488237411759,10041.063242846252,0.004106324284625134
btc_small_up_10m,0,0.025,0.2,0.0,0.2,60,random,0.02487996221353901,2.4879962213539013,0.22727272727272727,22,-0.07441639978434444,-7.441639978434445,9.257391522445403,1.163952587280589,5.681818181818182e-10,0.6541337297792419,10248.79962213539,0.02487996221353901
btc_bullish,0,0.0075,0.06,0.0,0.3,240,random,0.06888144246880225,6.888144246880225,0.234375,64,-0.08608132134574886,-8.608132134574886,16.064681457888803,1.2037256903074511,1.9661458333333334e-10,0.38365928216959116,10688.814424688022,0.06888144246880225
btc_hl_breakout_2m,0,0.035,0.03,0.0,0.5,30,random,0.1258703869597367,12.587038695973671,0.6153846153846154,39,-0.12227633541017513,-12.227633541017513,19.408657218159885,1.271633034455719,3.337606837606838e-10,0.6756942240884853,11258.703869597368,0.1258703869597367
btc_hl_breakout_5m,0,0.005,0.035,0.0,0.5,15,random,0.0798780369740527,7.98780369740527,0.273972602739726,73,-0.20376041499944675,-20.376041499944677,13.011215574039134,1.1328257023940949,1.454337899543379e-10,0.2533776618108649,10798.780369740527,0.0798780369740527
btc_small_up_9m,0,0.1,0.06,0.0,0.2,90,random,0.0565310368133554,5.65310368133554,0.6666666666666666,12,-0.06818146610587517,-6.818146610587517,18.991339819190383,1.6496936294295113,1.1638888888888888e-09,2.3836820418770497,10565.310368133554,0.0565310368133554
btc_hl_breakout_10m,0,0.01,0.1,0.0,0.5,60,random,0.09481785973989963,9.481785973989963,0.23076923076923078,39,-0.16017778389219828,-16.017778389219828,14.753900493347102,1.2169365804127719,3.2435897435897436e-10,0.5585893838550989,10948.178597398997,0.09481785973989963
btc_hl_breakout_1m,0,0.05,0.01,0.0,0.15,180,random,0.01969466086204734,1.969466086204734,0.75,48,-0.04445252459256521,-4.445252459256521,10.398233566539911,1.1588171411261856,2.4340277777777777e-10,0.2878654791006414,10196.946608620474,0.01969466086204734
btc_hl_breakout_3m,0,0.04,0.02,0.0,0.3,240,random,0.041142503783886106,4.11425037838861,0.627906976744186,43,-0.08529860400309752,-8.529860400309753,11.265616904858328,1.1455711627237206,2.7868217054263566e-10,0.35030358027703656,10411.42503783886,0.041142503783886106
btc_hl_breakout_8m,0,0.035,0.06,0.0,0.5,720,random,0.09634912698876796,9.634912698876796,0.41379310344827586,29,-0.19445798097226386,-19.445798097226387,14.229569583614158,1.1967069178619345,4.712643678160919e-10,0.770469815898723,10963.49126988768,0.09634912698876796
btc_small_down_10m,0,0.035,0.1,0.0,0.05,10,random,0.012248221828845642,1.2248221828845642,0.4,20,-0.019517893467214886,-1.9517893467214886,17.6420759529522,1.3852143023497854,6.616666666666668e-10,1.2372517492835435,10122.482218288456,0.012248221828845642
btc_vol_breakout_3m,0,0.01,0.02,0.0,0.2,45,random,-0.00485553619000284,-0.48555361900028404,0.4090909090909091,66,-0.06568974065994004,-6.568974065994004,-1.3188115701001528,0.9755196370053719,1.3308080808080807e-10,-0.023762567425087953,9951.444638099973,-0.00485553619000284
btc_hl_breakout_8m,0,0.025,0.2,0.0,0.3,120,random,0.11613152277440986,11.613152277440985,0.29411764705882354,17,-0.08987615883135436,-8.987615883135437,24.918233983987303,1.6403035289371908,8.421568627450981e-10,2.3676231114770294,11161.315227744099,0.11613152277440986
btc_vol_breakout_8m,0,0.04,0.035,0.0,0.25,5,random,0.02528147417116402,2.528147417116402,0.5483870967741935,31,-0.07348229949316598,-7.348229949316599,8.863925773309148,1.1296167946314346,3.801075268817204e-10,0.36046384371428153,10252.81474171164,0.02528147417116402
btc_vol_breakout_9m,0,0.06,0.03,0.0,0.2,120,random,0.04182694574214388,4.182694574214388,0.6666666666666666,24,-0.044291560420532394,-4.42915604205324,18.612791218868054,1.3884881837960605,4.6458333333333336e-10,0.8854841648037345,10418.269457421438,0.04182694574214388
btc_hl_breakout_2m,0,0.01,0.03,0.0,0.5,720,random,0.07716969922639964,7.716969922639964,0.38235294117647056,68,-0.15391750034589546,-15.391750034589545,13.46951753311111,1.1375686777824252,1.517156862745098e-10,0.2580853540110255,10771.696992263996,0.07716969922639964
btc_hl_breakout_8m,0,0.005,0.12,0.0,0.3,480,random,0.011778383425348466,1.1778383425348466,0.11764705882352941,51,-0.14506208371012586,-14.506208371012585,3.9497803431416623,1.0415701541138997,2.2679738562091503e-10,0.13073033196035225,10117.783834253485,0.011778383425348466
btc_small_up_10m,0,0.0075,0.2,0.0,0.2,720,random,0.0539831086377568,5.39831086377568,0.16129032258064516,31,-0.0664104583569004,-6.64104583569004,18.534889627541055,1.3814913516324296,3.5913978494623655e-10,0.9250752281099667,10539.831086377568,0.0539831086377568
btc_hl_breakout_8m,0,0.04,0.3,0.0,0.25,240,random,0.062476044721576224,6.247604472157622,0.4,5,-0.09995576411745843,-9.995576411745844,15.651152693285677,2.5519675062249654,2.9366666666666667e-09,5.120650928286917,10624.760447215762,0.062476044721576224
btc_hl_breakout_9m,0,0.005,0.08,0.0,0.3,10,random,-0.0326157318512961,-3.2615731851296097,0.140625,64,-0.165714063100998,-16.5714063100998,-6.758816362767053,0.8948361207904889,1.640625e-10,-0.1432410009071497,9673.84268148704,-0.0326157318512961
btc_small_up_9m,0,0.01,0.25,0.0,0.5,480,random,0.1928549831466844,19.28549831466844,0.2,20,-0.12900196752745574,-12.900196752745574,25.175783459736415,1.8260143309985724,6.008333333333333e-10,2.012830123490772,11928.549831466844,0.1928549831466844
btc_vol_breakout_8m,0,0.0075,0.03,0.0,0.05,1440,random,0.004748842707437831,0.4748842707437831,0.32608695652173914,46,-0.013446466546769176,-1.3446466546769176,9.182401063802127,1.141336863504038,1.9782608695652173e-10,0.20988256650841713,10047.488427074379,0.004748842707437831
btc_vol_breakout_3m,0,0.005,0.3,0.0,0.2,240,random,0.06495833092808255,6.495833092808255,0.3333333333333333,6,-0.06907292382835806,-6.907292382835806,19.620657668186848,4.570649613618397,2.4277777777777777e-09,5.422477909075421,10649.583309280826,0.06495833092808255
btc_vol_breakout_3m,0,0.025,0.25,0.0,0.3,1440,random,0.05085065570573902,5.085065570573902,0.23529411764705882,17,-0.10843860267555161,-10.843860267555161,12.843197912693858,1.2643489956479255,7.666666666666667e-10,1.1764637842717072,10508.50655705739,0.05085065570573902
btc_hl_breakout_6m,0,0.0175,0.04,0.0,0.25,45,random,-0.040150719412620446,-4.015071941262045,0.32608695652173914,46,-0.11793333646455073,-11.793333646455073,-12.096245124410224,0.8424228566419691,2.6992753623188405e-10,-0.3304242664946994,9598.492805873795,-0.040150719412620446
btc_alt_aligned,0,0.02,0.3,0.0,0.1,240,random,0.04059565050595217,4.059565050595217,0.2,15,-0.03311848300055209,-3.311848300055209,23.543289964138317,1.9746846558531452,9.744444444444445e-10,2.747619955929914,10405.956505059521,0.04059565050595217
btc_vol_breakout_3m,0,0.0075,0.025,0.0,0.05,180,random,-0.009822676454232834,-0.9822676454232835,0.2857142857142857,63,-0.02490360945632808,-2.490360945632808,-16.987145213884304,0.7973565159672559,1.4947089947089948e-10,-0.3104595177585724,9901.773235457671,-0.009822676454232834
btc_vol_breakout_10m,0,0.03,0.03,0.0,0.3,360,random,0.07697265593469442,7.697265593469442,0.5666666666666667,30,-0.056295436418071,-5.6295436418071,23.042704973999147,1.4224151366937023,3.2055555555555557e-10,0.8621420123015046,10769.726559346944,0.07697265593469442
btc_hl_breakout_6m,0,0.005,0.3,0.0,0.5,720,random,0.1445140932467617,14.45140932467617,0.25,8,-0.16878398050527887,-16.87839805052789,19.042640480396962,3.270558953935384,1.7895833333333334e-09,3.6855213323496607,11445.140932467617,0.1445140932467617
btc_vol_breakout_3m,0,0.08,0.01,0.0,0.3,360,random,0.09522013348362839,9.522013348362838,0.8292682926829268,41,-0.0769211404360004,-7.69211404360004,22.206175879380435,1.4668305280108433,3.032520325203252e-10,0.7793462807605509,10952.201334836283,0.09522013348362839
btc_alt_aligned,0,0.015,0.03,0.0,0.3,90,random,0.057576487230405704,5.75764872304057,0.3787878787878788,66,-0.09149496481460662,-9.149496481460663,13.500207448176111,1.1515197068437109,2.0656565656565657e-10,0.31465472417620627,10575.764872304057,0.057576487230405704
btc_hl_breakout_7m,0,0.025,0.045,0.0,0.4,20,random,0.12081558905272217,12.081558905272217,0.45,40,-0.12093476996733221,-12.093476996733221,20.643493024512463,1.3030785382752887,3.2625e-10,0.777685277267846,11208.155890527221,0.12081558905272217
btc_vol_breakout_9m,0,0.035,0.01,0.0,0.5,60,random,0.08635632037945007,8.635632037945006,0.7441860465116279,43,-0.1007423957487028,-10.07423957487028,17.52647655965243,1.297419266834662,1.996124031007752e-10,0.4191597252523114,10863.5632037945,0.08635632037945007
btc_hl_breakout_10m,0,0.025,0.2,0.0,0.4,20,random,0.15295529814593883,15.295529814593884,0.29411764705882354,17,-0.1183224297776091,-11.83224297776091,24.78511324441552,1.6090719762688785,8.431372549019607e-10,2.373142982976977,11529.552981459388,0.15295529814593883
btc_hl_breakout_2m,0,0.1,0.04,0.0,0.5,1440,random,0.1421081766954966,14.21081766954966,0.7142857142857143,21,-0.16798178349941562,-16.798178349941562,19.682175257532926,1.3886586109500239,6.722222222222222e-10,1.4288315123968947,11421.081766954965,0.1421081766954966
btc_small_down_10m,0,0.08,0.1,0.0,0.2,5,random,0.059069589052720514,5.9069589052720515,0.5,12,-0.06818453373405586,-6.818453373405586,20.21830453251487,1.5759818770151448,1.1666666666666666e-09,2.517476007063644,10590.695890527206,0.059069589052720514
btc_vol_breakout_2m,0,0.06,0.25,0.0,0.25,30,random,0.10766180016279836,10.766180016279836,0.4444444444444444,9,-0.08175197438797832,-8.175197438797833,26.026847436712437,1.90695257996285,1.6074074074074073e-09,4.930983495568473,11076.618001627983,0.10766180016279836
btc_vol_breakout_2m,0,0.035,0.15,0.0,0.2,180,random,0.035770208705402276,3.5770208705402275,0.3333333333333333,15,-0.07785223432304844,-7.785223432304845,13.303953354046657,1.3204316249704815,9.344444444444446e-10,1.2808372573023623,10357.702087054022,0.035770208705402276
btc_hl_breakout_1m,0,0.04,0.01,0.0,0.5,720,random,0.08286254152866486,8.286254152866485,0.7307692307692307,52,-0.13568973255189698,-13.568973255189698,13.991209959186179,1.1914975928805698,2.2660256410256412e-10,0.3504998295180366,10828.62541528665,0.08286254152866486
btc_small_up_9m,0,0.01,0.015,0.0,0.1,120,random,0.008153274480301684,0.8153274480301684,0.44642857142857145,56,-0.022682339853895006,-2.2682339853895006,7.547922835828841,1.1099092794215486,1.3988095238095236e-10,0.15176193289426557,10081.532744803017,0.008153274480301684
btc_small_up_10m,0,0.035,0.045,0.0,0.3,1440,random,0.10807531174514007,10.807531174514008,0.5161290322580645,31,-0.0988969611526439,-9.88969611526439,24.449395791789318,1.4643559662329,3.801075268817204e-10,1.1669633419737029,11080.7531174514,0.10807531174514007
btc_hl_breakout_3m,0,0.06,0.015,0.0,0.5,120,random,0.14877649375740692,14.877649375740692,0.7692307692307693,39,-0.14278944179240183,-14.278944179240183,20.850845963924776,1.3723882425800031,3.235042735042735e-10,0.780802191655372,11487.76493757407,0.14877649375740692
btc_vol_breakout_9m,0,0.015,0.06,0.0,0.15,720,random,0.023189505773455903,2.31895057734559,0.2962962962962963,27,-0.03161471275908434,-3.161471275908434,13.811407305295088,1.309161226197625,4.0123456790123455e-10,0.5860948943911127,10231.895057734559,0.023189505773455903
btc_bullish,0,0.08,0.15,0.0,0.5,720,random,0.1424879275218088,14.248792752180881,0.4444444444444444,9,-0.16364208684719572,-16.36420868471957,19.37206710269775,1.5502304781047072,1.6203703703703704e-09,3.4440506440106238,11424.879275218089,0.1424879275218088
btc_vol_breakout_2m,0,0.05,0.035,0.0,0.3,720,random,0.038543848233043305,3.8543848233043305,0.5833333333333334,36,-0.10410117885199466,-10.410117885199465,10.537911541850976,1.1376673769934489,3.6805555555555556e-10,0.39964739938035493,10385.438482330434,0.038543848233043305
btc_hl_breakout_4m,0,0.05,0.015,0.0,0.1,480,random,0.012938133934347638,1.2938133934347638,0.6956521739130435,46,-0.03384593350619258,-3.3845933506192583,9.856726810445851,1.141035407050117,2.757246376811594e-10,0.2923677215114165,10129.381339343476,0.012938133934347638
btc_small_down_10m,0,0.035,0.06,0.0,0.5,15,random,0.08268232763027554,8.268232763027553,0.44,25,-0.15888269533370136,-15.888269533370137,13.7789007744124,1.213941850359943,4.693333333333334e-10,0.7619911453023045,10826.823276302755,0.08268232763027554
btc_alt_aligned,0,0.01,0.025,0.0,0.05,10,random,0.008307631531857197,0.8307631531857197,0.37209302325581395,86,-0.017222871201212797,-1.7222871201212797,11.127946567490064,1.131779757803999,1.5426356589147287e-10,0.19653771260946723,10083.076315318573,0.008307631531857197
btc_vol_breakout_10m,0,0.0125,0.04,0.0,0.15,30,random,0.026981444238748646,2.6981444238748646,0.3611111111111111,36,-0.029780250145919562,-2.9780250145919562,17.024725358774468,1.310119395127113,2.5648148148148146e-10,0.5070005852426157,10269.814442387487,0.026981444238748646
btc_vol_breakout_2m,0,0.08,0.25,0.0,0.2,10,random,0.0691671496845217,6.91671496845217,0.4444444444444444,9,-0.06856666411514412,-6.856666411514412,21.25370646439219,1.6407158433926639,1.6e-09,4.039601636534472,10691.671496845218,0.0691671496845217
btc_hl_breakout_2m,0,0.04,0.025,0.0,0.5,15,random,0.1043569805096954,10.43569805096954,0.631578947368421,38,-0.11408911796396992,-11.408911796396993,16.834565659548026,1.2370599655099122,3.4035087719298245e-10,0.5874459105824339,11043.569805096955,0.1043569805096954
btc_hl_breakout_6m,0,0.02,0.035,0.0,0.4,240,random,0.014656372535705214,1.4656372535705213,0.41304347826086957,46,-0.13558034040346356,-13.558034040346357,4.293661644045604,1.0358332370822947,2.775362318840579e-10,0.12411624724765383,10146.563725357053,0.014656372535705214
btc_vol_breakout_3m,0,0.025,0.045,0.0,0.1,720,random,0.009668321881276313,0.9668321881276313,0.4411764705882353,34,-0.037294853109910875,-3.7294853109910875,7.481020076589512,1.1189453190899779,3.607843137254902e-10,0.29850736016398643,10096.683218812763,0.009668321881276313
btc_hl_breakout_3m,0,0.01,0.015,0.0,0.15,60,random,0.007776298509178059,0.7776298509178059,0.47368421052631576,76,-0.04778647625959842,-4.778647625959842,4.741779622245779,1.0509084921726553,1.2653508771929824e-10,0.0769924618922603,10077.76298509178,0.007776298509178059
btc_hl_breakout_10m,0,0.06,0.035,0.0,0.15,60,random,0.03660358657805134,3.6603586578051344,0.64,25,-0.05038025638160548,-5.038025638160548,16.79110112673989,1.3728128051214883,5.386666666666667e-10,0.9910346669860558,10366.035865780514,0.03660358657805134
btc_vol_breakout_8m,0,0.04,0.05,0.0,0.15,360,random,0.011926719078754831,1.192671907875483,0.4583333333333333,24,-0.04766554421541935,-4.766554421541935,6.6272521022901785,1.1165652708187181,5.243055555555556e-10,0.3629294514535983,10119.267190787548,0.011926719078754831
btc_hl_breakout_9m,0,0.0125,0.045,0.0,0.4,90,random,0.08675636714483158,8.675636714483158,0.35294117647058826,51,-0.11884675019534163,-11.884675019534164,15.88397710576142,1.2038533090876458,2.372549019607843e-10,0.4585247255040244,10867.563671448315,0.08675636714483158
btc_vol_breakout_9m,0,0.1,0.2,0.0,0.5,720,random,0.09884409665092289,9.884409665092289,0.42857142857142855,7,-0.1574610588093045,-15.74610588093045,15.449346088554908,1.4273428586282098,2.061904761904762e-09,3.2804136353562607,10988.440966509228,0.09884409665092289
btc_vol_breakout_8m,0,0.025,0.045,0.0,0.4,180,random,0.083505894657322,8.3505894657322,0.48148148148148145,27,-0.08133261197416153,-8.133261197416154,19.034893752933833,1.3694220985152632,3.8333333333333335e-10,0.7931417866425778,10835.05894657322,0.083505894657322
btc_hl_breakout_3m,0,0.03,0.15,0.0,0.15,20,random,0.05312318747547804,5.312318747547804,0.38461538461538464,13,-0.05488697741749071,-5.488697741749071,22.29691962644927,1.7728923283500668,1.0794871794871795e-09,2.765130136711178,10531.23187475478,0.05312318747547804
btc_vol_breakout_3m,0,0.03,0.025,0.0,0.25,360,random,0.057427017529279964,5.742701752927997,0.5897435897435898,39,-0.05669850682946176,-5.669850682946176,17.85769630346899,1.2916902980780756,3.1111111111111114e-10,0.603629500609532,10574.2701752928,0.057427017529279964
btc_hl_breakout_3m,0,0.02,0.02,0.0,0.3,180,random,0.04910933223093512,4.910933223093512,0.5357142857142857,56,-0.07629761512545474,-7.629761512545475,13.312701505975456,1.1632408806615688,2.0029761904761903e-10,0.31185312248465386,10491.09332230935,0.04910933223093512
btc_hl_breakout_3m,0,0.06,0.015,0.0,0.2,120,random,0.060458402186797204,6.045840218679721,0.7692307692307693,39,-0.0587411091099137,-5.87411091099137,20.751952029130173,1.4195505105828365,3.235042735042735e-10,0.7808021916553722,10604.584021867971,0.060458402186797204
btc_alt_aligned,0,0.015,0.045,0.0,0.2,720,random,0.04853545102253208,4.853545102253208,0.34545454545454546,55,-0.061072924027088304,-6.107292402708831,16.24967498190641,1.2252361722567522,2.515151515151515e-10,0.45617822653222045,10485.354510225321,0.04853545102253208
btc_hl_breakout_4m,0,0.1,0.05,0.0,0.5,180,random,0.1372511443919373,13.725114439193732,0.6875,16,-0.167171423930503,-16.7171423930503,19.020588887047673,1.505279750509341,8.84375e-10,1.7761770880013104,11372.511443919373,0.1372511443919373
btc_hl_breakout_10m,0,0.1,0.04,0.0,0.2,10,random,0.04556703033249012,4.556703033249012,0.7,20,-0.077356986931576,-7.7356986931576,15.665306754987647,1.3549389802475518,6.950000000000001e-10,1.1812557510690187,10455.670303324901,0.04556703033249012
btc_alt_aligned,0,0.0175,0.3,0.0,0.05,15,random,0.022168280530785456,2.2168280530785456,0.2,15,-0.01668028432044044,-1.6680284320440442,25.514744802746954,2.1427708495034965,9.733333333333333e-10,2.974635543061899,10221.682805307855,0.022168280530785456
btc_vol_breakout_8m,0,0.0175,0.06,0.0,0.1,360,random,-0.005932107345180907,-0.5932107345180907,0.27586206896551724,29,-0.03470013388503579,-3.470013388503579,-4.474047378088332,0.9159575058243079,3.741379310344827e-10,-0.19017027387597069,9940.678926548191,-0.005932107345180907
btc_hl_breakout_7m,0,0.02,0.06,0.0,0.2,360,random,0.03395314557252466,3.3953145572524654,0.3157894736842105,38,-0.07413723886315715,-7.413723886315715,11.94249545756656,1.175570889831069,3.434210526315789e-10,0.48115852129144343,10339.531455725246,0.03395314557252466
btc_small_up_10m,0,0.035,0.045,0.0,0.3,720,random,0.10807531174514007,10.807531174514008,0.5161290322580645,31,-0.0988969611526439,-9.88969611526439,24.449395791789318,1.4643559662329,3.801075268817204e-10,1.1669633419737029,11080.7531174514,0.10807531174514007
btc_hl_breakout_1m,0,0.03,0.015,0.0,0.05,720,random,0.007260166156566408,0.7260166156566408,0.6181818181818182,55,-0.014682215022101541,-1.4682215022101541,11.582785231400113,1.165200339503742,2.0272727272727274e-10,0.2675183890009424,10072.601661565664,0.007260166156566408
btc_hl_breakout_9m,0,0.025,0.2,0.0,0.5,720,random,0.21196939891024377,21.19693989102438,0.3333333333333333,15,-0.1460396072315484,-14.603960723154842,26.91016176590278,1.7708209636129282,9.677777777777778e-10,2.8981328700554188,12119.693989102438,0.21196939891024377
btc_vol_breakout_2m,0,0.0175,0.02,0.0,0.5,480,random,0.030876650288706786,3.0876650288706786,0.4918032786885246,61,-0.12127833279358846,-12.127833279358846,6.660880582596917,1.0590913157376034,1.7868852459016393e-10,0.13750073990578443,10308.766502887069,0.030876650288706786
btc_hl_breakout_2m,0,0.005,0.25,0.0,0.4,720,random,0.09212816416589871,9.21281641658987,0.12121212121212122,33,-0.14691465198690623,-14.691465198690622,17.20093180808576,1.350389066504704,3.6818181818181814e-10,0.8133121809009028,10921.281641658987,0.09212816416589871
btc_hl_breakout_4m,0,0.035,0.08,0.0,0.3,30,random,0.059872957201023654,5.987295720102366,0.4090909090909091,22,-0.09487535149980086,-9.487535149980086,14.985692070139198,1.2783359837946497,6.356060606060605e-10,0.9705548534825291,10598.729572010237,0.059872957201023654
btc_hl_breakout_7m,0,0.01,0.06,0.0,0.3,480,random,0.03195752869840594,3.1957528698405944,0.23529411764705882,51,-0.10600401794793957,-10.600401794793957,8.365593543228774,1.1053582619997608,2.4019607843137255e-10,0.24848295725684388,10319.57528698406,0.03195752869840594
btc_bullish,0,0.1,0.04,0.0,0.4,1440,random,0.12517056198570767,12.517056198570767,0.7619047619047619,21,-0.12123213343992578,-12.123213343992578,21.707484883867814,1.5136026007342305,6.634920634920635e-10,1.5178810334154489,11251.705619857077,0.12517056198570767
btc_hl_breakout_4m,0,0.0075,0.12,0.0,0.1,5,random,0.016876884004796876,1.6876884004796877,0.19444444444444445,36,-0.03191697347913747,-3.1916973479137467,12.525790756163861,1.2240393280723336,3.532407407407407e-10,0.4895624489591358,10168.76884004797,0.016876884004796876
btc_hl_breakout_7m,0,0.025,0.01,0.0,0.25,30,random,0.06856648215236573,6.856648215236573,0.6521739130434783,69,-0.07606825607282586,-7.606825607282586,19.1549419797344,1.264283193984451,1.7028985507246378e-10,0.4063764162293187,10685.664821523656,0.06856648215236573
btc_vol_breakout_10m,0,0.03,0.06,0.0,0.4,5,random,0.0974949623197147,9.74949623197147,0.42857142857142855,21,-0.08520342274069703,-8.520342274069703,20.921592747770177,1.4566830061825677,5.253968253968254e-10,1.195785423640989,10974.949623197146,0.0974949623197147
btc_hl_breakout_2m,0,0.05,0.015,0.0,0.5,15,random,0.0341716707435452,3.41716707435452,0.7142857142857143,42,-0.14090592648048472,-14.090592648048473,7.119174764737008,1.078870061022195,2.976190476190476e-10,0.22003167090512674,10341.716707435451,0.0341716707435452
btc_hl_breakout_10m,0,0.06,0.01,0.0,0.3,30,random,0.0966685816924918,9.66685816924918,0.8048780487804879,41,-0.07443987873667723,-7.443987873667723,22.373653008229827,1.4909683147307287,3.154471544715447e-10,0.7863592166743174,10966.685816924917,0.0966685816924918
btc_hl_breakout_7m,0,0.0175,0.02,0.0,0.3,120,random,0.038721279608641634,3.872127960864163,0.4838709677419355,62,-0.11474353755266775,-11.474353755266776,10.204476619510176,1.1121905641516294,1.7741935483870967e-10,0.2335313523509149,10387.212796086416,0.038721279608641634
btc_vol_breakout_3m,0,0.02,0.025,0.0,0.2,10,random,0.03158982392052928,3.158982392052928,0.5116279069767442,43,-0.049588730536154646,-4.958873053615465,12.822612158971344,1.1900484981834478,2.569767441860465e-10,0.3837536179142508,10315.898239205293,0.03158982392052928
btc_hl_breakout_8m,0,0.0175,0.04,0.0,0.1,60,random,0.012749759375877011,1.2749759375877012,0.375,48,-0.03548880624145878,-3.548880624145878,9.081989284149602,1.1256368959013763,2.6006944444444443e-10,0.2775558980888644,10127.49759375877,0.012749759375877011
btc_alt_aligned,0,0.05,0.01,0.0,0.05,30,random,0.013804162659269769,1.380416265926977,0.75,64,-0.01654591574829789,-1.654591574829789,18.12967474809005,1.2806578910280246,2.1302083333333333e-10,0.43431973476058444,10138.041626592698,0.013804162659269769
btc_vol_breakout_8m,0,0.04,0.045,0.0,0.15,1440,random,0.00231584674756391,0.231584674756391,0.5,26,-0.047665544215420685,-4.766554421542068,1.7737121517763905,1.0218141388728397,4.5705128205128204e-10,0.085333317391574,10023.15846747564,0.00231584674756391
btc_alt_aligned,0,0.02,0.08,0.0,0.2,30,random,0.04985020322557605,4.985020322557605,0.3235294117647059,34,-0.06730324011094246,-6.730324011094247,16.42126453756916,1.285178673418789,4.1862745098039214e-10,0.7610504915539721,10498.502032255761,0.04985020322557605
btc_hl_breakout_9m,0,0.0075,0.025,0.0,0.2,20,random,0.009956439056645968,0.9956439056645968,0.3424657534246575,73,-0.09329009720431913,-9.329009720431912,4.358295624950588,1.0433200484600151,1.458904109589041e-10,0.08414234729813908,10099.56439056646,0.009956439056645968
btc_hl_breakout_1m,0,0.0125,0.04,0.0,0.1,240,random,0.011661366072415297,1.1661366072415298,0.34545454545454546,55,-0.03531066419177731,-3.531066419177731,9.1958516730694,1.1157469967421423,2.1696969696969696e-10,0.22130189287250945,10116.613660724153,0.011661366072415297
btc_hl_breakout_3m,0,0.025,0.015,0.0,0.05,20,random,0.008597566102862202,0.8597566102862202,0.6037735849056604,53,-0.014244456098015057,-1.4244456098015057,13.308586745591217,1.1982592786983535,2.0503144654088051e-10,0.32795277950688695,10085.975661028622,0.008597566102862202
btc_small_up_10m,0,0.05,0.03,0.0,0.2,180,random,0.06980665685109011,6.980665685109011,0.6285714285714286,35,-0.05655716969163049,-5.655716969163049,23.60483291139407,1.4165777477808812,3.285714285714286e-10,1.0032000887745192,10698.066568510902,0.06980665685109011
btc_alt_aligned,0,0.04,0.025,0.0,0.05,720,random,0.015364958853127888,1.5364958853127888,0.6,45,-0.01479143601510946,-1.479143601510946,20.04910424481938,1.3273613776706639,3.125925925925926e-10,0.6859888853573183,10153.64958853128,0.015364958853127888
btc_small_up_10m,0,0.02,0.15,0.0,0.05,360,random,0.007286172367290283,0.7286172367290283,0.22727272727272727,22,-0.019318733732656912,-1.9318733732656912,9.584099809924524,1.2323066162131664,5.856060606060606e-10,0.6801827345286678,10072.861723672902,0.007286172367290283
btc_vol_breakout_8m,0,0.05,0.01,0.0,0.05,720,random,0.005646101799601734,0.5646101799601735,0.7674418604651163,43,-0.011271676561541044,-1.1271676561541044,10.547363577773568,1.1915258038900882,2.375968992248062e-10,0.2661707686349657,10056.461017996018,0.005646101799601734
btc_vol_breakout_9m,0,0.01,0.1,0.0,0.3,20,random,0.04884872249096038,4.884872249096038,0.2,35,-0.06579981109689514,-6.579981109689514,15.01915389861595,1.263072945357709,3e-10,0.4948865927154666,10488.487224909604,0.04884872249096038
btc_vol_breakout_8m,0,0.015,0.15,0.0,0.25,480,random,0.0431705366026988,4.31705366026988,0.17647058823529413,17,-0.052334748908273054,-5.233474890827305,14.68198474130495,1.4523972255179405,7.490196078431372e-10,1.0788232273559004,10431.705366026988,0.0431705366026988
btc_hl_breakout_10m,0,0.015,0.15,0.0,0.05,5,random,0.014221061320578281,1.422106132057828,0.23809523809523808,21,-0.017716666219204646,-1.7716666219204646,17.98285904203854,1.5376097812628795,6.690476190476191e-10,1.3684672234236703,10142.210613205783,0.014221061320578281
btc_small_down_10m,0,0.015,0.05,0.0,0.3,1440,random,0.05073717948430058,5.073717948430058,0.34210526315789475,38,-0.05625679894906266,-5.625679894906266,15.20972686178133,1.2490096585684107,2.8289473684210526e-10,0.46401189223368317,10507.371794843006,0.05073717948430058
btc_vol_breakout_3m,0,0.01,0.025,0.0,0.05,1440,random,-0.0018994844272395084,-0.18994844272395084,0.3559322033898305,59,-0.014910485046018995,-1.4910485046018995,-3.0163252613112723,0.9591226207526152,1.5451977401129943e-10,-0.06080516984657828,9981.005155727606,-0.0018994844272395084
btc_vol_breakout_9m,0,0.02,0.015,0.0,0.3,180,random,0.02061188137743916,2.061188137743916,0.5555555555555556,45,-0.06615191692455824,-6.615191692455824,7.496549183042764,1.1019647511318165,1.7962962962962963e-10,0.17121525161146303,10206.118813774392,0.02061188137743916
btc_hl_breakout_7m,0,0.0125,0.025,0.0,0.15,10,random,0.031348508673123596,3.1348508673123594,0.40298507462686567,67,-0.04861483168914049,-4.861483168914049,14.846954933634555,1.1901507308400887,1.691542288557214e-10,0.3212220228309993,10313.485086731236,0.031348508673123596
btc_hl_breakout_3m,0,0.02,0.03,0.0,0.1,90,random,0.01733946599814151,1.7339465998141508,0.4782608695652174,46,-0.027513230957155965,-2.7513230957155965,13.328852201603736,1.1941297736152816,2.731884057971014e-10,0.38496819226852996,10173.394659981415,0.01733946599814151
btc_vol_breakout_9m,0,0.02,0.05,0.0,0.4,720,random,0.05177667384148076,5.1776673841480765,0.38461538461538464,26,-0.08166418598859282,-8.166418598859282,12.53449532249634,1.2398223174322647,4.1217948717948717e-10,0.5356436296871313,10517.766738414808,0.05177667384148076
btc_hl_breakout_10m,0,0.005,0.01,0.0,0.05,10,random,-0.010989611405493763,-1.0989611405493764,0.3904761904761905,105,-0.03196184206930486,-3.1961842069304858,-18.065062561469954,0.8051785912539602,7.777777777777778e-11,-0.2086395240835692,9890.103885945062,-0.010989611405493763
btc_hl_breakout_9m,0,0.035,0.01,0.0,0.25,30,random,0.06829630994514496,6.829630994514496,0.7192982456140351,57,-0.06978865528274891,-6.978865528274891,19.002624407958386,1.308124794480292,2.1461988304093566e-10,0.48859095845662215,10682.96309945145,0.06829630994514496
btc_alt_aligned,0,0.01,0.08,0.0,0.05,90,random,0.017216802956449544,1.7216802956449544,0.2727272727272727,44,-0.017629426088609956,-1.7629426088609956,22.030701184489406,1.4368205775788876,3.1780303030303026e-10,0.7850128389945098,10172.168029564495,0.017216802956449544
btc_hl_breakout_5m,0,0.01,0.025,0.0,0.1,20,random,0.010140326229149673,1.0140326229149672,0.38571428571428573,70,-0.030708703996148223,-3.0708703996148223,8.16834442568444,1.0949725172662834,1.488095238095238e-10,0.15180734549000363,10101.403262291497,0.010140326229149673
btc_vol_breakout_9m,0,0.04,0.015,0.0,0.05,120,random,0.0033766845971464877,0.33766845971464876,0.6666666666666666,39,-0.01326436862437863,-1.326436862437863,5.855870935189349,1.0967833008765535,2.405982905982906e-10,0.1783469869923116,10033.766845971464,0.0033766845971464877
btc_hl_breakout_5m,0,0.015,0.15,0.0,0.25,15,random,0.0881713412518106,8.81713412518106,0.24,25,-0.08120946685944963,-8.120946685944963,23.064082690732793,1.5376050473450875,5.62e-10,1.4551957030308762,10881.713412518106,0.0881713412518106
btc_vol_breakout_2m,0,0.015,0.025,0.0,0.4,10,random,0.03454208377315499,3.4542083773154992,0.4406779661016949,59,-0.09554313855962693,-9.554313855962693,8.243052428088626,1.0835587147378398,1.903954802259887e-10,0.17627140331458116,10345.42083773155,0.03454208377315499
btc_hl_breakout_6m,0,0.04,0.1,0.0,0.3,45,random,0.023815672419656403,2.3815672419656404,0.38095238095238093,21,-0.11155385918739813,-11.155385918739814,6.876511214857317,1.1034706712693523,6.555555555555556e-10,0.4728872664250361,10238.156724196564,0.023815672419656403
btc_hl_breakout_4m,0,0.03,0.1,0.0,0.05,360,random,0.007093981056487911,0.709398105648791,0.38095238095238093,21,-0.01958170118925473,-1.958170118925473,10.129252068773546,1.2239513172514582,6.555555555555556e-10,0.6884700223028973,10070.93981056488,0.007093981056487911
btc_hl_breakout_1m,0,0.06,0.1,0.0,0.1,720,random,0.02978302883227352,2.978302883227352,0.46153846153846156,13,-0.03618448986448508,-3.618448986448508,19.44904654730685,1.5855673651421403,1.0756410256410256e-09,2.317651204396162,10297.830288322735,0.02978302883227352
btc_hl_breakout_8m,0,0.05,0.08,0.0,0.25,90,random,0.052749355253942073,5.274935525394207,0.43478260869565216,23,-0.09727383376425636,-9.727383376425635,14.58345211783066,1.2508797148781687,5.91304347826087e-10,0.9809020063971878,10527.493552539421,0.052749355253942073
btc_small_down_10m,0,0.08,0.02,0.0,0.3,90,random,0.11339757238664652,11.339757238664653,0.8,25,-0.06884334397326342,-6.884334397326342,26.375999888656388,1.779096238724089,4.679999999999999e-10,1.4847989059204785,11133.975723866464,0.11339757238664652
btc_bullish,0,0.1,0.045,0.0,0.25,1440,random,0.06753808752788164,6.753808752788164,0.7222222222222222,18,-0.08236140987648333,-8.236140987648334,18.678505939384106,1.5032052311720898,7.842592592592593e-10,1.5323674684344415,10675.380875278817,0.06753808752788164
btc_small_up_9m,0,0.0075,0.15,0.0,0.15,15,random,0.042488876937876695,4.24888769378767,0.18518518518518517,27,-0.039964058686519865,-3.9964058686519865,19.433819835962623,1.5292313562584898,4.166666666666667e-10,1.076563077855286,10424.888769378767,0.042488876937876695
btc_hl_breakout_6m,0,0.0075,0.1,0.0,0.4,360,random,-0.02321448096326653,-2.321448096326653,0.17777777777777778,45,-0.17792262669074632,-17.79226266907463,-2.8669949979134284,0.9372985755727742,2.837037037037037e-10,-0.07164230955149282,9767.855190367334,-0.02321448096326653
btc_vol_breakout_2m,0,0.03,0.2,0.0,0.15,30,random,0.023219310445017256,2.3219310445017256,0.3076923076923077,13,-0.057390327400907104,-5.73903274009071,11.380610805635905,1.3122639084898817,1.0833333333333333e-09,1.2728221677918594,10232.193104450173,0.023219310445017256
btc_small_up_9m,0,0.02,0.2,0.0,0.4,5,random,-0.0018842212605925397,-0.18842212605925396,0.19047619047619047,21,-0.13480812008578413,-13.480812008578413,1.2436079291477438,0.9930480101104033,5.976190476190475e-10,0.13215153089706008,9981.157787394075,-0.0018842212605925397
btc_hl_breakout_8m,0,0.015,0.08,0.0,0.3,720,random,0.030316380715172682,3.031638071517268,0.2857142857142857,35,-0.10709169570047883,-10.709169570047884,8.061660109837556,1.1197644771850823,3.6857142857142854e-10,0.3402919258355479,10303.163807151726,0.030316380715172682
btc_small_up_10m,0,0.025,0.025,0.0,0.5,360,random,0.10973333979849022,10.973333979849022,0.5,40,-0.15691962564242035,-15.691962564242035,17.024478442314354,1.2492957666037563,2.5458333333333336e-10,0.587013813463224,11097.333397984901,0.10973333979849022
btc_vol_breakout_10m,0,0.005,0.25,0.0,0.15,180,random,0.0422922495927068,4.22922495927068,0.0967741935483871,31,-0.04348556631021172,-4.348556631021172,21.843912436044246,1.5337572967895254,3.252688172043011e-10,0.9437763836117453,10422.922495927069,0.0422922495927068
btc_vol_breakout_8m,0,0.0075,0.035,0.0,0.1,90,random,0.006552530909168342,0.6552530909168343,0.30434782608695654,46,-0.025995362408929967,-2.5995362408929967,6.501768134534424,1.0935342968125756,1.992753623188406e-10,0.14963096852262273,10065.525309091683,0.006552530909168342
btc_vol_breakout_3m,0,0.0075,0.025,0.0,0.3,60,random,-0.0603665978247986,-6.03665978247986,0.2857142857142857,63,-0.1423190642579628,-14.231906425796282,-17.036603307172275,0.7970824064534577,1.4947089947089948e-10,-0.31045951775857267,9396.334021752014,-0.0603665978247986
btc_small_down_10m,0,0.025,0.3,0.0,0.3,5,random,0.1389148079364264,13.891480793642641,0.2727272727272727,11,-0.09222521644754889,-9.222521644754888,27.265667062696583,2.212532452782263,1.303030303030303e-09,4.300327568710694,11389.148079364264,0.1389148079364264
btc_small_down_10m,0,0.025,0.035,0.0,0.4,45,random,0.07439084379387113,7.439084379387113,0.5,36,-0.09191888130502313,-9.191888130502313,15.688507209437539,1.2523606251279393,2.902777777777778e-10,0.5449306214650312,10743.908437938711,0.07439084379387113
btc_hl_breakout_3m,0,0.0075,0.1,0.0,0.05,1440,random,0.002425919324392885,0.24259193243928848,0.2,40,-0.019687351469995562,-1.9687351469995562,3.816470853980455,1.0637236698074817,3.045833333333333e-10,0.12882603631037073,10024.259193243928,0.002425919324392885
btc_vol_breakout_10m,0,0.0125,0.12,0.0,0.4,60,random,0.10952116528850156,10.952116528850157,0.2,25,-0.08601495056888175,-8.601495056888176,22.375708604158906,1.5077729084136557,4.673333333333333e-10,1.14746217136654,11095.211652885017,0.10952116528850156
btc_vol_breakout_2m,0,0.025,0.03,0.0,0.3,480,random,0.050492700736112874,5.049270073611288,0.5333333333333333,45,-0.06727505834227587,-6.727505834227587,13.521421307522967,1.1809304085979104,2.877777777777778e-10,0.39851025034459914,10504.92700736113,0.050492700736112874
btc_vol_breakout_8m,0,0.0075,0.06,0.0,0.3,30,random,-0.025134437014786043,-2.513443701478604,0.1794871794871795,39,-0.09182628272120874,-9.182628272120875,-6.710703848078481,0.8787806293023098,2.4615384615384617e-10,-0.19032269825405773,9748.65562985214,-0.025134437014786043
btc_bullish,0,0.0075,0.25,0.0,0.4,240,random,0.1084252407649452,10.84252407649452,0.12903225806451613,31,-0.1319678618092387,-13.19678618092387,17.93759440586571,1.4620646516749973,4.408602150537635e-10,0.9693327765713234,11084.252407649452,0.1084252407649452
btc_hl_breakout_10m,0,0.03,0.045,0.0,0.1,15,random,0.01839557237412149,1.839557237412149,0.4594594594594595,37,-0.03702832064996986,-3.702832064996986,12.53471389979305,1.197494071726457,3.4234234234234234e-10,0.5113324243346609,10183.955723741215,0.01839557237412149
btc_vol_breakout_8m,0,0.015,0.02,0.0,0.3,20,random,0.05440072607604721,5.440072607604721,0.4782608695652174,46,-0.06133652793604283,-6.133652793604282,17.889430927553633,1.2659265731979719,1.7934782608695651e-10,0.404948314007081,10544.007260760472,0.05440072607604721
btc_hl_breakout_4m,0,0.0175,0.035,0.0,0.05,360,random,0.007008510612893894,0.7008510612893895,0.4166666666666667,48,-0.013571328392172566,-1.3571328392172566,10.691966053521721,1.1505302909356379,2.625e-10,0.2967620900809154,10070.08510612894,0.007008510612893894
btc_vol_breakout_8m,0,0.08,0.03,0.0,0.15,20,random,0.045606160214228954,4.560616021422895,0.75,20,-0.03400958560734568,-3.4009585607345683,25.881933465954035,1.7117409835135595,6.549999999999999e-10,1.5174206935689791,10456.06160214229,0.045606160214228954
btc_hl_breakout_9m,0,0.1,0.05,0.0,0.2,1440,random,0.05563078034404873,5.563078034404874,0.6842105263157895,19,-0.07735698693157644,-7.735698693157644,18.66488582449976,1.4325026478486569,7.19298245614035e-10,1.4994742399160002,10556.307803440488,0.05563078034404873
btc_hl_breakout_3m,0,0.08,0.02,0.0,0.05,1440,random,0.017327312450173826,1.7327312450173826,0.7741935483870968,31,-0.01388932287302913,-1.388932287302913,23.813788306447222,1.5427769581185686,4.048387096774193e-10,1.1188974659872297,10173.273124501738,0.017327312450173826
btc_hl_breakout_6m,0,0.0125,0.04,0.0,0.05,10,random,0.002079734629982869,0.2079734629982869,0.34615384615384615,52,-0.016882793528831153,-1.6882793528831153,3.3562697522686826,1.0432178187915147,2.342948717948718e-10,0.08504177435804912,10020.797346299829,0.002079734629982869
btc_hl_breakout_7m,0,0.0075,0.1,0.0,0.3,30,random,0.04083565872441345,4.083565872441345,0.2,45,-0.12847526413121868,-12.847526413121868,10.190818451389449,1.1473416059483952,2.896296296296296e-10,0.34865938555301085,10408.356587244134,0.04083565872441345
btc_alt_aligned,0,0.08,0.15,0.0,0.2,720,random,0.07070375791625609,7.070375791625609,0.45454545454545453,11,-0.07010693905463017,-7.010693905463016,22.487208514551092,1.6156613439270027,1.3363636363636365e-09,3.2994026969984436,10707.037579162561,0.07070375791625609
btc_bullish,0,0.025,0.05,0.0,0.25,45,random,0.07499717588772568,7.499717588772568,0.41025641025641024,39,-0.06828496710726806,-6.828496710726806,20.039385519726554,1.3168388994586944,3.431623931623932e-10,0.7888592627692866,10749.971758877256,0.07499717588772568
btc_vol_breakout_3m,0,0.02,0.2,0.0,0.3,30,random,0.02129572066572173,2.1295720665721727,0.2222222222222222,18,-0.09918963774244216,-9.918963774244215,6.34711709980538,1.1206847498003707,7.046296296296297e-10,0.5298656702256476,10212.957206657218,0.02129572066572173
btc_vol_breakout_3m,0,0.035,0.05,0.0,0.2,20,random,0.03340299727679141,3.3402997276791413,0.5185185185185185,27,-0.06838432072128753,-6.838432072128753,12.87373105502941,1.230040616035483,4.6111111111111114e-10,0.6503915678849735,10334.029972767914,0.03340299727679141
btc_vol_breakout_3m,0,0.025,0.035,0.0,0.05,15,random,0.012998136946883154,1.2998136946883154,0.5135135135135135,37,-0.014131534810254975,-1.4131534810254975,19.671205177706987,1.3407018540178615,3.2432432432432435e-10,0.7056873700059035,10129.981369468831,0.012998136946883154
btc_small_up_10m,0,0.015,0.15,0.0,0.2,240,random,0.028777978359896747,2.8777978359896745,0.19230769230769232,26,-0.07443844350605988,-7.443844350605988,10.454409930950508,1.2223089989241829,4.628205128205128e-10,0.6101354895013558,10287.779783598968,0.028777978359896747
btc_hl_breakout_8m,0,0.0175,0.1,0.0,0.1,5,random,0.01878018247186051,1.878018247186051,0.2727272727272727,33,-0.03696774524966029,-3.696774524966029,12.68000335309578,1.2368944825074946,3.9898989898989895e-10,0.5870307382232806,10187.801824718605,0.01878018247186051
btc_hl_breakout_1m,0,0.05,0.1,0.0,0.4,60,random,0.07583507694885139,7.583507694885139,0.45,20,-0.14114400162902796,-14.114400162902797,14.760032529229012,1.243297618498443,6.883333333333333e-10,1.0652311156627403,10758.350769488514,0.07583507694885139
btc_hl_breakout_4m,0,0.05,0.3,0.0,0.3,240,random,0.12449287261909357,12.449287261909356,0.375,8,-0.09556635466997121,-9.556635466997122,24.801558599806626,1.9758937908233327,1.8145833333333332e-09,5.408052358925379,11244.928726190936,0.12449287261909357
btc_small_up_9m,0,0.015,0.035,0.0,0.5,30,random,0.04751191273815439,4.751191273815439,0.37209302325581395,43,-0.12054853042331226,-12.054853042331226,9.501249806212904,1.11708103201977,2.2906976744186046e-10,0.26263787191999205,10475.119127381544,0.04751191273815439
btc_small_up_10m,0,0.0075,0.2,0.0,0.2,180,random,0.0539831086377568,5.39831086377568,0.16129032258064516,31,-0.0664104583569004,-6.64104583569004,18.534889627541055,1.3814913516324296,3.5913978494623655e-10,0.9250752281099667,10539.831086377568,0.0539831086377568
btc_small_up_10m,0,0.04,0.04,0.0,0.3,1440,random,0.113068775193306,11.3068775193306,0.5625,32,-0.09003769761490887,-9.003769761490886,25.45330020749435,1.4471161200769793,3.6354166666666666e-10,1.1833010948422769,11130.68775193306,0.113068775193306
btc_hl_breakout_1m,0,0.02,0.015,0.0,0.5,480,random,0.0961097963095499,9.61097963095499,0.578125,64,-0.1257883094835025,-12.57883094835025,16.004750027894314,1.185326887762507,1.6588541666666668e-10,0.3232244898441116,10961.097963095499,0.0961097963095499
btc_vol_breakout_3m,0,0.035,0.03,0.0,0.15,10,random,0.028175500343093518,2.8175500343093516,0.5833333333333334,36,-0.04310599358598299,-4.310599358598299,14.477010318928972,1.2348856462279154,3.342592592592593e-10,0.5360664407855386,10281.755003430935,0.028175500343093518
btc_vol_breakout_3m,0,0.005,0.3,0.0,0.25,720,random,0.08117773186907912,8.117773186907911,0.3333333333333333,6,-0.08519139480102711,-8.51913948010271,19.83196171601468,4.5238970276627715,2.4277777777777777e-09,5.422477909075422,10811.77731869079,0.08117773186907912
btc_hl_breakout_9m,0,0.05,0.12,0.0,0.5,60,random,0.13567354691763467,13.567354691763466,0.42105263157894735,19,-0.18784857984957692,-18.784857984957693,18.517125574339804,1.3051569981630706,7.368421052631579e-10,1.6227137108690872,11356.735469176347,0.13567354691763467
btc_vol_breakout_2m,0,0.06,0.025,0.0,0.4,90,random,0.13262069523399286,13.262069523399287,0.71875,32,-0.0952224882341074,-9.52224882341074,23.053128654092966,1.4588599107858922,4.083333333333333e-10,1.034441565341544,11326.20695233993,0.13262069523399286
btc_small_up_10m,0,0.005,0.25,0.0,0.4,30,random,0.12792434551818704,12.792434551818705,0.13333333333333333,30,-0.1323820895240495,-13.23820895240495,21.039190637659882,1.6241394768662853,3.766666666666667e-10,1.137158963281129,11279.24345518187,0.12792434551818704
btc_hl_breakout_6m,0,0.025,0.05,0.0,0.4,20,random,-0.012464073001871794,-1.2464073001871794,0.37142857142857144,35,-0.14635871053426808,-14.635871053426808,-0.6488668619674557,0.9668093211464347,3.8523809523809525e-10,-0.02109708435066347,9875.359269981282,-0.012464073001871794
btc_vol_breakout_3m,0,0.08,0.045,0.0,0.05,10,random,0.013563862845791204,1.3563862845791204,0.6666666666666666,18,-0.01714961957140948,-1.714961957140948,18.159508683940697,1.5217992854799103,7.777777777777777e-10,1.5145940917234864,10135.638628457911,0.013563862845791204
btc_hl_breakout_9m,0,0.06,0.01,0.0,0.3,15,random,0.09731148705361711,9.731148705361711,0.8043478260869565,46,-0.0744398787366769,-7.44398787366769,22.15663980581259,1.4362778574199597,2.815217391304348e-10,0.7075704224871956,10973.11487053617,0.09731148705361711
btc_hl_breakout_7m,0,0.05,0.03,0.0,0.4,180,random,0.08983255991078018,8.983255991078018,0.6,35,-0.14194318887146795,-14.194318887146796,15.999643199588492,1.226209952671866,3.804761904761905e-10,0.6919671553903136,10898.325599107802,0.08983255991078018
btc_vol_breakout_3m,0,0.04,0.03,0.0,0.3,720,random,0.03909476490872658,3.909476490872658,0.5714285714285714,35,-0.08484381171900046,-8.484381171900047,10.719442311013399,1.1502813172590376,3.5476190476190473e-10,0.4095932310516942,10390.947649087266,0.03909476490872658
btc_small_up_10m,0,0.005,0.3,0.0,0.15,60,random,0.03965850460859713,3.9658504608597127,0.2,10,-0.05256026777342582,-5.256026777342582,16.367505430929974,2.8377470167668313,1.3633333333333334e-09,2.67359020311465,10396.585046085971,0.03965850460859713
btc_hl_breakout_2m,0,0.06,0.015,0.0,0.1,720,random,0.03606941951530157,3.606941951530157,0.8,40,-0.025387227483361974,-2.5387227483361974,24.758526690486022,1.5682212826927564,3.1291666666666665e-10,0.8996000525558748,10360.694195153015,0.03606941951530157
btc_hl_breakout_8m,0,0.02,0.12,0.0,0.25,180,random,0.06709654218706933,6.709654218706933,0.28,25,-0.08475934205285074,-8.475934205285075,17.862496824792046,1.3748719684813573,5.453333333333333e-10,1.1301939991833791,10670.965421870693,0.06709654218706933
btc_hl_breakout_1m,0,0.06,0.015,0.0,0.5,360,random,0.22267679879373672,22.267679879373674,0.8048780487804879,41,-0.11487265485027653,-11.487265485027653,29.367699491858428,1.6052533079049183,3.08130081300813e-10,1.0439987342470884,12226.767987937368,0.22267679879373672
btc_bullish,0,0.035,0.04,0.0,0.25,120,random,0.09425926851926957,9.425926851926956,0.5405405405405406,37,-0.0793122904961624,-7.93122904961624,24.769438957995977,1.4149584604700158,3.648648648648649e-10,1.0235312614555225,10942.592685192696,0.09425926851926957
btc_small_down_10m,0,0.01,0.05,0.0,0.4,20,random,0.013706653899926596,1.3706653899926595,0.2653061224489796,49,-0.09143085604571577,-9.143085604571578,4.1766562557216,1.0418354777880137,2.0884353741496598e-10,0.10352866075917627,10137.066538999266,0.013706653899926596
btc_hl_breakout_1m,0,0.035,0.3,0.0,0.4,90,random,0.1705809270872034,17.05809270872034,0.3333333333333333,9,-0.13348843445891523,-13.348843445891523,25.862244531209228,2.006461841386748,1.598148148148148e-09,4.956772201493339,11705.809270872034,0.1705809270872034
btc_hl_breakout_1m,0,0.02,0.2,0.0,0.25,1440,random,0.03456766055543403,3.456766055543403,0.23529411764705882,17,-0.08231356776882226,-8.231356776882226,10.737688444582112,1.2554323598424877,8.088235294117647e-10,0.9199820979018901,10345.676605554341,0.03456766055543403
btc_hl_breakout_7m,0,0.035,0.045,0.0,0.1,10,random,0.021083644594167276,2.1083644594167277,0.47058823529411764,34,-0.04164599286083792,-4.164599286083792,14.117999335527266,1.2374328931304064,3.9362745098039217e-10,0.6351548980683668,10210.836445941673,0.021083644594167276
btc_hl_breakout_10m,0,0.02,0.045,0.0,0.2,45,random,0.030752067853902873,3.075206785390287,0.40476190476190477,42,-0.05813762936197564,-5.8137629361975645,11.136620755254745,1.1585729853774693,2.972222222222222e-10,0.3910962917935215,10307.52067853903,0.030752067853902873
btc_vol_breakout_8m,0,0.04,0.06,0.0,0.25,120,random,-0.0008883226241460762,-0.08883226241460762,0.38095238095238093,21,-0.07843926805552226,-7.8439268055522255,0.6860001029618116,0.9948697979734146,5.833333333333333e-10,0.04846053128413683,9991.116773758538,-0.0008883226241460762
btc_vol_breakout_8m,0,0.0125,0.1,0.0,0.5,180,random,0.13020694960327792,13.020694960327791,0.2413793103448276,29,-0.1273075805988203,-12.73075805988203,22.00127766428718,1.4174750536485243,3.890804597701149e-10,0.9331553860009935,11302.069496032778,0.13020694960327792
btc_small_up_9m,0,0.015,0.3,0.0,0.4,480,random,0.11194014729749183,11.194014729749183,0.2857142857142857,7,-0.1253102847365205,-12.53102847365205,18.4110228471975,3.185043323230881,1.988095238095238e-09,4.068021319851363,11119.401472974918,0.11194014729749183
btc_small_up_10m,0,0.025,0.02,0.0,0.1,120,random,0.02010118033809905,2.010118033809905,0.5319148936170213,47,-0.03302886509087333,-3.3028865090873327,14.67625084206493,1.2368102935251593,2.120567375886525e-10,0.4353147084193058,10201.01180338099,0.02010118033809905
btc_hl_breakout_2m,0,0.05,0.2,0.0,0.4,45,random,0.05518988836577578,5.518988836577578,0.36363636363636365,11,-0.11935362851046549,-11.935362851046548,11.507260721056932,1.25606627746276,1.3136363636363635e-09,1.534547643830646,10551.898883657757,0.05518988836577578
btc_vol_breakout_10m,0,0.08,0.045,0.0,0.25,360,random,-0.00041292858121996686,-0.041292858121996685,0.6111111111111112,18,-0.08376309916375746,-8.376309916375746,0.8043444830280743,0.9973513282365736,6.527777777777778e-10,0.05967879628734471,9995.8707141878,-0.00041292858121996686
btc_bullish,0,0.05,0.03,0.0,0.25,120,random,0.07183470034858074,7.183470034858074,0.6060606060606061,33,-0.07754800133715178,-7.754800133715179,19.435114634343357,1.3337781681210281,4.116161616161616e-10,0.8914641452657154,10718.347003485807,0.07183470034858074
btc_hl_breakout_10m,0,0.08,0.08,0.0,0.05,720,random,0.01406806540268645,1.406806540268645,0.5833333333333334,12,-0.017315140971885135,-1.7315140971885135,18.64219351089177,1.626383416253901,1.2097222222222222e-09,2.3556678565104088,10140.680654026864,0.01406806540268645
btc_small_up_9m,0,0.0175,0.035,0.0,0.15,60,random,0.013684579819453984,1.3684579819453984,0.3902439024390244,41,-0.040109415410136795,-4.010941541013679,7.986840740290673,1.1186917886684462,2.5e-10,0.2363563668081684,10136.84579819454,0.013684579819453984
btc_hl_breakout_10m,0,0.02,0.02,0.0,0.4,10,random,0.06707031278201143,6.707031278201144,0.5166666666666667,60,-0.12356143622773719,-12.356143622773718,12.976756844867147,1.1469643738953001,1.8416666666666668e-10,0.3108467144893462,10670.703127820114,0.06707031278201143
btc_hl_breakout_7m,0,0.0075,0.08,0.0,0.1,180,random,0.00810712382656875,0.810712382656875,0.2127659574468085,47,-0.04567783332494613,-4.567783332494613,6.088664463714529,1.0972880833990546,2.6170212765957446e-10,0.18514210009393883,10081.071238265687,0.00810712382656875
btc_hl_breakout_8m,0,0.0175,0.25,0.0,0.4,480,random,0.10331426938114846,10.331426938114847,0.2,20,-0.13775802318349784,-13.775802318349783,17.331095503092946,1.441219836218253,6.808333333333333e-10,1.4490515650988958,11033.142693811486,0.10331426938114846
btc_vol_breakout_8m,0,0.1,0.3,0.0,0.1,60,random,0.010575030711340833,1.0575030711340832,0.5,4,-0.03308519003951005,-3.308519003951005,7.8312985232016805,1.440784135888267,3.5916666666666666e-09,2.7836904344608464,10105.750307113409,0.010575030711340833
btc_vol_breakout_8m,0,0.0075,0.3,0.0,0.4,180,random,0.09030832418505187,9.030832418505188,0.18181818181818182,11,-0.0823041851123485,-8.230418511234848,18.1871746078234,2.186298060174427,1.1969696969696968e-09,2.1519762262080393,10903.08324185052,0.09030832418505187
btc_hl_breakout_4m,0,0.035,0.08,0.0,0.3,240,random,0.059872957201023654,5.987295720102366,0.4090909090909091,22,-0.09487535149980086,-9.487535149980086,14.985692070139198,1.2783359837946497,6.356060606060605e-10,0.9705548534825291,10598.729572010237,0.059872957201023654
btc_alt_aligned,0,0.04,0.12,0.0,0.15,60,random,0.05654748736787267,5.654748736787267,0.4,20,-0.047105030459129726,-4.710503045912972,23.815329757504912,1.510923921565482,7.258333333333333e-10,1.91598399890013,10565.474873678726,0.05654748736787267
btc_hl_breakout_2m,0,0.05,0.12,0.0,0.05,10,random,0.013581278444845333,1.3581278444845333,0.4117647058823529,17,-0.015425606743004971,-1.5425606743004971,19.516889822345693,1.4029395620419325,8.30392156862745e-10,1.6179554607234046,10135.812784448453,0.013581278444845333
btc_alt_aligned,0,0.0125,0.12,0.0,0.1,1440,random,0.025556483350728854,2.5556483350728856,0.2,40,-0.03427685866200647,-3.427685866200647,16.328034730133545,1.2988636318822875,3.516666666666667e-10,0.6570329454045285,10255.56483350729,0.025556483350728854
btc_small_up_9m,0,0.035,0.03,0.0,0.3,1440,random,0.0914602663456008,9.14602663456008,0.6060606060606061,33,-0.058578345875594406,-5.857834587559441,23.82595362285482,1.4544068877628193,3.4090909090909087e-10,0.9245421421997012,10914.602663456008,0.0914602663456008
btc_vol_breakout_8m,0,0.1,0.25,0.0,0.25,10,random,0.08044459027557928,8.044459027557927,0.6,5,-0.08110967342663311,-8.110967342663312,20.38720981421124,2.214197243375443,2.9433333333333333e-09,6.605717526282288,10804.445902755793,0.08044459027557928
btc_vol_breakout_10m,0,0.015,0.03,0.0,0.3,15,random,0.07038740570883037,7.038740570883037,0.4358974358974359,39,-0.05643223114051754,-5.643223114051754,22.23628304499361,1.3686264749389054,2.188034188034188e-10,0.607855660272567,10703.874057088304,0.07038740570883037
btc_hl_breakout_3m,0,0.02,0.04,0.0,0.25,5,random,0.06132689185136114,6.1326891851361145,0.46511627906976744,43,-0.06750557940808022,-6.750557940808022,18.671476508266238,1.2774894484302857,2.934108527131783e-10,0.5844784781364436,10613.268918513611,0.06132689185136114
btc_hl_breakout_10m,0,0.005,0.025,0.0,0.2,480,random,0.002852786390108781,0.28527863901087813,0.27906976744186046,86,-0.09966641899862161,-9.96664189986216,1.8437891120365908,1.0124778216786003,1.0930232558139535e-10,0.029971743958569056,10028.527863901088,0.002852786390108781
btc_hl_breakout_7m,0,0.015,0.3,0.0,0.5,360,random,0.21321967977591866,21.321967977591864,0.21428571428571427,14,-0.16664036851608177,-16.664036851608177,26.27050286671224,2.218185198973846,1.0166666666666667e-09,3.1095771842407043,12132.196797759187,0.21321967977591866
btc_vol_breakout_8m,0,0.06,0.05,0.0,0.2,180,random,-0.015703909304108105,-1.5703909304108106,0.47058823529411764,17,-0.07184923776286689,-7.1849237762866895,-5.357083473215637,0.8761482451475618,6.892156862745098e-10,-0.40693217319146513,9842.960906958919,-0.015703909304108105
btc_alt_aligned,0,0.03,0.045,0.0,0.05,10,random,0.012850408881708762,1.2850408881708761,0.4634146341463415,41,-0.017282456876217545,-1.7282456876217545,16.60750458173609,1.2568890191831028,3.4308943089430895e-10,0.6324256383634705,10128.504088817088,0.012850408881708762
btc_hl_breakout_5m,0,0.04,0.25,0.0,0.1,120,random,0.023120741875355167,2.312074187535517,0.2857142857142857,14,-0.03831384992559772,-3.831384992559772,15.688195479726636,1.389451778435474,1.036904761904762e-09,1.7247737109672725,10231.20741875355,0.023120741875355167
btc_hl_breakout_2m,0,0.03,0.045,0.0,0.05,240,random,0.0011989987034983017,0.11989987034983017,0.42857142857142855,35,-0.024319417325093795,-2.4319417325093795,1.9776574229177757,1.0270724309794055,3.8142857142857146e-10,0.07627520341456712,10011.989987034984,0.0011989987034983017
btc_hl_breakout_7m,0,0.0175,0.3,0.0,0.1,60,random,0.0415191656674427,4.15191656674427,0.2,15,-0.03678424953545545,-3.678424953545545,24.286105785786535,1.9824975347154137,9.4e-10,2.8114617766306806,10415.191656674428,0.0415191656674427
btc_small_up_9m,0,0.0175,0.04,0.0,0.5,5,random,0.05826926758178724,5.8269267581787245,0.3902439024390244,41,-0.12869374993451177,-12.869374993451178,11.138296151418176,1.1402385036687006,2.4105691056910567e-10,0.32875262234606506,10582.692675817872,0.05826926758178724
btc_hl_breakout_10m,0,0.06,0.06,0.0,0.25,15,random,0.07055900684267967,7.055900684267967,0.5555555555555556,18,-0.08828089606461653,-8.828089606461653,18.962706907116118,1.4581202727471019,7.962962962962963e-10,1.6048274553408952,10705.590068426796,0.07055900684267967
btc_hl_breakout_6m,0,0.02,0.02,0.0,0.1,45,random,0.006101610134511884,0.6101610134511883,0.5172413793103449,58,-0.03349594031990755,-3.3495940319907547,5.034988082448085,1.0605127243931163,1.9655172413793102e-10,0.11344533797072308,10061.016101345118,0.006101610134511884
btc_vol_breakout_2m,0,0.01,0.15,0.0,0.05,180,random,0.008173912712589748,0.8173912712589748,0.18518518518518517,27,-0.018093915761717927,-1.8093915761717927,12.12921974522237,1.2690093525877255,4.993827160493827e-10,0.6194291322531854,10081.739127125897,0.008173912712589748
btc_alt_aligned,0,0.05,0.035,0.0,0.1,20,random,0.02689800382104653,2.6898003821046528,0.6,35,-0.03625686475095424,-3.6256864750954243,17.611569376555558,1.294156105452823,4.0714285714285713e-10,0.7796950362098022,10268.980038210466,0.02689800382104653
btc_small_up_10m,0,0.08,0.2,0.0,0.2,90,random,0.04945420891460967,4.945420891460968,0.6,5,-0.07906915416156246,-7.906915416156246,16.09481190261985,2.199191529561089,2.86e-09,5.043379193030514,10494.542089146096,0.04945420891460967
btc_vol_breakout_3m,0,0.1,0.1,0.0,0.05,10,random,0.016106878548654772,1.6106878548654773,0.5454545454545454,11,-0.01662163644751735,-1.6621636447517352,21.03591721108682,1.6964290197529024,1.2742424242424242e-09,2.9437655022492173,10161.068785486548,0.016106878548654772
btc_vol_breakout_2m,0,0.03,0.15,0.0,0.05,60,random,0.009966029031531378,0.9966029031531378,0.3333333333333333,15,-0.01944170989599958,-1.9441709895999582,14.213311428514722,1.3787537931341396,9.266666666666667e-10,1.3508603926494553,10099.660290315314,0.009966029031531378
btc_vol_breakout_8m,0,0.005,0.2,0.0,0.3,480,random,0.0791530054608163,7.91530054608163,0.0967741935483871,31,-0.0855875726533919,-8.558757265339189,21.366332514703807,1.524183798116679,3.5161290322580647e-10,0.9084998209532517,10791.530054608163,0.0791530054608163
btc_hl_breakout_4m,0,0.02,0.015,0.0,0.25,1440,random,0.05312877962182015,5.312877962182015,0.59375,64,-0.053425803786309345,-5.3425803786309345,16.61762818118748,1.21291009903218,1.6796875e-10,0.3433044808411728,10531.287796218201,0.05312877962182015
btc_small_up_10m,0,0.0125,0.2,0.0,0.25,1440,random,0.03454012116494846,3.454012116494846,0.17857142857142858,28,-0.08851085991531882,-8.851085991531882,10.396227530433531,1.183349489855359,4.113095238095238e-10,0.5763193215589243,10345.401211649485,0.03454012116494846
btc_hl_breakout_3m,0,0.0075,0.25,0.0,0.25,5,random,0.05073598753324654,5.073598753324654,0.14285714285714285,28,-0.09401615358441862,-9.401615358441862,14.561357051554282,1.301184085925122,4.726190476190476e-10,0.8201810413685315,10507.359875332466,0.05073598753324654
btc_vol_breakout_8m,0,0.0125,0.045,0.0,0.2,60,random,0.021438339995985142,2.143833999598514,0.3333333333333333,36,-0.04309389585058687,-4.309389585058687,10.565325808959589,1.1765000357557376,2.777777777777778e-10,0.3123145661026368,10214.383399959852,0.021438339995985142
btc_hl_breakout_7m,0,0.02,0.02,0.0,0.4,60,random,0.08402817209764621,8.40281720976462,0.5166666666666667,60,-0.12341206704050289,-12.34120670405029,15.554988452506285,1.182166834739622,1.886111111111111e-10,0.3772441440402582,10840.281720976462,0.08402817209764621
btc_hl_breakout_5m,0,0.1,0.015,0.0,0.5,90,random,0.1425921119431634,14.25921119431634,0.8181818181818182,33,-0.1679873629335079,-16.798736293350792,20.02913605228836,1.3841502410397524,3.8181818181818185e-10,0.8975010753987501,11425.921119431634,0.1425921119431634
btc_small_up_9m,0,0.025,0.2,0.0,0.2,5,random,0.012826217857598294,1.2826217857598294,0.23529411764705882,17,-0.05987961382906459,-5.987961382906459,5.665987807417293,1.1083670462478323,7.460784313725491e-10,0.47248118495097774,10128.262178575984,0.012826217857598294
btc_hl_breakout_10m,0,0.05,0.12,0.0,0.3,480,random,0.07996878543404481,7.996878543404481,0.4117647058823529,17,-0.1165318310987219,-11.65318310987219,17.802591305599783,1.3690757138854548,8.284313725490195e-10,1.6815693859587866,10799.68785434045,0.07996878543404481
btc_hl_breakout_9m,0,0.05,0.15,0.0,0.2,240,random,0.06126936869494643,6.126936869494643,0.42857142857142855,14,-0.07899793576120917,-7.899793576120917,19.636903066995202,1.4867754794464483,1.0297619047619048e-09,2.2749426198602936,10612.693686949464,0.06126936869494643
btc_vol_breakout_9m,0,0.035,0.03,0.0,0.1,1440,random,0.024975100758763927,2.497510075876393,0.5862068965517241,29,-0.019953185824475694,-1.9953185824475694,22.132253051507636,1.4204761428608652,3.649425287356322e-10,0.865015587944497,10249.75100758764,0.024975100758763927
btc_hl_breakout_3m,0,0.0175,0.015,0.0,0.4,60,random,-0.01929709064421281,-1.929709064421281,0.515625,64,-0.12972410031463344,-12.972410031463344,-2.3029150640873164,0.955362136585029,1.6223958333333334e-10,-0.04604270092395903,9807.029093557872,-0.01929709064421281
btc_vol_breakout_9m,0,0.005,0.08,0.0,0.25,360,random,0.011219807653893714,1.1219807653893714,0.16279069767441862,43,-0.062455722023202154,-6.245572202320215,4.787074869502385,1.068123025500197,2.0930232558139533e-10,0.12841712373528597,10112.198076538938,0.011219807653893714
btc_hl_breakout_10m,0,0.015,0.25,0.0,0.3,15,random,0.12512737864345094,12.512737864345095,0.21052631578947367,19,-0.1001558540369325,-10.015585403693251,25.923876768797545,1.9042989394729046,7.385964912280702e-10,2.2491283572547314,11251.273786434509,0.12512737864345094
btc_hl_breakout_5m,0,0.0075,0.03,0.0,0.4,480,random,-0.0348158735216854,-3.48158735216854,0.3142857142857143,70,-0.18974901485559714,-18.974901485559712,-5.502456638744869,0.9261526772297407,1.6595238095238095e-10,-0.0982463356938178,9651.841264783146,-0.0348158735216854
btc_hl_breakout_5m,0,0.05,0.25,0.0,0.05,5,random,0.011502350972940285,1.1502350972940285,0.3076923076923077,13,-0.021163359269558812,-2.1163359269558812,15.427583832297541,1.3777457507711492,1.1051282051282052e-09,1.8135666760337017,10115.023509729403,0.011502350972940285
btc_hl_breakout_3m,0,0.1,0.02,0.0,0.4,5,random,0.12327806007384033,12.327806007384034,0.7931034482758621,29,-0.1270087276176345,-12.70087276176345,21.43321351124693,1.4253340789074926,4.3908045977011496e-10,1.0879265022667428,11232.780600738402,0.12327806007384033
btc_hl_breakout_8m,0,0.02,0.06,0.0,0.3,1440,random,0.05797143516168217,5.797143516168217,0.32432432432432434,37,-0.10093667165186304,-10.093667165186304,13.640212891898207,1.2008267414261502,3.594594594594595e-10,0.570897177375832,10579.714351616822,0.05797143516168217
btc_hl_breakout_7m,0,0.015,0.01,0.0,0.25,720,random,0.006819910853230249,0.6819910853230249,0.5609756097560976,82,-0.09773840616772278,-9.773840616772278,2.9795475842904686,1.024111510815824,1.2113821138211382e-10,0.0497743340349365,10068.199108532302,0.006819910853230249
btc_hl_breakout_5m,0,0.08,0.02,0.0,0.3,1440,random,0.09114879524633729,9.114879524633729,0.7586206896551724,29,-0.08887888117594689,-8.887888117594688,21.02879334261612,1.4441261536398715,4.327586206896552e-10,1.0610775858514827,10911.487952463372,0.09114879524633729
btc_hl_breakout_5m,0,0.03,0.12,0.0,0.05,60,random,0.0034830790322703934,0.34830790322703936,0.2916666666666667,24,-0.020937376102415084,-2.0937376102415084,5.1465350209300045,1.083844682429662,5.916666666666667e-10,0.30983560664109033,10034.830790322703,0.0034830790322703934
btc_hl_breakout_10m,0,0.035,0.025,0.0,0.4,120,random,0.1167305200398605,11.673052003986049,0.6153846153846154,39,-0.10475594656761622,-10.475594656761622,20.43688307168609,1.3207774050822607,3.2692307692307694e-10,0.7696096385728393,11167.305200398605,0.1167305200398605
btc_small_down_10m,0,0.025,0.04,0.0,0.15,45,random,0.020981287346028988,2.098128734602899,0.4375,32,-0.035166973415588276,-3.5166973415588276,11.26096369329656,1.2037557405357986,3.5208333333333333e-10,0.4531341370684834,10209.81287346029,0.020981287346028988
btc_hl_breakout_7m,0,0.0125,0.025,0.0,0.5,240,random,0.0966759188389944,9.66759188389944,0.40298507462686567,67,-0.1581178561351464,-15.81178561351464,14.856966364048665,1.1561988710522966,1.691542288557214e-10,0.32122202283099954,10966.759188389944,0.0966759188389944
btc_hl_breakout_8m,0,0.025,0.04,0.0,0.15,45,random,0.040614571028100226,4.061457102810023,0.46153846153846156,39,-0.04524530774919289,-4.524530774919288,18.37405607905678,1.3108177791654014,3.2991452991452993e-10,0.7047571310170051,10406.145710281002,0.040614571028100226
btc_hl_breakout_8m,0,0.035,0.02,0.0,0.5,60,random,0.16604849586837991,16.604849586837993,0.6511627906976745,43,-0.12968398412316073,-12.968398412316073,23.235217496141274,1.3521401798043957,2.7829457364341086e-10,0.7819783642943353,11660.484958683799,0.16604849586837991
btc_small_up_10m,0,0.05,0.05,0.0,0.1,180,random,0.02947991275371562,2.947991275371562,0.5555555555555556,27,-0.03611025378035848,-3.611025378035848,19.61538565186952,1.3677778671702887,4.444444444444445e-10,1.1049872684261366,10294.799127537157,0.02947991275371562
btc_vol_breakout_2m,0,0.1,0.02,0.0,0.5,1440,random,0.10655858357592288,10.655858357592288,0.7931034482758621,29,-0.16553878999754135,-16.553878999754133,15.954196502840796,1.2885168601364416,4.591954022988506e-10,0.8019375823972065,11065.58583575923,0.10655858357592288
btc_hl_breakout_7m,0,0.1,0.045,0.0,0.15,15,random,0.02313999665673325,2.3139996656733253,0.6666666666666666,18,-0.05844632607533251,-5.844632607533251,10.93208936974126,1.2550077030710582,7.768518518518519e-10,0.9003257629355542,10231.399966567333,0.02313999665673325
btc_hl_breakout_10m,0,0.01,0.045,0.0,0.3,45,random,0.026142026095099573,2.6142026095099573,0.3,50,-0.09480064095946505,-9.480064095946506,7.382937965856364,1.09333422014934,2.3333333333333335e-10,0.20657127025011077,10261.420260950996,0.026142026095099573
btc_hl_breakout_5m,0,0.0125,0.04,0.0,0.4,30,random,0.04023675157895809,4.023675157895809,0.35294117647058826,51,-0.1200346145281248,-12.00346145281248,8.947372412410203,1.0996947967105808,2.450980392156863e-10,0.2347508298368575,10402.367515789581,0.04023675157895809
btc_vol_breakout_10m,0,0.0075,0.035,0.0,0.3,1440,random,-0.010059131741341116,-1.0059131741341116,0.2857142857142857,42,-0.09152333254004363,-9.152333254004363,-2.600443998210668,0.9507100323399381,1.9404761904761905e-10,-0.05934013040037506,9899.408682586589,-0.010059131741341116
btc_vol_breakout_2m,0,0.005,0.045,0.0,0.15,90,random,-0.027626295439986893,-2.762629543998689,0.18666666666666668,75,-0.06424068868114596,-6.424068868114596,-14.98341235577524,0.8106125498455007,1.337777777777778e-10,-0.24114111856201578,9723.737045600132,-0.027626295439986893
btc_vol_breakout_3m,0,0.015,0.12,0.0,0.2,60,random,0.038457231816969945,3.8457231816969943,0.2608695652173913,23,-0.06859849570410093,-6.859849570410093,14.3337409538278,1.3256079875998505,5.478260869565217e-10,0.8872909686734065,10384.5723181697,0.038457231816969945
btc_hl_breakout_9m,0,0.04,0.01,0.0,0.05,240,random,0.013207138007090231,1.3207138007090231,0.7192982456140351,57,-0.014433490441925545,-1.4433490441925545,18.029586893291846,1.3188222282705475,2.175438596491228e-10,0.46580589245756376,10132.071380070902,0.013207138007090231
btc_hl_breakout_3m,0,0.04,0.045,0.0,0.05,1440,random,0.010982649696069154,1.0982649696069153,0.5333333333333333,30,-0.017214560791767197,-1.7214560791767197,15.981367872744022,1.2834816619000957,4.516666666666667e-10,0.7390396093267106,10109.826496960692,0.010982649696069154
btc_hl_breakout_1m,0,0.05,0.01,0.0,0.4,15,random,0.04774690362969591,4.774690362969591,0.75,48,-0.1159038434258185,-11.59038434258185,10.339411549316642,1.1359395707485498,2.4340277777777777e-10,0.28786547910063587,10477.46903629696,0.04774690362969591
btc_vol_breakout_3m,0,0.005,0.03,0.0,0.1,60,random,-0.012661745791579745,-1.2661745791579744,0.2647058823529412,68,-0.04622699483327197,-4.622699483327198,-10.906339208022542,0.86232905745117,1.1740196078431373e-10,-0.1817024297133077,9873.382542084202,-0.012661745791579745
btc_vol_breakout_3m,0,0.0125,0.06,0.0,0.2,120,random,0.003803078447650296,0.3803078447650296,0.28125,32,-0.06398316732030274,-6.398316732030274,2.2242657058285844,1.0278959770379448,3.625e-10,0.09081943425253013,10038.030784476503,0.003803078447650296
btc_small_up_9m,0,0.06,0.015,0.0,0.2,10,random,0.03364142539387792,3.364142539387792,0.7222222222222222,36,-0.051795709108136134,-5.179570910813613,12.692734964724421,1.2191569365445976,3.1111111111111114e-10,0.49016430813317474,10336.41425393878,0.03364142539387792
btc_vol_breakout_10m,0,0.03,0.25,0.0,0.1,30,random,0.042199485734912244,4.219948573491225,0.3333333333333333,12,-0.02191688760736421,-2.191688760736421,31.124659097105333,2.100626801290821,1.0541666666666666e-09,3.5393532370424445,10421.994857349122,0.042199485734912244
btc_hl_breakout_1m,0,0.05,0.06,0.0,0.05,60,random,0.011984739629370005,1.1984739629370005,0.52,25,-0.018570089427158987,-1.8570089427158987,17.16835670465012,1.3082398818485963,5.513333333333333e-10,0.9681969107792929,10119.8473962937,0.011984739629370005
btc_small_up_10m,0,0.05,0.04,0.0,0.25,1440,random,0.08448645380845538,8.448645380845537,0.6,30,-0.0703763273557968,-7.037632735579679,22.787990504551427,1.3937194275686786,3.8944444444444446e-10,1.1448343109546817,10844.864538084554,0.08448645380845538
btc_small_up_9m,0,0.025,0.04,0.0,0.1,360,random,0.028488119683913522,2.8488119683913524,0.5,34,-0.022247688854552528,-2.2247688854552528,23.398653711181435,1.4348992749537464,3.068627450980392e-10,0.8399011793329075,10284.881196839135,0.028488119683913522
btc_hl_breakout_4m,0,0.02,0.03,0.0,0.05,10,random,0.012008593078829483,1.2008593078829484,0.4897959183673469,49,-0.01117859077176464,-1.117859077176464,18.055933794984153,1.266090359920638,2.54421768707483e-10,0.4931721276562515,10120.085930788295,0.012008593078829483
btc_vol_breakout_9m,0,0.005,0.06,0.0,0.5,180,random,-0.04213924868900249,-4.213924868900249,0.1590909090909091,44,-0.1468475532188468,-14.68475532188468,-6.4011186179128465,0.8769279110300704,1.893939393939394e-10,-0.15697423436495064,9578.607513109975,-0.04213924868900249
btc_hl_breakout_3m,0,0.1,0.04,0.0,0.2,20,random,0.06623454810460502,6.623454810460502,0.7272727272727273,22,-0.06964038788868854,-6.964038788868853,21.987001240916474,1.507619564814909,6.409090909090909e-10,1.5210474998767498,10662.34548104605,0.06623454810460502
btc_hl_breakout_1m,0,0.01,0.3,0.0,0.2,360,random,0.04973964060564247,4.973964060564247,0.15789473684210525,19,-0.07955022152300506,-7.955022152300506,17.062596233811412,1.5081940125865647,7.149122807017544e-10,1.392734914581872,10497.396406056425,0.04973964060564247
btc_vol_breakout_10m,0,0.0125,0.2,0.0,0.05,720,random,0.013295549519694538,1.3295549519694538,0.14285714285714285,21,-0.013840766942843197,-1.3840766942843197,20.685124819701553,1.5648172884041875,5.388888888888889e-10,1.2822415243915914,10132.955495196946,0.013295549519694538
btc_hl_breakout_1m,0,0.03,0.2,0.0,0.05,10,random,0.002145647776129101,0.21456477761291012,0.25,16,-0.02004618920142931,-2.004618920142931,3.333807126199541,1.070803429179937,8.864583333333333e-10,0.2952989595428415,10021.45647776129,0.002145647776129101
btc_small_down_10m,0,0.05,0.015,0.0,0.25,30,random,0.04594461107829466,4.594461107829466,0.717948717948718,39,-0.05305879259967228,-5.305879259967227,15.531437644141125,1.2538995852184198,2.4444444444444444e-10,0.48940036758601196,10459.446110782947,0.04594461107829466
btc_hl_breakout_4m,0,0.025,0.02,0.0,0.15,20,random,0.04387918819251427,4.387918819251427,0.5961538461538461,52,-0.030901200112036786,-3.0901200112036786,22.295256448766956,1.330308315072976,2.1923076923076923e-10,0.5655665405163357,10438.791881925143,0.04387918819251427
btc_hl_breakout_10m,0,0.01,0.025,0.0,0.1,20,random,0.003029985815372936,0.3029985815372936,0.3484848484848485,66,-0.03727522932978,-3.727522932978,2.6325204229847152,1.0290475844869442,1.585858585858586e-10,0.05444428813181426,10030.299858153729,0.003029985815372936
btc_vol_breakout_10m,0,0.03,0.2,0.0,0.15,240,random,0.06063949165807951,6.063949165807951,0.36363636363636365,11,-0.03271909197075373,-3.2719091970753733,30.479290435298463,2.1672054893213906,1.1393939393939394e-09,3.7015474845527723,10606.394916580795,0.06063949165807951
btc_alt_aligned,0,0.06,0.035,0.0,0.1,1440,random,0.029308716229320773,2.9308716229320773,0.6428571428571429,28,-0.03612505236805097,-3.612505236805097,19.213231765705007,1.4157635417732821,5.130952380952381e-10,1.0531575086934377,10293.087162293208,0.029308716229320773
btc_small_up_10m,0,0.02,0.025,0.0,0.2,5,random,0.05064386169409777,5.064386169409777,0.46938775510204084,49,-0.05930585423680412,-5.930585423680412,17.94596996468735,1.2755070221047413,1.9795918367346937e-10,0.5280846963646086,10506.438616940977,0.05064386169409777
btc_small_up_9m,0,0.04,0.08,0.0,0.3,60,random,0.05616493934344626,5.616493934344626,0.4444444444444444,18,-0.07820302664106293,-7.820302664106293,14.56700418858406,1.3068560141339367,7.046296296296297e-10,1.112065188860843,10561.649393434462,0.05616493934344626
btc_hl_breakout_7m,0,0.04,0.025,0.0,0.4,240,random,0.11567180490394517,11.567180490394517,0.625,40,-0.10596962171472069,-10.596962171472068,20.08312704245116,1.303064341320764,3.279166666666667e-10,0.7455732118153753,11156.718049039451,0.11567180490394517
btc_vol_breakout_9m,0,0.08,0.3,0.0,0.5,720,random,0.037853577855507685,3.7853577855507683,0.4,5,-0.16219815619162503,-16.219815619162503,7.371844090577301,1.2266710485856474,2.8633333333333336e-09,2.1320682723033144,10378.535778555077,0.037853577855507685
btc_vol_breakout_9m,0,0.1,0.1,0.0,0.05,20,random,0.008975096231220045,0.8975096231220046,0.5,8,-0.016644884099323742,-1.6644884099323742,13.195458253481048,1.4752851710872352,1.7e-09,2.2744932594407596,10089.7509623122,0.008975096231220045
btc_hl_breakout_4m,0,0.04,0.2,0.0,0.25,360,random,0.12472793630716947,12.472793630716946,0.45454545454545453,11,-0.07138980913708326,-7.138980913708326,30.981998124139956,2.179450660507006,1.3287878787878789e-09,4.513530365706498,11247.279363071695,0.12472793630716947
btc_vol_breakout_10m,0,0.01,0.08,0.0,0.2,20,random,0.008951079602321102,0.8951079602321101,0.1875,32,-0.04564545099824935,-4.564545099824935,4.765879009748176,1.0789480636519584,3.046875e-10,0.16287957067407838,10089.51079602321,0.008951079602321102
btc_small_down_10m,0,0.03,0.045,0.0,0.05,5,random,0.005390169999453292,0.5390169999453293,0.42857142857142855,28,-0.01292738693160711,-1.292738693160711,9.134517447524454,1.1722169645849918,4.125e-10,0.39118148967571803,10053.901699994532,0.005390169999453292
btc_alt_aligned,0,0.005,0.03,0.0,0.2,15,random,0.014912136155728376,1.4912136155728375,0.27358490566037735,106,-0.08148779761370828,-8.148779761370829,5.708929031563304,1.0519403996456214,1.19811320754717e-10,0.08291367470617073,10149.121361557283,0.014912136155728376
btc_hl_breakout_4m,0,0.05,0.01,0.0,0.15,60,random,0.017458069113790588,1.7458069113790589,0.7358490566037735,53,-0.04733823532860815,-4.733823532860814,9.205403763780287,1.127475525983475,2.3144654088050316e-10,0.23361737650780856,10174.580691137906,0.017458069113790588
btc_small_down_10m,0,0.0175,0.01,0.0,0.25,360,random,0.06046243594308394,6.046243594308394,0.5964912280701754,57,-0.04596387541477509,-4.596387541477509,22.920642592606043,1.3430661325802442,1.280701754385965e-10,0.4268597506403568,10604.62435943084,0.06046243594308394
btc_small_down_10m,0,0.1,0.01,0.0,0.5,30,random,0.26722729796797384,26.722729796797385,0.8666666666666667,30,-0.08660957601358843,-8.660957601358843,38.23815889024247,2.096473855645068,3.472222222222222e-10,1.653776383279262,12672.27297967974,0.26722729796797384
btc_hl_breakout_7m,0,0.0125,0.3,0.0,0.5,120,random,0.21418361711694925,21.418361711694924,0.2,15,-0.1674339796048656,-16.74339796048656,26.36974255482692,2.2280192517427095,9.444444444444444e-10,2.912257928398049,12141.836171169492,0.21418361711694925
btc_hl_breakout_10m,0,0.025,0.035,0.0,0.1,720,random,0.03413686079257899,3.4136860792578987,0.5,40,-0.02793152878404992,-2.793152878404992,23.253151867330836,1.4082611255921231,3.1583333333333333e-10,0.8555811173129881,10341.36860792579,0.03413686079257899
btc_small_up_9m,0,0.03,0.1,0.0,0.05,360,random,0.011624185435147382,1.1624185435147383,0.38095238095238093,21,-0.014780552130950086,-1.4780552130950086,18.0646250008621,1.373589142980267,5.619047619047619e-10,1.11798068492389,10116.241854351474,0.011624185435147382
btc_small_up_9m,0,0.1,0.08,0.0,0.05,360,random,0.014626251789943893,1.4626251789943894,0.6666666666666666,12,-0.017385077035012353,-1.7385077035012353,19.278861672391386,1.642328940018264,1.1597222222222221e-09,2.449580041648897,10146.262517899439,0.014626251789943893
btc_bullish,0,0.03,0.1,0.0,0.05,15,random,0.01689346825351489,1.6893468253514892,0.36,25,-0.01650461838164785,-1.650461838164785,21.697898757476825,1.4532785561267678,5.553333333333334e-10,1.360848109290795,10168.93468253515,0.01689346825351489
btc_vol_breakout_9m,0,0.04,0.035,0.0,0.05,10,random,0.00630845193889686,0.630845193889686,0.5517241379310345,29,-0.015032180649894755,-1.5032180649894755,10.27645359460064,1.1793027935158975,3.8850574712643677e-10,0.44211412098582437,10063.084519388969,0.00630845193889686
btc_vol_breakout_3m,0,0.08,0.015,0.0,0.15,10,random,0.06701252943932083,6.701252943932083,0.8285714285714286,35,-0.028839713888068386,-2.8839713888068386,32.65164711372087,1.8570906720794713,3.357142857142857e-10,1.25654428086379,10670.125294393209,0.06701252943932083
btc_vol_breakout_9m,0,0.03,0.02,0.0,0.3,480,random,0.10445595675316377,10.445595675316376,0.6388888888888888,36,-0.045904734065807196,-4.59047340658072,32.18420722079531,1.6301912012708688,2.314814814814815e-10,0.9479079524569932,11044.559567531638,0.10445595675316377
btc_hl_breakout_5m,0,0.01,0.04,0.0,0.25,240,random,0.02680218356439109,2.680218356439109,0.3275862068965517,58,-0.07831296814754718,-7.831296814754718,8.90903901502103,1.1040032671890418,2.0977011494252874e-10,0.20627669326373127,10268.02183564391,0.02680218356439109
btc_vol_breakout_8m,0,0.035,0.3,0.0,0.4,5,random,0.042175848324442176,4.217584832444218,0.3333333333333333,6,-0.12313645660076455,-12.313645660076455,8.983963796849299,1.349191830992771,2.3527777777777775e-09,2.12698621484369,10421.758483244423,0.042175848324442176
btc_small_up_9m,0,0.0075,0.08,0.0,0.4,60,random,0.014638477833652632,1.4638477833652632,0.22857142857142856,35,-0.10665966602961685,-10.665966602961685,4.391483147406748,1.0557807332851197,2.9190476190476193e-10,0.15341847615447715,10146.384778336527,0.014638477833652632
btc_hl_breakout_6m,0,0.0175,0.25,0.0,0.05,5,random,0.008508359573956313,0.8508359573956313,0.18181818181818182,22,-0.01853069427386722,-1.853069427386722,11.971221092000484,1.2590409338883224,6.257575757575758e-10,0.7991241160869219,10085.083595739563,0.008508359573956313
btc_hl_breakout_2m,0,0.06,0.05,0.0,0.1,240,random,0.03259858724372342,3.259858724372342,0.6190476190476191,21,-0.03618448986448508,-3.618448986448508,21.48211757352977,1.5413096362603116,6.539682539682541e-10,1.5584993780510596,10325.985872437233,0.03259858724372342
btc_small_up_10m,0,0.04,0.05,0.0,0.4,240,random,0.15706310898333573,15.706310898333573,0.5357142857142857,28,-0.12496003218654272,-12.496003218654273,26.098190815004994,1.4908642545859458,4.25e-10,1.4021068344253773,11570.631089833358,0.15706310898333573
btc_small_up_9m,0,0.0175,0.03,0.0,0.4,180,random,0.039301448247995585,3.9301448247995587,0.4186046511627907,43,-0.10276039605547216,-10.276039605547215,9.38874225805478,1.120725103719473,2.3372093023255816e-10,0.2620372491455607,10393.014482479955,0.039301448247995585
btc_hl_breakout_5m,0,0.05,0.02,0.0,0.2,360,random,0.015025561977305733,1.5025561977305733,0.65,40,-0.06842045687965936,-6.842045687965936,6.304002259714181,1.0810080822065742,3.2041666666666667e-10,0.21446095424963074,10150.255619773057,0.015025561977305733
btc_small_up_9m,0,0.05,0.06,0.0,0.3,30,random,0.04223350018376905,4.223350018376905,0.47619047619047616,21,-0.09113373211018172,-9.113373211018171,11.372188943646005,1.2028687739083306,6.071428571428572e-10,0.74354205818323,10422.335001837691,0.04223350018376905
btc_hl_breakout_3m,0,0.025,0.2,0.0,0.05,20,random,0.00743018106085222,0.743018106085222,0.26666666666666666,15,-0.01941633045628066,-1.9416330456280662,10.714860115653098,1.2920176409832662,9.377777777777777e-10,1.0164767864429647,10074.301810608522,0.00743018106085222
btc_hl_breakout_1m,0,0.02,0.025,0.0,0.25,240,random,0.033457021188991305,3.3457021188991307,0.4791666666666667,48,-0.06991230815223082,-6.991230815223082,10.966695199078714,1.1423017642943216,2.5625e-10,0.300492145870666,10334.570211889913,0.033457021188991305
btc_bullish,0,0.0075,0.05,0.0,0.2,15,random,0.026038065373173616,2.603806537317362,0.23943661971830985,71,-0.06530797521333986,-6.530797521333986,9.336448861675338,1.1089380792657568,1.7488262910798122e-10,0.2029464820200565,10260.380653731736,0.026038065373173616
btc_hl_breakout_6m,0,0.08,0.045,0.0,0.25,1440,random,0.06264947854096681,6.264947854096681,0.631578947368421,19,-0.0843735870207134,-8.43735870207134,17.149277566500267,1.4015334300361737,7.464912280701755e-10,1.3629049089361496,10626.494785409668,0.06264947854096681
btc_hl_breakout_4m,0,0.005,0.1,0.0,0.2,240,random,0.03706115841729618,3.706115841729618,0.19047619047619047,42,-0.06315116179791358,-6.315116179791358,13.086046829273691,1.2603746531611983,2.8174603174603174e-10,0.46521108133594824,10370.611584172962,0.03706115841729618
btc_hl_breakout_4m,0,0.05,0.25,0.0,0.5,15,random,0.1323568008448223,13.23568008448223,0.3333333333333333,12,-0.16462310282916914,-16.462310282916913,19.15084009825689,1.4245199390754633,1.2041666666666667e-09,2.600597539894639,11323.568008448223,0.1323568008448223
btc_vol_breakout_8m,0,0.06,0.1,0.0,0.4,60,random,0.040924016017105394,4.09240160171054,0.4,15,-0.13872037346276767,-13.872037346276766,8.943093071014662,1.149786428523508,8.477777777777778e-10,0.8640636878389538,10409.240160171054,0.040924016017105394
btc_bullish,0,0.035,0.2,0.0,0.2,1440,random,0.057135412063041985,5.713541206304199,0.3125,16,-0.07128749288057734,-7.128749288057734,18.44451329340259,1.4245491333399043,8.958333333333333e-10,1.8925861794637924,10571.35412063042,0.057135412063041985
btc_hl_breakout_1m,0,0.01,0.08,0.0,0.2,60,random,0.028958729757492894,2.8958729757492896,0.2631578947368421,38,-0.07607992373081629,-7.607992373081629,11.704894437416696,1.2005823260613246,3.263157894736842e-10,0.4042287166541077,10289.58729757493,0.028958729757492894
btc_hl_breakout_8m,0,0.035,0.12,0.0,0.3,60,random,0.07157645036533444,7.157645036533444,0.35,20,-0.12097866677705882,-12.097866677705882,16.143140976106142,1.3203754170757973,7.016666666666667e-10,1.2942995173673288,10715.764503653345,0.07157645036533444
btc_bullish,0,0.015,0.2,0.0,0.25,60,random,0.07253201696628385,7.253201696628385,0.22727272727272727,22,-0.07612292318029368,-7.612292318029368,18.87095869162078,1.4596767513917859,6.401515151515151e-10,1.3922702529487536,10725.320169662838,0.07253201696628385
btc_small_down_10m,0,0.0075,0.025,0.0,0.3,45,random,0.09065693696172479,9.06569369617248,0.4,65,-0.06681121181186311,-6.681121181186311,27.442970686196634,1.3676555999651483,1.212820512820513e-10,0.46287355762538857,10906.569369617248,0.09065693696172479
btc_vol_breakout_3m,0,0.05,0.04,0.0,0.5,15,random,0.04857138896731203,4.857138896731203,0.5666666666666667,30,-0.16317511155456177,-16.317511155456177,8.99281803635462,1.1063003980843056,4.244444444444444e-10,0.4194514441507814,10485.71388967312,0.04857138896731203
btc_hl_breakout_2m,0,0.0125,0.2,0.0,0.3,20,random,0.05194575480030207,5.194575480030207,0.19047619047619047,21,-0.08686854119846599,-8.686854119846599,13.799394799386837,1.337438910671338,6.650793650793651e-10,0.9181286253453549,10519.457548003022,0.05194575480030207
btc_hl_breakout_1m,0,0.06,0.035,0.0,0.3,5,random,0.11446342190438158,11.446342190438157,0.6896551724137931,29,-0.0868725775013588,-8.68725775013588,25.450161915654522,1.5490668942722625,4.712643678160919e-10,1.3023760077836277,11144.634219043815,0.11446342190438158
btc_vol_breakout_3m,0,0.01,0.12,0.0,0.1,45,random,0.007598272158086956,0.7598272158086956,0.2,30,-0.03672289697577058,-3.672289697577058,6.0723104814909,1.1138429216840864,3.8777777777777775e-10,0.27773288362207943,10075.98272158087,0.007598272158086956
btc_small_up_9m,0,0.015,0.06,0.0,0.15,5,random,-0.0034250999473752018,-0.3425099947375202,0.24324324324324326,37,-0.05119156104169653,-5.119156104169653,-1.230371144390116,0.9708864540951434,2.86036036036036e-10,-0.0408066818957654,9965.749000526248,-0.0034250999473752018
btc_hl_breakout_10m,0,0.0175,0.15,0.0,0.1,1440,random,0.022995584323747913,2.2995584323747913,0.23809523809523808,21,-0.03668446404567016,-3.668446404567016,14.932349033765997,1.407276692986228,6.571428571428571e-10,1.1256378191983574,10229.95584323748,0.022995584323747913
btc_hl_breakout_5m,0,0.02,0.01,0.0,0.1,20,random,0.0035283005378508505,0.35283005378508503,0.6027397260273972,73,-0.032334012836765846,-3.2334012836765846,3.1200479172072386,1.0353768233044758,1.360730593607306e-10,0.05460066555197952,10035.28300537851,0.0035283005378508505
btc_vol_breakout_9m,0,0.05,0.15,0.0,0.05,480,random,0.003879547817468915,0.3879547817468915,0.36363636363636365,11,-0.017539594031757977,-1.7539594031757977,5.911069000322855,1.1648747256696386,1.271212121212121e-09,0.7361895095556057,10038.795478174688,0.003879547817468915
btc_bullish,0,0.0175,0.025,0.0,0.1,90,random,0.019388738983383155,1.9388738983383156,0.4576271186440678,59,-0.027731582449457504,-2.7731582449457504,13.227165665318964,1.1786504690348136,2.1836158192090396e-10,0.3369690982748193,10193.887389833832,0.019388738983383155
btc_hl_breakout_6m,0,0.01,0.06,0.0,0.05,480,random,-0.004035210383005887,-0.40352103830058866,0.20833333333333334,48,-0.020560193817722672,-2.056019381772267,-5.7462118252586345,0.9138728994941153,2.5347222222222223e-10,-0.16231614262307742,9959.647896169941,-0.004035210383005887
btc_bullish,0,0.0125,0.15,0.0,0.3,1440,random,0.069845955682543,6.984595568254299,0.20833333333333334,24,-0.09483549785774126,-9.483549785774127,15.649007332331463,1.3964975108756157,5.826388888888889e-10,1.0430801598611434,10698.45955682543,0.069845955682543
btc_small_up_9m,0,0.035,0.3,0.0,0.4,480,random,0.12353538126902991,12.353538126902992,0.5,4,-0.11618908165231867,-11.618908165231867,19.990259444927,4.081599425025503,3.5416666666666665e-09,7.773844845026518,11235.353812690299,0.12353538126902991
btc_hl_breakout_5m,0,0.015,0.025,0.0,0.1,180,random,0.0030152380887705135,0.3015238088770513,0.43103448275862066,58,-0.03409850057931507,-3.409850057931507,2.777623176855414,1.0298796782871364,1.8936781609195404e-10,0.060255966387455624,10030.152380887705,0.0030152380887705135
btc_vol_breakout_9m,0,0.05,0.08,0.0,0.1,10,random,0.013876487405345677,1.3876487405345677,0.42105263157894735,19,-0.03483408837456248,-3.4834088374562477,10.65526625171754,1.206970972515813,6.587719298245614e-10,0.7605505348621022,10138.764874053457,0.013876487405345677
btc_hl_breakout_5m,0,0.1,0.2,0.0,0.2,120,random,0.08109553609843374,8.109553609843374,0.5555555555555556,9,-0.0729745789175178,-7.29745789175178,25.680090052586117,1.816698578834016,1.6296296296296296e-09,4.593071820496236,10810.955360984337,0.08109553609843374
btc_hl_breakout_6m,0,0.1,0.12,0.0,0.3,60,random,0.09778639814255798,9.778639814255797,0.5,12,-0.10796771351276102,-10.796771351276103,21.645084907116928,1.5196269449560065,1.2111111111111111e-09,2.848236258618089,10977.86398142558,0.09778639814255798
btc_hl_breakout_10m,0,0.015,0.06,0.0,0.05,60,random,0.010412589245312796,1.0412589245312796,0.3,40,-0.01771666621920387,-1.771666621920387,13.910112092424047,1.239580374816913,3.225e-10,0.5277393749764772,10104.125892453128,0.010412589245312796
btc_hl_breakout_6m,0,0.015,0.15,0.0,0.25,120,random,0.04856357785790951,4.8563577857909515,0.20833333333333334,24,-0.09003042593001465,-9.003042593001464,13.540512750438428,1.3068312564143754,5.736111111111111e-10,0.885481857346587,10485.635778579095,0.04856357785790951
btc_alt_aligned,0,0.01,0.035,0.0,0.05,15,random,0.009382983255628972,0.9382983255628972,0.32894736842105265,76,-0.016868527067680605,-1.6868527067680605,12.384710558835588,1.1538358015142023,1.7653508771929825e-10,0.25066127324363974,10093.82983255629,0.009382983255628972
btc_small_up_10m,0,0.1,0.06,0.0,0.2,360,random,0.05899309624641278,5.899309624641278,0.6666666666666666,12,-0.0686357724412805,-6.86357724412805,19.750785368695276,1.6716264423705034,1.1569444444444446e-09,2.483065255556634,10589.930962464128,0.05899309624641278
btc_vol_breakout_9m,0,0.03,0.03,0.0,0.2,60,random,0.054250524937234784,5.425052493723478,0.5666666666666667,30,-0.03780100596552649,-3.780100596552649,24.075868070841906,1.4590387560238756,3.488888888888889e-10,0.9067327946091777,10542.505249372349,0.054250524937234784
btc_hl_breakout_3m,0,0.025,0.1,0.0,0.3,240,random,0.04543524434970409,4.54352443497041,0.34782608695652173,23,-0.11134093290225111,-11.134093290225112,11.843964602050013,1.2243773840269125,5.81159420289855e-10,0.7222822850058825,10454.35244349704,0.04543524434970409
btc_hl_breakout_5m,0,0.025,0.015,0.0,0.5,240,random,0.07292428926846652,7.292428926846652,0.5862068965517241,58,-0.14931361674212806,-14.931361674212805,12.547922617436141,1.136126330442152,1.8793103448275864e-10,0.2862391955845485,10729.242892684666,0.07292428926846652
btc_vol_breakout_8m,0,0.025,0.1,0.0,0.05,1440,random,0.01905966797876443,1.905966797876443,0.35,20,-0.010509443626642412,-1.0509443626642412,30.725132816232872,1.9078879073651518,5.825e-10,1.90310947941149,10190.596679787644,0.01905966797876443
btc_hl_breakout_1m,0,0.0075,0.01,0.0,0.2,5,random,-0.04781907207419779,-4.7819072074197795,0.43333333333333335,90,-0.09967203072131259,-9.967203072131259,-20.067353462533205,0.7866862498727109,9.055555555555556e-11,-0.263234144921757,9521.809279258023,-0.04781907207419779
btc_small_down_10m,0,0.04,0.3,0.0,0.1,60,random,0.04691960083825388,4.691960083825388,0.375,8,-0.03165461399210845,-3.165461399210845,27.183524701055436,2.3440940465057265,1.8041666666666667e-09,5.91179378743493,10469.19600838254,0.04691960083825388
btc_small_down_10m,0,0.04,0.08,0.0,0.1,60,random,0.019039258517798634,1.9039258517798634,0.47368421052631576,19,-0.03368356659333627,-3.3683566593336267,13.852587657375949,1.3073493588065601,6.798245614035088e-10,1.0253966936597323,10190.392585177986,0.019039258517798634
btc_small_up_9m,0,0.025,0.01,0.0,0.15,240,random,0.01962125995397853,1.962125995397853,0.6666666666666666,51,-0.03279033348874616,-3.279033348874616,11.85399860185688,1.1936842616434373,1.8169934640522875e-10,0.2649802337951306,10196.212599539786,0.01962125995397853
btc_hl_breakout_7m,0,0.03,0.3,0.0,0.15,180,random,0.05628938521073421,5.6289385210734215,0.2727272727272727,11,-0.06134243171305831,-6.134243171305831,22.27094053931981,1.837396055508423,1.2954545454545457e-09,3.512297995263209,10562.893852107341,0.05628938521073421
btc_vol_breakout_3m,0,0.015,0.15,0.0,0.2,90,random,0.060170733304612735,6.017073330461273,0.2631578947368421,19,-0.0643089948862362,-6.43089948862362,19.751558503476975,1.6061219422221045,6.991228070175438e-10,1.628397783543041,10601.707333046128,0.060170733304612735
btc_vol_breakout_10m,0,0.025,0.035,0.0,0.4,480,random,0.076692644950879,7.6692644950879005,0.5161290322580645,31,-0.10781318595893497,-10.781318595893497,16.597313829407774,1.2842116849643483,3.10752688172043e-10,0.6497938474087039,10766.92644950879,0.076692644950879
btc_vol_breakout_3m,0,0.05,0.05,0.0,0.05,20,random,0.005673544666304247,0.5673544666304247,0.5217391304347826,23,-0.018804571264921965,-1.8804571264921965,8.383777528344405,1.1607539833602478,5.833333333333333e-10,0.5053805600126298,10056.735446663042,0.005673544666304247
btc_hl_breakout_1m,0,0.015,0.01,0.0,0.15,90,random,-0.0155601561494909,-1.55601561494909,0.5394736842105263,76,-0.06521711036844458,-6.521711036844458,-8.121624079980823,0.9007764494369453,1.243421052631579e-10,-0.12915025809922992,9844.398438505092,-0.0155601561494909
btc_hl_breakout_6m,0,0.03,0.05,0.0,0.2,720,random,-0.027064802137082872,-2.706480213708287,0.36363636363636365,33,-0.09707116676536931,-9.70711667653693,-9.433583822867474,0.8549325014449137,4.0505050505050505e-10,-0.38090275094973974,9729.35197862917,-0.027064802137082872
btc_hl_breakout_3m,0,0.0075,0.1,0.0,0.2,45,random,0.007926630667927407,0.7926630667927407,0.2,40,-0.07741483443807085,-7.741483443807084,3.74107467209212,1.0505353344810542,3.045833333333333e-10,0.12882603631036882,10079.266306679274,0.007926630667927407
btc_bullish,0,0.0125,0.1,0.0,0.05,90,random,0.015943562948996185,1.5943562948996186,0.24324324324324326,37,-0.01568652886132027,-1.568652886132027,20.644108380518325,1.413150729554188,3.6216216216216216e-10,0.8684392703138644,10159.435629489963,0.015943562948996185
btc_bullish,0,0.005,0.1,0.0,0.2,10,random,0.05039308864100019,5.039308864100019,0.1724137931034483,58,-0.0552968402115821,-5.52968402115821,16.949201629406165,1.2852311883659393,2.1867816091954025e-10,0.45109207135807206,10503.930886410002,0.05039308864100019
btc_hl_breakout_8m,0,0.0075,0.035,0.0,0.1,360,random,-0.00599361233592208,-0.5993612335922079,0.26153846153846155,65,-0.0543352136608215,-5.43352136608215,-3.886444755091744,0.9463194441858577,1.7435897435897436e-10,-0.08312644999606073,9940.06387664078,-0.00599361233592208
btc_vol_breakout_2m,0,0.0075,0.12,0.0,0.3,720,random,0.025819047649557298,2.5819047649557296,0.13043478260869565,46,-0.10265513709790919,-10.26551370979092,7.565119762232323,1.1021332543374127,2.597826086956522e-10,0.2397035129330653,10258.190476495573,0.025819047649557298
btc_vol_breakout_3m,0,0.015,0.05,0.0,0.2,60,random,0.036960857336142794,3.6960857336142796,0.35714285714285715,42,-0.05559625089391307,-5.559625089391307,14.661318108619769,1.2161713580362337,2.670634920634921e-10,0.4607171002273349,10369.608573361427,0.036960857336142794
btc_hl_breakout_1m,0,0.04,0.02,0.0,0.05,10,random,0.010430726479769425,1.0430726479769425,0.625,40,-0.013629832379770113,-1.3629832379770113,15.890408778633955,1.2728036400897538,3.233333333333333e-10,0.5254322132413198,10104.307264797695,0.010430726479769425
btc_hl_breakout_3m,0,0.015,0.03,0.0,0.05,90,random,0.011192243219242204,1.1192243219242204,0.45454545454545453,55,-0.011995997942839787,-1.1995997942839787,17.28260746568436,1.2419096292994634,2.1030303030303032e-10,0.4097327894895383,10111.922432192421,0.011192243219242204
btc_hl_breakout_8m,0,0.04,0.04,0.0,0.05,180,random,0.010926855792079403,1.0926855792079404,0.5151515151515151,33,-0.018402461895325795,-1.8402461895325795,14.600842426160673,1.248702179397278,3.9747474747474744e-10,0.6703308304002122,10109.268557920794,0.010926855792079403
btc_hl_breakout_10m,0,0.01,0.04,0.0,0.25,90,random,0.02450958513642222,2.450958513642222,0.3076923076923077,52,-0.08021716480974928,-8.021716480974927,7.9533243010515875,1.1025494433425336,2.25e-10,0.2145274375176619,10245.095851364222,0.02450958513642222
btc_small_down_10m,0,0.02,0.12,0.0,0.25,45,random,0.06880329448618004,6.880329448618004,0.3,20,-0.08246730626194965,-8.246730626194964,19.726651257266944,1.5129973561680794,6.625e-10,1.4261823731332621,10688.0329448618,0.06880329448618004
btc_hl_breakout_3m,0,0.04,0.3,0.0,0.4,360,random,0.18329248592303574,18.329248592303575,0.375,8,-0.12368885528770268,-12.368885528770267,27.495924514953106,2.152906539087324,1.8125e-09,5.92383806263062,11832.924859230357,0.18329248592303574
btc_vol_breakout_3m,0,0.015,0.08,0.0,0.15,1440,random,0.029390553885314533,2.9390553885314534,0.3103448275862069,29,-0.05182041962065553,-5.182041962065553,14.672062293578714,1.2897693286319383,4.281609195402299e-10,0.6985300807470917,10293.905538853145,0.029390553885314533
btc_hl_breakout_8m,0,0.0125,0.2,0.0,0.3,5,random,0.07591909152776188,7.591909152776188,0.2,25,-0.10541900879173638,-10.541900879173639,17.674090798931044,1.3830279685835505,5.453333333333333e-10,1.1001868322008284,10759.190915277619,0.07591909152776188
btc_hl_breakout_2m,0,0.035,0.025,0.0,0.2,120,random,0.05336905499574418,5.336905499574418,0.65,40,-0.0400230039527929,-4.00230039527929,20.238182165430874,1.3451170622831332,3.2291666666666666e-10,0.6740346432522515,10533.690549957442,0.05336905499574418
btc_bullish,0,0.015,0.035,0.0,0.15,1440,random,0.03289645752098702,3.289645752098702,0.3770491803278688,61,-0.0375802800585997,-3.75802800585997,14.98890692376888,1.1910672914325693,2.087431693989071e-10,0.371058293979807,10328.96457520987,0.03289645752098702
btc_small_down_10m,0,0.015,0.05,0.0,0.1,240,random,0.017389394109176396,1.7389394109176397,0.34210526315789475,38,-0.019046072922725976,-1.9046072922725976,15.15713041955703,1.2669429060769177,2.8289473684210526e-10,0.46401189223368694,10173.893941091765,0.017389394109176396
btc_hl_breakout_4m,0,0.02,0.035,0.0,0.05,30,random,0.01461679686062887,1.461679686062887,0.4782608695652174,46,-0.011063384731928916,-1.1063384731928916,21.61513866820023,1.345747545030469,2.778985507246377e-10,0.6372513013376723,10146.167968606289,0.01461679686062887
btc_vol_breakout_2m,0,0.005,0.045,0.0,0.5,120,random,-0.09555899221979826,-9.555899221979827,0.18666666666666668,75,-0.20262371833183157,-20.262371833183156,-14.969554013442826,0.8083161239215367,1.337777777777778e-10,-0.2411411185620169,9044.410077802018,-0.09555899221979826
btc_hl_breakout_8m,0,0.1,0.15,0.0,0.15,10,random,0.041354967918506784,4.135496791850678,0.5555555555555556,9,-0.05844632607533562,-5.844632607533562,17.91849184151538,1.557478141285561,1.6222222222222221e-09,3.168577838835697,10413.549679185067,0.041354967918506784
btc_hl_breakout_6m,0,0.01,0.025,0.0,0.4,5,random,-0.016961544773776812,-1.696154477377681,0.35294117647058826,68,-0.13894894131558977,-13.894894131558978,-1.8457640800571593,0.9624515534217357,1.5612745098039214e-10,-0.033030384898900526,9830.384552262232,-0.016961544773776812
btc_small_up_9m,0,0.0125,0.04,0.0,0.5,45,random,0.08583531239038802,8.583531239038802,0.37209302325581395,43,-0.1144033617881447,-11.44033617881447,15.550475995935265,1.2185243450062593,2.1434108527131783e-10,0.43113486213150387,10858.35312390388,0.08583531239038802
btc_vol_breakout_9m,0,0.08,0.01,0.0,0.25,240,random,0.02819872966681023,2.819872966681023,0.8235294117647058,34,-0.056303980015145805,-5.63039800151458,11.067616531602003,1.2203763978540105,3.147058823529412e-10,0.3546147817004677,10281.987296668103,0.02819872966681023
btc_bullish,0,0.0125,0.08,0.0,0.15,5,random,0.0331104854887843,3.31104854887843,0.2682926829268293,41,-0.047999783444394706,-4.79997834443947,14.803402024490351,1.2612443880232809,3.2682926829268293e-10,0.5556579692450282,10331.104854887843,0.0331104854887843
btc_vol_breakout_3m,0,0.0175,0.025,0.0,0.1,120,random,0.0036819246172358476,0.3681924617235848,0.4444444444444444,45,-0.028335231615633893,-2.8335231615633893,3.2777455582919983,1.0424630155199768,2.3555555555555555e-10,0.09193614428619877,10036.81924617236,0.0036819246172358476
btc_vol_breakout_8m,0,0.0125,0.025,0.0,0.25,15,random,0.04443675779242967,4.443675779242967,0.4318181818181818,44,-0.05951766258201896,-5.951766258201896,17.449129115442155,1.261806241893909,1.9886363636363636e-10,0.4143064467779554,10444.367577924297,0.04443675779242967
btc_hl_breakout_1m,0,0.03,0.25,0.0,0.5,45,random,0.09444064913222465,9.444064913222466,0.26666666666666666,15,-0.18517579625109537,-18.517579625109537,14.54220376796183,1.289778635946958,9.511111111111112e-10,1.58698340197043,10944.406491322246,0.09444064913222465
btc_small_up_9m,0,0.03,0.04,0.0,0.4,60,random,0.09909701356582405,9.909701356582405,0.5151515151515151,33,-0.08070184875032294,-8.070184875032293,20.717021224602778,1.3294090129823313,3.3030303030303027e-10,0.7715254837800284,10990.97013565824,0.09909701356582405
btc_vol_breakout_9m,0,0.0075,0.2,0.0,0.2,480,random,0.04119740693120643,4.119740693120643,0.12,25,-0.05787612577521162,-5.787612577521162,17.186064123101136,1.4425107753951374,4.766666666666667e-10,0.8685612513438763,10411.974069312064,0.04119740693120643
btc_vol_breakout_3m,0,0.05,0.25,0.0,0.15,120,random,0.027374196977629935,2.7374196977629937,0.3333333333333333,12,-0.05558030994985297,-5.558030994985296,12.971236982393805,1.3030134556011808,1.1555555555555554e-09,1.6525580955451666,10273.7419697763,0.027374196977629935
btc_hl_breakout_5m,0,0.02,0.08,0.0,0.15,10,random,0.017422590539621523,1.7422590539621523,0.3333333333333333,33,-0.05625031521425827,-5.625031521425827,8.85977644154953,1.1388522862656119,4.02020202020202e-10,0.3770180093132419,10174.225905396215,0.017422590539621523
btc_hl_breakout_7m,0,0.005,0.01,0.0,0.5,180,random,-0.12338418619800941,-12.33841861980094,0.37962962962962965,108,-0.2849837977217963,-28.49837977217963,-19.569777312416477,0.7987914315041792,8.132716049382717e-11,-0.2236124503705728,8766.158138019906,-0.12338418619800941
btc_bullish,0,0.05,0.02,0.0,0.05,120,random,0.015356361455839386,1.5356361455839387,0.6829268292682927,41,-0.014358697239252205,-1.4358697239252205,20.474148492369626,1.3675386752198786,3.272357723577236e-10,0.7520486939270854,10153.563614558394,0.015356361455839386
btc_bullish,0,0.1,0.2,0.0,0.3,120,random,0.10190176980318788,10.190176980318789,0.5714285714285714,7,-0.10074715053347505,-10.074715053347505,22.05867513388525,1.949332186703367,2.0785714285714286e-09,4.997383302117276,11019.01769803188,0.10190176980318788
btc_hl_breakout_10m,0,0.04,0.2,0.0,0.2,45,random,0.07897282520188625,7.897282520188625,0.35714285714285715,14,-0.06711438157569871,-6.711438157569871,25.158306036979532,1.6902575168909473,1.0261904761904762e-09,2.892403457920297,10789.728252018862,0.07897282520188625
btc_hl_breakout_1m,0,0.0175,0.045,0.0,0.1,720,random,-0.00026397722713270466,-0.026397722713270465,0.32558139534883723,43,-0.03954511267529681,-3.954511267529681,0.16244853870281908,0.9969958989988081,2.930232558139535e-10,0.004947873422513031,9997.360227728674,-0.00026397722713270466
btc_vol_breakout_10m,0,0.0125,0.1,0.0,0.5,1440,random,0.13995050115606372,13.995050115606372,0.25,28,-0.1168502888713302,-11.68502888713302,23.593877301959395,1.4677384967563463,3.714285714285714e-10,1.0267811964595885,11399.505011560637,0.13995050115606372
btc_hl_breakout_4m,0,0.04,0.045,0.0,0.5,240,random,0.1138171266659585,11.38171266659585,0.53125,32,-0.14857580834314998,-14.857580834314998,17.57346535381042,1.2459378203817635,4.25e-10,0.7722725690974174,11138.171266659585,0.1138171266659585
btc_bullish,0,0.05,0.025,0.0,0.3,10,random,0.07800693845951882,7.800693845951883,0.6285714285714286,35,-0.09252969136129297,-9.252969136129297,17.880069557672517,1.2966383589481287,3.8904761904761905e-10,0.7706509428982159,10780.069384595188,0.07800693845951882
btc_vol_breakout_2m,0,0.04,0.3,0.0,0.05,15,random,0.02353123716986055,2.353123716986055,0.375,8,-0.01580121527545486,-1.580121527545486,27.274509825163026,2.406308385490615,1.8270833333333334e-09,5.907315057290794,10235.312371698605,0.02353123716986055
btc_alt_aligned,0,0.0125,0.04,0.0,0.2,10,random,0.04499409958471397,4.4994099584713965,0.34375,64,-0.06015988222741975,-6.015988222741974,15.20501278435558,1.194421451487703,2.1302083333333333e-10,0.3654555918211936,10449.94099584714,0.04499409958471397
btc_small_down_10m,0,0.0075,0.08,0.0,0.4,360,random,0.15139847500685802,15.139847500685802,0.2682926829268293,41,-0.09124737627888801,-9.124737627888802,28.844837248341676,1.5672153939472429,2.841463414634146e-10,0.9115960324667426,11513.98475006858,0.15139847500685802
btc_hl_breakout_6m,0,0.005,0.08,0.0,0.1,360,random,-0.0035746706960252824,-0.3574670696025282,0.16666666666666666,54,-0.04872967363178993,-4.872967363178993,-2.146781406797187,0.9595852435482518,2.0802469135802468e-10,-0.054964811821310966,9964.253293039746,-0.0035746706960252824
btc_hl_breakout_1m,0,0.1,0.06,0.0,0.05,20,random,0.01408901951911979,1.408901951911979,0.6428571428571429,14,-0.01662163644751735,-1.6621636447517352,18.910370375634887,1.6106549495672906,1e-09,2.022468867615905,10140.890195191198,0.01408901951911979
btc_small_up_9m,0,0.04,0.015,0.0,0.05,1440,random,0.012543312006259856,1.2543312006259857,0.6842105263157895,38,-0.009859634836473341,-0.9859634836473341,20.24017879907456,1.4113226696879126,2.846491228070175e-10,0.662187137957893,10125.433120062598,0.012543312006259856
btc_vol_breakout_10m,0,0.1,0.3,0.0,0.25,720,random,0.024398135327333738,2.439813532733374,0.5,4,-0.08119700670642449,-8.119700670642448,7.892390781171989,1.3929161450110004,3.5916666666666666e-09,2.7836904344608406,10243.981353273337,0.024398135327333738
btc_hl_breakout_8m,0,0.005,0.015,0.0,0.15,1440,random,-0.010574277009156868,-1.0574277009156867,0.3118279569892473,93,-0.07843241159275138,-7.843241159275138,-4.666549718497303,0.9387280466332303,9.49820788530466e-11,-0.06745699151063288,9894.257229908431,-0.010574277009156868
btc_small_up_10m,0,0.01,0.015,0.0,0.05,60,random,0.005589205216937535,0.5589205216937535,0.4153846153846154,65,-0.013794184647566099,-1.37941846475661,8.570333978666788,1.1231326119143428,1.1641025641025641e-10,0.1756727503173737,10055.892052169376,0.005589205216937535
btc_vol_breakout_8m,0,0.0125,0.045,0.0,0.05,45,random,0.005552712984921601,0.5552712984921602,0.3333333333333333,36,-0.01090711757504026,-1.090711757504026,10.530264124480631,1.189295465969538,2.777777777777778e-10,0.3123145661026397,10055.527129849215,0.005552712984921601
btc_hl_breakout_1m,0,0.03,0.08,0.0,0.3,240,random,0.02254865875788437,2.254865875788437,0.375,24,-0.1148501321335128,-11.48501321335128,6.653724679816069,1.09636067451699,5.75e-10,0.3895508873091329,10225.486587578844,0.02254865875788437
btc_hl_breakout_8m,0,0.04,0.015,0.0,0.5,720,random,0.09742512212703841,9.742512212703842,0.6521739130434783,46,-0.15037090575732293,-15.037090575732293,14.901253265977969,1.1968803303866804,2.5471014492753626e-10,0.4696938245103704,10974.251221270384,0.09742512212703841
btc_vol_breakout_8m,0,0.005,0.045,0.0,0.2,5,random,-0.0029867366196610875,-0.2986736619661087,0.22,50,-0.05343955941165546,-5.343955941165546,-0.8476466633987653,0.9782010563851041,1.6166666666666665e-10,-0.017405269814053038,9970.132633803389,-0.0029867366196610875
btc_vol_breakout_3m,0,0.04,0.15,0.0,0.3,360,random,0.10008846887415307,10.008846887415308,0.45454545454545453,11,-0.09527801925699753,-9.527801925699752,21.89356857114338,1.7532658820463567,1.2545454545454544e-09,3.119281719842301,11000.884688741531,0.10008846887415307
btc_vol_breakout_2m,0,0.015,0.12,0.0,0.05,60,random,0.016316973249165794,1.6316973249165794,0.25925925925925924,27,-0.018242778419322092,-1.8242778419322092,22.879624595207684,1.532933897541486,4.858024691358025e-10,1.216571804550225,10163.169732491659,0.016316973249165794
btc_hl_breakout_9m,0,0.1,0.015,0.0,0.15,240,random,0.03782998397445169,3.782998397445169,0.8064516129032258,31,-0.05259978847773095,-5.259978847773095,17.363791008124828,1.396182854046671,4.349462365591398e-10,0.8271861179984245,10378.299839744517,0.03782998397445169
btc_vol_breakout_2m,0,0.04,0.03,0.0,0.3,45,random,0.04205167285685925,4.205167285685925,0.5897435897435898,39,-0.08857915430613228,-8.857915430613229,11.429032629903523,1.1592128087711202,3.3803418803418803e-10,0.3911247901968843,10420.516728568593,0.04205167285685925
btc_vol_breakout_9m,0,0.06,0.15,0.0,0.3,1440,random,0.033642867156563123,3.3642867156563123,0.3333333333333333,9,-0.10556407033849913,-10.556407033849913,9.269003748580165,1.2438850693182901,1.5074074074074074e-09,1.4587292899126933,10336.42867156563,0.033642867156563123
btc_vol_breakout_10m,0,0.04,0.04,0.0,0.4,10,random,0.06308068694115604,6.308068694115604,0.5517241379310345,29,-0.11559299742215556,-11.559299742215556,13.707951901883606,1.2117242094863034,3.7126436781609196e-10,0.5918849837929844,10630.806869411561,0.06308068694115604
btc_hl_breakout_5m,0,0.035,0.01,0.0,0.25,15,random,0.06422497504338148,6.422497504338148,0.7413793103448276,58,-0.06106159063653904,-6.106159063653904,20.115795385231113,1.312781480975048,1.8908045977011494e-10,0.44919367975995544,10642.249750433815,0.06422497504338148
btc_hl_breakout_4m,0,0.0075,0.035,0.0,0.3,10,random,0.016087311726488134,1.6087311726488134,0.328125,64,-0.08698769540699625,-8.698769540699624,5.269221134967276,1.0499489450174304,1.8645833333333332e-10,0.10773054484262057,10160.87311726488,0.016087311726488134
btc_hl_breakout_3m,0,0.05,0.03,0.0,0.25,45,random,0.027559622003026515,2.7559622003026516,0.6060606060606061,33,-0.08050117014957059,-8.05011701495706,9.211174072588136,1.131139089513366,4.070707070707071e-10,0.36863545259087127,10275.596220030266,0.027559622003026515
btc_vol_breakout_10m,0,0.0175,0.05,0.0,0.1,20,random,0.009208324932565471,0.9208324932565471,0.3448275862068966,29,-0.02103755625685999,-2.103755625685999,8.520268997884688,1.1639837629296454,3.3620689655172413e-10,0.3278370521913405,10092.083249325655,0.009208324932565471
btc_hl_breakout_9m,0,0.015,0.015,0.0,0.1,5,random,0.012374749803188593,1.2374749803188594,0.5070422535211268,71,-0.037061191543322436,-3.7061191543322436,9.225924066059425,1.1159906041294168,1.4295774647887323e-10,0.1814826426415507,10123.747498031886,0.012374749803188593
btc_vol_breakout_3m,0,0.02,0.025,0.0,0.1,480,random,0.016146108592669215,1.6146108592669215,0.5116279069767442,43,-0.025008243882047143,-2.5008243882047143,12.803808183371446,1.1987664145296553,2.569767441860465e-10,0.3837536179142492,10161.461085926692,0.016146108592669215
btc_small_up_9m,0,0.05,0.05,0.0,0.25,30,random,0.036020728547779345,3.6020728547779344,0.56,25,-0.07637766408062108,-7.637766408062108,11.470654695620492,1.1871348441241212,4.786666666666667e-10,0.6274955147992711,10360.207285477794,0.036020728547779345
btc_hl_breakout_3m,0,0.025,0.05,0.0,0.1,240,random,0.012615251592293942,1.2615251592293941,0.42424242424242425,33,-0.0383365880245673,-3.8336588024567297,9.450765236123535,1.1540132155967986,4.0606060606060607e-10,0.39841134705041764,10126.152515922939,0.012615251592293942
btc_hl_breakout_8m,0,0.005,0.025,0.0,0.2,240,random,-0.002757051993390996,-0.2757051993390996,0.27058823529411763,85,-0.10110522485558238,-10.110522485558239,-0.23596122172197212,0.9879673305865826,1.107843137254902e-10,-0.0028321283451416468,9972.42948006609,-0.002757051993390996
btc_hl_breakout_6m,0,0.1,0.015,0.0,0.4,180,random,0.08336513086899973,8.336513086899974,0.8064516129032258,31,-0.13611856899597952,-13.611856899597951,15.306173320139518,1.2990133269756117,4.037634408602151e-10,0.7197217672509297,10833.651308689998,0.08336513086899973
btc_bullish,0,0.025,0.06,0.0,0.1,120,random,0.031214814203628056,3.1214814203628056,0.3611111111111111,36,-0.02775180987936765,-2.775180987936765,20.468074342400293,1.3542346835924703,3.712962962962963e-10,0.8767296831956185,10312.14814203628,0.031214814203628056
btc_bullish,0,0.005,0.06,0.0,0.4,20,random,0.11127546214416789,11.127546214416789,0.21428571428571427,70,-0.09678415018845643,-9.678415018845643,19.337055493723526,1.2474311406316076,1.7547619047619046e-10,0.4202554902849854,11112.75462144168,0.11127546214416789
btc_hl_breakout_3m,0,0.015,0.12,0.0,0.15,180,random,0.041769321071246666,4.176932107124666,0.25925925925925924,27,-0.051894505578680916,-5.189450557868092,19.823943608001663,1.4181205092862204,4.950617283950617e-10,1.0602633246590274,10417.693210712467,0.041769321071246666
btc_hl_breakout_4m,0,0.06,0.1,0.0,0.05,480,random,0.019998178042068274,1.9998178042068275,0.5333333333333333,15,-0.015249287019492574,-1.5249287019492574,26.20747474315211,1.7792360947976793,9.377777777777777e-10,2.666614781151217,10199.981780420683,0.019998178042068274
btc_hl_breakout_3m,0,0.01,0.15,0.0,0.5,120,random,0.11098689336812867,11.098689336812868,0.19230769230769232,26,-0.16453792384135957,-16.45379238413596,16.407200600920987,1.350446769327965,5.044871794871795e-10,0.9760614994879614,11109.868933681286,0.11098689336812867
btc_hl_breakout_8m,0,0.0175,0.06,0.0,0.2,360,random,0.018269970523939673,1.8269970523939674,0.2926829268292683,41,-0.0727344608170557,-7.27344608170557,6.866092815104097,1.090840534802883,3.1788617886178864e-10,0.25816219894984305,10182.699705239396,0.018269970523939673
btc_hl_breakout_2m,0,0.015,0.3,0.0,0.15,5,random,0.04680813607397197,4.680813607397197,0.2,15,-0.05100189776465369,-5.100189776465369,20.65631512482936,1.735281747336515,9.522222222222222e-10,2.1445731080182093,10468.08136073972,0.04680813607397197
btc_hl_breakout_7m,0,0.01,0.04,0.0,0.05,15,random,0.00838105795980676,0.8381057959806759,0.3050847457627119,59,-0.016777845135429792,-1.6777845135429792,11.610349644123403,1.169500204035339,2.0593220338983052e-10,0.28865177707043643,10083.810579598068,0.00838105795980676
btc_vol_breakout_2m,0,0.01,0.015,0.0,0.1,5,random,-0.0021685173544655186,-0.21685173544655187,0.4567901234567901,81,-0.02778951660549378,-2.778951660549378,-1.4699136614629449,0.9791710408301345,1.0967078189300412e-10,-0.021604779417632017,9978.314826455346,-0.0021685173544655186
btc_hl_breakout_2m,0,0.08,0.04,0.0,0.3,60,random,0.10771075092678448,10.771075092678448,0.6956521739130435,23,-0.09073253274403414,-9.073253274403415,23.633305504397633,1.5282452591379732,6.079710144927536e-10,1.5705318649567308,11077.107509267844,0.10771075092678448
btc_hl_breakout_8m,0,0.025,0.1,0.0,0.4,360,random,0.11007624997213115,11.007624997213115,0.34615384615384615,26,-0.12807632037529038,-12.807632037529038,18.97860859619665,1.3608782224831013,5.173076923076924e-10,1.1155328545295626,11100.762499721312,0.11007624997213115
btc_alt_aligned,0,0.015,0.15,0.0,0.1,180,random,0.03352693740284488,3.3526937402844883,0.23076923076923078,26,-0.032339821646768185,-3.2339821646768185,20.821048170507837,1.5313718506573408,5.506410256410257e-10,1.3090688411272224,10335.269374028449,0.03352693740284488
btc_hl_breakout_5m,0,0.06,0.12,0.0,0.4,5,random,0.15600345398078724,15.600345398078725,0.5,16,-0.12989298362791468,-12.989298362791468,25.23842865408232,1.5613916848403022,8.989583333333333e-10,2.484210458564837,11560.034539807872,0.15600345398078724
btc_hl_breakout_4m,0,0.01,0.25,0.0,0.2,1440,random,0.05948919832193858,5.948919832193858,0.18181818181818182,22,-0.06397163671705886,-6.3971636717058855,20.29670325644731,1.525604344222249,6.242424242424242e-10,1.4260922059368206,10594.891983219386,0.05948919832193858
btc_hl_breakout_4m,0,0.06,0.02,0.0,0.4,120,random,0.14706773695121875,14.706773695121875,0.75,36,-0.10576926074838844,-10.576926074838845,24.837963374990103,1.4837125649177703,3.625e-10,1.012552532691727,11470.677369512188,0.14706773695121875
btc_hl_breakout_2m,0,0.0175,0.025,0.0,0.4,20,random,-0.045645202705048814,-4.5645202705048815,0.40384615384615385,52,-0.1653650795259144,-16.53650795259144,-7.997398230905997,0.8919355362028405,2.217948717948718e-10,-0.1892477300838158,9543.547972949513,-0.045645202705048814
btc_small_down_10m,0,0.015,0.25,0.0,0.4,480,random,0.11853025084030679,11.853025084030678,0.2,20,-0.12490354795488279,-12.49035479548828,20.92947444105238,1.4979779828837936,6.75e-10,1.6420174810385872,11185.302508403067,0.11853025084030679
btc_vol_breakout_2m,0,0.02,0.12,0.0,0.5,240,random,0.15098372504893567,15.098372504893568,0.2916666666666667,24,-0.15561344234810004,-15.561344234810004,22.26748225080683,1.4233242595492361,5.652777777777777e-10,1.3519956068309225,11509.837250489356,0.15098372504893567
btc_hl_breakout_9m,0,0.0175,0.06,0.0,0.05,120,random,0.0043230433579086874,0.43230433579086874,0.3076923076923077,39,-0.022035595904538963,-2.2035595904538963,5.98316094481575,1.0947466711271492,3.337606837606838e-10,0.2307557474448906,10043.230433579087,0.0043230433579086874
btc_hl_breakout_7m,0,0.0175,0.15,0.0,0.15,60,random,0.03735118589795186,3.735118589795186,0.23076923076923078,26,-0.06291558459773605,-6.291558459773605,16.47590247662724,1.3438629369550998,5.301282051282051e-10,1.0011446164505826,10373.511858979518,0.03735118589795186
btc_hl_breakout_7m,0,0.1,0.035,0.0,0.4,360,random,0.11650893642197621,11.650893642197621,0.7391304347826086,23,-0.1419894938312839,-14.19894938312839,20.057095784672214,1.424277423855758,5.971014492753624e-10,1.3030147410517254,11165.089364219763,0.11650893642197621
btc_hl_breakout_10m,0,0.1,0.025,0.0,0.05,360,random,0.011574635498148723,1.1574635498148724,0.75,24,-0.01766050649191786,-1.766050649191786,15.817788934761777,1.3820422632018925,5.777777777777777e-10,0.9719788323048593,10115.746354981487,0.011574635498148723
btc_hl_breakout_4m,0,0.06,0.1,0.0,0.3,90,random,0.1201957294790479,12.01957294790479,0.5333333333333333,15,-0.08893652565981258,-8.893652565981258,26.146479554643566,1.6939439743235976,9.377777777777777e-10,2.666614781151215,11201.957294790478,0.1201957294790479
btc_hl_breakout_8m,0,0.035,0.25,0.0,0.1,240,random,0.03120358184610493,3.120358184610493,0.2857142857142857,14,-0.04220655239379223,-4.220655239379223,19.285950692569457,1.6353872459667094,1.019047619047619e-09,2.277488889577434,10312.035818461049,0.03120358184610493
btc_vol_breakout_10m,0,0.005,0.03,0.0,0.2,240,random,0.009394226299047728,0.9394226299047728,0.2857142857142857,49,-0.053993369636261335,-5.3993369636261335,5.208723460827038,1.0702475651763688,1.414965986394558e-10,0.10831955221046674,10093.942262990477,0.009394226299047728
btc_hl_breakout_2m,0,0.01,0.05,0.0,0.15,15,random,0.019018351357345274,1.9018351357345273,0.2962962962962963,54,-0.05411383245634804,-5.411383245634804,10.068228700388895,1.1393738105826774,2.1944444444444443e-10,0.24902869685871154,10190.183513573453,0.019018351357345274
btc_vol_breakout_2m,0,0.035,0.045,0.0,0.25,10,random,0.029560999948850804,2.9560999948850806,0.48484848484848486,33,-0.09576600828279813,-9.576600828279814,9.526217654013163,1.1373425034513633,4.0505050505050505e-10,0.3976466697943795,10295.609999488508,0.029560999948850804
btc_vol_breakout_8m,0,0.06,0.01,0.0,0.25,1440,random,0.03328793280619607,3.3287932806196068,0.8048780487804879,41,-0.055546495956137365,-5.5546495956137365,13.013898502725354,1.2435838578951848,2.329268292682927e-10,0.3392308083340266,10332.879328061961,0.03328793280619607
btc_vol_breakout_8m,0,0.005,0.02,0.0,0.5,15,random,0.005549232023385593,0.5549232023385593,0.3392857142857143,56,-0.12418025213399209,-12.418025213399208,2.551724192963161,1.0148152784815525,1.1607142857142857e-10,0.046485724840372,10055.492320233856,0.005549232023385593
btc_vol_breakout_2m,0,0.0125,0.045,0.0,0.1,15,random,0.011011976888903768,1.1011976888903767,0.3469387755102041,49,-0.02991597865750495,-2.991597865750495,8.772280821672268,1.1235226691220337,2.5068027210884354e-10,0.23392303231230152,10110.119768889037,0.011011976888903768
btc_bullish,0,0.02,0.01,0.0,0.2,240,random,0.03551107220523666,3.551107220523666,0.6292134831460674,89,-0.05614416898531149,-5.614416898531149,12.688398593348253,1.1467925865598774,1.3558052434456927e-10,0.21032951287799842,10355.110722052366,0.03551107220523666
btc_vol_breakout_3m,0,0.0175,0.015,0.0,0.2,1440,random,0.03790963775308501,3.7909637753085006,0.5689655172413793,58,-0.03675108675185845,-3.6751086751858453,17.04878763265188,1.2392649853195241,1.525862068965517e-10,0.3338241749650148,10379.09637753085,0.03790963775308501
btc_bullish,0,0.0175,0.06,0.0,0.1,15,random,0.02624394508019035,2.624394508019035,0.3181818181818182,44,-0.027697518449387393,-2.7697518449387393,17.352653887173293,1.2748819487542997,2.996212121212121e-10,0.6070245895937967,10262.439450801903,0.02624394508019035
btc_hl_breakout_5m,0,0.025,0.15,0.0,0.5,360,random,0.21646578375582684,21.646578375582685,0.35294117647058826,17,-0.1490912441150325,-14.90912441150325,27.375610715832412,1.730116620356189,8.30392156862745e-10,2.5813662017417727,12164.657837558269,0.21646578375582684
btc_vol_breakout_8m,0,0.0125,0.02,0.0,0.25,45,random,0.027708821024260033,2.770882102426003,0.44680851063829785,47,-0.06333995249869995,-6.333995249869995,11.512332902180118,1.1599557563475769,1.6418439716312058e-10,0.24918490012372166,10277.0882102426,0.027708821024260033
btc_vol_breakout_10m,0,0.06,0.2,0.0,0.05,10,random,0.011261816386596922,1.1261816386596921,0.4,10,-0.018246448123821923,-1.8246448123821923,15.838763242624943,1.4806753478860586,1.3433333333333332e-09,2.2911989147363245,10112.61816386597,0.011261816386596922
btc_hl_breakout_5m,0,0.04,0.06,0.0,0.05,180,random,0.009392403617757191,0.9392403617757191,0.4666666666666667,30,-0.018063151149429246,-1.8063151149429246,13.379950662139413,1.216635932497105,4.694444444444444e-10,0.6355781586772088,10093.924036177572,0.009392403617757191
btc_hl_breakout_3m,0,0.025,0.06,0.0,0.4,90,random,0.07223567470676094,7.223567470676094,0.3870967741935484,31,-0.14607426627090636,-14.607426627090636,14.162600046455088,1.2067350447571494,4.3655913978494626e-10,0.6505713634676865,10722.35674706761,0.07223567470676094
btc_vol_breakout_8m,0,0.035,0.025,0.0,0.15,45,random,0.04122453294463371,4.122453294463371,0.625,32,-0.03265070089671118,-3.2650700896711182,24.54835892111663,1.4716999314693922,3.3177083333333336e-10,0.8593972857487968,10412.245329446338,0.04122453294463371
btc_hl_breakout_4m,0,0.01,0.03,0.0,0.25,480,random,0.0419017353638641,4.1901735363864105,0.38095238095238093,63,-0.05789568950170387,-5.789568950170388,13.910373330240935,1.1690785899363658,1.7566137566137566e-10,0.2806407765251744,10419.017353638641,0.0419017353638641
btc_vol_breakout_10m,0,0.06,0.02,0.0,0.15,360,random,0.02870026657977028,2.8700266579770277,0.7241379310344828,29,-0.032959927201556605,-3.2959927201556605,17.726680465207163,1.351461094224703,3.293103448275862e-10,0.6696681311596987,10287.002665797703,0.02870026657977028
btc_hl_breakout_1m,0,0.0175,0.05,0.0,0.05,90,random,0.0026392931373716523,0.2639293137371652,0.3170731707317073,41,-0.017437973633956716,-1.7437973633956716,4.303475223254341,1.0618609128420375,3.0975609756097563e-10,0.13549441854636576,10026.392931373717,0.0026392931373716523
btc_hl_breakout_1m,0,0.0175,0.2,0.0,0.3,180,random,0.028603340836729694,2.8603340836729694,0.21052631578947367,19,-0.09906101175947524,-9.906101175947523,8.364372678231128,1.1626567437752122,7.157894736842105e-10,0.6240795178202813,10286.033408367297,0.028603340836729694
btc_bullish,0,0.005,0.12,0.0,0.3,480,random,0.07514813085536211,7.514813085536211,0.15217391304347827,46,-0.08631975326835117,-8.631975326835118,16.861892232257304,1.329334407638454,2.869565217391304e-10,0.5819807114234434,10751.48130855362,0.07514813085536211
btc_small_up_9m,0,0.015,0.03,0.0,0.15,45,random,0.01856692446365464,1.8566924463654642,0.4,45,-0.03720141868824545,-3.7201418688245447,10.777462685351427,1.1636954592273772,2.1444444444444444e-10,0.2859971204045314,10185.669244636547,0.01856692446365464
btc_hl_breakout_4m,0,0.04,0.02,0.0,0.05,720,random,0.011895497629983372,1.1895497629983371,0.6521739130434783,46,-0.010793579438502898,-1.0793579438502898,17.921126375380144,1.274885856025691,2.568840579710145e-10,0.5204538269133361,10118.954976299834,0.011895497629983372
btc_hl_breakout_8m,0,0.02,0.25,0.0,0.1,480,random,0.03337616823737367,3.337616823737367,0.23529411764705882,17,-0.035579035803591674,-3.5579035803591674,20.644701526074147,1.6971358063013207,8.068627450980393e-10,2.0004574569310827,10333.761682373737,0.03337616823737367
btc_vol_breakout_9m,0,0.03,0.01,0.0,0.5,360,random,0.09495810753373835,9.495810753373835,0.7111111111111111,45,-0.10005985185034638,-10.005985185034639,19.209523438635543,1.3182994441961453,1.7888888888888887e-10,0.43586092425848794,10949.581075337384,0.09495810753373835
btc_hl_breakout_9m,0,0.025,0.08,0.0,0.15,60,random,0.040345585584722246,4.0345585584722246,0.36666666666666664,30,-0.04978041831491842,-4.978041831491842,17.903853177832893,1.3326641322471988,4.3888888888888886e-10,0.9175128440064187,10403.455855847222,0.040345585584722246
btc_vol_breakout_2m,0,0.035,0.3,0.0,0.3,5,random,0.119215790016461,11.9215790016461,0.3,10,-0.10830609746449904,-10.830609746449904,23.915439035803384,1.924397129650568,1.4466666666666666e-09,4.150935042342425,11192.15790016461,0.119215790016461
btc_vol_breakout_3m,0,0.08,0.03,0.0,0.5,90,random,0.19257158033691657,19.257158033691656,0.75,24,-0.1274132310790288,-12.741323107902879,26.041791053929163,1.5963393729031574,5.576388888888889e-10,1.5777652742389445,11925.715803369167,0.19257158033691657
btc_small_down_10m,0,0.08,0.15,0.0,0.5,15,random,0.11549336212352919,11.54933621235292,0.5714285714285714,7,-0.16890484524841332,-16.89048452484133,16.458172861096866,1.7576264387805898,2.0166666666666665e-09,3.497598314817383,11154.933621235292,0.11549336212352919
btc_vol_breakout_2m,0,0.05,0.025,0.0,0.5,15,random,0.08775615490525324,8.775615490525324,0.6410256410256411,39,-0.13016018317350198,-13.016018317350198,14.625581527899222,1.195002335640941,3.3205128205128205e-10,0.49841522217508655,10877.561549052532,0.08775615490525324
btc_hl_breakout_2m,0,0.0125,0.15,0.0,0.05,240,random,0.01939572661134311,1.939572661134311,0.24,25,-0.014942124219941566,-1.4942124219941566,25.36399280763766,1.740765883510101,5.533333333333334e-10,1.5569053921624123,10193.957266113432,0.01939572661134311
btc_vol_breakout_9m,0,0.03,0.08,0.0,0.1,30,random,0.032011056830233545,3.2011056830233544,0.4,20,-0.021916887607363433,-2.1916887607363433,26.072995184493557,1.6390438076707339,5.666666666666667e-10,1.603648621832533,10320.110568302336,0.032011056830233545
btc_small_up_9m,0,0.04,0.15,0.0,0.15,10,random,0.059555178181413294,5.955517818141329,0.4166666666666667,12,-0.0383660288365405,-3.83660288365405,25.75241283210748,1.927908251995994,1.109722222222222e-09,3.3336126672366295,10595.551781814132,0.059555178181413294
btc_hl_breakout_9m,0,0.03,0.01,0.0,0.1,10,random,0.014816456313912284,1.4816456313912283,0.6557377049180327,61,-0.03945071229385333,-3.945071229385333,10.782819447948405,1.1550612500283917,1.8961748633879782e-10,0.2507028191135037,10148.164563139122,0.014816456313912284
btc_hl_breakout_6m,0,0.015,0.2,0.0,0.25,120,random,0.0645623444244553,6.456234442445529,0.20833333333333334,24,-0.08458086801883735,-8.458086801883734,17.733695980452215,1.3818804785891907,5.715277777777778e-10,1.1568880290518933,10645.623444244553,0.0645623444244553
btc_alt_aligned,0,0.08,0.2,0.0,0.4,15,random,0.09476215049763077,9.476215049763077,0.5,8,-0.13724702977029224,-13.724702977029224,16.346161437957274,1.5665438690246904,1.8395833333333333e-09,3.203400432885079,10947.621504976309,0.09476215049763077
btc_vol_breakout_8m,0,0.05,0.3,0.0,0.3,180,random,0.024056525385542135,2.4056525385542136,0.3333333333333333,6,-0.10161607459223365,-10.161607459223365,6.81362568141252,1.2456589585968023,2.3694444444444443e-09,1.637072299711707,10240.56525385542,0.024056525385542135
btc_vol_breakout_10m,0,0.02,0.1,0.0,0.3,480,random,0.10745356384198748,10.745356384198749,0.3181818181818182,22,-0.061843366575542125,-6.184336657554212,28.707446916171968,1.738045920215585,4.984848484848485e-10,1.6181188669577593,11074.535638419875,0.10745356384198748
btc_hl_breakout_5m,0,0.02,0.15,0.0,0.4,45,random,0.1556838365177955,15.568383651779548,0.2857142857142857,21,-0.11241785549039973,-11.241785549039973,25.17042802232379,1.6008529682894335,6.76984126984127e-10,1.9112948492941957,11556.838365177955,0.1556838365177955
btc_small_down_10m,0,0.025,0.04,0.0,0.25,480,random,0.03410792604350959,3.410792604350959,0.4375,32,-0.05815723697116515,-5.815723697116515,11.314887837292202,1.1949326811770338,3.5208333333333333e-10,0.45313413706848193,10341.079260435095,0.03410792604350959
btc_bullish,0,0.0125,0.03,0.0,0.1,45,random,0.019096464053726253,1.9096464053726252,0.36764705882352944,68,-0.027901310932286538,-2.790131093228654,13.028064796405628,1.1654435602995439,1.8284313725490197e-10,0.2882912757276464,10190.964640537262,0.019096464053726253
btc_hl_breakout_1m,0,0.035,0.06,0.0,0.3,20,random,0.08543277639272547,8.543277639272546,0.46153846153846156,26,-0.0998913456266568,-9.98913456266568,20.87472031766007,1.3848300467125265,5.211538461538462e-10,1.127362281587711,10854.327763927255,0.08543277639272547
btc_hl_breakout_5m,0,0.02,0.015,0.0,0.25,15,random,0.02470382836184658,2.4703828361846583,0.5606060606060606,66,-0.07683946213742177,-7.683946213742177,8.31928593759252,1.092444149063132,1.6641414141414142e-10,0.16694747500535392,10247.038283618465,0.02470382836184658
btc_vol_breakout_10m,0,0.015,0.04,0.0,0.05,20,random,0.014324147264405514,1.4324147264405513,0.42857142857142855,35,-0.00883692168790029,-0.883692168790029,26.111191990366994,1.5269964871545576,2.738095238095238e-10,0.818486827527396,10143.241472644055,0.014324147264405514
btc_hl_breakout_8m,0,0.04,0.025,0.0,0.3,1440,random,0.07294994358846184,7.294994358846184,0.6052631578947368,38,-0.07922326295826776,-7.922326295826776,17.23364792117945,1.2687251212352932,3.3728070175438593e-10,0.6663063778196625,10729.499435884618,0.07294994358846184
btc_vol_breakout_8m,0,0.0175,0.1,0.0,0.2,20,random,0.044646703442023365,4.464670344202337,0.28,25,-0.0569582811069661,-5.69582811069661,17.462183354056677,1.3731815327546149,4.713333333333334e-10,0.9210135692807937,10446.467034420233,0.044646703442023365
btc_vol_breakout_9m,0,0.015,0.01,0.0,0.05,5,random,0.007213237221054732,0.7213237221054731,0.6226415094339622,53,-0.007496120387256111,-0.7496120387256111,15.074827266587704,1.269981109125272,1.2264150943396225e-10,0.2738858639698058,10072.132372210548,0.007213237221054732
btc_hl_breakout_7m,0,0.08,0.035,0.0,0.2,30,random,0.05912789876622041,5.912789876622041,0.6956521739130435,23,-0.06350807290042282,-6.350807290042281,20.003343833944196,1.476957256795151,6.18840579710145e-10,1.2974183897606153,10591.278987662205,0.05912789876622041
btc_hl_breakout_3m,0,0.0125,0.045,0.0,0.05,360,random,0.009455679922921126,0.9455679922921126,0.375,48,-0.013781816815399694,-1.3781816815399694,15.10747102120395,1.23476469976694,2.5902777777777775e-10,0.39749372056175714,10094.55679922921,0.009455679922921126
btc_hl_breakout_8m,0,0.03,0.08,0.0,0.15,180,random,0.018666286663041865,1.8666286663041864,0.35714285714285715,28,-0.06160348013340744,-6.1603480133407444,8.768188593685368,1.1411813965267503,4.6071428571428573e-10,0.4831352722052402,10186.662866630419,0.018666286663041865
btc_alt_aligned,0,0.0175,0.15,0.0,0.05,720,random,0.018343625679416248,1.8343625679416249,0.25,24,-0.01668028432044022,-1.668028432044022,22.708981623302734,1.6251475383359197,5.98611111111111e-10,1.5376810300569388,10183.436256794163,0.018343625679416248
btc_hl_breakout_7m,0,0.0125,0.08,0.0,0.1,45,random,0.020306696578916775,2.0306696578916776,0.275,40,-0.036722172319615165,-3.6722172319615165,14.150940792027582,1.2586453225201624,3.1958333333333334e-10,0.5190583161456261,10203.066965789169,0.020306696578916775
btc_vol_breakout_9m,0,0.0125,0.08,0.0,0.2,1440,random,0.05249123322516834,5.249123322516834,0.26666666666666666,30,-0.04394021903851186,-4.394021903851186,22.140134545639505,1.4526245413552228,3.566666666666666e-10,0.8870348025736755,10524.912332251683,0.05249123322516834
btc_hl_breakout_6m,0,0.03,0.025,0.0,0.05,120,random,-0.0020001640902289923,-0.20001640902289922,0.5116279069767442,43,-0.01931292231639492,-1.931292231639492,-2.9569830454136463,0.9568552351063533,2.9108527131782946e-10,-0.08759846106159586,9979.99835909771,-0.0020001640902289923
btc_vol_breakout_9m,0,0.005,0.15,0.0,0.2,30,random,0.017718143477835725,1.7718143477835724,0.1,30,-0.058215211614115026,-5.8215211614115026,8.004104122468615,1.1793986727358827,3.6166666666666666e-10,0.33427549710513765,10177.181434778357,0.017718143477835725
btc_hl_breakout_7m,0,0.08,0.08,0.0,0.4,1440,random,0.12196833206240267,12.196833206240267,0.6,15,-0.13241162227889025,-13.241162227889024,20.519947743101724,1.500347235341269,9.611111111111112e-10,2.0922349715625823,11219.683320624026,0.12196833206240267
btc_hl_breakout_4m,0,0.0175,0.025,0.0,0.15,480,random,0.001822610811720415,0.18226108117204148,0.44642857142857145,56,-0.04930438898261258,-4.930438898261258,1.508529937458735,1.011461189891473,2.107142857142857e-10,0.03559328468543672,10018.226108117204,0.001822610811720415
btc_vol_breakout_8m,0,0.04,0.01,0.0,0.5,1440,random,0.060447401147275835,6.044740114727584,0.7391304347826086,46,-0.12206168845581566,-12.206168845581566,12.54817025508272,1.18561826149972,2.108695652173913e-10,0.2883499682504952,10604.474011472757,0.060447401147275835
btc_hl_breakout_1m,0,0.005,0.12,0.0,0.15,30,random,0.02347949074676244,2.3479490746762437,0.14583333333333334,48,-0.05814679740139095,-5.814679740139095,11.145067075084581,1.1920804493183583,2.3125e-10,0.35128541544545994,10234.794907467625,0.02347949074676244
btc_hl_breakout_4m,0,0.08,0.035,0.0,0.05,15,random,0.019198713317939545,1.9198713317939546,0.7307692307692307,26,-0.014194276490333446,-1.4194276490333446,25.58384333106504,1.6197706807445877,5.397435897435897e-10,1.4756834207100713,10191.987133179395,0.019198713317939545
btc_hl_breakout_2m,0,0.1,0.015,0.0,0.05,5,random,0.014044339208171192,1.404433920817119,0.8181818181818182,33,-0.016661777960235047,-1.6661777960235047,19.38049738468249,1.4507206805286423,3.7373737373737376e-10,0.8551230278315992,10140.443392081712,0.014044339208171192
btc_hl_breakout_9m,0,0.03,0.03,0.0,0.2,240,random,0.03592229480249057,3.5922294802490566,0.5121951219512195,41,-0.07505960157428526,-7.505960157428526,12.952868468241583,1.1882174472566276,3.126016260162602e-10,0.46123362955029806,10359.222948024906,0.03592229480249057
btc_vol_breakout_9m,0,0.02,0.1,0.0,0.3,180,random,0.10881474373384795,10.881474373384794,0.3181818181818182,22,-0.0618433665755419,-6.184336657554191,28.905900454031826,1.7465223374705727,5.363636363636364e-10,1.6373559729235962,11088.147437338479,0.10881474373384795
btc_vol_breakout_2m,0,0.1,0.1,0.0,0.25,5,random,0.09176639793642911,9.176639793642911,0.5833333333333334,12,-0.08144591280104252,-8.144591280104251,24.175808247716187,1.7434997272389,1.1805555555555554e-09,3.0756087503794536,10917.663979364292,0.09176639793642911
btc_bullish,0,0.015,0.04,0.0,0.1,1440,random,0.025738052754642148,2.5738052754642147,0.3793103448275862,58,-0.027530700682525944,-2.7530700682525944,17.295756085384753,1.2415560580017955,2.1982758620689655e-10,0.45023082051017543,10257.380527546422,0.025738052754642148
btc_hl_breakout_10m,0,0.08,0.3,0.0,0.3,15,random,0.09521819619982556,9.521819619982557,0.6666666666666666,3,-0.10354943818360329,-10.35494381836033,19.559243619414072,4.163476367188284,4.916666666666667e-09,10.654158217369854,10952.181961998256,0.09521819619982556
btc_hl_breakout_7m,0,0.08,0.01,0.0,0.5,180,random,0.12913095622492118,12.913095622492119,0.825,40,-0.1379227095149126,-13.79227095149126,18.466996288321948,1.3446592322598483,3.3374999999999996e-10,0.6753401608525502,11291.309562249211,0.12913095622492118
btc_hl_breakout_10m,0,0.0125,0.05,0.0,0.3,15,random,0.06889941913602689,6.889941913602689,0.3409090909090909,44,-0.08822359680375458,-8.822359680375458,16.37347076200252,1.2384003903932697,2.7954545454545453e-10,0.5543483121179235,10688.994191360269,0.06889941913602689
btc_hl_breakout_3m,0,0.025,0.06,0.0,0.5,480,random,0.08747003420055162,8.747003420055162,0.3870967741935484,31,-0.1796708848060673,-17.96708848060673,14.10467408788993,1.1955620863664964,4.3655913978494626e-10,0.6505713634676861,10874.700342005515,0.08747003420055162
btc_small_down_10m,0,0.0125,0.1,0.0,0.15,60,random,0.04737445441211828,4.737445441211828,0.3,30,-0.045325036102308536,-4.532503610230854,22.682239865053244,1.490863024560787,4.2555555555555557e-10,1.0625467607311396,10473.744544121182,0.04737445441211828
btc_hl_breakout_7m,0,0.03,0.06,0.0,0.2,60,random,0.010501644483650012,1.0501644483650012,0.3333333333333333,33,-0.1039193528317146,-10.39193528317146,4.358260785920079,1.0528267107265492,3.9545454545454546e-10,0.20618517966325026,10105.0164448365,0.010501644483650012
btc_hl_breakout_7m,0,0.0075,0.05,0.0,0.2,240,random,0.01636027909663444,1.6360279096634438,0.2542372881355932,59,-0.08390151838791837,-8.390151838791837,6.450659304200865,1.077853468847753,2.1158192090395482e-10,0.16127803484705144,10163.602790966344,0.01636027909663444
btc_small_up_10m,0,0.1,0.05,0.0,0.2,120,random,0.06463719117953035,6.463719117953034,0.6875,16,-0.06863577244128038,-6.863577244128038,21.591712979473048,1.6169270903819948,8.145833333333333e-10,2.034068388155612,10646.371911795304,0.06463719117953035
btc_hl_breakout_3m,0,0.1,0.08,0.0,0.25,30,random,0.0941653736983812,9.41653736983812,0.6666666666666666,12,-0.08110967342663389,-8.11096734266339,24.576879308134995,1.8465460542740297,1.2097222222222222e-09,3.132391574488178,10941.653736983812,0.0941653736983812
btc_vol_breakout_3m,0,0.015,0.01,0.0,0.4,240,random,0.06240623440420086,6.2406234404200855,0.6197183098591549,71,-0.10375729636514941,-10.37572963651494,13.92529001150163,1.179434384895526,1.1314553990610328e-10,0.23650597574689508,10624.06234404201,0.06240623440420086
btc_vol_breakout_3m,0,0.01,0.05,0.0,0.2,10,random,-0.013402918190777382,-1.3402918190777382,0.26,50,-0.06355342383823115,-6.355342383823115,-5.025302238804566,0.9242488138092202,2.0733333333333332e-10,-0.11516418118191026,9865.970818092226,-0.013402918190777382
btc_hl_breakout_4m,0,0.1,0.1,0.0,0.4,720,random,0.14853279402463396,14.853279402463397,0.5833333333333334,12,-0.12714079487805052,-12.714079487805051,24.472070647386957,1.699661977368541,1.1916666666666666e-09,3.1228075537977986,11485.32794024634,0.14853279402463396
btc_hl_breakout_4m,0,0.0175,0.25,0.0,0.1,20,random,0.027840080416107867,2.784008041610787,0.21052631578947367,19,-0.030082522091779418,-3.008252209177942,19.042395664477795,1.4737158176434344,7.368421052631579e-10,1.5144991418780152,10278.40080416108,0.027840080416107867
btc_bullish,0,0.05,0.3,0.0,0.1,1440,random,0.026338241992198037,2.633824199219804,0.5,4,-0.04072286893820576,-4.072286893820576,15.649078894093249,2.886722286535682,3.6791666666666665e-09,6.64329995682611,10263.38241992198,0.026338241992198037
btc_hl_breakout_2m,0,0.0075,0.25,0.0,0.15,240,random,0.02569526070654588,2.5695260706545877,0.12903225806451613,31,-0.06059184078742186,-6.059184078742186,12.07621477744045,1.2468939895078008,4.32258064516129e-10,0.6079523539014886,10256.95260706546,0.02569526070654588
btc_vol_breakout_10m,0,0.1,0.01,0.0,0.25,240,random,0.026908777787619145,2.6908777787619145,0.8387096774193549,31,-0.05718500589191866,-5.718500589191866,10.395004035158612,1.2171138080921797,3.704301075268817e-10,0.37504096588689984,10269.087777876191,0.026908777787619145
btc_hl_breakout_10m,0,0.0075,0.015,0.0,0.1,60,random,-0.0032317629961745183,-0.3231762996174518,0.38095238095238093,84,-0.046824339123226366,-4.682433912322637,-1.959115112675283,0.9718898908165552,1.1170634920634921e-10,-0.0318754261578222,9967.682370038256,-0.0032317629961745183
btc_alt_aligned,0,0.015,0.045,0.0,0.05,20,random,0.012437240584333278,1.2437240584333278,0.34545454545454546,55,-0.01555096088903174,-1.555096088903174,16.219146273194475,1.2425612204901368,2.515151515151515e-10,0.456178226532219,10124.372405843333,0.012437240584333278
btc_vol_breakout_3m,0,0.1,0.025,0.0,0.25,180,random,0.08134074802946534,8.134074802946534,0.7692307692307693,26,-0.07833502607456255,-7.833502607456255,22.255830610573412,1.5059043448655594,5.243589743589743e-10,1.2600476532647233,10813.407480294652,0.08134074802946534
btc_hl_breakout_1m,0,0.01,0.2,0.0,0.25,1440,random,0.0333721628254144,3.33721628254144,0.16666666666666666,24,-0.0942734843909736,-9.427348439097361,10.6059792709315,1.2451048953789379,5.583333333333334e-10,0.6310463843096233,10333.721628254145,0.0333721628254144
btc_alt_aligned,0,0.04,0.2,0.0,0.25,60,random,0.07219207166518826,7.219207166518826,0.35714285714285715,14,-0.08026220223534908,-8.026220223534908,18.992413617786543,1.4781872548879296,1.044047619047619e-09,2.1835913122725943,10721.920716651883,0.07219207166518826
btc_vol_breakout_8m,0,0.0175,0.06,0.0,0.25,240,random,-0.0163808112450959,-1.63808112450959,0.27586206896551724,29,-0.08554269260605152,-8.554269260605151,-4.47370971814028,0.9088057805356696,3.741379310344827e-10,-0.19017027387597296,9836.191887549041,-0.0163808112450959
btc_vol_breakout_3m,0,0.01,0.12,0.0,0.2,1440,random,0.013749958607668327,1.3749958607668327,0.2,30,-0.07231333815373009,-7.231333815373009,5.923279814241109,1.1012381406170306,3.8777777777777775e-10,0.27773288362207993,10137.499586076683,0.013749958607668327
btc_vol_breakout_9m,0,0.08,0.04,0.0,0.2,5,random,0.03169180392130724,3.169180392130724,0.6666666666666666,21,-0.055503772776672955,-5.5503772776672955,12.947863355945023,1.2602035831372866,6.277777777777777e-10,0.7924001495639916,10316.918039213073,0.03169180392130724
btc_small_up_10m,0,0.02,0.1,0.0,0.3,480,random,0.0806956596765201,8.06956596765201,0.2857142857142857,28,-0.10630131921091046,-10.630131921091046,18.255711987481412,1.3417841838705917,4.160714285714286e-10,1.0205749522003635,10806.956596765202,0.0806956596765201
btc_vol_breakout_10m,0,0.035,0.015,0.0,0.25,5,random,0.008569947001623906,0.8569947001623905,0.6410256410256411,39,-0.06519413714114641,-6.519413714114641,3.7437352092955507,1.047238914066387,2.478632478632479e-10,0.11362522731927724,10085.69947001624,0.008569947001623906
btc_vol_breakout_10m,0,0.08,0.12,0.0,0.3,10,random,0.07048298026877955,7.048298026877956,0.45454545454545453,11,-0.09986821186516348,-9.986821186516348,17.594376372972963,1.4263784107502553,1.2818181818181818e-09,2.3021099305874,10704.829802687796,0.07048298026877955
btc_hl_breakout_6m,0,0.0075,0.06,0.0,0.5,480,random,-0.10625394195584677,-10.625394195584677,0.17307692307692307,52,-0.2459859291310168,-24.59859291310168,-15.250736590916242,0.7886864438642993,2.326923076923077e-10,-0.3769066813769056,8937.460580441533,-0.10625394195584677
btc_small_up_9m,0,0.1,0.1,0.0,0.25,15,random,0.07945143561608342,7.945143561608342,0.6153846153846154,13,-0.08466804530243532,-8.466804530243532,21.16005352099779,1.530883200548063,1.0153846153846153e-09,2.5149811100981356,10794.514356160835,0.07945143561608342
btc_alt_aligned,0,0.0075,0.02,0.0,0.3,5,random,0.008212926857053481,0.8212926857053481,0.36893203883495146,103,-0.10636995161772067,-10.636995161772067,3.127726107859924,1.0184264800370737,1.2540453074433655e-10,0.046574585288846844,10082.129268570534,0.008212926857053481
btc_vol_breakout_8m,0,0.035,0.2,0.0,0.2,120,random,0.04321208153151838,4.321208153151837,0.36363636363636365,11,-0.06315133820016927,-6.315133820016927,16.248624525338727,1.4802869313701825,1.243939393939394e-09,2.0788234021912553,10432.120815315184,0.04321208153151838
btc_hl_breakout_3m,0,0.0125,0.04,0.0,0.3,240,random,0.06383724359096582,6.383724359096582,0.4,50,-0.0807107972937442,-8.07107972937442,16.768583669719373,1.2366927892859476,2.4700000000000003e-10,0.44327483519040245,10638.372435909658,0.06383724359096582
btc_hl_breakout_6m,0,0.0175,0.06,0.0,0.3,30,random,-0.058624781626925596,-5.862478162692559,0.23076923076923078,39,-0.14863627074684538,-14.863627074684537,-14.586420951346051,0.8009849790904288,3.1965811965811965e-10,-0.4717439300327791,9413.752183730743,-0.058624781626925596
btc_vol_breakout_3m,0,0.025,0.01,0.0,0.05,90,random,0.009729836116750568,0.9729836116750568,0.6779661016949152,59,-0.012854656841204237,-1.2854656841204237,15.37964536987393,1.2452480493794005,1.6751412429378532e-10,0.33233157945739145,10097.298361167506,0.009729836116750568
btc_hl_breakout_8m,0,0.1,0.08,0.0,0.1,720,random,0.021743277537258847,2.1743277537258847,0.5714285714285714,14,-0.03925190852484717,-3.9251908524847168,14.676939731824765,1.3622283162012392,1.0023809523809524e-09,1.5913881272032644,10217.432775372588,0.021743277537258847
btc_hl_breakout_6m,0,0.015,0.08,0.0,0.4,480,random,-0.05642742400015827,-5.642742400015828,0.23529411764705882,34,-0.16033391203482217,-16.033391203482218,-9.863361176570866,0.8275874249531163,3.8137254901960784e-10,-0.36913484553593706,9435.725759998417,-0.05642742400015827
btc_vol_breakout_2m,0,0.02,0.01,0.0,0.25,1440,random,0.06794992661102506,6.794992661102506,0.6666666666666666,72,-0.03818556704181353,-3.818556704181353,23.97556923359664,1.3368335465209706,1.3032407407407408e-10,0.37763614575593674,10679.499266110251,0.06794992661102506
btc_hl_breakout_7m,0,0.015,0.15,0.0,0.15,20,random,0.04773644427407551,4.773644427407551,0.2222222222222222,27,-0.05460433367212569,-5.46043336721257,20.807798418331718,1.4790323585836622,5.117283950617284e-10,1.209919061605367,10477.364442740754,0.04773644427407551
btc_vol_breakout_3m,0,0.01,0.08,0.0,0.4,30,random,0.005024366110340543,0.5024366110340542,0.23529411764705882,34,-0.140214261110845,-14.021426111084502,2.4933627190452974,1.0166846861652583,3.421568627450981e-10,0.10264178336353696,10050.243661103406,0.005024366110340543
btc_hl_breakout_9m,0,0.01,0.04,0.0,0.5,10,random,0.05858233171451439,5.858233171451439,0.32142857142857145,56,-0.18113541834418911,-18.11354183441891,10.052016052700395,1.1074722361492204,2.125e-10,0.25653066667103125,10585.823317145143,0.05858233171451439
btc_small_up_9m,0,0.05,0.12,0.0,0.25,360,random,0.0495341845538052,4.95341845538052,0.42857142857142855,14,-0.0763776640806213,-7.63776640806213,14.835448490246307,1.330894441096561,9.154761904761905e-10,1.531061754781918,10495.341845538052,0.0495341845538052
btc_small_up_10m,0,0.0075,0.045,0.0,0.1,180,random,0.03527315926634392,3.5273159266343916,0.3333333333333333,51,-0.023944724982671195,-2.3944724982671195,25.612290161201567,1.4706007560573826,1.699346405228758e-10,0.6911626208181256,10352.73159266344,0.03527315926634392
btc_small_up_9m,0,0.0125,0.12,0.0,0.1,120,random,0.017877006373135645,1.7877006373135644,0.21428571428571427,28,-0.02910443600571111,-2.910443600571111,13.836735088041122,1.2959783154685443,3.803571428571429e-10,0.6600872550839513,10178.770063731357,0.017877006373135645
btc_vol_breakout_8m,0,0.03,0.06,0.0,0.05,180,random,0.008228287632723924,0.8228287632723924,0.38095238095238093,21,-0.011066571983009532,-1.1066571983009532,13.95573009054913,1.314310760338311,5.333333333333334e-10,0.7921601782296752,10082.28287632724,0.008228287632723924
btc_alt_aligned,0,0.005,0.12,0.0,0.5,20,random,0.09906631512812801,9.906631512812801,0.13793103448275862,58,-0.15871554964026768,-15.871554964026767,14.313022922108138,1.197448404576515,2.3563218390804596e-10,0.41046428829380704,10990.66315128128,0.09906631512812801
btc_vol_breakout_2m,0,0.005,0.05,0.0,0.2,1440,random,-0.026336041378393633,-2.6336041378393635,0.18181818181818182,66,-0.0720264542101483,-7.2026454210148305,-10.220267454549756,0.8575000897788566,1.585858585858586e-10,-0.18770164591238908,9736.639586216064,-0.026336041378393633
btc_vol_breakout_10m,0,0.035,0.01,0.0,0.4,180,random,0.06573884192801951,6.573884192801952,0.7380952380952381,42,-0.08117802149091213,-8.117802149091213,16.6178185878687,1.2909879667868407,2.003968253968254e-10,0.40682135064993913,10657.388419280196,0.06573884192801951
btc_small_down_10m,0,0.01,0.05,0.0,0.4,240,random,0.013706653899926596,1.3706653899926595,0.2653061224489796,49,-0.09143085604571577,-9.143085604571578,4.1766562557216,1.0418354777880137,2.0884353741496598e-10,0.10352866075917627,10137.066538999266,0.013706653899926596
btc_vol_breakout_3m,0,0.01,0.03,0.0,0.1,10,random,0.0026521121843843844,0.2652112184384384,0.34545454545454546,55,-0.02908412432851193,-2.908412432851193,2.5315582670013304,1.0291070005812977,1.7242424242424242e-10,0.05663459788754654,10026.521121843844,0.0026521121843843844
btc_hl_breakout_1m,0,0.025,0.02,0.0,0.05,10,random,0.00840381951256814,0.840381951256814,0.5416666666666666,48,-0.013456218304484402,-1.3456218304484402,12.991181298431286,1.19242839689744,2.3680555555555557e-10,0.35418177803491746,10084.038195125682,0.00840381951256814
btc_hl_breakout_8m,0,0.0175,0.06,0.0,0.25,180,random,0.021927881858000046,2.1927881858000045,0.2926829268292683,41,-0.09017873052778991,-9.017873052778992,6.840545435727494,1.0862390837424531,3.1788617886178864e-10,0.2581621989498421,10219.27881858,0.021927881858000046
btc_hl_breakout_4m,0,0.0075,0.01,0.0,0.25,60,random,-0.027310405803533284,-2.7310405803533286,0.48314606741573035,89,-0.09780224093284406,-9.780224093284406,-8.471068280898203,0.8962802800883792,9.45692883895131e-11,-0.11280842009605077,9726.895941964667,-0.027310405803533284
btc_vol_breakout_8m,0,0.02,0.3,0.0,0.15,15,random,0.03545744206732368,3.545744206732368,0.25,8,-0.03137507726967559,-3.137507726967559,17.861352496877277,2.3364615950194767,1.69375e-09,3.006780340419827,10354.574420673236,0.03545744206732368
btc_vol_breakout_2m,0,0.05,0.06,0.0,0.3,5,random,0.07048840321461135,7.048840321461134,0.48148148148148145,27,-0.0991321513509581,-9.91321513509581,17.392955390925458,1.2691370415599232,5.024691358024691e-10,0.9255768214258482,10704.884032146114,0.07048840321461135
btc_small_down_10m,0,0.0125,0.08,0.0,0.2,90,random,0.06450641678718773,6.450641678718773,0.3225806451612903,31,-0.06005060108474014,-6.005060108474014,23.573469792437425,1.5342862519505185,3.8172043010752687e-10,1.0446836777758814,10645.064167871877,0.06450641678718773
btc_vol_breakout_9m,0,0.04,0.045,0.0,0.2,60,random,0.01262557291551036,1.262557291551036,0.52,25,-0.06315133820016938,-6.315133820016938,5.712766587107157,1.0941305017927712,4.6e-10,0.2869028683717959,10126.255729155104,0.01262557291551036
btc_hl_breakout_2m,0,0.08,0.01,0.0,0.3,720,random,0.09302159476763176,9.302159476763176,0.8292682926829268,41,-0.07836828875099866,-7.836828875099866,21.689979117332932,1.4438233567205172,2.886178861788618e-10,0.765714762090203,10930.215947676317,0.09302159476763176
btc_vol_breakout_3m,0,0.01,0.015,0.0,0.5,10,random,-0.007357278622842842,-0.7357278622842842,0.45714285714285713,70,-0.13311452039069782,-13.311452039069781,0.49981676139018216,0.9852626564706135,1.111904761904762e-10,0.008825959222767375,9926.42721377157,-0.007357278622842842
btc_small_down_10m,0,0.03,0.025,0.0,0.2,60,random,0.06868444579285768,6.868444579285768,0.6341463414634146,41,-0.03429491612003899,-3.4294916120038987,27.45083170312467,1.4879793911121346,2.4715447154471546e-10,0.8319397172805977,10686.844457928577,0.06868444579285768
btc_hl_breakout_1m,0,0.05,0.08,0.0,0.3,240,random,0.06300649848107741,6.30064984810774,0.45,20,-0.10741816821588246,-10.741816821588246,15.688574825261032,1.292457630029493,7.041666666666667e-10,1.1232474157508467,10630.064984810775,0.06300649848107741
btc_vol_breakout_2m,0,0.06,0.015,0.0,0.2,30,random,0.05155554286564024,5.1555542865640245,0.775,40,-0.05148843419165816,-5.148843419165816,18.335204056515703,1.3682609320346981,3.029166666666667e-10,0.6525411757788958,10515.555428656402,0.05155554286564024
btc_hl_breakout_5m,0,0.035,0.05,0.0,0.4,180,random,0.03426485706500398,3.4264857065003977,0.4666666666666667,30,-0.13791429813280442,-13.791429813280443,7.638840087334662,1.098889809223642,4.6333333333333334e-10,0.35996301375435774,10342.648570650039,0.03426485706500398
btc_alt_aligned,0,0.05,0.015,0.0,0.2,15,random,0.04854933967349528,4.8549339673495275,0.7,50,-0.0721696646726705,-7.216966467267049,16.297136055912574,1.2340129439123393,2.7933333333333335e-10,0.5030797637705429,10485.493396734953,0.04854933967349528
btc_hl_breakout_5m,0,0.035,0.03,0.0,0.2,15,random,0.03044598201713127,3.044598201713127,0.575,40,-0.06105169051896109,-6.105169051896109,11.81633985380112,1.1701062979719494,3.325e-10,0.40153117503278196,10304.459820171312,0.03044598201713127
btc_vol_breakout_9m,0,0.025,0.05,0.0,0.4,480,random,0.0851939209267427,8.51939209267427,0.43478260869565216,23,-0.08133261197416297,-8.133261197416298,19.15352037923372,1.4188245469012137,4.862318840579711e-10,0.9575145041351228,10851.939209267428,0.0851939209267427
btc_hl_breakout_1m,0,0.0175,0.08,0.0,0.25,45,random,0.02279507733260457,2.279507733260457,0.32142857142857145,28,-0.0831320836245768,-8.31320836245768,8.14733426836681,1.1341164677017364,4.696428571428571e-10,0.3670743639522768,10227.950773326045,0.02279507733260457
btc_hl_breakout_1m,0,0.06,0.06,0.0,0.15,10,random,0.014226437933221564,1.4226437933221563,0.5,16,-0.05722537911254688,-5.722537911254689,7.4864698517368415,1.167493630954348,8.5625e-10,0.639719950904816,10142.264379332215,0.014226437933221564
btc_hl_breakout_4m,0,0.02,0.06,0.0,0.5,10,random,0.11928726888164846,11.928726888164846,0.3783783783783784,37,-0.13683645126368593,-13.683645126368592,18.11924967722775,1.2499670689228346,3.5990990990990986e-10,0.6983039576329487,11192.872688816486,0.11928726888164846
btc_hl_breakout_7m,0,0.02,0.3,0.0,0.1,60,random,0.04406197682309794,4.406197682309794,0.21428571428571427,14,-0.031671159986491504,-3.1671159986491504,26.08569380919737,2.108733434562477,1.0071428571428572e-09,3.1858421801973775,10440.61976823098,0.04406197682309794
btc_bullish,0,0.08,0.045,0.0,0.15,480,random,0.043234851646684114,4.323485164668411,0.65,20,-0.051440963550631214,-5.144096355063121,19.16785306990653,1.49175117050379,7.116666666666667e-10,1.4573000629036954,10432.348516466842,0.043234851646684114
btc_vol_breakout_2m,0,0.1,0.035,0.0,0.15,60,random,0.04010982832010407,4.010982832010407,0.7391304347826086,23,-0.050537634368785556,-5.053763436878556,18.420683373229895,1.4208128242519926,6.173913043478261e-10,1.1796588258680007,10401.098283201041,0.04010982832010407
btc_hl_breakout_4m,0,0.005,0.3,0.0,0.3,1440,random,0.11550501780111626,11.550501780111626,0.16666666666666666,18,-0.08891475867558651,-8.89147586755865,25.779212940880484,2.0383966367034176,7.768518518518519e-10,2.2010834860790824,11155.050178011163,0.11550501780111626
btc_small_up_10m,0,0.04,0.08,0.0,0.15,90,random,0.04146045137471031,4.146045137471031,0.45,20,-0.04843523357997814,-4.843523357997814,18.414675716920264,1.4078359076267333,6.283333333333333e-10,1.411527802237304,10414.604513747103,0.04146045137471031
btc_hl_breakout_7m,0,0.1,0.2,0.0,0.2,480,random,0.08109553609843374,8.109553609843374,0.5555555555555556,9,-0.0729745789175178,-7.29745789175178,25.680090052586117,1.816698578834016,1.6296296296296296e-09,4.593071820496236,10810.955360984337,0.08109553609843374
btc_hl_breakout_3m,0,0.1,0.2,0.0,0.3,480,random,0.06446279590156255,6.446279590156255,0.42857142857142855,7,-0.11373458347233056,-11.373458347233056,14.744165298041844,1.5280871144024097,2.0857142857142855e-09,3.303101227624953,10644.627959015626,0.06446279590156255
btc_alt_aligned,0,0.06,0.05,0.0,0.15,30,random,0.050244145538732916,5.024414553873291,0.6086956521739131,23,-0.053350038666617916,-5.335003866661792,21.77501101115722,1.491042477039053,6.27536231884058e-10,1.465898973801435,10502.441455387328,0.050244145538732916
btc_hl_breakout_2m,0,0.005,0.08,0.0,0.4,120,random,0.040822681367266384,4.082268136726638,0.1875,48,-0.14691465198690667,-14.691465198690668,9.334943260299957,1.1345216051561129,2.295138888888889e-10,0.25466799870286005,10408.226813672663,0.040822681367266384
btc_hl_breakout_5m,0,0.03,0.12,0.0,0.25,5,random,0.012808195499250632,1.2808195499250632,0.2916666666666667,24,-0.10299022066089503,-10.299022066089503,4.665966486423168,1.0589075928826899,5.916666666666667e-10,0.30983560664109405,10128.081954992507,0.012808195499250632
btc_hl_breakout_10m,0,0.0175,0.1,0.0,0.3,20,random,0.0597002954618501,5.97002954618501,0.2727272727272727,33,-0.10654480391359589,-10.654480391359588,14.074805328282793,1.2370205198341295,3.9696969696969696e-10,0.6549128903250742,10597.002954618501,0.0597002954618501
btc_hl_breakout_4m,0,0.015,0.015,0.0,0.3,5,random,0.06912088979203923,6.912088979203923,0.5652173913043478,69,-0.0648970269778183,-6.48970269778183,18.277782821982758,1.2312370125001737,1.4879227053140098e-10,0.3441851758354713,10691.208897920393,0.06912088979203923
btc_hl_breakout_8m,0,0.015,0.035,0.0,0.4,240,random,0.0838471624472394,8.38471624472394,0.39215686274509803,51,-0.12381021375247081,-12.38102137524708,15.588259598156197,1.192597282300754,2.2908496732026143e-10,0.4457491495611988,10838.471624472393,0.0838471624472394
btc_small_up_10m,0,0.02,0.15,0.0,0.4,120,random,0.04760992884785783,4.760992884785783,0.22727272727272727,22,-0.14912399954044775,-14.912399954044774,9.36828672400972,1.1723063656101698,5.856060606060606e-10,0.6801827345286676,10476.099288478577,0.04760992884785783
btc_hl_breakout_4m,0,0.015,0.2,0.0,0.25,30,random,0.12217559344664705,12.217559344664705,0.3125,16,-0.06817420256826212,-6.817420256826212,30.53520070517616,2.0846440012294853,8.770833333333333e-10,3.043765239056968,11221.75593446647,0.12217559344664705
btc_hl_breakout_10m,0,0.03,0.15,0.0,0.1,45,random,0.027909534113225096,2.7909534113225094,0.35714285714285715,14,-0.03717760583612861,-3.7177605836128613,17.924241563042138,1.5745694978102243,1.0154761904761906e-09,2.0297892341021773,10279.095341132252,0.027909534113225096
btc_hl_breakout_7m,0,0.0175,0.035,0.0,0.5,120,random,0.033935079298037546,3.3935079298037545,0.37254901960784315,51,-0.2052158932874063,-20.52158932874063,6.730925422046716,1.0572534013596508,2.477124183006536e-10,0.19228178090364212,10339.350792980375,0.033935079298037546
btc_vol_breakout_9m,0,0.06,0.02,0.0,0.15,30,random,0.03150260195846736,3.150260195846736,0.7333333333333333,30,-0.03295992720155583,-3.2959927201555828,19.36664569984967,1.3848940845426514,3.261111111111111e-10,0.7079430969171258,10315.026019584673,0.03150260195846736
btc_vol_breakout_9m,0,0.05,0.02,0.0,0.2,30,random,0.03886203017251887,3.886203017251887,0.6875,32,-0.03854275816054442,-3.854275816054442,17.96322883640805,1.3109521232223467,3.0677083333333334e-10,0.620958894855015,10388.620301725188,0.03886203017251887
btc_hl_breakout_1m,0,0.005,0.1,0.0,0.25,360,random,0.011424216180013718,1.1424216180013718,0.16666666666666666,48,-0.10086714349343173,-10.086714349343174,4.1983684751408115,1.054976020763858,2.295138888888889e-10,0.1293741658522823,10114.242161800137,0.011424216180013718
btc_hl_breakout_4m,0,0.0075,0.01,0.0,0.05,10,random,-0.005106636087930287,-0.5106636087930286,0.48314606741573035,89,-0.020049120698949707,-2.0049120698949707,-8.459060101705402,0.9010718001033546,9.45692883895131e-11,-0.11280842009605027,9948.933639120698,-0.005106636087930287
btc_bullish,0,0.0175,0.1,0.0,0.4,720,random,0.11002980453823111,11.002980453823112,0.2727272727272727,33,-0.12172521538777636,-12.172521538777637,18.651015513275734,1.3103944533200553,4.126262626262626e-10,0.9023726337673815,11100.298045382311,0.11002980453823111
btc_vol_breakout_3m,0,0.04,0.015,0.0,0.1,240,random,0.03140557817133836,3.1405578171338355,0.7111111111111111,45,-0.02121323711415779,-2.121323711415779,26.511191211913196,1.488845691499989,2.3333333333333335e-10,0.6961735156326297,10314.055781713383,0.03140557817133836
btc_small_down_10m,0,0.005,0.06,0.0,0.15,480,random,0.027629720989214412,2.7629720989214412,0.21052631578947367,57,-0.03701872036689546,-3.7018720366895463,14.257685996885682,1.2382307463705018,1.7426900584795323e-10,0.3326699338768388,10276.297209892144,0.027629720989214412
btc_hl_breakout_2m,0,0.03,0.25,0.0,0.2,60,random,0.04254030212825139,4.254030212825139,0.26666666666666666,15,-0.07618380954291304,-7.618380954291304,14.838007919107728,1.3494077274699023,9.6e-10,1.5504308767510768,10425.403021282515,0.04254030212825139
btc_hl_breakout_10m,0,0.0125,0.015,0.0,0.4,180,random,0.05628985953588108,5.628985953588108,0.48,75,-0.1250063561370024,-12.50063561370024,11.340037121667505,1.1207390154058323,1.3155555555555555e-10,0.21386743310699263,10562.89859535881,0.05628985953588108
btc_bullish,0,0.0175,0.05,0.0,0.25,1440,random,0.056695290062861385,5.6695290062861385,0.3404255319148936,47,-0.0681775958818962,-6.81775958818962,15.580890357928865,1.2220310752419106,2.797872340425532e-10,0.5084440763059883,10566.952900628614,0.056695290062861385
btc_alt_aligned,0,0.06,0.015,0.0,0.15,720,random,0.04067704867968807,4.067704867968807,0.7380952380952381,42,-0.054711674894834306,-5.471167489483431,18.028204956660247,1.321713628743335,3.365079365079365e-10,0.6554648868518259,10406.77048679688,0.04067704867968807
btc_vol_breakout_2m,0,0.0125,0.12,0.0,0.15,90,random,0.04805677198479007,4.805677198479007,0.25925925925925924,27,-0.05365071967749435,-5.365071967749435,22.63234487451348,1.510162292288762,4.851851851851852e-10,1.20856431849805,10480.5677198479,0.04805677198479007
btc_small_up_10m,0,0.01,0.2,0.0,0.15,15,random,0.026690723384792683,2.6690723384792685,0.1724137931034483,29,-0.05461315152883073,-5.461315152883072,12.72853893599342,1.252449241495253,3.9080459770114943e-10,0.6586433669949531,10266.907233847927,0.026690723384792683
btc_hl_breakout_3m,0,0.0075,0.02,0.0,0.1,10,random,-0.005194852196495992,-0.5194852196495992,0.379746835443038,79,-0.03929868412312498,-3.9298684123124983,-3.8805852721517153,0.9523662054624983,1.2383966244725737e-10,-0.06010548035450088,9948.05147803504,-0.005194852196495992
btc_vol_breakout_10m,0,0.03,0.08,0.0,0.05,5,random,0.016935370733665103,1.6935370733665103,0.4,20,-0.011010825746241903,-1.1010825746241903,27.37909336941827,1.6873860739226483,5.366666666666667e-10,1.6947695594214336,10169.353707336651,0.016935370733665103
btc_hl_breakout_7m,0,0.0125,0.15,0.0,0.3,10,random,0.0978813859626911,9.788138596269109,0.21428571428571427,28,-0.10662825057708047,-10.662825057708048,21.069565266730056,1.472949559031474,4.93452380952381e-10,1.221184712676165,10978.813859626911,0.0978813859626911
btc_vol_breakout_3m,0,0.1,0.045,0.0,0.15,15,random,0.04191121865214363,4.191121865214363,0.7058823529411765,17,-0.04926188264231768,-4.926188264231768,18.759088287728506,1.5471285838327085,8.215686274509805e-10,1.6625173285288402,10419.112186521437,0.04191121865214363
btc_hl_breakout_5m,0,0.0075,0.045,0.0,0.2,1440,random,-0.01100654165409103,-1.1006541654091029,0.26666666666666666,60,-0.0866868165257828,-8.66868165257828,-3.553024513762009,0.9466652966743296,2e-10,-0.07531049623277963,9889.93458345909,-0.01100654165409103
btc_vol_breakout_2m,0,0.0125,0.01,0.0,0.3,30,random,0.014657189857633557,1.4657189857633557,0.5632183908045977,87,-0.09604319369364123,-9.604319369364124,5.05328494676097,1.0480632387347124,1.049808429118774e-10,0.07014728288337863,10146.571898576336,0.014657189857633557
btc_hl_breakout_3m,0,0.02,0.04,0.0,0.4,10,random,0.09650629965653566,9.650629965653566,0.46511627906976744,43,-0.10635113186645373,-10.635113186645373,18.69182805032214,1.2612095787511874,2.934108527131783e-10,0.5844784781364452,10965.062996565357,0.09650629965653566
btc_small_up_10m,0,0.05,0.3,0.0,0.05,45,random,0.010114700748403715,1.0114700748403715,0.4,5,-0.021223960665233244,-2.1223960665233244,12.186463017811855,2.0134839164050042,2.8833333333333335e-09,4.087002553423691,10101.147007484036,0.010114700748403715
btc_hl_breakout_1m,0,0.05,0.08,0.0,0.4,45,random,0.08191123838971502,8.191123838971501,0.45,20,-0.14114400162902963,-14.114400162902962,15.625635303725566,1.2779018134425042,7.041666666666667e-10,1.123247415750843,10819.11238389715,0.08191123838971502
btc_hl_breakout_3m,0,0.0075,0.3,0.0,0.2,20,random,0.05150681599312263,5.150681599312263,0.15,20,-0.07583983984124076,-7.583983984124076,17.620077187030585,1.5319867130285378,6.783333333333334e-10,1.366236520654181,10515.068159931227,0.05150681599312263
btc_vol_breakout_3m,0,0.03,0.2,0.0,0.5,15,random,0.06616413203448201,6.616413203448202,0.2857142857142857,14,-0.18599876098531243,-18.599876098531244,11.178185914380913,1.2177993395201543,9.69047619047619e-10,1.2674821330951116,10661.641320344821,0.06616413203448201
btc_hl_breakout_1m,0,0.0125,0.01,0.0,0.15,20,random,-0.015866292443740212,-1.586629244374021,0.4939759036144578,83,-0.06061920049897407,-6.061920049897407,-7.9681070166041845,0.9056514359723513,1.0542168674698795e-10,-0.12015250830427089,9841.337075562598,-0.015866292443740212
btc_small_down_10m,0,0.06,0.045,0.0,0.2,360,random,0.02118510821331015,2.118510821331015,0.5555555555555556,18,-0.07072556740839842,-7.0725567408398415,7.921129342645231,1.1825379137923602,6.888888888888889e-10,0.6405897117103126,10211.851082133102,0.02118510821331015
btc_hl_breakout_9m,0,0.1,0.03,0.0,0.5,20,random,0.14557232281578691,14.557232281578692,0.75,24,-0.16719552095654822,-16.719552095654823,20.177442903525034,1.3944936389563007,5.944444444444444e-10,1.2601289570397127,11455.723228157869,0.14557232281578691
btc_small_up_10m,0,0.03,0.04,0.0,0.05,60,random,0.014061896722821309,1.406189672282131,0.4864864864864865,37,-0.01511283846623468,-1.511283846623468,19.807126338808857,1.34756862481582,3.022522522522523e-10,0.7637521393576387,10140.618967228213,0.014061896722821309
btc_hl_breakout_7m,0,0.06,0.12,0.0,0.25,45,random,0.1032070390952028,10.320703909520281,0.4666666666666667,15,-0.08284182726244294,-8.284182726244293,26.5306289400274,1.6787045602800326,9.6e-10,2.7642650872945107,11032.070390952027,0.1032070390952028
btc_hl_breakout_3m,0,0.02,0.015,0.0,0.4,10,random,0.038782462380369045,3.8782462380369047,0.5645161290322581,62,-0.10187005626757761,-10.187005626757761,8.803996573328813,1.0927423857273517,1.717741935483871e-10,0.1852512312222948,10387.82462380369,0.038782462380369045
btc_hl_breakout_2m,0,0.0175,0.05,0.0,0.1,180,random,0.00035897016574579086,0.03589701657457908,0.3170731707317073,41,-0.04133876594030428,-4.133876594030427,0.6581862893256217,1.0039112025024606,3.0365853658536583e-10,0.02287632948809641,10003.589701657458,0.00035897016574579086
btc_hl_breakout_7m,0,0.04,0.08,0.0,0.1,60,random,0.02289617861623211,2.289617861623211,0.43478260869565216,23,-0.03611717005908799,-3.611717005908799,15.101616105098449,1.2992800348075029,5.869565217391305e-10,1.0191839934430247,10228.961786162321,0.02289617861623211
btc_vol_breakout_2m,0,0.0125,0.3,0.0,0.25,720,random,0.11022012782975053,11.022012782975054,0.2,15,-0.0821059513683623,-8.210595136836229,26.005963307180586,2.072331019129637,9.455555555555555e-10,3.0208937853970625,11102.201278297505,0.11022012782975053
btc_hl_breakout_7m,0,0.08,0.2,0.0,0.25,15,random,0.1077636272169218,10.77636272169218,0.4444444444444444,9,-0.07891120827293574,-7.891120827293574,27.327446440597686,1.8976211638818368,1.6277777777777778e-09,4.8571970476961965,11077.636272169219,0.1077636272169218
btc_vol_breakout_9m,0,0.05,0.15,0.0,0.15,30,random,0.010647461110180188,1.0647461110180187,0.36363636363636365,11,-0.05188625367078381,-5.188625367078381,5.820836635140182,1.148816523513745,1.271212121212121e-09,0.7361895095556011,10106.474611101801,0.010647461110180188
btc_small_up_9m,0,0.0125,0.06,0.0,0.5,180,random,-0.01281234752523169,-1.2812347525231689,0.23076923076923078,39,-0.16122366675123367,-16.122366675123367,-0.2009349448488215,0.9683076390086697,2.547008547008547e-10,-0.0013145420129830284,9871.876524747684,-0.01281234752523169
btc_vol_breakout_8m,0,0.0075,0.01,0.0,0.05,30,random,-0.0049761214036683835,-0.4976121403668383,0.45161290322580644,62,-0.01506090824498496,-1.506090824498496,-10.27864192096806,0.8606097239424436,1.0188172043010754e-10,-0.15889252121482514,9950.238785963316,-0.0049761214036683835
btc_hl_breakout_1m,0,0.015,0.035,0.0,0.05,1440,random,0.005161355678768723,0.5161355678768723,0.3877551020408163,49,-0.014959755632932614,-1.4959755632932614,8.290401922752288,1.113596947424331,2.615646258503401e-10,0.21552499036729408,10051.613556787688,0.005161355678768723
btc_small_up_9m,0,0.06,0.04,0.0,0.5,10,random,0.1348057132247961,13.480571322479609,0.6296296296296297,27,-0.12675941218243258,-12.675941218243258,19.73256727219462,1.3090202505309887,4.4135802469135803e-10,1.0611370170029322,11348.05713224796,0.1348057132247961
btc_hl_breakout_4m,0,0.04,0.06,0.0,0.15,1440,random,0.037788057059292786,3.778805705929279,0.4827586206896552,29,-0.046253522577657025,-4.6253522577657025,18.11724723823753,1.3013589663018907,4.816091954022989e-10,0.8891629393388519,10377.880570592928,0.037788057059292786
btc_hl_breakout_7m,0,0.0175,0.25,0.0,0.3,20,random,0.10073582398955581,10.073582398955581,0.21052631578947367,19,-0.10512110952434639,-10.51211095243464,21.069007638803225,1.6019764148861322,7.37719298245614e-10,1.874178100546616,11007.358239895559,0.10073582398955581
btc_small_up_9m,0,0.05,0.2,0.0,0.15,1440,random,0.020834612749882127,2.083461274988213,0.36363636363636365,11,-0.04634992479880973,-4.634992479880973,10.578774288564377,1.27002466852206,1.206060606060606e-09,1.3708540052583662,10208.346127498822,0.020834612749882127
btc_hl_breakout_9m,0,0.08,0.05,0.0,0.3,5,random,0.08675217981246992,8.675217981246993,0.6470588235294118,17,-0.10059778237141515,-10.059778237141515,19.497500249514026,1.5231852763775768,8.411764705882353e-10,1.7348228611679637,10867.521798124699,0.08675217981246992
btc_small_up_9m,0,0.05,0.3,0.0,0.5,180,random,0.12696268862472415,12.696268862472415,0.5,4,-0.16239268213892133,-16.23926821389213,17.294178112287923,2.6445643023709096,3.5708333333333335e-09,6.615986331616337,11269.626886247243,0.12696268862472415
btc_hl_breakout_6m,0,0.03,0.025,0.0,0.15,30,random,-0.0067078430346310365,-0.6707843034631037,0.5116279069767442,43,-0.057299313372142,-5.7299313372142,-2.961503046746289,0.9525499230650984,2.9108527131782946e-10,-0.08759846106159652,9932.92156965369,-0.0067078430346310365
btc_hl_breakout_7m,0,0.01,0.08,0.0,0.05,20,random,0.009716102562404086,0.9716102562404085,0.24444444444444444,45,-0.01717337710065847,-1.7173377100658471,13.73530894321638,1.2457086000528608,2.7185185185185186e-10,0.43733198002489876,10097.16102562404,0.009716102562404086
btc_hl_breakout_7m,0,0.035,0.25,0.0,0.3,360,random,0.09478816235771814,9.478816235771815,0.2857142857142857,14,-0.12011957838455822,-12.011957838455823,19.926354365031262,1.602882734029636,1.0261904761904762e-09,2.399198492863022,10947.881623577181,0.09478816235771814
btc_hl_breakout_3m,0,0.0075,0.25,0.0,0.3,240,random,0.05927524016822831,5.927524016822831,0.14285714285714285,28,-0.11188798540512657,-11.188798540512657,14.40910496306101,1.2891456181889116,4.726190476190476e-10,0.8201810413685305,10592.752401682283,0.05927524016822831
btc_hl_breakout_6m,0,0.0125,0.035,0.0,0.2,15,random,0.00829886238988679,0.829886238988679,0.35714285714285715,56,-0.0661730161109848,-6.617301611098481,3.9406796803723334,1.0396784432948387,2.0089285714285715e-10,0.09331336570037543,10082.988623898867,0.00829886238988679
btc_small_up_10m,0,0.035,0.04,0.0,0.05,60,random,0.019028057429146185,1.9028057429146186,0.5294117647058824,34,-0.015646569573083746,-1.5646569573083746,25.687643431839742,1.5026659086249026,3.3872549019607846e-10,1.1197800637332014,10190.280574291462,0.019028057429146185
btc_hl_breakout_8m,0,0.015,0.15,0.0,0.05,5,random,0.01190520438562757,1.190520438562757,0.22727272727272727,22,-0.01859456814135907,-1.859456814135907,15.18462941302417,1.435493433944615,6.196969696969697e-10,1.097855213320957,10119.052043856276,0.01190520438562757
btc_vol_breakout_3m,0,0.0175,0.1,0.0,0.2,30,random,0.04607898640999676,4.607898640999676,0.32,25,-0.06610298780610002,-6.610298780610002,17.7085237504342,1.367319828155374,4.793333333333333e-10,0.9519106917722998,10460.789864099968,0.04607898640999676
btc_vol_breakout_8m,0,0.0125,0.05,0.0,0.2,60,random,0.0386311135630506,3.86311135630506,0.3333333333333333,36,-0.039242425348802956,-3.9242425348802956,18.005803372723523,1.3189453200065129,2.851851851851852e-10,0.5464850545596441,10386.311135630505,0.0386311135630506
btc_hl_breakout_6m,0,0.05,0.15,0.0,0.25,120,random,0.060713445421761436,6.071344542176144,0.4166666666666667,12,-0.09727383376425813,-9.727383376425813,16.173899231789413,1.4507974980127405,1.1930555555555556e-09,2.153221218538935,10607.134454217614,0.060713445421761436
btc_vol_breakout_2m,0,0.015,0.3,0.0,0.5,60,random,0.20942328483382272,20.942328483382273,0.2,15,-0.15907459066499352,-15.907459066499353,25.596818351010427,1.9096493614757517,9.355555555555556e-10,2.9735308949038055,12094.232848338226,0.20942328483382272
btc_vol_breakout_8m,0,0.01,0.025,0.0,0.05,1440,random,0.005231339225717892,0.5231339225717893,0.3617021276595745,47,-0.011176745877070293,-1.1176745877070293,10.51775195792951,1.158490469331356,1.7553191489361701e-10,0.22570464869191842,10052.31339225718,0.005231339225717892
btc_vol_breakout_3m,0,0.06,0.02,0.0,0.15,180,random,0.05812964489736683,5.812964489736682,0.7714285714285715,35,-0.03729762544464399,-3.729762544464399,26.50632436173581,1.5940057764489806,3.5428571428571425e-10,1.1002673214093956,10581.296448973668,0.05812964489736683
btc_hl_breakout_6m,0,0.0175,0.035,0.0,0.3,120,random,-0.049275811178313006,-4.9275811178313,0.3333333333333333,48,-0.1409343876565663,-14.093438765656629,-12.293013032125904,0.8438105097448512,2.5625e-10,-0.3205470944670419,9507.24188821687,-0.049275811178313006
btc_alt_aligned,0,0.05,0.25,0.0,0.5,120,random,0.19972764142122643,19.972764142122642,0.36363636363636365,11,-0.17014727983936684,-17.014727983936684,24.901706419904382,1.807481825148608,1.3378787878787877e-09,3.840661988540866,11997.276414212265,0.19972764142122643
btc_small_up_10m,0,0.05,0.035,0.0,0.2,240,random,0.05664553634891579,5.664553634891579,0.6129032258064516,31,-0.05655716969163127,-5.655716969163127,19.348117568514756,1.3383289637451252,3.8440860215053764e-10,0.93312921036093,10566.455363489158,0.05664553634891579
btc_small_down_10m,0,0.03,0.035,0.0,0.1,1440,random,0.016947940001332425,1.6947940001332424,0.5454545454545454,33,-0.022204990557852078,-2.220499055785208,13.775967592584502,1.2481018141047489,3.383838383838384e-10,0.5226897607576336,10169.479400013324,0.016947940001332425
btc_vol_breakout_9m,0,0.015,0.15,0.0,0.15,45,random,0.026138314690177526,2.6138314690177524,0.17647058823529413,17,-0.03177750579510774,-3.177750579510774,14.50782266733091,1.4627880037626428,7.470588235294117e-10,1.0635825876318803,10261.383146901775,0.026138314690177526
btc_vol_breakout_2m,0,0.015,0.025,0.0,0.1,10,random,0.009963013454557643,0.9963013454557643,0.4406779661016949,59,-0.024361480947291403,-2.4361480947291403,8.276875798378738,1.102372306698906,1.903954802259887e-10,0.17627140331457994,10099.630134545576,0.009963013454557643
btc_bullish,0,0.08,0.25,0.0,0.2,20,random,0.05869990616955963,5.869990616955963,0.5,6,-0.07191187694397594,-7.191187694397594,18.689149983678103,2.0704267140989696,2.425e-09,5.017639541520748,10586.999061695597,0.05869990616955963
btc_hl_breakout_7m,0,0.0075,0.3,0.0,0.05,5,random,0.022174525391148062,2.2174525391148063,0.1875,16,-0.01827160682436635,-1.8271606824366349,26.147197256106406,2.5522186835132095,8.78125e-10,2.77688558754785,10221.74525391148,0.022174525391148062
btc_hl_breakout_10m,0,0.02,0.08,0.0,0.05,720,random,0.009336145526639092,0.9336145526639092,0.3125,32,-0.01650953315983994,-1.650953315983994,12.631260808198505,1.222340437713438,4.015625e-10,0.593525937158789,10093.361455266391,0.009336145526639092
btc_hl_breakout_5m,0,0.08,0.015,0.0,0.5,30,random,0.17073378293474006,17.073378293474008,0.8108108108108109,37,-0.14538379380927247,-14.538379380927246,23.469383494990975,1.4554479210608706,3.3423423423423423e-10,0.9285400543756168,11707.337829347402,0.17073378293474006
btc_vol_breakout_2m,0,0.08,0.12,0.0,0.4,480,random,0.18344756573887802,18.344756573887803,0.5,14,-0.12516557795823713,-12.516557795823713,29.07180627823204,1.6741786990481942,1.0154761904761906e-09,3.307719655311171,11834.47565738878,0.18344756573887802
btc_vol_breakout_8m,0,0.02,0.05,0.0,0.05,10,random,0.009521073784090561,0.9521073784090561,0.39285714285714285,28,-0.01056068897518303,-1.056068897518303,16.56482155911428,1.358248608147438,3.9345238095238094e-10,0.6838800096074702,10095.210737840905,0.009521073784090561
btc_hl_breakout_9m,0,0.005,0.025,0.0,0.4,120,random,-0.007479576272930944,-0.7479576272930945,0.26744186046511625,86,-0.20750049757350142,-20.75004975735014,0.23207285738280822,0.9848755448018592,1.1085271317829457e-10,0.005210847745722369,9925.204237270691,-0.007479576272930944
btc_bullish,0,0.02,0.02,0.0,0.4,10,random,0.07351596886586799,7.351596886586799,0.5373134328358209,67,-0.10796611045024251,-10.796611045024251,13.615771352502788,1.1456098623340587,1.8706467661691542e-10,0.3036930826921472,10735.15968865868,0.07351596886586799
btc_hl_breakout_1m,0,0.0125,0.02,0.0,0.1,5,random,0.005031557249268883,0.5031557249268883,0.44285714285714284,70,-0.03312341512447248,-3.3123415124472477,4.318985404957124,1.0467935312742955,1.4714285714285715e-10,0.07893022783808307,10050.31557249269,0.005031557249268883
btc_hl_breakout_10m,0,0.03,0.08,0.0,0.4,20,random,0.08471496138676725,8.471496138676725,0.38461538461538464,26,-0.14185139635505994,-14.185139635505994,15.15120048327719,1.2436802222083458,4.993589743589743e-10,0.901087204288094,10847.149613867672,0.08471496138676725
btc_hl_breakout_4m,0,0.02,0.01,0.0,0.5,720,random,0.06267448845944919,6.2674488459449185,0.6285714285714286,70,-0.106700062272441,-10.6700062272441,11.397480833701575,1.1241053196833957,1.3833333333333335e-10,0.20650578178747422,10626.744884594493,0.06267448845944919
btc_hl_breakout_7m,0,0.04,0.045,0.0,0.15,60,random,0.037039581573983876,3.7039581573983877,0.5161290322580645,31,-0.0537744744468327,-5.37744744468327,16.585924889090638,1.2840585523194865,4.301075268817204e-10,0.8177727277261722,10370.39581573984,0.037039581573983876
btc_vol_breakout_10m,0,0.03,0.015,0.0,0.25,45,random,0.03873077836877428,3.873077836877428,0.625,40,-0.05020232142530612,-5.020232142530611,14.980983907121987,1.2505924882525317,2.345833333333333e-10,0.4001877339497786,10387.307783687742,0.03873077836877428
btc_hl_breakout_7m,0,0.015,0.02,0.0,0.4,60,random,0.10353700988984434,10.353700988984434,0.4696969696969697,66,-0.1142022652382011,-11.420226523820109,20.291114619129395,1.2401963885123024,1.7348484848484846e-10,0.4043386191811859,11035.370098898444,0.10353700988984434
btc_small_up_10m,0,0.0175,0.12,0.0,0.15,10,random,0.040382739710597526,4.038273971059753,0.25,28,-0.0539171681182421,-5.39171681182421,18.54186598543229,1.3916698938806147,4.125e-10,0.9900550624923241,10403.827397105975,0.040382739710597526
btc_vol_breakout_10m,0,0.06,0.12,0.0,0.4,240,random,0.04517838484451799,4.517838484451799,0.4,10,-0.13872037346276966,-13.872037346276967,9.659519415345846,1.2390428488471363,1.3400000000000001e-09,1.3321966448101548,10451.78384844518,0.04517838484451799
btc_hl_breakout_6m,0,0.025,0.03,0.0,0.15,90,random,0.01617837685267898,1.6178376852678982,0.4883720930232558,43,-0.041962557358532604,-4.19625573585326,8.589498187981937,1.1161315619042789,2.9883720930232563e-10,0.26762192616834757,10161.78376852679,0.01617837685267898
btc_hl_breakout_1m,0,0.05,0.25,0.0,0.5,30,random,0.12168455259287966,12.168455259287967,0.3333333333333333,12,-0.17386789778510225,-17.386789778510227,17.87577311061427,1.3848861023420105,1.2097222222222222e-09,2.436980957412426,11216.845525928797,0.12168455259287966
btc_vol_breakout_10m,0,0.0125,0.04,0.0,0.2,20,random,0.03580380534871799,3.580380534871799,0.3611111111111111,36,-0.039561978937782905,-3.9561978937782905,17.035113408205877,1.3042853073354368,2.5648148148148146e-10,0.5070005852426117,10358.03805348718,0.03580380534871799
btc_hl_breakout_10m,0,0.0075,0.2,0.0,0.1,1440,random,0.02708265745815994,2.708265745815994,0.1724137931034483,29,-0.03664800512211197,-3.664800512211197,18.15169173356894,1.4189037494599435,4.6149425287356324e-10,0.9603647696708277,10270.826574581599,0.02708265745815994
btc_small_up_9m,0,0.04,0.025,0.0,0.3,45,random,0.07760904085992393,7.760904085992393,0.6363636363636364,33,-0.05724837247206804,-5.724837247206804,20.860162655838646,1.3833735256459756,3.323232323232323e-10,0.796739664141795,10776.090408599239,0.07760904085992393
btc_hl_breakout_5m,0,0.0075,0.3,0.0,0.05,1440,random,0.015372674195337345,1.5372674195337344,0.17647058823529413,17,-0.017954742962501213,-1.7954742962501213,20.088275169564714,1.7302324848274793,8.245098039215686e-10,1.8295098767687397,10153.726741953373,0.015372674195337345
btc_hl_breakout_5m,0,0.025,0.06,0.0,0.5,240,random,0.07495787825147054,7.495787825147055,0.37142857142857144,35,-0.1524456372582772,-15.244563725827721,12.330343124013654,1.1483173189060543,3.923809523809524e-10,0.5163857820932537,10749.578782514705,0.07495787825147054
btc_hl_breakout_1m,0,0.0075,0.015,0.0,0.4,720,random,-0.05802812987138946,-5.802812987138946,0.4074074074074074,81,-0.18039257863014535,-18.039257863014534,-10.903690008047471,0.8725036896274021,1.1296296296296296e-10,-0.16307564864085694,9419.718701286105,-0.05802812987138946
btc_hl_breakout_6m,0,0.035,0.1,0.0,0.4,720,random,0.015316375363533552,1.5316375363533552,0.3181818181818182,22,-0.15846869332702396,-15.846869332702395,4.367630553832927,1.048089448795325,6.257575757575758e-10,0.29741577416338916,10153.163753635336,0.015316375363533552
btc_vol_breakout_2m,0,0.01,0.03,0.0,0.25,30,random,-0.009019773123240203,-0.9019773123240202,0.3384615384615385,65,-0.0678055614208457,-6.780556142084571,-2.072758392188978,0.9646325884256937,1.6512820512820513e-10,-0.038208867652005,9909.802268767598,-0.009019773123240203
btc_vol_breakout_2m,0,0.005,0.05,0.0,0.3,720,random,-0.0406232098614425,-4.06232098614425,0.18181818181818182,66,-0.10709186103031865,-10.709186103031865,-10.273965916021536,0.8545131655795428,1.585858585858586e-10,-0.18770164591238664,9593.767901385574,-0.0406232098614425
btc_hl_breakout_9m,0,0.0125,0.3,0.0,0.3,480,random,0.1312741013581785,13.127410135817849,0.2,15,-0.1004242564281077,-10.04242564281077,26.084977294914825,2.031543001581661,9.566666666666667e-10,3.0184261585042687,11312.741013581785,0.1312741013581785
btc_vol_breakout_3m,0,0.1,0.015,0.0,0.1,5,random,0.04125024959030568,4.1250249590305685,0.8484848484848485,33,-0.0236451465575781,-2.36451465575781,30.22012828734322,1.831281462005391,3.6464646464646466e-10,1.2408717607635105,10412.502495903056,0.04125024959030568
btc_hl_breakout_4m,0,0.0125,0.045,0.0,0.5,120,random,0.0712963798878477,7.12963798878477,0.3673469387755102,49,-0.12766850029706645,-12.766850029706644,12.71281149117158,1.1561365484657546,2.5068027210884354e-10,0.33025202325414016,10712.963798878478,0.0712963798878477
btc_small_down_10m,0,0.03,0.2,0.0,0.25,10,random,0.07400355775167264,7.400355775167264,0.3076923076923077,13,-0.07349172171191676,-7.349172171191675,22.261011451170543,1.7056866623385933,1.0576923076923076e-09,2.363502330429744,10740.035577516726,0.07400355775167264
btc_vol_breakout_9m,0,0.04,0.25,0.0,0.1,5,random,0.0326134079879393,3.26134079879393,0.3333333333333333,12,-0.031979798316050356,-3.1979798316050356,22.5682004955905,1.6609402405462,1.152777777777778e-09,2.7791439965886235,10326.134079879394,0.0326134079879393
btc_vol_breakout_8m,0,0.08,0.2,0.0,0.5,120,random,0.12077805941045062,12.077805941045062,0.5,8,-0.1621981561916268,-16.21981561916268,18.45908630534153,1.51330596742353,1.7916666666666666e-09,3.4274482263564567,11207.780594104506,0.12077805941045062
btc_small_up_10m,0,0.05,0.025,0.0,0.25,60,random,0.07777350637137079,7.777350637137078,0.6571428571428571,35,-0.0703763273557958,-7.03763273557958,21.462868487963345,1.3742062531551016,3.2e-10,0.9024930725066087,10777.735063713708,0.07777350637137079
btc_hl_breakout_4m,0,0.035,0.035,0.0,0.3,10,random,0.07373178094454097,7.373178094454097,0.5526315789473685,38,-0.08620258190508112,-8.620258190508112,18.551383281072834,1.2866736465161452,3.5657894736842104e-10,0.6654402519368238,10737.317809445409,0.07373178094454097
btc_small_up_10m,0,0.0175,0.05,0.0,0.5,20,random,0.0924554455974875,9.24554455974875,0.32558139534883723,43,-0.18525051293867634,-18.525051293867634,14.40133250713894,1.1919955069902557,2.4341085271317826e-10,0.4867861101969352,10924.554455974874,0.0924554455974875
btc_small_up_9m,0,0.0075,0.015,0.0,0.15,15,random,0.01462136224618805,1.462136224618805,0.4098360655737705,61,-0.026930041763882362,-2.693004176388236,9.313226410826369,1.1350439870896956,1.1939890710382514e-10,0.16740734256904538,10146.21362246188,0.01462136224618805
btc_hl_breakout_3m,0,0.05,0.2,0.0,0.5,20,random,0.03137950034203641,3.1379500342036413,0.3333333333333333,12,-0.1747128633165983,-17.47128633165983,6.558367363655605,1.1031246220146709,1.202777777777778e-09,0.875211951166667,10313.795003420364,0.03137950034203641
btc_vol_breakout_3m,0,0.005,0.2,0.0,0.1,240,random,0.02105589063541098,2.1055890635410983,0.1282051282051282,39,-0.03911332498041342,-3.911332498041342,14.678271478585014,1.3091359410606556,2.7307692307692306e-10,0.5623225394294268,10210.55890635411,0.02105589063541098
btc_vol_breakout_8m,0,0.1,0.05,0.0,0.4,1440,random,0.023819756471191885,2.3819756471191886,0.5833333333333334,12,-0.12753313158560708,-12.753313158560708,6.0232548539367645,1.1205382059175129,1.0430555555555557e-09,0.6620497821868792,10238.197564711918,0.023819756471191885
btc_hl_breakout_3m,0,0.015,0.045,0.0,0.1,60,random,0.024716802546954138,2.4716802546954137,0.4,45,-0.027655215800718058,-2.765521580071806,18.853896745670298,1.2941437211713027,2.825925925925926e-10,0.5548590687171512,10247.168025469542,0.024716802546954138
btc_hl_breakout_3m,0,0.035,0.025,0.0,0.5,120,random,0.13669103923389575,13.669103923389574,0.625,40,-0.11462618427875093,-11.462618427875093,21.045806962645457,1.3074938269980159,3.245833333333334e-10,0.7037175359182519,11366.910392338958,0.13669103923389575
btc_hl_breakout_3m,0,0.01,0.3,0.0,0.5,45,random,0.11586619777082242,11.586619777082243,0.15789473684210525,19,-0.18517988553197373,-18.517988553197373,17.184509617862606,1.431998476715471,7.18421052631579e-10,1.43023441822363,11158.661977708223,0.11586619777082242
btc_small_up_9m,0,0.035,0.12,0.0,0.25,15,random,0.06679525021327372,6.679525021327372,0.4,15,-0.06547303292379048,-6.5473032923790475,19.789614463052942,1.5002376822548276,8.311111111111111e-10,1.8555761940513342,10667.952502132737,0.06679525021327372
btc_small_up_10m,0,0.035,0.035,0.0,0.4,90,random,0.12788238818834152,12.788238818834152,0.5428571428571428,35,-0.12011027951517539,-12.011027951517539,22.119286300923665,1.3754108451416143,3.352380952380952e-10,0.9280087631733493,11278.823881883414,0.12788238818834152
btc_hl_breakout_5m,0,0.0175,0.06,0.0,0.2,20,random,-0.004966747194486265,-0.4966747194486265,0.2926829268292683,41,-0.08006584807496753,-8.006584807496752,-1.1074442568956055,0.9754174160085054,3.231707317073171e-10,-0.028842477412414576,9950.332528055138,-0.004966747194486265
btc_small_up_10m,0,0.03,0.045,0.0,0.1,30,random,0.02608745555461876,2.608745555461876,0.47058823529411764,34,-0.0329244097385758,-3.29244097385758,18.502346994228773,1.3371369441259664,3.3676470588235294e-10,0.775357958543783,10260.874555546188,0.02608745555461876
btc_hl_breakout_5m,0,0.0075,0.02,0.0,0.25,45,random,-0.025397959338934788,-2.539795933893479,0.3670886075949367,79,-0.10852125765584242,-10.852125765584242,-7.37082354226727,0.9119792010808415,1.2848101265822786e-10,-0.11553422762250379,9746.020406610653,-0.025397959338934788
btc_alt_aligned,0,0.02,0.04,0.0,0.3,30,random,0.049134164241785946,4.913416424178594,0.40384615384615385,52,-0.10448565436954038,-10.448565436954038,11.697677811971701,1.1417348041292084,2.669871794871795e-10,0.3462063442261717,10491.34164241786,0.049134164241785946
btc_hl_breakout_6m,0,0.08,0.035,0.0,0.4,180,random,0.09408923694444211,9.408923694444212,0.6818181818181818,22,-0.12400845197428068,-12.400845197428067,16.832213794038466,1.3529545676726842,6.401515151515151e-10,1.1205594890405617,10940.89236944442,0.09408923694444211
btc_small_up_9m,0,0.015,0.15,0.0,0.25,15,random,0.06287558163735497,6.287558163735498,0.20833333333333334,24,-0.07860216905448947,-7.860216905448947,17.590484359549777,1.417691848002597,4.979166666666667e-10,1.1108654154147901,10628.75581637355,0.06287558163735497
btc_small_up_10m,0,0.1,0.04,0.0,0.15,45,random,0.05863849292677169,5.863849292677169,0.75,20,-0.034805877569532906,-3.4805877569532906,26.417830979402417,1.7059737383568172,6.416666666666666e-10,1.9509191918332482,10586.384929267717,0.05863849292677169
btc_hl_breakout_4m,0,0.0125,0.25,0.0,0.25,5,random,0.0812453268126871,8.124532681268711,0.21052631578947367,19,-0.07869053564275164,-7.869053564275164,22.145934257416393,1.585707124295815,7.359649122807017e-10,1.8103813092500254,10812.453268126872,0.0812453268126871
btc_vol_breakout_2m,0,0.015,0.15,0.0,0.4,480,random,0.0694837958505991,6.948379585059911,0.22727272727272727,22,-0.1383525194001035,-13.835251940010352,13.77594479186586,1.2917508376450546,6.015151515151516e-10,0.912075586330554,10694.837958505992,0.0694837958505991
btc_hl_breakout_3m,0,0.04,0.01,0.0,0.2,480,random,0.04269931201522936,4.269931201522937,0.7321428571428571,56,-0.047755493174665764,-4.775549317466576,16.729801300905454,1.2551239554962965,1.994047619047619e-10,0.39062136315516033,10426.993120152294,0.04269931201522936
btc_vol_breakout_8m,0,0.035,0.08,0.0,0.25,1440,random,0.03770457113199077,3.770457113199077,0.38095238095238093,21,-0.0784392680555217,-7.8439268055521705,12.048880128887527,1.2204033182119367,5.761904761904762e-10,0.779723311996561,10377.045711319908,0.03770457113199077
btc_vol_breakout_3m,0,0.04,0.01,0.0,0.5,15,random,0.07468707100208694,7.468707100208693,0.7358490566037735,53,-0.11310316029132794,-11.310316029132794,13.062468108899681,1.1710647079124628,2.0283018867924527e-10,0.31448184460778617,10746.87071002087,0.07468707100208694
btc_hl_breakout_4m,0,0.06,0.05,0.0,0.15,15,random,0.0416224515494466,4.162245154944659,0.6086956521739131,23,-0.048605098379022715,-4.8605098379022715,18.462046559744227,1.3989091232662383,6.036231884057971e-10,1.225373821564952,10416.224515494467,0.0416224515494466
btc_vol_breakout_8m,0,0.02,0.25,0.0,0.05,360,random,0.021575860910342186,2.1575860910342186,0.2,15,-0.01056068897518403,-1.056068897518403,31.775255042335125,2.1318123266181526,8.511111111111111e-10,2.887240231598538,10215.758609103423,0.021575860910342186
btc_vol_breakout_9m,0,0.0175,0.02,0.0,0.1,360,random,0.013469825180907504,1.3469825180907504,0.5121951219512195,41,-0.02126129644188668,-2.126129644188668,13.401911762703321,1.2125794022418699,1.8617886178861787e-10,0.33442408131868334,10134.698251809075,0.013469825180907504
btc_hl_breakout_8m,0,0.02,0.05,0.0,0.3,5,random,0.0391354678996699,3.9135467899669902,0.358974358974359,39,-0.10093667165186282,-10.093667165186282,9.774565924903845,1.1357395452374932,3.337606837606838e-10,0.3815653135987096,10391.354678996699,0.0391354678996699
btc_vol_breakout_3m,0,0.08,0.04,0.0,0.3,10,random,0.0893832522106064,8.93832522106064,0.6818181818181818,22,-0.08919742653749896,-8.919742653749896,20.288606454934083,1.4510930753846454,6.28030303030303e-10,1.38527152247171,10893.832522106064,0.0893832522106064
btc_vol_breakout_9m,0,0.025,0.02,0.0,0.4,240,random,0.13750783772378786,13.750783772378785,0.6216216216216216,37,-0.056304102521105404,-5.63041025211054,31.74764107462751,1.5984534424558425,2.1441441441441443e-10,0.9060226226065784,11375.078377237878,0.13750783772378786
btc_hl_breakout_9m,0,0.005,0.08,0.0,0.4,30,random,-0.045625484155989535,-4.562548415598953,0.140625,64,-0.2156510784660265,-21.56510784660265,-6.815068384325538,0.8916595188525854,1.640625e-10,-0.143241000907149,9543.745158440104,-0.045625484155989535
btc_hl_breakout_6m,0,0.1,0.15,0.0,0.5,1440,random,0.12573802686997834,12.573802686997833,0.5555555555555556,9,-0.18502415697810903,-18.502415697810903,17.478364117597813,1.4498954309649463,1.6222222222222221e-09,3.1685778388356947,11257.380268699784,0.12573802686997834
btc_hl_breakout_8m,0,0.0125,0.035,0.0,0.25,60,random,0.048412908145079744,4.841290814507975,0.35714285714285715,56,-0.08662072955390199,-8.6620729553902,14.182685038001129,1.1802077862245424,2.0267857142857145e-10,0.36721072860425197,10484.129081450797,0.048412908145079744
btc_hl_breakout_2m,0,0.04,0.12,0.0,0.25,90,random,0.06881860938814174,6.8818609388141745,0.3888888888888889,18,-0.08298562625645944,-8.298562625645944,19.507946973645023,1.3941574760902553,7.86111111111111e-10,1.6120117891001886,10688.186093881417,0.06881860938814174
btc_small_down_10m,0,0.08,0.04,0.0,0.1,720,random,0.014645483291786412,1.4645483291786412,0.6470588235294118,17,-0.034550075138328085,-3.4550075138328085,10.52819630808744,1.2939549519247282,7.5e-10,0.882337082382302,10146.454832917863,0.014645483291786412
btc_hl_breakout_8m,0,0.02,0.015,0.0,0.3,180,random,0.045140133791019846,4.514013379101985,0.546875,64,-0.09475125256541983,-9.475125256541983,11.484615063126197,1.138106427555466,1.6901041666666665e-10,0.25780191027903154,10451.401337910198,0.045140133791019846
btc_hl_breakout_3m,0,0.0125,0.05,0.0,0.25,10,random,0.03384563490100809,3.384563490100809,0.3409090909090909,44,-0.06758664853253937,-6.758664853253937,10.935232702126848,1.1527791012796667,2.8371212121212124e-10,0.33798575813639836,10338.45634901008,0.03384563490100809
btc_hl_breakout_4m,0,0.0075,0.03,0.0,0.5,30,random,0.007020312035912957,0.7020312035912958,0.3333333333333333,69,-0.16884843730630072,-16.884843730630074,2.964967512992668,1.0121056515707578,1.683574879227053e-10,0.056887483569356134,10070.203120359129,0.007020312035912957
btc_vol_breakout_3m,0,0.02,0.1,0.0,0.05,480,random,0.011467576114854324,1.1467576114854323,0.3333333333333333,24,-0.017030960416361762,-1.7030960416361762,16.832463383323883,1.3762094693697164,5.069444444444445e-10,0.9643057356898546,10114.675761148543,0.011467576114854324
btc_vol_breakout_3m,0,0.0125,0.045,0.0,0.05,30,random,0.004806707641965369,0.4806707641965369,0.36363636363636365,44,-0.014465980156025071,-1.4465980156025071,7.532286769814444,1.1125010180611654,2.4545454545454546e-10,0.2239740202250627,10048.067076419653,0.004806707641965369
btc_hl_breakout_4m,0,0.02,0.06,0.0,0.1,120,random,0.025465742432986292,2.5465742432986294,0.3783783783783784,37,-0.028497645212981815,-2.8497645212981815,18.2318431236356,1.3012309578407326,3.5990990990990986e-10,0.6983039576329503,10254.657424329864,0.025465742432986292
btc_hl_breakout_8m,0,0.03,0.045,0.0,0.25,10,random,0.018401738253801203,1.8401738253801203,0.4444444444444444,36,-0.10370576335596415,-10.370576335596414,5.9405521511823185,1.0749993059570895,3.4583333333333333e-10,0.2474984373131033,10184.017382538012,0.018401738253801203
btc_vol_breakout_8m,0,0.0175,0.15,0.0,0.15,240,random,0.009170294633185017,0.9170294633185018,0.17647058823529413,17,-0.04297068764472334,-4.297068764472334,5.250187244761206,1.1258757906649284,7.568627450980392e-10,0.4147398464957649,10091.70294633185,0.009170294633185017
btc_hl_breakout_9m,0,0.0125,0.04,0.0,0.4,10,random,0.0884888323423786,8.84888323423786,0.36538461538461536,52,-0.12546173720021958,-12.546173720021958,16.083870518131636,1.2045470104245133,2.3685897435897435e-10,0.4570996933943797,10884.888323423786,0.0884888323423786
btc_bullish,0,0.08,0.1,0.0,0.5,120,random,0.12957629798818626,12.957629798818626,0.5,12,-0.16250158815876148,-16.250158815876148,18.0418963837692,1.395984005372717,1.2125e-09,2.41344535664671,11295.762979881863,0.12957629798818626
btc_hl_breakout_2m,0,0.025,0.05,0.0,0.15,20,random,0.02672028115047617,2.6720281150476173,0.4166666666666667,36,-0.05615228098153868,-5.615228098153868,13.18263442786035,1.2009620318431864,3.7361111111111113e-10,0.5155643937404281,10267.202811504761,0.02672028115047617
btc_small_down_10m,0,0.025,0.045,0.0,0.3,120,random,0.027444912984000893,2.744491298400089,0.40625,32,-0.0828874798025494,-8.28874798025494,7.997914512226428,1.1274550586168406,3.546875e-10,0.3215177669299958,10274.44912984001,0.027444912984000893
btc_vol_breakout_10m,0,0.04,0.12,0.0,0.5,240,random,0.12385838290265956,12.385838290265957,0.35714285714285715,14,-0.1519826609134446,-15.19826609134446,18.981714157468172,1.445530176227033,9.404761904761905e-10,1.9422477101736668,11238.583829026597,0.12385838290265956
btc_vol_breakout_10m,0,0.08,0.04,0.0,0.05,30,random,0.008515305202131094,0.8515305202131094,0.6666666666666666,21,-0.014063249769954989,-1.4063249769954989,13.501389882908246,1.2893842971016904,5.88095238095238e-10,0.8206090229540605,10085.153052021311,0.008515305202131094
btc_hl_breakout_8m,0,0.025,0.01,0.0,0.5,20,random,0.10568733634149276,10.568733634149275,0.6515151515151515,66,-0.15146935047668564,-15.146935047668563,15.99025378051983,1.1935625272948007,1.7373737373737373e-10,0.3475521213915601,11056.873363414928,0.10568733634149276
btc_hl_breakout_1m,0,0.08,0.25,0.0,0.4,720,random,0.14416636856790793,14.416636856790793,0.4444444444444444,9,-0.13134008847963652,-13.134008847963653,22.712867249966095,1.6087685747637428,1.6185185185185186e-09,4.381544310349645,11441.66368567908,0.14416636856790793
btc_hl_breakout_10m,0,0.05,0.035,0.0,0.1,5,random,0.01997806153306225,1.9978061533062248,0.5757575757575758,33,-0.03874242891219737,-3.874242891219737,13.661333130612926,1.2249576566039826,3.994949494949495e-10,0.6207479021238094,10199.780615330623,0.01997806153306225
btc_hl_breakout_1m,0,0.08,0.1,0.0,0.1,10,random,0.03428222535154827,3.428222535154827,0.5384615384615384,13,-0.034117561031459465,-3.4117561031459465,22.472679387796408,1.653807940062385,1.0961538461538463e-09,2.655745410178809,10342.822253515482,0.03428222535154827
btc_hl_breakout_5m,0,0.0075,0.3,0.0,0.2,240,random,0.059478970972256295,5.9478970972256295,0.17647058823529413,17,-0.07022888519559334,-7.022888519559334,19.988933432696527,1.6674868581793996,8.245098039215686e-10,1.829509876768743,10594.789709722563,0.059478970972256295
btc_hl_breakout_1m,0,0.015,0.12,0.0,0.3,45,random,0.07088455383740497,7.088455383740497,0.25,28,-0.09485760039144753,-9.485760039144752,18.056535544500672,1.3257552214155193,4.6547619047619047e-10,0.9079907952746671,10708.84553837405,0.07088455383740497
btc_hl_breakout_5m,0,0.02,0.12,0.0,0.15,360,random,0.036334407276433285,3.6334407276433285,0.25925925925925924,27,-0.05048364297887531,-5.048364297887531,17.158203213154945,1.3325685899769717,5.135802469135802e-10,0.9331685781833218,10363.344072764332,0.036334407276433285
btc_bullish,0,0.04,0.025,0.0,0.4,5,random,0.1022324152215062,10.22324152215062,0.5945945945945946,37,-0.1242689829441419,-12.42689829441419,17.850900729921218,1.277980564477618,3.657657657657658e-10,0.7267139162338502,11022.324152215062,0.1022324152215062
btc_hl_breakout_4m,0,0.01,0.08,0.0,0.3,720,random,0.040366734018324225,4.036673401832423,0.2647058823529412,34,-0.09470179342689022,-9.470179342689022,11.08369140621152,1.197759741803271,3.779411764705882e-10,0.4343637984028011,10403.667340183241,0.040366734018324225
btc_vol_breakout_10m,0,0.01,0.05,0.0,0.3,5,random,0.0032207867804876513,0.3220786780487651,0.25,36,-0.06403642702141676,-6.403642702141676,1.9535815424592096,1.018653814071807,2.5277777777777775e-10,0.05291472460221414,10032.207867804877,0.0032207867804876513
btc_vol_breakout_9m,0,0.1,0.01,0.0,0.15,60,random,0.016667392672494792,1.6667392672494792,0.8387096774193549,31,-0.034517265116238316,-3.4517265116238316,10.4506368661653,1.2288932316025047,3.704301075268817e-10,0.37504096588690033,10166.673926724949,0.016667392672494792
btc_vol_breakout_3m,0,0.005,0.08,0.0,0.1,120,random,-0.009204519059513519,-0.9204519059513518,0.15384615384615385,52,-0.04281456747815082,-4.281456747815082,-7.089049776687439,0.8876100329382505,1.6987179487179485e-10,-0.16779421130523334,9907.954809404864,-0.009204519059513519
btc_alt_aligned,0,0.04,0.12,0.0,0.5,5,random,0.17969738957882628,17.969738957882626,0.4,20,-0.15038417965949058,-15.038417965949058,23.297075345219834,1.4225762706431733,7.258333333333333e-10,1.9159839989001308,11796.973895788262,0.17969738957882628
btc_alt_aligned,0,0.03,0.025,0.0,0.25,60,random,0.05924629977523086,5.924629977523086,0.5531914893617021,47,-0.07781840359926495,-7.781840359926495,16.053988374552173,1.2173726215983949,2.971631205673759e-10,0.5281138754167086,10592.46299775231,0.05924629977523086
btc_vol_breakout_9m,0,0.06,0.06,0.0,0.2,60,random,-0.0032904956755044168,-0.3290495675504417,0.42857142857142855,14,-0.07140781025633858,-7.140781025633858,-0.4756489732287496,0.9705003071389318,9.083333333333333e-10,-0.04578241973152615,9967.095043244955,-0.0032904956755044168
btc_vol_breakout_3m,0,0.0125,0.06,0.0,0.25,45,random,0.0041312821436816196,0.41312821436816194,0.28125,32,-0.07942345738381562,-7.942345738381562,2.2232629413440734,1.0241113896929475,3.625e-10,0.09081943425252965,10041.312821436815,0.0041312821436816196
btc_hl_breakout_8m,0,0.0175,0.035,0.0,0.15,60,random,0.017312539706793244,1.7312539706793244,0.38,50,-0.053374600472113176,-5.337460047211318,8.466230674767056,1.109078227940645,2.4833333333333335e-10,0.24843204377981792,10173.125397067932,0.017312539706793244
btc_vol_breakout_10m,0,0.02,0.03,0.0,0.2,30,random,0.03570140690704493,3.570140690704493,0.47058823529411764,34,-0.04741979843694211,-4.74197984369421,16.7589376134566,1.2849873910822107,2.7941176470588236e-10,0.5367698308411065,10357.01406907045,0.03570140690704493
btc_hl_breakout_4m,0,0.01,0.04,0.0,0.25,1440,random,0.036064486072607996,3.6064486072607997,0.3508771929824561,57,-0.05916100350480502,-5.916100350480502,11.971529260207594,1.1522575413915817,2.1461988304093566e-10,0.2707230067775862,10360.644860726079,0.036064486072607996
btc_bullish,0,0.1,0.035,0.0,0.5,360,random,0.16228372702644484,16.228372702644485,0.76,25,-0.1541354397386615,-15.413543973866151,22.052098439513063,1.408000811594572,5.573333333333333e-10,1.3471535742808511,11622.837270264448,0.16228372702644484
btc_hl_breakout_7m,0,0.02,0.035,0.0,0.3,30,random,0.05446086508911112,5.446086508911112,0.4166666666666667,48,-0.10208544506632156,-10.208544506632155,13.22067471896907,1.1703743681351577,2.6979166666666665e-10,0.4084632565054559,10544.60865089111,0.05446086508911112
btc_hl_breakout_6m,0,0.025,0.12,0.0,0.05,1440,random,0.00550278261947384,0.5502782619473839,0.2727272727272727,22,-0.01915004860042524,-1.915004860042524,7.861594299563681,1.1618612179981849,6.424242424242424e-10,0.5181411255335445,10055.027826194739,0.00550278261947384
btc_hl_breakout_6m,0,0.03,0.02,0.0,0.25,720,random,0.007943551577157041,0.7943551577157041,0.5531914893617021,47,-0.0916991786634388,-9.16991786634388,3.4346576217793845,1.0338157074407608,2.49290780141844e-10,0.09206886853920696,10079.43551577157,0.007943551577157041
btc_hl_breakout_10m,0,0.01,0.04,0.0,0.25,60,random,0.02450958513642222,2.450958513642222,0.3076923076923077,52,-0.08021716480974928,-8.021716480974927,7.9533243010515875,1.1025494433425336,2.25e-10,0.2145274375176619,10245.095851364222,0.02450958513642222
btc_vol_breakout_8m,0,0.01,0.1,0.0,0.4,60,random,0.06084777165799014,6.084777165799014,0.2,35,-0.08678335794765901,-8.678335794765902,14.312962759037296,1.2372400561669281,3.019047619047619e-10,0.47570806857152087,10608.477716579902,0.06084777165799014
btc_hl_breakout_4m,0,0.0125,0.03,0.0,0.05,480,random,0.014702414202258388,1.4702414202258387,0.45,60,-0.010501946991252842,-1.0501946991252842,22.436567190100213,1.3203787375850984,1.8555555555555554e-10,0.49125532023414875,10147.024142022583,0.014702414202258388
btc_hl_breakout_5m,0,0.1,0.03,0.0,0.1,5,random,0.031555417093016035,3.1555417093016036,0.76,25,-0.03510821614988824,-3.510821614988824,21.164388952126938,1.5079352242812694,5.646666666666667e-10,1.267920780621879,10315.55417093016,0.031555417093016035
btc_hl_breakout_4m,0,0.005,0.25,0.0,0.05,10,random,0.017325496734217582,1.7325496734217583,0.15384615384615385,26,-0.015308542401381908,-1.5308542401381908,23.33649055314046,1.6742803042528707,4.948717948717949e-10,1.347137480335798,10173.254967342176,0.017325496734217582
btc_vol_breakout_2m,0,0.05,0.06,0.0,0.05,60,random,0.012369060518992973,1.2369060518992974,0.48148148148148145,27,-0.01701484900358108,-1.7014849003581078,17.66287723006329,1.304502538426496,5.024691358024691e-10,0.9255768214258457,10123.69060518993,0.012369060518992973
btc_vol_breakout_8m,0,0.03,0.01,0.0,0.2,15,random,0.03615621886117606,3.615621886117606,0.7083333333333334,48,-0.046753520995525544,-4.675352099552555,17.566694553478325,1.3041583581991067,1.8368055555555556e-10,0.382836790974654,10361.56218861176,0.03615621886117606
btc_vol_breakout_9m,0,0.1,0.12,0.0,0.15,480,random,0.02694512080394368,2.694512080394368,0.5,8,-0.04932276196470253,-4.932276196470253,13.459135977855674,1.46095493669497,1.6875e-09,2.3306037165521567,10269.451208039436,0.02694512080394368
btc_hl_breakout_8m,0,0.035,0.03,0.0,0.05,15,random,0.013165222275918136,1.3165222275918136,0.5789473684210527,38,-0.016289233422889127,-1.6289233422889127,17.78192250641836,1.3029308580304895,3.447368421052632e-10,0.6976538173680621,10131.652222759181,0.013165222275918136
btc_hl_breakout_10m,0,0.1,0.04,0.0,0.05,360,random,0.01170361103671301,1.170361103671301,0.7,20,-0.019770789166267067,-1.9770789166267067,15.69750269849339,1.3839838263009752,6.950000000000001e-10,1.181255751069023,10117.03611036713,0.01170361103671301
btc_hl_breakout_4m,0,0.035,0.01,0.0,0.5,720,random,0.15206734567341473,15.206734567341474,0.7368421052631579,57,-0.10716555971640707,-10.716555971640707,23.71892365989628,1.3485097960834933,1.9502923976608188e-10,0.5379153143447705,11520.673456734148,0.15206734567341473
btc_hl_breakout_1m,0,0.03,0.015,0.0,0.25,20,random,0.034444439285324736,3.4444439285324737,0.6181818181818182,55,-0.07295950679580177,-7.2959506795801765,11.603812816271857,1.1476603539851755,2.0272727272727274e-10,0.2675183890009418,10344.444392853247,0.034444439285324736
btc_vol_breakout_9m,0,0.0175,0.045,0.0,0.5,90,random,-0.013860923253115106,-1.3860923253115105,0.36363636363636365,33,-0.1449807521882146,-14.49807521882146,-0.5900074552263542,0.961929946668413,3.1515151515151516e-10,-0.025876373849888862,9861.390767468849,-0.013860923253115106
btc_small_up_9m,0,0.005,0.02,0.0,0.2,1440,random,0.04553255316578568,4.553255316578568,0.3548387096774194,62,-0.02978895255651559,-2.978895255651559,23.141145734826114,1.3645907826100425,1.1317204301075268e-10,0.3686591722047855,10455.325531657856,0.04553255316578568
btc_small_down_10m,0,0.08,0.2,0.0,0.4,5,random,0.13586748680829297,13.586748680829297,0.5,8,-0.13754532832050026,-13.754532832050026,21.852642747916168,1.833465942599,1.78125e-09,4.433822753152422,11358.67486808293,0.13586748680829297
btc_small_down_10m,0,0.08,0.035,0.0,0.4,720,random,0.0702833306270436,7.02833306270436,0.7,20,-0.13277798940495567,-13.277798940495567,13.47165452537659,1.3049957522711528,6.191666666666666e-10,0.9409445662584415,10702.833306270437,0.0702833306270436
btc_alt_aligned,0,0.015,0.04,0.0,0.1,480,random,0.022388877156350316,2.2388877156350317,0.36666666666666664,60,-0.0323362782329677,-3.2336278232967697,14.805268098228408,1.2012414445140764,2.2833333333333332e-10,0.3808816265162294,10223.888771563503,0.022388877156350316
btc_hl_breakout_4m,0,0.1,0.045,0.0,0.1,60,random,0.02291822861561369,2.291822861561369,0.7058823529411765,17,-0.035244812313198315,-3.5244812313198315,15.695887019466102,1.4657733160479485,8.450980392156862e-10,1.3636491432592246,10229.182286156138,0.02291822861561369
btc_small_up_10m,0,0.06,0.08,0.0,0.25,360,random,0.06016160344032319,6.016160344032319,0.5294117647058824,17,-0.08970850990758261,-8.970850990758262,17.011970742372434,1.3821310097656105,7.529411764705883e-10,1.4709057181896545,10601.616034403232,0.06016160344032319
btc_vol_breakout_8m,0,0.0075,0.015,0.0,0.05,30,random,0.00016932842148878536,0.016932842148878538,0.40350877192982454,57,-0.01319313366955055,-1.319313366955055,0.4859865689019563,1.004734052651542,1.2017543859649122e-10,0.00857984674408558,10001.693284214887,0.00016932842148878536
btc_hl_breakout_9m,0,0.04,0.1,0.0,0.3,5,random,0.07261503135556764,7.261503135556764,0.42857142857142855,21,-0.10569802480216406,-10.569802480216406,16.396810280453494,1.3176247773366552,6.698412698412698e-10,1.2247463812718196,10726.150313555676,0.07261503135556764
btc_bullish,0,0.0125,0.12,0.0,0.2,120,random,0.04348865795116887,4.348865795116887,0.21212121212121213,33,-0.06503969005744104,-6.5039690057441035,14.514487560686408,1.287857994950733,4.141414141414141e-10,0.698542689448506,10434.886579511689,0.04348865795116887
btc_vol_breakout_3m,0,0.04,0.025,0.0,0.25,120,random,0.04301806199898319,4.301806199898319,0.6111111111111112,36,-0.056536515946754684,-5.653651594675468,13.697607036069314,1.2156870858306068,3.398148148148148e-10,0.5013680697586035,10430.180619989831,0.04301806199898319
btc_bullish,0,0.005,0.035,0.0,0.3,120,random,0.05263030022581997,5.263030022581997,0.26136363636363635,88,-0.08263677986021889,-8.26367798602189,12.699857049860073,1.1375365231140038,1.3371212121212121e-10,0.21760923861962275,10526.303002258199,0.05263030022581997
btc_hl_breakout_10m,0,0.035,0.03,0.0,0.2,20,random,0.05279520226420893,5.279520226420893,0.5789473684210527,38,-0.06404781535593429,-6.404781535593429,18.11977027343748,1.2916895387762797,3.412280701754386e-10,0.7115045663660925,10527.95202264209,0.05279520226420893
btc_hl_breakout_1m,0,0.03,0.035,0.0,0.5,1440,random,0.03321640301643693,3.3216403016436926,0.48717948717948717,39,-0.16765472743014065,-16.765472743014065,6.933018020642437,1.069074125848561,3.341880341880342e-10,0.23138791967793468,10332.16403016437,0.03321640301643693
btc_vol_breakout_3m,0,0.025,0.045,0.0,0.4,30,random,0.032835023915048396,3.2835023915048396,0.4411764705882353,34,-0.14234646961519748,-14.234646961519747,7.542812129950749,1.0958788996657023,3.607843137254902e-10,0.2985073601639885,10328.350239150484,0.032835023915048396
btc_alt_aligned,0,0.05,0.01,0.0,0.4,15,random,0.1051037751919539,10.510377519195389,0.75,64,-0.12725449274666334,-12.725449274666333,18.074131589427644,1.2365401485704255,2.1302083333333333e-10,0.4343197347605817,11051.037751919539,0.1051037751919539
btc_hl_breakout_10m,0,0.03,0.15,0.0,0.4,720,random,0.10534055201667675,10.534055201667675,0.35714285714285715,14,-0.1418513963550604,-14.185139635506038,17.856390848317734,1.4891551580205065,1.0154761904761906e-09,2.02978923410217,11053.405520166767,0.10534055201667675
btc_hl_breakout_9m,0,0.01,0.08,0.0,0.25,240,random,0.04343592486311486,4.343592486311485,0.23255813953488372,43,-0.09622756503681518,-9.622756503681519,12.593786391140391,1.2020379296182186,2.883720930232558e-10,0.43778593440835684,10434.359248631148,0.04343592486311486
btc_vol_breakout_8m,0,0.0125,0.015,0.0,0.2,180,random,0.014893225729879805,1.4893225729879807,0.49056603773584906,53,-0.03911618439070297,-3.911618439070297,8.013705581957788,1.109627999595386,1.3490566037735848e-10,0.15036820098951628,10148.932257298799,0.014893225729879805
btc_vol_breakout_9m,0,0.04,0.035,0.0,0.4,90,random,0.04482963149184338,4.482963149184338,0.5517241379310345,29,-0.11559299742215412,-11.559299742215412,10.26579101505349,1.1472884242197487,3.8850574712643677e-10,0.44211412098582087,10448.296314918434,0.04482963149184338
btc_hl_breakout_6m,0,0.03,0.01,0.0,0.3,120,random,-0.0022907579696186987,-0.22907579696186986,0.6721311475409836,61,-0.11538066881845743,-11.538066881845744,0.4666237691287153,0.9919267757068588,1.6885245901639345e-10,0.009082845770135968,9977.092420303812,-0.0022907579696186987
btc_alt_aligned,0,0.0125,0.08,0.0,0.4,90,random,0.14592587342293292,14.592587342293292,0.3,40,-0.12012170022037005,-12.012170022037004,23.715473009881084,1.4144862921931323,3.516666666666667e-10,0.9240196037505071,11459.25873422933,0.14592587342293292
btc_bullish,0,0.01,0.15,0.0,0.15,1440,random,0.038187865399251404,3.8187865399251404,0.2,25,-0.044954172893396316,-4.495417289339631,16.41677471965899,1.4680905460011708,5.573333333333333e-10,1.050671556050688,10381.878653992513,0.038187865399251404
btc_vol_breakout_3m,0,0.03,0.08,0.0,0.4,90,random,0.04275218030678557,4.275218030678557,0.391304347826087,23,-0.15129867981486833,-15.129867981486832,9.206167307304645,1.1408848979758675,5.673913043478261e-10,0.5660310735879874,10427.521803067855,0.04275218030678557
btc_vol_breakout_10m,0,0.02,0.12,0.0,0.3,15,random,0.1133011384211447,11.33011384211447,0.2777777777777778,18,-0.061843366575542125,-6.184336657554212,29.20153285338077,1.8909210379033812,6.805555555555556e-10,2.102279456788867,11133.011384211448,0.1133011384211447
btc_bullish,0,0.005,0.12,0.0,0.1,5,random,0.02620128881260082,2.620128881260082,0.15217391304347827,46,-0.028787607893962286,-2.8787607893962286,16.93736207095712,1.369739358168484,2.869565217391304e-10,0.5819807114234423,10262.012888126008,0.02620128881260082
btc_small_down_10m,0,0.005,0.15,0.0,0.5,90,random,0.20543134952061082,20.54313495206108,0.16666666666666666,30,-0.13305073382797672,-13.305073382797673,26.165004878885682,1.8720474776751104,4.4e-10,1.3847024532009093,12054.313495206108,0.20543134952061082
btc_hl_breakout_10m,0,0.01,0.06,0.0,0.1,720,random,0.012967147982872757,1.2967147982872758,0.24444444444444444,45,-0.03393605995906146,-3.393605995906146,9.412697207026646,1.149408890820672,2.733333333333333e-10,0.30199633998040665,10129.671479828728,0.012967147982872757
btc_hl_breakout_4m,0,0.06,0.02,0.0,0.3,360,random,0.11014735898882291,11.014735898882291,0.75,36,-0.07997178267310334,-7.997178267310334,24.801483412404593,1.502224687180363,3.625e-10,1.012552532691726,11101.473589888228,0.11014735898882291
btc_hl_breakout_4m,0,0.06,0.2,0.0,0.25,360,random,0.11445017410488313,11.445017410488314,0.5,10,-0.07453569626750411,-7.4535696267504115,28.700162424181155,1.9983095348436033,1.4516666666666665e-09,4.604754683048378,11144.50174104883,0.11445017410488313
btc_vol_breakout_8m,0,0.1,0.12,0.0,0.2,240,random,0.04370073044897983,4.370073044897984,0.5,10,-0.06535942926152938,-6.535942926152938,16.37112104046034,1.454241757027861,1.3083333333333333e-09,2.2848230105164578,10437.007304489798,0.04370073044897983
btc_hl_breakout_7m,0,0.025,0.01,0.0,0.05,480,random,0.01395325208720343,1.395325208720343,0.6521739130434783,69,-0.015336777711107086,-1.5336777711107086,19.11412750503858,1.293279903750086,1.7028985507246378e-10,0.40637641622932014,10139.532520872035,0.01395325208720343
btc_small_up_10m,0,0.025,0.1,0.0,0.15,20,random,0.048478572302129326,4.847857230212933,0.32,25,-0.05262567661890616,-5.262567661890616,22.168763265089705,1.4619387773225245,4.726666666666667e-10,1.3171277619404136,10484.785723021294,0.048478572302129326
btc_hl_breakout_6m,0,0.015,0.12,0.0,0.05,20,random,0.00360569669937974,0.360569669937974,0.20689655172413793,29,-0.019714894689460416,-1.9714894689460416,5.440462643784852,1.100539174720515,4.620689655172414e-10,0.262441176127475,10036.056966993798,0.00360569669937974
btc_hl_breakout_7m,0,0.02,0.05,0.0,0.15,120,random,0.024789092422748536,2.4789092422748538,0.375,40,-0.047190627779606364,-4.7190627779606364,11.521529966299035,1.176032224062905,3.2833333333333334e-10,0.4348343248145034,10247.890924227486,0.024789092422748536
btc_small_up_10m,0,0.06,0.045,0.0,0.5,90,random,0.11692892260217713,11.692892260217713,0.6,25,-0.16170225860183418,-16.170225860183418,17.444497710220165,1.2867532725676232,4.806666666666667e-10,1.012774281329441,11169.28922602177,0.11692892260217713
btc_alt_aligned,0,0.01,0.015,0.0,0.5,480,random,0.03433332648055839,3.433332648055839,0.42718446601941745,103,-0.19040464931298362,-19.040464931298363,6.653439750396347,1.0438244156891996,1.2427184466019418e-10,0.09887577779029379,10343.333264805584,0.03433332648055839
btc_alt_aligned,0,0.06,0.01,0.0,0.2,20,random,0.05286283032578976,5.286283032578976,0.7924528301886793,53,-0.07315289881187614,-7.315289881187614,17.72336901789533,1.3038810442623512,2.6226415094339624e-10,0.5094576592255944,10528.628303257898,0.05286283032578976
btc_hl_breakout_8m,0,0.035,0.04,0.0,0.25,1440,random,0.0552470631871317,5.52470631871317,0.5,34,-0.09575345314977213,-9.575345314977213,15.337080558776925,1.2332737002565595,3.852941176470588e-10,0.6861416200837397,10552.470631871318,0.0552470631871317
btc_hl_breakout_9m,0,0.0125,0.1,0.0,0.4,1440,random,0.12834701480478125,12.834701480478126,0.29411764705882354,34,-0.131907490362971,-13.1907490362971,21.38508619285845,1.3765360082787435,3.975490196078431e-10,0.9820903824922709,11283.470148047812,0.12834701480478125
btc_vol_breakout_3m,0,0.0175,0.25,0.0,0.15,20,random,0.028536038159669694,2.853603815966969,0.19047619047619047,21,-0.04992217087505135,-4.992217087505136,13.866509339443445,1.297472682303162,6.11904761904762e-10,0.9801313813335844,10285.360381596696,0.028536038159669694
btc_vol_breakout_3m,0,0.03,0.05,0.0,0.15,360,random,0.017011860189614595,1.7011860189614596,0.4482758620689655,29,-0.05915739657213448,-5.915739657213448,8.834003204334477,1.14737862373183,4.3908045977011496e-10,0.41712649907624166,10170.118601896145,0.017011860189614595
btc_small_up_10m,0,0.1,0.03,0.0,0.15,480,random,0.07355097933279246,7.3550979332792465,0.8181818181818182,22,-0.034805877569531796,-3.4805877569531796,33.18238236952138,2.1003271944515953,5.787878787878788e-10,2.1890825462307886,10735.509793327925,0.07355097933279246
btc_hl_breakout_8m,0,0.05,0.015,0.0,0.1,180,random,0.012508703537231417,1.2508703537231416,0.6744186046511628,43,-0.039398255180288055,-3.9398255180288055,8.84634890949066,1.135970171778761,2.9883720930232563e-10,0.304733322111018,10125.087035372315,0.012508703537231417
btc_vol_breakout_9m,0,0.01,0.15,0.0,0.4,1440,random,0.020599516408269392,2.0599516408269394,0.12,25,-0.11217104015999835,-11.217104015999835,5.659915695607398,1.1016204188656535,4.78e-10,0.29443133575361863,10205.995164082695,0.020599516408269392
btc_hl_breakout_4m,0,0.02,0.02,0.0,0.4,480,random,0.10017734914845623,10.017734914845624,0.5689655172413793,58,-0.08249586036224121,-8.249586036224121,19.69669596704522,1.243506242651934,1.9166666666666668e-10,0.44678136812119656,11001.773491484562,0.10017734914845623
btc_hl_breakout_7m,0,0.0125,0.2,0.0,0.2,480,random,0.06783654640876105,6.783654640876105,0.21739130434782608,23,-0.06769424169738059,-6.769424169738059,21.798168950213668,1.5837846667070348,6.08695652173913e-10,1.5187995378476065,10678.36546408761,0.06783654640876105
btc_vol_breakout_9m,0,0.02,0.25,0.0,0.05,30,random,0.021575860910342186,2.1575860910342186,0.2,15,-0.01056068897518403,-1.056068897518403,31.775255042335125,2.1318123266181526,8.511111111111111e-10,2.887240231598538,10215.758609103423,0.021575860910342186
btc_vol_breakout_3m,0,0.0075,0.01,0.0,0.5,5,random,-0.10440783983801312,-10.440783983801312,0.425,80,-0.20627339904063724,-20.627339904063724,-18.562725238482003,0.7864659448024489,8.708333333333333e-11,-0.25365315461231397,8955.92160161987,-0.10440783983801312
btc_vol_breakout_3m,0,0.08,0.12,0.0,0.25,180,random,0.0975609808344945,9.756098083449452,0.5,12,-0.07812174077441336,-7.812174077441336,25.748528931879843,1.7185347377915348,1.1444444444444445e-09,3.298809328849416,10975.609808344945,0.0975609808344945
btc_hl_breakout_4m,0,0.0175,0.25,0.0,0.05,60,random,0.014148202955218493,1.4148202955218494,0.21052631578947367,19,-0.015132272185032436,-1.5132272185032436,19.184990445141462,1.4903621929817028,7.368421052631579e-10,1.5144991418780163,10141.482029552186,0.014148202955218493
btc_vol_breakout_8m,0,0.035,0.02,0.0,0.1,180,random,0.027750243234234813,2.7750243234234815,0.6571428571428571,35,-0.02021336734636514,-2.021336734636514,25.72454085414562,1.5081894273049608,2.6095238095238093e-10,0.792155972797478,10277.502432342348,0.027750243234234813
btc_hl_breakout_8m,0,0.1,0.025,0.0,0.1,90,random,0.022368109733706558,2.236810973370656,0.75,24,-0.03510821614988835,-3.510821614988835,15.411749675569721,1.3622815837546076,5.784722222222223e-10,0.9465888487389625,10223.681097337065,0.022368109733706558
btc_hl_breakout_4m,0,0.01,0.12,0.0,0.4,120,random,0.08850532542293922,8.850532542293923,0.21212121212121213,33,-0.12461877536286103,-12.461877536286103,17.16199769292677,1.296669205171255,3.919191919191919e-10,0.7443808696127261,10885.053254229391,0.08850532542293922
btc_small_up_9m,0,0.05,0.035,0.0,0.1,360,random,0.018863533215828978,1.8863533215828978,0.6206896551724138,29,-0.022851946718830507,-2.2851946718830507,14.456524224797139,1.252995387419323,4.1379310344827586e-10,0.6638245054834464,10188.63533215829,0.018863533215828978
btc_hl_breakout_10m,0,0.0125,0.045,0.0,0.25,1440,random,0.053974599312929465,5.397459931292946,0.37777777777777777,45,-0.07393657298520095,-7.393657298520095,15.438073906527377,1.228930954038445,2.7e-10,0.5027089992503966,10539.745993129294,0.053974599312929465
btc_hl_breakout_6m,0,0.005,0.015,0.0,0.2,5,random,-0.020568385873987974,-2.0568385873987975,0.3125,96,-0.10192121143598609,-10.192121143598609,-6.9268740402992615,0.9128586781610117,9.6875e-11,-0.09699478290948754,9794.31614126012,-0.020568385873987974
btc_hl_breakout_7m,0,0.03,0.025,0.0,0.3,1440,random,0.05360902879188843,5.360902879188843,0.5333333333333333,45,-0.1097700758230793,-10.97700758230793,13.317457645927917,1.1762604002289478,2.8407407407407407e-10,0.4279439929901484,10536.090287918883,0.05360902879188843
btc_small_down_10m,0,0.025,0.06,0.0,0.15,10,random,0.035761893336266164,3.5761893336266164,0.3870967741935484,31,-0.0420982406189806,-4.209824061898059,17.737114624651277,1.3322121812111298,3.6559139784946235e-10,0.7849823059704035,10357.61893336266,0.035761893336266164
btc_vol_breakout_2m,0,0.01,0.1,0.0,0.1,180,random,0.007723568353895132,0.7723568353895132,0.22857142857142856,35,-0.035914232259822265,-3.5914232259822265,6.076356295541482,1.1101960910541013,3.585714285714286e-10,0.23647552034558988,10077.235683538951,0.007723568353895132
btc_small_up_9m,0,0.0075,0.1,0.0,0.3,240,random,0.06490016044034765,6.490016044034765,0.2222222222222222,36,-0.0804588425258499,-8.04588425258499,17.57886229854856,1.3209814978438141,2.7037037037037034e-10,0.6345279066621131,10649.001604403476,0.06490016044034765
btc_small_down_10m,0,0.015,0.03,0.0,0.05,180,random,0.013570277083819759,1.357027708381976,0.4375,48,-0.01154384163049238,-1.154384163049238,24.286386653984653,1.3941337507108957,1.9270833333333333e-10,0.5660147632448651,10135.702770838197,0.013570277083819759
btc_hl_breakout_10m,0,0.035,0.045,0.0,0.15,5,random,0.030504458338668838,3.050445833866884,0.48484848484848486,33,-0.055694752673185244,-5.569475267318524,13.832943820261798,1.2212009509747546,3.904040404040404e-10,0.6407802574676985,10305.044583386689,0.030504458338668838
btc_alt_aligned,0,0.02,0.045,0.0,0.15,45,random,0.03292116469654261,3.2921164696542613,0.3877551020408163,49,-0.050449328268140414,-5.044932826814041,14.69723724478536,1.2114581624749174,2.850340136054422e-10,0.46153578234714104,10329.211646965427,0.03292116469654261
btc_vol_breakout_10m,0,0.025,0.045,0.0,0.1,20,random,0.02557975623070456,2.557975623070456,0.5,26,-0.020919162623408094,-2.0919162623408094,22.83409621091652,1.5227489494437245,3.6025641025641026e-10,0.9853475449536936,10255.797562307045,0.02557975623070456
btc_vol_breakout_10m,0,0.015,0.1,0.0,0.15,15,random,0.05638086023205419,5.638086023205419,0.2916666666666667,24,-0.03161471275908245,-3.1614712759082453,30.234095424394095,1.855998574430588,4.5763888888888887e-10,1.5568362507949518,10563.808602320541,0.05638086023205419
btc_vol_breakout_10m,0,0.015,0.08,0.0,0.5,30,random,0.1839768493887387,18.39768493887387,0.3076923076923077,26,-0.10168260817737973,-10.168260817737973,29.448872738485434,1.6648527323982005,4.1153846153846156e-10,1.3969164433312162,11839.768493887386,0.1839768493887387
btc_vol_breakout_10m,0,0.015,0.06,0.0,0.3,45,random,0.06893759680679423,6.893759680679423,0.3333333333333333,27,-0.062264627921730376,-6.226462792173038,20.347135532792567,1.4682851760359967,3.7962962962962964e-10,0.8635764285962293,10689.375968067943,0.06893759680679423
btc_hl_breakout_1m,0,0.0175,0.15,0.0,0.05,45,random,0.016697051100557702,1.6697051100557703,0.2631578947368421,19,-0.015833569766448563,-1.5833569766448563,21.569124730567044,1.677774185970847,7.105263157894736e-10,1.7697898743614493,10166.970511005577,0.016697051100557702
btc_hl_breakout_5m,0,0.015,0.08,0.0,0.4,30,random,0.07992344006229796,7.9923440062297955,0.30303030303030304,33,-0.13687206094008475,-13.687206094008475,14.76036018750945,1.2564169716906881,3.984848484848485e-10,0.6572388141639727,10799.23440062298,0.07992344006229796
btc_hl_breakout_6m,0,0.03,0.1,0.0,0.3,60,random,-0.020640554542633163,-2.064055454263316,0.2962962962962963,27,-0.14487918761019947,-14.487918761019946,-4.030444967684089,0.9241635361605759,4.944444444444445e-10,-0.1802034733808797,9793.594454573667,-0.020640554542633163
btc_hl_breakout_6m,0,0.05,0.035,0.0,0.3,360,random,0.002057265198773484,0.2057265198773484,0.5625,32,-0.11314897357734621,-11.31489735773462,1.6983274069834968,1.007516201626119,4.130208333333333e-10,0.07336976387879364,10020.572651987735,0.002057265198773484
btc_small_up_10m,0,0.01,0.06,0.0,0.05,10,random,0.005825419297718719,0.5825419297718719,0.22727272727272727,44,-0.018062566279327008,-1.8062566279327008,8.341324350874501,1.1450266322932836,2.1666666666666667e-10,0.2715943289767839,10058.254192977187,0.005825419297718719
btc_hl_breakout_10m,0,0.0125,0.05,0.0,0.15,15,random,0.03553914941499076,3.5539149414990763,0.3409090909090909,44,-0.04486596092138795,-4.486596092138795,16.437570318369154,1.2562797212792178,2.7954545454545453e-10,0.5543483121179235,10355.391494149908,0.03553914941499076
btc_vol_breakout_10m,0,0.025,0.12,0.0,0.25,480,random,0.10085288056088448,10.085288056088448,0.3125,16,-0.05155884501155006,-5.155884501155006,31.09667874707668,2.0314352070755777,7.770833333333334e-10,2.5107788507124402,11008.528805608845,0.10085288056088448
btc_vol_breakout_2m,0,0.01,0.025,0.0,0.4,480,random,-0.03693218073563339,-3.693218073563339,0.352112676056338,71,-0.11911814731831871,-11.911814731831871,-6.398073031937023,0.914068611886497,1.4741784037558688e-10,-0.10772173697673891,9630.678192643667,-0.03693218073563339
btc_small_up_10m,0,0.035,0.01,0.0,0.15,360,random,0.0442638871729853,4.42638871729853,0.7142857142857143,56,-0.038970858718316626,-3.8970858718316626,20.84925383082706,1.3706356617522264,1.919642857142857e-10,0.530751421499121,10442.638871729852,0.0442638871729853
btc_hl_breakout_1m,0,0.01,0.02,0.0,0.3,5,random,-0.004105883989072845,-0.4105883989072845,0.40540540540540543,74,-0.10817472839290398,-10.8174728392904,0.04019372291242056,0.9879403561211629,1.3265765765765767e-10,0.0012846385655760292,9958.941160109272,-0.004105883989072845
btc_hl_breakout_8m,0,0.025,0.04,0.0,0.2,5,random,0.05387539227144084,5.387539227144084,0.46153846153846156,39,-0.059960342089194985,-5.9960342089194985,18.39237413450196,1.3033308533364747,3.2991452991452993e-10,0.7047571310170031,10538.753922714408,0.05387539227144084
btc_hl_breakout_8m,0,0.08,0.1,0.0,0.1,1440,random,0.031016495438778054,3.1016495438778056,0.5384615384615384,13,-0.0321363169576071,-3.2136316957607103,20.73321929747616,1.5862905725202852,1.1076923076923078e-09,2.407490534692388,10310.164954387781,0.031016495438778054
btc_bullish,0,0.01,0.08,0.0,0.1,10,random,0.024628895543077817,2.4628895543077816,0.2682926829268293,41,-0.030143101265876937,-3.0143101265876937,16.25187674893737,1.3045686763379583,3.24390243902439e-10,0.6107679087481727,10246.288955430779,0.024628895543077817
btc_hl_breakout_2m,0,0.1,0.15,0.0,0.05,45,random,0.01971786340203764,1.971786340203764,0.5,8,-0.01742046193600666,-1.742046193600666,24.960854025571663,2.153340079990638,1.7791666666666667e-09,4.940655962720467,10197.178634020376,0.01971786340203764
btc_small_down_10m,0,0.01,0.15,0.0,0.25,45,random,0.019519605052807493,1.9519605052807494,0.16,25,-0.08350038217925748,-8.350038217925748,6.555442636451621,1.1544253116182084,5.28e-10,0.3735983604949799,10195.196050528075,0.019519605052807493
btc_vol_breakout_2m,0,0.04,0.3,0.0,0.25,180,random,0.11591852228421985,11.591852228421985,0.375,8,-0.07709192724921288,-7.709192724921287,27.328661064156663,2.257582359542475,1.8270833333333334e-09,5.907315057290802,11159.1852228422,0.11591852228421985
btc_hl_breakout_2m,0,0.08,0.06,0.0,0.15,5,random,0.05758552191069987,5.758552191069987,0.6470588235294118,17,-0.05085078207581695,-5.085078207581695,25.21934964938835,1.7113640855911396,8.235294117647059e-10,2.255833057996092,10575.855219107,0.05758552191069987
btc_hl_breakout_3m,0,0.01,0.1,0.0,0.05,15,random,0.003796024078100913,0.3796024078100913,0.21621621621621623,37,-0.020007262273212922,-2.0007262273212922,5.858206214850451,1.103423813487764,3.400900900900901e-10,0.21312142854056568,10037.960240781009,0.003796024078100913
btc_vol_breakout_8m,0,0.035,0.015,0.0,0.25,360,random,0.018391636566832084,1.8391636566832084,0.6585365853658537,41,-0.06519413714114553,-6.5194137141145525,6.976621753042906,1.1013027639156312,2.3983739837398374e-10,0.20281664557225432,10183.916365668321,0.018391636566832084
btc_hl_breakout_2m,0,0.01,0.03,0.0,0.1,720,random,0.017141556779905885,1.7141556779905884,0.38235294117647056,68,-0.03240634913202156,-3.240634913202156,13.610387151973796,1.1675696561713806,1.517156862745098e-10,0.25808535401102467,10171.415567799058,0.017141556779905885
btc_hl_breakout_6m,0,0.0075,0.08,0.0,0.05,720,random,-0.00020848128189424528,-0.02084812818942453,0.1956521739130435,46,-0.02324241817120065,-2.324241817120065,-0.08579575084045975,0.9950713645247138,2.692028985507246e-10,-0.002398525647871545,9997.915187181057,-0.00020848128189424528
btc_small_up_9m,0,0.0125,0.3,0.0,0.5,5,random,0.14996086928831856,14.996086928831856,0.2857142857142857,7,-0.14529944150570684,-14.529944150570683,19.924343813278114,3.71099502066069,1.969047619047619e-09,4.331757719541353,11499.608692883186,0.14996086928831856
btc_small_up_10m,0,0.02,0.04,0.0,0.15,45,random,0.04182382368070507,4.182382368070507,0.4222222222222222,45,-0.04473558615656914,-4.4735586156569145,19.288243505647497,1.3060946663379893,2.2407407407407407e-10,0.6281670506361382,10418.23823680705,0.04182382368070507
btc_vol_breakout_9m,0,0.015,0.2,0.0,0.25,30,random,0.0659991784058696,6.59991784058696,0.17647058823529413,17,-0.05233474890827283,-5.233474890827283,21.273586770633315,1.6476503662000477,7.539215686274509e-10,1.6165912742135773,10659.991784058697,0.0659991784058696
btc_alt_aligned,0,0.005,0.06,0.0,0.4,90,random,0.058223076097249034,5.822307609724904,0.189873417721519,79,-0.14665445201434968,-14.665445201434968,10.917600149865835,1.116687115575566,1.6772151898734178e-10,0.2185227009209049,10582.23076097249,0.058223076097249034
btc_hl_breakout_8m,0,0.0125,0.05,0.0,0.05,120,random,0.007588198825814533,0.7588198825814533,0.2978723404255319,47,-0.01827542849774999,-1.827542849774999,10.478278272494203,1.164034241530663,2.631205673758865e-10,0.3294880694324139,10075.881988258145,0.007588198825814533
btc_hl_breakout_4m,0,0.06,0.3,0.0,0.15,45,random,0.0635510369266978,6.355103692669779,0.42857142857142855,7,-0.04860509837902083,-4.860509837902082,24.79403571034711,2.0724905503820676,2.088095238095238e-09,6.179364113483963,10635.510369266978,0.0635510369266978
btc_vol_breakout_9m,0,0.04,0.12,0.0,0.5,90,random,0.12385838290265956,12.385838290265957,0.35714285714285715,14,-0.1519826609134446,-15.19826609134446,18.981714157468172,1.445530176227033,9.404761904761905e-10,1.9422477101736668,11238.583829026597,0.12385838290265956
btc_vol_breakout_2m,0,0.05,0.03,0.0,0.5,360,random,0.07284764750303566,7.284764750303566,0.6153846153846154,39,-0.15102892528885614,-15.102892528885615,12.440786453451429,1.1522737649544277,3.3760683760683757e-10,0.43203805249969257,10728.476475030357,0.07284764750303566
btc_hl_breakout_9m,0,0.06,0.04,0.0,0.25,1440,random,0.07236341416319947,7.236341416319947,0.64,25,-0.08828089606461753,-8.828089606461752,19.430311322913802,1.411386188333954,5.513333333333333e-10,1.1760195790092238,10723.634141631996,0.07236341416319947
btc_hl_breakout_1m,0,0.06,0.25,0.0,0.25,240,random,0.09050819852785917,9.050819852785917,0.5,6,-0.08852577902840875,-8.852577902840874,22.31138928117205,2.187780032327662,2.45e-09,6.206795804056568,10905.081985278592,0.09050819852785917
btc_hl_breakout_6m,0,0.01,0.04,0.0,0.4,90,random,-0.001484257773886975,-0.1484257773886975,0.2982456140350877,57,-0.13458596517036192,-13.458596517036192,1.2527556248621545,0.9964248526888966,2.1023391812865497e-10,0.03018813671564122,9985.15742226113,-0.001484257773886975
btc_hl_breakout_6m,0,0.02,0.03,0.0,0.4,360,random,-0.00891251974466054,-0.8912519744660541,0.4166666666666667,48,-0.15425736802474144,-15.425736802474145,-0.1551439510364784,0.9790107847998023,2.642361111111111e-10,-0.0037994001845857665,9910.874802553395,-0.00891251974466054
btc_vol_breakout_2m,0,0.08,0.01,0.0,0.2,20,random,0.09272477893070766,9.272477893070766,0.8695652173913043,46,-0.03086103190663181,-3.086103190663181,34.18174087651733,1.855689435905376,2.5253623188405796e-10,0.9838977369957502,10927.247789307077,0.09272477893070766
btc_hl_breakout_9m,0,0.005,0.035,0.0,0.3,480,random,0.003384179798831883,0.33841797988318834,0.24,75,-0.16474851235203913,-16.474851235203914,2.0275212459429577,1.0097295774993447,1.38e-10,0.03941208842178776,10033.84179798832,0.003384179798831883
btc_hl_breakout_9m,0,0.06,0.035,0.0,0.15,45,random,0.04530333997734447,4.530333997734447,0.6538461538461539,26,-0.050380256381603705,-5.03802563816037,20.31266253976471,1.4576224620023013,5.25e-10,1.1683233737268863,10453.033399773445,0.04530333997734447
btc_hl_breakout_1m,0,0.02,0.025,0.0,0.3,360,random,0.039506730930393315,3.9506730930393315,0.4791666666666667,48,-0.08377889503464908,-8.377889503464909,10.970656372087257,1.138050113090942,2.5625e-10,0.300492145870666,10395.067309303933,0.039506730930393315
btc_hl_breakout_4m,0,0.035,0.1,0.0,0.3,90,random,0.06368808311364355,6.368808311364354,0.3888888888888889,18,-0.09487535149980042,-9.487535149980042,15.79633298275127,1.354145312424375,7.833333333333333e-10,1.245506093275776,10636.880831136436,0.06368808311364355
