id,col,size,entry_idx,entry_price,entry_fees,exit_idx,exit_price,exit_fees,pnl,return,direction,status,parent_id,duration_minutes,return_pct,pnl_pct,entry_time,exit_time
0,0,45693.35334862539,211,0.20769999999999997,9.490509490507975,217,0.20577,9.402321318546647,-107.08100277190007,-0.011282956186807575,0,1,0,6.0,-1.1282956186807576,-10708.100277190008,2025-03-03 18:48:00,2025-03-03 18:54:00
1,0,45383.237447812695,223,0.20688,9.388884163203329,225,0.20675,9.382984342335273,-24.671689373755523,-0.002627755220417751,0,1,1,2.0,-0.2627755220417751,-2467.168937375552,2025-03-03 19:00:00,2025-03-03 19:02:00
2,0,45357.75606832932,226,0.20648,9.36546947298848,227,0.20546,9.319204561798943,-64.94958522448276,-0.0069350058117008135,0,1,2,1.0,-0.6935005811700814,-6494.958522448276,2025-03-03 19:03:00,2025-03-03 19:04:00
3,0,45342.50698128992,228,0.20519,9.303829007489185,231,0.20597,9.339196162936283,16.724130274979466,0.0017975534870120905,0,1,3,3.0,0.17975534870120904,1672.4130274979466,2025-03-03 19:05:00,2025-03-03 19:08:00
4,0,45470.82874317133,233,0.20496000000000003,9.31970105919936,238,0.2027,9.21693698624083,-121.30071100500797,-0.013015515222482385,0,1,4,5.0,-1.3015515222482386,-12130.071100500796,2025-03-03 19:10:00,2025-03-03 19:15:00
5,0,45111.64724711106,248,0.20404,9.204580504299884,250,0.20414,9.20909166902525,-13.902507448614736,-0.0015103901195844007,0,1,5,2.0,-0.15103901195844008,-1390.2507448614735,2025-03-03 19:25:00,2025-03-03 19:27:00
6,0,45084.54562423233,251,0.20387,9.191386316411808,258,0.20259,9.133678098013226,-76.03328281344376,-0.00827223230490028,0,1,6,7.0,-0.827223230490028,-7603.328281344377,2025-03-03 19:28:00,2025-03-03 19:35:00
7,0,45115.65258595304,259,0.20213,9.119226857197646,263,0.20439,9.221188232042941,83.62095975501285,0.00916974224508986,0,1,7,4.0,0.916974224508986,8362.095975501285,2025-03-03 19:36:00,2025-03-03 19:40:00
8,0,45244.14641884184,265,0.20331,9.198587408413005,266,0.20289,9.17958486691882,-37.38071377124638,-0.004063745019920237,0,1,8,1.0,-0.4063745019920237,-3738.071377124638,2025-03-03 19:42:00,2025-03-03 19:43:00
9,0,44970.117817696955,273,0.20376,9.163111206533358,274,0.20289,9.123987204032536,-57.411100911961704,-0.006265459363957476,0,1,9,1.0,-0.6265459363957476,-5741.11009119617,2025-03-03 19:50:00,2025-03-03 19:51:00
10,0,45513.54193138147,303,0.20013,9.108625146725899,304,0.19992,9.099067302921783,-27.765536255238572,-0.003048268625393418,0,1,10,1.0,-0.30482686253934177,-2776.553625523857,2025-03-03 20:20:00,2025-03-03 20:21:00
11,0,45513.77718964386,305,0.19955,9.08227423819153,306,0.19985,9.095928371350325,-4.524069452648561,-0.0004981207717361826,0,1,11,1.0,-0.049812077173618255,-452.4069452648561,2025-03-03 20:22:00,2025-03-03 20:23:00
12,0,45645.51823102284,313,0.19888,9.077980665784708,314,0.19961,9.111301894094469,15.131945748767647,0.0016668845534997371,0,1,12,1.0,0.1666884553499737,1513.1945748767646,2025-03-03 20:30:00,2025-03-03 20:31:00
13,0,45745.32930800804,319,0.19876000000000002,9.0923416532587,320,0.19839,9.075415881415717,-35.09352937863655,-0.0038596800160996193,0,1,13,1.0,-0.3859680016099619,-3509.3529378636554,2025-03-03 20:36:00,2025-03-03 20:37:00
14,0,45695.01188346701,321,0.19825,9.059036105896666,323,0.19611,8.961248780466715,-115.80761031698299,-0.012783656998738915,0,1,14,2.0,-1.2783656998738915,-11580.7610316983,2025-03-03 20:38:00,2025-03-03 20:40:00
15,0,44938.88110584855,337,0.19914,8.949128783417109,342,0.19931,8.956768393206675,-10.266287388630461,-0.0011471828864114983,0,1,15,5.0,-0.11471828864114983,-1026.6287388630462,2025-03-03 20:54:00,2025-03-03 20:59:00
16,0,45009.74549936694,361,0.19861,8.939385553629108,362,0.19872,8.944336625634199,-12.932650174334006,-0.001446704596948895,0,1,16,1.0,-0.1446704596948895,-1293.2650174334005,2025-03-03 21:18:00,2025-03-03 21:19:00
17,0,44977.38719119092,363,0.19848,8.92711180970582,364,0.19857,8.93115977455478,-13.810306737054143,-0.0015470072551389414,0,1,17,1.0,-0.15470072551389413,-1381.0306737054143,2025-03-03 21:20:00,2025-03-03 21:21:00
18,0,44911.35189939586,365,0.19848,8.914005124990581,379,0.1984,8.910412216840138,-21.41732549378235,-0.0024026602176539986,0,1,18,14.0,-0.24026602176539985,-2141.732549378235,2025-03-03 21:22:00,2025-03-03 21:36:00
19,0,44890.36438474703,381,0.19812,8.89367899190438,385,0.19834,8.903554872070725,-7.921353699331501,-0.0008906723198060702,0,1,19,4.0,-0.08906723198060702,-792.1353699331501,2025-03-03 21:38:00,2025-03-03 21:42:00
20,0,44897.74264177425,387,0.19792,8.886161223659656,393,0.19539,8.772569934776271,-131.25002004212607,-0.014770159660468985,0,1,20,6.0,-1.4770159660468984,-13125.002004212607,2025-03-03 21:44:00,2025-03-03 21:50:00
21,0,44878.33974069572,398,0.19523000000000001,8.7615982675743,399,0.19414,8.712680877258668,-66.39166946219075,-0.007577575167750597,0,1,21,1.0,-0.7577575167750596,-6639.166946219075,2025-03-03 21:55:00,2025-03-03 21:56:00
22,0,44310.47420235269,404,0.19631,8.69858919066246,421,0.19687,8.723403056217174,7.391873306437011,0.0008497784116958488,0,1,22,17.0,0.08497784116958487,739.1873306437011,2025-03-03 22:01:00,2025-03-03 22:18:00
23,0,44074.54665370897,422,0.19752,8.705604455039065,423,0.19707,8.685770909046425,-37.22492135825547,-0.004275972053462873,0,1,23,1.0,-0.4275972053462873,-3722.492135825547,2025-03-03 22:19:00,2025-03-03 22:20:00
24,0,43926.82190747388,424,0.19738,8.670276108096004,441,0.19811,8.70234268808965,14.693961196271609,0.0016947512412608036,0,1,24,17.0,0.16947512412608037,1469.396119627161,2025-03-03 22:21:00,2025-03-03 22:38:00
25,0,43771.2773483661,442,0.1984,8.684221425914075,450,0.199,8.710484192324856,8.868060790782494,0.0010211693548391153,0,1,25,8.0,0.10211693548391153,886.8060790782494,2025-03-03 22:39:00,2025-03-03 22:47:00
26,0,43450.153291140494,458,0.20006,8.692637667425515,464,0.19934,8.661353557055945,-48.63810159410244,-0.005595321403578901,0,1,26,6.0,-0.5595321403578901,-4863.810159410244,2025-03-03 22:55:00,2025-03-03 23:01:00
27,0,43526.18993681173,523,0.19864999999999997,8.64647763094581,534,0.19985,8.698709058871824,34.88624123435693,0.0040347344575889935,0,1,27,11.0,0.4034734457588994,3488.624123435693,2025-03-04 00:00:00,2025-03-04 00:11:00
28,0,43382.748294596575,536,0.20006999999999997,8.679586451298746,537,0.19991,8.672645211572801,-24.29347139000687,-0.0027989203778675947,0,1,28,1.0,-0.2798920377867595,-2429.347139000687,2025-03-04 00:13:00,2025-03-04 00:14:00
29,0,43345.50452767266,539,0.19970999999999997,8.656530709220533,548,0.19976,8.65869798444789,-15.147953467284488,-0.001749887336637978,0,1,29,9.0,-0.1749887336637978,-1514.7953467284487,2025-03-04 00:16:00,2025-03-04 00:25:00
30,0,43327.757593538554,559,0.19946,8.642154529607069,562,0.19911,8.626989814449463,-32.43385950179463,-0.0037529830542464043,0,1,30,3.0,-0.37529830542464043,-3243.3859501794627,2025-03-04 00:36:00,2025-03-04 00:39:00
31,0,43297.16498801165,563,0.19889,8.611373144463869,569,0.19879,8.607043427966838,-21.54813307123235,-0.002502287696716628,0,1,31,6.0,-0.2502287696716628,-2154.813307123235,2025-03-04 00:40:00,2025-03-04 00:46:00
32,0,43157.45437719335,570,0.19906000000000001,8.590922868323105,572,0.19878,8.578838781098495,-29.253848875035587,-0.003405204460966408,0,1,32,2.0,-0.3405204460966408,-2925.3848875035587,2025-03-04 00:47:00,2025-03-04 00:49:00
33,0,43015.820943818064,577,0.19907,8.56315947528492,579,0.19863,8.544232514070583,-36.03435320463575,-0.004208067513939745,0,1,33,2.0,-0.4208067513939745,-3603.435320463575,2025-03-04 00:54:00,2025-03-04 00:56:00
34,0,42986.54824947617,580,0.19841,8.52896103817693,587,0.19631,8.438689286854668,-107.23940164893017,-0.012573559800412932,0,1,34,7.0,-1.2573559800412932,-10723.940164893016,2025-03-04 00:57:00,2025-03-04 01:04:00
35,0,43980.926790188365,636,0.19161,8.427185382266543,637,0.19243,8.463249742235947,19.173924843450862,0.002275246594645414,0,1,35,1.0,0.2275246594645414,1917.3924843450864,2025-03-04 01:53:00,2025-03-04 01:54:00
36,0,44048.309674217395,639,0.19173,8.445382413836342,640,0.19019,8.377548016939407,-84.65732732907114,-0.010024096385542077,0,1,36,1.0,-1.0024096385542076,-8465.732732907114,2025-03-04 01:56:00,2025-03-04 01:57:00
37,0,44708.91660604987,648,0.1871,8.36503829699177,649,0.18549,8.29305694125619,-88.63945097398906,-0.010596419027258228,0,1,37,1.0,-1.0596419027258228,-8863.945097398906,2025-03-04 02:05:00,2025-03-04 02:06:00
38,0,44344.62322974034,653,0.18674,8.280914941920855,654,0.18772,8.324372672686858,26.85244315053935,0.0032426903716400012,0,1,38,1.0,0.32426903716400013,2685.244315053935,2025-03-04 02:10:00,2025-03-04 02:11:00
39,0,43905.06516506193,655,0.18919,8.306399278577373,664,0.18857,8.279178138175729,-43.80671781909138,-0.005273851683492687,0,1,39,9.0,-0.5273851683492687,-4380.671781909138,2025-03-04 02:12:00,2025-03-04 02:21:00
40,0,43473.9070614752,666,0.19011,8.26482447145645,667,0.18956,8.240913822573239,-40.41638717784121,-0.004890168849613329,0,1,40,1.0,-0.4890168849613329,-4041.6387177841207,2025-03-04 02:23:00,2025-03-04 02:24:00
41,0,43131.480421793676,668,0.19073000000000004,8.22646726084713,670,0.19026,8.206195465050465,-36.70445852414165,-0.004461752215173214,0,1,41,2.0,-0.44617522151732136,-3670.445852414165,2025-03-04 02:25:00,2025-03-04 02:27:00
42,0,42818.63394308698,673,0.19131,8.191632859650781,729,0.19228,8.233166934576765,25.10927513056682,0.003065234436255437,0,1,42,56.0,0.30652344362554373,2510.927513056682,2025-03-04 02:30:00,2025-03-04 03:26:00
43,0,42682.163554886814,730,0.19248,8.215462841044427,732,0.1922,8.203511835249246,-28.369980471662146,-0.003453241895261842,0,1,43,2.0,-0.3453241895261842,-2836.9980471662147,2025-03-04 03:27:00,2025-03-04 03:29:00
44,0,42653.07992579137,737,0.19198,8.188538284152855,738,0.19212,8.194509715343038,-10.411616809885409,-0.0012714866131888416,0,1,44,1.0,-0.12714866131888417,-1041.1616809885409,2025-03-04 03:34:00,2025-03-04 03:35:00
45,0,42641.590872465335,739,0.1918,8.178657129337807,770,0.19107,8.147528768001951,-47.45454723424028,-0.005802241918665249,0,1,45,31.0,-0.580224191866525,-4745.454723424028,2025-03-04 03:36:00,2025-03-04 04:07:00
46,0,42490.9640907398,771,0.19142,8.13362034624879,772,0.19174,8.147217454758449,-2.683729291970396,-0.000329955072615102,0,1,46,1.0,-0.0329955072615102,-268.3729291970396,2025-03-04 04:08:00,2025-03-04 04:09:00
47,0,42389.08012938105,773,0.19182,8.131073350416955,775,0.19192,8.135312258430812,-12.02747759590903,-0.0014791992492960248,0,1,47,2.0,-0.1479199249296025,-1202.747759590903,2025-03-04 04:10:00,2025-03-04 04:12:00
48,0,42404.735018752806,776,0.19148,8.119658661389622,777,0.19186,8.135772460697913,-0.14163181496143373,-1.7443074994629653e-05,0,1,48,1.0,-0.0017443074994629652,-14.163181496143373,2025-03-04 04:13:00,2025-03-04 04:14:00
49,0,42286.98633187013,778,0.19201,8.119524245581488,785,0.19186,8.113181197632604,-22.57575339299425,-0.0027804281027028295,0,1,49,7.0,-0.27804281027028294,-2257.575339299425,2025-03-04 04:15:00,2025-03-04 04:22:00
50,0,42063.674970908076,787,0.19252,8.098098705398115,848,0.19313,8.123757547131477,9.436985479724084,0.0011653334718471867,0,1,50,61.0,0.11653334718471867,943.6985479724084,2025-03-04 04:24:00,2025-03-04 05:25:00
51,0,41983.712508673925,853,0.1931,8.107054885424077,857,0.1936,8.128046741679272,4.756754627233759,0.0005867426204040596,0,1,51,4.0,0.05867426204040596,475.6754627233759,2025-03-04 05:30:00,2025-03-04 05:34:00
52,0,41801.439257502265,858,0.19405,8.111569287917519,875,0.19373,8.098192827355915,-29.586222677673533,-0.0036474104612211596,0,1,52,17.0,-0.36474104612211594,-2958.622267767353,2025-03-04 05:35:00,2025-03-04 05:52:00
53,0,41556.0891178657,877,0.19452,8.08349045520663,880,0.19439,8.078088163621914,-21.56387020415056,-0.0026676434299813534,0,1,53,3.0,-0.26676434299813534,-2156.387020415056,2025-03-04 05:54:00,2025-03-04 05:57:00
54,0,41502.085874638535,881,0.19428,8.063025243724042,884,0.19371,8.03936905477623,-39.75858324704497,-0.004930975911056207,0,1,54,3.0,-0.4930975911056207,-3975.8583247044967,2025-03-04 05:58:00,2025-03-04 06:01:00
55,0,41341.91388090483,885,0.19412,8.025292322560745,890,0.19384,8.013716586674592,-27.614744795887518,-0.003440964351947041,0,1,55,5.0,-0.34409643519470406,-2761.474479588752,2025-03-04 06:02:00,2025-03-04 06:07:00
56,0,41326.123800397334,891,0.19356,7.999084522803969,893,0.19393,8.014375188611055,-0.7227939052684889,-9.03595784252369e-05,0,1,56,2.0,-0.00903595784252369,-72.27939052684889,2025-03-04 06:08:00,2025-03-04 06:10:00
57,0,41296.9772540435,894,0.19368,7.9983985545623,905,0.19334,7.984357582296771,-30.02372840323348,-0.003753717472118806,0,1,57,11.0,-0.3753717472118806,-3002.372840323348,2025-03-04 06:11:00,2025-03-04 06:22:00
58,0,41192.39459700232,907,0.19348,7.969904506627245,910,0.19375,7.9810264531692,-4.8289844186059625,-0.0006059024188545842,0,1,58,3.0,-0.060590241885458425,-482.8984418605962,2025-03-04 06:24:00,2025-03-04 06:27:00
59,0,41145.315121558866,916,0.19359,7.965321554381262,917,0.19374,7.971493351650815,-9.765017637799382,-0.001225941422594119,0,1,59,1.0,-0.1225941422594119,-976.5017637799382,2025-03-04 06:33:00,2025-03-04 06:34:00
60,0,41129.311699368955,918,0.19344,7.956054055124696,919,0.19322,7.94700560655207,-24.95150823553837,-0.003136166253101636,0,1,60,1.0,-0.3136166253101636,-2495.1508235538367,2025-03-04 06:35:00,2025-03-04 06:36:00
61,0,41096.12373098508,921,0.19302,7.932373802554139,924,0.19325,7.941825911012867,-6.422091255439565,-0.0008096052222565753,0,1,61,3.0,-0.08096052222565753,-642.2091255439565,2025-03-04 06:38:00,2025-03-04 06:41:00
62,0,41117.803137178365,930,0.19277,7.926278910753354,931,0.19267,7.922167130440156,-19.960226354911157,-0.002518234165067089,0,1,62,1.0,-0.2518234165067089,-1996.0226354911156,2025-03-04 06:47:00,2025-03-04 06:48:00
63,0,41096.28210066252,932,0.19241,7.907335638987206,934,0.19267,7.91802067233465,-5.140322965148415,-0.0006500701626731475,0,1,63,2.0,-0.06500701626731475,-514.0322965148415,2025-03-04 06:49:00,2025-03-04 06:51:00
64,0,41026.15102585387,935,0.19262,7.902457210599096,939,0.19291,7.91435479439747,-3.9192282074998293,-0.0004959505762641482,0,1,64,4.0,-0.049595057626414814,-391.9228207499829,2025-03-04 06:52:00,2025-03-04 06:56:00
65,0,40909.14472420808,941,0.19308,7.898737663349493,955,0.19189,7.85005578112829,-64.43067566628521,-0.008157085146053348,0,1,65,14.0,-0.8157085146053348,-6443.0675666285215,2025-03-04 06:58:00,2025-03-04 07:12:00
66,0,40878.26458801969,956,0.19173,7.837589669459703,961,0.19212,7.853532192650343,0.25140132721826625,3.207635737781038e-05,0,1,66,5.0,0.003207635737781038,25.140132721826625,2025-03-04 07:13:00,2025-03-04 07:18:00
67,0,40798.647973188294,962,0.19211,7.837828262127914,964,0.19198,7.8325244378926895,-20.974176936534324,-0.0026760189474777465,0,1,67,2.0,-0.2676018947477746,-2097.4176936534323,2025-03-04 07:19:00,2025-03-04 07:21:00
68,0,40621.02618519185,982,0.19246,7.817922699600786,984,0.19229,7.81101712515054,-22.534514276233935,-0.0028824171256363372,0,1,68,2.0,-0.28824171256363373,-2253.4514276233936,2025-03-04 07:39:00,2025-03-04 07:41:00
69,0,40704.481034988836,1005,0.19154,7.79653629744098,1007,0.19236,7.829913971890453,17.75122417935989,0.0022768090216144458,0,1,69,2.0,0.22768090216144457,1775.122417935989,2025-03-04 08:02:00,2025-03-04 08:04:00
70,0,40709.54573852966,1008,0.19193,7.813383113595592,1011,0.1912,7.783665145206872,-45.315016647927884,-0.005799666545094357,0,1,70,3.0,-0.5799666545094357,-4531.501664792789,2025-03-04 08:05:00,2025-03-04 08:08:00
71,0,40678.341817820234,1012,0.19102,7.770376854039569,1016,0.19177,7.800885610403386,14.937493898922183,0.001922364150350802,0,1,71,4.0,0.1922364150350802,1493.7493898922182,2025-03-04 08:09:00,2025-03-04 08:13:00
72,0,40531.88220764988,1017,0.19206,7.784553296800368,1045,0.19288,7.8177894402115085,17.633800673260357,0.002265229615745105,0,1,72,28.0,0.22652296157451052,1763.3800673260357,2025-03-04 08:14:00,2025-03-04 08:42:00
73,0,40693.175484145686,1052,0.19171,7.801288672064402,1053,0.19186,7.807392648388191,-9.504704997829936,-0.0012183506337695039,0,1,73,1.0,-0.12183506337695038,-950.4704997829937,2025-03-04 08:49:00,2025-03-04 08:50:00
74,0,40247.240446087126,1074,0.19361,7.7922682227663245,1075,0.19354,7.789450915935702,-18.39902596992826,-0.002361190021176532,0,1,74,1.0,-0.2361190021176532,-1839.9025969928261,2025-03-04 09:11:00,2025-03-04 09:12:00
75,0,40346.68712874185,1081,0.1927,7.7748066097074116,1082,0.19238,7.761895669827356,-28.447642160733597,-0.0036589517384535922,0,1,75,1.0,-0.36589517384535925,-2844.76421607336,2025-03-04 09:18:00,2025-03-04 09:19:00
76,0,40315.37281672208,1083,0.19218,7.7478083479163615,1087,0.19169,7.728053815237456,-35.230394843346645,-0.004547143303152999,0,1,76,4.0,-0.45471433031529995,-3523.0394843346644,2025-03-04 09:20:00,2025-03-04 09:24:00
77,0,40290.243423283704,1088,0.19147,7.714372908255427,1093,0.19219,7.743381883520895,13.551220472987326,0.0017566198360056515,0,1,77,5.0,0.17566198360056515,1355.1220472987327,2025-03-04 09:25:00,2025-03-04 09:30:00
78,0,40283.77492913575,1094,0.19182,7.7272337069061905,1098,0.19244,7.752209647362884,9.49649710179549,0.0012289646543635988,0,1,78,4.0,0.12289646543635988,949.649710179549,2025-03-04 09:31:00,2025-03-04 09:35:00
79,0,40123.6780586792,1099,0.19281,7.736246366493106,1100,0.1927,7.731832761907483,-19.8816837148549,-0.002569939318499919,0,1,79,1.0,-0.2569939318499919,-1988.16837148549,2025-03-04 09:36:00,2025-03-04 09:37:00
80,0,40025.81627351083,1101,0.19281,7.717377635694902,1102,0.19298,7.72418202446212,-8.637170893659881,-0.0011191846895906566,0,1,80,1.0,-0.11191846895906565,-863.7170893659882,2025-03-04 09:38:00,2025-03-04 09:39:00
81,0,39948.08021795979,1104,0.19298,7.7091805204609045,1107,0.19356,7.732350406988298,7.728355598967829,0.0010024873043840462,0,1,81,3.0,0.10024873043840463,772.8355598967829,2025-03-04 09:41:00,2025-03-04 09:44:00
82,0,40188.08980614387,1122,0.19201,7.7165151236768,1127,0.19282,7.74906747642066,17.086770142879377,0.0022143117545962688,0,1,82,5.0,0.22143117545962687,1708.6770142879377,2025-03-04 09:59:00,2025-03-04 10:04:00
83,0,40103.36759204439,1132,0.19282,7.732731339096972,1145,0.19248,7.719096194116705,-29.086972514508293,-0.0037615392594127295,0,1,83,13.0,-0.37615392594127295,-2908.6972514508293,2025-03-04 10:09:00,2025-03-04 10:22:00
84,0,40059.92679748407,1146,0.19234,7.705126320227464,1156,0.19246,7.709933511443784,-10.60786861597379,-0.001376728709576792,0,1,84,10.0,-0.13767287095767922,-1060.786861597379,2025-03-04 10:23:00,2025-03-04 10:33:00
85,0,39891.4407073649,1157,0.1929,7.695058912449895,1160,0.19265,7.685086052273847,-25.353005141565745,-0.0032947122861586293,0,1,85,3.0,-0.3294712286158629,-2535.3005141565745,2025-03-04 10:34:00,2025-03-04 10:37:00
86,0,39680.31046378954,1163,0.19332,7.670997618858564,1166,0.19285,7.652347872941812,-33.97309140978128,-0.004428770949720487,0,1,86,3.0,-0.44287709497204875,-3397.309140978128,2025-03-04 10:40:00,2025-03-04 10:43:00
87,0,39632.434493178094,1167,0.19274,7.638755424214651,1173,0.19363,7.674028290914074,19.960082983800014,0.002613001971568011,0,1,87,6.0,0.26130019715680114,1996.0082983800014,2025-03-04 10:44:00,2025-03-04 10:50:00
88,0,39617.66547630016,1175,0.19329,7.657698559913115,1176,0.19331,7.658490913223583,-14.523836163610365,-0.0018966320037248068,0,1,88,1.0,-0.1896632003724807,-1452.3836163610365,2025-03-04 10:52:00,2025-03-04 10:53:00
89,0,39440.24921014974,1177,0.19381,7.643914699418019,1180,0.19364,7.637209857053397,-21.985966922196614,-0.0028762705742735955,0,1,89,3.0,-0.28762705742735956,-2198.5966922196612,2025-03-04 10:54:00,2025-03-04 10:57:00
90,0,39409.85832934813,1183,0.19343,7.623048896644832,1185,0.19347,7.624625290978983,-13.671279854448912,-0.0017934136380083256,0,1,90,2.0,-0.17934136380083257,-1367.1279854448912,2025-03-04 11:00:00,2025-03-04 11:02:00
91,0,39359.059506207406,1187,0.19335,7.610074155524671,1189,0.19373,7.6250305981375615,-0.27866214130248146,-3.661753297110281e-05,0,1,91,2.0,-0.003661753297110281,-27.866214130248146,2025-03-04 11:04:00,2025-03-04 11:06:00
92,0,39239.98190561303,1191,0.19393,7.609809690954535,1192,0.19391,7.609024891317423,-16.003634220383468,-0.0021030268653635612,0,1,92,1.0,-0.21030268653635611,-1600.3634220383467,2025-03-04 11:08:00,2025-03-04 11:09:00
93,0,39004.783661395995,1194,0.19471,7.594621426709637,1209,0.19358,7.550546021173037,-59.220572985259935,-0.007797699142314081,0,1,93,15.0,-0.7797699142314081,-5922.057298525993,2025-03-04 11:11:00,2025-03-04 11:26:00
94,0,38745.9811149024,1216,0.19456,7.538418085714511,1233,0.19408,7.519820014780258,-33.65630903564814,-0.004464638157894647,0,1,94,17.0,-0.4464638157894647,-3365.630903564814,2025-03-04 11:33:00,2025-03-04 11:50:00
95,0,38741.10514906883,1238,0.19376,7.506476533682871,1260,0.19239,7.453401219629353,-68.0351918075351,-0.009063532204789147,0,1,95,22.0,-0.9063532204789146,-6803.51918075351,2025-03-04 11:55:00,2025-03-04 12:17:00
96,0,38751.86247828459,1261,0.19204,7.441907670328874,1267,0.19202,7.441132633080207,-15.658077552973856,-0.002104040824827917,0,1,96,6.0,-0.21040408248279172,-1565.8077552973855,2025-03-04 12:18:00,2025-03-04 12:24:00
97,0,38650.329709449456,1268,0.19216,7.427047356966796,1271,0.19212,7.4255013437794295,-16.398561889123627,-0.0022079517069106937,0,1,97,3.0,-0.22079517069106938,-1639.8561889123628,2025-03-04 12:25:00,2025-03-04 12:28:00
98,0,38583.394691258596,1273,0.19209,7.4114842862427395,1274,0.19245,7.425374308332717,-0.9468365057227821,-0.00012775261596117317,0,1,98,1.0,-0.012775261596117317,-94.68365057227821,2025-03-04 12:30:00,2025-03-04 12:31:00
99,0,38510.55287719957,1275,0.19243,7.410585690158769,1280,0.19291,7.429070755540569,3.645408935356964,0.0004919191394274934,0,1,99,5.0,0.04919191394274934,364.5408935356964,2025-03-04 12:32:00,2025-03-04 12:37:00
100,0,38410.76245450882,1281,0.19302,7.4140453689688,1286,0.19331,7.4251844900811,-3.700108747241919,-0.0004990674541497055,0,1,100,5.0,-0.04990674541497055,-370.0108747241919,2025-03-04 12:38:00,2025-03-04 12:43:00
101,0,38319.115658778275,1291,0.19339,7.410533777250748,1292,0.19337,7.409767394937954,-15.586683485365722,-0.0021033145457367386,0,1,101,1.0,-0.21033145457367386,-1558.6683485365722,2025-03-04 12:48:00,2025-03-04 12:49:00
102,0,38167.6277055106,1293,0.19377,7.3957412204963475,1295,0.19323,7.375130701535814,-35.381390883007406,-0.004784022294472705,0,1,102,2.0,-0.47840222944727046,-3538.1390883007407,2025-03-04 12:50:00,2025-03-04 12:52:00
103,0,38205.306060718875,1298,0.1927,7.362162477899801,1301,0.19283,7.367129167688421,-9.76260185769583,-0.001326050856253289,0,1,103,3.0,-0.1326050856253289,-976.2601857695831,2025-03-04 12:55:00,2025-03-04 12:58:00
104,0,38206.79278431944,1303,0.19245,7.352897271341135,1315,0.19049,7.278011957485011,-89.51622308609288,-0.012174279033515128,0,1,104,12.0,-1.2174279033515127,-8951.622308609289,2025-03-04 13:00:00,2025-03-04 13:12:00
105,0,38268.43836808637,1321,0.18992,7.26794181486639,1328,0.18985,7.265263024181197,-17.2119955248138,-0.002368207666385791,0,1,105,7.0,-0.2368207666385791,-1721.1995524813801,2025-03-04 13:18:00,2025-03-04 13:25:00
106,0,38439.47391560603,1331,0.18865,7.251606754178283,1333,0.18973,7.2931213860079325,26.969903688668147,0.003719162470182967,0,1,106,2.0,0.37191624701829673,2696.9903688668146,2025-03-04 13:28:00,2025-03-04 13:30:00
107,0,38373.77434544727,1340,0.18964,7.2772025668700735,1353,0.18968,7.278737517844438,-13.020989110897407,-0.0017892849609787292,0,1,107,13.0,-0.17892849609787292,-1302.0989110897408,2025-03-04 13:37:00,2025-03-04 13:50:00
108,0,38432.23289846766,1357,0.18903,7.264844984796582,1366,0.18863,7.249472091637954,-29.887210235822323,-0.004113950166640211,0,1,108,9.0,-0.4113950166640211,-2988.721023582232,2025-03-04 13:54:00,2025-03-04 14:03:00
109,0,38294.33507730618,1367,0.18897,7.236480499557729,1368,0.18924,7.246819970029422,-4.143829998714566,-0.0005726305762818478,0,1,109,1.0,-0.05726305762818478,-414.38299987145666,2025-03-04 14:04:00,2025-03-04 14:05:00
110,0,38068.04460111355,1369,0.18999,7.232547793764752,1384,0.19022,7.24130344402382,-5.7182009795320345,-0.0007906205589766179,0,1,110,15.0,-0.0790620558976618,-571.8200979532035,2025-03-04 14:06:00,2025-03-04 14:21:00
111,0,37870.053079538215,1385,0.19084,7.227120929698685,1392,0.19021,7.203262796258963,-38.288517166067315,-0.005297893523370391,0,1,111,7.0,-0.529789352337039,-3828.8517166067313,2025-03-04 14:22:00,2025-03-04 14:29:00
112,0,37577.253219820566,1393,0.19136,7.190783176143668,1395,0.18913,7.106985901464664,-98.09504375780807,-0.013641774665551656,0,1,112,2.0,-1.3641774665551656,-9809.504375780807,2025-03-04 14:30:00,2025-03-04 14:32:00
113,0,37114.02416737776,1397,0.19124,7.097685981768336,1399,0.19729,7.322225827981957,210.1199344028847,0.029604005438192926,0,1,113,2.0,2.9604005438192926,21011.99344028847,2025-03-04 14:34:00,2025-03-04 14:36:00
114,0,38248.77086135288,1432,0.19078,7.297100504928494,1444,0.18842,7.20683340569611,-104.77103314341765,-0.014357899150854364,0,1,114,12.0,-1.4357899150854365,-10477.103314341766,2025-03-04 15:09:00,2025-03-04 15:21:00
115,0,38200.12449045269,1445,0.18842,7.197667456490308,1512,0.18597,7.104077151489487,-107.89204960958932,-0.014989863071860687,0,1,115,67.0,-1.4989863071860687,-10789.204960958932,2025-03-04 15:22:00,2025-03-04 16:29:00
116,0,38485.964441386765,1519,0.18436,7.095272404413663,1536,0.19037,7.326573050706799,216.87880083761465,0.030566663050553413,0,1,116,17.0,3.0566663050553413,21687.880083761465,2025-03-04 16:36:00,2025-03-04 16:53:00
117,0,37210.648979043035,1598,0.19621,7.301101436177305,1600,0.19589,7.28919402850474,-26.497703137975208,-0.003629274756638113,0,1,117,2.0,-0.3629274756638113,-2649.770313797521,2025-03-04 17:55:00,2025-03-04 17:57:00
118,0,37179.11990734424,1603,0.1957,7.275953765866689,1614,0.19657,7.308299600186657,17.761580953335468,0.0024411343893714736,0,1,118,11.0,0.24411343893714738,1776.1580953335467,2025-03-04 18:00:00,2025-03-04 18:11:00
119,0,37026.86033269535,1615,0.19696,7.292810411126993,1619,0.19629,7.268002414704771,-39.36880924873725,-0.0053983042242078125,0,1,119,4.0,-0.5398304224207813,-3936.8809248737252,2025-03-04 18:12:00,2025-03-04 18:16:00
120,0,37011.923712427466,1620,0.19603,7.255447405346786,1621,0.19627,7.264330267038139,-5.636915981402644,-0.00077692189970922,0,1,120,1.0,-0.07769218997092199,-563.6915981402643,2025-03-04 18:17:00,2025-03-04 18:18:00
121,0,37003.50984987131,1623,0.19593,7.250097684884167,1624,0.19605,7.254538106067271,-10.064214608966763,-0.0013881488286631276,0,1,121,1.0,-0.13881488286631274,-1006.4214608966763,2025-03-04 18:20:00,2025-03-04 18:21:00
122,0,36472.62861403986,1654,0.19852,7.240546232458655,1684,0.19965,7.2817603027930575,26.69176379861287,0.003686429578883751,0,1,122,30.0,0.3686429578883751,2669.1763798612874,2025-03-04 18:51:00,2025-03-04 19:21:00
123,0,36705.62301704527,1774,0.19795,7.265878076223089,1777,0.19806,7.269915694755987,-10.498175239102643,-0.0014448598130837717,0,1,123,3.0,-0.14448598130837717,-1049.8175239102643,2025-03-04 20:51:00,2025-03-04 20:54:00
124,0,36751.83494428475,1793,0.19743,7.255914773048971,1795,0.19745,7.256649809749023,-13.777527883912216,-0.0018987995745325735,0,1,124,2.0,-0.18987995745325734,-1377.7527883912217,2025-03-04 21:10:00,2025-03-04 21:12:00
125,0,36383.37869662096,1801,0.19907,7.242839197135254,1802,0.19859,7.225375175361957,-31.932236146875336,-0.004408800924297846,0,1,125,1.0,-0.4408800924297846,-3193.2236146875334,2025-03-04 21:18:00,2025-03-04 21:19:00
126,0,36200.23026558835,1805,0.19924,7.2125338781152095,1808,0.20066,7.263938205092958,36.92785489392733,0.005119955832162308,0,1,126,3.0,0.5119955832162307,3692.7854893927333,2025-03-04 21:22:00,2025-03-04 21:25:00
127,0,35996.723422317074,1809,0.20134,7.247580293848841,1817,0.2004,7.213743373832342,-48.29824368465937,-0.006664050859243024,0,1,127,8.0,-0.6664050859243025,-4829.8243684659365,2025-03-04 21:26:00,2025-03-04 21:34:00
128,0,35867.03919439664,1820,0.20079,7.201742799841668,1821,0.20037,7.186678643381254,-29.452577904870065,-0.00408964589870004,0,1,128,1.0,-0.408964589870004,-2945.2577904870063,2025-03-04 21:37:00,2025-03-04 21:38:00
129,0,36145.46683544257,1902,0.19847,7.173790802829899,1903,0.19882,7.186441716222691,-1.709319126647972,-0.0002382727868191517,0,1,129,1.0,-0.02382727868191517,-170.93191266479718,2025-03-04 22:59:00,2025-03-04 23:00:00
130,0,36115.456830106814,1905,0.19859,7.1721685718903245,1906,0.19884,7.181197436098439,-5.324501800462197,-0.0007423838058310464,0,1,130,1.0,-0.07423838058310464,-532.4501800462197,2025-03-04 23:02:00,2025-03-04 23:03:00
131,0,36053.701636923186,1920,0.19879,7.167115348403058,1921,0.19847,7.155578163880145,-25.859878036097378,-0.0036081291815480685,0,1,131,1.0,-0.36081291815480687,-2585.987803609738,2025-03-04 23:17:00,2025-03-04 23:18:00
132,0,36019.02676052174,1922,0.1983,7.1425730066102915,1929,0.19827,7.141492435808645,-15.364636245235445,-0.00215113464447802,0,1,132,7.0,-0.215113464447802,-1536.4636245235445,2025-03-04 23:19:00,2025-03-04 23:26:00
133,0,35965.44318079165,1931,0.19819,7.127991184000166,1932,0.19839,7.135184272637256,-7.07008682047954,-0.0009918764821635127,0,1,133,1.0,-0.09918764821635127,-707.008682047954,2025-03-04 23:28:00,2025-03-04 23:29:00
134,0,35842.97016002742,1950,0.19868,7.121281311393432,1951,0.19877,7.124507178708651,-11.019921175698752,-0.001547463257499261,0,1,134,1.0,-0.1547463257499261,-1101.992117569875,2025-03-04 23:47:00,2025-03-04 23:48:00
135,0,35713.037239435405,1978,0.19911,7.11082284474287,1979,0.19866,7.094751977986238,-30.276441580475552,-0.004257797197528919,0,1,135,1.0,-0.4257797197528919,-3027.6441580475553,2025-03-05 00:15:00,2025-03-05 00:16:00
136,0,35638.53139657884,1980,0.19872,7.082088959127759,1981,0.1986,7.077812335360557,-18.43652506207794,-0.002603260869565186,0,1,136,1.0,-0.2603260869565186,-1843.652506207794,2025-03-05 00:17:00,2025-03-05 00:18:00
137,0,35518.30948979779,1985,0.1989,7.0645917575202475,1986,0.19871,7.05784327871772,-20.870913839298574,-0.0029542986425337234,0,1,137,1.0,-0.29542986425337237,-2087.0913839298573,2025-03-05 00:22:00,2025-03-05 00:23:00
138,0,35495.46126333468,1995,0.19847,7.044784196933506,2000,0.19856,7.0479787884477325,-10.89817147168186,-0.0015469844308963875,0,1,138,5.0,-0.15469844308963876,-1089.817147168186,2025-03-05 00:32:00,2025-03-05 00:37:00
139,0,35489.84045686854,2001,0.19821,7.0344412769554765,2002,0.198,7.02698841045997,-21.514296183357082,-0.003058422884818962,0,1,139,1.0,-0.3058422884818962,-2151.4296183357083,2025-03-05 00:38:00,2025-03-05 00:39:00
140,0,35402.902855567,2003,0.19812,7.0140231137438604,2006,0.19791,7.006588504145266,-21.455221217557092,-0.003058903694730156,0,1,140,3.0,-0.3058903694730156,-2145.522121755709,2025-03-05 00:40:00,2025-03-05 00:43:00
141,0,35305.47233927161,2007,0.19809,6.993661015685575,2008,0.1983,7.001075164877561,-6.580586989316229,-0.0009409359382098178,0,1,141,1.0,-0.09409359382098179,-658.0586989316229,2025-03-05 00:44:00,2025-03-05 00:45:00
142,0,35400.829381694144,2011,0.19738,6.987415703358238,2016,0.19787,7.004762109755821,3.354228583916419,0.0004800385044078701,0,1,142,5.0,0.04800385044078701,335.4228583916419,2025-03-05 00:48:00,2025-03-05 00:53:00
143,0,35306.055743331766,2020,0.198,6.990599037178981,2021,0.19801,6.990952097737123,-13.628490577482795,-0.0019495454545453545,0,1,143,1.0,-0.19495454545453544,-1362.8490577482796,2025-03-05 00:57:00,2025-03-05 00:58:00
144,0,35258.53918778675,2023,0.1979,6.977664905261918,2029,0.19756,6.965677001939151,-25.931245231047765,-0.0037163213744312615,0,1,144,6.0,-0.3716321374431261,-2593.1245231047765,2025-03-05 01:00:00,2025-03-05 01:06:00
145,0,35241.02804037709,2030,0.1973,6.953054832365524,2034,0.19791,6.974551859471029,7.5694204127929705,0.0010886467308667545,0,1,145,4.0,0.10886467308667544,756.9420412792971,2025-03-05 01:07:00,2025-03-05 01:11:00
146,0,34762.95374084969,2057,0.20022,6.960238597992429,2060,0.19998,6.951895489095121,-22.255242984892547,-0.0031974827689542325,0,1,146,3.0,-0.31974827689542323,-2225.5242984892548,2025-03-05 01:34:00,2025-03-05 01:37:00
147,0,34674.7813237895,2062,0.20012,6.9391172385157915,2063,0.20004,6.936343256010852,-16.649443000429137,-0.0023993603837695033,0,1,147,1.0,-0.23993603837695032,-1664.9443000429137,2025-03-05 01:39:00,2025-03-05 01:40:00
148,0,34352.06940972525,2103,0.20154,6.923316068835447,2108,0.20127,6.914041010095401,-23.112415819556205,-0.003338344745459808,0,1,148,5.0,-0.3338344745459808,-2311.2415819556204,2025-03-05 02:20:00,2025-03-05 02:25:00
149,0,34311.33145405,2113,0.20114,6.901381208666862,2114,0.20118,6.902753661925779,-12.4316816124308,-0.0018013324052897615,0,1,149,1.0,-0.18013324052897614,-1243.16816124308,2025-03-05 02:30:00,2025-03-05 02:31:00
150,0,34374.01042476196,2117,0.20043,6.889582909434466,2119,0.20036,6.887176728705307,-16.182940367871886,-0.0023488998652893664,0,1,150,2.0,-0.23488998652893664,-1618.2940367871886,2025-03-05 02:34:00,2025-03-05 02:36:00
151,0,34025.76089947273,2125,0.20203,6.874224474519906,2141,0.20223,6.88102962670037,-6.950101921325045,-0.0010110379646585317,0,1,151,16.0,-0.10110379646585317,-695.0101921325045,2025-03-05 02:42:00,2025-03-05 02:58:00
152,0,34006.57823073058,2142,0.20195,6.867628473695731,2146,0.20214,6.874089723559878,-7.28046833341668,-0.0010601138895765655,0,1,152,4.0,-0.10601138895765655,-728.046833341668,2025-03-05 02:59:00,2025-03-05 03:03:00
153,0,33913.58842468945,2147,0.2023,6.860718938313767,2149,0.20227,6.859701530661935,-14.737828121716687,-0.002148146317350381,0,1,153,2.0,-0.2148146317350381,-1473.7828121716686,2025-03-05 03:04:00,2025-03-05 03:06:00
154,0,34014.26791469428,2189,0.20129,6.846731988547617,2190,0.20175,6.862378551789572,1.9374527004226714,0.00028297481245988145,0,1,154,1.0,0.028297481245988146,193.74527004226712,2025-03-05 03:46:00,2025-03-05 03:47:00
155,0,34162.57160609013,2201,0.20047,6.8485707298723355,2209,0.19927,6.807575643945581,-54.651232301126456,-0.007979947124257968,0,1,155,8.0,-0.7979947124257968,-5465.123230112646,2025-03-05 03:58:00,2025-03-05 04:06:00
156,0,34131.99380299654,2210,0.19913,6.796703925990187,2211,0.19952,6.810015403573869,-0.2952417463958579,-4.3438959473701485e-05,0,1,156,1.0,-0.004343895947370149,-29.524174639585787,2025-03-05 04:07:00,2025-03-05 04:08:00
157,0,34063.871925276086,2212,0.19952,6.79642372653052,2213,0.19982,6.806642888108668,-3.3839050370564063,-0.0004978949478748233,0,1,157,1.0,-0.049789494787482326,-338.39050370564064,2025-03-05 04:09:00,2025-03-05 04:10:00
158,0,34006.86938448223,2214,0.19976,6.793212228243647,2227,0.1976,6.719757390373688,-86.96780748909948,-0.01280216259511414,0,1,158,13.0,-1.280216259511414,-8696.780748909949,2025-03-05 04:11:00,2025-03-05 04:24:00
159,0,33928.284281357795,2257,0.19779,6.7106753480093175,2260,0.19829,6.7276394901504375,3.5258273025197866,0.0005254057333537184,0,1,159,3.0,0.05254057333537184,352.58273025197866,2025-03-05 04:54:00,2025-03-05 04:57:00
160,0,33813.56535937452,2269,0.19856,6.714021537756707,2270,0.19856,6.7140215377574055,-13.428043075514113,-0.0019999999999998964,0,1,160,1.0,-0.19999999999998963,-1342.8043075514113,2025-03-05 05:06:00,2025-03-05 05:07:00
161,0,34011.458360314115,2325,0.19703,6.70127764073186,2327,0.19723,6.708079932404752,-6.607065901074629,-0.0009859412272242819,0,1,161,2.0,-0.09859412272242819,-660.7065901074628,2025-03-05 06:02:00,2025-03-05 06:04:00
162,0,33991.70998461024,2331,0.19696,6.695007198568419,2339,0.19729,6.706224462863755,-2.18396736651135,-0.0003262083671811747,0,1,162,8.0,-0.03262083671811747,-218.39673665113503,2025-03-05 06:08:00,2025-03-05 06:16:00
163,0,33970.83799749746,2343,0.19702,6.692934502266326,2344,0.19724,6.700408086626399,-5.9197582294437465,-0.0008844787331235167,0,1,163,1.0,-0.08844787331235167,-591.9758229443746,2025-03-05 06:20:00,2025-03-05 06:21:00
164,0,33408.184793431305,2385,0.20017,6.687316350100446,2386,0.19993,6.67929838575072,-21.38457908627459,-0.0031977818853972948,0,1,164,1.0,-0.3197781885397295,-2138.4579086274593,2025-03-05 07:02:00,2025-03-05 07:03:00
165,0,33315.117404678494,2388,0.20012,6.667021295023915,2389,0.19998,6.662357178587605,-17.993494910267124,-0.002698880671597082,0,1,165,1.0,-0.2698880671597082,-1799.3494910267125,2025-03-05 07:05:00,2025-03-05 07:06:00
166,0,33180.04466421978,2391,0.20042,6.649944551601948,2395,0.19999,6.635677132397314,-27.553040889613065,-0.004143348967168693,0,1,166,4.0,-0.4143348967168693,-2755.3040889613067,2025-03-05 07:08:00,2025-03-05 07:12:00
167,0,33270.35668289418,2422,0.19909,6.6237953119962185,2424,0.19933,6.631780197601296,-5.2706899057022785,-0.0007957205284039651,0,1,167,2.0,-0.0795720528403965,-527.0689905702278,2025-03-05 07:39:00,2025-03-05 07:41:00
168,0,32540.772658506594,2526,0.2034,6.618793158739209,2533,0.20349,6.621721828279506,-10.311845447753031,-0.001557964601769742,0,1,168,7.0,-0.15579646017697418,-1031.184544775303,2025-03-05 09:23:00,2025-03-05 09:30:00
169,0,32387.5658729373,2536,0.20406,6.609006692030562,2537,0.20362,6.594756163047493,-27.454291839169997,-0.004154072331666931,0,1,169,1.0,-0.4154072331666931,-2745.4291839169996,2025-03-05 09:33:00,2025-03-05 09:34:00
170,0,32104.12665352889,2594,0.20505,6.582951170305023,2595,0.20511,6.58487741790531,-11.241580988999424,-0.001707681053401571,0,1,170,1.0,-0.1707681053401571,-1124.1580988999424,2025-03-05 10:31:00,2025-03-05 10:32:00
171,0,32017.744128219692,2596,0.20527,6.572282337198885,2608,0.20534,6.574523579288631,-10.905563827512502,-0.001659326740390643,0,1,171,12.0,-0.16593267403906428,-1090.55638275125,2025-03-05 10:33:00,2025-03-05 10:45:00
172,0,33059.25941608756,2956,0.19849,6.56193240149878,2957,0.19807,6.548047512544463,-26.99486886880036,-0.0041138596402841305,0,1,172,1.0,-0.41138596402841304,-2699.486886880036,2025-03-05 16:33:00,2025-03-05 16:34:00
173,0,32935.16525032641,2958,0.19846,6.536312895578703,2959,0.1988,6.547510851764891,-1.8858675622323418,-0.0002885216164464328,0,1,173,1.0,-0.02885216164464328,-188.58675622323418,2025-03-05 16:35:00,2025-03-05 16:36:00
174,0,32570.019992922582,2980,0.20063,6.534523111179624,2981,0.2008,6.540060014578855,-7.537679726961257,-0.001153516423266585,0,1,174,1.0,-0.1153516423266585,-753.7679726961258,2025-03-05 16:57:00,2025-03-05 16:58:00
175,0,32206.885424984182,3012,0.20267,6.5273694690804405,3018,0.2029,6.53477705272929,-5.654562874062898,-0.0008662850939949233,0,1,175,6.0,-0.08662850939949233,-565.4562874062898,2025-03-05 17:29:00,2025-03-05 17:35:00
176,0,31405.609865745875,3510,0.20767,6.522003000818586,3516,0.20602,6.470183744540965,-64.81144302383932,-0.009937352530456701,0,1,176,6.0,-0.9937352530456701,-6481.144302383932,2025-03-06 01:47:00,2025-03-06 01:53:00
177,0,31344.882049916596,3517,0.20611,6.46049363930797,3518,0.20537,6.437298426591371,-36.09300478283727,-0.005586725534908438,0,1,177,1.0,-0.5586725534908438,-3609.300478283727,2025-03-06 01:54:00,2025-03-06 01:55:00
178,0,31210.48828977687,3528,0.2059,6.426239538864138,3531,0.20652,6.44559004160472,6.478673159193403,0.001008159300631611,0,1,178,3.0,0.1008159300631611,647.8673159193403,2025-03-06 02:05:00,2025-03-06 02:08:00
179,0,31119.439428037636,3537,0.2067,6.432388129775063,3539,0.20626,6.418695576427043,-26.543637054539346,-0.004126560232220666,0,1,179,2.0,-0.41265602322206657,-2654.3637054539345,2025-03-06 02:14:00,2025-03-06 02:16:00
180,0,30885.499473788892,3578,0.20745,6.40719686583725,3583,0.20738,6.405034880874341,-14.974216709875877,-0.0023370932754878835,0,1,180,5.0,-0.23370932754878834,-1497.4216709875877,2025-03-06 02:55:00,2025-03-06 03:00:00
181,0,30836.318595686396,3584,0.20732,6.392985571256759,3588,0.20742,6.396069203117272,-9.705422914805617,-0.0015181362145474467,0,1,181,4.0,-0.15181362145474467,-970.5422914805616,2025-03-06 03:01:00,2025-03-06 03:05:00
182,0,30635.255928733404,3595,0.20838,6.3837746304288885,3596,0.20791,6.3693760601429625,-27.151720977076614,-0.004253239274402453,0,1,182,1.0,-0.4253239274402453,-2715.1720977076616,2025-03-06 03:12:00,2025-03-06 03:13:00
183,0,30568.807461261626,3597,0.20799,6.358006263867537,3601,0.20806,6.360146080390094,-10.578335821969503,-0.0016637819125919387,0,1,183,4.0,-0.16637819125919387,-1057.8335821969504,2025-03-06 03:14:00,2025-03-06 03:18:00
184,0,30488.29011198591,3602,0.20821,6.347966884215566,3614,0.20797,6.340649694589709,-20.005806205683008,-0.0031515297055857215,0,1,184,12.0,-0.31515297055857217,-2000.580620568301,2025-03-06 03:19:00,2025-03-06 03:31:00
185,0,30331.545839406466,3618,0.20866,6.328980354849591,3619,0.20882,6.333833402184859,-7.809766422729148,-0.0012339691363939399,0,1,185,1.0,-0.12339691363939399,-780.9766422729149,2025-03-06 03:35:00,2025-03-06 03:36:00
186,0,30303.285981569417,3626,0.20861,6.321568488614503,3634,0.20837,6.31429569997962,-19.908652824170158,-0.003149321700781154,0,1,186,8.0,-0.3149321700781154,-1990.8652824170158,2025-03-06 03:43:00,2025-03-06 03:51:00
187,0,30270.756268950056,3635,0.20821,6.302674162757285,3645,0.20887,6.322652861895598,7.3533721128538545,0.001166706690360774,0,1,187,10.0,0.1166706690360774,735.3372112853855,2025-03-06 03:52:00,2025-03-06 04:02:00
188,0,30275.192589321625,3648,0.20841,6.309652887539414,3704,0.21617,6.544588382033656,222.08125322356253,0.035197063480639265,0,1,188,56.0,3.5197063480639263,22208.125322356253,2025-03-06 04:05:00,2025-03-06 05:01:00
189,0,30213.703311610985,3769,0.21581,6.52041931167787,3770,0.21599,6.525857778274856,-7.607810493863015,-0.0011667670636206807,0,1,189,1.0,-0.11667670636206807,-760.7810493863016,2025-03-06 06:06:00,2025-03-06 06:07:00
190,0,30143.93072573409,3771,0.21607,6.5131991119087616,3777,0.21592,6.508677522300506,-17.543466243069535,-0.0026935252464478413,0,1,190,6.0,-0.26935252464478415,-1754.3466243069536,2025-03-06 06:08:00,2025-03-06 06:14:00
191,0,30145.002406485713,3778,0.21551,6.496549468621197,3784,0.21527,6.489314668044179,-20.220664714221975,-0.003112523780798956,0,1,191,6.0,-0.31125237807989564,-2022.0664714221975,2025-03-06 06:15:00,2025-03-06 06:21:00
192,0,30120.246582582018,3785,0.21505,6.477359027583589,3786,0.21498,6.475250610323483,-15.06102689868686,-0.0023251801906530854,0,1,192,1.0,-0.23251801906530853,-1506.102689868686,2025-03-06 06:22:00,2025-03-06 06:23:00
193,0,30027.250258838427,3792,0.21524,6.463065345711584,3795,0.21421,6.43213727794578,-43.82327039026027,-0.006780570525924322,0,1,193,3.0,-0.6780570525924322,-4382.327039026027,2025-03-06 06:29:00,2025-03-06 06:32:00
194,0,30009.696370492522,3810,0.21398,6.4214748293570665,3813,0.21387,6.4181737627572355,-16.140715192868285,-0.0025135526684735153,0,1,194,3.0,-0.25135526684735154,-1614.0715192868286,2025-03-06 06:47:00,2025-03-06 06:50:00
195,0,29889.21974658628,3816,0.21433,6.4061564682851895,3818,0.21428,6.404662007298508,-14.305279462912846,-0.002233051835953776,0,1,195,2.0,-0.2233051835953776,-1430.5279462912847,2025-03-06 06:53:00,2025-03-06 06:55:00
196,0,29898.414616880036,3821,0.21381,6.392580029234523,3822,0.21386,6.394074949965964,-11.291734248356828,-0.0017663813666338876,0,1,196,1.0,-0.17663813666338876,-1129.173424835683,2025-03-06 06:58:00,2025-03-06 06:59:00
197,0,30018.173086219595,3831,0.2126,6.381863598129712,3848,0.21174,6.356047969276138,-38.55354042155445,-0.006041110065851235,0,1,197,17.0,-0.6041110065851235,-3855.3540421554453,2025-03-06 07:08:00,2025-03-06 07:25:00
198,0,29977.201889752618,3849,0.21167,6.345274324003185,3853,0.21145,6.338679339588191,-19.27893807933625,-0.0030383143572539875,0,1,198,4.0,-0.3038314357253988,-1927.8938079336249,2025-03-06 07:26:00,2025-03-06 07:30:00
199,0,29862.546040133326,3854,0.21187,6.326977629521934,3859,0.21117,6.306073847294955,-33.53683370491029,-0.0053006088639258285,0,1,199,5.0,-0.5300608863925829,-3353.6833704910296,2025-03-06 07:31:00,2025-03-06 07:36:00
200,0,29891.49793764121,3860,0.2106,6.295149465666327,3873,0.20974,6.269442777440868,-38.27128046947791,-0.00607948717948692,0,1,200,13.0,-0.607948717948692,-3827.1280469477906,2025-03-06 07:37:00,2025-03-06 07:50:00
201,0,29853.699359009228,3875,0.20965,6.258828070615891,3878,0.2081,6.212554836609821,-58.74461691368972,-0.009385881230622355,0,1,201,3.0,-0.9385881230622355,-5874.4616913689715,2025-03-06 07:52:00,2025-03-06 07:55:00
202,0,29539.865880197693,3892,0.20999,6.203076436181618,3894,0.20929,6.182398530066576,-33.063381082386925,-0.00533015857897983,0,1,202,2.0,-0.533015857897983,-3306.3381082386927,2025-03-06 08:09:00,2025-03-06 08:11:00
203,0,29431.080605568153,3898,0.2097,6.171697602986569,3907,0.21051,6.195536778278153,11.471940909246143,0.0018587982832620835,0,1,203,9.0,0.18587982832620836,1147.1940909246143,2025-03-06 08:15:00,2025-03-06 08:24:00
204,0,29421.267057176254,3909,0.21014,6.182585059394114,3910,0.21019,6.184056122747877,-10.895577829283553,-0.0017623013229274866,0,1,204,1.0,-0.17623013229274867,-1089.5577829283552,2025-03-06 08:26:00,2025-03-06 08:27:00
205,0,29341.341514145643,3911,0.21036,6.172244600915292,3921,0.21002,6.162268544800868,-22.31056926052574,-0.0036146605818596165,0,1,205,10.0,-0.36146605818596167,-2231.056926052574,2025-03-06 08:28:00,2025-03-06 08:38:00
206,0,29150.612454315473,3925,0.21101,6.151070733984852,3928,0.21022,6.128041750146199,-35.30809632304002,-0.005740154495047545,0,1,206,3.0,-0.5740154495047546,-3530.8096323040018,2025-03-06 08:42:00,2025-03-06 08:45:00
207,0,28890.491389187933,4031,0.21175,6.117561551659492,4033,0.21121,6.101960686310384,-27.820387588131133,-0.0045476269185358,0,1,207,2.0,-0.45476269185358004,-2782.0387588131134,2025-03-06 10:28:00,2025-03-06 10:30:00
208,0,28772.59606243299,4035,0.2117,6.091158586415986,4039,0.21088,6.0675650576458695,-35.7522524152564,-0.005869532357108857,0,1,208,4.0,-0.5869532357108856,-3575.22524152564,2025-03-06 10:32:00,2025-03-06 10:36:00
209,0,29126.88919663231,4321,0.20796,6.057227877330661,4322,0.20747,6.042955701625305,-26.3723592853069,-0.004353866128101575,0,1,209,1.0,-0.4353866128101575,-2637.2359285306898,2025-03-06 15:18:00,2025-03-06 15:19:00
210,0,30994.75472573848,4878,0.19462,6.032199164722442,4879,0.19299,5.981677714520269,-62.53532708219664,-0.010366920152091159,0,1,210,1.0,-1.036692015209116,-6253.532708219664,2025-03-07 00:35:00,2025-03-07 00:36:00
211,0,30810.12046428687,4886,0.19386,5.972849953205696,4887,0.1931,5.949434261653795,-35.33797576771782,-0.005916434540389864,0,1,211,1.0,-0.5916434540389864,-3533.797576771782,2025-03-07 00:43:00,2025-03-07 00:44:00
212,0,30925.865210969852,4894,0.19205,5.939312413765947,4897,0.19084,5.901892116861487,-49.2615014359005,-0.008294142150481432,0,1,212,3.0,-0.8294142150481432,-4926.15014359005,2025-03-07 00:51:00,2025-03-07 00:54:00
213,0,30759.30855080307,4900,0.19157,5.8925607390765435,4907,0.19286,5.93224024710788,27.85470704435203,0.004727097144647085,0,1,213,7.0,0.47270971446470844,2785.470704435203,2025-03-07 00:57:00,2025-03-07 01:04:00
214,0,30677.911657682813,4908,0.19294,5.91899627523253,4909,0.19304,5.9220640663990896,-8.77326917586399,-0.0014822224525759063,0,1,214,1.0,-0.14822224525759062,-877.326917586399,2025-03-07 01:05:00,2025-03-07 01:06:00
215,0,30503.535097258038,4911,0.19377,5.910669995794706,4958,0.19714,6.01346690907345,90.87277637289166,0.015374361356247304,0,1,215,47.0,1.5374361356247304,9087.277637289166,2025-03-07 01:08:00,2025-03-07 01:55:00
216,0,30427.28139659687,4959,0.19709,5.996912890454951,4961,0.19741,6.006649620502189,-2.2668324640457778,-0.0003779998985234023,0,1,216,2.0,-0.037799989852340225,-226.68324640457777,2025-03-07 01:56:00,2025-03-07 01:58:00
217,0,30424.08420094364,4963,0.19704,5.994761550953626,4965,0.19714,5.997803959374029,-8.950157090232711,-0.001492996345919462,0,1,217,2.0,-0.1492996345919462,-895.0157090232711,2025-03-07 02:00:00,2025-03-07 02:02:00
218,0,30267.30405436998,4968,0.19778,5.986267395872346,4969,0.19776,5.985662049792207,-12.577275526752654,-0.0021010213368388704,0,1,218,1.0,-0.21010213368388703,-1257.7275526752653,2025-03-07 02:05:00,2025-03-07 02:06:00
219,0,30262.034852589168,4980,0.19742,5.974330920597822,4988,0.19682,5.9561736996866,-30.087725531838274,-0.0050361665484753345,0,1,219,8.0,-0.5036166548475335,-3008.7725531838273,2025-03-07 02:17:00,2025-03-07 02:25:00
220,0,30216.883346685874,4994,0.19677,5.945776136126369,4995,0.19694,5.950913006296316,-6.759818973486501,-0.0011369111144990613,0,1,220,1.0,-0.11369111144990612,-675.9818973486501,2025-03-07 02:31:00,2025-03-07 02:32:00
221,0,30065.101106125938,4999,0.19755,5.939360723514255,5000,0.1981,5.955896529123549,4.640548355730915,0.0007813211845103139,0,1,221,1.0,0.0781321184510314,464.0548355730915,2025-03-07 02:36:00,2025-03-07 02:37:00
222,0,29985.696904128254,5006,0.19822,5.9437648403354615,5007,0.19796,5.935968559141229,-19.67601459455048,-0.0033103622237916795,0,1,222,1.0,-0.33103622237916797,-1967.601459455048,2025-03-07 02:43:00,2025-03-07 02:44:00
223,0,29977.694409369105,5009,0.19765,5.925091300011445,5012,0.19755,5.9220935305708675,-14.844954271518594,-0.002505438907158953,0,1,223,3.0,-0.2505438907158953,-1484.4954271518593,2025-03-07 02:46:00,2025-03-07 02:49:00
224,0,29942.772311796773,5018,0.19741,5.91100268207083,5019,0.19745,5.912200392964272,-10.625492182563953,-0.0017975786434324078,0,1,224,1.0,-0.1797578643432408,-1062.5492182563953,2025-03-07 02:55:00,2025-03-07 02:56:00
225,0,29922.00470884745,5022,0.19721,5.900918548631125,5023,0.19758,5.911989690374079,-0.7417664967316648,-0.00012570356472784255,0,1,225,1.0,-0.012570356472784254,-74.17664967316648,2025-03-07 02:59:00,2025-03-07 03:00:00
226,0,29859.38549814832,5024,0.1976,5.900214574433448,5025,0.19752,5.897825823594256,-14.186791237879742,-0.002404453441295464,0,1,226,1.0,-0.2404453441295464,-1418.6791237879743,2025-03-07 03:01:00,2025-03-07 03:02:00
227,0,29857.732738617422,5026,0.19716,5.886750586744711,5028,0.19712,5.885556277436266,-12.96661617372611,-0.0022026780279974525,0,1,227,2.0,-0.22026780279974525,-1296.6616173726109,2025-03-07 03:03:00,2025-03-07 03:05:00
228,0,29795.316531548775,5030,0.19716,5.874444607359692,5031,0.19769,5.890236125121877,4.026837029239001,0.0006854838709677732,0,1,228,1.0,0.06854838709677732,402.6837029239001,2025-03-07 03:07:00,2025-03-07 03:08:00
229,0,29691.212652108446,5037,0.19798,5.8782662808635,5038,0.1979,5.875890983852261,-14.129454276884392,-0.0024036771391047944,0,1,229,1.0,-0.24036771391047945,-1412.9454276884392,2025-03-07 03:14:00,2025-03-07 03:15:00
230,0,29713.53079781832,5058,0.19738,5.864856708873049,5060,0.19743,5.866342385413271,-10.245522554395473,-0.0017469348464889613,0,1,230,2.0,-0.17469348464889614,-1024.5522554395473,2025-03-07 03:35:00,2025-03-07 03:37:00
231,0,29697.368563449018,5061,0.19716,5.855133185968953,5062,0.19738,5.861666607053567,-5.183378709064246,-0.0008852708460133652,0,1,231,1.0,-0.08852708460133653,-518.3378709064245,2025-03-07 03:38:00,2025-03-07 03:39:00
232,0,29684.46263185752,5065,0.19708,5.850213895485467,5080,0.19635,5.828544237765224,-33.34841585450673,-0.005700375482037587,0,1,232,15.0,-0.5700375482037586,-3334.8415854506734,2025-03-07 03:42:00,2025-03-07 03:57:00
233,0,29659.31567830775,5081,0.19618,5.81856454976969,5084,0.19665,5.832504428139219,2.2888093908958753,0.00039336323784294633,0,1,233,3.0,0.039336323784294636,228.88093908958754,2025-03-07 03:58:00,2025-03-07 04:01:00
234,0,29576.914362271546,5088,0.1968,5.820736746494731,5091,0.19681,5.821032515638664,-11.346000118510247,-0.0019492378048779216,0,1,234,3.0,-0.19492378048779216,-1134.6000118510246,2025-03-07 04:05:00,2025-03-07 04:08:00
235,0,28607.852746637633,5412,0.20309,5.809968814313834,5413,0.20261,5.796237044996251,-25.33797517769597,-0.00436112068541024,0,1,235,1.0,-0.436112068541024,-2533.797517769597,2025-03-07 09:29:00,2025-03-07 09:30:00
236,0,28493.655988009534,5415,0.20306,5.78592178492454,5416,0.20339,5.795324691401259,-2.178340000282372,-0.0003764897074754576,0,1,236,1.0,-0.03764897074754576,-217.8340000282372,2025-03-07 09:32:00,2025-03-07 09:33:00
237,0,27820.367625207273,5738,0.2079,5.783854429279927,5739,0.20708,5.761041727827922,-34.35759760977775,-0.005940259740259615,0,1,237,1.0,-0.5940259740259615,-3435.759760977775,2025-03-07 14:55:00,2025-03-07 14:56:00
238,0,28553.50669576964,5830,0.20142,5.751247318661626,5831,0.20126,5.7466787575905975,-16.066487147575753,-0.0027935656836461284,0,1,238,1.0,-0.27935656836461287,-1606.6487147575754,2025-03-07 16:27:00,2025-03-07 16:28:00
239,0,28674.262166499695,5862,0.20004,5.7359994037860815,5866,0.20089,5.7603725266281245,12.876750911111195,0.002244901019796246,0,1,239,4.0,0.2244901019796246,1287.6750911111194,2025-03-07 16:59:00,2025-03-07 17:03:00
240,0,28659.42113207101,5867,0.20057,5.748220096458681,5869,0.19961,5.720707052172695,-38.98197143541896,-0.00678157251832254,0,1,240,2.0,-0.678157251832254,-3898.1971435418964,2025-03-07 17:04:00,2025-03-07 17:06:00
241,0,28443.768212923056,5888,0.20079,5.7112242194725695,5889,0.20072,5.709233155697916,-13.411521150074918,-0.0023482743164499466,0,1,241,1.0,-0.23482743164499464,-1341.1521150074918,2025-03-07 17:25:00,2025-03-07 17:26:00
242,0,28221.553103194958,5897,0.20192,5.698496002596585,5899,0.20187,5.697084924941966,-12.806658582698265,-0.0022473751980981557,0,1,242,2.0,-0.22473751980981557,-1280.6658582698265,2025-03-07 17:34:00,2025-03-07 17:36:00
243,0,28116.80098454828,5900,0.20224,5.686341831114078,5903,0.20245,5.692246359321799,-5.474059983681328,-0.0009626681170885413,0,1,243,3.0,-0.09626681170885414,-547.4059983681328,2025-03-07 17:37:00,2025-03-07 17:40:00
244,0,27926.788916543133,5906,0.20343,5.681146669291593,5926,0.20417,5.701812493090611,9.282864635859742,0.0016339772894854681,0,1,244,20.0,0.16339772894854682,928.2864635859742,2025-03-07 17:43:00,2025-03-07 18:03:00
245,0,27641.27559283431,5962,0.20585,5.689956580784383,5963,0.20597,5.6932735338560825,-8.066277043501142,-0.0014176341996599874,0,1,245,1.0,-0.14176341996599873,-806.6277043501142,2025-03-07 18:39:00,2025-03-07 18:40:00
246,0,27495.893123495116,5979,0.20666,5.682301272900986,5980,0.20639,5.674877381758157,-18.781069798003152,-0.003305187264105261,0,1,246,1.0,-0.3305187264105261,-1878.1069798003152,2025-03-07 18:56:00,2025-03-07 18:57:00
247,0,27380.496330169728,5984,0.20688,5.664477080785218,5985,0.2069,5.665024690712117,-10.781891844894844,-0.0019034222737820097,0,1,247,1.0,-0.19034222737820097,-1078.1891844894844,2025-03-07 19:01:00,2025-03-07 19:02:00
248,0,27453.11961593296,6094,0.20596,5.654244516096696,6099,0.20373,5.593024059354022,-72.46772531898084,-0.012816517770440645,0,1,248,5.0,-1.2816517770440645,-7246.772531898084,2025-03-07 20:51:00,2025-03-07 20:56:00
249,0,27805.002750935928,6114,0.20088,5.585468952607698,6115,0.20142,5.600483654093514,3.8287488788034896,0.0006854838709676725,0,1,249,1.0,0.06854838709676725,382.874887880349,2025-03-07 21:11:00,2025-03-07 21:12:00
250,0,27674.304963186354,6120,0.20196,5.589102630364323,6124,0.20272,5.610135102137138,9.833234039520828,0.0017593582887703134,0,1,250,4.0,0.17593582887703133,983.3234039520828,2025-03-07 21:17:00,2025-03-07 21:21:00
251,0,27516.14504306774,6127,0.20346,5.59843487046237,6128,0.2031,5.588529058247058,-21.092776144214167,-0.003767620171041019,0,1,251,1.0,-0.3767620171041019,-2109.2776144214167,2025-03-07 21:24:00,2025-03-07 21:25:00
252,0,27417.756567604334,6129,0.20346,5.578416751243822,6130,0.20316,5.570191424274497,-19.373935145798868,-0.0034730168092005197,0,1,252,1.0,-0.347301680920052,-1937.3935145798869,2025-03-07 21:26:00,2025-03-07 21:27:00
253,0,27346.20253643422,6132,0.20332,5.560029899706933,6136,0.20313,5.554834121225883,-16.310642502855206,-0.0029335530198699787,0,1,253,4.0,-0.2933553019869979,-1631.0642502855205,2025-03-07 21:29:00,2025-03-07 21:33:00
254,0,27987.230674679926,6189,0.19811,5.544550268959938,6190,0.1987,5.5610627350589015,5.406853094042101,0.0009751653122004165,0,1,254,1.0,0.09751653122004166,540.6853094042101,2025-03-07 22:26:00,2025-03-07 22:27:00
255,0,27830.50823941186,6193,0.19941,5.549681648020851,6194,0.1998,5.56053554623449,-0.2563189808839468,-4.6186249435648956e-05,0,1,255,1.0,-0.0046186249435648955,-25.631898088394678,2025-03-07 22:30:00,2025-03-07 22:31:00
256,0,27754.130473863723,6195,0.19995,5.5494383882487455,6196,0.19917,5.527790166479438,-32.72545032434115,-0.005897074268566955,0,1,256,1.0,-0.5897074268566954,-3272.5450324341155,2025-03-07 22:32:00,2025-03-07 22:33:00
257,0,27558.83074590799,6202,0.20024,5.5183802685596675,6203,0.20022,5.517829091945699,-11.587385975422862,-0.0020997802636832878,0,1,257,1.0,-0.20997802636832877,-1158.7385975422862,2025-03-07 22:39:00,2025-03-07 22:40:00
258,0,27510.78100256566,6209,0.20019,5.507383248903352,6210,0.19997,5.501330877083055,-17.061085946551394,-0.003097857035816024,0,1,258,1.0,-0.3097857035816024,-1706.1085946551393,2025-03-07 22:46:00,2025-03-07 22:47:00
259,0,27834.506331580527,6233,0.19728,5.491191409093517,6265,0.19761,5.5003767961836285,-1.8061811158551802,-0.00032892335766403685,0,1,259,32.0,-0.032892335766403685,-180.61811158551802,2025-03-07 23:10:00,2025-03-07 23:42:00
260,0,27728.833920250778,6274,0.19797,5.489477251191602,6275,0.19812,5.4936365762800845,-6.8237887394338825,-0.001243067131383428,0,1,260,1.0,-0.12430671313834281,-682.3788739433883,2025-03-07 23:51:00,2025-03-07 23:52:00
261,0,27372.57814394072,6355,0.20031,5.483001128011892,6358,0.19989,5.471504645192311,-22.450988593658025,-0.004094653287404131,0,1,261,3.0,-0.4094653287404131,-2245.0988593658026,2025-03-08 01:12:00,2025-03-08 01:15:00
262,0,27465.02059730876,6361,0.19886,5.461693995980568,6362,0.19894,5.463891197628605,-8.72838354582435,-0.0015981092225685726,0,1,262,1.0,-0.15981092225685725,-872.838354582435,2025-03-08 01:18:00,2025-03-08 01:19:00
263,0,27448.209760886726,6363,0.19868,5.4534103152927855,6366,0.19842,5.446273780755145,-18.036218633877834,-0.0033073283672235233,0,1,263,3.0,-0.3307328367223523,-1803.6218633877834,2025-03-08 01:20:00,2025-03-08 01:23:00
264,0,27533.899032015815,6373,0.19744,5.436293024880797,6376,0.19555,5.384253955710693,-62.85961615110121,-0.011562955834683848,0,1,264,3.0,-1.1562955834683848,-6285.961615110121,2025-03-08 01:30:00,2025-03-08 01:33:00
265,0,27417.827876165335,6377,0.1961,5.376636046515159,6379,0.1968,5.395828526029338,8.420014940770951,0.0015660377358491639,0,1,265,2.0,0.1566037735849164,842.0014940770951,2025-03-08 01:34:00,2025-03-08 01:36:00
266,0,27270.83853981557,6389,0.19745,5.384627069685848,6391,0.19719,5.377536651666232,-17.852581741703617,-0.003315472271460898,0,1,266,2.0,-0.3315472271460898,-1785.2581741703616,2025-03-08 01:46:00,2025-03-08 01:48:00
267,0,27116.363021175097,6397,0.19795,5.367684060041029,6402,0.19831,5.377445950729233,-0.9832393231470258,-0.00018317757009331205,0,1,267,5.0,-0.018317757009331206,-98.32393231470257,2025-03-08 01:54:00,2025-03-08 01:59:00
268,0,27253.457829721876,6474,0.19692,5.366750915828561,6476,0.19673,5.361572758841184,-15.906480662317271,-0.002963893967093254,0,1,268,2.0,-0.2963893967093254,-1590.6480662317272,2025-03-08 03:11:00,2025-03-08 03:13:00
269,0,27258.467148475524,6477,0.19633,5.351654855259767,6485,0.1967,5.361740488105136,-0.6277624984286039,-0.00011730250089120924,0,1,269,8.0,-0.011730250089120924,-62.77624984286039,2025-03-08 03:14:00,2025-03-08 03:22:00
270,0,27177.911913582648,6486,0.19689,5.351059076664569,6487,0.19683,5.349428401950473,-12.331162193429673,-0.002304433947889489,0,1,270,1.0,-0.2304433947889489,-1233.1162193429673,2025-03-08 03:23:00,2025-03-08 03:24:00
271,0,27176.445134029174,6492,0.19647,5.339356175481953,6493,0.19664,5.343976171155497,-6.06333667385237,-0.0011355932203388182,0,1,271,1.0,-0.11355932203388182,-606.333667385237,2025-03-08 03:29:00,2025-03-08 03:30:00
272,0,27136.1066398269,6527,0.19655,5.333601760057718,6529,0.19677,5.3395717035187396,-4.703230002814561,-0.0008818112439582358,0,1,272,2.0,-0.08818112439582358,-470.3230002814561,2025-03-08 04:04:00,2025-03-08 04:06:00
273,0,27063.826901428067,6615,0.19691,5.329138155159853,6628,0.1975,5.345105813032044,5.293413903650778,0.0009932964298411309,0,1,273,13.0,0.09932964298411309,529.3413903650778,2025-03-08 05:32:00,2025-03-08 05:45:00
274,0,27056.362539432816,6632,0.19715,5.3341618746489985,6633,0.19749,5.343361037912587,-1.478359649154413,-0.0002771493786456645,0,1,274,1.0,-0.027714937864566448,-147.8359649154413,2025-03-08 05:49:00,2025-03-08 05:50:00
275,0,26987.645931280927,6677,0.1976,5.33275883602073,6681,0.19772,5.335997353532866,-7.430238677799343,-0.0013933198380565073,0,1,275,4.0,-0.13933198380565073,-743.0238677799343,2025-03-08 06:34:00,2025-03-08 06:38:00
276,0,27024.443908013756,6689,0.19707,5.325707160951424,6692,0.19701,5.32408569431779,-12.27125948975051,-0.0023041558836960777,0,1,276,3.0,-0.23041558836960777,-1227.125948975051,2025-03-08 06:46:00,2025-03-08 06:49:00
277,0,26958.50806862557,6693,0.19712,5.314061110487273,6697,0.19725,5.317565716536395,-7.127020778101526,-0.0013411627435063024,0,1,277,4.0,-0.13411627435063025,-712.7020778101527,2025-03-08 06:50:00,2025-03-08 06:54:00
278,0,26988.544137574925,6751,0.19665,5.307297204653878,6763,0.19639,5.30028018317834,-17.62459886360129,-0.0033208237986268817,0,1,278,12.0,-0.3320823798626882,-1762.4598863601288,2025-03-08 07:48:00,2025-03-08 08:00:00
279,0,26944.591608739327,6770,0.19635,5.290570562375251,6812,0.19623,5.287337211382918,-13.811258766806759,-0.002610542398777533,0,1,279,42.0,-0.26105423987775334,-1381.125876680676,2025-03-08 08:07:00,2025-03-08 08:49:00
280,0,26946.45378675385,6813,0.19585,5.277462974135233,6826,0.1959,5.278810296825079,-9.208950581622823,-0.0017449578759253953,0,1,280,13.0,-0.17449578759253953,-920.8950581622822,2025-03-08 08:50:00,2025-03-08 09:03:00
281,0,26878.49816777109,6864,0.19602,5.268723210845565,6865,0.19599,5.267916855901456,-11.342995011779601,-0.002152892561983191,0,1,281,1.0,-0.2152892561983191,-1134.29950117796,2025-03-08 09:41:00,2025-03-08 09:42:00
282,0,26894.926499567668,6866,0.1955,5.25795813066452,6916,0.1954,5.255268638015522,-13.202719418637216,-0.0025109974424551377,0,1,282,50.0,-0.2510997442455138,-1320.2719418637216,2025-03-08 09:43:00,2025-03-08 10:33:00
283,0,26990.98526948218,6946,0.19434,5.245428077270844,6959,0.19434,5.245428077271168,-10.490856154542012,-0.0019999999999999385,0,1,283,13.0,-0.19999999999999385,-1049.0856154542012,2025-03-08 11:03:00,2025-03-08 11:16:00
284,0,26970.284979813223,6960,0.19412,5.235471720280657,6966,0.194,5.232235286083766,-13.704141203941605,-0.0026175561508343273,0,1,284,6.0,-0.2617556150834327,-1370.4141203941606,2025-03-08 11:17:00,2025-03-08 11:23:00
285,0,26926.866677317936,6967,0.19395,5.2224657920651225,6968,0.19417,5.228389702734824,-4.526944825789763,-0.0008668213457074789,0,1,285,1.0,-0.08668213457074789,-452.6944825789763,2025-03-08 11:24:00,2025-03-08 11:25:00
286,0,26915.8172527085,6970,0.19387,5.218169490782202,6971,0.19403,5.222476021543031,-6.134114751891417,-0.001175529994325932,0,1,286,1.0,-0.11755299943259319,-613.4114751891417,2025-03-08 11:27:00,2025-03-08 11:28:00
287,0,26867.772697709926,6972,0.194,5.212347903355294,6973,0.19423,5.218527491076199,-4.251287673958356,-0.0008156185567009762,0,1,287,1.0,-0.08156185567009762,-425.1287673958356,2025-03-08 11:29:00,2025-03-08 11:30:00
288,0,26809.66291632299,6974,0.19427,5.208313214753616,6975,0.19434,5.21018989115821,-8.5418267017689,-0.0016400370618210292,0,1,288,1.0,-0.16400370618210292,-854.1826701768899,2025-03-08 11:31:00,2025-03-08 11:32:00
289,0,26905.042353146346,6979,0.19328,5.200206586015156,7017,0.19421,5.225228275404552,14.596254527006531,0.002806860513245246,0,1,289,38.0,0.2806860513245246,1459.625452700653,2025-03-08 11:36:00,2025-03-08 12:14:00
290,0,26872.43815506659,7019,0.19403,5.214059175226794,7040,0.19503,5.240931613382637,16.41744736645702,0.003148688347162932,0,1,290,21.0,0.3148688347162932,1641.7447366457018,2025-03-08 12:16:00,2025-03-08 12:37:00
291,0,26814.542220333795,7041,0.19503,5.229640169231061,7044,0.19529,5.236611950208987,-3.494471142153577,-0.0006682048915550835,0,1,291,3.0,-0.06682048915550835,-349.44711421535766,2025-03-08 12:38:00,2025-03-08 12:41:00
292,0,26756.38016729539,7045,0.19533,5.226323738077554,7046,0.19509,5.219902206837658,-16.86775718506543,-0.003227461219474557,0,1,292,1.0,-0.3227461219474557,-1686.775718506543,2025-03-08 12:42:00,2025-03-08 12:43:00
293,0,26685.354044112475,7048,0.19525,5.210315377112238,7049,0.19498,5.20311033152105,-17.618471300543963,-0.00338145966709339,0,1,293,1.0,-0.338145966709339,-1761.8471300543963,2025-03-08 12:45:00,2025-03-08 12:46:00
294,0,26657.05769236951,7050,0.19483,5.19359455020367,7051,0.19499,5.197859679435131,-6.126324998860544,-0.0011795924652261297,0,1,294,1.0,-0.11795924652261297,-612.6324998860543,2025-03-08 12:47:00,2025-03-08 12:48:00
295,0,26575.382181496796,7056,0.19521,5.187780355649011,7057,0.19526,5.189109124759064,-9.048120371333546,-0.0017441217150759433,0,1,295,1.0,-0.17441217150759433,-904.8120371333546,2025-03-08 12:53:00,2025-03-08 12:54:00
296,0,26547.71248359448,7059,0.19509,5.179193228424083,7068,0.19514,5.1805206140486275,-9.03232821829327,-0.0017439643241580652,0,1,296,9.0,-0.17439643241580652,-903.2328218293269,2025-03-08 12:56:00,2025-03-08 13:05:00
297,0,26518.725452645078,7075,0.19498,5.170621088755979,7078,0.19476,5.164786969157155,-16.16952765749489,-0.003127192532567265,0,1,297,3.0,-0.3127192532567265,-1616.952765749489,2025-03-08 13:12:00,2025-03-08 13:15:00
298,0,26538.018033499873,7084,0.19426,5.1552753831874725,7085,0.19454,5.162706028237065,-2.887336362044974,-0.0005600741274580823,0,1,298,1.0,-0.056007412745808234,-288.7336362044974,2025-03-08 13:21:00,2025-03-08 13:22:00
299,0,26413.77533128138,7181,0.19507,5.1525351538721225,7182,0.19505,5.152006878366433,-10.83281753886406,-0.0021024247705949653,0,1,299,1.0,-0.21024247705949653,-1083.281753886406,2025-03-08 14:58:00,2025-03-08 14:59:00
300,0,26415.23736634768,7183,0.19467,5.142254258106732,7186,0.19462,5.140933496238585,-11.603949622663503,-0.0022565880721221753,0,1,300,3.0,-0.22565880721221754,-1160.3949622663504,2025-03-08 15:00:00,2025-03-08 15:03:00
301,0,26372.213181398856,7187,0.19457,5.131241518703973,7193,0.19474,5.135724794945613,-5.783690072811819,-0.0011271521817339313,0,1,301,6.0,-0.11271521817339313,-578.3690072811819,2025-03-08 15:04:00,2025-03-08 15:10:00
302,0,26350.773710426467,7194,0.19452,5.125752502151954,7198,0.19503,5.139191396744474,3.173950693421892,0.0006192165330045181,0,1,302,4.0,0.061921653300451816,317.3950693421892,2025-03-08 15:11:00,2025-03-08 15:15:00
303,0,26439.65740318584,7251,0.19398,5.128764743069041,7263,0.19195,5.075092238541522,-63.876361510078034,-0.01245453139498903,0,1,303,12.0,-1.245453139498903,-6387.636151007803,2025-03-08 16:08:00,2025-03-08 16:20:00
304,0,26238.05560963413,7363,0.19316,5.068142821556648,7365,0.19348,5.076538999352012,-1.7485040258251292,-0.00034499896458876634,0,1,304,2.0,-0.03449989645887663,-174.8504025825129,2025-03-08 18:00:00,2025-03-08 18:02:00
305,0,26190.144234436804,7366,0.19345,5.0664834021508796,7367,0.19332,5.063078683401322,-13.534280836029716,-0.0026713362626001173,0,1,305,1.0,-0.26713362626001175,-1353.4280836029716,2025-03-08 18:03:00,2025-03-08 18:04:00
306,0,26102.157326995726,7368,0.19361,5.05363868007953,7373,0.19351,5.051028464346943,-12.714882877126925,-0.0025159857445381404,0,1,306,5.0,-0.25159857445381406,-1271.4882877126925,2025-03-08 18:05:00,2025-03-08 18:10:00
307,0,26078.893070649883,7374,0.19332,5.041571608417144,7379,0.19316,5.037398985526731,-14.25159348524782,-0.0028268156424579166,0,1,307,5.0,-0.28268156424579166,-1425.159348524782,2025-03-08 18:11:00,2025-03-08 18:16:00
308,0,26017.00362255703,7383,0.19326,5.0280461200945865,7387,0.19328,5.028566460167823,-9.53627250781112,-0.0018966159577769022,0,1,308,4.0,-0.18966159577769023,-953.627250781112,2025-03-08 18:20:00,2025-03-08 18:24:00
309,0,25951.373896698165,7391,0.1934,5.018995711620846,7394,0.19362,5.024705013878698,-4.3343984682260235,-0.0008635987590485036,0,1,309,3.0,-0.08635987590485035,-433.43984682260236,2025-03-08 18:28:00,2025-03-08 18:31:00
310,0,25918.04303396346,7395,0.19349,5.014882146640957,7398,0.19329,5.009698538034797,-15.208189291468159,-0.003032611504470332,0,1,310,3.0,-0.3032611504470332,-1520.818929146816,2025-03-08 18:32:00,2025-03-08 18:35:00
311,0,26011.48980524956,7623,0.19224,5.000448800160484,7625,0.19199,4.993945927709863,-16.49726717918256,-0.003299157303370613,0,1,311,2.0,-0.3299157303370613,-1649.726717918256,2025-03-08 22:20:00,2025-03-08 22:22:00
312,0,25955.69931313733,7629,0.19205,4.9847920530874035,7635,0.19318,5.0141219933118695,19.33102617744519,0.0038780005206977145,0,1,312,6.0,0.3878000520697715,1933.102617744519,2025-03-08 22:26:00,2025-03-08 22:32:00
313,0,25888.120572430187,7640,0.19326,5.003138181827126,7642,0.1933,5.004173706650755,-8.97178706558082,-0.0017932319155540587,0,1,313,2.0,-0.17932319155540588,-897.178706558082,2025-03-08 22:37:00,2025-03-08 22:39:00
314,0,26065.25153323549,7699,0.19162,4.994623498798319,7700,0.19173,4.99749067646724,-7.124936506609519,-0.0014265212399539953,0,1,314,1.0,-0.14265212399539953,-712.4936506609519,2025-03-08 23:36:00,2025-03-08 23:37:00
315,0,26042.194805226645,7725,0.19153,4.987861571044959,7727,0.19184,4.99593465143468,-1.9107158328592666,-0.0003830731478097,0,1,315,2.0,-0.03830731478097,-191.07158328592666,2025-03-09 00:02:00,2025-03-09 00:04:00
316,0,26008.284410675078,7834,0.19171,4.986048204369581,7846,0.19177,4.9876087014351596,-8.413159841163829,-0.001687340253507633,0,1,316,12.0,-0.1687340253507633,-841.3159841163829,2025-03-09 01:51:00,2025-03-09 02:03:00
317,0,26008.692199784455,7849,0.1914,4.9780636870382295,7851,0.19159,4.983005338556705,-5.019417507634881,-0.0010083072100310424,0,1,317,2.0,-0.10083072100310424,-501.9417507634881,2025-03-09 02:06:00,2025-03-09 02:08:00
318,0,25996.027411475825,7852,0.19131,4.973300004088742,7861,0.19176,4.9849982164246045,1.7399141146511523,0.00034985102712896014,0,1,318,9.0,0.03498510271289602,173.99141146511522,2025-03-09 02:09:00,2025-03-09 02:18:00
319,0,25963.943798503304,7862,0.19161,4.974951271230566,7867,0.19128,4.966383169777712,-18.509435894514013,-0.003720526068576594,0,1,319,5.0,-0.3720526068576594,-1850.9435894514013,2025-03-09 02:19:00,2025-03-09 02:24:00
320,0,25919.611385177926,7868,0.19126,4.9573848735290085,7872,0.19157,4.965419953058535,-1.887725297183187,-0.0003807905468996454,0,1,320,4.0,-0.03807905468996454,-188.7725297183187,2025-03-09 02:25:00,2025-03-09 02:29:00
321,0,25889.93953317116,7873,0.19141,4.955593326043527,7874,0.19136,4.954298829067633,-11.204389131769751,-0.0022609581526564534,0,1,321,1.0,-0.22609581526564534,-1120.4389131769751,2025-03-09 02:30:00,2025-03-09 02:31:00
322,0,25919.69698031895,7883,0.19078,4.944959789904715,7905,0.18989,4.9218912595927655,-32.93538136198214,-0.0066603941712968335,0,1,322,22.0,-0.6660394171296834,-3293.5381361982136,2025-03-09 02:40:00,2025-03-09 03:02:00
323,0,25920.25338907161,7906,0.18957,4.913702434965671,7916,0.19005,4.92614415659306,2.6018750351960387,0.000529514163633696,0,1,323,10.0,0.0529514163633696,260.18750351960387,2025-03-09 03:03:00,2025-03-09 03:13:00
324,0,25833.797934512717,7918,0.1903,4.916171746936925,7919,0.19036,4.917721774813841,-8.283865645679768,-0.0016850236468731383,0,1,324,1.0,-0.16850236468731383,-828.3865645679768,2025-03-09 03:15:00,2025-03-09 03:16:00
325,0,25743.784414061298,7920,0.19066,4.908309936384285,7924,0.19036,4.900586801060709,-17.532032061662758,-0.0035719081086748703,0,1,325,4.0,-0.35719081086748705,-1753.2032061662758,2025-03-09 03:17:00,2025-03-09 03:21:00
326,0,25684.805170480515,7929,0.19045,4.891671144717293,7930,0.19045,4.891671144718014,-9.783342289435307,-0.0019999999999998526,0,1,326,1.0,-0.19999999999998525,-978.3342289435307,2025-03-09 03:26:00,2025-03-09 03:27:00
327,0,25559.555305378155,7934,0.19102,4.882386254433186,7936,0.19095,4.880597085561959,-11.55215221137135,-0.0023660873206993185,0,1,327,2.0,-0.23660873206993185,-1155.215221137135,2025-03-09 03:31:00,2025-03-09 03:33:00
328,0,25447.540476485156,7941,0.19143,4.871422673412781,7948,0.19095,4.859207853984841,-21.945449956109584,-0.004504936530324056,0,1,328,7.0,-0.45049365303240557,-2194.5449956109583,2025-03-09 03:38:00,2025-03-09 03:45:00
329,0,25418.410749386134,7961,0.19083,4.850595323305242,8007,0.19054,4.843223984188033,-17.065158424815625,-0.0035181575224021906,0,1,329,46.0,-0.35181575224021905,-1706.5158424815625,2025-03-09 03:58:00,2025-03-09 04:44:00
330,0,25466.99477694032,8085,0.18983,4.834399618505813,8086,0.18973,4.831852919028887,-12.212952015228137,-0.0025262603381970526,0,1,330,1.0,-0.2526260338197053,-1221.2952015228136,2025-03-09 06:02:00,2025-03-09 06:03:00
331,0,25440.7812671088,8089,0.18957,4.8228089048052425,8111,0.1898,4.828660284497251,-3.800089497866698,-0.0007879411299253426,0,1,331,22.0,-0.07879411299253426,-380.0089497866698,2025-03-09 06:06:00,2025-03-09 06:28:00
332,0,25362.88840724901,8112,0.19001,4.819202426260745,8113,0.18999,4.818695168493239,-10.145155362899775,-0.0021051523604021195,0,1,332,1.0,-0.21051523604021194,-1014.5155362899775,2025-03-09 06:29:00,2025-03-09 06:30:00
333,0,25543.439146720255,8314,0.18829,4.809574156935014,8318,0.18841,4.812639369633563,-6.557000828962974,-0.0013633225343884193,0,1,333,4.0,-0.13633225343884192,-655.7000828962974,2025-03-09 09:51:00,2025-03-09 09:55:00
334,0,25509.03467379873,8319,0.1883,4.803351229075815,8357,0.18624,4.750802617648276,-62.10276527474974,-0.012929049389272392,0,1,334,38.0,-1.2929049389272391,-6210.2765274749745,2025-03-09 09:56:00,2025-03-09 10:34:00
335,0,25555.682955850316,8413,0.18565,4.744412540752819,8414,0.18576,4.747223665878756,-6.680511081487658,-0.001408079719902796,0,1,335,1.0,-0.1408079719902796,-668.0511081487657,2025-03-09 11:30:00,2025-03-09 11:31:00
336,0,25573.878098837264,8418,0.18527,4.738072395371091,8441,0.18534,4.739862566838498,-7.687763495290826,-0.001622550871700625,0,1,336,23.0,-0.1622550871700625,-768.7763495290826,2025-03-09 11:35:00,2025-03-09 11:58:00
337,0,25537.25406817973,8442,0.18525,4.730776316129777,8449,0.18487,4.721072159584387,-19.156005021621773,-0.004049230769230514,0,1,337,7.0,-0.40492307692305146,-1915.6005021621772,2025-03-09 11:59:00,2025-03-09 12:06:00
338,0,25564.697251733207,8450,0.18434,4.712596291384216,8451,0.1844,4.714130173219604,-7.892844629500035,-0.001674839969621336,0,1,338,1.0,-0.1674839969621336,-789.2844629500036,2025-03-09 12:07:00,2025-03-09 12:08:00
339,0,25543.461344724,8452,0.1842,4.705105579697374,8460,0.18437,4.7094479681267645,-5.072165119221094,-0.0010780130293158014,0,1,339,8.0,-0.10780130293158013,-507.2165119221094,2025-03-09 12:09:00,2025-03-09 12:17:00
340,0,25426.224367510662,8461,0.18486,4.70029183657789,8462,0.18469,4.695969378435544,-13.718719357489968,-0.0029186952288217244,0,1,340,1.0,-0.29186952288217244,-1371.8719357489967,2025-03-09 12:18:00,2025-03-09 12:19:00
341,0,25387.38056086244,8463,0.18463,4.6872720729516,8483,0.18487,4.693365044286639,-3.2876657826305573,-0.0007014028056109817,0,1,341,20.0,-0.07014028056109817,-328.76657826305575,2025-03-09 12:20:00,2025-03-09 12:40:00
342,0,25338.915452887933,8484,0.18486,4.68415191062013,8485,0.18466,4.6790841275302855,-14.43101912872832,-0.0030808179162608654,0,1,342,1.0,-0.3080817916260865,-1443.101912872832,2025-03-09 12:41:00,2025-03-09 12:42:00
343,0,25336.097093528108,8488,0.18434,4.670456138220288,8489,0.18432,4.669949416279101,-9.847127496370026,-0.0021083866767927528,0,1,343,1.0,-0.21083866767927528,-984.7127496370026,2025-03-09 12:45:00,2025-03-09 12:46:00
344,0,25259.365482713463,8490,0.18453,4.661110712524533,8492,0.18417,4.652017340951338,-18.406499627253275,-0.003948951390017877,0,1,344,2.0,-0.39489513900178774,-1840.6499627253274,2025-03-09 12:47:00,2025-03-09 12:49:00
345,0,25271.521124273004,8493,0.18375,4.6436420065847415,8497,0.18418,4.654508760668602,1.5686033161842836,0.0003377959183674887,0,1,345,4.0,0.03377959183674887,156.86033161842835,2025-03-09 12:50:00,2025-03-09 12:54:00
346,0,25238.417229291357,8498,0.18405,4.645130691050326,8506,0.18485,4.665321424834507,10.880281667547901,0.0023422982885086432,0,1,346,8.0,0.23422982885086432,1088.0281667547902,2025-03-09 12:55:00,2025-03-09 13:03:00
347,0,25249.249553604524,8511,0.18438,4.655456632693131,8513,0.18444,4.656971587666818,-7.797473247144013,-0.0016749105109013702,0,1,347,2.0,-0.167491051090137,-779.7473247144013,2025-03-09 13:08:00,2025-03-09 13:10:00
348,0,25209.113967394514,8515,0.18438,4.648056433307829,8531,0.18444,4.6495689801462445,-7.785078575410256,-0.001674910510901288,0,1,348,16.0,-0.1674910510901288,-778.5078575410256,2025-03-09 13:12:00,2025-03-09 13:28:00
349,0,25151.30885641847,8532,0.18451,4.640667997096898,8539,0.18241,4.587850248499293,-62.04626684407593,-0.013370115440897529,0,1,349,7.0,-1.3370115440897528,-6204.626684407593,2025-03-09 13:29:00,2025-03-09 13:36:00
350,0,25225.91492960597,8587,0.18163,4.581782928663415,8588,0.18139,4.575728709081227,-15.211731220850448,-0.003320046247866423,0,1,350,1.0,-0.3320046247866423,-1521.1731220850447,2025-03-09 14:24:00,2025-03-09 14:25:00
351,0,25224.201804343495,8594,0.18107,4.567346220712352,8598,0.18138,4.575165723271824,-1.3230093846373743,-0.0002896669796210442,0,1,351,4.0,-0.028966697962104423,-132.30093846373742,2025-03-09 14:31:00,2025-03-09 14:35:00
352,0,25260.51459061951,8605,0.18076,4.566090617399823,8634,0.18043,4.557754647585479,-17.459815079889577,-0.0038237995131664712,0,1,352,29.0,-0.38237995131664715,-1745.9815079889577,2025-03-09 14:42:00,2025-03-09 15:11:00
353,0,25235.857351500777,8640,0.18028,4.549520363328156,8669,0.17649,4.453876463966372,-104.64729618948229,-0.023001830485910677,0,1,353,29.0,-2.3001830485910677,-10464.72961894823,2025-03-09 15:17:00,2025-03-09 15:46:00
354,0,25903.403652877278,8969,0.1718,4.450204747563475,8970,0.17185,4.45149991774696,-7.606534482667203,-0.0017092549476134568,0,1,354,1.0,-0.17092549476134566,-760.6534482667203,2025-03-09 20:46:00,2025-03-09 20:47:00
355,0,25849.346979256177,8976,0.17188,4.442985758793839,8977,0.17198,4.445570693492478,-6.30362175436057,-0.001418780544565787,0,1,355,1.0,-0.1418780544565787,-630.362175436057,2025-03-09 20:53:00,2025-03-09 20:54:00
356,0,25826.561703062383,8978,0.1718,4.437003300585275,8981,0.17173,4.435195441266903,-10.68005806106709,-0.002407043073341027,0,1,356,3.0,-0.2407043073341027,-1068.005806106709,2025-03-09 20:55:00,2025-03-09 20:58:00
357,0,25836.742041247482,8982,0.17134,4.42686738134671,8996,0.17028,4.399480434783621,-36.21329437985296,-0.0081803431773082,0,1,357,14.0,-0.81803431773082,-3621.329437985296,2025-03-09 20:59:00,2025-03-09 21:13:00
358,0,25897.642355685875,8999,0.16961,4.392499119947388,9008,0.16875,4.370227147521992,-31.034698693359832,-0.007065385295678344,0,1,358,9.0,-0.7065385295678345,-3103.4698693359833,2025-03-09 21:16:00,2025-03-09 21:25:00
359,0,25836.71232130893,9015,0.16887,4.363045609698929,9017,0.16946,4.378289269969011,6.502325389904561,0.0014903179960918385,0,1,359,2.0,0.14903179960918383,650.2325389904561,2025-03-09 21:32:00,2025-03-09 21:34:00
360,0,25804.492368189018,9025,0.16932,4.369216647781286,9026,0.16955,4.375151681026448,-2.809335084123898,-0.0006429836995037056,0,1,360,1.0,-0.06429836995037055,-280.9335084123898,2025-03-09 21:42:00,2025-03-09 21:43:00
361,0,25764.39960853184,9027,0.16948,4.366550445653047,9028,0.16944,4.365519869669635,-9.762646299663112,-0.002235780033041841,0,1,361,1.0,-0.22357800330418412,-976.2646299663112,2025-03-09 21:44:00,2025-03-09 21:45:00
362,0,25690.02533410784,9029,0.16961,4.3572851969174735,9032,0.16947,4.353688593371255,-12.30757733706417,-0.0028245976062731657,0,1,362,3.0,-0.2824597606273166,-1230.757733706417,2025-03-09 21:46:00,2025-03-09 21:49:00
363,0,25814.45098589624,9034,0.16834,4.345604678965174,9035,0.1684,4.347153546024927,-7.143891165836138,-0.0016439348936673963,0,1,363,1.0,-0.16439348936673961,-714.3891165836137,2025-03-09 21:51:00,2025-03-09 21:52:00
364,0,25708.507212626173,9036,0.16877,4.338824762274271,9055,0.16783,4.314658765495051,-32.81948030763802,-0.007564140546305494,0,1,364,19.0,-0.7564140546305494,-3281.948030763802,2025-03-09 21:53:00,2025-03-09 22:12:00
365,0,25605.881253888117,9061,0.16823,4.307677403340676,9087,0.16834,4.310494050279526,-5.801524515692658,-0.0013467871366579674,0,1,365,26.0,-0.13467871366579673,-580.1524515692658,2025-03-09 22:18:00,2025-03-09 22:44:00
366,0,25536.721439983594,9088,0.16847,4.302171460993122,9090,0.1682,4.2952765462052405,-15.492362795994449,-0.003601056567934851,0,1,366,2.0,-0.3601056567934851,-1549.236279599445,2025-03-09 22:45:00,2025-03-09 22:47:00
367,0,25551.063285932392,9091,0.1678,4.2874684193793655,9099,0.16766,4.283891270519425,-12.148508549929112,-0.0028334922526816932,0,1,367,8.0,-0.2833492252681693,-1214.850854992911,2025-03-09 22:48:00,2025-03-09 22:56:00
368,0,25727.670672747245,9108,0.1662,4.275938865810531,9181,0.16797,4.321476842901355,36.940561382051094,0.00863916967509035,0,1,368,73.0,0.863916967509035,3694.056138205109,2025-03-09 23:05:00,2025-03-10 00:18:00
369,0,25725.010983701533,9185,0.16758,4.3109973406481,9195,0.1659,4.267779322196084,-51.7967951154638,-0.012015037593985064,0,1,369,10.0,-1.2015037593985063,-5179.67951154638,2025-03-10 00:22:00,2025-03-10 00:32:00
370,0,24958.06712981128,9268,0.17076,4.261839543086353,9284,0.17179,4.2875463522302795,17.157423248389236,0.004025825720309317,0,1,370,16.0,0.4025825720309317,1715.7423248389237,2025-03-10 01:45:00,2025-03-10 02:01:00
371,0,24917.71688452284,9285,0.17169,4.278122811902904,9314,0.17227,4.29257508769675,5.881577893422983,0.001374803424777264,0,1,371,29.0,0.13748034247772642,588.1577893422983,2025-03-10 02:02:00,2025-03-10 02:31:00
372,0,24744.135449314905,9317,0.17312,4.283704728984958,9329,0.17286,4.277271253768575,-14.994451199575067,-0.0035003465804064725,0,1,372,12.0,-0.35003465804064726,-1499.4451199575067,2025-03-10 02:34:00,2025-03-10 02:46:00
373,0,24693.31538949648,9330,0.1729,4.269474230843116,9332,0.17277,4.2662640998433075,-11.745869331321071,-0.0027511278195487036,0,1,373,2.0,-0.2751127819548704,-1174.586933132107,2025-03-10 02:47:00,2025-03-10 02:49:00
374,0,24776.440346818075,9347,0.17187,4.258326802407282,9362,0.17103,4.237514592516296,-29.308051286250834,-0.006882527491708787,0,1,374,15.0,-0.6882527491708786,-2930.8051286250834,2025-03-10 03:04:00,2025-03-10 03:19:00
375,0,24748.519764359266,9367,0.17094,4.23051196851884,9370,0.1708,4.227047175752563,-11.922351911281698,-0.0028181818181816443,0,1,375,3.0,-0.2818181818181644,-1192.2351911281698,2025-03-10 03:24:00,2025-03-10 03:27:00
376,0,24673.666953937136,9371,0.171,4.219197049123068,9372,0.171,4.219197049123251,-8.438394098246318,-0.0019999999999999567,0,1,376,1.0,-0.19999999999999568,-843.8394098246318,2025-03-10 03:28:00,2025-03-10 03:29:00
377,0,24605.250266992956,9373,0.17115,4.211188583195508,9374,0.17128,4.214387265730553,-5.226893314217564,-0.001241191936897518,0,1,377,1.0,-0.12411919368975179,-522.6893314217565,2025-03-10 03:30:00,2025-03-10 03:31:00
378,0,24351.461790860874,9406,0.17273,4.206227995135123,9407,0.17287,4.209637199786119,-5.00666054420093,-0.0011902969953105848,0,1,378,1.0,-0.11902969953105848,-500.66605442009296,2025-03-10 04:03:00,2025-03-10 04:04:00
379,0,24242.550454066983,9411,0.17331,4.201476419193568,9412,0.17331,4.201476419194349,-8.402952838387918,-0.0019999999999998144,0,1,379,1.0,-0.19999999999998144,-840.2952838387919,2025-03-10 04:08:00,2025-03-10 04:09:00
380,0,24174.217956005337,9414,0.17347,4.19350158882753,9415,0.17339,4.1915676513917655,-10.319006676700141,-0.0024607136680693358,0,1,380,1.0,-0.2460713668069336,-1031.9006676700142,2025-03-10 04:11:00,2025-03-10 04:12:00
381,0,24056.743866071305,9421,0.17391,4.18370832574783,9424,0.17385,4.182264921116496,-9.809377878829093,-0.0023446610315680182,0,1,381,3.0,-0.23446610315680183,-980.9377878829092,2025-03-10 04:18:00,2025-03-10 04:21:00
382,0,24071.034058141846,9428,0.17342,4.174398726362597,9429,0.17347,4.175602278065866,-7.146449301521328,-0.0017119709376080222,0,1,382,1.0,-0.17119709376080222,-714.6449301521328,2025-03-10 04:25:00,2025-03-10 04:26:00
383,0,24026.382923273413,9431,0.17346,4.167616381870175,9432,0.17341,4.166415062724843,-9.535350590758787,-0.0022879626426840164,0,1,383,1.0,-0.22879626426840163,-953.5350590758787,2025-03-10 04:28:00,2025-03-10 04:29:00
384,0,24003.271851909456,9433,0.17325,4.158566848343071,9436,0.17333,4.160487110091466,-6.3987922102812576,-0.0015387012987011148,0,1,384,3.0,-0.15387012987011148,-639.8792210281258,2025-03-10 04:30:00,2025-03-10 04:33:00
385,0,23928.166811820705,9500,0.17354,4.152494068523083,9501,0.17373,4.157040420217611,-3.763182794494326,-0.0009062463985246632,0,1,385,1.0,-0.09062463985246633,-376.31827944943257,2025-03-10 05:37:00,2025-03-10 05:38:00
386,0,23886.9400444516,9503,0.17369,4.148922616320306,9504,0.17345,4.143189750710129,-14.024977977699685,-0.003380390350624766,0,1,386,1.0,-0.33803903506247657,-1402.4977977699684,2025-03-10 05:40:00,2025-03-10 05:41:00
387,0,23865.26745721417,9506,0.17329,4.135612197660521,9507,0.17344,4.139191987779226,-4.695014066857324,-0.0011352645853770118,0,1,387,1.0,-0.11352645853770119,-469.5014066857324,2025-03-10 05:43:00,2025-03-10 05:44:00
388,0,23843.682270025885,9511,0.17326,4.131156390104479,9520,0.17366,4.140693863012695,1.2656226548932121,0.00030636038323912033,0,1,388,9.0,0.030636038323912033,126.56226548932122,2025-03-10 05:48:00,2025-03-10 05:57:00
389,0,23835.482093132905,9523,0.17337,4.132357530485933,9524,0.1735,4.135456143158559,-5.169201001537227,-0.0012509084616714472,0,1,389,1.0,-0.12509084616714472,-516.9201001537227,2025-03-10 06:00:00,2025-03-10 06:01:00
390,0,23752.38358387585,9525,0.17377,4.127451695369928,9539,0.17292,4.107262169323811,-28.424239910988952,-0.006886631754618309,0,1,390,14.0,-0.6886631754618309,-2842.4239910988954,2025-03-10 06:02:00,2025-03-10 06:16:00
391,0,23790.18126889378,9546,0.17236,4.100475643505888,9560,0.17248,4.103330465258798,-5.34898435649807,-0.0013044789974472016,0,1,391,14.0,-0.13044789974472015,-534.898435649807,2025-03-10 06:23:00,2025-03-10 06:37:00
392,0,23786.950019321244,9562,0.17217,4.095399184825965,9566,0.17216,4.0951613153263455,-8.428430000344884,-0.0020580240460007495,0,1,392,4.0,-0.20580240460007496,-842.8430000344883,2025-03-10 06:39:00,2025-03-10 06:43:00
393,0,23402.03924960323,9587,0.17466,4.0874001753354605,9599,0.17299,4.048318769788863,-47.217124491961556,-0.011551872208862836,0,1,393,12.0,-1.1551872208862837,-4721.712449196156,2025-03-10 07:04:00,2025-03-10 07:16:00
394,0,23337.88660965909,9600,0.17322,4.042588718524712,9621,0.17339,4.046556159248789,-4.121704154131871,-0.001019570488396254,0,1,394,21.0,-0.1019570488396254,-412.17041541318713,2025-03-10 07:17:00,2025-03-10 07:38:00
395,0,23349.00278248229,9631,0.17297,4.038677011285472,9632,0.17303,4.04007795145291,-6.677814795790179,-0.001653465918945542,0,1,395,1.0,-0.1653465918945542,-667.781479579018,2025-03-10 07:48:00,2025-03-10 07:49:00
396,0,23358.277384095643,9648,0.17263,4.0323394248162,9658,0.17358,4.054529788331322,14.10349430174351,0.003497596014597794,0,1,396,10.0,0.34975960145977936,1410.349430174351,2025-03-10 08:05:00,2025-03-10 08:15:00
397,0,23353.292308176144,9659,0.17324,4.04572435946784,9668,0.17284,4.036383042545165,-17.423424325283374,-0.0043066266451164325,0,1,397,9.0,-0.43066266451164326,-1742.3424325283374,2025-03-10 08:16:00,2025-03-10 08:25:00
398,0,23321.11270519654,9672,0.17277,4.029188642076406,9681,0.17077,3.9825464166664135,-54.65396046913599,-0.013564507727035865,0,1,398,9.0,-1.3564507727035866,-5465.396046913599,2025-03-10 08:29:00,2025-03-10 08:38:00
399,0,23207.604440565872,9688,0.17138,3.9773192490238216,9689,0.17132,3.9759267927577455,-9.345702308215804,-0.002349749095577062,0,1,399,1.0,-0.23497490955770617,-934.5702308215804,2025-03-10 08:45:00,2025-03-10 08:46:00
400,0,23132.90411762763,9690,0.17155,3.9684497013786313,9691,0.17127,3.9619724882260843,-14.407635342540463,-0.003630545030603227,0,1,400,1.0,-0.3630545030603227,-1440.7635342540464,2025-03-10 08:47:00,2025-03-10 08:48:00
401,0,23111.127404064995,9692,0.17112,3.95477612138302,9702,0.17087,3.948998339532586,-13.68155631193185,-0.0034595021037866678,0,1,401,10.0,-0.3459502103786668,-1368.155631193185,2025-03-10 08:49:00,2025-03-10 08:59:00
402,0,23011.042775138754,9703,0.1713,3.941791627381008,9710,0.17179,3.9530670383410866,3.3805522940955965,0.0008576182136602355,0,1,402,7.0,0.08576182136602356,338.0552294095597,2025-03-10 09:00:00,2025-03-10 09:07:00
403,0,22893.45371253654,9717,0.17232,3.9449999437438237,9721,0.17798,4.074576891757253,121.55737117745593,0.030813022284122735,0,1,403,4.0,3.0813022284122735,12155.737117745593,2025-03-10 09:14:00,2025-03-10 09:18:00
404,0,23466.243323264174,9798,0.17303,4.060364082224169,9822,0.17407,4.084768975280595,16.25975999869054,0.0040045078888056055,0,1,404,24.0,0.40045078888056057,1625.975999869054,2025-03-10 10:35:00,2025-03-10 10:59:00
405,0,23338.26971416914,9823,0.17464,4.075795422882038,9838,0.17391,4.058758485991156,-25.17149080021617,-0.006175847457626884,0,1,405,15.0,-0.6175847457626884,-2517.149080021617,2025-03-10 11:00:00,2025-03-10 11:15:00
406,0,23280.12867365427,9839,0.17405,4.0519063956489845,9842,0.17439,4.059821639398568,-0.19648428600553292,-4.8491812697473785e-05,0,1,406,3.0,-0.004849181269747378,-19.64842860055329,2025-03-10 11:16:00,2025-03-10 11:19:00
407,0,23199.083435736728,9843,0.17465,4.051719922050779,9847,0.17514,4.063087472934931,3.2527434885251205,0.0008028056112225619,0,1,407,4.0,0.08028056112225619,325.27434885251205,2025-03-10 11:20:00,2025-03-10 11:24:00
408,0,23113.532128747782,9868,0.17543,4.05480694134576,9916,0.17493,4.043250175281849,-19.654823181001795,-0.0048472895171863,0,1,408,48.0,-0.48472895171863,-1965.4823181001796,2025-03-10 11:45:00,2025-03-10 12:33:00
409,0,23069.00727453627,9918,0.17496,4.0361535127522075,9947,0.17582,4.055992859008967,11.747199884340006,0.002910493827160654,0,1,409,29.0,0.2910493827160654,1174.7199884340007,2025-03-10 12:35:00,2025-03-10 13:04:00
410,0,23044.48103371741,9948,0.17563,4.0473022039514035,9962,0.17385,4.006283027711772,-49.07276147167998,-0.012124807834652253,0,1,410,14.0,-1.2124807834652254,-4907.276147167998,2025-03-10 13:05:00,2025-03-10 13:19:00
411,0,22943.91038082549,9968,0.17437,4.000729653103917,9969,0.17419,3.9965997492359926,-12.127233270888263,-0.0030312553764980364,0,1,411,1.0,-0.30312553764980366,-1212.7233270888264,2025-03-10 13:25:00,2025-03-10 13:26:00
412,0,22914.700964210704,9971,0.17409,3.989220290859066,9994,0.17201,3.941557712853883,-55.59335600927127,-0.013935895226606848,0,1,412,23.0,-1.393589522660685,-5559.3356009271265,2025-03-10 13:28:00,2025-03-10 13:51:00
413,0,22973.209008333328,10003,0.17135,3.9364593635773417,10006,0.16884,3.878796608966999,-65.47801058346097,-0.016633732127224826,0,1,413,3.0,-1.6633732127224827,-6547.801058346097,2025-03-10 14:00:00,2025-03-10 14:03:00
414,0,22855.98133143598,10007,0.16951,3.874317395491289,10008,0.16845,3.850090055280391,-31.95174766209405,-0.00824706506990733,0,1,414,1.0,-0.824706506990733,-3195.174766209405,2025-03-10 14:04:00,2025-03-10 14:05:00
415,0,22699.85566935849,10011,0.16934,3.843993559048613,10012,0.16891,3.834232621111343,-17.439164117983612,-0.004536730837368335,0,1,415,1.0,-0.4536730837368335,-1743.9164117983612,2025-03-10 14:08:00,2025-03-10 14:09:00
416,0,22662.341783363954,10013,0.16889,3.8274429037919617,10015,0.16854,3.8195110841681608,-15.578773612138056,-0.0040702824323524634,0,1,416,2.0,-0.40702824323524633,-1557.8773612138057,2025-03-10 14:10:00,2025-03-10 14:12:00
417,0,22628.392509411176,10016,0.16849,3.812657853910423,10021,0.16582,3.752240045910561,-67.98270589994891,-0.01783079114487502,0,1,417,5.0,-1.783079114487502,-6798.270589994891,2025-03-10 14:13:00,2025-03-10 14:18:00
418,0,22534.352205599054,10023,0.16633,3.7481388023570616,10025,0.16613,3.7436319319161706,-11.998641175393331,-0.0032012264774845343,0,1,418,2.0,-0.32012264774845345,-1199.8641175393332,2025-03-10 14:20:00,2025-03-10 14:22:00
419,0,22398.558296244453,10026,0.16683,3.7367514805619066,10054,0.1651,3.698001974709959,-46.18425930777513,-0.012359467721632747,0,1,419,28.0,-1.2359467721632746,-4618.425930777513,2025-03-10 14:23:00,2025-03-10 14:51:00
420,0,22968.778862017683,10199,0.16078,3.6929202654346227,10220,0.15941,3.6614530383942387,-38.82160034479351,-0.010512439358129077,0,1,420,21.0,-1.0512439358129078,-3882.160034479351,2025-03-10 17:16:00,2025-03-10 17:37:00
421,0,22914.92691184143,10221,0.15955,3.6560765887838897,10231,0.15778,3.6155171681503413,-47.831014390893465,-0.013082607333124273,0,1,421,10.0,-1.3082607333124272,-4783.101439089346,2025-03-10 17:38:00,2025-03-10 17:48:00
422,0,22839.411216285363,10232,0.15809,3.610682519182319,10235,0.15751,3.597435660677108,-20.454976685304715,-0.005665127459042191,0,1,422,3.0,-0.5665127459042191,-2045.4976685304714,2025-03-10 17:49:00,2025-03-10 17:52:00
423,0,22748.272022211626,10236,0.15787,3.5912697041462707,10239,0.1576,3.585127670700552,-13.318430820844462,-0.0037085576740356605,0,1,423,3.0,-0.3708557674035661,-1331.8430820844462,2025-03-10 17:53:00,2025-03-10 17:56:00
424,0,22653.85728135822,10240,0.15797,3.5786298347356933,10242,0.158,3.579309450454599,-6.478323566749491,-0.0018102804329934614,0,1,424,2.0,-0.18102804329934613,-647.8323566749491,2025-03-10 17:57:00,2025-03-10 17:59:00
425,0,22526.52484776389,10244,0.15859,3.5724815756066164,10250,0.15821,3.5639214961647245,-15.69648251392205,-0.004393719654454932,0,1,425,6.0,-0.4393719654454932,-1569.6482513922049,2025-03-10 18:01:00,2025-03-10 18:07:00
426,0,22418.456197493706,10253,0.15869,3.5575848139797017,10260,0.15887,3.5616201360958253,-3.0838828345263205,-0.0008668473123697729,0,1,426,7.0,-0.08668473123697729,-308.38828345263204,2025-03-10 18:10:00,2025-03-10 18:17:00
427,0,22418.37822937315,10262,0.15856,3.554658052049035,10263,0.15875,3.5589175439129876,-2.8540837323810893,-0.0008029137235114901,0,1,427,1.0,-0.08029137235114901,-285.40837323810894,2025-03-10 18:19:00,2025-03-10 18:20:00
428,0,22480.69228591468,10266,0.158,3.5519493811739267,10267,0.15817,3.5557710988631253,-3.2860027914315206,-0.0009251265822783041,0,1,428,1.0,-0.0925126582278304,-328.6002791431521,2025-03-10 18:23:00,2025-03-10 18:24:00
429,0,22475.179209035636,10271,0.1579,3.5488307971063477,10280,0.1573,3.535345689581306,-20.56928401210908,-0.0057960734642177655,0,1,429,9.0,-0.5796073464217766,-2056.928401210908,2025-03-10 18:28:00,2025-03-10 18:37:00
430,0,22442.5123909051,10289,0.15726,3.529309498593193,10296,0.15472,3.4723055171208372,-64.00559648861338,-0.01813544448683704,0,1,430,7.0,-1.813544448683704,-6400.559648861337,2025-03-10 18:46:00,2025-03-10 18:53:00
431,0,22637.80790041539,10312,0.15322,3.4685649265011307,10313,0.1534,3.472639731923721,-2.866399236349992,-0.0008263934212242089,0,1,431,1.0,-0.08263934212242088,-286.6399236349992,2025-03-10 19:09:00,2025-03-10 19:10:00
432,0,22422.491865083968,10315,0.15457,3.4658445675854637,10602,0.15408,3.454857546572138,-17.90772312804914,-0.005166914666494094,0,1,432,287.0,-0.5166914666494095,-1790.7723128049138,2025-03-10 19:12:00,2025-03-10 23:59:00
433,0,22283.706312308674,10603,0.15477,3.448849225955655,10623,0.15437,3.43993574343109,-15.802267494309728,-0.00458189571622383,0,1,433,20.0,-0.458189571622383,-1580.2267494309729,2025-03-11 00:00:00,2025-03-11 00:20:00
434,0,22822.358560370736,10632,0.15046,3.433852068993019,10638,0.14786,3.3745139367364168,-66.14649826269384,-0.019263059949488272,0,1,434,6.0,-1.9263059949488273,-6614.649826269384,2025-03-11 00:29:00,2025-03-11 00:35:00
435,0,23172.090129507662,10659,0.14548,3.371075672040206,10700,0.14994,3.4744231940183785,96.50202311154558,0.028626477866373554,0,1,435,41.0,2.862647786637355,9650.202311154559,2025-03-11 00:56:00,2025-03-11 01:37:00
436,0,22310.96010734615,10833,0.1552,3.4626610086597793,10983,0.16004,3.5706460555796777,100.95173985531586,0.029154381443299057,0,1,436,150.0,2.915438144329906,10095.173985531586,2025-03-11 03:50:00,2025-03-11 06:20:00
437,0,22036.594954038606,11255,0.16148,3.5584693531777702,11260,0.16172,3.5637581359671238,-1.8334447001758925,-0.0005152340847163399,0,1,437,5.0,-0.05152340847163399,-183.34447001758923,2025-03-11 10:52:00,2025-03-11 10:57:00
438,0,22020.36478916184,11264,0.16152,3.556729320745035,11266,0.16173,3.5613535973511445,-2.4938063123717895,-0.0007011515601780844,0,1,438,2.0,-0.07011515601780843,-249.38063123717896,2025-03-11 11:01:00,2025-03-11 11:03:00
439,0,22015.252842972524,11267,0.16145,3.554362571497677,11292,0.16132,3.5515005886283277,-9.967846029712886,-0.002804397646330194,0,1,439,25.0,-0.2804397646330194,-996.7846029712886,2025-03-11 11:04:00,2025-03-11 11:29:00
440,0,21895.630498847575,11296,0.1619,3.5449025777629686,11298,0.16165,3.53942867013871,-12.558238872613634,-0.0035426189005557883,0,1,440,2.0,-0.35426189005557884,-1255.8238872613633,2025-03-11 11:33:00,2025-03-11 11:35:00
441,0,21881.48252968512,11301,0.16146,3.5329841692423543,11303,0.16172,3.5386733547006775,-1.3824720662246368,-0.000391304347825841,0,1,441,2.0,-0.0391304347825841,-138.2472066224637,2025-03-11 11:38:00,2025-03-11 11:40:00
442,0,21795.063767072774,11304,0.16204,3.5316721328158565,11306,0.1622,3.5351593430192043,-3.579621273103003,-0.001013576894593636,0,1,442,2.0,-0.10135768945936359,-357.9621273103003,2025-03-11 11:41:00,2025-03-11 11:43:00
443,0,21688.436746065843,11307,0.16268,3.528274889849399,11331,0.16105,3.492922737953904,-42.37334952389074,-0.012009650848290988,0,1,443,24.0,-1.2009650848290987,-4237.334952389074,2025-03-11 11:44:00,2025-03-11 12:08:00
444,0,20746.210802770922,11800,0.16813,3.4880604222694274,11801,0.16813,3.4880604222698754,-6.976120844539302,-0.0019999999999998717,0,1,444,1.0,-0.19999999999998716,-697.6120844539303,2025-03-11 19:57:00,2025-03-11 19:58:00
445,0,20678.5443582898,11802,0.16836,3.481439728161149,11820,0.16803,3.4746158085234358,-13.77997517492015,-0.003958125445473814,0,1,445,18.0,-0.3958125445473814,-1377.997517492015,2025-03-11 19:59:00,2025-03-11 20:17:00
446,0,20664.69154935662,11821,0.16784,3.468361829643527,11822,0.16767,3.4648488320806248,-10.446208225114551,-0.003011856530028393,0,1,446,1.0,-0.3011856530028393,-1044.6208225114551,2025-03-11 20:18:00,2025-03-11 20:19:00
447,0,20646.21721577211,11823,0.16751,3.45844784581368,11853,0.16746,3.4574155349531974,-7.948174241555462,-0.0022981911527669044,0,1,447,30.0,-0.22981911527669044,-794.8174241555462,2025-03-11 20:20:00,2025-03-11 20:50:00
448,0,20641.850840452298,11854,0.16718,3.4509046235066307,11870,0.16717,3.4506982049984107,-7.108021336909154,-0.002059755951668688,0,1,448,16.0,-0.20597559516686878,-710.8021336909154,2025-03-11 20:51:00,2025-03-11 21:07:00
449,0,20607.663190995914,11871,0.16713,3.4441587491105565,11882,0.16726,3.4468377453259764,-4.2120002796074205,-0.0012229402261711758,0,1,449,11.0,-0.12229402261711758,-421.20002796074203,2025-03-11 21:08:00,2025-03-11 21:19:00
450,0,20587.440731588173,11889,0.1671,3.4401613462478053,11890,0.16686,3.4352203604728024,-11.816367482301947,-0.003434829443446921,0,1,450,1.0,-0.3434829443446921,-1181.6367482301948,2025-03-11 21:26:00,2025-03-11 21:27:00
451,0,20553.53960004178,11897,0.16683,3.42894701147452,11925,0.16695,3.4314134362269746,-4.393935695696981,-0.00128142420427982,0,1,451,28.0,-0.128142420427982,-439.39356956969806,2025-03-11 21:34:00,2025-03-11 22:02:00
452,0,20497.827044726477,11926,0.16708,3.424776942632434,11938,0.16736,3.4305163342054237,-1.115901704314512,-0.000325831936796628,0,1,452,12.0,-0.0325831936796628,-111.59017043145121,2025-03-11 22:03:00,2025-03-11 22:15:00
453,0,20478.006430177476,11941,0.16719,3.423717895061145,11978,0.16737,3.4274039362188042,-3.1650806738483035,-0.0009244572043782735,0,1,453,37.0,-0.09244572043782735,-316.5080673848303,2025-03-11 22:18:00,2025-03-11 22:55:00
454,0,20453.922938555574,11979,0.16724,3.4207140722437543,11980,0.16742,3.424395778372974,-3.1634037216764512,-0.000924778761061785,0,1,454,1.0,-0.0924778761061785,-316.3403721676451,2025-03-11 22:56:00,2025-03-11 22:57:00
455,0,20449.421653441907,11982,0.16713,3.417711840939319,11999,0.16541,3.3825388356958257,-41.97325592055536,-0.012281098546041919,0,1,455,17.0,-1.228109854604192,-4197.325592055536,2025-03-11 22:59:00,2025-03-11 23:16:00
456,0,20362.1501149773,12143,0.16589,3.3778770825733773,12198,0.16364,3.3320622448148858,-52.52477708608682,-0.015549641328591065,0,1,456,55.0,-1.5549641328591066,-5252.477708608682,2025-03-12 01:40:00,2025-03-12 02:35:00
457,0,19829.758642860896,12738,0.16783,3.3280283930307633,12739,0.16784,3.3282266906177727,-6.457957497220538,-0.0019404754811416403,0,1,457,1.0,-0.19404754811416403,-645.7957497220538,2025-03-12 11:35:00,2025-03-12 11:36:00
458,0,19748.525428569505,12740,0.16821,3.3218994623393883,12748,0.16759,3.3096553765739634,-18.875640604626305,-0.005682182985553644,0,1,458,8.0,-0.5682182985553644,-1887.5640604626306,2025-03-12 11:37:00,2025-03-12 11:45:00
459,0,19499.442384973507,12769,0.16944,3.303985517709407,12770,0.1691,3.2973557072990203,-13.231151635899396,-0.0040046033994332675,0,1,459,1.0,-0.40046033994332675,-1323.1151635899396,2025-03-12 12:06:00,2025-03-12 12:07:00
460,0,19517.48387507604,12771,0.16864,3.2914284806925025,12786,0.1692,3.302358271662866,4.336004217686808,0.001317362428842479,0,1,460,15.0,0.1317362428842479,433.6004217686808,2025-03-12 12:08:00,2025-03-12 12:23:00
461,0,19572.060634343197,12788,0.16838,3.295543569610345,12879,0.16631,3.2550294040976175,-47.064738486798085,-0.014281327948687294,0,1,461,91.0,-1.4281327948687295,-4706.473848679809,2025-03-12 12:25:00,2025-03-12 13:56:00
462,0,19438.392339649472,13101,0.16724,3.250876734882695,13119,0.16543,3.2156932447482123,-41.65006011439654,-0.012811946902654806,0,1,462,18.0,-1.2811946902654807,-4165.006011439654,2025-03-12 17:38:00,2025-03-12 17:56:00
463,0,19361.80336309767,13122,0.16586,3.211348705803175,13125,0.16597,3.2134785041733207,-4.295028840035496,-0.0013374532738452682,0,1,463,3.0,-0.13374532738452682,-429.5028840035496,2025-03-12 17:59:00,2025-03-12 18:02:00
464,0,19280.267535957577,13128,0.16635,3.207272504606408,13130,0.16622,3.204766069826869,-8.918473354107514,-0.002780703336338925,0,1,464,2.0,-0.2780703336338925,-891.8473354107514,2025-03-12 18:05:00,2025-03-12 18:07:00
465,0,19240.95289627514,13131,0.16625,3.1988084190052177,13148,0.16762,3.2251685244736388,19.936128524417718,0.006232360902255688,0,1,465,17.0,0.6232360902255688,1993.6128524417718,2025-03-12 18:08:00,2025-03-12 18:25:00
466,0,19257.458978408296,13154,0.16709,3.2177288207017227,13155,0.16727,3.221195163318356,-2.972581367906372,-0.0009238135136750372,0,1,466,1.0,-0.09238135136750372,-297.2581367906372,2025-03-12 18:31:00,2025-03-12 18:32:00
467,0,19069.385429348713,13167,0.16859,3.2149076895334474,13168,0.16858,3.214716995679606,-6.620318539506439,-0.002059256183640613,0,1,467,1.0,-0.20592561836406129,-662.0318539506438,2025-03-12 18:44:00,2025-03-12 18:45:00
468,0,19015.198944772794,13172,0.16874,3.208624669940491,13174,0.16831,3.200448134394709,-14.58560835058778,-0.004545750859310122,0,1,468,2.0,-0.45457508593101215,-1458.560835058778,2025-03-12 18:49:00,2025-03-12 18:51:00
469,0,19000.72668308166,13180,0.16814,3.1947821844928512,13181,0.1681,3.194022155426027,-7.148833407242436,-0.0022376590936124007,0,1,469,1.0,-0.22376590936124008,-714.8833407242436,2025-03-12 18:57:00,2025-03-12 18:58:00
470,0,18976.176055735716,13183,0.168,3.1879975773631486,13184,0.16799,3.1878078156030427,-6.565567153523949,-0.0020594642857142695,0,1,470,1.0,-0.20594642857142695,-656.5567153523949,2025-03-12 19:00:00,2025-03-12 19:01:00
471,0,18901.95758109363,13185,0.16833,3.1817665196249436,13186,0.16824,3.1800653434431925,-8.063008045366377,-0.002534129388700536,0,1,471,1.0,-0.2534129388700536,-806.3008045366378,2025-03-12 19:02:00,2025-03-12 19:03:00
472,0,18829.651267650414,13199,0.16857,3.174114314187591,13235,0.16926,3.1871067735625087,6.631238286928575,0.002089161772557435,0,1,472,36.0,0.20891617725574352,663.1238286928575,2025-03-12 19:16:00,2025-03-12 19:52:00
473,0,18755.72151428568,13236,0.16957,3.1804076971770883,13237,0.16957,3.180407697177423,-6.360815394354511,-0.0019999999999998947,0,1,473,1.0,-0.19999999999998946,-636.0815394354512,2025-03-12 19:53:00,2025-03-12 19:54:00
474,0,18700.270746925908,13238,0.16975,3.1743709592901723,13239,0.16952,3.1700698970188803,-10.645503128101996,-0.0033535787923415165,0,1,474,1.0,-0.33535787923415167,-1064.5503128101996,2025-03-12 19:55:00,2025-03-12 19:56:00
475,0,18705.768706809075,13242,0.16916,3.164267834443308,13243,0.1692,3.1650160651920953,-5.581053151363495,-0.0017637739418302008,0,1,475,1.0,-0.1763773941830201,-558.1053151363495,2025-03-12 19:59:00,2025-03-12 20:00:00
476,0,18618.32457507997,13296,0.16967,3.158971130653299,13297,0.16972,3.1599020468825727,-5.387956948781332,-0.0017056049979368366,0,1,476,1.0,-0.17056049979368365,-538.7956948781332,2025-03-12 20:53:00,2025-03-12 20:54:00
477,0,18467.371384226088,13303,0.17078,3.153857684998002,13333,0.17135,3.16438408668714,4.2081599173240205,0.0013342897294766533,0,1,477,30.0,0.13342897294766534,420.81599173240204,2025-03-12 21:00:00,2025-03-12 21:30:00
478,0,18460.490138906964,13335,0.17106,3.157851443161235,13372,0.17043,3.1462213343739136,-17.934181565046437,-0.0056792353560153426,0,1,478,37.0,-0.5679235356015343,-1793.4181565046438,2025-03-12 21:32:00,2025-03-12 22:09:00
479,0,18307.478381479752,13386,0.17156,3.140830991126222,13387,0.17162,3.141929439829555,-5.184311728066705,-0.0016506178596407092,0,1,479,1.0,-0.16506178596407092,-518.4311728066705,2025-03-12 22:23:00,2025-03-12 22:24:00
480,0,18317.236069865467,13395,0.1712,3.135910815160514,13396,0.17145,3.1404901241784344,-1.6970919218723637,-0.000541179906541842,0,1,480,1.0,-0.0541179906541842,-169.70919218723637,2025-03-12 22:32:00,2025-03-12 22:33:00
481,0,18270.476178734407,13435,0.17155,3.134300188461566,13437,0.17171,3.137223464650485,-3.348247464514695,-0.001068259982512332,0,1,481,2.0,-0.10682599825123319,-334.8247464514695,2025-03-12 23:12:00,2025-03-12 23:14:00
482,0,18249.825325103644,13438,0.17157,3.1311225310278132,13439,0.17139,3.127837562469513,-9.543928652016593,-0.0030480853296032022,0,1,482,1.0,-0.30480853296032023,-954.3928652016593,2025-03-12 23:15:00,2025-03-12 23:16:00
483,0,18152.59524671877,13444,0.17199,3.122064856482666,13445,0.17194,3.121157226720826,-7.150851845539037,-0.002290423861852149,0,1,483,1.0,-0.22904238618521489,-715.0851845539037,2025-03-12 23:21:00,2025-03-12 23:22:00
484,0,18153.244762849656,13446,0.17161,3.115278333752485,13458,0.17153,3.1138260741716013,-7.6813639889526435,-0.0024657071266244637,0,1,484,12.0,-0.24657071266244637,-768.1363988952644,2025-03-12 23:23:00,2025-03-12 23:35:00
485,0,18080.211331988998,13466,0.1719,3.107988327968542,13467,0.17192,3.1083499321955483,-5.854734033524661,-0.0018837696335078482,0,1,485,1.0,-0.18837696335078483,-585.4734033524661,2025-03-12 23:43:00,2025-03-12 23:44:00
486,0,18047.887650249864,13484,0.1719,3.102431887077728,13521,0.17208,3.105680506854997,-2.9594926168873195,-0.00095392670157047,0,1,486,37.0,-0.095392670157047,-295.94926168873195,2025-03-13 00:01:00,2025-03-13 00:38:00
487,0,17974.03988287147,13523,0.17245,3.0996231778008223,13533,0.17179,3.0877603114784904,-18.05024981197434,-0.005823369092490414,0,1,487,10.0,-0.5823369092490414,-1805.024981197434,2025-03-13 00:40:00,2025-03-13 00:50:00
488,0,17958.01090059146,13534,0.17165,3.082492571086277,13535,0.17161,3.0817742506505006,-6.88258725776031,-0.002232799300902879,0,1,488,1.0,-0.2232799300902879,-688.258725776031,2025-03-13 00:51:00,2025-03-13 00:52:00
489,0,17904.311089159608,13538,0.1718,3.0759606451174477,13539,0.17187,3.077213946893862,-4.899872815770577,-0.0015929569266589924,0,1,489,1.0,-0.15929569266589924,-489.9872815770577,2025-03-13 00:55:00,2025-03-13 00:56:00
490,0,17900.16561470792,13540,0.17158,3.0713104161714,13543,0.17165,3.0725634277646146,-4.890862250906573,-0.0015924350157360762,0,1,490,3.0,-0.15924350157360762,-489.0862250906573,2025-03-13 00:57:00,2025-03-13 01:00:00
491,0,17868.947317973925,13545,0.17162,3.0666687387101774,13591,0.17063,3.048978480865891,-23.805905064369973,-0.007762789884628574,0,1,491,46.0,-0.7762789884628575,-2380.590506436997,2025-03-13 01:02:00,2025-03-13 01:48:00
492,0,17793.28806357451,13593,0.17108,3.044075721916215,13595,0.17183,3.0574206879640085,7.2434696378006045,0.00237953004442368,0,1,492,2.0,0.237953004442368,724.3469637800605,2025-03-13 01:50:00,2025-03-13 01:52:00
493,0,17744.27209288417,13597,0.17194,3.0509501436499704,13606,0.17136,3.0406584658366316,-16.38328642335947,-0.005369896475514555,0,1,493,9.0,-0.5369896475514555,-1638.3286423359468,2025-03-13 01:54:00,2025-03-13 02:03:00
494,0,17683.667754860715,13607,0.17165,3.035401570121394,13609,0.17235,3.0477801375502445,6.295385720731037,0.00207398776580271,0,1,494,2.0,0.207398776580271,629.5385720731038,2025-03-13 02:04:00,2025-03-13 02:06:00
495,0,17588.342655070228,13610,0.17292,3.041376211914212,13622,0.17194,3.024139636112775,-23.30209164999567,-0.007661693268563277,0,1,495,12.0,-0.7661693268563278,-2330.209164999567,2025-03-13 02:07:00,2025-03-13 02:19:00
496,0,17565.078478791336,13623,0.17189,3.0192613397189234,13624,0.17168,3.0155726732388968,-9.72350049350391,-0.003220489848158504,0,1,496,1.0,-0.32204898481585037,-972.3500493503909,2025-03-13 02:20:00,2025-03-13 02:21:00
497,0,17558.380927188853,13634,0.17143,3.0100332423476175,13643,0.1714,3.0095064909201694,-6.546291161083512,-0.002174823543137038,0,1,497,9.0,-0.21748235431370383,-654.6291161083512,2025-03-13 02:31:00,2025-03-13 02:40:00
498,0,17522.140106800416,13647,0.17143,3.00382047850826,13648,0.17159,3.006624020925883,-3.2069020823465872,-0.0010676077699352422,0,1,498,1.0,-0.10676077699352422,-320.6902082346587,2025-03-13 02:44:00,2025-03-13 02:45:00
499,0,17507.45020445759,13656,0.1714,3.0007769650437695,13664,0.17104,2.994474282970426,-12.297933321619151,-0.004098249708284702,0,1,499,8.0,-0.4098249708284702,-1229.793332161915,2025-03-13 02:53:00,2025-03-13 03:01:00
500,0,17553.03071086842,13670,0.17029,2.989105599753657,13673,0.17079,2.9978821151092174,2.7895276405713108,0.000933231546185952,0,1,500,3.0,0.0933231546185952,278.95276405713105,2025-03-13 03:07:00,2025-03-13 03:10:00
501,0,17513.042226824746,13675,0.17083,2.99175300360821,13678,0.17109,2.9963063945874455,-1.4346684192214343,-0.0004795410642158708,0,1,501,3.0,-0.04795410642158708,-143.46684192214343,2025-03-13 03:12:00,2025-03-13 03:15:00
502,0,17475.405739736067,13692,0.17112,2.990391430183081,13720,0.17062,2.9816537273137675,-14.70974802736522,-0.00491900420757356,0,1,502,28.0,-0.491900420757356,-1470.974802736522,2025-03-13 03:29:00,2025-03-13 03:57:00
503,0,17414.176982553035,13725,0.17092,2.9764311298577013,13726,0.17107,2.9790432564053475,-3.3433478388800353,-0.0011232740463373598,0,1,503,1.0,-0.11232740463373597,-334.3347838880035,2025-03-13 04:02:00,2025-03-13 04:03:00
504,0,17413.951753651563,13728,0.17074,2.973258122417974,13734,0.17109,2.979353005532246,0.14227198582777634,4.785053297426171e-05,0,1,504,6.0,0.0047850532974261705,14.227198582777634,2025-03-13 04:05:00,2025-03-13 04:11:00
505,0,17435.165625552017,13740,0.17054,2.9733931457813014,13770,0.16971,2.9589219583124327,-20.403502573302152,-0.006862026504045939,0,1,505,30.0,-0.6862026504045939,-2040.3502573302153,2025-03-13 04:17:00,2025-03-13 04:47:00
506,0,17413.517933862797,13771,0.16964,2.954029182300019,13772,0.1697,2.955073993376516,-4.864292099645297,-0.001646663522754089,0,1,506,1.0,-0.1646663522754089,-486.4292099645297,2025-03-13 04:48:00,2025-03-13 04:49:00
507,0,17417.105948192133,13776,0.16934,2.949412721266526,13777,0.16933,2.949238550207374,-6.0728223309554235,-0.002058993740403675,0,1,507,1.0,-0.20589937404036748,-607.2822330955423,2025-03-13 04:53:00,2025-03-13 04:54:00
508,0,17372.81222539096,13781,0.16944,2.9436493034700106,13783,0.16966,2.9474713221598305,-2.0691019360438387,-0.0007029036827194704,0,1,508,2.0,-0.07029036827194704,-206.91019360438386,2025-03-13 04:58:00,2025-03-13 05:00:00
509,0,17363.272460832013,13784,0.16942,2.9416856203138195,13790,0.16936,2.94064382396651,-6.9241257919296535,-0.0023537953016169646,0,1,509,6.0,-0.23537953016169647,-692.4125791929654,2025-03-13 05:01:00,2025-03-13 05:07:00
510,0,17344.960832998346,13791,0.16922,2.935114272159808,13801,0.16908,2.9326859776433603,-8.296094766423266,-0.0028264980498759547,0,1,510,10.0,-0.28264980498759545,-829.6094766423266,2025-03-13 05:08:00,2025-03-13 05:18:00
511,0,17231.22707527955,13807,0.16988,2.927240855548007,13813,0.16957,2.921899175155153,-11.19082042404006,-0.003822992700729844,0,1,511,6.0,-0.38229927007298437,-1119.082042404006,2025-03-13 05:24:00,2025-03-13 05:30:00
512,0,17266.281060883237,13814,0.16892,2.9166201968041605,13829,0.16841,2.907814393463346,-14.630237931317756,-0.005016161496566272,0,1,512,15.0,-0.5016161496566273,-1463.0237931317756,2025-03-13 05:31:00,2025-03-13 05:46:00
513,0,17315.290835187527,13832,0.16764,2.90273535561073,13885,0.16757,2.901523285252374,-7.016328999326838,-0.002417143879742477,0,1,513,53.0,-0.24171438797424769,-701.6328999326838,2025-03-13 05:49:00,2025-03-13 06:42:00
514,0,17170.07471343554,13895,0.16867,2.8960765019146493,13903,0.1682,2.888006566799858,-13.854018184028872,-0.004783719689333906,0,1,514,8.0,-0.47837196893339057,-1385.401818402887,2025-03-13 06:52:00,2025-03-13 07:00:00
515,0,17027.51363067421,13923,0.16931,2.882928332809115,13945,0.17004,2.8953584177598426,6.651798199823526,0.002307306124859949,0,1,515,22.0,0.2307306124859949,665.1798199823526,2025-03-13 07:20:00,2025-03-13 07:42:00
516,0,17007.541960230094,13949,0.16988,2.8892412282034456,13951,0.16996,2.8906018315607067,-4.419239702946106,-0.0015295502707793453,0,1,516,2.0,-0.15295502707793454,-441.92397029461057,2025-03-13 07:46:00,2025-03-13 07:48:00
517,0,16917.1287942402,13954,0.17054,2.8850471445693984,13970,0.16994,2.87489686729318,-15.910221288406454,-0.00551471795473183,0,1,517,16.0,-0.5514717954731829,-1591.0221288406453,2025-03-13 07:51:00,2025-03-13 08:07:00
518,0,16850.32605657792,13971,0.17032,2.8699475339558376,13976,0.17056,2.87399161220993,-1.6998608925873766,-0.0005922968529825499,0,1,518,5.0,-0.05922968529825499,-169.98608925873765,2025-03-13 08:08:00,2025-03-13 08:13:00
519,0,16841.842988450397,13977,0.17031,2.8683342793624433,13990,0.16845,2.8370084514044693,-37.03117068928441,-0.01291033996829284,0,1,519,13.0,-1.2910339968292839,-3703.117068928441,2025-03-13 08:14:00,2025-03-13 08:27:00
520,0,16743.631060078325,14000,0.16921,2.8331898116757657,14005,0.16882,2.826659795562423,-12.189865720668708,-0.004302523491519373,0,1,520,5.0,-0.4302523491519373,-1218.9865720668708,2025-03-13 08:37:00,2025-03-13 08:42:00
521,0,16699.93494344726,14006,0.16896,2.8216210080445308,14015,0.16997,2.838487942337731,11.206825342499716,0.003971768465909291,0,1,521,9.0,0.3971768465909291,1120.6825342499717,2025-03-13 08:43:00,2025-03-13 08:52:00
522,0,16668.178297269285,14016,0.16992,2.8322568562716697,14017,0.16978,2.829923311310379,-7.995725129199512,-0.002823093220338784,0,1,522,1.0,-0.28230932203387843,-799.5725129199511,2025-03-13 08:53:00,2025-03-13 08:54:00
523,0,16538.840129690143,14023,0.17079,2.824668505749287,14032,0.17009,2.813091317658996,-17.21494791419152,-0.0060945020200244655,0,1,523,9.0,-0.6094502020024466,-1721.4947914191519,2025-03-13 09:00:00,2025-03-13 09:09:00
524,0,16342.706256366113,14072,0.17184,2.808330643093541,14089,0.17173,2.8065329454057526,-7.412561276699808,-0.002639490223463627,0,1,524,17.0,-0.2639490223463627,-741.2561276699809,2025-03-13 09:49:00,2025-03-13 10:06:00
525,0,16338.849488360473,14090,0.17145,2.801295744779054,14091,0.17143,2.8009689677896357,-5.929041702335731,-0.0021165354330706814,0,1,525,1.0,-0.21165354330706815,-592.904170233573,2025-03-13 10:07:00,2025-03-13 10:08:00
526,0,16313.641723317025,14092,0.17137,2.7956687821247215,14096,0.1716,2.799420919721202,-1.8429521054825688,-0.0006592168991069963,0,1,526,4.0,-0.06592168991069963,-184.29521054825688,2025-03-13 10:09:00,2025-03-13 10:13:00
527,0,16287.27834137854,14098,0.17154,2.7939197266796327,14105,0.17139,2.791476634928868,-8.028488112815294,-0.0028735571878277582,0,1,527,7.0,-0.2873557187827758,-802.8488112815294,2025-03-13 10:15:00,2025-03-13 10:22:00
528,0,16273.217395264353,14106,0.17122,2.78630028241696,14141,0.1712,2.785974818069257,-5.897739448391598,-0.0021166919752364987,0,1,528,35.0,-0.21166919752364988,-589.7739448391599,2025-03-13 10:23:00,2025-03-13 10:58:00
529,0,16205.507472442516,14143,0.17159,2.7807030271960684,14153,0.17123,2.7748690445063318,-11.389554761782065,-0.004095926336033574,0,1,529,10.0,-0.4095926336033574,-1138.9554761782065,2025-03-13 11:00:00,2025-03-13 11:10:00
530,0,16203.89469662147,14154,0.17094,2.7698937594400377,14194,0.16992,2.75336578684992,-22.051232136844284,-0.007961038961038957,0,1,530,40.0,-0.7961038961038956,-2205.1232136844283,2025-03-13 11:11:00,2025-03-13 11:51:00
531,0,16184.668923481067,14206,0.16985,2.7489660166529575,14259,0.16814,2.721290232794107,-33.14604010859955,-0.012057639093317472,0,1,531,53.0,-1.2057639093317472,-3314.604010859955,2025-03-13 12:03:00,2025-03-13 12:56:00
532,0,16198.788363322079,14408,0.16776,2.7175087358305063,14412,0.16768,2.716212832761846,-6.729624637658196,-0.0024763948497852867,0,1,532,4.0,-0.24763948497852867,-672.9624637658196,2025-03-13 15:25:00,2025-03-13 15:29:00
533,0,16197.406973245228,14415,0.16738,2.711121979181371,14416,0.16719,2.7080444718568697,-8.496673775954736,-0.0031340064523836084,0,1,533,1.0,-0.31340064523836086,-849.6673775954737,2025-03-13 15:32:00,2025-03-13 15:33:00
534,0,16206.35651340572,14417,0.16679,2.7030582028705794,14471,0.16494,2.67307644332114,-35.35789419599196,-0.013080700281791214,0,1,534,54.0,-1.3080700281791213,-3535.789419599196,2025-03-13 15:34:00,2025-03-13 16:28:00
535,0,16200.399076512867,14586,0.16478,2.6695017598276536,14623,0.16481,2.669987771800086,-4.853477559332466,-0.0018181211312052344,0,1,535,37.0,-0.18181211312052345,-485.3477559332466,2025-03-13 18:23:00,2025-03-13 19:00:00
536,0,16149.9034139986,14624,0.16501,2.664895562343645,14625,0.16508,2.666026055582889,-4.200428378946227,-0.0015762075025753505,0,1,536,1.0,-0.15762075025753505,-420.04283789462266,2025-03-13 19:01:00,2025-03-13 19:02:00
537,0,16151.193576961756,14626,0.16475,2.6609091418040407,14649,0.16293,2.6315139694943785,-34.68759542136927,-0.013035993930197283,0,1,537,23.0,-1.3035993930197283,-3468.7595421369265,2025-03-13 19:03:00,2025-03-13 19:26:00
538,0,16180.20469430799,14729,0.16242,2.6279888464491705,14759,0.16249,2.6291214607781055,-4.124495978625827,-0.0015694495751753862,0,1,538,30.0,-0.15694495751753862,-412.4495978625827,2025-03-13 20:46:00,2025-03-13 21:16:00
539,0,16175.026133431744,14760,0.16223,2.6240744896263095,14797,0.16306,2.6374997613173807,8.163697439804869,0.003111076866177852,0,1,539,37.0,0.3111076866177852,816.3697439804869,2025-03-13 21:17:00,2025-03-13 21:54:00
540,0,16043.783555411143,14808,0.16404,2.631822254429153,14810,0.16418,2.6340683841274015,-3.0197609407989305,-0.00114740307242115,0,1,540,2.0,-0.114740307242115,-301.9760940798931,2025-03-13 22:05:00,2025-03-13 22:07:00
541,0,16006.797049700874,14812,0.16424,2.628956347442454,14813,0.16407,2.6262351919444225,-7.976347037836083,-0.0030340355577202728,0,1,541,1.0,-0.30340355577202727,-797.6347037836083,2025-03-13 22:09:00,2025-03-13 22:10:00
542,0,15761.101417247795,14873,0.16632,2.621386387716484,14885,0.16546,2.60783184049782,-18.783765447047553,-0.007165584415584407,0,1,542,12.0,-0.7165584415584407,-1878.3765447047554,2025-03-13 23:10:00,2025-03-13 23:22:00
543,0,15720.079925687613,14886,0.16562,2.6035596372921646,14919,0.16513,2.595856798128796,-12.90225559900772,-0.0049556213017749986,0,1,543,33.0,-0.49556213017749984,-1290.225559900772,2025-03-13 23:23:00,2025-03-13 23:56:00
544,0,15708.745995218515,14923,0.16496,2.591314739370773,14953,0.16609,2.6090656223458426,12.550502612879992,0.004843295344325959,0,1,544,30.0,0.4843295344325959,1255.050261287999,2025-03-14 00:00:00,2025-03-14 00:30:00
545,0,15676.41699257537,14954,0.16606,2.6032258057866784,14957,0.16624,2.6060475608457296,-2.387518307969151,-0.0009171383837166989,0,1,545,3.0,-0.0917138383716699,-238.7518307969151,2025-03-14 00:31:00,2025-03-14 00:34:00
546,0,15662.772065946114,14958,0.16606,2.60095992927063,14960,0.16618,2.6028394619189252,-3.324266743276062,-0.0012780922558110214,0,1,546,2.0,-0.12780922558110214,-332.42667432760624,2025-03-14 00:35:00,2025-03-14 00:37:00
547,0,15572.503481377576,14963,0.16682,2.5978050307630838,14976,0.16732,2.605591282504096,2.58285542742166,0.0009942452943293616,0,1,547,13.0,0.09942452943293616,258.285542742166,2025-03-14 00:40:00,2025-03-14 00:53:00
548,0,15568.532464124437,14977,0.16702,2.60025629215761,14980,0.16697,2.5994778655348574,-5.978160780898555,-0.002299065980121915,0,1,548,3.0,-0.2299065980121915,-597.8160780898554,2025-03-14 00:54:00,2025-03-14 00:57:00
549,0,15622.487433738994,14987,0.16608,2.5945827129949066,14988,0.166,2.593332914000673,-6.437714621694756,-0.0024812138728322122,0,1,549,1.0,-0.24812138728322122,-643.7714621694756,2025-03-14 01:04:00,2025-03-14 01:05:00
550,0,15596.029365692193,14989,0.16597,2.5884729938238706,14990,0.16609,2.590344517347816,-3.307293987288844,-0.0012777007892993317,0,1,550,1.0,-0.12777007892993317,-330.7293987288844,2025-03-14 01:06:00,2025-03-14 01:07:00
551,0,15507.973146940836,14995,0.16671,2.585334203326056,14996,0.16662,2.583938485743282,-6.564990272294061,-0.002539319776857861,0,1,551,1.0,-0.2539319776857861,-656.4990272294061,2025-03-14 01:12:00,2025-03-14 01:13:00
552,0,15461.325418608452,14997,0.16681,2.579103693077741,14998,0.16659,2.575702201485982,-8.556297486658039,-0.0033175469096577413,0,1,552,1.0,-0.33175469096577415,-855.6297486658038,2025-03-14 01:14:00,2025-03-14 01:15:00
553,0,15440.413974103663,15000,0.16651,2.5709833308278576,15007,0.1666,2.5723729680856704,-3.7537190412439085,-0.0014600324304844872,0,1,553,7.0,-0.14600324304844872,-375.3719041243909,2025-03-14 01:17:00,2025-03-14 01:24:00
554,0,15406.06576783341,15008,0.16665,2.5674208602090403,15012,0.16692,2.571580497966753,-0.9793636008602711,-0.0003814581458142314,0,1,554,4.0,-0.03814581458142314,-97.93636008602711,2025-03-14 01:25:00,2025-03-14 01:29:00
555,0,15281.282490351745,15025,0.16795,2.5664913942541716,15026,0.16799,2.56710264555419,-4.522342740194166,-0.0017620720452513566,0,1,555,1.0,-0.17620720452513566,-452.23427401941655,2025-03-14 01:42:00,2025-03-14 01:43:00
556,0,15066.443964395274,15434,0.17006,2.5621994605849068,15443,0.16929,2.550598298732476,-16.71395961190141,-0.006523285899094247,0,1,556,9.0,-0.6523285899094247,-1671.395961190141,2025-03-14 08:31:00,2025-03-14 08:40:00
557,0,15042.16127925913,15444,0.16928,2.546337061352915,15445,0.1694,2.5481421207064963,-3.2894198285485694,-0.0012918241965974252,0,1,557,1.0,-0.12918241965974253,-328.9419828548569,2025-03-14 08:41:00,2025-03-14 08:42:00
558,0,15057.52062962034,15691,0.1689,2.5432152343423695,15692,0.16919,2.5475819153254653,-0.7241161670778657,-0.0002847246891649599,0,1,558,1.0,-0.028472468916495988,-72.41161670778658,2025-03-14 12:48:00,2025-03-14 12:49:00
559,0,14996.626231020919,15695,0.16954,2.542528011207196,15696,0.16953,2.542378044944976,-5.2348723184626715,-0.0020589241476938382,0,1,559,1.0,-0.20589241476938383,-523.4872318462672,2025-03-14 12:52:00,2025-03-14 12:53:00
560,0,14928.578954378687,15745,0.16998,2.5375598506648203,15750,0.17059,2.5466662838274603,4.022207027678735,0.0015850688316274414,0,1,560,5.0,0.15850688316274414,402.2207027678735,2025-03-14 13:42:00,2025-03-14 13:47:00
561,0,14913.309841336699,15751,0.17041,2.5413771300618464,15771,0.17022,2.538543601192333,-7.913449601108215,-0.0031138430843259276,0,1,561,20.0,-0.31138430843259274,-791.3449601108215,2025-03-14 13:48:00,2025-03-14 14:08:00
562,0,14812.737420834728,15773,0.17106,2.5338668632075496,15775,0.17082,2.5303118062269885,-8.619235650434772,-0.0034016134689580477,0,1,562,2.0,-0.3401613468958048,-861.9235650434772,2025-03-14 14:10:00,2025-03-14 14:12:00
563,0,14780.470326743032,15777,0.17088,2.5256867694333778,15783,0.17024,2.5162272684247338,-14.501415046973795,-0.005741573033707735,0,1,563,6.0,-0.5741573033707735,-1450.1415046973796,2025-03-14 14:14:00,2025-03-14 14:20:00
564,0,14711.984231702805,15787,0.17074,2.511924187720524,15788,0.17058,2.5095702702438647,-7.375411935036562,-0.0029361602436450344,0,1,564,1.0,-0.29361602436450346,-737.5411935036561,2025-03-14 14:24:00,2025-03-14 14:25:00
565,0,14704.576143377451,15789,0.17035,2.5049245460240854,15791,0.1703,2.50418931721718,-5.744342670410089,-0.0022932198415026635,0,1,565,2.0,-0.22932198415026636,-574.4342670410089,2025-03-14 14:26:00,2025-03-14 14:28:00
566,0,14660.524794189236,15793,0.17049,2.4994728721608226,15794,0.17043,2.4985932406736717,-5.8776976004857895,-0.0023515748724263117,0,1,566,1.0,-0.23515748724263116,-587.769760048579,2025-03-14 14:30:00,2025-03-14 14:31:00
567,0,14613.234722110317,15795,0.17066,2.493894637675112,15798,0.17084,2.4965250199253264,-2.3600374076209905,-0.0009463260283605526,0,1,567,3.0,-0.09463260283605526,-236.00374076209906,2025-03-14 14:32:00,2025-03-14 14:35:00
568,0,14558.310499175277,15799,0.17115,2.491654841933723,15810,0.17118,2.492091591248824,-4.546997118207289,-0.001824890446976286,0,1,568,11.0,-0.1824890446976286,-454.69971182072885,2025-03-14 14:36:00,2025-03-14 14:47:00
569,0,14468.847129332105,15815,0.17191,2.4873395100030393,15816,0.17191,2.487339510003482,-4.974679020006521,-0.001999999999999822,0,1,569,1.0,-0.1999999999999822,-497.4679020006521,2025-03-14 14:52:00,2025-03-14 14:53:00
570,0,14392.82443131962,15825,0.17249,2.482618286157958,15874,0.17425,2.5079496571574436,20.340803055807154,0.008193286567337393,0,1,570,49.0,0.8193286567337393,2034.0803055807153,2025-03-14 15:02:00,2025-03-14 15:51:00
571,0,14387.134816577878,15875,0.1739,2.50192274460278,15897,0.17267,2.484226568778502,-22.68232513777233,-0.009065957446808569,0,1,571,22.0,-0.9065957446808569,-2268.232513777233,2025-03-14 15:52:00,2025-03-14 16:14:00
572,0,14341.694492074059,15898,0.17295,2.4803960624039973,15904,0.17368,2.4908654993834225,5.498175417426731,0.002216652211621977,0,1,572,6.0,0.2216652211621977,549.8175417426731,2025-03-14 16:15:00,2025-03-14 16:21:00
573,0,14332.914952151807,15905,0.17342,2.4856141110017234,15906,0.1733,2.4838941612079086,-6.689458066467532,-0.0026912697497402088,0,1,573,1.0,-0.2691269749740209,-668.9458066467532,2025-03-14 16:22:00,2025-03-14 16:23:00
574,0,14353.415587770212,15909,0.17273,2.4792654744751417,15912,0.17253,2.4763947913579947,-7.826343383387245,-0.0031567185781275764,0,1,574,3.0,-0.31567185781275764,-782.6343383387245,2025-03-14 16:26:00,2025-03-14 16:29:00
575,0,14331.156515885588,15913,0.17248,2.471837875859819,15915,0.17224,2.4683983982961335,-8.379713837968442,-0.0033900742115027106,0,1,575,2.0,-0.33900742115027105,-837.9713837968442,2025-03-14 16:30:00,2025-03-14 16:32:00
576,0,14339.920268241454,15969,0.17182,2.463885100488824,15970,0.17186,2.4644586972999765,-4.354746987059132,-0.001767431032475671,0,1,576,1.0,-0.17674310324756712,-435.47469870591317,2025-03-14 17:26:00,2025-03-14 17:27:00
577,0,14454.676051761775,16135,0.17017,2.4597522237281737,16136,0.17016,2.4596076769677837,-5.063906661213144,-0.0020587059998822435,0,1,577,1.0,-0.20587059998822435,-506.3906661213144,2025-03-14 20:12:00,2025-03-14 20:13:00
578,0,14497.143724492571,16146,0.16934,2.4549463183052467,16148,0.16977,2.4611800901071037,1.3176453931195793,0.0005367308373687906,0,1,578,2.0,0.05367308373687907,131.76453931195792,2025-03-14 20:23:00,2025-03-14 20:25:00
579,0,14129.065985483345,16706,0.17384,2.4561968309162694,16708,0.17373,2.454642633658022,-6.465036722977128,-0.002632132995858063,0,1,579,2.0,-0.2632132995858063,-646.5036722977128,2025-03-15 05:43:00,2025-03-15 05:45:00
580,0,14203.253227123678,16798,0.1725,2.450061181678393,16802,0.17267,2.4524757347274453,-2.4879838677946418,-0.001015478260869315,0,1,580,4.0,-0.10154782608693151,-248.79838677946418,2025-03-15 07:15:00,2025-03-15 07:19:00
581,0,14214.28547170662,16804,0.1722,2.447699958227531,16819,0.17178,2.441729958329763,-10.859429814674133,-0.00443658536585354,0,1,581,15.0,-0.443658536585354,-1085.9429814674133,2025-03-15 07:21:00,2025-03-15 07:36:00
582,0,14200.616441715867,16854,0.17164,2.437393806055752,16857,0.17183,2.4400919231800375,-2.1793686053094947,-0.0008941388953621241,0,1,582,3.0,-0.08941388953621242,-217.93686053094947,2025-03-15 08:11:00,2025-03-15 08:14:00
583,0,14196.837321982688,16858,0.17154,2.435325474212732,16861,0.17155,2.4354674425861305,-4.72882454357871,-0.0019417628541445993,0,1,583,3.0,-0.19417628541445994,-472.88245435787104,2025-03-15 08:15:00,2025-03-15 08:18:00
584,0,14164.894696066262,16863,0.17161,2.430837578791852,16864,0.17177,2.433103961943302,-2.597558389364635,-0.0010685857467513564,0,1,584,1.0,-0.10685857467513564,-259.7558389364635,2025-03-15 08:20:00,2025-03-15 08:21:00
585,0,13670.958529174628,17185,0.17763,2.4283723635371643,17186,0.17762,2.4282356539519974,-4.993317602781172,-0.002056240499915612,0,1,585,1.0,-0.2056240499915612,-499.3317602781172,2025-03-15 13:42:00,2025-03-15 13:43:00
586,0,13684.339962325434,17188,0.17711,2.423633450727266,17199,0.17715,2.424180824325951,-4.300440676559894,-0.0017743775055048486,0,1,586,11.0,-0.17743775055048486,-430.04406765598947,2025-03-15 13:45:00,2025-03-15 13:56:00
587,0,13684.475501510273,17203,0.17681,2.4195521134215596,17252,0.17594,2.4076466197357176,-16.732692419470826,-0.006915615632599611,0,1,587,49.0,-0.6915615632599611,-1673.2692419470827,2025-03-15 14:00:00,2025-03-15 14:49:00
588,0,13681.324695777532,17258,0.17569,2.4036719358009577,17259,0.17562,2.40271424307245,-5.764078907577796,-0.0023980306221184056,0,1,588,1.0,-0.23980306221184056,-576.4078907577796,2025-03-15 14:55:00,2025-03-15 14:56:00
589,0,13660.295803392082,17262,0.17556,2.398201531243103,17263,0.1755,2.3973819134953103,-5.615201192942068,-0.0023414217361584612,0,1,589,1.0,-0.23414217361584613,-561.5201192942069,2025-03-15 14:59:00,2025-03-15 15:00:00
590,0,13522.10905980018,17270,0.17696,2.3928724192219306,17273,0.17639,2.3851648170581536,-12.485639400366523,-0.005217845840868004,0,1,590,3.0,-0.5217845840868004,-1248.5639400366522,2025-03-15 15:07:00,2025-03-15 15:10:00
591,0,13502.454980718012,17280,0.17634,2.381022911299624,17281,0.17623,2.3795376412519356,-6.245830600430217,-0.0026231711466483043,0,1,591,1.0,-0.26231711466483043,-624.5830600430218,2025-03-15 15:17:00,2025-03-15 15:18:00
592,0,13490.260705673432,17348,0.17606,2.375095299840723,17350,0.17617,2.3765792285184886,-3.2677458507350763,-0.0013758377825740388,0,1,592,2.0,-0.13758377825740387,-326.77458507350764,2025-03-15 16:25:00,2025-03-15 16:27:00
593,0,13468.056112536719,17351,0.17612,2.3719940425398818,17352,0.17623,2.373475528712346,-3.2639833988732914,-0.0013760504201680748,0,1,593,1.0,-0.13760504201680748,-326.39833988732914,2025-03-15 16:28:00,2025-03-15 16:29:00
594,0,13455.815711431866,17353,0.17605,2.3688963559970944,17354,0.176,2.368223565212008,-5.409910706781135,-0.0022837262141436896,0,1,594,1.0,-0.22837262141436895,-540.9910706781135,2025-03-15 16:30:00,2025-03-15 16:31:00
595,0,13431.99269864205,17355,0.17598,2.3637620751069335,17356,0.17623,2.3671200732816886,-1.372883973727943,-0.0005808046368904453,0,1,595,1.0,-0.05808046368904453,-137.2883973727943,2025-03-15 16:32:00,2025-03-15 16:33:00
596,0,13347.980893094667,17360,0.17699,2.362459138268605,17365,0.17739,2.367798330626063,0.6089348883429393,0.0002577546754053734,0,1,596,5.0,0.02577546754053734,60.89348883429393,2025-03-15 16:37:00,2025-03-15 16:42:00
597,0,13332.413950025486,17366,0.17724,2.363037048502065,17384,0.17657,2.3541043311560004,-13.64985872617523,-0.005776404874745953,0,1,597,18.0,-0.5776404874745953,-1364.985872617523,2025-03-15 16:43:00,2025-03-15 17:01:00
598,0,13363.372211554812,17387,0.17586,2.3500826371237054,17400,0.1765,2.3586351953394242,3.8438403829319086,0.0016356192425794446,0,1,598,13.0,0.16356192425794447,384.3840382931909,2025-03-15 17:04:00,2025-03-15 17:17:00
599,0,13349.955405180935,17401,0.17631,2.353730637487388,17402,0.17622,2.3525291415009844,-5.90775576545477,-0.002509954058192977,0,1,599,1.0,-0.2509954058192977,-590.775576545477,2025-03-15 17:18:00,2025-03-15 17:19:00
600,0,13481.79293949294,17899,0.17417,2.3481238762710746,17902,0.17452,2.352842503800308,0.017661148751325406,7.5213871507362765e-06,0,1,600,3.0,0.0007521387150736277,1.7661148751325406,2025-03-16 01:36:00,2025-03-16 01:39:00
601,0,13445.606032990547,17909,0.17464,2.3481406376013183,17910,0.17455,2.3469305330585004,-5.905175713628385,-0.002514830508474264,0,1,601,1.0,-0.2514830508474264,-590.5175713628385,2025-03-16 01:46:00,2025-03-16 01:47:00
602,0,13455.119615084075,17914,0.1741,2.3425363249857583,17916,0.17404,2.3417290178092327,-5.4915725196999325,-0.0023442848937390245,0,1,602,2.0,-0.23442848937390245,-549.1572519699932,2025-03-16 01:51:00,2025-03-16 01:53:00
603,0,13426.726464123012,17918,0.17408,2.337324542874285,17919,0.17401,2.3363846720220454,-5.613580067384969,-0.0024017118566175524,0,1,603,1.0,-0.24017118566175524,-561.3580067384969,2025-03-16 01:55:00,2025-03-16 01:56:00
604,0,13462.63115912717,18378,0.17322,2.3319969693839084,18400,0.17226,2.3190728434712464,-17.57519572561722,-0.007536543124350486,0,1,604,22.0,-0.7536543124350487,-1757.519572561722,2025-03-16 09:35:00,2025-03-16 09:57:00
605,0,13452.543217714576,18401,0.17211,2.315317213200615,18414,0.17259,2.3217744339453583,1.8201290973566193,0.0007861251525186677,0,1,605,13.0,0.07861251525186677,182.01290973566194,2025-03-16 09:58:00,2025-03-16 10:11:00
606,0,13439.93392371286,18415,0.1724,2.317044608447759,18417,0.17254,2.3189261991974166,-2.7543800583257183,-0.0011887470997679834,0,1,606,2.0,-0.11887470997679833,-275.43800583257183,2025-03-16 10:12:00,2025-03-16 10:14:00
607,0,13443.4860678421,18421,0.17216,2.3144305614396217,18422,0.17219,2.314833866021731,-4.225959845426191,-0.0018259177509293797,0,1,607,1.0,-0.18259177509293797,-422.5959845426191,2025-03-16 10:18:00,2025-03-16 10:19:00
608,0,13434.23601719818,18423,0.17198,2.3104199102376697,18426,0.17178,2.307733063034303,-7.305000176711784,-0.003161762995697218,0,1,608,3.0,-0.3161762995697218,-730.5000176711784,2025-03-16 10:20:00,2025-03-16 10:23:00
609,0,13428.27966006306,18428,0.17154,2.303487092886826,18434,0.17113,2.2979814982265916,-10.107063251739191,-0.004387722980062754,0,1,609,6.0,-0.43877229800627543,-1010.7063251739191,2025-03-16 10:25:00,2025-03-16 10:31:00
610,0,13377.040908071123,18435,0.17148,2.293894974915929,18443,0.17152,2.294430056552359,-4.053243395145332,-0.0017669699090271966,0,1,610,8.0,-0.17669699090271965,-405.32433951453316,2025-03-16 10:32:00,2025-03-16 10:40:00
611,0,13430.580261715673,18465,0.17051,2.290048240424767,18484,0.16867,2.2653359727435824,-29.267651894725372,-0.012780364787988892,0,1,611,19.0,-1.2780364787988892,-2926.7651894725373,2025-03-16 11:02:00,2025-03-16 11:21:00
612,0,13403.67192568999,18492,0.16878,2.2622717476178877,18499,0.16763,2.246857524903413,-19.92335198706524,-0.00880678990401723,0,1,612,7.0,-0.8806789904017229,-1992.335198706524,2025-03-16 11:29:00,2025-03-16 11:36:00
613,0,13370.86346111787,18500,0.16778,2.2433634715062,18501,0.16792,2.2452353923909127,-2.61667797934071,-0.001166408391941803,0,1,613,1.0,-0.1166408391941803,-261.667797934071,2025-03-16 11:37:00,2025-03-16 11:38:00
614,0,13339.366097902866,18502,0.16799,2.240880110786293,18535,0.16799,2.2408801107867027,-4.481760221572996,-0.0019999999999998175,0,1,614,33.0,-0.19999999999998175,-448.1760221572996,2025-03-16 11:39:00,2025-03-16 12:12:00
615,0,13314.046621792962,18538,0.16799,2.236626691994843,18543,0.16785,2.2347627254679487,-6.335355944513953,-0.002832549556521217,0,1,615,5.0,-0.28325495565212166,-633.5355944513954,2025-03-16 12:15:00,2025-03-16 12:20:00
616,0,13293.290324334226,18544,0.1678,2.230614116423112,18546,0.16805,2.2339374390043667,-1.1412289743438486,-0.0005116209773538831,0,1,616,2.0,-0.05116209773538831,-114.12289743438487,2025-03-16 12:21:00,2025-03-16 12:23:00
617,0,13215.951582585047,18550,0.1687,2.229531031981878,18551,0.16898,2.233231498425221,-0.7622960872833122,-0.00034190871369285935,0,1,617,1.0,-0.03419087136928593,-76.22960872833121,2025-03-16 12:27:00,2025-03-16 12:28:00
618,0,13227.344653750763,18554,0.1685,2.22880757415669,18555,0.16853,2.2292043944966164,-4.061191629040774,-0.0018221364985161756,0,1,618,1.0,-0.18221364985161756,-406.1191629040774,2025-03-16 12:31:00,2025-03-16 12:32:00
619,0,13284.889517477817,18626,0.16748,2.224953296386957,18670,0.1673,2.222562016274039,-6.838795425806963,-0.003073680439455337,0,1,619,44.0,-0.30736804394553374,-683.8795425806964,2025-03-16 13:43:00,2025-03-16 14:27:00
620,0,13264.352353351014,18672,0.16725,2.218462931097747,18673,0.16717,2.2174017829096893,-5.497012902275344,-0.0024778475336321142,0,1,620,1.0,-0.24778475336321143,-549.7012902275344,2025-03-16 14:29:00,2025-03-16 14:30:00
621,0,13251.382982793124,18674,0.16702,2.213245985785761,18686,0.16717,2.2152336932335266,-2.4407722316004175,-0.0011028020596334648,0,1,621,12.0,-0.11028020596334648,-244.07722316004174,2025-03-16 14:31:00,2025-03-16 14:43:00
622,0,13234.344358812941,18687,0.16706,2.2109295685831967,18690,0.16694,2.2093414472602326,-6.008392338900723,-0.002717586495869588,0,1,622,3.0,-0.27175864958695883,-600.8392338900724,2025-03-16 14:44:00,2025-03-16 14:47:00
623,0,13175.762072843318,18692,0.16737,2.2052272981313763,18721,0.16768,2.2093117843743677,-0.3300528399242104,-0.00014966839935448968,0,1,623,29.0,-0.014966839935448967,-33.00528399242104,2025-03-16 14:49:00,2025-03-16 15:18:00
624,0,13160.523225324216,18723,0.16754,2.2049140611707116,18724,0.16764,2.2062301134933517,-3.0950918521311945,-0.0014037244837051324,0,1,624,1.0,-0.14037244837051324,-309.50918521311945,2025-03-16 15:20:00,2025-03-16 15:21:00
625,0,13139.853570301671,18732,0.16758,2.2019766613107095,18733,0.16766,2.2030278495967783,-3.353816225283494,-0.0015230934479053397,0,1,625,1.0,-0.15230934479053396,-335.3816225283494,2025-03-16 15:29:00,2025-03-16 15:30:00
626,0,13136.537930694267,18734,0.16738,2.1987937188391697,18737,0.16811,2.208383391529013,5.18249557903887,0.002356972159159107,0,1,626,3.0,0.2356972159159107,518.249557903887,2025-03-16 15:31:00,2025-03-16 15:34:00
627,0,12978.281337970233,18770,0.1698,2.2037121711869077,18803,0.17113,2.220973285366846,12.836428722946756,0.005824911660777629,0,1,627,33.0,0.582491166077763,1283.6428722946757,2025-03-16 16:07:00,2025-03-16 16:40:00
628,0,12950.117445206492,18806,0.17111,2.215894596049111,18808,0.17112,2.216024097223735,-4.302417518820957,-0.0019416165040032746,0,1,628,2.0,-0.19416165040032746,-430.2417518820957,2025-03-16 16:43:00,2025-03-16 16:45:00
629,0,12942.89532810482,18809,0.17089,2.211811382619544,18820,0.16976,2.1971859108990746,-19.03446901427663,-0.008605828310608838,0,1,629,11.0,-0.8605828310608838,-1903.446901427663,2025-03-16 16:46:00,2025-03-16 16:57:00
630,0,12940.168122085486,18821,0.16953,2.193746701736927,18822,0.16982,2.1974993504925573,-0.6385972968244227,-0.0002910989205448102,0,1,630,1.0,-0.02910989205448102,-63.859729682442264,2025-03-16 16:58:00,2025-03-16 16:59:00
631,0,12894.759174309382,18824,0.17008,2.193140640366437,18825,0.17003,2.192495902407824,-5.030374501489984,-0.0022936853245532204,0,1,631,1.0,-0.22936853245532204,-503.0374501489984,2025-03-16 17:01:00,2025-03-16 17:02:00
632,0,12833.489084399595,18827,0.17052,2.1883665586715324,18828,0.17053,2.1884948935626625,-4.248526561390506,-0.0019414144968332252,0,1,632,1.0,-0.19414144968332253,-424.85265613905057,2025-03-16 17:04:00,2025-03-16 17:05:00
633,0,12819.616705831699,18829,0.17039,2.184334490506444,18831,0.17075,2.1889495525207625,0.24177797107208754,0.00011068724690420759,0,1,633,2.0,0.011068724690420759,24.177797107208754,2025-03-16 17:06:00,2025-03-16 17:08:00
634,0,12819.458659231082,18834,0.17041,2.1845639501193546,18836,0.17043,2.1848203392927537,-4.112995116227365,-0.0018827533595444743,0,1,634,2.0,-0.18827533595444743,-411.29951162273653,2025-03-16 17:11:00,2025-03-16 17:13:00
635,0,12835.72022014875,18845,0.16989,2.180660508200617,18846,0.16977,2.1791202217746535,-5.900067156393149,-0.002705633056683541,0,1,635,1.0,-0.27056330566835407,-590.006715639315,2025-03-16 17:22:00,2025-03-16 17:23:00
636,0,12802.760868013609,18847,0.16989,2.1750610438666627,18848,0.16982,2.174164850606071,-5.245419155233999,-0.0024116192830655786,0,1,636,1.0,-0.24116192830655786,-524.5419155233999,2025-03-16 17:24:00,2025-03-16 17:25:00
637,0,12788.513606219503,18849,0.16969,2.1700828738389646,18854,0.16962,2.169187677886952,-5.234466504161559,-0.0024121044257174175,0,1,637,5.0,-0.24121044257174173,-523.4466504161559,2025-03-16 17:26:00,2025-03-16 17:31:00
638,0,12753.22553122364,18859,0.16977,2.1651150984357628,18860,0.16967,2.163839775882715,-5.604277427441283,-0.002588443187842544,0,1,638,1.0,-0.2588443187842544,-560.4277427441283,2025-03-16 17:36:00,2025-03-16 17:37:00
639,0,12701.695798780169,18862,0.17004,2.1597963536241878,18863,0.16987,2.157637065338787,-6.476721704755602,-0.0029987649964712364,0,1,639,1.0,-0.29987649964712365,-647.6721704755602,2025-03-16 17:39:00,2025-03-16 17:40:00
640,0,12666.29191756715,18864,0.17003,2.153649614743699,18873,0.17,2.1532696259864155,-4.686907998257031,-0.0021762630124094163,0,1,640,9.0,-0.21762630124094162,-468.69079982570315,2025-03-16 17:41:00,2025-03-16 17:50:00
641,0,12560.350068728198,18894,0.17111,2.1492015002600056,18896,0.1711,2.1490758967593946,-4.423880897706648,-0.002058383495996676,0,1,641,2.0,-0.2058383495996676,-442.3880897706648,2025-03-16 18:11:00,2025-03-16 18:13:00
642,0,12501.474600161004,18901,0.17158,2.145003011895369,18917,0.17125,2.1408775252775722,-8.411367155225888,-0.003921377782958181,0,1,642,16.0,-0.3921377782958181,-841.1367155225887,2025-03-16 18:18:00,2025-03-16 18:34:00
643,0,12436.828236711526,18921,0.17183,2.1370201959139195,18923,0.17155,2.1335378840078625,-7.7528699862011745,-0.0036278880288657125,0,1,643,2.0,-0.3627888028865712,-775.2869986201174,2025-03-16 18:38:00,2025-03-16 18:40:00
644,0,12457.079593447997,18928,0.17096,2.1296623272955912,18937,0.17059,2.125053207846294,-8.863834984717586,-0.004162084698174854,0,1,644,9.0,-0.4162084698174854,-886.3834984717587,2025-03-16 18:45:00,2025-03-16 18:54:00
645,0,12420.951494855326,18938,0.17078,2.121250096291078,18946,0.1705,2.117772229872833,-7.716888744723099,-0.003637896709216245,0,1,645,8.0,-0.3637896709216245,-771.6888744723099,2025-03-16 18:55:00,2025-03-16 19:03:00
646,0,12428.281355191324,18947,0.17009,2.113926375704068,18960,0.16801,2.0880755504856943,-30.0528271449878,-0.014216591216414677,0,1,646,13.0,-1.4216591216414676,-3005.28271449878,2025-03-16 19:04:00,2025-03-16 19:17:00
647,0,12418.297573875288,18962,0.16793,2.08540471158085,18963,0.168,2.0862739924110487,-3.3023978738202517,-0.0015835764902040583,0,1,647,1.0,-0.15835764902040583,-330.23978738202516,2025-03-16 19:19:00,2025-03-16 19:20:00
648,0,12327.692663220556,18968,0.16891,2.0822705677442173,18976,0.16847,2.076846382972767,-9.583301722534166,-0.004602332603161337,0,1,648,8.0,-0.46023326031613365,-958.3301722534167,2025-03-16 19:25:00,2025-03-16 19:33:00
649,0,12314.674940004585,18977,0.16835,2.073175526149498,18978,0.16799,2.0687422431713705,-8.57520074772249,-0.00413626373626359,0,1,649,1.0,-0.413626373626359,-857.520074772249,2025-03-16 19:34:00,2025-03-16 19:35:00
650,0,12284.575988946122,18979,0.1681,2.065037223741456,19009,0.16869,2.0722851235753215,3.110577486161409,0.0015063057703749519,0,1,650,30.0,0.1506305770374952,311.0577486161409,2025-03-16 19:36:00,2025-03-16 20:06:00
651,0,12219.99243784897,19013,0.16923,2.0679893202568564,19019,0.16908,2.0661563213915044,-5.967144507325289,-0.0028854812976419034,0,1,651,6.0,-0.28854812976419036,-596.7144507325289,2025-03-16 20:10:00,2025-03-16 20:16:00
652,0,12253.141204321666,19049,0.16831,2.062326196099093,19050,0.16832,2.062448727511423,-4.002243511567144,-0.0019406452379535618,0,1,652,1.0,-0.1940645237953562,-400.2243511567144,2025-03-16 20:46:00,2025-03-16 20:47:00
653,0,12208.088382732736,19052,0.16862,2.05852786309606,19056,0.16871,2.05962659105084,-3.019426499700824,-0.0014667892302215753,0,1,653,4.0,-0.14667892302215754,-301.9426499700824,2025-03-16 20:49:00,2025-03-16 20:53:00
654,0,12153.614009171473,19096,0.16914,2.0556622735111887,19109,0.16894,2.0532315507094285,-6.539616626055308,-0.003181269953884512,0,1,654,13.0,-0.31812699538845124,-653.9616626055308,2025-03-16 21:33:00,2025-03-16 21:46:00
655,0,12157.170744725805,19111,0.16858,2.049455844145541,19146,0.16818,2.0445929758479857,-8.956917117883899,-0.004370387946375469,0,1,655,35.0,-0.4370387946375469,-895.6917117883899,2025-03-16 21:48:00,2025-03-16 22:23:00
656,0,12093.833097028784,19152,0.16876,2.0409552734543013,19154,0.16894,2.043132163412043,-1.9071974794009527,-0.0009344631429246253,0,1,656,2.0,-0.09344631429246253,-190.71974794009526,2025-03-16 22:29:00,2025-03-16 22:31:00
657,0,12125.499470040582,19160,0.16817,2.039145245876398,19161,0.16812,2.0385389709032227,-4.6839591902815885,-0.0022970208717367426,0,1,657,1.0,-0.22970208717367427,-468.39591902815886,2025-03-16 22:37:00,2025-03-16 22:38:00
658,0,12083.258684968656,19164,0.16839,2.034699929961562,19165,0.16856,2.0367540839383165,-2.017300037455638,-0.0009914484233031057,0,1,658,1.0,-0.09914484233031057,-201.73000374556378,2025-03-16 22:41:00,2025-03-16 22:42:00
659,0,12059.714104454226,19168,0.16856,2.03278540944666,19170,0.16822,2.02868510665129,-8.161773311612103,-0.0040150688182247546,0,1,659,2.0,-0.40150688182247546,-816.1773311612103,2025-03-16 22:45:00,2025-03-16 22:47:00
660,0,12028.032019122593,19173,0.16836,2.0250394707393298,19211,0.1676,2.0158981664049467,-13.182241971677565,-0.006509622238061281,0,1,660,38.0,-0.6509622238061281,-1318.2241971677565,2025-03-16 22:50:00,2025-03-16 23:28:00
661,0,11927.510528570143,19247,0.16873,2.012528851485513,19259,0.16899,2.0156300042230684,-0.9270061182803162,-0.0004606175546730693,0,1,661,12.0,-0.046061755467306925,-92.70061182803163,2025-03-17 00:04:00,2025-03-17 00:16:00
662,0,11829.750517196766,19276,0.17005,2.011649075448986,19277,0.16975,2.008100150294151,-7.568674380902078,-0.003762422816818377,0,1,662,1.0,-0.3762422816818377,-756.8674380902078,2025-03-17 00:33:00,2025-03-17 00:34:00
663,0,11791.670203218175,19278,0.16999,2.004466017844834,19282,0.16961,1.9999851831678348,-8.48528587823557,-0.004233190187657983,0,1,663,4.0,-0.4233190187657983,-848.528587823557,2025-03-17 00:35:00,2025-03-17 00:39:00
664,0,11705.048365556693,19289,0.17056,1.9964130492292043,19291,0.17062,1.997115352131283,-3.2912254994271795,-0.0016485694183864658,0,1,664,2.0,-0.16485694183864658,-329.12254994271797,2025-03-17 00:46:00,2025-03-17 00:48:00
665,0,11702.515754979027,19292,0.17033,1.993289508545331,19293,0.17062,1.9966832381145216,-0.5962431777159984,-0.00029912522749946785,0,1,665,1.0,-0.029912522749946786,-59.62431777159984,2025-03-17 00:49:00,2025-03-17 00:50:00
666,0,11643.821686291349,19294,0.17114,1.9927236433916278,19301,0.17075,1.988182552934248,-8.52199665397923,-0.004276557204627517,0,1,666,7.0,-0.4276557204627517,-852.1996653979229,2025-03-17 00:51:00,2025-03-17 00:58:00
667,0,11606.736267498882,19303,0.17099,1.9846358343793327,19309,0.17115,1.9864929121824337,-2.1140509437620443,-0.0010652084917245604,0,1,667,6.0,-0.10652084917245604,-211.40509437620443,2025-03-17 01:00:00,2025-03-17 01:06:00
668,0,11640.614680161545,19319,0.17032,1.9826294923248042,19320,0.17046,1.9842591783803372,-2.3372026154824495,-0.0011788398309063345,0,1,668,1.0,-0.11788398309063346,-233.72026154824493,2025-03-17 01:16:00,2025-03-17 01:17:00
669,0,11458.061605905845,19581,0.17284,1.980411367964507,19596,0.172,1.970786596215805,-13.575969713141479,-0.006855126128211061,0,1,669,15.0,-0.6855126128211061,-1357.5969713141478,2025-03-17 05:38:00,2025-03-17 05:53:00
670,0,11414.556367257775,19606,0.17237,1.9675270810239454,19609,0.17244,1.968326099969931,-3.136834235285664,-0.0015943029529498231,0,1,670,3.0,-0.15943029529498232,-313.68342352856644,2025-03-17 06:03:00,2025-03-17 06:06:00
671,0,11443.092180313426,19623,0.17168,1.9645500655160504,19663,0.1713,1.96020169048769,-8.273126784522798,-0.004211206896551621,0,1,671,40.0,-0.4211206896551621,-827.3126784522798,2025-03-17 06:20:00,2025-03-17 07:00:00
672,0,11296.682909126142,19711,0.17321,1.9566984466894155,19726,0.17264,1.9502593374315371,-10.346067042323005,-0.005287512268344696,0,1,672,15.0,-0.5287512268344696,-1034.6067042323004,2025-03-17 07:48:00,2025-03-17 08:03:00
673,0,11294.11475776933,19736,0.17238,1.9468795019440677,19737,0.17241,1.9472183253870103,-3.555274384597877,-0.0018261399234248215,0,1,673,1.0,-0.18261399234248216,-355.5274384597877,2025-03-17 08:13:00,2025-03-17 08:14:00
674,0,11311.94555273522,19741,0.17181,1.9435053654151488,19746,0.17253,1.9516499662134075,4.249445466340804,0.0021864850707178033,0,1,674,5.0,0.21864850707178032,424.9445466340804,2025-03-17 08:18:00,2025-03-17 08:23:00
675,0,11195.96611479281,19770,0.17395,1.947538305668104,19771,0.17394,1.9474263460070613,-4.006924312822859,-0.0020574302960619127,0,1,675,1.0,-0.20574302960619126,-400.6924312822859,2025-03-17 08:47:00,2025-03-17 08:48:00
676,0,11122.313632103165,19804,0.17476,1.9437355303462027,19822,0.17413,1.9367284727581244,-10.887521591329152,-0.005601338979171273,0,1,676,18.0,-0.5601338979171273,-1088.7521591329153,2025-03-17 09:21:00,2025-03-17 09:39:00
677,0,11115.981818244612,19823,0.17393,1.933402717647141,19831,0.17415,1.935848233647299,-1.4237349512807997,-0.0007363882021503058,0,1,677,8.0,-0.07363882021503057,-142.37349512807998,2025-03-17 09:40:00,2025-03-17 09:48:00
678,0,11110.768420499026,19834,0.17389,1.9320515206404707,19836,0.17373,1.9302737976932955,-5.640048265613693,-0.002919201794237725,0,1,678,2.0,-0.29192017942377246,-564.0048265613693,2025-03-17 09:51:00,2025-03-17 09:53:00
679,0,11073.618181972537,19837,0.17399,1.926698827481232,19842,0.17379,1.9244841038450073,-6.0659065677208766,-0.003148341858727492,0,1,679,5.0,-0.3148341858727492,-606.5906567720876,2025-03-17 09:54:00,2025-03-17 09:59:00
680,0,11041.165496588412,19843,0.17398,1.9209419730962054,19859,0.17308,1.9110049241495224,-13.768995844175237,-0.00716783538337724,0,1,680,16.0,-0.716783538337724,-1376.8995844175238,2025-03-17 10:00:00,2025-03-17 10:16:00
681,0,11026.264199983001,19861,0.17303,1.9078744945229573,19864,0.17333,1.9111823737830538,-0.5111776083108499,-0.00026793041669055754,0,1,681,3.0,-0.026793041669055755,-51.11776083108499,2025-03-17 10:18:00,2025-03-17 10:21:00
682,0,10977.14871621062,19963,0.17376,1.9073893609286188,19980,0.17187,1.8866425498551194,-24.540842984421865,-0.01286619475138117,0,1,682,17.0,-1.286619475138117,-2454.0842984421865,2025-03-17 12:00:00,2025-03-17 12:17:00
683,0,10947.062056846677,20007,0.17211,1.8840988506037775,20025,0.1708,1.8697581993094126,-18.094508344382316,-0.009603799895415656,0,1,683,18.0,-0.9603799895415657,-1809.4508344382316,2025-03-17 12:44:00,2025-03-17 13:02:00
684,0,10938.166394932243,20026,0.17068,1.8669262402868299,20028,0.17063,1.8663793319672888,-4.280213892000654,-0.0022926529177406505,0,1,684,2.0,-0.22926529177406504,-428.02138920006536,2025-03-17 13:03:00,2025-03-17 13:05:00
685,0,10924.607666142922,20029,0.17052,1.8628640992305918,20034,0.17122,1.8705113245969913,3.913849942472707,0.0021009852216750616,0,1,685,5.0,0.21009852216750616,391.3849942472707,2025-03-17 13:06:00,2025-03-17 13:11:00
686,0,10892.096295927162,20035,0.17137,1.8665785422329009,20036,0.1713,1.865816095492323,-4.494841378439946,-0.0024080644220106843,0,1,686,1.0,-0.24080644220106842,-449.48413784399463,2025-03-17 13:12:00,2025-03-17 13:13:00
687,0,10878.630228149985,20037,0.17119,1.86231270875669,20052,0.17067,1.856655821038358,-9.375856248433292,-0.005034523044570332,0,1,687,15.0,-0.5034523044570332,-937.5856248433292,2025-03-17 13:14:00,2025-03-17 13:29:00
688,0,10874.931311894943,20053,0.17043,1.8534145434859965,20057,0.17111,1.860809496778344,3.6807292518244172,0.0019859179721882407,0,1,688,4.0,0.19859179721882408,368.07292518244174,2025-03-17 13:30:00,2025-03-17 13:34:00
689,0,10820.510128057213,20058,0.17161,1.8569077430756806,20080,0.17098,1.850090821695222,-10.523919945447279,-0.0056674436221666015,0,1,689,22.0,-0.5667443622166601,-1052.3919945447278,2025-03-17 13:35:00,2025-03-17 13:57:00
690,0,10811.450019691714,20083,0.17083,1.8469200068636837,20092,0.17019,1.8400006788513328,-10.606248698317835,-0.005742668149622361,0,1,690,9.0,-0.5742668149622361,-1060.6248698317834,2025-03-17 14:00:00,2025-03-17 14:09:00
691,0,10803.753302381641,20093,0.17002,1.8368541364707198,20095,0.17065,1.843660501051427,3.1258499429781113,0.001701740971650411,0,1,691,2.0,0.1701740971650411,312.58499429781114,2025-03-17 14:10:00,2025-03-17 14:12:00
692,0,10779.357436875445,20097,0.17068,1.8398207273257867,20098,0.17053,1.8382038237103695,-5.294928166567711,-0.0028779587532224717,0,1,692,1.0,-0.28779587532224715,-529.4928166567711,2025-03-17 14:14:00,2025-03-17 14:15:00
693,0,10784.66802283115,20099,0.17013,1.8347955707240544,20100,0.17021,1.83565834416609,-2.807680473063696,-0.0015302415799681693,0,1,693,1.0,-0.15302415799681693,-280.7680473063696,2025-03-17 14:16:00,2025-03-17 14:17:00
694,0,10755.7293583813,20102,0.17034,1.8321309389064027,20104,0.17022,1.8308402513836652,-4.953658713295613,-0.002703768932722528,0,1,694,2.0,-0.27037689327225284,-495.3658713295613,2025-03-17 14:19:00,2025-03-17 14:21:00
695,0,10718.691210062425,20106,0.17049,1.8274296644033257,20107,0.17075,1.8302165241181592,-0.8707864739050728,-0.0004765088861514623,0,1,695,1.0,-0.047650888615146235,-87.07864739050729,2025-03-17 14:23:00,2025-03-17 14:24:00
696,0,10694.398382166642,20108,0.1708,1.8266032436738442,20110,0.17094,1.828100459447566,-2.1574879296181253,-0.0011811475409835117,0,1,696,2.0,-0.11811475409835116,-215.74879296181254,2025-03-17 14:25:00,2025-03-17 14:27:00
697,0,10696.81466674616,20112,0.17057,1.8245556777067122,20114,0.1708,1.8270159450802443,-1.1913042494351307,-0.000652928416485687,0,1,697,2.0,-0.0652928416485687,-119.13042494351306,2025-03-17 14:29:00,2025-03-17 14:31:00
698,0,10665.799422545379,20117,0.17096,1.8234250692780734,20118,0.17141,1.8282246790185035,1.1479599918487657,0.0006295624707535059,0,1,698,1.0,0.0629562470753506,114.79599918487658,2025-03-17 14:34:00,2025-03-17 14:35:00
699,0,10650.367998354413,20123,0.17131,1.824514541797953,20124,0.17123,1.8236625123582262,-4.500206494024553,-0.002466522678185679,0,1,699,1.0,-0.24665226781856792,-450.0206494024553,2025-03-17 14:40:00,2025-03-17 14:41:00
700,0,10584.042426759015,20130,0.17198,1.820243616553853,20131,0.17208,1.8213020207966915,-2.583141394674284,-0.0014191185021511267,0,1,700,1.0,-0.14191185021511266,-258.3141394674284,2025-03-17 14:47:00,2025-03-17 14:48:00
701,0,10660.286674653218,20145,0.17052,1.8177920837615602,20161,0.17202,1.8337825137738466,12.338855414444518,0.006787825475017816,0,1,701,16.0,0.6787825475017816,1233.8855414444517,2025-03-17 15:02:00,2025-03-17 15:18:00
702,0,10559.288273133714,20212,0.17326,1.8295022862030237,20213,0.17294,1.8261233139557447,-7.03459784756154,-0.003845088306591173,0,1,702,1.0,-0.3845088306591173,-703.459784756154,2025-03-17 16:09:00,2025-03-17 16:10:00
703,0,10626.864655976957,20244,0.17153,1.822826094439506,20246,0.17138,1.821232064741331,-5.238087857577135,-0.0028736081151982517,0,1,703,2.0,-0.2873608115198252,-523.8087857577135,2025-03-17 16:41:00,2025-03-17 16:43:00
704,0,10611.49309548352,20249,0.17131,1.8178548821870208,20250,0.17161,1.821038330115927,-0.4554452836575835,-0.00025053995680314266,0,1,704,1.0,-0.025053995680314266,-45.54452836575835,2025-03-17 16:46:00,2025-03-17 16:47:00
705,0,10464.804752741322,20296,0.17367,1.8174226414084842,20297,0.17362,1.8168994011709483,-4.157562280216515,-0.002287614441181505,0,1,705,1.0,-0.22876144411815047,-415.7562280216515,2025-03-17 17:33:00,2025-03-17 17:34:00
706,0,10392.417782124972,20306,0.1745,1.8134769029807103,20307,0.17451,1.813580827158629,-3.5231335523181118,-0.0019427507163323368,0,1,706,1.0,-0.19427507163323368,-352.31335523181116,2025-03-17 17:43:00,2025-03-17 17:44:00
707,0,10392.910775330694,20310,0.17417,1.8101332697392536,20311,0.17444,1.8129393556486864,-0.8169867160485953,-0.00045134064419811396,0,1,707,1.0,-0.045134064419811395,-81.69867160485953,2025-03-17 17:47:00,2025-03-17 17:48:00
708,0,10347.46601693423,20315,0.17486,1.8093579077208233,20316,0.17481,1.8088405344202727,-4.135571742987753,-0.0022856570971060627,0,1,708,1.0,-0.22856570971060627,-413.5571742987753,2025-03-17 17:52:00,2025-03-17 17:53:00
709,0,10293.232835995257,20340,0.1754,1.8054330394334102,20341,0.17554,1.8068740920306074,-2.1712545344247296,-0.0012026225769668718,0,1,709,1.0,-0.12026225769668718,-217.12545344247297,2025-03-17 18:17:00,2025-03-17 18:18:00
710,0,10289.11056231552,20342,0.17527,1.8033724082567915,20350,0.175,1.800594348405216,-6.382026608487454,-0.0035389399212643383,0,1,710,8.0,-0.35389399212643385,-638.2026608487454,2025-03-17 18:19:00,2025-03-17 18:27:00
711,0,10534.02613906569,20733,0.17062,1.7973155398472045,20748,0.17101,1.8014238100416238,0.5095308443469007,0.00028349548704740266,0,1,711,15.0,0.028349548704740265,50.95308443469007,2025-03-18 00:50:00,2025-03-18 01:05:00
712,0,10539.33116765615,20752,0.17058,1.7977991105785804,20766,0.16873,1.778301347918622,-23.0738631186614,-0.012834505803728519,0,1,712,14.0,-1.283450580372852,-2307.38631186614,2025-03-18 01:09:00,2025-03-18 01:23:00
713,0,10563.29311734326,20826,0.16812,1.7759008388875372,20827,0.16835,1.7783303963047379,-1.1246738182033473,-0.0006332976445395078,0,1,713,1.0,-0.06332976445395078,-112.46738182033474,2025-03-18 02:23:00,2025-03-18 02:24:00
714,0,10516.285276608463,20832,0.16877,1.7748334661330318,20833,0.16886,1.7757799318081051,-2.6041477230462844,-0.0014672631391833525,0,1,714,1.0,-0.14672631391833524,-260.41477230462846,2025-03-18 02:29:00,2025-03-18 02:30:00
715,0,10481.147233975069,20836,0.1691,1.7723619972650795,20847,0.16895,1.7707898251800878,-5.115323907541494,-0.0028861620342992096,0,1,715,11.0,-0.28861620342992095,-511.53239075414933,2025-03-18 02:33:00,2025-03-18 02:44:00
716,0,10466.054560966537,20848,0.16888,1.7675072942558927,20851,0.16886,1.7672979731648095,-3.7441263586398827,-0.0021183088583608045,0,1,716,3.0,-0.21183088583608045,-374.41263586398827,2025-03-18 02:45:00,2025-03-18 02:48:00
717,0,10477.896807733858,20866,0.16835,1.7639539275817242,20867,0.16849,1.7654208331350776,-2.0624692076342046,-0.0011692307692306966,0,1,717,1.0,-0.11692307692306965,-206.24692076342046,2025-03-18 03:03:00,2025-03-18 03:04:00
718,0,10490.572393564547,20871,0.16796,1.7619965392229915,20872,0.16807,1.7631505021863934,-2.371184078117297,-0.0013457370802571486,0,1,718,1.0,-0.13457370802571486,-237.1184078117297,2025-03-18 03:08:00,2025-03-18 03:09:00
719,0,10460.980648694505,20873,0.16822,1.759746164723083,20875,0.16827,1.7602692137558245,-2.996966346044152,-0.0017030674117225527,0,1,719,2.0,-0.17030674117225528,-299.6966346044152,2025-03-18 03:10:00,2025-03-18 03:12:00
720,0,10428.574173255787,20878,0.16847,1.7569018909682654,20883,0.16834,1.755546176325879,-4.868162709817625,-0.0027708790882650246,0,1,720,5.0,-0.27708790882650247,-486.8162709817625,2025-03-18 03:15:00,2025-03-18 03:20:00
721,0,10452.0235999315,20892,0.16765,1.7522817565284186,20898,0.16759,1.75165463511252,-4.131057807636982,-0.0023575305696391614,0,1,721,6.0,-0.23575305696391613,-413.10578076369825,2025-03-18 03:29:00,2025-03-18 03:35:00
722,0,10439.846970774428,20903,0.16747,1.748361172195473,20904,0.16756,1.7493007584229632,-2.5580757032488908,-0.0014631277243685621,0,1,722,1.0,-0.14631277243685623,-255.80757032488907,2025-03-18 03:40:00,2025-03-18 03:41:00
723,0,10455.943394548336,21060,0.16698,1.7459334280215444,21126,0.16775,1.7539845044354836,4.55115848134552,0.0026067193675891995,0,1,723,66.0,0.26067193675892,455.115848134552,2025-03-18 06:17:00,2025-03-18 07:23:00
724,0,10473.656329948437,21298,0.16711,1.750252709297456,21300,0.16697,1.7487863974114906,-4.965350992901844,-0.002836933756208422,0,1,724,2.0,-0.2836933756208422,-496.5350992901844,2025-03-18 10:15:00,2025-03-18 10:17:00
725,0,10476.804142761532,21302,0.16661,1.7455403382252825,21310,0.1671,1.7506739722554518,1.6374197194723659,0.0009380589400397086,0,1,725,8.0,0.09380589400397085,163.74197194723658,2025-03-18 10:19:00,2025-03-18 10:27:00
726,0,10520.22841551309,21396,0.16607,1.747094332964025,21397,0.16627,1.7491983786473613,-1.3922470285087458,-0.0007968928764977156,0,1,726,1.0,-0.07968928764977155,-139.2247028508746,2025-03-18 11:53:00,2025-03-18 11:54:00
727,0,10490.79394027125,21398,0.16641,1.7457730196003922,21399,0.16637,1.745353387842928,-3.910758165054207,-0.0022401297998917704,0,1,727,1.0,-0.22401297998917705,-391.07581650542073,2025-03-18 11:55:00,2025-03-18 11:56:00
728,0,10467.232535315063,21418,0.16643,1.7420615108521815,21419,0.1666,1.7438409403834894,-1.7064729202320277,-0.0009795709908067237,0,1,728,1.0,-0.09795709908067236,-170.64729202320277,2025-03-18 12:15:00,2025-03-18 12:16:00
729,0,10491.542474579599,21435,0.16589,1.7404419811077787,21447,0.16667,1.7486253842381818,4.69433576482615,0.002697208993911774,0,1,729,12.0,0.2697208993911774,469.43357648261497,2025-03-18 12:32:00,2025-03-18 12:44:00
730,0,10473.572298444067,21449,0.1666,1.7448971449205146,21453,0.16627,1.741440866062295,-6.942616869469294,-0.003978811524609658,0,1,730,4.0,-0.39788115246096584,-694.2616869469294,2025-03-18 12:46:00,2025-03-18 12:50:00
731,0,10466.062061484223,21454,0.16609,1.7383082477917924,21465,0.16653,1.7429133150989677,1.123845744162572,0.0006465169486425303,0,1,731,11.0,0.06465169486425303,112.3845744162572,2025-03-18 12:51:00,2025-03-18 13:02:00
732,0,10456.744226656241,21466,0.16634,1.739374834661703,21467,0.16612,1.7370743509321347,-5.776932915458319,-0.003321269688589528,0,1,732,1.0,-0.33212696885895276,-577.6932915458319,2025-03-18 13:03:00,2025-03-18 13:04:00
733,0,10436.960398458916,21468,0.16613,1.733892230995707,21473,0.16634,1.7360839926796559,-1.2782145399990583,-0.0007371937639197036,0,1,733,5.0,-0.07371937639197036,-127.82145399990583,2025-03-18 13:05:00,2025-03-18 13:10:00
734,0,10442.229496014603,21477,0.16593,1.7326791402736035,21488,0.16633,1.736856032072109,0.707356626060192,0.0004082444404267799,0,1,734,11.0,0.04082444404267799,70.7356626060192,2025-03-18 13:14:00,2025-03-18 13:25:00
735,0,10430.559981652323,21491,0.16618,1.7333504577507028,21492,0.16641,1.735749486546763,-1.0700711485172976,-0.000617342640510051,0,1,735,1.0,-0.0617342640510051,-107.00711485172975,2025-03-18 13:28:00,2025-03-18 13:29:00
736,0,10438.896690038751,21494,0.16595,1.7323349057116957,21496,0.16652,1.738285076825253,2.4795511307853637,0.0014313347393795964,0,1,736,2.0,0.14313347393795964,247.95511307853639,2025-03-18 13:31:00,2025-03-18 13:33:00
737,0,10459.379717008278,21497,0.16585,1.734688126065521,21503,0.16396,1.7149198984006773,-23.217835689611757,-0.013384443774494803,0,1,737,6.0,-1.3384443774494803,-2321.7835689611757,2025-03-18 13:34:00,2025-03-18 13:40:00
738,0,10470.460457722613,21508,0.16357,1.712653217069601,21554,0.16418,1.7190401979488987,2.9552874641922964,0.001725560921929501,0,1,738,46.0,0.1725560921929501,295.52874641922966,2025-03-18 13:45:00,2025-03-18 14:31:00
739,0,10415.652309910733,21556,0.1647,1.7154579354421458,21580,0.16471,1.7155620919653969,-3.3268635043086063,-0.001939344262295093,0,1,739,24.0,-0.1939344262295093,-332.6863504308606,2025-03-18 14:33:00,2025-03-18 14:57:00
740,0,10399.007484976137,21583,0.16466,1.7123005724758968,21587,0.16455,1.7111566816528234,-4.567348077475913,-0.002667375197376146,0,1,740,4.0,-0.26673751973761456,-456.7348077475913,2025-03-18 15:00:00,2025-03-18 15:04:00
741,0,10387.19167091526,21588,0.16443,1.7079659264484235,21594,0.16428,1.706407847697959,-4.972452524783533,-0.0029113300492609015,0,1,741,6.0,-0.2911330049260902,-497.2452524783533,2025-03-18 15:05:00,2025-03-18 15:11:00
742,0,10366.687861599754,21596,0.1643,1.7032468156605773,21597,0.16453,1.7056311538690077,-1.0245397613614111,-0.0006015216068165094,0,1,742,1.0,-0.06015216068165094,-102.45397613614111,2025-03-18 15:13:00,2025-03-18 15:14:00
743,0,10376.558824919102,21600,0.16405,1.7022744752277958,21615,0.1645,1.7069439266991924,1.2602330692867452,0.0007403230722342631,0,1,743,15.0,0.07403230722342631,126.02330692867451,2025-03-18 15:17:00,2025-03-18 15:32:00
744,0,10347.266601581794,21617,0.16463,1.703470500618323,21618,0.16465,1.7036774459504422,-3.2002026145373557,-0.0018786369434490274,0,1,744,1.0,-0.18786369434490274,-320.02026145373554,2025-03-18 15:34:00,2025-03-18 15:35:00
745,0,10308.780511002902,21619,0.16495,1.700433345289639,21627,0.1644,1.6947635160088772,-9.065026142350277,-0.005331009396786831,0,1,745,8.0,-0.5331009396786831,-906.5026142350277,2025-03-18 15:36:00,2025-03-18 15:44:00
746,0,10297.2013002213,21629,0.1643,1.6918301736261583,21631,0.16406,1.689358845314307,-5.852517330993412,-0.0034592818015822544,0,1,746,2.0,-0.34592818015822546,-585.2517330993412,2025-03-18 15:46:00,2025-03-18 15:48:00
747,0,10284.050963585065,21632,0.16397,1.6862758364989077,21668,0.16454,1.6921377455482867,2.483495467196228,0.0014727694090382805,0,1,747,36.0,0.14727694090382806,248.3495467196228,2025-03-18 15:49:00,2025-03-18 16:25:00
748,0,10239.10259658713,21671,0.16492,1.6886328002290156,21672,0.16505,1.689963883566706,-2.047513346239456,-0.0012125272859567846,0,1,748,1.0,-0.12125272859567847,-204.7513346239456,2025-03-18 16:28:00,2025-03-18 16:29:00
749,0,10209.36750647483,21675,0.16521,1.6866896057445047,21676,0.16495,1.6840351701930234,-6.025160327620792,-0.0035721808607224836,0,1,749,1.0,-0.35721808607224836,-602.5160327620792,2025-03-18 16:32:00,2025-03-18 16:33:00
750,0,10214.324734870232,21682,0.16457,1.6809714216174143,21684,0.16448,1.6800521323914557,-4.28031278014716,-0.0025463328674726828,0,1,750,2.0,-0.25463328674726826,-428.03127801471595,2025-03-18 16:39:00,2025-03-18 16:41:00
751,0,10214.467848640801,21688,0.16417,1.6769091867111001,21690,0.16376,1.6727212548934174,-7.537562259547599,-0.004494913808856728,0,1,751,2.0,-0.44949138088567275,-753.7562259547599,2025-03-18 16:45:00,2025-03-18 16:47:00
752,0,10200.09563894567,21694,0.1637,1.6697556560952762,21696,0.16398,1.672611682874311,-0.4863405600649806,-0.0002912645082468235,0,1,752,2.0,-0.02912645082468235,-48.634056006498064,2025-03-18 16:51:00,2025-03-18 16:53:00
753,0,10189.806459072852,21712,0.16382,1.6692940941252346,21713,0.16388,1.669905482512859,-2.7278111890937273,-0.0016341106092051803,0,1,753,1.0,-0.16341106092051802,-272.7811189093727,2025-03-18 17:09:00,2025-03-18 17:10:00
754,0,10206.400871570566,21722,0.1633,1.6667052623272411,21768,0.16407,1.6745641909985827,4.517659217783374,0.0027105327617881762,0,1,754,46.0,0.27105327617881764,451.7659217783374,2025-03-18 17:19:00,2025-03-18 18:05:00
755,0,10187.11669265134,21770,0.16403,1.6709927510953548,21772,0.16424,1.673132045601056,-1.2048302912396647,-0.0007210266414678989,0,1,755,2.0,-0.0721026641467899,-120.48302912396647,2025-03-18 18:07:00,2025-03-18 18:09:00
756,0,10172.703659849241,21773,0.16415,1.6698493057640462,21781,0.16444,1.6727993898256093,-0.39256463423326315,-0.00023508985683806663,0,1,756,8.0,-0.023508985683806664,-39.256463423326316,2025-03-18 18:10:00,2025-03-18 18:18:00
757,0,10146.327591622525,21783,0.16454,1.6694767419253367,21784,0.16446,1.6686650357182404,-4.149847984973312,-0.0024857177585995527,0,1,757,1.0,-0.24857177585995527,-414.9847984973312,2025-03-18 18:20:00,2025-03-18 18:21:00
758,0,10171.226410729856,21792,0.16375,1.6655383247568807,21793,0.16399,1.667979419095589,-0.8924234052773572,-0.0005358167938930815,0,1,758,1.0,-0.053581679389308155,-89.24234052773572,2025-03-18 18:29:00,2025-03-18 18:30:00
759,0,10161.089968121103,21794,0.16383,1.6646913694771683,21799,0.16391,1.66550425667473,-2.5173084287023713,-0.0015121772569126827,0,1,759,5.0,-0.15121772569126826,-251.73084287023713,2025-03-18 18:31:00,2025-03-18 18:36:00
760,0,10042.9091078055,21921,0.16552,1.6623023155236751,21922,0.16562,1.663306606434747,-2.3213180111778398,-0.0013964475592071518,0,1,760,1.0,-0.13964475592071518,-232.13180111778397,2025-03-18 20:38:00,2025-03-18 20:39:00
761,0,9922.295537997781,22239,0.16731,1.660099266462339,22240,0.16728,1.659801597596269,-3.6175697301983103,-0.002179128563743767,0,1,761,1.0,-0.2179128563743767,-361.75697301983104,2025-03-19 01:56:00,2025-03-19 01:57:00
762,0,9910.067646567602,22241,0.16717,1.6566660084765772,22244,0.16732,1.6581525186236912,-1.8283083801155124,-0.0011036071065384085,0,1,762,3.0,-0.11036071065384084,-182.83083801155124,2025-03-19 01:58:00,2025-03-19 02:01:00
763,0,9919.863637675477,22248,0.16683,1.6549308506732814,22253,0.1673,1.6595931865831073,1.3478118724511194,0.0008144218665708527,0,1,763,5.0,0.08144218665708527,134.78118724511194,2025-03-19 02:05:00,2025-03-19 02:10:00
764,0,9786.739897240985,22798,0.16923,1.6562099928098633,22799,0.16917,1.6556227884162573,-3.8990371750606747,-0.002354192519056824,0,1,764,1.0,-0.23541925190568241,-389.9037175060675,2025-03-19 11:15:00,2025-03-19 11:16:00
765,0,9733.814030033078,22801,0.16977,1.6525096078785282,22802,0.16977,1.6525096078787158,-3.3050192157572438,-0.0019999999999998864,0,1,765,1.0,-0.19999999999998863,-330.5019215757244,2025-03-19 11:18:00,2025-03-19 11:19:00
766,0,9717.627857511165,22803,0.16973,1.6493729762551084,22818,0.17049,1.6567583734270785,4.079265822026559,0.0024732221763981255,0,1,766,15.0,0.24732221763981255,407.92658220265594,2025-03-19 11:20:00,2025-03-19 11:35:00
767,0,9671.489454517347,22819,0.17094,1.6532444073550323,22840,0.17101,1.6539214116170116,-2.630161557155907,-0.0015909090909090391,0,1,767,21.0,-0.15909090909090393,-263.0161557155907,2025-03-19 11:36:00,2025-03-19 11:57:00
768,0,9674.998534950295,22845,0.17062,1.6507482500330752,22848,0.17066,1.6511352499746175,-2.9148835586094486,-0.001765795334661594,0,1,768,3.0,-0.1765795334661594,-291.48835586094486,2025-03-19 12:02:00,2025-03-19 12:05:00
769,0,9666.716782177076,22849,0.17048,1.6479818770253587,22904,0.16963,1.6397651677606975,-11.504456309636407,-0.006980936180196877,0,1,769,55.0,-0.6980936180196876,-1150.4456309636407,2025-03-19 12:06:00,2025-03-19 13:01:00
770,0,9663.893517394168,22905,0.1694,1.6370635618463893,22906,0.16934,1.6364837282355285,-3.8533809011254863,-0.0023538370720187288,0,1,770,1.0,-0.23538370720187288,-385.3380901125486,2025-03-19 13:02:00,2025-03-19 13:03:00
771,0,9623.55804539742,22908,0.16973,1.6334065070450379,22979,0.17293,1.664201892790576,27.4977773454363,0.016834619690096305,0,1,771,71.0,1.6834619690096304,2749.7777345436302,2025-03-19 13:05:00,2025-03-19 14:16:00
772,0,9655.572809284819,22992,0.17187,1.659503298731579,23003,0.17253,1.6658759767859097,3.047298778610357,0.001836271600628423,0,1,772,11.0,0.1836271600628423,304.72987786103573,2025-03-19 14:29:00,2025-03-19 14:40:00
773,0,9654.424417966571,23004,0.17219,1.6623953405294287,23005,0.17252,1.665581300587593,-0.14201658318809818,-8.542888669481567e-05,0,1,773,1.0,-0.008542888669481568,-14.201658318809818,2025-03-19 14:41:00,2025-03-19 14:42:00
774,0,9636.29309887889,23006,0.1725,1.6622605595564437,23007,0.17235,1.6608151155917767,-4.768519639980059,-0.002868695652173817,0,1,774,1.0,-0.28686956521738166,-476.8519639980059,2025-03-19 14:43:00,2025-03-19 14:44:00
775,0,9637.994136434405,23041,0.172,1.657734991466441,23043,0.17232,1.6608191495903766,-0.23439601739770932,-0.00014139534883698287,0,1,775,2.0,-0.014139534883698287,-23.439601739770932,2025-03-19 15:18:00,2025-03-19 15:20:00
776,0,9664.796138215464,23120,0.1715,1.6575125377037239,23122,0.17182,1.660605272468181,-0.22538304594322445,-0.00013597667638486365,0,1,776,2.0,-0.013597667638486365,-22.538304594322444,2025-03-19 16:37:00,2025-03-19 16:39:00
777,0,9647.235797836312,23123,0.17179,1.6572986377100278,23125,0.17169,1.6563339141305167,-4.278356131623912,-0.0025815239536640345,0,1,777,2.0,-0.25815239536640344,-427.8356131623912,2025-03-19 16:40:00,2025-03-19 16:42:00
778,0,9646.623058485264,23126,0.17138,1.6532382597629294,23129,0.17172,1.6565181116030896,-0.029904531480850594,-1.8088458396271242e-05,0,1,778,3.0,-0.0018088458396271242,-2.9904531480850594,2025-03-19 16:43:00,2025-03-19 16:46:00
779,0,9621.194662394351,23131,0.17183,1.6532098788391068,23140,0.17155,1.6505159443337512,-5.99766032864331,-0.00362788802886569,0,1,779,9.0,-0.362788802886569,-599.766032864331,2025-03-19 16:48:00,2025-03-19 16:57:00
780,0,9611.561715257205,23142,0.17141,1.6475177936119962,23143,0.17144,1.6478061404636954,-3.0069770826178464,-0.0018251560585727873,0,1,780,1.0,-0.18251560585727875,-300.6977082617846,2025-03-19 16:59:00,2025-03-19 17:00:00
781,0,9616.231182589047,23145,0.17103,1.6446640191579718,23147,0.17104,1.6447601814700306,-3.1932618888020103,-0.0019415891948778882,0,1,781,2.0,-0.19415891948778882,-319.326188880201,2025-03-19 17:02:00,2025-03-19 17:04:00
782,0,9676.019397218372,23183,0.16966,1.6416334509319768,23192,0.16935,1.6386338849189312,-6.279833348988518,-0.0038253565955439213,0,1,782,9.0,-0.3825356595543921,-627.9833348988518,2025-03-19 17:40:00,2025-03-19 17:49:00
783,0,9648.853050568248,23193,0.16952,1.6356735691322228,23199,0.17013,1.641559369493176,2.608567422221189,0.0015947970740915912,0,1,783,6.0,0.15947970740915912,260.8567422221189,2025-03-19 17:50:00,2025-03-19 17:56:00
784,0,9560.810275009057,23203,0.17134,1.638149232519936,23208,0.16956,1.6211309902305355,-20.277522512266838,-0.012378312127932844,0,1,784,5.0,-1.2378312127932845,-2027.7522512266837,2025-03-19 18:00:00,2025-03-19 18:05:00
785,0,9506.193954993441,23233,0.1703,1.6189048305352571,23234,0.1709,1.624608546908379,2.4602029955524047,0.0015196711685261934,0,1,785,1.0,0.15196711685261935,246.02029955524048,2025-03-19 18:30:00,2025-03-19 18:31:00
786,0,9480.93385101269,23248,0.171,1.6212396885230191,23250,0.17088,1.6201019764610487,-4.379053727105704,-0.002701052631578924,0,1,786,2.0,-0.2701052631578924,-437.9053727105704,2025-03-19 18:45:00,2025-03-19 18:47:00
787,0,9348.385613524775,23256,0.17298,1.617083743427429,23305,0.17424,1.628862709300557,8.533019420313229,0.005276795005202966,0,1,787,49.0,0.5276795005202966,853.3019420313229,2025-03-19 18:53:00,2025-03-19 19:42:00
788,0,9347.647610759428,23306,0.17386,1.6251820136064907,23309,0.17416,1.627986307889862,-0.44887403826830674,-0.00027619924076821226,0,1,788,3.0,-0.027619924076821227,-44.88740382683068,2025-03-19 19:43:00,2025-03-19 19:46:00
789,0,9322.67620653323,23311,0.17428,1.6247560092745061,23315,0.17393,1.6214930726023247,-6.5091857541633455,-0.004006254303419649,0,1,789,4.0,-0.40062543034196485,-650.9185754163345,2025-03-19 19:48:00,2025-03-19 19:52:00
790,0,9308.059464932277,23318,0.17389,1.6185784603569573,23319,0.17406,1.6201608304661121,-1.6563691817845765,-0.0010233480936223294,0,1,790,1.0,-0.10233480936223294,-165.63691817845765,2025-03-19 19:55:00,2025-03-19 19:56:00
791,0,9272.35782793235,23363,0.17439,1.6170064816128615,23364,0.1743,1.6161719694086087,-4.067690655535128,-0.002515568553242414,0,1,791,1.0,-0.2515568553242414,-406.7690655535128,2025-03-19 20:40:00,2025-03-19 20:41:00
792,0,9275.21869788432,23368,0.17392,1.6131460359358698,23369,0.17395,1.6134242924969775,-2.94831376749625,-0.0018276793928241391,0,1,792,1.0,-0.18276793928241392,-294.831376749625,2025-03-19 20:45:00,2025-03-19 20:46:00
793,0,9250.62003651711,23370,0.17408,1.6103479359567245,23371,0.17415,1.6109954793594548,-2.5738000127601404,-0.0015982881433823433,0,1,793,1.0,-0.15982881433823434,-257.380001276014,2025-03-19 20:47:00,2025-03-19 20:48:00
794,0,9247.744111187216,23381,0.17387,1.6079052686120576,23382,0.17398,1.6089225204643518,-2.1995759368460077,-0.001367976074078414,0,1,794,1.0,-0.13679760740784142,-219.95759368460077,2025-03-19 20:58:00,2025-03-19 20:59:00
795,0,9182.397981368642,23391,0.17488,1.6058177589816296,23392,0.175,1.6069196467395124,-2.110849647956953,-0.001314501372369581,0,1,795,1.0,-0.1314501372369581,-211.0849647956953,2025-03-19 21:08:00,2025-03-19 21:09:00
796,0,9029.469964643908,23535,0.17762,1.6038144551198457,23536,0.17739,1.6017376770281826,-5.28233022401642,-0.0032936043238374598,0,1,796,1.0,-0.32936043238374596,-528.233022401642,2025-03-19 23:32:00,2025-03-19 23:33:00
797,0,9003.780225306908,23540,0.17757,1.5988012546076789,23548,0.17806,1.6032131069181481,1.2098379488746638,0.0007567156614294048,0,1,797,8.0,0.07567156614294047,120.98379488746637,2025-03-19 23:37:00,2025-03-19 23:45:00
798,0,8964.808945264329,23550,0.17847,1.59994945246126,23552,0.17846,1.5998598043718724,-3.289457346285472,-0.0020559757942509044,0,1,798,2.0,-0.20559757942509044,-328.9457346285472,2025-03-19 23:47:00,2025-03-19 23:49:00
799,0,8965.90449098804,23557,0.1781,1.5968275898449065,23559,0.17797,1.5956620222611415,-4.358057195934581,-0.002729197080291986,0,1,799,2.0,-0.2729197080291986,-435.8057195934581,2025-03-19 23:54:00,2025-03-19 23:56:00
800,0,8951.72870687472,23560,0.17792,1.5926915715269843,23595,0.17761,1.5899165356280187,-5.9576440062863565,-0.003740613758992821,0,1,800,35.0,-0.3740613758992821,-595.7644006286356,2025-03-19 23:57:00,2025-03-20 00:32:00
801,0,8930.490483534277,23597,0.17771,1.5870374638286648,23606,0.17676,1.5785534978695188,-11.649556921055604,-0.007340442293624221,0,1,801,9.0,-0.7340442293624221,-1164.9556921055603,2025-03-20 00:34:00,2025-03-20 00:43:00
802,0,8912.913928158157,23607,0.17682,1.5759814407767863,23608,0.17688,1.5765162156126151,-2.6177228206997696,-0.0016610111978281215,0,1,802,1.0,-0.16610111978281214,-261.77228206997694,2025-03-20 00:44:00,2025-03-20 00:45:00
803,0,8911.968104041618,23609,0.17656,1.5734970884493578,23615,0.17624,1.570645258656295,-5.995972140398944,-0.0038106026280016496,0,1,803,6.0,-0.381060262800165,-599.5972140398944,2025-03-20 00:46:00,2025-03-20 00:52:00
804,0,8878.732616373652,23617,0.17658,1.5678066053990278,23618,0.17655,1.5675402434207686,-3.4017088273107734,-0.002169724770641906,0,1,804,1.0,-0.2169724770641906,-340.1708827310773,2025-03-20 00:54:00,2025-03-20 00:55:00
805,0,8859.44626505269,23619,0.1766,1.5645782104081718,23620,0.17654,1.5640466436324019,-3.660191629943803,-0.0023394110985277047,0,1,805,1.0,-0.23394110985277047,-366.0191629943803,2025-03-20 00:56:00,2025-03-20 00:57:00
806,0,8794.954941229289,23633,0.1775,1.5611045020680194,23634,0.17759,1.5618960480129094,-2.3314546053703227,-0.0014934647887322986,0,1,806,1.0,-0.14934647887322985,-233.14546053703228,2025-03-20 01:10:00,2025-03-20 01:11:00
807,0,8809.787131180012,23640,0.17695,1.558891832862173,23657,0.17703,1.5595966158327974,-2.4137054782006633,-0.0015483469906753086,0,1,807,17.0,-0.15483469906753086,-241.37054782006632,2025-03-20 01:17:00,2025-03-20 01:34:00
808,0,8809.786085163207,23658,0.17669,1.5566011033872655,23664,0.17681,1.5576582777177066,-2.057085050885604,-0.0013215235723583645,0,1,808,6.0,-0.13215235723583646,-205.7085050885604,2025-03-20 01:35:00,2025-03-20 01:41:00
809,0,8813.70159797985,23667,0.17639,1.5546488248673995,23668,0.17671,1.5574692093790194,-0.2917335228926963,-0.0001876523612446876,0,1,809,1.0,-0.01876523612446876,-29.173352289269626,2025-03-20 01:44:00,2025-03-20 01:45:00
810,0,8805.642164575653,23670,0.17652,1.554371954890712,23671,0.17672,1.5561330833238092,-1.3493766052997191,-0.0008681169272604611,0,1,810,1.0,-0.08681169272604611,-134.9376605299719,2025-03-20 01:47:00,2025-03-20 01:48:00
811,0,8768.087437153546,23673,0.17713,1.5530913277427771,23674,0.17692,1.5512500293812055,-4.945639718926256,-0.0031843843504769207,0,1,811,1.0,-0.3184384350476921,-494.5639718926256,2025-03-20 01:50:00,2025-03-20 01:51:00
812,0,8755.42925458918,23685,0.17685,1.5483976636739953,23690,0.17676,1.5476096750411834,-3.883995971628263,-0.0025083969465648573,0,1,812,5.0,-0.2508396946564857,-388.3995971628263,2025-03-20 02:02:00,2025-03-20 02:07:00
813,0,8736.562149262556,23692,0.17681,1.5447115536110232,23695,0.17658,1.542702144316782,-5.096822992258258,-0.003299530569537906,0,1,813,3.0,-0.3299530569537906,-509.68229922582583,2025-03-20 02:09:00,2025-03-20 02:12:00
814,0,8736.876078939944,23696,0.17625,1.539874408912965,23706,0.17599,1.537602821132641,-5.34906501056982,-0.0034737021276593336,0,1,814,10.0,-0.3473702127659334,-534.906501056982,2025-03-20 02:13:00,2025-03-20 02:23:00
815,0,8726.392277054518,23707,0.17588,1.5347978736881487,23710,0.17607,1.536455888220989,-1.4132392292687015,-0.0009207982715486024,0,1,815,3.0,-0.09207982715486024,-141.32392292687015,2025-03-20 02:24:00,2025-03-20 02:27:00
816,0,8721.74176803876,23712,0.17582,1.5334566376563998,23714,0.17568,1.5322355938090495,-4.286736078990829,-0.002795472642475114,0,1,816,2.0,-0.2795472642475114,-428.6736078990829,2025-03-20 02:29:00,2025-03-20 02:31:00
817,0,8828.147695177082,24172,0.17324,1.5293883067122351,24183,0.17109,1.510407789167847,-22.02031364051094,-0.014398118217501657,0,1,817,11.0,-1.4398118217501656,-2202.031364051094,2025-03-20 10:09:00,2025-03-20 10:20:00
818,0,8783.567643842734,24187,0.17174,1.5084899071534892,24188,0.17147,1.5061183438897139,-5.3861715148807185,-0.003570571794573136,0,1,818,1.0,-0.3570571794573136,-538.6171514880718,2025-03-20 10:24:00,2025-03-20 10:25:00
819,0,8761.966173013185,24189,0.17158,1.5033781559654926,24194,0.17137,1.5015381430692694,-4.844929195367599,-0.003222694952791673,0,1,819,5.0,-0.3222694952791673,-484.4929195367599,2025-03-20 10:26:00,2025-03-20 10:31:00
820,0,8729.571153326659,24195,0.17169,1.4987800713145134,24198,0.17145,1.4966849742378556,-5.090562122350907,-0.0033964703826664332,0,1,820,3.0,-0.33964703826664333,-509.05621223509075,2025-03-20 10:32:00,2025-03-20 10:35:00
821,0,8708.533188581952,24200,0.17155,1.4939488685010929,24201,0.17155,1.493948868501234,-2.987897737002327,-0.0019999999999999055,0,1,821,1.0,-0.19999999999999055,-298.7897737002327,2025-03-20 10:37:00,2025-03-20 10:38:00
822,0,8677.839732981813,24204,0.17183,1.4911132013180577,24206,0.17159,1.489030519782349,-5.062825257016388,-0.0033953325961707265,0,1,822,2.0,-0.33953325961707265,-506.2825257016388,2025-03-20 10:41:00,2025-03-20 10:43:00
823,0,8655.92174132674,24209,0.17171,1.4863083222030582,24210,0.17186,1.4876067104644137,-1.6755267714681652,-0.001127307669908263,0,1,823,1.0,-0.11273076699082629,-167.5526771468165,2025-03-20 10:46:00,2025-03-20 10:47:00
824,0,8663.310549250742,24215,0.17138,1.4847181619304592,24216,0.17144,1.4852379605635475,-2.4501574895388627,-0.0016502509044227633,0,1,824,1.0,-0.16502509044227634,-245.01574895388626,2025-03-20 10:52:00,2025-03-20 10:53:00
825,0,8521.458022762825,24420,0.17396,1.4823928376397362,24421,0.17391,1.481966764738683,-3.3904325035164327,-0.0022871349735569964,0,1,825,1.0,-0.22871349735569965,-339.0432503516433,2025-03-20 14:17:00,2025-03-20 14:18:00
826,0,8584.383636786406,24464,0.17231,1.4791751444545298,24469,0.17239,1.4798618951456086,-2.2722863486571665,-0.0015361847832393784,0,1,826,5.0,-0.15361847832393785,-227.22863486571666,2025-03-20 15:01:00,2025-03-20 15:06:00
827,0,8567.890416723458,24470,0.17239,1.477018628938822,24471,0.17224,1.4757334453764483,-4.237935636823607,-0.002869249956493782,0,1,827,1.0,-0.28692499564937823,-423.79356368236074,2025-03-20 15:07:00,2025-03-20 15:08:00
828,0,8544.559499395631,24473,0.17239,1.4729966121005873,24474,0.17259,1.4747055240006919,-1.238790236222039,-0.0008410000580077747,0,1,828,1.0,-0.08410000580077748,-123.8790236222039,2025-03-20 15:10:00,2025-03-20 15:11:00
829,0,8547.159913190773,24478,0.1722,1.471820937051234,24479,0.17203,1.4703679198662087,-4.395206042159731,-0.002986236933797665,0,1,829,1.0,-0.29862369337976646,-439.5206042159731,2025-03-20 15:15:00,2025-03-20 15:16:00
830,0,8562.217271955338,24480,0.17141,1.4676496625856998,24486,0.17167,1.469875839076573,-0.7113490109540603,-0.000484685840966112,0,1,830,6.0,-0.0484685840966112,-71.13490109540604,2025-03-20 15:17:00,2025-03-20 15:23:00
831,0,8551.792912043325,24487,0.17154,1.466974556131845,24490,0.1719,1.4700532015802477,0.14161769062337193,9.653725078694377e-05,0,1,831,3.0,0.009653725078694378,14.161769062337193,2025-03-20 15:24:00,2025-03-20 15:27:00
832,0,8568.060261260298,24494,0.17123,1.4671089585353911,24502,0.17017,1.4580268146586648,-12.007279650130071,-0.008184313496466665,0,1,832,8.0,-0.8184313496466665,-1200.7279650130072,2025-03-20 15:31:00,2025-03-20 15:39:00
833,0,8546.43009680106,24512,0.17033,1.4557134383878747,24513,0.17035,1.4558843669900605,-2.7406692034420512,-0.0018826982915516163,0,1,833,1.0,-0.18826982915516163,-274.06692034420513,2025-03-20 15:49:00,2025-03-20 15:50:00
834,0,8586.612324526168,24546,0.16923,1.45311240367937,24547,0.16918,1.452683073063337,-3.3351260929689595,-0.002295160432547249,0,1,834,1.0,-0.2295160432547249,-333.51260929689596,2025-03-20 16:23:00,2025-03-20 16:24:00
835,0,8581.600373436473,24548,0.16896,1.4499471990957318,24554,0.16871,1.4478017990024674,-5.043149091457485,-0.0034781605113636863,0,1,835,6.0,-0.34781605113636865,-504.31490914574846,2025-03-20 16:25:00,2025-03-20 16:31:00
836,0,8607.272148090373,24563,0.1679,1.4451609936641034,24564,0.16778,1.4441281210066028,-3.922161772441374,-0.0027139964264440027,0,1,836,1.0,-0.27139964264440025,-392.2161772441374,2025-03-20 16:40:00,2025-03-20 16:41:00
837,0,8594.82834841039,24567,0.16771,1.441438662311839,24572,0.16713,1.4364536618698285,-7.862892766259657,-0.005454892373740313,0,1,837,5.0,-0.5454892373740313,-786.2892766259657,2025-03-20 16:44:00,2025-03-20 16:49:00
838,0,8574.362451983987,24573,0.16724,1.4339763764696727,24588,0.16763,1.4373203778260757,0.4727046019778174,0.00032964601769907333,0,1,838,15.0,0.032964601769907335,47.27046019778174,2025-03-20 16:50:00,2025-03-20 17:05:00
839,0,8559.643138924273,24589,0.16758,1.4344249972207308,24592,0.16811,1.4389616080845598,1.6632242583246126,0.0011595059076263737,0,1,839,3.0,0.11595059076263738,166.32242583246125,2025-03-20 17:06:00,2025-03-20 17:09:00
840,0,8559.357941120446,25439,0.16777,1.436003481781654,25440,0.1679,1.4371161983141227,-1.7604031477502466,-0.0012259045121297044,0,1,840,1.0,-0.12259045121297044,-176.04031477502465,2025-03-21 07:16:00,2025-03-21 07:17:00
841,0,8538.711569851726,25452,0.16798,1.4343327695034986,25453,0.1678,1.4327958014211197,-4.404096653497758,-0.003070484581497543,0,1,841,1.0,-0.3070484581497543,-440.4096653497758,2025-03-21 07:29:00,2025-03-21 07:30:00
842,0,8524.486245425156,25459,0.16777,1.4301530573948185,25460,0.16778,1.430238302257433,-2.7751464971978774,-0.0019404541932405489,0,1,842,1.0,-0.1940454193240549,-277.51464971978777,2025-03-21 07:36:00,2025-03-21 07:37:00
843,0,8536.263242110012,25517,0.16723,1.427519301978009,25523,0.16789,1.4331532357178498,2.7732612020967515,0.0019427136279376066,0,1,843,6.0,0.19427136279376067,277.32612020967514,2025-03-21 08:34:00,2025-03-21 08:40:00
844,0,8537.706812452234,25527,0.16751,1.4301512681536224,25528,0.16767,1.4315173012438662,-1.4956354794050184,-0.0010457883111453488,0,1,844,1.0,-0.10457883111453488,-149.56354794050185,2025-03-21 08:44:00,2025-03-21 08:45:00
845,0,8555.280442411437,25621,0.167,1.4287318338824662,25647,0.16681,1.4271063305986518,-4.481341448539259,-0.003136586826347112,0,1,845,26.0,-0.3136586826347112,-448.1341448539259,2025-03-21 10:18:00,2025-03-21 10:44:00
846,0,8525.218819366524,25648,0.16709,1.4244788125276955,25655,0.16726,1.4259280997272448,-1.401119712962683,-0.0009836016518042726,0,1,846,7.0,-0.09836016518042726,-140.11197129626828,2025-03-21 10:45:00,2025-03-21 10:52:00
847,0,8523.381916120446,25693,0.16697,1.4231490785343794,25695,0.16708,1.4240866505454042,-1.909663718306546,-0.0013418578187696702,0,1,847,2.0,-0.13418578187696703,-190.9663718306546,2025-03-21 11:30:00,2025-03-21 11:32:00
848,0,8524.780845501133,25763,0.16673,1.4213367103702694,25783,0.16618,1.4166480809053783,-7.52661425630119,-0.005295447729862501,0,1,848,20.0,-0.5295447729862501,-752.6614256301191,2025-03-21 12:40:00,2025-03-21 13:00:00
849,0,8495.696082946779,25789,0.16646,1.4141935699672104,25802,0.16671,1.4163174939880576,-0.7065870432185732,-0.0004996395530456987,0,1,849,13.0,-0.049963955304569874,-70.65870432185733,2025-03-21 13:06:00,2025-03-21 13:19:00
850,0,8489.117667787923,25803,0.16651,1.4135229828632419,25812,0.16595,1.4087690769694057,-7.576197953793893,-0.0053597982103176164,0,1,850,9.0,-0.5359798210317617,-757.6197953793893,2025-03-21 13:20:00,2025-03-21 13:29:00
851,0,8453.043126796425,25813,0.16637,1.4063327850049063,25839,0.16675,1.409544941393304,0.39627866178463744,0.00028178157119702955,0,1,851,26.0,0.028178157119702955,39.62786617846375,2025-03-21 13:30:00,2025-03-21 13:56:00
852,0,8429.968680081358,25840,0.16687,1.4067088736451296,25844,0.16636,1.4024095896183348,-7.108402490104643,-0.005053215077605066,0,1,852,4.0,-0.5053215077605067,-710.8402490104643,2025-03-21 13:57:00,2025-03-21 14:01:00
853,0,8449.288656622042,25848,0.16569,1.3999626375155003,25877,0.16665,1.4080739546260634,5.303280518215486,0.003788158609451452,0,1,853,29.0,0.37881586094514524,530.3280518215486,2025-03-21 14:05:00,2025-03-21 14:34:00
854,0,8445.006437005482,25880,0.16637,1.4049957209244894,25881,0.16633,1.404657920667122,-3.1474538990716234,-0.002240187533809955,0,1,854,1.0,-0.22401875338099547,-314.74538990716235,2025-03-21 14:37:00,2025-03-21 14:38:00
855,0,8444.817653382688,25882,0.16602,1.4020086268144496,25884,0.16603,1.402093074991128,-2.7196535252716805,-0.001939826526924314,0,1,855,2.0,-0.1939826526924314,-271.965352527168,2025-03-21 14:39:00,2025-03-21 14:41:00
856,0,8434.859484391207,25894,0.16591,1.3994275370550895,25898,0.16641,1.4036449667975408,1.4143572383430605,0.0010106684346937536,0,1,856,4.0,0.10106684346937536,141.43572383430606,2025-03-21 14:51:00,2025-03-21 14:55:00
857,0,8405.963959041595,25900,0.16664,1.4007698341345076,25901,0.16668,1.4011060726930533,-2.465637348465932,-0.0017602016322610557,0,1,857,1.0,-0.17602016322610556,-246.5637348465932,2025-03-21 14:57:00,2025-03-21 14:58:00
858,0,8419.711112463812,25907,0.16609,1.3984298186690012,25910,0.16585,1.3964090880021234,-4.815569573662209,-0.0034435546992591924,0,1,858,3.0,-0.34435546992591926,-481.5569573662209,2025-03-21 15:04:00,2025-03-21 15:07:00
859,0,8383.61360396373,25913,0.16626,1.3938595977947443,25958,0.16558,1.3881587405443145,-8.482875589034267,-0.006085889570551865,0,1,859,45.0,-0.6085889570551865,-848.2875589034267,2025-03-21 15:10:00,2025-03-21 15:55:00
860,0,8372.961855274943,25962,0.16551,1.3858089166662921,25966,0.16528,1.3838831354398429,-4.695473278819206,-0.0033882544861334584,0,1,860,4.0,-0.33882544861334585,-469.5473278819206,2025-03-21 15:59:00,2025-03-21 16:03:00
861,0,8340.494344252198,25970,0.16562,1.3813526732949413,25971,0.16573,1.3822701276729168,-1.8461684231001874,-0.0013364931771524913,0,1,861,1.0,-0.13364931771524913,-184.61684231001874,2025-03-21 16:07:00,2025-03-21 16:08:00
862,0,8329.412337143018,25972,0.16563,1.3796005654007786,25974,0.16585,1.3814330361151694,-0.9285628873444982,-0.0006730664734648031,0,1,862,2.0,-0.06730664734648031,-92.85628873444982,2025-03-21 16:09:00,2025-03-21 16:11:00
863,0,8295.044292831419,25975,0.16621,1.3787193119112544,25976,0.16615,1.37822160925394,-3.2546435787349837,-0.0023606281210514267,0,1,863,1.0,-0.23606281210514268,-325.4643578734984,2025-03-21 16:12:00,2025-03-21 16:13:00
864,0,8294.925767814093,25978,0.16584,1.3756304893340712,25979,0.16573,1.3747180474998295,-3.662790371293415,-0.002662626628075069,0,1,864,1.0,-0.2662626628075069,-366.2790371293415,2025-03-21 16:15:00,2025-03-21 16:16:00
865,0,8282.954935749354,25983,0.16566,1.3721543146561999,25984,0.16563,1.3719058260081656,-2.9925487887368183,-0.0021809127127851748,0,1,865,1.0,-0.21809127127851746,-299.25487887368183,2025-03-21 16:20:00,2025-03-21 16:21:00
866,0,8238.95447285323,25989,0.1662,1.3693142333879678,25990,0.16626,1.369808570656578,-2.2447855356732633,-0.0016393501805051763,0,1,866,1.0,-0.16393501805051763,-224.47855356732634,2025-03-21 16:26:00,2025-03-21 16:27:00
867,0,8224.651492180472,25992,0.16623,1.367183817545083,25996,0.16671,1.3711316502614066,1.2095172484402044,0.00088467785598278,0,1,867,4.0,0.088467785598278,120.95172484402043,2025-03-21 16:29:00,2025-03-21 16:33:00
868,0,8202.935741488433,25997,0.16681,1.3683317110376265,25999,0.16661,1.366691123889388,-4.375609983224769,-0.0031977699178706376,0,1,868,2.0,-0.31977699178706376,-437.5609983224769,2025-03-21 16:34:00,2025-03-21 16:36:00
869,0,8155.5511103630615,26417,0.16727,1.3641790342303466,26430,0.16728,1.3642605897415332,-2.646884112868164,-0.0019402762001553145,0,1,869,13.0,-0.19402762001553145,-264.6884112868164,2025-03-21 23:34:00,2025-03-21 23:47:00
870,0,8158.580026070006,26436,0.1669,1.361667006350899,26437,0.16703,1.3627276217544733,-1.6637792247161798,-0.0012218693828637873,0,1,870,1.0,-0.12218693828637874,-166.37792247161798,2025-03-21 23:53:00,2025-03-21 23:54:00
871,0,8144.727199825475,26438,0.16699,1.3600879950986382,26441,0.16725,1.3622056241708107,-0.6046645473146965,-0.0004445775196116979,0,1,871,3.0,-0.044457751961169786,-60.46645473146965,2025-03-21 23:55:00,2025-03-21 23:58:00
872,0,8148.121891737304,27847,0.16685,1.3595141376363244,27848,0.16689,1.359840062512039,-2.393429324478693,-0.001760503446209006,0,1,872,1.0,-0.1760503446209006,-239.34293244786932,2025-03-22 23:24:00,2025-03-22 23:25:00
873,0,8111.658207413856,27942,0.16732,1.3572426512644142,27943,0.16729,1.356999301518264,-2.957591699004971,-0.0021791178579965097,0,1,873,1.0,-0.21791178579965098,-295.7591699004971,2025-03-23 00:59:00,2025-03-23 01:00:00
874,0,7858.179078995361,29383,0.17236,1.3544357460555148,29386,0.17205,1.3519997105411519,-5.142470971085261,-0.003796762589927989,0,1,874,3.0,-0.3796762589927989,-514.2470971085262,2025-03-24 01:00:00,2025-03-24 01:03:00
875,0,7862.708454323382,29389,0.17164,1.3495552790998318,29401,0.1715,1.3484544999164603,-3.7987889626213196,-0.0028148450244694654,0,1,875,12.0,-0.28148450244694656,-379.87889626213195,2025-03-24 01:06:00,2025-03-24 01:18:00
876,0,7834.400668392579,29407,0.1718,1.3459500348296842,29409,0.17165,1.3447748747295862,-3.8658850098183337,-0.0028722351571594993,0,1,876,2.0,-0.28722351571594995,-386.58850098183336,2025-03-24 01:24:00,2025-03-24 01:26:00
877,0,7836.307507690789,29411,0.17129,1.3422811129921683,29414,0.17146,1.3436132852686626,-1.3537221219534843,-0.0010085235565414636,0,1,877,3.0,-0.10085235565414637,-135.37221219534842,2025-03-24 01:28:00,2025-03-24 01:31:00
878,0,7837.500652996867,29418,0.1711,1.340996361727548,29419,0.17109,1.3409179867212337,-2.7602893549790046,-0.002058386908240823,0,1,878,1.0,-0.2058386908240823,-276.0289354979005,2025-03-24 01:35:00,2025-03-24 01:36:00
879,0,7693.146556853283,29526,0.17397,1.3383767064956373,29529,0.17413,1.3396076099448622,-1.4470808673441682,-0.001081220900155248,0,1,879,3.0,-0.10812209001552481,-144.7080867344168,2025-03-24 03:23:00,2025-03-24 03:26:00
880,0,7673.343394313932,29530,0.17424,1.3370033530250112,29532,0.17405,1.3355454177803399,-4.130484015724905,-0.003089359504131976,0,1,880,2.0,-0.3089359504131976,-413.0484015724905,2025-03-24 03:27:00,2025-03-24 03:29:00
881,0,7659.197433209399,29533,0.17405,1.333083313249972,29535,0.17346,1.3285643867645025,-7.180574185607985,-0.005386440677965983,0,1,881,2.0,-0.5386440677965983,-718.0574185607985,2025-03-24 03:30:00,2025-03-24 03:32:00
882,0,7621.795198577748,29538,0.17401,1.3262685825043263,29539,0.17394,1.3257350568406137,-3.185529303245204,-0.002401873455548256,0,1,882,1.0,-0.2401873455548256,-318.5529303245204,2025-03-24 03:35:00,2025-03-24 03:36:00
883,0,7431.875051367815,30168,0.17805,1.3232453528958104,30181,0.18474,1.3729645969896902,47.02303414376506,0.03553614153327725,0,1,883,13.0,3.553614153327725,4702.303414376506,2025-03-24 14:05:00,2025-03-24 14:18:00
884,0,7462.887271959379,30264,0.18329,1.3678726080772776,30274,0.18311,1.366529288368482,-4.077721605398536,-0.002981068252495994,0,1,884,10.0,-0.2981068252495994,-407.7721605398536,2025-03-24 15:41:00,2025-03-24 15:51:00
885,0,7398.983686020427,30286,0.18435,1.3640026425177894,30298,0.18369,1.3591193132850923,-7.606451188576457,-0.005576566314076498,0,1,885,12.0,-0.5576566314076498,-760.6451188576457,2025-03-24 16:03:00,2025-03-24 16:15:00
886,0,7395.93204032945,30300,0.18345,1.3567837327982488,30310,0.18132,1.3410303975525357,-18.451149376252566,-0.013599182338511756,0,1,886,10.0,-1.3599182338511757,-1845.1149376252565,2025-03-24 16:17:00,2025-03-24 16:27:00
887,0,7306.850629995221,30429,0.18329,1.339272651971669,30430,0.1836,1.3415377756671227,-0.4156867323401934,-0.00031038245403441466,0,1,887,1.0,-0.031038245403441467,-41.568673234019336,2025-03-24 18:26:00,2025-03-24 18:27:00
888,0,7291.967453210549,30431,0.18361,1.3388781440837647,30432,0.18357,1.3385864653858606,-2.969143307598033,-0.002217635205054013,0,1,888,1.0,-0.22176352050540132,-296.9143307598033,2025-03-24 18:28:00,2025-03-24 18:29:00
889,0,7263.960614418773,30441,0.18393,1.336060275809814,30442,0.18403,1.3367866718714867,-1.946450886239454,-0.0014568585875059665,0,1,889,1.0,-0.14568585875059664,-194.6450886239454,2025-03-24 18:38:00,2025-03-24 18:39:00
890,0,7235.036032477513,30443,0.18441,1.334212994749123,30444,0.18401,1.3313189803361873,-5.5595463880761375,-0.004166910688140382,0,1,890,1.0,-0.41669106881403817,-555.9546388076137,2025-03-24 18:40:00,2025-03-24 18:41:00
891,0,7200.177179245174,30446,0.18457,1.3289367019731344,30451,0.18423,1.3264886417323385,-5.103485584648751,-0.003840277401527704,0,1,891,5.0,-0.3840277401527704,-510.34855846487505,2025-03-24 18:43:00,2025-03-24 18:48:00
892,0,7167.721724331202,30452,0.18473,1.3240932341354892,30523,0.18651,1.3368517788050125,10.097599656368956,0.007626048828019372,0,1,892,71.0,0.7626048828019372,1009.7599656368957,2025-03-24 18:49:00,2025-03-24 20:00:00
893,0,7116.736236247153,30525,0.1874,1.3336763706724923,30558,0.18713,1.3317548518889297,-4.586950006348145,-0.0034393276414085767,0,1,893,33.0,-0.34393276414085766,-458.6950006348145,2025-03-24 20:02:00,2025-03-24 20:35:00
894,0,7104.120999443899,30559,0.18712,1.3293231214158823,30574,0.18523,1.3158963327269935,-16.072008143091693,-0.012090369816160594,0,1,894,15.0,-1.2090369816160593,-1607.2008143091693,2025-03-24 20:36:00,2025-03-24 20:51:00
895,0,7091.963769413279,30622,0.18529,1.314069966834495,30623,0.18553,1.3157720381392455,-0.9277707003146833,-0.0007060283879324593,0,1,895,1.0,-0.07060283879324593,-92.77707003146833,2025-03-24 21:39:00,2025-03-24 21:40:00
896,0,7103.312950564997,30654,0.18487,1.313189465170808,30669,0.18411,1.3077909473285214,-8.019498254928886,-0.006106885919835572,0,1,896,15.0,-0.6106885919835572,-801.9498254928885,2025-03-24 22:11:00,2025-03-24 22:26:00
897,0,7107.510222337625,30672,0.18369,1.3055785527410535,30676,0.18382,1.3065025290701024,-1.6881047529071376,-0.0012929936305730403,0,1,897,4.0,-0.12929936305730402,-168.81047529071375,2025-03-24 22:29:00,2025-03-24 22:33:00
898,0,7089.525663694636,30677,0.18393,1.303976455323209,30678,0.18408,1.3050398841729087,-1.5455874899419608,-0.0011852878812590928,0,1,898,1.0,-0.11852878812590928,-154.5587489941961,2025-03-24 22:34:00,2025-03-24 22:35:00
899,0,7119.094960915958,30706,0.18296,1.302509614049086,30713,0.18304,1.303079141646057,-2.036061158821857,-0.0015631832094446052,0,1,899,7.0,-0.15631832094446052,-203.60611588218572,2025-03-24 23:03:00,2025-03-24 23:10:00
900,0,7112.809889385169,30714,0.18285,1.300577288273871,30735,0.18248,1.2979455486150058,-5.230262495961414,-0.004021493027071229,0,1,900,21.0,-0.4021493027071229,-523.0262495961414,2025-03-24 23:11:00,2025-03-24 23:32:00
901,0,7107.820400968293,30737,0.18228,1.2956135026884112,30740,0.18202,1.2937654693842486,-4.437412276324317,-0.00342495062541131,0,1,901,3.0,-0.342495062541131,-443.74122763243173,2025-03-24 23:34:00,2025-03-24 23:37:00
902,0,7089.77311203033,30741,0.18215,1.291402172356129,30742,0.18228,1.2923238428608885,-1.6620555106530548,-0.001287016195443149,0,1,902,1.0,-0.12870161954431492,-166.20555106530549,2025-03-24 23:38:00,2025-03-24 23:39:00
903,0,7077.227967059334,30744,0.18225,1.2898247969965269,30746,0.18216,1.289187846479528,-3.215963160511585,-0.002493333333333452,0,1,903,2.0,-0.2493333333333452,-321.5963160511585,2025-03-24 23:41:00,2025-03-24 23:43:00
904,0,7060.868547557985,30747,0.18224,1.286772684106836,30748,0.18233,1.2874081622762474,-1.9387026771030065,-0.0015066395961369702,0,1,904,1.0,-0.15066395961369702,-193.87026771030065,2025-03-24 23:44:00,2025-03-24 23:45:00
905,0,6983.709747765289,30782,0.18399,1.2849327564911164,30785,0.18393,1.2845137339064698,-2.9884690752632017,-0.002325778574922145,0,1,905,3.0,-0.23257785749221452,-298.8469075263202,2025-03-25 00:19:00,2025-03-25 00:22:00
906,0,6930.626234278865,30799,0.18499,1.2820965470791634,30800,0.1851,1.2828589159650179,-1.8025865772734975,-0.0014059678901561527,0,1,906,1.0,-0.14059678901561526,-180.25865772734974,2025-03-25 00:36:00,2025-03-25 00:37:00
907,0,6886.756672640593,30803,0.18592,1.2803858005772781,30853,0.18389,1.2664056845318787,-16.52690753056952,-0.012907756024096306,0,1,907,50.0,-1.2907756024096306,-1652.690753056952,2025-03-25 00:40:00,2025-03-25 01:30:00
908,0,6892.103124253815,31088,0.1835,1.2647009233003246,31089,0.18359,1.265321212581758,-1.9097328546991055,-0.0015100272479560996,0,1,908,1.0,-0.15100272479560997,-190.97328546991054,2025-03-25 05:25:00,2025-03-25 05:26:00
909,0,6882.60117457294,31090,0.18349,1.262888489522311,31092,0.18367,1.2641273577338121,-1.2881476358327997,-0.0010200010899774404,0,1,909,2.0,-0.10200010899774405,-128.81476358327996,2025-03-25 05:27:00,2025-03-25 05:29:00
910,0,6860.235831581121,31094,0.18391,1.2616659717859875,31096,0.18428,1.2642042590437688,0.012417026855185975,9.841770431208308e-06,0,1,910,2.0,0.0009841770431208308,1.2417026855185975,2025-03-25 05:31:00,2025-03-25 05:33:00
911,0,6839.473931681061,31097,0.18447,1.2616777561770505,31100,0.18397,1.2582580192113648,-5.939672741228872,-0.004707757358919968,0,1,911,3.0,-0.47077573589199684,-593.9672741228871,2025-03-25 05:34:00,2025-03-25 05:37:00
912,0,6797.860605753586,31117,0.18477,1.256040704124871,31118,0.18474,1.2558367683069176,-2.715813290604356,-0.002162201656112799,0,1,912,1.0,-0.2162201656112799,-271.5813290604356,2025-03-25 05:54:00,2025-03-25 05:55:00
913,0,6779.141476171968,31136,0.1849,1.2534632589440662,31161,0.18438,1.2499381053765874,-6.028554931930204,-0.004809518658734448,0,1,913,25.0,-0.48095186587344474,-602.8554931930204,2025-03-25 06:13:00,2025-03-25 06:38:00
914,0,6779.363505377033,31164,0.18405,1.247741853164598,31198,0.18349,1.2439454096016318,-6.288130825777283,-0.005039608801955886,0,1,914,34.0,-0.5039608801955886,-628.8130825777283,2025-03-25 06:41:00,2025-03-25 07:15:00
915,0,6751.707789455645,31200,0.18392,1.2417740966366182,31202,0.18394,1.2419091307924714,-2.3486490716400183,-0.0018913658112222525,0,1,915,2.0,-0.18913658112222526,-234.86490716400183,2025-03-25 07:17:00,2025-03-25 07:19:00
916,0,6759.065974187551,31214,0.18339,1.2395451090060305,31215,0.18353,1.240491378242641,-1.5337672508625564,-0.0012373629968918031,0,1,916,1.0,-0.12373629968918032,-153.37672508625565,2025-03-25 07:31:00,2025-03-25 07:32:00
917,0,6767.365322444386,31219,0.18295,1.2380894857410567,31220,0.1828,1.2370743809428337,-3.4902686650506825,-0.0028190762503416157,0,1,917,1.0,-0.28190762503416156,-349.02686650506826,2025-03-25 07:36:00,2025-03-25 07:37:00
918,0,6756.645925866983,31224,0.18275,1.234777042952146,31229,0.18259,1.2336959796040523,-3.5495363706949394,-0.0028746374829001194,0,1,918,5.0,-0.2874637482900119,-354.95363706949394,2025-03-25 07:41:00,2025-03-25 07:46:00
919,0,6620.475011241357,31351,0.186,1.2314083520907388,31363,0.18566,1.2291573905870703,-4.711527246499863,-0.0038261290322579343,0,1,919,12.0,-0.38261290322579344,-471.15272464998634,2025-03-25 09:48:00,2025-03-25 10:00:00
920,0,6630.2992309436495,31369,0.18505,1.226936872685883,31371,0.18512,1.2274009936322885,-1.990216920152095,-0.0016221021345580154,0,1,920,2.0,-0.16221021345580153,-199.02169201520948,2025-03-25 10:06:00,2025-03-25 10:08:00
921,0,6630.483088489038,31373,0.18476,1.2250480554291698,31402,0.18611,1.2339992075986947,6.492104906432237,0.0052994695821606125,0,1,921,29.0,0.5299469582160612,649.2104906432237,2025-03-25 10:10:00,2025-03-25 10:39:00
922,0,6620.829176984418,31427,0.18596,1.2312093937518966,31428,0.1858,1.230150061083705,-3.52069212315304,-0.002859539685953811,0,1,922,1.0,-0.2859539685953811,-352.069212315304,2025-03-25 11:04:00,2025-03-25 11:05:00
923,0,6617.807898842446,31429,0.18554,1.227868077551193,31436,0.18577,1.229390173367961,-0.9351624341856002,-0.0007616147461465253,0,1,923,7.0,-0.07616147461465253,-93.51624341856002,2025-03-25 11:06:00,2025-03-25 11:13:00
924,0,6604.481433714862,31438,0.18578,1.2269805607554645,31439,0.18623,1.229952577400719,0.5150835070156508,0.00041979761007662086,0,1,924,1.0,0.041979761007662084,51.50835070156508,2025-03-25 11:15:00,2025-03-25 11:16:00
925,0,6601.0723379764495,31461,0.18595,1.2274694012464806,31479,0.18629,1.229713765841633,-0.21281857217590083,-0.00017337994084393833,0,1,925,18.0,-0.017337994084393835,-21.281857217590083,2025-03-25 11:38:00,2025-03-25 11:56:00
926,0,6591.124734580136,31483,0.1862,1.2272674255787024,31658,0.19179,1.2641118128451243,34.35300802787905,0.027991460794844283,0,1,926,175.0,2.7991460794844283,3435.300802787905,2025-03-25 12:00:00,2025-03-25 14:55:00
927,0,6566.269768334992,31813,0.19187,1.259870180450207,31818,0.19223,1.2622340375670356,-0.1582471014165585,-0.00012560587898030988,0,1,927,5.0,-0.012560587898030988,-15.824710141655851,2025-03-25 17:30:00,2025-03-25 17:35:00
928,0,6558.991960265807,31819,0.19206,1.2597199958884175,31820,0.19217,1.2604414850042804,-1.7986723652633874,-0.0014278350515461496,0,1,928,1.0,-0.14278350515461496,-179.86723652633873,2025-03-25 17:36:00,2025-03-25 17:37:00
929,0,6553.516170938561,31829,0.19196,1.2580129641733038,31918,0.19254,1.2618140035525105,1.2812124114185988,0.0010184413419463264,0,1,929,89.0,0.10184413419463265,128.12124114185988,2025-03-25 17:46:00,2025-03-25 19:15:00
930,0,6550.636737389371,31921,0.19223,1.2592289000281198,31922,0.19225,1.2593599127631068,-2.387576078043371,-0.001896062009051413,0,1,930,1.0,-0.1896062009051413,-238.7576078043371,2025-03-25 19:18:00,2025-03-25 19:19:00
931,0,6544.296187252358,31923,0.19207,1.2569629686854569,31928,0.19212,1.2572901834949233,-2.1870383428174947,-0.0017399385640648895,0,1,931,5.0,-0.17399385640648896,-218.70383428174947,2025-03-25 19:20:00,2025-03-25 19:25:00
932,0,6564.591744458562,31931,0.19116,1.2548873578705297,31951,0.19132,1.255937692549812,-1.4604903713069937,-0.0011638418079094872,0,1,932,20.0,-0.11638418079094873,-146.04903713069936,2025-03-25 19:28:00,2025-03-25 19:48:00
933,0,6552.88451094009,31952,0.19129,1.2535012780977013,31953,0.19147,1.2546807973096992,-1.3286628634380366,-0.0010599613152803239,0,1,933,1.0,-0.10599613152803239,-132.86628634380367,2025-03-25 19:49:00,2025-03-25 19:50:00
934,0,6572.404919677821,31966,0.19053,1.252240309346007,31967,0.19099,1.2552636156092671,0.515802338096562,0.0004119036372226815,0,1,934,1.0,0.04119036372226815,51.58023380965619,2025-03-25 20:03:00,2025-03-25 20:04:00
935,0,6600.262550288243,32005,0.1898,1.252729832044679,32006,0.18999,1.2539838819292632,-1.2526638294192813,-0.0009999473129610722,0,1,935,1.0,-0.09999473129610721,-125.26638294192813,2025-03-25 20:42:00,2025-03-25 20:43:00
936,0,6584.9783765576985,32008,0.19006,1.2515409902484862,32018,0.18963,1.2487094495466362,-5.331791141715071,-0.004260180995475167,0,1,936,10.0,-0.42601809954751674,-533.1791141715071,2025-03-25 20:45:00,2025-03-25 20:55:00
937,0,6565.608895472058,32019,0.18985,1.2464808488052768,32020,0.18989,1.246743473161189,-2.230599966147622,-0.0017895180405582915,0,1,937,1.0,-0.17895180405582914,-223.0599966147622,2025-03-25 20:56:00,2025-03-25 20:57:00
938,0,6552.042416757291,32021,0.18992,1.2443638957904568,32024,0.18996,1.2446259774872148,-2.2269081766076058,-0.0017895956192081981,0,1,938,3.0,-0.1789595619208198,-222.6908176607606,2025-03-25 20:58:00,2025-03-25 21:01:00
939,0,6529.225514937907,32025,0.19026,1.2422504464718713,32031,0.19112,1.2478655804149328,3.1250179159597646,0.00251561021759712,0,1,939,6.0,0.251561021759712,312.50179159597644,2025-03-25 21:02:00,2025-03-25 21:08:00
940,0,6501.7556792555815,32032,0.19152,1.2452162476909052,32113,0.18901,1.2288968409360976,-18.793519843558382,-0.015092575187969722,0,1,940,81.0,-1.5092575187969721,-1879.351984355838,2025-03-25 21:09:00,2025-03-25 22:30:00
941,0,6467.725350937934,32141,0.18977,1.2273802398474345,32174,0.19001,1.2289324939317172,-0.9040586495538552,-0.000736575854982144,0,1,941,33.0,-0.0736575854982144,-90.40586495538551,2025-03-25 22:58:00,2025-03-25 23:31:00
942,0,6440.465459610034,32180,0.19044,1.2265222421281123,32181,0.19037,1.2260714095459622,-2.903426233846854,-0.0023672022684310466,0,1,942,1.0,-0.23672022684310465,-290.3426233846854,2025-03-25 23:37:00,2025-03-25 23:38:00
943,0,6417.235147904578,32190,0.1907,1.2237667427052656,32192,0.19079,1.2243442938687144,-1.8705598732627526,-0.0015285264813844116,0,1,943,2.0,-0.15285264813844116,-187.05598732627527,2025-03-25 23:47:00,2025-03-25 23:49:00
944,0,6447.483174602578,32210,0.18953,1.2219914860822882,32213,0.18979,1.2236678317078233,-0.7693136923935047,-0.000629557326016928,0,1,944,3.0,-0.0629557326016928,-76.93136923935046,2025-03-26 00:07:00,2025-03-26 00:10:00
945,0,6418.2329629627,32219,0.19028,1.2212613681924722,32312,0.19495,1.2512345161295784,27.50065205271367,0.022518236283371854,0,1,945,93.0,2.2518236283371853,2750.0652052713667,2025-03-26 00:16:00,2025-03-26 01:49:00
946,0,6405.262853664838,32313,0.19474,1.2473608881225573,32316,0.19497,1.2488340985790336,-1.0229845303586507,-0.0008201191332031166,0,1,946,3.0,-0.08201191332031166,-102.29845303586507,2025-03-26 01:50:00,2025-03-26 01:53:00
947,0,6378.65928190015,32317,0.1954,1.2463900236832615,32323,0.19473,1.2421163219644162,-6.7622080645207765,-0.005425435005117684,0,1,947,6.0,-0.5425435005117685,-676.2208064520777,2025-03-26 01:54:00,2025-03-26 02:00:00
948,0,6361.768732758585,32324,0.19491,1.2399723437017656,32358,0.19295,1.2275032769857692,-14.936542336894261,-0.012045867323379771,0,1,948,34.0,-1.204586732337977,-1493.654233689426,2025-03-26 02:01:00,2025-03-26 02:35:00
949,0,6413.41915984726,32453,0.19113,1.2257968040214564,32455,0.19133,1.2270794878535762,-1.1701924599055256,-0.0009546382043633546,0,1,949,2.0,-0.09546382043633546,-117.01924599055256,2025-03-26 04:10:00,2025-03-26 04:12:00
950,0,6410.627260034344,32458,0.19104,1.2246862317567775,32459,0.19105,1.2247503380295615,-2.385330297185955,-0.001947707286431978,0,1,950,1.0,-0.1947707286431978,-238.53302971859551,2025-03-26 04:15:00,2025-03-26 04:16:00
951,0,6280.427619063998,32610,0.19464,1.2224224317744756,32612,0.19441,1.2209779334222317,-3.887898717581633,-0.003180487053021015,0,1,951,2.0,-0.3180487053021015,-388.7898717581633,2025-03-26 06:47:00,2025-03-26 06:49:00
952,0,6212.001721835372,32648,0.19619,1.218732617806836,32658,0.1993,1.2380519431617898,16.862540793939335,0.013836128243029714,0,1,952,10.0,1.3836128243029715,1686.2540793939336,2025-03-26 07:25:00,2025-03-26 07:35:00
953,0,6174.915123778657,32659,0.19996,1.2347360281505644,32698,0.20254,1.2506673091701292,13.44587768202825,0.010889677935587299,0,1,953,39.0,1.0889677935587299,1344.587768202825,2025-03-26 07:36:00,2025-03-26 08:15:00
954,0,6147.121568570671,32699,0.20294,1.247496851125561,32713,0.20334,1.2499556997531602,-0.03860392345062458,-3.0945106928156714e-05,0,1,954,14.0,-0.0030945106928156716,-3.8603923450624578,2025-03-26 08:16:00,2025-03-26 08:30:00
955,0,6134.245741716878,32714,0.20336,1.2474602140353,32717,0.20295,1.2449451732814403,-5.007446141420861,-0.004014112903225771,0,1,955,3.0,-0.4014112903225771,-500.74461414208605,2025-03-26 08:31:00,2025-03-26 08:34:00
956,0,6115.688447454268,32719,0.2032,1.2427078925225032,32720,0.20345,1.2442368146345708,-0.9580225952935799,-0.0007709153543306031,0,1,956,1.0,-0.07709153543306031,-95.802259529358,2025-03-26 08:36:00,2025-03-26 08:37:00
957,0,6098.908109962337,32721,0.20361,1.2417986802693122,32723,0.20362,1.241859669350531,-2.422669268520365,-0.0019509356121998145,0,1,957,2.0,-0.19509356121998145,-242.2669268520365,2025-03-26 08:38:00,2025-03-26 08:40:00
958,0,6122.496634729097,32729,0.20245,1.239499443700879,32744,0.20254,1.2400504683980313,-1.9285252149731702,-0.0015558903432945212,0,1,958,15.0,-0.15558903432945212,-192.852521497317,2025-03-26 08:46:00,2025-03-26 09:01:00
959,0,6117.989001558905,32745,0.2023,1.2376691750152986,32763,0.20323,1.2433589047868163,3.208701691647605,0.0025925358378645624,0,1,959,18.0,0.25925358378645624,320.8701691647605,2025-03-26 09:02:00,2025-03-26 09:20:00
960,0,6065.876583558454,32769,0.20454,1.2407143964010174,32776,0.20464,1.2413209840594017,-1.8754477221047263,-0.0015115869756527837,0,1,960,7.0,-0.15115869756527836,-187.54477221047264,2025-03-26 09:26:00,2025-03-26 09:33:00
961,0,6068.448770378562,32784,0.20416,1.2389345009603403,32802,0.2038,1.2367498594031507,-4.660325917699854,-0.0037615595611284734,0,1,961,18.0,-0.37615595611284736,-466.0325917699854,2025-03-26 09:41:00,2025-03-26 09:59:00
962,0,6044.416442545081,32803,0.20424,1.2345116142253119,32804,0.2045,1.236083162500469,-0.8990465016642215,-0.000728260869565271,0,1,962,1.0,-0.0728260869565271,-89.90465016642216,2025-03-26 10:00:00,2025-03-26 10:01:00
963,0,6016.671738635203,32810,0.20504,1.2336583732896997,32815,0.20541,1.235884541833057,-0.2433743718277679,-0.00019727857978928825,0,1,963,5.0,-0.019727857978928825,-24.33743718277679,2025-03-26 10:07:00,2025-03-26 10:12:00
964,0,6067.329424030717,32906,0.20329,1.2334273986109565,32910,0.20352,1.2348228843787314,-1.0727645154625538,-0.0008697427320573945,0,1,964,4.0,-0.08697427320573944,-107.27645154625537,2025-03-26 11:43:00,2025-03-26 11:47:00
965,0,6067.395088763767,32917,0.20312,1.2324092904295867,32919,0.20371,1.235989053532067,1.1113647584089807,0.0009017821977157348,0,1,965,2.0,0.09017821977157348,111.13647584089807,2025-03-26 11:54:00,2025-03-26 11:56:00
966,0,6060.652673979984,32921,0.20351999999999998,1.2334640322083033,32923,0.20331,1.2321912951468705,-3.73839238889091,-0.0030308077830187353,0,1,966,2.0,-0.3030807783018735,-373.839238889091,2025-03-26 11:58:00,2025-03-26 12:00:00
967,0,6051.545499723503,32930,0.20324,1.2299161073635787,32934,0.20317,1.229492499178824,-2.883016791522997,-0.002344075969297157,0,1,967,4.0,-0.2344075969297157,-288.3016791522997,2025-03-26 12:07:00,2025-03-26 12:11:00
968,0,6041.352717676758,32937,0.20313,1.227179977541482,32938,0.20298,1.2262737746340284,-3.3596566598272424,-0.002737704918032803,0,1,968,1.0,-0.2737704918032803,-335.96566598272426,2025-03-26 12:14:00,2025-03-26 12:15:00
969,0,6035.758628138397,32939,0.20279,1.223991492199957,32967,0.20278,1.2239311346139041,-2.508280213095359,-0.0020492627841608613,0,1,969,28.0,-0.20492627841608613,-250.82802130953593,2025-03-26 12:16:00,2025-03-26 12:44:00
970,0,6023.722911654149,32970,0.2028,1.221611006483272,32974,0.20326,1.2243819190228225,0.3249196138546848,0.00026597633136099584,0,1,970,4.0,0.026597633136099585,32.491961385468485,2025-03-26 12:47:00,2025-03-26 12:51:00
971,0,6010.720506426069,32975,0.20329,1.2219193717512553,32978,0.20334,1.2222199077766769,-2.1436032542067247,-0.001754291898273399,0,1,971,3.0,-0.1754291898273399,-214.36032542067247,2025-03-26 12:52:00,2025-03-26 12:55:00
972,0,6019.664362440474,32997,0.20265000000000002,1.2198849830483596,32998,0.20241,1.2184402636015763,-3.8830446936357363,-0.003183123612139061,0,1,972,1.0,-0.3183123612139061,-388.3044693635736,2025-03-26 13:14:00,2025-03-26 13:15:00
973,0,6014.538231525937,32999,0.20221,1.2161997757966674,33001,0.20279,1.2196882079711449,1.0525441905171684,0.0008654369220118764,0,1,973,2.0,0.08654369220118764,105.25441905171684,2025-03-26 13:16:00,2025-03-26 13:18:00
974,0,6021.2648719257395,33007,0.20215,1.2171986938597001,33010,0.20207,1.2167169926700343,-2.915616876283683,-0.002395349987632783,0,1,974,3.0,-0.2395349987632783,-291.5616876283683,2025-03-26 13:24:00,2025-03-26 13:27:00
975,0,6015.015477445678,33011,0.2019,1.2144316248961786,33028,0.20176,1.21358952272944,-3.2701233144679422,-0.0026927191679047596,0,1,975,17.0,-0.26927191679047596,-327.01233144679424,2025-03-26 13:28:00,2025-03-26 13:45:00
976,0,6024.409963003794,33030,0.20107,1.211328111261082,33034,0.19885,1.1979539211433043,-15.783472150272852,-0.013029890088029005,0,1,976,4.0,-1.3029890088029006,-1578.347215027285,2025-03-26 13:47:00,2025-03-26 13:51:00
977,0,6039.420425249316,33059,0.19809,1.1963487920374973,33065,0.19595,1.1834244323276037,-15.304132934398387,-0.012792367105860647,0,1,977,6.0,-1.2792367105860647,-1530.4132934398388,2025-03-26 14:16:00,2025-03-26 14:22:00
978,0,6059.705635809078,33316,0.19503,1.1818243901516325,33349,0.19271,1.1677658730767673,-16.408107338305534,-0.013883710198430894,0,1,978,33.0,-1.3883710198430894,-1640.8107338305533,2025-03-26 18:33:00,2025-03-26 19:06:00
979,0,6039.315728394674,33381,0.19311,1.1662522603101024,33401,0.19438,1.1739221912853568,5.329756523465875,0.004569986018331771,0,1,979,20.0,0.4569986018331771,532.9756523465875,2025-03-26 19:38:00,2025-03-26 19:58:00
980,0,6034.2613507655515,33402,0.19411,1.171310470796925,33420,0.19494,1.1763189077182368,2.660807542620237,0.0022716500953069273,0,1,980,18.0,0.22716500953069274,266.0807542620237,2025-03-26 19:59:00,2025-03-26 20:17:00
981,0,6022.758915960323,33421,0.1949,1.1738357127205745,33424,0.19554,1.1776902784268817,1.503039715067315,0.001280451513596935,0,1,981,3.0,0.12804515135969352,150.3039715067315,2025-03-26 20:18:00,2025-03-26 20:21:00
982,0,6016.495208296881,33425,0.19534,1.1752621739885853,33426,0.1953,1.1750215141803808,-2.590943496501078,-0.0022045663970513877,0,1,982,1.0,-0.22045663970513876,-259.0943496501078,2025-03-26 20:22:00,2025-03-26 20:23:00
983,0,6000.528199562144,33428,0.19545,1.1728032366042953,33429,0.19565,1.1740033422443334,-1.146700938936448,-0.0009777436684575101,0,1,983,1.0,-0.09777436684575101,-114.6700938936448,2025-03-26 20:25:00,2025-03-26 20:26:00
984,0,5992.813824621757,33432,0.19552,1.1717149589899236,33542,0.19331,1.1584708404376318,-15.574304351841748,-0.01329188829787233,0,1,984,110.0,-1.329188829787233,-1557.430435184175,2025-03-26 20:29:00,2025-03-26 22:19:00
985,0,5884.411528732629,33788,0.19661,1.1569341506640285,33851,0.19902,1.1711155824483679,11.853382051133037,0.010245511418544231,0,1,985,63.0,1.024551141854423,1185.3382051133037,2025-03-27 02:25:00,2025-03-27 03:28:00
986,0,5874.402163075599,33852,0.19886,1.1681836141490294,33857,0.19941,1.1714145353389052,0.8913230402036367,0.0007629990948407421,0,1,986,5.0,0.07629990948407421,89.13230402036368,2025-03-27 03:29:00,2025-03-27 03:34:00
987,0,5860.090857318311,33858,0.19948999999999997,1.1690295251262341,33863,0.19921,1.1673886996863807,-3.9772436648615717,-0.003402175547646186,0,1,987,5.0,-0.3402175547646186,-397.7243664861572,2025-03-27 03:35:00,2025-03-27 03:40:00
988,0,5856.729585100955,33864,0.19896,1.1652549182515486,33868,0.19923,1.1668362352396633,-0.7507741655139233,-0.0006443003618816411,0,1,988,4.0,-0.0644300361881641,-75.07741655139233,2025-03-27 03:41:00,2025-03-27 03:45:00
989,0,5836.135087287672,33874,0.19954,1.1645423953173122,33944,0.19859,1.1589980669844588,-7.867868795224986,-0.006756189235240932,0,1,989,70.0,-0.6756189235240931,-786.7868795224986,2025-03-27 03:51:00,2025-03-27 05:01:00
990,0,5835.562774713867,33946,0.19828,1.1570753869700638,33971,0.19746,1.1522902254950003,-7.0945270877304045,-0.006131430300584831,0,1,990,25.0,-0.613143030058483,-709.4527087730404,2025-03-27 05:03:00,2025-03-27 05:28:00
991,0,5835.746343874732,33973,0.19712,1.1503423193044,34004,0.19621,1.1450317901316611,-7.605903282362014,-0.006611860795454337,0,1,991,31.0,-0.6611860795454336,-760.5903282362015,2025-03-27 05:30:00,2025-03-27 06:01:00
992,0,5818.609027670119,34005,0.19646,1.1431239295759497,34007,0.19634,1.142425696492751,-2.9837827093891747,-0.0026102005497301707,0,1,992,2.0,-0.26102005497301706,-298.37827093891747,2025-03-27 06:02:00,2025-03-27 06:04:00
993,0,5808.3341878767515,34008,0.19632,1.140292167763846,34011,0.19665,1.1422089180459631,-0.3657508038104249,-0.0003207518337406786,0,1,993,3.0,-0.03207518337406786,-36.57508038104249,2025-03-27 06:05:00,2025-03-27 06:08:00
994,0,5790.638279063757,34012,0.19686,1.1399450516164507,34042,0.19724,1.1421454941625355,-0.08164799973489911,-7.162450472425729e-05,0,1,994,30.0,-0.0071624504724257295,-8.164799973489911,2025-03-27 06:09:00,2025-03-27 06:39:00
995,0,5779.968376374702,34043,0.19721,1.139867563504822,34050,0.19698,1.1385381707782887,-3.607798460849195,-0.0031651031894933197,0,1,995,7.0,-0.31651031894933196,-360.7798460849195,2025-03-27 06:40:00,2025-03-27 06:47:00
996,0,5779.310307931252,34052,0.19664,1.1364435789514573,34281,0.1968,1.1373682686008704,-1.349122198283443,-0.0011871440195280465,0,1,996,229.0,-0.11871440195280465,-134.9122198283443,2025-03-27 06:49:00,2025-03-27 10:38:00
997,0,5773.679839524617,34284,0.19661,1.1351631932489,34317,0.19448,1.1228652551907474,-14.55596650662723,-0.012822796398962513,0,1,997,33.0,-1.2822796398962513,-1455.596650662723,2025-03-27 10:41:00,2025-03-27 11:14:00
998,0,5907.12131602732,34463,0.18983,1.1213488394214437,34465,0.18957,1.119812987879299,-3.777013369467908,-0.003368276879313105,0,1,998,2.0,-0.33682768793131046,-377.7013369467908,2025-03-27 13:40:00,2025-03-27 13:42:00
999,0,5880.803184608803,34466,0.19006999999999996,1.1177642612983618,34467,0.19004,1.117587837203057,-2.4117761940395144,-0.0021576787499338755,0,1,999,1.0,-0.21576787499338757,-241.17761940395144,2025-03-27 13:43:00,2025-03-27 13:44:00
1000,0,5872.468348579852,34468,0.18995,1.115475362812731,34482,0.19114,1.122463600147553,4.750298371849754,0.004258541721505682,0,1,1000,14.0,0.4258541721505682,475.02983718497535,2025-03-27 13:45:00,2025-03-27 13:59:00
1001,0,5838.113208876263,34483,0.19184,1.1199836379907993,34497,0.1912,1.1162472455371417,-5.972623337208706,-0.005332777314428631,0,1,1001,14.0,-0.5332777314428631,-597.2623337208706,2025-03-27 14:00:00,2025-03-27 14:14:00
1002,0,5822.831761218166,34498,0.19137,1.114315314144278,34511,0.1919,1.117401414977766,0.8543841043234268,0.0007667345978992542,0,1,1002,13.0,0.07667345978992543,85.43841043234268,2025-03-27 14:15:00,2025-03-27 14:28:00
1003,0,5801.90514146401,34514,0.1922,1.115126168189363,34569,0.19377,1.1242351592614812,6.86962974464759,0.00616040582726323,0,1,1003,55.0,0.616040582726323,686.962974464759,2025-03-27 14:31:00,2025-03-27 15:26:00
1004,0,5788.542069557565,34570,0.19377,1.1216457968180293,34571,0.19354,1.120314432142171,-3.5733249049586298,-0.0031857872735718044,0,1,1004,1.0,-0.31857872735718046,-357.332490495863,2025-03-27 15:27:00,2025-03-27 15:28:00
1005,0,5782.97838044087,34572,0.19337,1.1182545294257125,34634,0.19137,1.1066885726649693,-13.790899862972273,-0.012332523142162438,0,1,1005,62.0,-1.2332523142162437,-1379.0899862972274,2025-03-27 15:29:00,2025-03-27 16:31:00
1006,0,5832.627521757603,34740,0.18948,1.1051662628224221,34741,0.18931,1.104174716143932,-3.2008876576651506,-0.0028962951234956986,0,1,1006,1.0,-0.28962951234956985,-320.08876576651505,2025-03-27 18:17:00,2025-03-27 18:18:00
1007,0,5815.060715207713,34742,0.18953,1.102128457353274,34743,0.18949,1.1018958549247095,-2.436626740886272,-0.0022108373344588666,0,1,1007,1.0,-0.22108373344588667,-243.66267408862717,2025-03-27 18:19:00,2025-03-27 18:20:00
1008,0,5795.5207589840165,34744,0.18977,1.0998159744322038,34762,0.19017,1.1021341827359905,0.11625814642537047,0.00010570690836289229,0,1,1008,18.0,0.01057069083628923,11.625814642537048,2025-03-27 18:21:00,2025-03-27 18:39:00
1009,0,5764.812942015707,34765,0.1908,1.0999263093365244,34767,0.19065,1.0990615873952945,-3.0637098380341965,-0.0027853773584905197,0,1,1009,2.0,-0.27853773584905195,-306.3709838034197,2025-03-27 18:42:00,2025-03-27 18:44:00
1010,0,5753.493956087449,34768,0.19067,1.09701869260698,34771,0.1911,1.0994926950083115,0.2774910135022677,0.0002529501232497485,0,1,1010,3.0,0.02529501232497485,27.749101350226766,2025-03-27 18:45:00,2025-03-27 18:48:00
1011,0,5734.124402784862,34836,0.19136,1.0972820457168382,34857,0.19056,1.0926947461946832,-6.777276314139543,-0.006176421404682328,0,1,1011,21.0,-0.6176421404682328,-677.7276314139543,2025-03-27 19:53:00,2025-03-27 20:14:00
1012,0,5734.977473313688,34858,0.19021,1.0908500651987652,34866,0.19132,1.097215890194375,4.177759039985121,0.0038298196729932813,0,1,1012,8.0,0.38298196729932815,417.7759039985121,2025-03-27 20:15:00,2025-03-27 20:23:00
1013,0,5735.619087284162,34867,0.19088,1.0948149713806288,34868,0.19109,1.0960194513891306,-0.9863544144398215,-0.0009009325230507337,0,1,1013,1.0,-0.09009325230507337,-98.63544144398216,2025-03-27 20:24:00,2025-03-27 20:25:00
1014,0,5664.537676907855,34936,0.19311,1.0938788707876483,34949,0.19283,1.0922928002381416,-3.77224222056006,-0.003448500854435335,0,1,1014,13.0,-0.3448500854435335,-377.224222056006,2025-03-27 21:33:00,2025-03-27 21:46:00
1015,0,5670.665318189023,34953,0.19227,1.0902988207280941,34957,0.19275,1.0930207400809342,0.5385997919217369,0.0004939928225933598,0,1,1015,4.0,0.04939928225933598,53.85997919217369,2025-03-27 21:50:00,2025-03-27 21:54:00
1016,0,5671.553992470679,34959,0.19233,1.0908099793716701,34982,0.19217,1.0899025307330905,-3.088161148899892,-0.0028310715956945394,0,1,1016,23.0,-0.2831071595694539,-308.8161148899892,2025-03-27 21:56:00,2025-03-27 22:19:00
1017,0,5705.260945577406,35036,0.19068,1.087879157102634,35037,0.19071,1.0880503149310672,-2.0047716436663876,-0.0018428256765260645,0,1,1017,1.0,-0.18428256765260645,-200.47716436663876,2025-03-27 23:13:00,2025-03-27 23:14:00
1018,0,5715.365121160189,35086,0.19001,1.0859765266716295,35117,0.18782,1.0734598770563066,-14.676086019069002,-0.013514183464028422,0,1,1018,31.0,-1.3514183464028422,-1467.6086019069003,2025-03-28 00:03:00,2025-03-28 00:34:00
1019,0,5648.006813692097,35152,0.18981,1.0720481733067118,35156,0.1895,1.0702972911946524,-3.8932275767460176,-0.0036315789473683443,0,1,1019,4.0,-0.3631578947368344,-389.32275767460175,2025-03-28 01:09:00,2025-03-28 01:13:00
1020,0,5633.883362233375,35157,0.18963,1.0683533019800961,35327,0.18972,1.0688603514829158,-1.6301641508620908,-0.0015258661604175279,0,1,1020,170.0,-0.15258661604175278,-163.01641508620907,2025-03-28 01:14:00,2025-03-28 04:04:00
1021,0,5622.463334804628,35329,0.18974,1.0668061931457942,35333,0.1897,1.0665812946124382,-2.3582860211502115,-0.0022106039843994784,0,1,1021,4.0,-0.22106039843994785,-235.82860211502114,2025-03-28 04:06:00,2025-03-28 04:10:00
1022,0,5641.5901407489355,35340,0.1887,1.0645680595591784,35361,0.18678,1.0537362064890863,-12.950157336286177,-0.012164705882352762,0,1,1022,21.0,-1.2164705882352762,-1295.0157336286177,2025-03-28 04:17:00,2025-03-28 04:38:00
1023,0,5713.621656344479,35479,0.18417,1.0522777004489399,35495,0.18212,1.0405647760534564,-13.805766872008602,-0.01311988923277407,0,1,1023,16.0,-1.311988923277407,-1380.5766872008603,2025-03-28 06:36:00,2025-03-28 06:52:00
1024,0,5657.839191466796,35511,0.18367,1.0391753242965933,35525,0.18359,1.0387226971613892,-2.530525156775453,-0.0024351282190885957,0,1,1024,14.0,-0.24351282190885956,-253.0525156775453,2025-03-28 07:08:00,2025-03-28 07:22:00
1025,0,5658.627480597488,35526,0.18322,1.036773726994852,35558,0.18133,1.0260789210567425,-12.757658586380776,-0.012305152275952127,0,1,1025,32.0,-1.2305152275952127,-1275.7658586380776,2025-03-28 07:23:00,2025-03-28 07:55:00
1026,0,5621.3850066161895,35614,0.18228,1.0246660590059946,35615,0.18227,1.024609845155933,-2.105489754228042,-0.0020548057932850057,0,1,1026,1.0,-0.20548057932850056,-210.54897542280423,2025-03-28 08:51:00,2025-03-28 08:52:00
1027,0,5617.202251766076,35622,0.18206,1.0226678419563768,35623,0.18208,1.022780186001567,-1.933103982922601,-0.0018902559595735946,0,1,1027,1.0,-0.18902559595735946,-193.31039829226012,2025-03-28 08:59:00,2025-03-28 09:00:00
1028,0,5613.600372762852,35627,0.18185,1.0208332277868521,35628,0.18162,1.0195420997011893,-3.3315034132235635,-0.003263513885070106,0,1,1028,1.0,-0.3263513885070106,-333.1503413223563,2025-03-28 09:04:00,2025-03-28 09:05:00
1029,0,5610.714860022265,35629,0.18138,1.0176714613106697,35650,0.18182,1.0201401758492483,0.43090290124978137,0.00042342044326834665,0,1,1029,21.0,0.042342044326834666,43.09029012497814,2025-03-28 09:06:00,2025-03-28 09:27:00
1030,0,5595.078094736306,35654,0.18196,1.0180804101181593,35655,0.1821,1.0188637210514815,-1.2536331979066306,-0.0012313695317652366,0,1,1030,1.0,-0.12313695317652366,-125.36331979066307,2025-03-28 09:31:00,2025-03-28 09:32:00
1031,0,5614.148116501867,35666,0.18113,1.0168906483419278,35669,0.18095,1.0158801016810128,-3.043317410993417,-0.0029927676254624586,0,1,1031,3.0,-0.29927676254624586,-304.3317410993417,2025-03-28 09:43:00,2025-03-28 09:46:00
1032,0,5598.511401638785,35675,0.18112,1.014002385064714,35676,0.18123,1.0146182213189971,-1.4127843522034167,-0.0013932751766783163,0,1,1032,1.0,-0.13932751766783164,-141.27843522034166,2025-03-28 09:52:00,2025-03-28 09:53:00
1033,0,5603.173688566114,35681,0.18073,1.0126615807344024,35682,0.18079,1.0129977711558678,-1.6894689305762978,-0.001668345045094738,0,1,1033,1.0,-0.1668345045094738,-168.94689305762978,2025-03-28 09:58:00,2025-03-28 09:59:00
1034,0,5583.797363685857,35683,0.18107,1.011058188642437,35708,0.18144,1.013124193667162,0.041822642254165876,4.136521787169847e-05,0,1,1034,25.0,0.0041365217871698464,4.182264225416588,2025-03-28 10:00:00,2025-03-28 10:25:00
1035,0,5573.243746339549,35709,0.18142,1.0110978804608521,35711,0.18159,1.0120453318977987,-1.0756917754808235,-0.001063884907948236,0,1,1035,2.0,-0.10638849079482361,-107.56917754808235,2025-03-28 10:26:00,2025-03-28 10:28:00
1036,0,5594.754592669296,35737,0.18054,1.0100769941603858,35738,0.18049,1.0097972564308813,-2.299611980224706,-0.0022766699900297572,0,1,1036,1.0,-0.2276669990029757,-229.9611980224706,2025-03-28 10:54:00,2025-03-28 10:55:00
1037,0,5587.618057590827,35742,0.18038,1.0078945452281687,35743,0.18047,1.0083974308534167,-1.5134063508984597,-0.001501552278523102,0,1,1037,1.0,-0.1501552278523102,-151.34063508984596,2025-03-28 10:59:00,2025-03-28 11:00:00
1038,0,5592.366758318684,35746,0.17997,1.006458245494514,35763,0.18031,1.008359650192442,-0.11341319785865811,-0.00011268544757455124,0,1,1038,17.0,-0.011268544757455125,-11.34131978586581,2025-03-28 11:03:00,2025-03-28 11:20:00
1039,0,5565.482859150265,35764,0.18082,1.0063506105914257,35806,0.18152,1.010246448592956,1.8792409422207,0.0018673819267780326,0,1,1039,42.0,0.18673819267780326,187.92409422206998,2025-03-28 11:21:00,2025-03-28 12:03:00
1040,0,5562.733024285499,35808,0.18123,1.0081341059911892,35811,0.18127,1.0083566153122323,-1.7939814003321093,-0.0017795067041880839,0,1,1040,3.0,-0.17795067041880838,-179.39814003321092,2025-03-28 12:05:00,2025-03-28 12:08:00
1041,0,5549.051807028152,35812,0.18137,1.0064315262405898,35817,0.18116,1.0052662253612201,-3.1769986310778453,-0.0031566962562717266,0,1,1041,5.0,-0.31566962562717266,-317.69986310778455,2025-03-28 12:09:00,2025-03-28 12:14:00
1042,0,5544.96238215483,35818,0.18096,1.0034163926745805,35823,0.18155,1.0066879204802095,1.2614234923164471,0.0012571286472148986,0,1,1042,5.0,0.12571286472148985,126.14234923164472,2025-03-28 12:15:00,2025-03-28 12:20:00
1043,0,5535.060869626867,35824,0.1815,1.0046135478371525,35886,0.18197,1.0072150264460011,0.5896500344414657,0.0005869421487604456,0,1,1043,62.0,0.05869421487604456,58.96500344414657,2025-03-28 12:21:00,2025-03-28 13:23:00
1044,0,5545.1710473993,35889,0.18127,1.0051731557620087,35890,0.18118,1.0046740903678053,-2.508912640395627,-0.0024960004413304266,0,1,1044,1.0,-0.24960004413304265,-250.89126403956269,2025-03-28 13:26:00,2025-03-28 13:27:00
1045,0,5539.9816023403,35895,0.18101,1.0027920698395292,35902,0.18147,1.0053404613766943,0.5402590058602172,0.0005387547649301056,0,1,1045,7.0,0.05387547649301056,54.02590058602173,2025-03-28 13:32:00,2025-03-28 13:39:00
1046,0,5533.032609947956,35905,0.18133,1.0033048031617682,35918,0.1788,0.9893062306586945,-15.991183536988824,-0.015938509899078964,0,1,1046,13.0,-1.5938509899078963,-1599.1183536988824,2025-03-28 13:42:00,2025-03-28 13:55:00
1047,0,5524.5910502607385,35938,0.17886,0.9881283552495006,35939,0.17864,0.9869129452185783,-3.19045133152541,-0.00322878228782271,0,1,1047,1.0,-0.322878228782271,-319.04513315254104,2025-03-28 14:15:00,2025-03-28 14:16:00
1048,0,5474.300941292307,35944,0.17995,0.9851004543854742,35946,0.17987,0.9846625103102472,-2.4077070399990563,-0.002444123367601984,0,1,1048,2.0,-0.24441233676019838,-240.77070399990563,2025-03-28 14:21:00,2025-03-28 14:23:00
1049,0,5465.247276506717,35948,0.17983,0.9828154177340593,35952,0.17984,0.982870070206968,-1.9110330151758714,-0.001944447533781669,0,1,1049,4.0,-0.1944447533781669,-191.10330151758714,2025-03-28 14:25:00,2025-03-28 14:29:00
1050,0,5440.338010411947,35953,0.18032,0.9810017500374215,35956,0.18036,0.9812193635578987,-1.7446075931788991,-0.001778393966282161,0,1,1050,3.0,-0.1778393966282161,-174.4607593178899,2025-03-28 14:30:00,2025-03-28 14:33:00
1051,0,5425.739770334928,35957,0.1805,0.9793460285453648,35972,0.18063,0.9800513747155981,-1.254051233117392,-0.0012804986149583264,0,1,1051,15.0,-0.12804986149583264,-125.4051233117392,2025-03-28 14:34:00,2025-03-28 14:49:00
1052,0,5421.248517610741,35973,0.18043,0.978155870032424,35976,0.18063,0.9792401197360282,-0.8731462862463336,-0.0008926453472260174,0,1,1052,3.0,-0.08926453472260175,-87.31462862463336,2025-03-28 14:50:00,2025-03-28 14:53:00
1053,0,5417.55659490512,35983,0.1804,0.9773272097207837,35984,0.18011,0.9757561183083612,-3.5241747405516364,-0.0036059312638579977,0,1,1053,1.0,-0.36059312638579977,-352.41747405516367,2025-03-28 15:00:00,2025-03-28 15:01:00
1054,0,5406.809083705683,35985,0.18014,0.9739825883386857,35987,0.18062,0.9765778566989205,0.6447079151410868,0.0006619296103031193,0,1,1054,2.0,0.06619296103031193,64.47079151410868,2025-03-28 15:02:00,2025-03-28 15:04:00
1055,0,5413.210669837076,35991,0.18004,0.9745944489973226,35994,0.18041,0.9765973369453069,0.05169616189703796,5.304376805164043e-05,0,1,1055,3.0,0.005304376805164043,5.169616189703796,2025-03-28 15:08:00,2025-03-28 15:11:00
1056,0,5405.976544949681,35995,0.18029,0.9746435112888321,35997,0.18053,0.9759409456597659,-0.6531500861607291,-0.000670142548116829,0,1,1056,2.0,-0.0670142548116829,-65.31500861607292,2025-03-28 15:12:00,2025-03-28 15:14:00
1057,0,5378.9686248058015,36022,0.18108,0.9740236385797516,36023,0.18096,0.9733781623448579,-2.5928780359012364,-0.002662027833001832,0,1,1057,1.0,-0.2662027833001832,-259.28780359012364,2025-03-28 15:39:00,2025-03-28 15:40:00
1058,0,5395.173618497829,36030,0.18008,0.9715628652189707,36032,0.18013,0.971832623900014,-1.6736368081939195,-0.0017226232785425694,0,1,1058,2.0,-0.17226232785425694,-167.36368081939196,2025-03-28 15:47:00,2025-03-28 15:49:00
1059,0,5395.941803615408,36033,0.17976,0.9699744986178302,36050,0.18041,0.9734818607902558,1.5639058129417858,0.001612316421895791,0,1,1059,17.0,0.1612316421895791,156.3905812941786,2025-03-28 15:50:00,2025-03-28 16:07:00
1060,0,5393.6967681633705,36051,0.18011,0.9714587249137594,36055,0.17992,0.9704339225279537,-2.966695033392633,-0.003053855976902731,0,1,1060,4.0,-0.30538559769027307,-296.6695033392633,2025-03-28 16:08:00,2025-03-28 16:12:00
1061,0,5383.14538277714,36056,0.17994,0.9686431801768549,36059,0.17939,0.9656824502163911,-4.895055590920734,-0.005053517839279757,0,1,1061,3.0,-0.5053517839279758,-489.5055590920734,2025-03-28 16:13:00,2025-03-28 16:16:00
1062,0,5376.150370992684,36060,0.17931,0.9639975230226128,36127,0.18061,0.9709865185049886,5.054011440762819,0.005242763928392188,0,1,1062,67.0,0.5242763928392188,505.4011440762819,2025-03-28 16:17:00,2025-03-28 17:24:00
1063,0,5373.233707027557,36129,0.1803,0.9687940373769379,36130,0.18019,0.9682029816692955,-2.5280527268191997,-0.0026094841930114454,0,1,1063,1.0,-0.26094841930114454,-252.80527268191997,2025-03-28 17:26:00,2025-03-28 17:27:00
1064,0,5370.053270379139,36131,0.17996,0.9663947865373075,36132,0.18013,0.9673076955933944,-1.0207934261661826,-0.00105629028673019,0,1,1064,1.0,-0.105629028673019,-102.07934261661826,2025-03-28 17:28:00,2025-03-28 17:29:00
1065,0,5350.695569293032,36134,0.18043,0.9654260015673799,36135,0.18054,0.9660145780801641,-1.3428640670253045,-0.0013909549409741651,0,1,1065,1.0,-0.1390954940974165,-134.28640670253046,2025-03-28 17:31:00,2025-03-28 17:32:00
1066,0,5343.632185059498,36137,0.18043,0.9641515551501243,36141,0.18047,0.9643653004376875,-1.7147715681854225,-0.0017785290694450377,0,1,1066,4.0,-0.17785290694450376,-171.47715681854226,2025-03-28 17:34:00,2025-03-28 17:38:00
1067,0,5328.115967706023,36142,0.18065,0.9625241495659793,36146,0.18048,0.9616183698515831,-2.8299222339275665,-0.002940105175754082,0,1,1067,4.0,-0.2940105175754082,-282.99222339275667,2025-03-28 17:39:00,2025-03-28 17:43:00
1068,0,5324.744309243558,36147,0.18026,0.9598384091841581,36148,0.18026,0.9598384091842438,-1.9196768183684019,-0.0019999999999999107,0,1,1068,1.0,-0.19999999999999107,-191.9676818368402,2025-03-28 17:44:00,2025-03-28 17:45:00
1069,0,5354.740026146666,36331,0.17891,0.9580165380777999,36399,0.17938,0.9605332658901892,0.5981780083210021,0.0006243921524790649,0,1,1069,68.0,0.06243921524790649,59.81780083210021,2025-03-28 20:48:00,2025-03-28 21:56:00
1070,0,5327.243745050565,36403,0.17994,0.958584239484253,36404,0.17993,0.9585309670469482,-1.9703876439816608,-0.002055518506168523,0,1,1070,1.0,-0.2055518506168523,-197.03876439816608,2025-03-28 22:00:00,2025-03-28 22:01:00
1071,0,5313.308015222035,36405,0.18006,0.9567142412207659,36406,0.18029,0.9579363020643807,-0.6925896997840066,-0.0007239253582137348,0,1,1071,1.0,-0.07239253582137348,-69.25896997840067,2025-03-28 22:02:00,2025-03-28 22:03:00
1072,0,5306.415820108768,36407,0.18017,0.9560569383088477,36408,0.18006,0.9554732325687847,-2.495235911089686,-0.002609923960703717,0,1,1072,1.0,-0.2609923960703717,-249.5235911089686,2025-03-28 22:04:00,2025-03-28 22:05:00
1073,0,5288.868857029009,36412,0.18032,0.9536888322993491,36414,0.18015,0.952789724593776,-2.805586262587985,-0.002941825643300596,0,1,1073,2.0,-0.29418256433005957,-280.5586262587985,2025-03-28 22:09:00,2025-03-28 22:11:00
1074,0,5299.672265223279,36424,0.17945,0.9510261879942163,36426,0.17983,0.9530400634551023,0.10980920933558369,0.00011546391752593865,0,1,1074,2.0,0.011546391752593865,10.98092093355837,2025-03-28 22:21:00,2025-03-28 22:23:00
1075,0,5284.351366901782,36431,0.17999,0.9511304025285199,36432,0.17985,0.9503905933372855,-2.641330187232054,-0.0027770431690648085,0,1,1075,1.0,-0.27770431690648084,-264.1330187232054,2025-03-28 22:28:00,2025-03-28 22:29:00
1076,0,5231.188075480877,36573,0.18134,0.948623645607654,36574,0.1812,0.9478912792771349,-2.6288812554521908,-0.0027712584096173257,0,1,1076,1.0,-0.2771258409617326,-262.88812554521905,2025-03-29 00:50:00,2025-03-29 00:51:00
1077,0,5229.83087367903,36580,0.18091,0.9461287033572034,36582,0.18092,0.9461810016660102,-1.8400113962864189,-0.0019447791719638813,0,1,1077,2.0,-0.19447791719638813,-184.00113962864188,2025-03-29 00:57:00,2025-03-29 00:59:00
1078,0,5208.374359118482,36585,0.18132,0.9443824387952873,36586,0.18142,0.944903276231275,-1.368448279114818,-0.001449040370615516,0,1,1078,1.0,-0.1449040370615516,-136.84482791148181,2025-03-29 01:02:00,2025-03-29 01:03:00
1079,0,5212.999345847893,36599,0.18091,0.9430837116572093,36619,0.18089,0.9429794516704253,-1.9903231502446208,-0.002110441656071969,0,1,1079,20.0,-0.2110441656071969,-199.0323150244621,2025-03-29 01:16:00,2025-03-29 01:36:00
1080,0,5213.79788157924,36622,0.18052,0.9411947935825538,36628,0.18028,0.9399434820911055,-3.13244976725269,-0.0033281630844226536,0,1,1080,6.0,-0.33281630844226534,-313.244976725269,2025-03-29 01:39:00,2025-03-29 01:45:00
1081,0,5201.075110362099,36640,0.18039,0.9382219391580975,36643,0.18046,0.9385860144159445,-1.5127326958486385,-0.001612339930151149,0,1,1081,3.0,-0.1612339930151149,-151.27326958486384,2025-03-29 01:57:00,2025-03-29 02:00:00
1082,0,5188.227064452611,36644,0.18056,0.936786278757495,36645,0.18048,0.9363712205924072,-2.288215664506113,-0.002442622950819601,0,1,1082,1.0,-0.24426229508196012,-228.8215664506113,2025-03-29 02:01:00,2025-03-29 02:02:00
1083,0,5218.104212548326,36668,0.17911,0.9346146455094413,36669,0.17918,0.9349799128044092,-1.504327263435301,-0.0016095695382722962,0,1,1083,1.0,-0.16095695382722963,-150.4327263435301,2025-03-29 02:25:00,2025-03-29 02:26:00
1084,0,5209.260702760323,36670,0.17914,0.933186962292325,36675,0.17951,0.9351143887525055,0.059125108976535,6.33582672772101e-05,0,1,1084,5.0,0.00633582672772101,5.9125108976535,2025-03-29 02:27:00,2025-03-29 02:32:00
1085,0,5201.443958495547,36677,0.17942,0.9332430750331469,36693,0.17873,0.9296540787019092,-5.451893485096897,-0.005841879389142568,0,1,1085,16.0,-0.5841879389142568,-545.1893485096897,2025-03-29 02:34:00,2025-03-29 02:50:00
1086,0,5200.431191007033,36694,0.17846,0.928068950346983,36705,0.17664,0.9186041655794822,-11.31145788355933,-0.012188165415219023,0,1,1086,11.0,-1.2188165415219023,-1131.145788355933,2025-03-29 02:51:00,2025-03-29 03:02:00
1087,0,5112.773383722959,36768,0.17942,0.9173338005074356,36777,0.17912,0.9157999684924564,-3.366965784116792,-0.0036703823431054254,0,1,1087,9.0,-0.36703823431054255,-336.6965784116792,2025-03-29 04:05:00,2025-03-29 04:14:00
1088,0,5102.642357994614,36778,0.17915,0.9141383784345862,36792,0.17822,0.9093929210418,-6.568988692411509,-0.007185989394362246,0,1,1088,14.0,-0.7185989394362247,-656.8988692411508,2025-03-29 04:15:00,2025-03-29 04:29:00
1089,0,5096.862254992966,36793,0.17813,0.9079040734817454,36823,0.17828,0.9086686028201459,-1.0520433380530423,-0.001158760455846792,0,1,1089,30.0,-0.11587604558467919,-105.20433380530423,2025-03-29 04:30:00,2025-03-29 05:00:00
1090,0,5107.025739123072,36825,0.17758,0.9069056307533856,36828,0.17758,0.906905630753475,-1.8138112615068605,-0.001999999999999901,0,1,1090,3.0,-0.19999999999999013,-181.38112615068604,2025-03-29 05:02:00,2025-03-29 05:05:00
1091,0,5093.3166298353735,36830,0.17772,0.9051842314542,36836,0.178,0.9066103601106964,-0.3856659352110431,-0.0004260634706278531,0,1,1091,6.0,-0.042606347062785314,-38.56659352110431,2025-03-29 05:07:00,2025-03-29 05:13:00
1092,0,5086.963596067431,36838,0.17787,0.9048182148324031,36841,0.17745,0.9026816901221657,-3.944024615302909,-0.004358913813459166,0,1,1092,3.0,-0.4358913813459166,-394.4024615302909,2025-03-29 05:15:00,2025-03-29 05:18:00
1093,0,5083.3528970341895,36843,0.17726,0.9010751345281278,36862,0.17737,0.9016343033469543,-1.243540619201271,-0.0013800631840232434,0,1,1093,19.0,-0.13800631840232433,-124.3540619201271,2025-03-29 05:20:00,2025-03-29 05:39:00
1094,0,5068.688470899199,36863,0.17754,0.899894951123315,36875,0.17733,0.898830526544555,-2.8631500565568446,-0.00318164920581279,0,1,1094,12.0,-0.318164920581279,-286.31500565568444,2025-03-29 05:40:00,2025-03-29 05:52:00
1095,0,5069.373239038272,36885,0.17698,0.8971776758448868,36889,0.17678,0.8961638011971856,-2.8072161248497833,-0.0031289411232907115,0,1,1095,4.0,-0.31289411232907116,-280.7216124849783,2025-03-29 06:02:00,2025-03-29 06:06:00
1096,0,5063.474950285936,36890,0.17666,0.8945134847174359,36990,0.17423,0.8822092405883186,-14.080966854500653,-0.015741480810596623,0,1,1096,100.0,-1.5741480810596624,-1408.0966854500653,2025-03-29 06:07:00,2025-03-29 07:47:00
1097,0,5040.903488333494,37038,0.1748,0.8811499297605678,37041,0.17542,0.8842752899234615,1.3599349430826675,0.0015433638443936577,0,1,1097,3.0,0.15433638443936576,135.99349430826675,2025-03-29 08:35:00,2025-03-29 08:38:00
1098,0,5035.036958285262,37042,0.17526,0.882440577309012,37046,0.17511,0.8816853217653321,-2.5193814428172634,-0.002855015405683061,0,1,1098,4.0,-0.2855015405683061,-251.93814428172635,2025-03-29 08:39:00,2025-03-29 08:43:00
1099,0,5027.705415674977,37047,0.17504,0.8800495559596584,37049,0.17526,0.8811556511511965,-0.6551100156623518,-0.0007444012797073844,0,1,1099,2.0,-0.07444012797073844,-65.51100156623518,2025-03-29 08:44:00,2025-03-29 08:46:00
1100,0,5047.221207401577,37054,0.17424,0.8794278231775934,37087,0.17378,0.877106101422246,-4.078255680004677,-0.004637396694214938,0,1,1100,33.0,-0.46373966942149386,-407.8255680004677,2025-03-29 08:51:00,2025-03-29 09:24:00
1101,0,5038.888989146351,37089,0.17376,0.8755573507539793,37160,0.1719,0.8661850172342578,-11.114075887800524,-0.01269371546961324,0,1,1101,71.0,-1.269371546961324,-1111.4075887800525,2025-03-29 09:26:00,2025-03-29 10:37:00
1102,0,5073.072115916538,37205,0.17051,0.8650095264848687,37226,0.16883,0.8564867653301891,-10.24425744655484,-0.011842941762946384,0,1,1102,21.0,-1.1842941762946384,-1024.425744655484,2025-03-29 11:22:00,2025-03-29 11:43:00
1103,0,5071.373876270109,37227,0.16865,0.855287204232809,37230,0.16893,0.8567071889183094,-0.29200970779558844,-0.0003414171360805884,0,1,1103,3.0,-0.034141713608058843,-29.200970779558844,2025-03-29 11:44:00,2025-03-29 11:47:00
1104,0,5061.62723267013,37231,0.16892,0.8550100721425906,37238,0.16961,0.8585025949331808,1.7790101234668085,0.0020806890835901436,0,1,1104,7.0,0.20806890835901437,177.90101234668086,2025-03-29 11:48:00,2025-03-29 11:55:00
1105,0,5048.311392979881,37239,0.1697,0.8566984433886091,37273,0.17119,0.8642204273642259,5.801065104787303,0.006771420153211774,0,1,1105,34.0,0.6771420153211775,580.1065104787302,2025-03-29 11:56:00,2025-03-29 12:30:00
1106,0,5056.618085343326,37277,0.17051,0.8622039497317928,37284,0.17049,0.8621028173701837,-1.825439128808822,-0.0021171778781301775,0,1,1106,7.0,-0.21171778781301775,-182.5439128808822,2025-03-29 12:34:00,2025-03-29 12:41:00
1107,0,5049.715463581336,37285,0.1704,0.860471514994174,37286,0.17056,0.8612794694684326,-0.9137965102895905,-0.0010619718309858132,0,1,1107,1.0,-0.10619718309858132,-91.37965102895905,2025-03-29 12:42:00,2025-03-29 12:43:00
1108,0,5049.663840386124,37289,0.17023,0.8596042755488043,37291,0.17016,0.859250799080103,-2.072331543455805,-0.002410797156787577,0,1,1108,2.0,-0.2410797156787577,-207.2331543455805,2025-03-29 12:46:00,2025-03-29 12:48:00
1109,0,5039.590594258227,37292,0.17018,0.8576375273307804,37298,0.17044,0.8589478208853721,-0.40629179370905477,-0.0004737336937359935,0,1,1109,6.0,-0.04737336937359935,-40.629179370905476,2025-03-29 12:49:00,2025-03-29 12:55:00
1110,0,4998.84503888538,37307,0.17149,0.8572519357184092,37309,0.17114,0.8555023399548438,-3.462350039283185,-0.00403889439617471,0,1,1110,2.0,-0.403889439617471,-346.2350039283185,2025-03-29 13:04:00,2025-03-29 13:06:00
1111,0,4976.781800383038,37316,0.17159,0.853965989127687,37319,0.17186,0.855309720213829,-0.36554462323801296,-0.0004280552479746818,0,1,1111,3.0,-0.04280552479746818,-36.554462323801296,2025-03-29 13:13:00,2025-03-29 13:16:00
1112,0,4969.257589103045,37371,0.17178,0.8536190686560303,37401,0.1715,0.8522276765311723,-3.097238870135855,-0.0036283618581903687,0,1,1112,30.0,-0.36283618581903687,-309.7238870135855,2025-03-29 14:08:00,2025-03-29 14:38:00
1113,0,4979.102318800006,37411,0.17085,0.8506796311669405,37416,0.17128,0.8528206451640651,0.4375137207529681,0.0005143107989464578,0,1,1113,5.0,0.051431079894645786,43.751372075296814,2025-03-29 14:48:00,2025-03-29 14:53:00
1114,0,4974.2539683160985,37417,0.1711,0.8510948539787933,37426,0.17104,0.8507963987407855,-2.000346490818574,-0.0023503214494446966,0,1,1114,9.0,-0.23503214494446967,-200.03464908185742,2025-03-29 14:54:00,2025-03-29 15:03:00
1115,0,4991.749490026701,37458,0.17012,0.8491964232432565,37463,0.17008,0.8489967532637414,-1.897863156108024,-0.002234893016693948,0,1,1115,5.0,-0.2234893016693948,-189.7863156108024,2025-03-29 15:35:00,2025-03-29 15:40:00
1116,0,4986.144480222826,37468,0.16995,0.8473952544137546,37470,0.17019,0.8485919290891228,-0.49931250824930196,-0.0005892321270959548,0,1,1116,2.0,-0.05892321270959548,-49.931250824930196,2025-03-29 15:45:00,2025-03-29 15:47:00
1117,0,4979.839956512273,37474,0.17007,0.8469213814039449,37475,0.17015,0.8473197686005632,-1.295853953483551,-0.001530075851120041,0,1,1117,1.0,-0.1530075851120041,-129.5853953483551,2025-03-29 15:51:00,2025-03-29 15:52:00
1118,0,4987.565168551883,37490,0.16956,0.8456915499796196,37495,0.17017,0.848733964732474,1.3479892381046459,0.0015939490445861394,0,1,1118,5.0,0.15939490445861393,134.7989238104646,2025-03-29 16:07:00,2025-03-29 16:12:00
1119,0,4986.287886761986,37498,0.16986,0.8469708604452535,37501,0.1698,0.8466716831721852,-1.992819816823153,-0.002352878841398631,0,1,1119,3.0,-0.2352878841398631,-199.2819816823153,2025-03-29 16:15:00,2025-03-29 16:18:00
1120,0,4990.725641687518,37502,0.16933,0.8450795729067977,37522,0.16976,0.847225584932873,0.45370686808597205,0.0005368806472570249,0,1,1120,20.0,0.05368806472570249,45.370686808597206,2025-03-29 16:19:00,2025-03-29 16:39:00
1121,0,4989.1435878957645,37523,0.16947,0.8455101638405722,37554,0.16774,0.8368789454336355,-10.3136075163339,-0.01219808815719584,0,1,1121,31.0,-1.219808815719584,-1031.36075163339,2025-03-29 16:40:00,2025-03-29 17:11:00
1122,0,4957.126904556495,37656,0.16859,0.8357220248391286,37706,0.16865,0.8360194524534528,-1.374313863019207,-0.0016444628981552455,0,1,1122,50.0,-0.16444628981552453,-137.43138630192072,2025-03-29 18:53:00,2025-03-29 19:43:00
1123,0,4954.0920914515655,37707,0.16843,0.8344177309630822,37709,0.16868,0.83565625398605,-0.431550962086268,-0.0005171881493794708,0,1,1123,2.0,-0.05171881493794708,-43.155096208626794,2025-03-29 19:44:00,2025-03-29 19:46:00
1124,0,4939.636147317315,37710,0.16884,0.8340081671129838,37715,0.16886,0.8341069598360018,-1.569322404002558,-0.0018816631130062133,0,1,1124,5.0,-0.18816631130062134,-156.9322404002558,2025-03-29 19:47:00,2025-03-29 19:52:00
1125,0,4950.165300250742,37729,0.16818,0.8325188001961124,37731,0.16836,0.8334098299502151,-0.7748988761010926,-0.0009307884409559281,0,1,1125,2.0,-0.0930788440955928,-77.48988761010926,2025-03-29 20:06:00,2025-03-29 20:08:00
1126,0,4943.734809404978,37735,0.16825,0.8317833816822713,37736,0.16821,0.8315856322900113,-1.8611184063485775,-0.0022375037147102277,0,1,1126,1.0,-0.22375037147102278,-186.11184063485774,2025-03-29 20:12:00,2025-03-29 20:13:00
1127,0,4944.109396548404,37740,0.16788,0.8300170854925,37741,0.16816,0.8314014361235796,-0.27706789058258086,-0.0003338098641887162,0,1,1127,1.0,-0.03338098641887162,-27.706789058258085,2025-03-29 20:17:00,2025-03-29 20:18:00
1128,0,4938.718730718631,37742,0.16801,0.8297541339479722,37744,0.1683,0.8311863623799457,-0.2287120644194477,-0.00027563835485967054,0,1,1128,2.0,-0.027563835485967053,-22.871206441944768,2025-03-29 20:19:00,2025-03-29 20:21:00
1129,0,4941.250146213012,37769,0.16788,0.8295370745461241,37795,0.16854,0.8327982996427411,1.598889722311787,0.001927448177269696,0,1,1129,26.0,0.19274481772696958,159.8889722311787,2025-03-29 20:46:00,2025-03-29 21:12:00
1130,0,4928.856546792173,37796,0.16861,0.8310545023545046,37797,0.16868,0.8313995223129036,-1.3174340663920925,-0.001585255916019231,0,1,1130,1.0,-0.1585255916019231,-131.74340663920924,2025-03-29 21:13:00,2025-03-29 21:14:00
1131,0,4965.6166016612215,37814,0.16711,0.8298041903035482,37831,0.16759,0.8321876862724041,0.7215040922213672,0.0008694871641433687,0,1,1131,17.0,0.08694871641433687,72.15040922213673,2025-03-29 21:31:00,2025-03-29 21:48:00
1132,0,4954.888935308594,37833,0.16761,0.8304889344469757,37836,0.16785,0.8316781077915475,-0.4729936977645802,-0.0005695364238410859,0,1,1132,3.0,-0.056953642384108584,-47.29936977645802,2025-03-29 21:50:00,2025-03-29 21:53:00
1133,0,4943.36274986192,37842,0.16791,0.8300400393292193,37844,0.16781,0.8295457030543287,-2.1539220173698155,-0.0025949615865642067,0,1,1133,2.0,-0.2594961586564207,-215.39220173698155,2025-03-29 21:59:00,2025-03-29 22:01:00
1134,0,4932.069678309199,37845,0.16788,0.8279958575944875,37847,0.16767,0.8269601229621035,-2.690690613001405,-0.003249642601858255,0,1,1134,2.0,-0.3249642601858255,-269.0690613001405,2025-03-29 22:02:00,2025-03-29 22:04:00
1135,0,4917.151695446934,37850,0.16787,0.8254422551145808,37858,0.16818,0.8269665721402654,-0.12809180166633005,-0.00015517960326435497,0,1,1135,8.0,-0.015517960326435497,-12.809180166633006,2025-03-29 22:07:00,2025-03-29 22:15:00
1136,0,4909.700710700416,37859,0.1681,0.82532068946864,37862,0.16829,0.8262535326037729,-0.7187310870393454,-0.0008708506841164902,0,1,1136,3.0,-0.08708506841164902,-71.87310870393453,2025-03-29 22:16:00,2025-03-29 22:19:00
1137,0,4906.810526291043,37863,0.16806,0.8246385770484039,37864,0.16812,0.8249329856800501,-1.3551629311509146,-0.0016433416636913623,0,1,1137,1.0,-0.16433416636913623,-135.51629311509146,2025-03-29 22:20:00,2025-03-29 22:21:00
1138,0,4856.677038769216,37984,0.16953,0.8233524583824874,37985,0.16969,0.8241295267087483,-0.8704136588881286,-0.0010571580251281863,0,1,1138,1.0,-0.10571580251281863,-87.04136588881286,2025-03-30 00:21:00,2025-03-30 00:22:00
1139,0,4846.94396861232,37986,0.1697,0.8225263914733887,37988,0.1694,0.8210723082829269,-3.0976818903399894,-0.0037660577489685935,0,1,1139,2.0,-0.37660577489685937,-309.76818903399896,2025-03-30 00:23:00,2025-03-30 00:25:00
1140,0,4843.319545772517,37990,0.16922,0.8195865335355847,38017,0.16965,0.8216691609403075,0.44137171020627863,0.0005385297246188749,0,1,1140,27.0,0.05385297246188749,44.13717102062786,2025-03-30 00:27:00,2025-03-30 00:54:00
1141,0,4842.075097585361,38018,0.16935,0.8200054177759739,38022,0.16946,0.8205380460368152,-1.1079152030784618,-0.0013511071744906453,0,1,1141,4.0,-0.13511071744906453,-110.79152030784618,2025-03-30 00:55:00,2025-03-30 00:59:00
1142,0,4809.454720467061,38027,0.17028,0.8189539498010845,38044,0.17044,0.8197234625564058,-0.8691646570826586,-0.0010613107822408335,0,1,1142,17.0,-0.10613107822408335,-86.91646570826586,2025-03-30 01:04:00,2025-03-30 01:21:00
1143,0,4779.070437866962,38058,0.17119,0.8181290682583722,38064,0.17086,0.8165519750139492,-3.211774287768362,-0.003925755009054109,0,1,1143,6.0,-0.39257550090541093,-321.1774287768362,2025-03-30 01:35:00,2025-03-30 01:41:00
1144,0,4778.291305091459,38066,0.17058,0.8150809308224325,38079,0.17039,0.8141730554745339,-2.5371293342642858,-0.0031127330284908754,0,1,1144,13.0,-0.31127330284908755,-253.71293342642858,2025-03-30 01:43:00,2025-03-30 01:56:00
1145,0,4766.690514516703,38080,0.17049,0.8126730658198085,38082,0.17047,0.8125777320096624,-1.7205846081197698,-0.0021171916241419578,0,1,1145,2.0,-0.21171916241419578,-172.05846081197697,2025-03-30 01:57:00,2025-03-30 01:59:00
1146,0,4720.564247510007,38172,0.17181,0.8110401433646075,38173,0.17181,0.8110401433646942,-1.6220802867293016,-0.001999999999999893,0,1,1146,1.0,-0.1999999999999893,-162.20802867293017,2025-03-30 03:29:00,2025-03-30 03:30:00
1147,0,4716.820338708408,38178,0.17162,0.8095007065290929,38181,0.17161,0.80945353832575,-1.6661224482417885,-0.0020582099988344094,0,1,1147,3.0,-0.20582099988344094,-166.61224482417884,2025-03-30 03:35:00,2025-03-30 03:38:00
1148,0,4717.502460810452,38182,0.17126,0.8079194714382538,38183,0.17131,0.8081553465614385,-1.3801996949591917,-0.001708338199229091,0,1,1148,1.0,-0.17083381992290908,-138.01996949591916,2025-03-30 03:39:00,2025-03-30 03:40:00
1149,0,4722.815103975742,38197,0.17079,0.8066095916079803,38210,0.17121,0.8085931739516868,0.3683795781101421,0.0004567012120147974,0,1,1149,13.0,0.04567012120147974,36.83795781101421,2025-03-30 03:54:00,2025-03-30 04:07:00
1150,0,4710.2451704192945,38211,0.17132,0.8069592025960901,38212,0.17142,0.8074302271132755,-1.1433649126674825,-0.0014168806911042458,0,1,1150,1.0,-0.14168806911042459,-114.33649126674825,2025-03-30 04:08:00,2025-03-30 04:09:00
1151,0,4730.418472885389,38586,0.17036,0.8058740910406641,38592,0.17045,0.8062998287033145,-1.1864362571844516,-0.0014722352664945655,0,1,1151,6.0,-0.14722352664945654,-118.64362571844515,2025-03-30 10:23:00,2025-03-30 10:29:00
1152,0,4729.91714226452,38597,0.17014,0.8047481025847674,38615,0.16973,0.802808836556557,-3.5468229674698994,-0.0044073704008463655,0,1,1152,18.0,-0.44073704008463654,-354.68229674698995,2025-03-30 10:34:00,2025-03-30 10:52:00
1153,0,4732.943461383726,38619,0.16932,0.801381986881438,38622,0.16914,0.8005300570584434,-2.453841866988858,-0.003062012756909808,0,1,1153,3.0,-0.3062012756909808,-245.38418669888583,2025-03-30 10:56:00,2025-03-30 10:59:00
1154,0,4713.0657421776905,38624,0.16954,0.7990531659287399,38637,0.17009,0.8016453520870033,0.9914876401819623,0.0012408281231568294,0,1,1154,13.0,0.12408281231568294,99.14876401819623,2025-03-30 11:01:00,2025-03-30 11:14:00
1155,0,4728.3771985028225,38650,0.16919,0.799994138214629,38673,0.16982,0.8029730158497493,1.375910480992355,0.001719900703351285,0,1,1155,23.0,0.1719900703351285,137.5910480992355,2025-03-30 11:27:00,2025-03-30 11:50:00
1156,0,4724.645916052404,38675,0.1696,0.801299947362395,38676,0.16963,0.8014416867399692,-1.461002256620765,-0.0018232900943394733,0,1,1156,1.0,-0.18232900943394734,-146.1002256620765,2025-03-30 11:52:00,2025-03-30 11:53:00
1157,0,4716.748521636158,38677,0.16959,0.7999133817842221,38679,0.16957,0.7998190468138433,-1.6940673990307347,-0.002117813550327125,0,1,1157,2.0,-0.2117813550327125,-169.40673990307346,2025-03-30 11:54:00,2025-03-30 11:56:00
1158,0,4711.435466899608,38773,0.16944,0.7983056255113752,38811,0.16771,0.7901548421537333,-9.73924382540148,-0.012199893767705326,0,1,1158,38.0,-1.2199893767705325,-973.924382540148,2025-03-30 13:30:00,2025-03-30 14:08:00
1159,0,4680.086517888101,38836,0.1686,0.7890625869158612,38837,0.1685,0.7885945782641451,-2.0456658169688704,-0.0025925266903914354,0,1,1159,1.0,-0.2592526690391435,-204.56658169688703,2025-03-30 14:33:00,2025-03-30 14:34:00
1160,0,4667.187345573072,38839,0.16865,0.787121145830838,38840,0.16871,0.787401177071633,-1.2944910821679692,-0.0016445893863027683,0,1,1160,1.0,-0.16445893863027683,-129.4491082167969,2025-03-30 14:36:00,2025-03-30 14:37:00
1161,0,4667.375031718903,38841,0.16838,0.7858926078407649,38845,0.16874,0.7875728628522478,0.10678954072579527,0.0001358831215109532,0,1,1161,4.0,0.01358831215109532,10.678954072579527,2025-03-30 14:38:00,2025-03-30 14:42:00
1162,0,4656.914068940654,38846,0.16878,0.7859939565556715,38848,0.1688,0.7860870948371825,-1.478942770013998,-0.0018816210451473069,0,1,1162,2.0,-0.1881621045147307,-147.89427700139981,2025-03-30 14:43:00,2025-03-30 14:45:00
1163,0,4639.801091166941,38849,0.1691,0.784590364516248,38850,0.16904,0.7843119764508597,-1.8472904064371474,-0.002354464813719618,0,1,1163,1.0,-0.23544648137196178,-184.72904064371474,2025-03-30 14:46:00,2025-03-30 14:47:00
1164,0,4642.887087378731,38861,0.16861,0.7828371918028552,38866,0.16914,0.7852979219592386,0.8925950425485665,0.0011402052072830861,0,1,1164,5.0,0.11402052072830861,89.25950425485665,2025-03-30 14:58:00,2025-03-30 15:03:00
1165,0,4637.734110398726,38867,0.16898,0.783684309975115,38868,0.16916,0.7845191021150486,-0.7334112722184118,-0.0009358503964965722,0,1,1165,1.0,-0.09358503964965723,-73.34112722184119,2025-03-30 15:04:00,2025-03-30 15:05:00
1166,0,4643.783081141291,38898,0.16861,0.7829882653111326,38913,0.16894,0.7845207137280098,-0.03506056226246834,-4.477788980468562e-05,0,1,1166,15.0,-0.004477788980468561,-3.506056226246834,2025-03-30 15:35:00,2025-03-30 15:50:00
1167,0,4646.065695771087,38916,0.16852,0.7829549910512696,38917,0.16852,0.7829549910513437,-1.5659099821026135,-0.0019999999999999055,0,1,1167,1.0,-0.19999999999999055,-156.59099821026135,2025-03-30 15:53:00,2025-03-30 15:54:00
1168,0,4632.573731084834,38918,0.16869,0.7814688626966699,38919,0.16859,0.7810056053235922,-2.025731841128866,-0.0025922105637561166,0,1,1168,1.0,-0.25922105637561166,-202.5731841128866,2025-03-30 15:55:00,2025-03-30 15:56:00
1169,0,4623.918025804347,38922,0.16859,0.7795463399702385,38923,0.16854,0.7793151440690647,-1.7900573853294102,-0.0022962809182036363,0,1,1169,1.0,-0.22962809182036364,-179.00573853294102,2025-03-30 15:59:00,2025-03-30 16:00:00
1170,0,4619.321125422841,38925,0.16839,0.7778474843098593,38926,0.16838,0.7778012910986979,-1.6018419866629334,-0.002059326563335185,0,1,1170,1.0,-0.2059326563335185,-160.18419866629336,2025-03-30 16:02:00,2025-03-30 16:03:00
1171,0,4605.916669547791,38935,0.16855,0.7763272546521875,38936,0.16847,0.7759587813187163,-1.920759369534674,-0.002474161969741729,0,1,1171,1.0,-0.24741619697417291,-192.07593695346742,2025-03-30 16:12:00,2025-03-30 16:13:00
1172,0,4592.104566285572,38951,0.16866,0.7745043561496914,38973,0.16695,0.7666518573413762,-9.393655021839582,-0.012128601921024742,0,1,1172,22.0,-1.2128601921024742,-939.3655021839581,2025-03-30 16:28:00,2025-03-30 16:50:00
1173,0,4563.87063449294,39003,0.16775,0.7655892989361064,39004,0.16771,0.7654067441108109,-1.7135508684266423,-0.0022382116244410322,0,1,1173,1.0,-0.22382116244410322,-171.35508684266424,2025-03-30 17:20:00,2025-03-30 17:21:00
1174,0,4539.023539054503,39020,0.16831,0.7639630518581271,39021,0.16824,0.7636453202105296,-1.8453400198024648,-0.002415483334323382,0,1,1174,1.0,-0.2415483334323382,-184.53400198024647,2025-03-30 17:37:00,2025-03-30 17:38:00
1175,0,4543.465248933882,39027,0.16776,0.7622117301610842,39028,0.16765,0.7617119489837653,-2.023704856527565,-0.0026550429184548367,0,1,1175,1.0,-0.2655042918454837,-202.37048565275649,2025-03-30 17:44:00,2025-03-30 17:45:00
1176,0,4523.11934764984,39030,0.16809,0.7602911311463458,39036,0.16801,0.7599292815986496,-1.8820699605569666,-0.0024754595752273833,0,1,1176,6.0,-0.24754595752273834,-188.20699605569666,2025-03-30 17:47:00,2025-03-30 17:53:00
1177,0,4462.843909532918,39068,0.16996,0.7585049508641077,39069,0.16993,0.7583710655469287,-1.6507613336970945,-0.002176335608378394,0,1,1177,1.0,-0.21763356083783938,-165.07613336970945,2025-03-30 18:25:00,2025-03-30 18:26:00
1178,0,4443.429963333213,39072,0.17035,0.7569382942537004,39073,0.17004,0.7555608309651796,-2.8899624138521736,-0.003817963017317136,0,1,1178,1.0,-0.38179630173171364,-288.99624138521733,2025-03-30 18:29:00,2025-03-30 18:30:00
1179,0,4438.272068982668,39074,0.16993,0.7541955726821925,39076,0.16993,0.7541955726822248,-1.5083911453644174,-0.0019999999999999575,0,1,1179,2.0,-0.19999999999999576,-150.83911453644174,2025-03-30 18:31:00,2025-03-30 18:33:00
1180,0,4428.544726639468,39118,0.16998,0.7527640326341043,39121,0.16994,0.7525868908451112,-1.682492712544774,-0.0022350864807623196,0,1,1180,3.0,-0.22350864807623194,-168.2492712544774,2025-03-30 19:15:00,2025-03-30 19:18:00
1181,0,4423.835461298968,39122,0.1698,0.7511672613285327,39123,0.16973,0.7508575928462737,-1.8116933364658512,-0.0024118374558305014,0,1,1181,1.0,-0.24118374558305014,-181.16933364658513,2025-03-30 19:19:00,2025-03-30 19:20:00
1182,0,4465.517917226971,39263,0.16783,0.7494478720481084,39290,0.16529,0.7381054565384461,-12.829968838343174,-0.017119227790025643,0,1,1182,27.0,-1.7119227790025642,-1282.9968838343173,2025-03-30 21:40:00,2025-03-30 22:07:00
1183,0,4419.0336726557125,39345,0.16684,0.7372715779457621,39436,0.16471,0.7278590362231224,-10.877672336925485,-0.014753955885878437,0,1,1183,91.0,-1.4753955885878438,-1087.7672336925484,2025-03-30 23:02:00,2025-03-31 00:33:00
1184,0,4353.243383981404,39590,0.16699,0.7269481126909341,39627,0.16532,0.7196781962398057,-8.716542760179799,-0.011990598239415524,0,1,1184,37.0,-1.1990598239415524,-871.6542760179799,2025-03-31 03:07:00,2025-03-31 03:44:00
1185,0,4323.901507202111,39755,0.16621,0.7186756695119811,39762,0.16622,0.7187189085271349,-1.394155562967112,-0.0019398953131579632,0,1,1185,7.0,-0.19398953131579633,-139.4155562967112,2025-03-31 05:52:00,2025-03-31 05:59:00
1186,0,4324.78775457831,39767,0.16587,0.7173525448517921,39834,0.16414,0.7098706620364839,-8.909106022308752,-0.012419424850786603,0,1,1186,67.0,-1.2419424850786602,-890.9106022308752,2025-03-31 06:04:00,2025-03-31 07:11:00
1187,0,4312.814682279228,39922,0.16437,0.7088973493262074,39942,0.1626,0.7012636673386025,-9.043843004299001,-0.0127576200036502,0,1,1187,20.0,-1.27576200036502,-904.3843004299001,2025-03-31 08:39:00,2025-03-31 08:59:00
1188,0,4290.352763217173,40066,0.16323,0.7003142815398178,40067,0.16329,0.7005717027057321,-1.1434648184526017,-0.0016327880904244984,0,1,1188,1.0,-0.16327880904244985,-114.34648184526017,2025-03-31 11:03:00,2025-03-31 11:04:00
1189,0,4299.244190659003,40072,0.16264,0.6992290751686596,40110,0.1632,0.7016366519155494,1.0067110196849005,0.0014397442203642635,0,1,1189,38.0,0.14397442203642635,100.67110196849005,2025-03-31 11:09:00,2025-03-31 11:47:00
1190,0,4277.5031780648305,40112,0.16369,0.7001844952173997,40138,0.1629,0.6968052677067609,-4.776217273595332,-0.00682136966216618,0,1,1190,26.0,-0.682136966216618,-477.6217273595332,2025-03-31 11:49:00,2025-03-31 12:15:00
1191,0,4270.945614446543,40139,0.16288,0.6956516216810087,40156,0.16382,0.6996663105586326,2.6193709453400738,0.0037653487229862602,0,1,1191,17.0,0.37653487229862603,261.9370945340074,2025-03-31 12:16:00,2025-03-31 12:33:00
1192,0,4236.785642448382,40166,0.16478,0.6981375381625412,40215,0.1625,0.688477666897862,-11.046486469842685,-0.015822794028401317,0,1,1192,49.0,-1.5822794028401317,-1104.6486469842685,2025-03-31 12:43:00,2025-03-31 13:32:00
1193,0,4114.238720203192,40330,0.16714,0.6876538596947057,40351,0.16787,0.6906572539605098,1.6250831520929547,0.0023632284312550835,0,1,1193,21.0,0.23632284312550836,162.50831520929546,2025-03-31 15:27:00,2025-03-31 15:48:00
1194,0,4096.992904544894,40352,0.16822,0.6891961464024234,40355,0.16811,0.6887454771830422,-1.8286108430853663,-0.0026532516942097363,0,1,1194,3.0,-0.2653251694209736,-182.86108430853662,2025-03-31 15:49:00,2025-03-31 15:52:00
1195,0,4087.40532461185,40356,0.16819,0.6874607015463425,40380,0.16646,0.6803894903348886,-8.439061403459775,-0.012275700101076044,0,1,1195,24.0,-1.2275700101076044,-843.9061403459775,2025-03-31 15:53:00,2025-03-31 16:17:00
1196,0,4068.0852730955235,40419,0.16702,0.6794516023123833,40431,0.1674,0.6809974747161907,0.1854233267476555,0.00027290144892821544,0,1,1196,12.0,0.027290144892821545,18.54233267476555,2025-03-31 16:56:00,2025-03-31 17:08:00
1197,0,4056.267254530829,40432,0.16755,0.6796275784965928,40433,0.16777,0.6805199572926371,-0.4677687397925242,-0.0006882721575649486,0,1,1197,1.0,-0.06882721575649486,-46.77687397925242,2025-03-31 17:09:00,2025-03-31 17:10:00
1198,0,4062.346086070961,40439,0.16719,0.6791836421301696,40464,0.16535,0.6717089253318334,-8.825609365832653,-0.012994437466355712,0,1,1198,25.0,-1.2994437466355713,-882.5609365832653,2025-03-31 17:16:00,2025-03-31 17:41:00
1199,0,4013.4479429556523,40522,0.16714,0.6708076891854944,40523,0.16725,0.6712491684593329,-0.9005775839197054,-0.0013425272226873983,0,1,1199,1.0,-0.13425272226873983,-90.05775839197054,2025-03-31 18:39:00,2025-03-31 18:40:00
1200,0,4010.7339270527696,40528,0.16704,0.6699529951748673,40529,0.167,0.6697925658178127,-1.5001749180746464,-0.0022392241379307785,0,1,1200,1.0,-0.22392241379307784,-150.01749180746464,2025-03-31 18:45:00,2025-03-31 18:46:00
1201,0,3997.1853676840265,40547,0.16725,0.6685292527450883,40548,0.16739,0.6690888586966293,-0.7780121599659577,-0.0011637668161434062,0,1,1201,1.0,-0.11637668161434062,-77.80121599659577,2025-03-31 19:04:00,2025-03-31 19:05:00
1202,0,3979.683430073686,40553,0.1678,0.6677908795662688,40557,0.16767,0.667273520720455,-1.852423246196322,-0.002773957091775809,0,1,1202,4.0,-0.2773957091775809,-185.2423246196322,2025-03-31 19:10:00,2025-03-31 19:14:00
1203,0,3977.027739454934,40559,0.16747,0.6660328355264937,40568,0.16713,0.6646806460951031,-2.682902913036269,-0.004028184152385457,0,1,1203,9.0,-0.4028184152385457,-268.29029130362693,2025-03-31 19:16:00,2025-03-31 19:25:00
1204,0,3976.7838885800124,40569,0.16684,0.6634866239705843,40631,0.16658,0.6624526601596585,-2.3599030951609734,-0.0035568209062572247,0,1,1204,62.0,-0.3556820906257225,-235.99030951609734,2025-03-31 19:26:00,2025-03-31 20:28:00
1205,0,3976.468553121405,40634,0.16629,0.6612469556985161,40688,0.16631,0.661326485069621,-1.2430440697055742,-0.0018798484575137141,0,1,1205,54.0,-0.18798484575137142,-124.30440697055742,2025-03-31 20:31:00,2025-03-31 21:25:00
1206,0,3969.6129633419064,40689,0.16628,0.6600672435444039,40693,0.16602,0.6590351441740233,-2.3512017581873543,-0.0035620639884531248,0,1,1206,4.0,-0.35620639884531247,-235.12017581873545,2025-03-31 21:26:00,2025-03-31 21:30:00
1207,0,3956.1933683213506,40694,0.16628,0.6578358332843663,40698,0.16609,0.6570841565444931,-2.066596729809981,-0.003141508299254204,0,1,1207,4.0,-0.3141508299254204,-206.6596729809981,2025-03-31 21:31:00,2025-03-31 21:35:00
1208,0,3944.160969972593,40699,0.16629,0.6558745276967102,40701,0.16616,0.655361786770646,-1.8239772405637549,-0.0027809850261590117,0,1,1208,2.0,-0.2780985026159012,-182.3977240563755,2025-03-31 21:36:00,2025-03-31 21:38:00
1209,0,3941.0982068052667,40709,0.16598,0.6541434803655193,40710,0.16592,0.6539070144731299,-1.5445163872468544,-0.0023611278467283235,0,1,1209,1.0,-0.23611278467283234,-154.45163872468544,2025-03-31 21:46:00,2025-03-31 21:47:00
1210,0,3948.443167709599,40724,0.1653,0.6526776556223695,40745,0.16446,0.6493609633615206,-4.618730879860043,-0.0070765880217786795,0,1,1210,21.0,-0.7076588021778679,-461.8730879860043,2025-03-31 22:01:00,2025-03-31 22:22:00
1211,0,3940.0403834779063,40746,0.16454,0.6482942446973539,40751,0.16465,0.6487276491396373,-0.8636174516544274,-0.0013321380819252212,0,1,1211,5.0,-0.13321380819252213,-86.36174516544274,2025-03-31 22:23:00,2025-03-31 22:28:00
1212,0,3932.6690217161386,40752,0.16464,0.6474746277352779,40753,0.16478,0.6480252013983854,-0.7449261660933952,-0.0011505102040815158,0,1,1212,1.0,-0.11505102040815157,-74.49261660933952,2025-03-31 22:29:00,2025-03-31 22:30:00
1213,0,3859.456109621919,40847,0.16758,0.6467676548503505,40849,0.16752,0.6465360874838639,-1.5248711089115519,-0.0023576799140707858,0,1,1213,2.0,-0.23576799140707858,-152.4871108911552,2025-04-01 00:04:00,2025-04-01 00:06:00
1214,0,3843.48108682161,40850,0.1679,0.6453204744773302,40864,0.16739,0.6433602991230694,-3.2488561278793306,-0.005034484812388159,0,1,1214,14.0,-0.5034484812388159,-324.88561278793304,2025-04-01 00:07:00,2025-04-01 00:21:00
1215,0,3833.336185304134,40865,0.16754,0.6422371444857617,40867,0.16745,0.6418921442291772,-1.6291295453923336,-0.0025366479646650453,0,1,1215,2.0,-0.2536647964665045,-162.91295453923337,2025-04-01 00:22:00,2025-04-01 00:24:00
1216,0,3828.9070551883883,40873,0.16733,0.6406910175445546,40888,0.16725,0.640384704980258,-1.5873882869398785,-0.0024776190760770196,0,1,1216,15.0,-0.24776190760770195,-158.73882869398784,2025-04-01 00:30:00,2025-04-01 00:45:00
1217,0,3824.9327100977816,40889,0.16711,0.639184505184403,40959,0.16654,0.6370042935396846,-3.456400443479874,-0.005407516007420283,0,1,1217,70.0,-0.5407516007420283,-345.6400443479874,2025-04-01 00:46:00,2025-04-01 01:56:00
1218,0,3818.3271590203894,40966,0.16654,0.6359042050631842,40967,0.16667,0.6364005875939284,-0.7759222619844223,-0.0012201873423800344,0,1,1218,1.0,-0.12201873423800344,-77.59222619844223,2025-04-01 02:03:00,2025-04-01 02:04:00
1219,0,3815.5091926721307,40968,0.16647,0.6351678153040439,40970,0.16701,0.6372281902681726,0.787978958470705,0.001240583888989096,0,1,1219,2.0,0.1240583888989096,78.79789584707049,2025-04-01 02:05:00,2025-04-01 02:07:00
1220,0,3754.151056629661,41025,0.16939,0.6359156474824204,41040,0.16959,0.6366664776938242,-0.521751913850425,-0.0008204734636047537,0,1,1220,15.0,-0.08204734636047537,-52.175191385042496,2025-04-01 03:02:00,2025-04-01 03:17:00
1221,0,3768.581213056695,41052,0.16861,0.635420478333458,41053,0.16856,0.6352320492728365,-1.4590815882592876,-0.002296245774272188,0,1,1221,1.0,-0.2296245774272188,-145.90815882592875,2025-04-01 03:29:00,2025-04-01 03:30:00
1222,0,3763.2700354190956,41058,0.16848,0.634035735567295,41071,0.16866,0.6347131241737847,-0.5913602533656634,-0.0009326923076921606,0,1,1222,13.0,-0.09326923076921606,-59.13602533656635,2025-04-01 03:35:00,2025-04-01 03:48:00
1223,0,3761.725086447278,41092,0.1684,0.6334745045576256,41093,0.16842,0.6335497390594506,-1.1917897418881616,-0.0018813539192398022,0,1,1223,1.0,-0.1881353919239802,-119.17897418881616,2025-04-01 04:09:00,2025-04-01 04:10:00
1224,0,3763.500984240646,41102,0.16802,0.6323434353720359,41103,0.16807,0.6325316104213253,-1.0766999965813975,-0.0017027139626234829,0,1,1224,1.0,-0.1702713962623483,-107.66999965813974,2025-04-01 04:19:00,2025-04-01 04:20:00
1225,0,3672.1823651612067,41338,0.17192,0.6313215922184554,41376,0.17394,0.6387394005961403,6.147747384811051,0.009737901349464976,0,1,1225,38.0,0.9737901349464976,614.7747384811051,2025-04-01 08:15:00,2025-04-01 08:53:00
1226,0,3660.975164954005,41379,0.17404,0.6371561177085141,41380,0.17404,0.637156117708595,-1.274312235417109,-0.001999999999999873,0,1,1226,1.0,-0.1999999999999873,-127.4312235417109,2025-04-01 08:56:00,2025-04-01 08:57:00
1227,0,3648.7849588168287,41381,0.17429,0.635946730472142,41382,0.17436,0.6362021454193023,-1.0167339287742703,-0.0015987721613402335,0,1,1227,1.0,-0.15987721613402336,-101.67339287742703,2025-04-01 08:58:00,2025-04-01 08:59:00
1228,0,3634.490287746263,41384,0.17471,0.6349817981721344,41400,0.17396,0.6322559304563399,-3.9931054444382013,-0.006288535287047129,0,1,1228,16.0,-0.6288535287047129,-399.3105444438201,2025-04-01 09:01:00,2025-04-01 09:17:00
1229,0,3640.9329583551284,41411,0.17336,0.6311921376603777,41412,0.17361,0.6321023709000337,-0.3530612689717054,-0.0005593562528841854,0,1,1229,1.0,-0.05593562528841854,-35.30612689717054,2025-04-01 09:28:00,2025-04-01 09:29:00
1230,0,3640.4701051881493,41426,0.17329,0.6308570645279588,41427,0.17337,0.6311483021364694,-0.9707677582493972,-0.0015388077788676755,0,1,1230,1.0,-0.15388077788676754,-97.07677582493972,2025-04-01 09:43:00,2025-04-01 09:44:00
1231,0,3631.172218502304,41430,0.17348,0.6299357564656702,41431,0.17357,0.630262561965445,-0.9333928187659453,-0.00148172700023046,0,1,1231,1.0,-0.148172700023046,-93.33928187659453,2025-04-01 09:47:00,2025-04-01 09:48:00
1232,0,3632.3473791736487,41444,0.17318,0.6290499191252366,41445,0.17339,0.6298127120749188,-0.4960696815737822,-0.000788601455133446,0,1,1232,1.0,-0.0788601455133446,-49.60696815737822,2025-04-01 10:01:00,2025-04-01 10:02:00
1233,0,3631.09654972676,41446,0.17311,0.6285791237231706,41449,0.17309,0.6285065017922049,-1.32970755650999,-0.0021154179423488757,0,1,1233,3.0,-0.21154179423488756,-132.970755650999,2025-04-01 10:03:00,2025-04-01 10:06:00
1234,0,3631.989135622588,41451,0.17272,0.6273171635046992,41455,0.17282,0.6276803624182957,-0.8917986123607943,-0.0014216072255674305,0,1,1234,4.0,-0.14216072255674306,-89.17986123607943,2025-04-01 10:08:00,2025-04-01 10:12:00
1235,0,3627.9291243068683,41457,0.17268,0.6264708011852917,41458,0.17289,0.6272326663014144,-0.4918383513823744,-0.0007850938151495565,0,1,1235,1.0,-0.07850938151495565,-49.18383513823744,2025-04-01 10:14:00,2025-04-01 10:15:00
1236,0,3646.342157101299,41481,0.17168,0.6260040215311165,41482,0.17183,0.6265509728547163,-0.7056036708205515,-0.0011271551724136,0,1,1236,1.0,-0.11271551724136,-70.56036708205515,2025-04-01 10:38:00,2025-04-01 10:39:00
1237,0,3638.414893219904,41483,0.17187,0.6253343676976328,41484,0.17195,0.6256254408891625,-0.9598866171291963,-0.0015349973817418883,0,1,1237,1.0,-0.15349973817418883,-95.98866171291964,2025-04-01 10:40:00,2025-04-01 10:41:00
1238,0,3637.982908370643,41486,0.17164,0.6244233863926638,41504,0.17117,0.6227135344258029,-2.956988887752719,-0.004735551153577217,0,1,1238,18.0,-0.4735551153577217,-295.6988887752719,2025-04-01 10:43:00,2025-04-01 11:01:00
1239,0,3636.6761439330853,41505,0.17093,0.6216170532824208,41533,0.17082,0.6212170189066496,-1.6428684480217313,-0.002642894752237694,0,1,1239,28.0,-0.2642894752237694,-164.28684480217314,2025-04-01 11:02:00,2025-04-01 11:30:00
1240,0,3635.850166663079,41534,0.17054,0.6200578874226039,41562,0.1705,0.619912453416055,-1.3854043475050508,-0.0022343145303150673,0,1,1240,28.0,-0.22343145303150674,-138.54043475050509,2025-04-01 11:31:00,2025-04-01 11:59:00
1241,0,3623.678290552869,41563,0.17075,0.6187430681118258,41564,0.17083,0.6190329623751467,-0.9478817672427085,-0.0015319472913614604,0,1,1241,1.0,-0.15319472913614604,-94.78817672427084,2025-04-01 12:00:00,2025-04-01 12:01:00
1242,0,3629.0365933692365,41606,0.17025,0.6178434800210653,41608,0.1704,0.6183878355101179,-0.6918758265258994,-0.0011198237885463435,0,1,1242,2.0,-0.11198237885463436,-69.18758265258994,2025-04-01 12:43:00,2025-04-01 12:45:00
1243,0,3626.457809573551,41611,0.17019,0.6171868546113046,41612,0.17037,0.6178396170170458,-0.5822640659052126,-0.0009434161819144659,0,1,1243,1.0,-0.09434161819144658,-58.226406590521265,2025-04-01 12:48:00,2025-04-01 12:49:00
1244,0,3599.732961745343,41634,0.1713,0.6166342563468561,41642,0.17081,0.614870387195722,-2.995373794797913,-0.004857618213660238,0,1,1244,8.0,-0.4857618213660238,-299.5373794797913,2025-04-01 13:11:00,2025-04-01 13:19:00
1245,0,3595.5216097724906,41653,0.17071,0.6137914940042037,41664,0.17133,0.6160207174023209,0.9994111866525235,0.001628258450003193,0,1,1245,11.0,0.1628258450003193,99.94111866525235,2025-04-01 13:30:00,2025-04-01 13:41:00
1246,0,3595.601486456376,41665,0.17097,0.6147399861393978,41689,0.16888,0.6072251790327527,-8.736772271866016,-0.014212142481137027,0,1,1246,24.0,-1.4212142481137027,-873.6772271866016,2025-04-01 13:42:00,2025-04-01 14:06:00
1247,0,3596.96526763458,41705,0.1686,0.6064483441231232,41706,0.16848,0.606016708291074,-1.6441008845303688,-0.0027110320284696766,0,1,1247,1.0,-0.27110320284696765,-164.41008845303688,2025-04-01 14:22:00,2025-04-01 14:23:00
1248,0,3582.398629661777,41707,0.16885,0.6048880086183317,41724,0.1701,0.6093660069054683,3.2637442715533846,0.005395617411904094,0,1,1248,17.0,0.5395617411904094,326.3744271553385,2025-04-01 14:24:00,2025-04-01 14:41:00
1249,0,3571.133440333441,41725,0.17025,0.6079854682167252,41727,0.17,0.607092684856685,-2.1078615131568093,-0.0034669603524229,0,1,1249,2.0,-0.34669603524229003,-210.7861513156809,2025-04-01 14:42:00,2025-04-01 14:44:00
1250,0,3571.1297085699744,41728,0.16969,0.6059850002471876,41730,0.17004,0.6072348956452385,0.036675502107040625,6.0522128587468656e-05,0,1,1250,2.0,0.006052212858746866,3.6675502107040625,2025-04-01 14:45:00,2025-04-01 14:47:00
1251,0,3546.4642273368477,41734,0.17088,0.6060198071672858,41771,0.17339,0.614921432377936,7.680683971070185,0.012673981741572958,0,1,1251,37.0,1.267398174157296,768.0683971070185,2025-04-01 14:51:00,2025-04-01 15:28:00
1252,0,3541.2504623790355,41773,0.17319,0.6133091675793594,41777,0.17347,0.6143007177088913,-0.23605975582217353,-0.0003848952018014685,0,1,1252,4.0,-0.03848952018014685,-23.605975582217354,2025-04-01 15:30:00,2025-04-01 15:34:00
1253,0,3507.15139204925,41788,0.17481,0.6130851348440274,41800,0.17478,0.6129799203023679,-1.331279596907879,-0.0021714432812766585,0,1,1253,12.0,-0.21714432812766585,-133.1279596907879,2025-04-01 15:45:00,2025-04-01 15:57:00
1254,0,3497.9228327667474,41801,0.17491,0.6118216826791922,41802,0.17493,0.6118916411358871,-1.1537548671597935,-0.0018857698244811772,0,1,1254,1.0,-0.1885769824481177,-115.37548671597935,2025-04-01 15:58:00,2025-04-01 15:59:00
1255,0,3477.942542867777,41804,0.1756,0.6107267105275014,41819,0.17368,0.6040490608452754,-7.892425453678973,-0.012923006833712957,0,1,1255,15.0,-1.2923006833712958,-789.2425453678973,2025-04-01 16:01:00,2025-04-01 16:16:00
1256,0,3480.6785336129124,41841,0.17331,0.6032363966603498,41842,0.1733,0.6032015898751177,-1.2412447718715265,-0.0020576423749347986,0,1,1256,1.0,-0.20576423749347986,-124.12447718715265,2025-04-01 16:38:00,2025-04-01 16:39:00
1257,0,3472.4789025937507,41850,0.17338,0.6020583921316529,41852,0.17354,0.6026139887561195,-0.6490757564727838,-0.001078094359210915,0,1,1257,2.0,-0.1078094359210915,-64.90757564727838,2025-04-01 16:47:00,2025-04-01 16:49:00
1258,0,3482.3831056048753,41882,0.17271,0.6014423861689693,41888,0.17272,0.6014772100000741,-1.1680957651129562,-0.0019421573736319551,0,1,1258,6.0,-0.19421573736319553,-116.80957651129562,2025-04-01 17:19:00,2025-04-01 17:25:00
1259,0,3470.338191655906,42302,0.17299,0.600333803774447,42352,0.17114,0.5939136781199917,-7.614373136457988,-0.012683565524018753,0,1,1259,50.0,-1.2683565524018752,-761.4373136457988,2025-04-02 00:19:00,2025-04-02 01:09:00
1260,0,3455.531203233348,42375,0.17164,0.593107375722866,42376,0.17179,0.5936257054034569,-0.6684034006412559,-0.0011269517594963332,0,1,1260,1.0,-0.11269517594963332,-66.8403400641256,2025-04-02 01:32:00,2025-04-02 01:33:00
1261,0,3438.413480594535,42378,0.17231,0.5924730268411622,42384,0.17304,0.5949830686820783,1.3225857453107515,0.002232313852939577,0,1,1261,6.0,0.22323138529395772,132.25857453107514,2025-04-02 01:35:00,2025-04-02 01:41:00
1262,0,3434.5359408690506,42385,0.17287,0.5937282280979161,42386,0.17268,0.5930756662692677,-1.839365723132285,-0.00309799271128571,0,1,1262,1.0,-0.309799271128571,-183.9365723132285,2025-04-02 01:42:00,2025-04-02 01:43:00
1263,0,3430.192237297729,42387,0.17258,0.5919825763128301,42393,0.17217,0.59057619749555,-2.5889375911005734,-0.0043733341059220806,0,1,1263,6.0,-0.43733341059220804,-258.8937591100573,2025-04-02 01:44:00,2025-04-02 01:50:00
1264,0,3430.4657703519033,42407,0.17185,0.589525542634874,42423,0.17008,0.5834536182214517,-7.2449035743792045,-0.012289380273494173,0,1,1264,16.0,-1.2289380273494173,-724.4903574379205,2025-04-02 02:04:00,2025-04-02 02:20:00
1265,0,3414.0968007847614,42438,0.17066,0.582649760021809,42465,0.17141,0.585210332622516,1.3927125079442322,0.002390308215164834,0,1,1265,27.0,0.23903082151648342,139.27125079442322,2025-04-02 02:35:00,2025-04-02 03:02:00
1266,0,3406.472117770209,42466,0.17143,0.583971515149301,42467,0.1715,0.584209968197591,-0.9297284351029234,-0.0015920783993465012,0,1,1266,1.0,-0.15920783993465012,-92.97284351029234,2025-04-02 03:03:00,2025-04-02 03:04:00
1267,0,3390.0532296258884,42478,0.172,0.5830891554955997,42485,0.17168,0.5820043384621726,-2.249910527438021,-0.003858604651162639,0,1,1267,7.0,-0.3858604651162639,-224.9910527438021,2025-04-02 03:15:00,2025-04-02 03:22:00
1268,0,3385.1175607406367,42487,0.17162,0.5809538757742985,42488,0.17164,0.5810215781255229,-1.0942731026849732,-0.0018835800023306534,0,1,1268,1.0,-0.18835800023306534,-109.42731026849732,2025-04-02 03:24:00,2025-04-02 03:25:00
1269,0,3381.627819975999,42490,0.17149,0.5799153548475715,42491,0.17153,0.5800506199604831,-1.0247008620089935,-0.0017669834975798033,0,1,1269,1.0,-0.17669834975798032,-102.47008620089935,2025-04-02 03:27:00,2025-04-02 03:28:00
1270,0,3373.2031784775445,42495,0.17163,0.5789428615220231,42497,0.1718,0.5795163060624422,-0.5850146272433225,-0.0010104876769794833,0,1,1270,2.0,-0.10104876769794834,-58.50146272433226,2025-04-02 03:32:00,2025-04-02 03:34:00
1271,0,3374.2935233353182,42502,0.17141,0.5783876528348628,42514,0.17156,0.5788937968634071,-0.6511374211980536,-0.0011257802928651248,0,1,1271,12.0,-0.11257802928651248,-65.11374211980537,2025-04-02 03:39:00,2025-04-02 03:51:00
1272,0,3388.0823916457894,42587,0.17053,0.5777696902472371,42592,0.17056,0.5778713327191058,-1.0539985512169283,-0.0018242537969855904,0,1,1272,5.0,-0.18242537969855904,-105.39985512169284,2025-04-02 05:04:00,2025-04-02 05:09:00
1273,0,3384.5982742915644,42593,0.17041,0.576769391921971,42595,0.17044,0.5768709298702542,-1.0521023735635007,-0.0018241300393168857,0,1,1273,2.0,-0.18241300393168858,-105.21023735635006,2025-04-02 05:10:00,2025-04-02 05:12:00
1274,0,3385.8917563416435,42597,0.17005,0.5757708931657817,42632,0.16912,0.5726220138324988,-4.297272240396039,-0.007463510732137459,0,1,1274,35.0,-0.7463510732137458,-429.72722403960387,2025-04-02 05:14:00,2025-04-02 05:49:00
1275,0,3383.3968329751924,42633,0.16897,0.5716925628677245,42635,0.16889,0.5714218911211802,-1.4137862006269772,-0.0024729833698288995,0,1,1275,2.0,-0.24729833698288994,-141.37862006269773,2025-04-02 05:50:00,2025-04-02 05:52:00
1276,0,3382.6629958623926,42636,0.16861,0.5703508077323249,42637,0.16857,0.5702155012125235,-1.275872828779406,-0.0022369966194176415,0,1,1276,1.0,-0.22369966194176416,-127.58728287794061,2025-04-02 05:53:00,2025-04-02 05:54:00
1277,0,3378.6876783219755,42638,0.16845,0.5691399394132759,42640,0.16841,0.5690047919062039,-1.273292238452322,-0.002237221727515412,0,1,1277,2.0,-0.2237221727515412,-127.32922384523219,2025-04-02 05:55:00,2025-04-02 05:57:00
1278,0,3376.7258469945555,42655,0.16819,0.5679315202060025,42675,0.16859,0.5692822105448121,0.21347660804697544,0.00037588441643375927,0,1,1278,20.0,0.03758844164337593,21.347660804697544,2025-04-02 06:12:00,2025-04-02 06:32:00
1279,0,3373.5177268777475,42692,0.16841,0.5681341203834336,42697,0.16866,0.5689774998152008,-0.29373218847920746,-0.0005170120539159714,0,1,1279,5.0,-0.05170120539159714,-29.373218847920747,2025-04-02 06:49:00,2025-04-02 06:54:00
1280,0,3373.8658045941324,42701,0.16831,0.5678553535711899,42704,0.16839,0.568125262835606,-0.8660713520392119,-0.0015251619036300268,0,1,1280,3.0,-0.15251619036300268,-86.60713520392119,2025-04-02 06:58:00,2025-04-02 07:01:00
1281,0,3369.182458304456,42705,0.1683,0.5670334077325379,42719,0.16825,0.5668649486097247,-1.3023574792575001,-0.002296791443850113,0,1,1281,14.0,-0.22967914438501133,-130.23574792575002,2025-04-02 07:02:00,2025-04-02 07:16:00
1282,0,3337.4470838845455,42734,0.16953,0.5657974041308762,42757,0.16969,0.5663313956643685,-0.5981372663736317,-0.0010571580251280193,0,1,1282,23.0,-0.10571580251280194,-59.813726637363175,2025-04-02 07:31:00,2025-04-02 07:54:00
1283,0,3283.165319415847,42833,0.17216,0.5652297413905671,42835,0.1723,0.5656893845353504,-0.6712759812077745,-0.0011876161710037358,0,1,1283,2.0,-0.11876161710037357,-67.12759812077745,2025-04-02 09:10:00,2025-04-02 09:12:00
1284,0,3266.184578755015,42836,0.17286,0.5645926662834881,42839,0.17235,0.5629269121484268,-2.7932737135970314,-0.004947414092328972,0,1,1284,3.0,-0.4947414092328972,-279.32737135970314,2025-04-02 09:13:00,2025-04-02 09:16:00
1285,0,3266.7230973999735,42842,0.17202,0.5619417072147144,42843,0.17216,0.5623990484483795,-0.6669995220270505,-0.0011869550052318143,0,1,1285,1.0,-0.11869550052318142,-66.69995220270505,2025-04-02 09:19:00,2025-04-02 09:20:00
1286,0,3263.0431966361307,42844,0.17202,0.5613086906853368,42845,0.17182,0.5606560820460199,-1.7745734120585976,-0.003161492849668651,0,1,1286,1.0,-0.3161492849668651,-177.45734120585976,2025-04-02 09:21:00,2025-04-02 09:22:00
1287,0,3256.8499685996185,42846,0.17183,0.5596245301044291,42848,0.17181,0.5595593931051004,-1.1843209225815732,-0.002116277716347567,0,1,1287,2.0,-0.21162777163475668,-118.43209225815731,2025-04-02 09:23:00,2025-04-02 09:25:00
1288,0,3219.0233383799173,42903,0.1735,0.5585005492088158,42905,0.17329,0.5578245543078559,-1.7923200045763246,-0.0032091642651292723,0,1,1288,2.0,-0.32091642651292723,-179.23200045763247,2025-04-02 10:20:00,2025-04-02 10:22:00
1289,0,3215.520594869308,42907,0.17316,0.5567995462074578,42950,0.1725,0.5546773026149556,-3.2337204414362266,-0.0058076923076922325,0,1,1289,43.0,-0.5807692307692233,-323.37204414362265,2025-04-02 10:24:00,2025-04-02 11:07:00
1290,0,3208.358426059788,42951,0.17259,0.5537305807536086,42952,0.17273,0.5541797509333072,-0.6587401520385391,-0.0011896401877280395,0,1,1290,1.0,-0.11896401877280395,-65.87401520385392,2025-04-02 11:08:00,2025-04-02 11:09:00
1291,0,3207.337795228697,42954,0.17245,0.5531054027870823,42962,0.1726,0.5535865034564731,-0.6255912369591679,-0.001131052478979072,0,1,1291,8.0,-0.11310524789790719,-62.55912369591678,2025-04-02 11:11:00,2025-04-02 11:19:00
1292,0,3203.52342337818,42963,0.17247,0.5525116848299376,42964,0.17259,0.55289610764084,-0.7209849816654873,-0.001304922595233943,0,1,1292,1.0,-0.1304922595233943,-72.09849816654874,2025-04-02 11:20:00,2025-04-02 11:21:00
1293,0,3200.1126962939775,42966,0.17244,0.5518274333488762,42970,0.17217,0.550963402920934,-1.96682126426922,-0.003564196242171151,0,1,1293,4.0,-0.3564196242171151,-196.682126426922,2025-04-02 11:23:00,2025-04-02 11:27:00
1294,0,3193.9184607785887,42971,0.17219,0.5499608197613952,42976,0.17196,0.5492262185154861,-1.833788284255974,-0.003334398048667074,0,1,1294,5.0,-0.3334398048667074,-183.37882842559742,2025-04-02 11:28:00,2025-04-02 11:33:00
1295,0,3192.8972699471956,42982,0.1717,0.5482204612499118,42990,0.17156,0.5477734556321409,-1.5429995346746224,-0.002814560279557259,0,1,1295,8.0,-0.2814560279557259,-154.29995346746225,2025-04-02 11:39:00,2025-04-02 11:47:00
1296,0,3198.3391405508355,43033,0.17095,0.5467560760771448,43039,0.17093,0.5466921092943543,-1.1574149681825068,-0.0021168762796138683,0,1,1296,6.0,-0.21168762796138682,-115.74149681825068,2025-04-02 12:30:00,2025-04-02 12:36:00
1297,0,3191.7268969534744,43040,0.17096,0.5456576303031397,43042,0.17124,0.546551313834313,-0.19852541299049054,-0.00036382779597563826,0,1,1297,2.0,-0.03638277959756383,-19.852541299049054,2025-04-02 12:37:00,2025-04-02 12:39:00
1298,0,3179.6515276686478,43067,0.17155,0.545469219571487,43070,0.17182,0.5463277254840271,-0.23329103258502282,-0.0004276887204896057,0,1,1298,3.0,-0.04276887204896057,-23.329103258502283,2025-04-02 13:04:00,2025-04-02 13:07:00
1299,0,3175.3993040339915,43071,0.17171,0.5452478144956103,43072,0.17162,0.5449620285583135,-1.3759957804170537,-0.0025236153980548676,0,1,1299,1.0,-0.25236153980548676,-137.59957804170537,2025-04-02 13:08:00,2025-04-02 13:09:00
1300,0,3173.893828885411,43073,0.17138,0.5439419243942893,43083,0.1709,0.5424184553565167,-2.60982941761589,-0.0047979927646166305,0,1,1300,10.0,-0.47979927646166304,-260.98294176158896,2025-04-02 13:10:00,2025-04-02 13:20:00
1301,0,3166.832748325725,43084,0.17098,0.5414650633086922,43085,0.171,0.5415283999636991,-1.0196568083057578,-0.0018831442273947233,0,1,1301,1.0,-0.18831442273947233,-101.96568083057578,2025-04-02 13:21:00,2025-04-02 13:22:00
1302,0,3166.172790387813,43086,0.17071,0.540497357047002,43102,0.17167,0.5435368829258759,1.9554916387993462,0.0036179485677465166,0,1,1302,16.0,0.3617948567746517,195.5491638799346,2025-04-02 13:23:00,2025-04-02 13:39:00
1303,0,3155.417839438953,43103,0.17188,0.542353218242738,43127,0.17264,0.5447513358007408,1.311013003930113,0.0024172678612986117,0,1,1303,24.0,0.24172678612986118,131.10130039301131,2025-04-02 13:40:00,2025-04-02 14:04:00
1304,0,3153.3002864340474,43128,0.17239,0.5435974363782634,43151,0.17192,0.5421153852437414,-2.5677639562460484,-0.004723649863681076,0,1,1304,23.0,-0.47236498636810764,-256.77639562460485,2025-04-02 14:05:00,2025-04-02 14:28:00
1305,0,3152.6973350349613,43153,0.17165,0.5411604975587352,43154,0.17218,0.5428314271463196,0.5869376628634254,0.0010845907369646923,0,1,1305,1.0,0.10845907369646923,58.693766286342544,2025-04-02 14:30:00,2025-04-02 14:31:00
1306,0,3147.6904782378,43155,0.1721,0.5417175313046982,43156,0.17164,0.5402695936847359,-2.529924744978923,-0.004670191748983285,0,1,1306,1.0,-0.4670191748983285,-252.9924744978923,2025-04-02 14:32:00,2025-04-02 14:33:00
1307,0,3142.3207121393443,43157,0.17163,0.539316503824466,43163,0.17183,0.5399449679669036,-0.45079732936346806,-0.0008358678552699792,0,1,1307,6.0,-0.08358678552699791,-45.07973293634681,2025-04-02 14:34:00,2025-04-02 14:40:00
1308,0,3142.024804333355,43171,0.17151,0.5388886741911847,43172,0.17185,0.5399569626246871,-0.010557203342459132,-1.9590694419963115e-05,0,1,1308,1.0,-0.0019590694419963114,-1.0557203342459132,2025-04-02 14:48:00,2025-04-02 14:49:00
1309,0,3135.567641495183,43178,0.17186,0.5388786548672897,43179,0.17228,0.5401955932767901,0.23786416128376864,0.0004414057954147687,0,1,1309,1.0,0.04414057954147687,23.786416128376864,2025-04-02 14:55:00,2025-04-02 14:56:00
1310,0,3124.518372988141,43180,0.17254,0.5391044000753027,43181,0.17244,0.5387919482380751,-1.3903481856121727,-0.0025789961747998786,0,1,1310,1.0,-0.25789961747998785,-139.03481856121726,2025-04-02 14:57:00,2025-04-02 14:58:00
1311,0,3076.2206201253134,43190,0.17482,0.537784888810279,43195,0.17371,0.5343702839219682,-4.48676006107136,-0.008343038553941171,0,1,1311,5.0,-0.8343038553941171,-448.676006107136,2025-04-02 15:07:00,2025-04-02 15:12:00
1312,0,3065.0124944917775,43200,0.17407,0.5335267249161006,43201,0.17445,0.5346914296640907,0.09648659332666198,0.0001808467857759513,0,1,1312,1.0,0.01808467857759513,9.648659332666199,2025-04-02 15:17:00,2025-04-02 15:18:00
