strategy_rank,pattern,lag,stop_loss,take_profit,trailing_stop,position_size,holding_time,strategy_total_return,strategy_win_rate,trade_id,entry_timestamp,exit_timestamp,entry_price,exit_price,size,pnl,return_pct,duration_minutes,direction,status
1,btc_any_breakout_down,0,0.05,0.25,0.0125,0.5,15,0.7369934304456321,0.3900414937759336,,2024-08-01 14:06:00+00:00,2024-08-02 15:00:00+00:00,0.11934999999999998,0.11336,41893.59028068706,-250.94260578131525,-5.018852115626305,0.0,Long,Closed
1,btc_any_breakout_down,0,0.05,0.25,0.0125,0.5,15,0.7369934304456321,0.3900414937759336,,2024-08-02 15:04:00+00:00,2024-08-03 18:33:00+00:00,0.11261,0.10654,43286.81908453372,-262.7509918431206,-5.390285054613285,0.0,Long,Closed
1,btc_any_breakout_down,0,0.05,0.25,0.0125,0.5,15,0.7369934304456321,0.3900414937759336,,2024-08-03 19:47:00+00:00,2024-08-04 17:02:00+00:00,0.10678,0.10143,44419.8651544089,-237.64627857608775,-5.010301554598242,0.0,Long,Closed
1,btc_any_breakout_down,0,0.05,0.25,0.0125,0.5,15,0.7369934304456321,0.3900414937759336,,2024-08-04 17:10:00+00:00,2024-08-05 00:38:00+00:00,0.10003,0.10047,46229.43178946055,20.340949987363274,0.4398680395881373,0.0,Long,Closed
1,btc_any_breakout_down,0,0.05,0.25,0.0125,0.5,15,0.7369934304456321,0.3900414937759336,,2024-08-05 00:41:00+00:00,2024-08-05 01:07:00+00:00,0.10034,0.09526,46187.96628357006,-234.63486872053636,-5.062786525812248,0.0,Long,Closed
1,btc_any_breakout_down,0,0.05,0.25,0.0125,0.5,15,0.7369934304456321,0.3900414937759336,,2024-08-05 01:08:00+00:00,2024-08-05 02:07:00+00:00,0.09318,0.0909,48478.03286685074,-110.52991493642003,-2.4468770122343924,0.0,Long,Closed
1,btc_any_breakout_down,0,0.05,0.25,0.0125,0.5,15,0.7369934304456321,0.3900414937759336,,2024-08-05 02:10:00+00:00,2024-08-05 05:12:00+00:00,0.09181,0.08845,48599.478761190956,-163.29424863760232,-3.6597320553316792,0.0,Long,Closed
1,btc_any_breakout_down,0,0.05,0.25,0.0125,0.5,15,0.7369934304456321,0.3900414937759336,,2024-08-05 05:15:00+00:00,2024-08-05 06:21:00+00:00,0.09018,0.08686,48572.53294240564,-161.26080936878589,-3.681525837214441,0.0,Long,Closed
1,btc_any_breakout_down,0,0.05,0.25,0.0125,0.5,15,0.7369934304456321,0.3900414937759336,,2024-08-05 06:22:00+00:00,2024-08-05 10:09:00+00:00,0.08627,0.08545,49839.348743036375,-40.868265969289496,-0.9505042309029713,0.0,Long,Closed
1,btc_any_breakout_down,0,0.05,0.25,0.0125,0.5,15,0.7369934304456321,0.3900414937759336,,2024-08-05 10:12:00+00:00,2024-08-05 11:26:00+00:00,0.08573,0.08119,49914.9245663957,-226.61375753143648,-5.295695789105331,0.0,Long,Closed
1,btc_any_breakout_down,0,0.05,0.25,0.0125,0.5,15,0.7369934304456321,0.3900414937759336,,2024-08-05 11:27:00+00:00,2024-08-05 18:53:00+00:00,0.08093,0.0934,51475.34417782509,641.8975418974787,15.408377610280485,0.0,Long,Closed
1,btc_any_breakout_down,0,0.05,0.25,0.0125,0.5,15,0.7369934304456321,0.3900414937759336,,2024-08-05 18:59:00+00:00,2024-08-06 12:45:00+00:00,0.09304,0.09501,48224.939544928246,95.00313090350846,2.1173688736027474,0.0,Long,Closed
1,btc_any_breakout_down,0,0.05,0.25,0.0125,0.5,15,0.7369934304456321,0.3900414937759336,,2024-08-06 13:23:00+00:00,2024-08-07 14:36:00+00:00,0.09427,0.09625,48099.60688142439,95.23722162521972,2.100350058343044,0.0,Long,Closed
1,btc_any_breakout_down,0,0.05,0.25,0.0125,0.5,15,0.7369934304456321,0.3900414937759336,,2024-08-07 14:38:00+00:00,2024-08-08 00:45:00+00:00,0.09605,0.09389,47703.99324856312,-103.04062541689564,-2.2488287350338214,0.0,Long,Closed
1,btc_any_breakout_down,0,0.05,0.25,0.0125,0.5,15,0.7369934304456321,0.3900414937759336,,2024-08-08 01:45:00+00:00,2024-08-09 13:37:00+00:00,0.09844,0.10237,46022.432332548145,180.8681590669139,3.9922795611539956,0.0,Long,Closed
1,btc_any_breakout_down,0,0.05,0.25,0.0125,0.5,15,0.7369934304456321,0.3900414937759336,,2024-08-09 13:40:00+00:00,2024-08-11 15:09:00+00:00,0.10263,0.10418,45024.67425070152,69.78824508858725,1.5102796453278744,0.0,Long,Closed
1,btc_any_breakout_down,0,0.05,0.25,0.0125,0.5,15,0.7369934304456321,0.3900414937759336,,2024-08-11 20:04:00+00:00,2024-08-13 10:23:00+00:00,0.10228999999999999,0.10349,45515.46036654405,54.618552439852465,1.1731352038322331,0.0,Long,Closed
1,btc_any_breakout_down,0,0.05,0.25,0.0125,0.5,15,0.7369934304456321,0.3900414937759336,,2024-08-13 14:33:00+00:00,2024-08-14 14:11:00+00:00,0.10412,0.1016,44977.772926562786,-113.3439877749388,-2.42028428736075,0.0,Long,Closed
1,btc_any_breakout_down,0,0.05,0.25,0.0125,0.5,15,0.7369934304456321,0.3900414937759336,,2024-08-14 14:13:00+00:00,2024-08-15 18:12:00+00:00,0.10177,0.0994,45459.504011263125,-107.73902450669357,-2.3287805836690567,0.0,Long,Closed
1,btc_any_breakout_down,0,0.05,0.25,0.0125,0.5,15,0.7369934304456321,0.3900414937759336,,2024-08-15 18:14:00+00:00,2024-08-26 06:50:00+00:00,0.09963,0.10841,45895.25455156982,402.96033496278324,8.81260664458497,0.0,Long,Closed
1,btc_any_breakout_down,0,0.05,0.25,0.0125,0.5,15,0.7369934304456321,0.3900414937759336,,2024-08-26 09:32:00+00:00,2024-08-27 14:12:00+00:00,0.10851,0.10367,43996.169739694895,-212.94146154012287,-4.460418394617999,0.0,Long,Closed
1,btc_any_breakout_down,0,0.05,0.25,0.0125,0.5,15,0.7369934304456321,0.3900414937759336,,2024-08-27 14:13:00+00:00,2024-08-27 22:14:00+00:00,0.10324000000000001,0.09752,45210.7094893862,-258.60525827928996,-5.540488182874873,0.0,Long,Closed
1,btc_any_breakout_down,0,0.05,0.25,0.0125,0.5,15,0.7369934304456321,0.3900414937759336,,2024-08-27 22:15:00+00:00,2024-09-01 22:18:00+00:00,0.09661,0.09681,46974.961376095496,9.394992275218101,0.20701790704893772,0.0,Long,Closed
1,btc_any_breakout_down,0,0.05,0.25,0.0125,0.5,15,0.7369934304456321,0.3900414937759336,,2024-09-01 22:21:00+00:00,2024-09-04 01:00:00+00:00,0.09635,0.09509,47150.477578434824,-59.40960174882821,-1.30773222625844,0.0,Long,Closed
1,btc_any_breakout_down,0,0.05,0.25,0.0125,0.5,15,0.7369934304456321,0.3900414937759336,,2024-09-04 01:01:00+00:00,2024-09-06 14:06:00+00:00,0.09417,0.09431,47926.55531281492,6.70971774379359,0.14866730381224338,0.0,Long,Closed
1,btc_any_breakout_down,0,0.05,0.25,0.0125,0.5,15,0.7369934304456321,0.3900414937759336,,2024-09-06 14:09:00+00:00,2024-09-06 20:36:00+00:00,0.09472,0.09014,47683.68425548646,-218.3912738901281,-4.835304054054056,0.0,Long,Closed
1,btc_any_breakout_down,0,0.05,0.25,0.0125,0.5,15,0.7369934304456321,0.3900414937759336,,2024-09-06 20:48:00+00:00,2024-09-11 13:50:00+00:00,0.09005,0.09924,48943.95264558149,449.79492481289344,10.205441421432527,0.0,Long,Closed
1,btc_any_breakout_down,0,0.05,0.25,0.0125,0.5,15,0.7369934304456321,0.3900414937759336,,2024-09-11 13:53:00+00:00,2024-09-15 23:10:00+00:00,0.09876,0.10256,46904.62128534893,178.23756088432583,3.847711624139326,0.0,Long,Closed
1,btc_any_breakout_down,0,0.05,0.25,0.0125,0.5,15,0.7369934304456321,0.3900414937759336,,2024-09-15 23:11:00+00:00,2024-09-30 10:13:00+00:00,0.10243,0.1193,46094.10503351775,777.6075519154447,16.469784242897596,0.0,Long,Closed
1,btc_any_breakout_down,0,0.05,0.25,0.0125,0.5,15,0.7369934304456321,0.3900414937759336,,2024-09-30 18:13:00+00:00,2024-10-01 14:52:00+00:00,0.11763000000000001,0.1116,43443.19437678266,-261.96246209199944,-5.1262433052792655,0.0,Long,Closed
1,btc_any_breakout_down,0,0.05,0.25,0.0125,0.5,15,0.7369934304456321,0.3900414937759336,,2024-10-01 15:03:00+00:00,2024-10-01 17:17:00+00:00,0.11077000000000001,0.10608,44951.17562060977,-210.82101366066036,-4.2339983750112955,0.0,Long,Closed
1,btc_any_breakout_down,0,0.05,0.25,0.0125,0.5,15,0.7369934304456321,0.3900414937759336,,2024-10-01 17:18:00+00:00,2024-10-02 19:06:00+00:00,0.10505000000000002,0.10276,46395.34713626476,-106.24534494204636,-2.1799143265111858,0.0,Long,Closed
1,btc_any_breakout_down,0,0.05,0.25,0.0125,0.5,15,0.7369934304456321,0.3900414937759336,,2024-10-02 19:18:00+00:00,2024-10-08 13:25:00+00:00,0.10278,0.10715,46903.17711805401,204.96688400589665,4.251799961081936,0.0,Long,Closed
1,btc_any_breakout_down,0,0.05,0.25,0.0125,0.5,15,0.7369934304456321,0.3900414937759336,,2024-10-08 14:07:00+00:00,2024-10-10 16:32:00+00:00,0.1074,0.10472,45839.776407789,-122.85060077287471,-2.4953445065176947,0.0,Long,Closed
1,btc_any_breakout_down,0,0.05,0.25,0.0125,0.5,15,0.7369934304456321,0.3900414937759336,,2024-10-10 17:09:00+00:00,2024-10-15 15:01:00+00:00,0.10425,0.11157,46635.651662447024,341.3729701691127,7.02158273381296,0.0,Long,Closed
1,btc_any_breakout_down,0,0.05,0.25,0.0125,0.5,15,0.7369934304456321,0.3900414937759336,,2024-10-15 15:05:00+00:00,2024-10-17 10:34:00+00:00,0.11168,0.12128,45061.36435256678,432.5890977846411,8.595988538681949,0.0,Long,Closed
1,btc_any_breakout_down,0,0.05,0.25,0.0125,0.5,15,0.7369934304456321,0.3900414937759336,,2024-10-17 13:46:00+00:00,2024-10-21 15:09:00+00:00,0.12237,0.13933,42892.43866786776,727.4557598070369,13.85960611260929,0.0,Long,Closed
1,btc_any_breakout_down,0,0.05,0.25,0.0125,0.5,15,0.7369934304456321,0.3900414937759336,,2024-10-22 00:30:00+00:00,2024-10-23 18:04:00+00:00,0.14199,0.13334,39527.25966399392,-341.910796093548,-6.0919783083315835,0.0,Long,Closed
1,btc_any_breakout_down,0,0.05,0.25,0.0125,0.5,15,0.7369934304456321,0.3900414937759336,,2024-10-25 13:59:00+00:00,2024-10-25 23:13:00+00:00,0.13864,0.13129,39249.280161884904,-288.482209189855,-5.3015002885170395,0.0,Long,Closed
1,btc_any_breakout_down,0,0.05,0.25,0.0125,0.5,15,0.7369934304456321,0.3900414937759336,,2024-10-25 23:14:00+00:00,2024-10-29 01:55:00+00:00,0.13104,0.16782,40424.90153425516,1486.8278784299046,28.067765567765562,0.0,Long,Closed
1,btc_any_breakout_down,0,0.05,0.25,0.0125,0.5,15,0.7369934304456321,0.3900414937759336,,2024-10-29 02:25:00+00:00,2024-10-30 15:13:00+00:00,0.1676,0.16577,36042.32121875745,-65.9574478303266,-1.091885441527454,0.0,Long,Closed
1,btc_any_breakout_down,0,0.05,0.25,0.0125,0.5,15,0.7369934304456321,0.3900414937759336,,2024-10-30 15:14:00+00:00,2024-10-31 19:58:00+00:00,0.16577,0.15931,36241.26387373219,-234.11856462430933,-3.8969656753332833,0.0,Long,Closed
1,btc_any_breakout_down,0,0.05,0.25,0.0125,0.5,15,0.7369934304456321,0.3900414937759336,,2024-10-31 19:59:00+00:00,2024-11-01 15:41:00+00:00,0.15933,0.16029,36971.4117243233,35.49255525535045,0.6025230653360965,0.0,Long,Closed
1,btc_any_breakout_down,0,0.05,0.25,0.0125,0.5,15,0.7369934304456321,0.3900414937759336,,2024-11-01 15:45:00+00:00,2024-11-03 02:22:00+00:00,0.15957,0.15482,37027.01828454037,-175.8783368515651,-2.976750015667078,0.0,Long,Closed
1,btc_any_breakout_down,0,0.05,0.25,0.0125,0.5,15,0.7369934304456321,0.3900414937759336,,2024-11-03 02:25:00+00:00,2024-11-03 15:51:00+00:00,0.15344,0.1451,37933.14741422265,-316.3624494346168,-5.435349322210635,0.0,Long,Closed
1,btc_any_breakout_down,0,0.05,0.25,0.0125,0.5,15,0.7369934304456321,0.3900414937759336,,2024-11-03 15:55:00+00:00,2024-11-05 19:50:00+00:00,0.14577,0.16885,38843.93849571938,896.518100481203,15.83316183028057,0.0,Long,Closed
1,btc_any_breakout_down,0,0.05,0.25,0.0125,0.5,15,0.7369934304456321,0.3900414937759336,,2024-11-05 19:52:00+00:00,2024-11-06 03:06:00+00:00,0.16882,0.21136,36195.59273049174,1539.7605147551185,25.198436204241197,0.0,Long,Closed
1,btc_any_breakout_down,0,0.05,0.25,0.0125,0.5,15,0.7369934304456321,0.3900414937759336,,2024-11-06 03:08:00+00:00,2024-11-06 05:01:00+00:00,0.21247,0.20225,32383.019824630184,-330.9544626077204,-4.810090836353367,0.0,Long,Closed
1,btc_any_breakout_down,0,0.05,0.25,0.0125,0.5,15,0.7369934304456321,0.3900414937759336,,2024-11-06 05:02:00+00:00,2024-11-06 07:42:00+00:00,0.20012,0.198,33554.582204853665,-71.13571427428906,-1.0593643813711666,0.0,Long,Closed
1,btc_any_breakout_down,0,0.05,0.25,0.0125,0.5,15,0.7369934304456321,0.3900414937759336,,2024-11-06 07:46:00+00:00,2024-11-06 08:03:00+00:00,0.20011,0.19181,33378.51748387472,-277.04169511616055,-4.147718754684929,0.0,Long,Closed
1,btc_any_breakout_down,0,0.05,0.25,0.0125,0.5,15,0.7369934304456321,0.3900414937759336,,2024-11-06 08:10:00+00:00,2024-11-06 14:49:00+00:00,0.19075,0.19414,34290.19285001358,116.24375376154603,1.777195281782438,0.0,Long,Closed
1,btc_any_breakout_down,0,0.05,0.25,0.0125,0.5,15,0.7369934304456321,0.3900414937759336,,2024-11-06 14:50:00+00:00,2024-11-07 15:09:00+00:00,0.19338,0.19049,34124.398402217725,-98.61951138240875,-1.4944668528286205,0.0,Long,Closed
1,btc_any_breakout_down,0,0.05,0.25,0.0125,0.5,15,0.7369934304456321,0.3900414937759336,,2024-11-07 16:10:00+00:00,2024-11-10 12:08:00+00:00,0.19358,0.2433,33834.41681645655,1682.24720411422,25.68447153631574,0.0,Long,Closed
1,btc_any_breakout_down,0,0.05,0.25,0.0125,0.5,15,0.7369934304456321,0.3900414937759336,,2024-11-10 12:12:00+00:00,2024-11-10 20:42:00+00:00,0.2418,0.26159,30565.715506148754,604.8955098666838,8.184449958643507,0.0,Long,Closed
1,btc_any_breakout_down,0,0.05,0.25,0.0125,0.5,15,0.7369934304456321,0.3900414937759336,,2024-11-10 21:12:00+00:00,2024-11-10 22:35:00+00:00,0.24802,0.26878,31018.618515926584,643.9465203906366,8.370292718329177,0.0,Long,Closed
1,btc_any_breakout_down,0,0.05,0.25,0.0125,0.5,15,0.7369934304456321,0.3900414937759336,,2024-11-10 22:37:00+00:00,2024-11-11 05:27:00+00:00,0.27345,0.27866,29311.43179563148,152.7125596552396,1.9052843298592013,0.0,Long,Closed
1,btc_any_breakout_down,0,0.05,0.25,0.0125,0.5,15,0.7369934304456321,0.3900414937759336,,2024-11-11 06:44:00+00:00,2024-11-11 23:33:00+00:00,0.27676,0.34709,29236.765805546496,2056.221739104085,25.411909235438646,0.0,Long,Closed
1,btc_any_breakout_down,0,0.05,0.25,0.0125,0.5,15,0.7369934304456321,0.3900414937759336,,2024-11-11 23:34:00+00:00,2024-11-12 00:19:00+00:00,0.34537,0.32756,26405.53080434054,-470.28250362530525,-5.156788371891018,0.0,Long,Closed
1,btc_any_breakout_down,0,0.05,0.25,0.0125,0.5,15,0.7369934304456321,0.3900414937759336,,2024-11-12 00:20:00+00:00,2024-11-12 02:52:00+00:00,0.33075,0.34597,26861.789635925743,408.8364382587897,4.601662887377172,0.0,Long,Closed
1,btc_any_breakout_down,0,0.05,0.25,0.0125,0.5,15,0.7369934304456321,0.3900414937759336,,2024-11-12 03:01:00+00:00,2024-11-12 10:03:00+00:00,0.3502,0.40228,25953.61262481963,1351.6641455006065,14.871501998857797,0.0,Long,Closed
1,btc_any_breakout_down,0,0.05,0.25,0.0125,0.5,15,0.7369934304456321,0.3900414937759336,,2024-11-12 10:06:00+00:00,2024-11-12 10:35:00+00:00,0.38695,0.38803,25235.268675441625,27.254090169475603,0.27910582762629443,0.0,Long,Closed
1,btc_any_breakout_down,0,0.05,0.25,0.0125,0.5,15,0.7369934304456321,0.3900414937759336,,2024-11-12 10:36:00+00:00,2024-11-12 10:49:00+00:00,0.37827,0.35846,25850.35625095005,-512.0955573313204,-5.237000026436142,0.0,Long,Closed
1,btc_any_breakout_down,0,0.05,0.25,0.0125,0.5,15,0.7369934304456321,0.3900414937759336,,2024-11-12 10:50:00+00:00,2024-11-12 12:44:00+00:00,0.35381,0.37578,26913.785592213946,591.2958694609388,6.209547497244266,0.0,Long,Closed
1,btc_any_breakout_down,0,0.05,0.25,0.0125,0.5,15,0.7369934304456321,0.3900414937759336,,2024-11-12 12:51:00+00:00,2024-11-12 13:36:00+00:00,0.36447,0.35545,26937.78476997198,-242.97881862514805,-2.4748264603396795,0.0,Long,Closed
1,btc_any_breakout_down,0,0.05,0.25,0.0125,0.5,15,0.7369934304456321,0.3900414937759336,,2024-11-12 13:37:00+00:00,2024-11-12 16:09:00+00:00,0.35521,0.36077,27298.006829197133,151.7769179703355,1.5652712479941384,0.0,Long,Closed
1,btc_any_breakout_down,0,0.05,0.25,0.0125,0.5,15,0.7369934304456321,0.3900414937759336,,2024-11-12 16:11:00+00:00,2024-11-12 21:03:00+00:00,0.35903,0.37426,27218.932860162888,414.5443474602798,4.241985349413688,0.0,Long,Closed
1,btc_any_breakout_down,0,0.05,0.25,0.0125,0.5,15,0.7369934304456321,0.3900414937759336,,2024-11-12 21:04:00+00:00,2024-11-13 01:21:00+00:00,0.37463,0.38917,26638.778630954333,387.3278412940763,3.88116274724395,0.0,Long,Closed
1,btc_any_breakout_down,0,0.05,0.25,0.0125,0.5,15,0.7369934304456321,0.3900414937759336,,2024-11-13 01:24:00+00:00,2024-11-13 04:33:00+00:00,0.38825,0.36866,26203.089656565255,-513.3185263721134,-5.045717965228591,0.0,Long,Closed
1,btc_any_breakout_down,0,0.05,0.25,0.0125,0.5,15,0.7369934304456321,0.3900414937759336,,2024-11-13 04:36:00+00:00,2024-11-13 15:03:00+00:00,0.36319,0.40964,27304.414482709883,1268.2900527218735,12.789449048707283,0.0,Long,Closed
1,btc_any_breakout_down,0,0.05,0.25,0.0125,0.5,15,0.7369934304456321,0.3900414937759336,,2024-11-13 15:06:00+00:00,2024-11-13 18:50:00+00:00,0.41076,0.40246,25686.131371935775,-213.19489038706706,-2.0206446586814697,0.0,Long,Closed
1,btc_any_breakout_down,0,0.05,0.25,0.0125,0.5,15,0.7369934304456321,0.3900414937759336,,2024-11-13 19:03:00+00:00,2024-11-13 21:17:00+00:00,0.39507,0.37437,26436.42361389831,-547.2339688076954,-5.239577796339893,0.0,Long,Closed
1,btc_any_breakout_down,0,0.05,0.25,0.0125,0.5,15,0.7369934304456321,0.3900414937759336,,2024-11-13 21:19:00+00:00,2024-11-14 14:43:00+00:00,0.37283,0.39276,27279.513163476535,543.680697348087,5.345599871254993,0.0,Long,Closed
1,btc_any_breakout_down,0,0.05,0.25,0.0125,0.5,15,0.7369934304456321,0.3900414937759336,,2024-11-14 14:44:00+00:00,2024-11-14 22:31:00+00:00,0.39479,0.37767,26450.673120932646,-452.8355238303666,-4.336482686998147,0.0,Long,Closed
1,btc_any_breakout_down,0,0.05,0.25,0.0125,0.5,15,0.7369934304456321,0.3900414937759336,,2024-11-14 22:33:00+00:00,2024-11-14 23:35:00+00:00,0.37541,0.35628,27213.029699522696,-520.5852581518702,-5.095761966916182,0.0,Long,Closed
1,btc_any_breakout_down,0,0.05,0.25,0.0125,0.5,15,0.7369934304456321,0.3900414937759336,,2024-11-14 23:40:00+00:00,2024-11-15 14:36:00+00:00,0.35264,0.36082,28232.05209398219,230.93818612877294,2.319646098003616,0.0,Long,Closed
1,btc_any_breakout_down,0,0.05,0.25,0.0125,0.5,15,0.7369934304456321,0.3900414937759336,,2024-11-15 14:39:00+00:00,2024-11-17 01:45:00+00:00,0.36003,0.35756,27973.27984747456,-69.09400122326224,-0.6860539399494494,0.0,Long,Closed
1,btc_any_breakout_down,0,0.05,0.25,0.0125,0.5,15,0.7369934304456321,0.3900414937759336,,2024-11-17 02:07:00+00:00,2024-11-18 13:06:00+00:00,0.34567,0.36036,29035.418008142555,426.5302905396147,4.249717939074847,0.0,Long,Closed
1,btc_any_breakout_down,0,0.05,0.25,0.0125,0.5,15,0.7369934304456321,0.3900414937759336,,2024-11-18 13:07:00+00:00,2024-11-19 20:53:00+00:00,0.35941,0.38753,28518.789371871804,801.9483571370347,7.823933669068747,0.0,Long,Closed
1,btc_any_breakout_down,0,0.05,0.25,0.0125,0.5,15,0.7369934304456321,0.3900414937759336,,2024-11-19 20:54:00+00:00,2024-11-20 16:31:00+00:00,0.38666,0.37558,27545.93768870057,-305.20898959080114,-2.8655666477008115,0.0,Long,Closed
1,btc_any_breakout_down,0,0.05,0.25,0.0125,0.5,15,0.7369934304456321,0.3900414937759336,,2024-11-20 17:20:00+00:00,2024-11-23 16:23:00+00:00,0.37709,0.4146,27840.323986097654,1044.2905527185249,9.947227452332353,0.0,Long,Closed
1,btc_any_breakout_down,0,0.05,0.25,0.0125,0.5,15,0.7369934304456321,0.3900414937759336,,2024-11-24 12:32:00+00:00,2024-11-25 14:51:00+00:00,0.41199,0.40614,26749.32170265498,-156.48353196053358,-1.4199373771208215,0.0,Long,Closed
1,btc_any_breakout_down,0,0.05,0.25,0.0125,0.5,15,0.7369934304456321,0.3900414937759336,,2024-11-25 14:56:00+00:00,2024-11-25 17:40:00+00:00,0.40565,0.39974,26974.513206696804,-159.4193730515799,-1.4569209910021117,0.0,Long,Closed
1,btc_any_breakout_down,0,0.05,0.25,0.0125,0.5,15,0.7369934304456321,0.3900414937759336,,2024-11-25 18:44:00+00:00,2024-11-25 22:35:00+00:00,0.40023,0.38256,27140.64811675979,-479.57525222314507,-4.414961397196609,0.0,Long,Closed
1,btc_any_breakout_down,0,0.05,0.25,0.0125,0.5,15,0.7369934304456321,0.3900414937759336,,2024-11-25 22:38:00+00:00,2024-11-26 10:13:00+00:00,0.38115,0.38681,27870.16652147238,157.74514251153414,1.4849796667978532,0.0,Long,Closed
1,btc_any_breakout_down,0,0.05,0.25,0.0125,0.5,15,0.7369934304456321,0.3900414937759336,,2024-11-26 11:31:00+00:00,2024-11-26 18:35:00+00:00,0.36677,0.37057,29177.922242590623,110.87610452184526,1.0360716525342941,0.0,Long,Closed
1,btc_any_breakout_down,0,0.05,0.25,0.0125,0.5,15,0.7369934304456321,0.3900414937759336,,2024-11-26 18:59:00+00:00,2024-12-02 08:18:00+00:00,0.37401,0.41968,28761.328823229018,1313.5298873568681,12.210903451779354,0.0,Long,Closed
1,btc_any_breakout_down,0,0.05,0.25,0.0125,0.5,15,0.7369934304456321,0.3900414937759336,,2024-12-02 08:19:00+00:00,2024-12-02 17:58:00+00:00,0.41961,0.40892,27200.947396044707,-290.7781276637179,-2.5476037272705603,0.0,Long,Closed
1,btc_any_breakout_down,0,0.05,0.25,0.0125,0.5,15,0.7369934304456321,0.3900414937759336,,2024-12-03 07:03:00+00:00,2024-12-03 13:55:00+00:00,0.41511,0.3917,27145.577010966877,-635.4779578267353,-5.639469056394697,0.0,Long,Closed
1,btc_any_breakout_down,0,0.05,0.25,0.0125,0.5,15,0.7369934304456321,0.3900414937759336,,2024-12-03 14:34:00+00:00,2024-12-05 07:16:00+00:00,0.38827,0.43173,28203.72806065133,1225.7340215159074,11.193241816261885,0.0,Long,Closed
1,btc_any_breakout_down,0,0.05,0.25,0.0125,0.5,15,0.7369934304456321,0.3900414937759336,,2024-12-05 14:36:00+00:00,2024-12-05 20:16:00+00:00,0.44912,0.42818,25747.079855867127,-539.1438521818582,-4.66245101531885,0.0,Long,Closed
1,btc_any_breakout_down,0,0.05,0.25,0.0125,0.5,15,0.7369934304456321,0.3900414937759336,,2024-12-05 20:17:00+00:00,2024-12-09 07:13:00+00:00,0.42774,0.43986,26403.788700556684,320.01391905074524,2.833496984149234,0.0,Long,Closed
1,btc_any_breakout_down,0,0.05,0.25,0.0125,0.5,15,0.7369934304456321,0.3900414937759336,,2024-12-09 07:16:00+00:00,2024-12-09 20:25:00+00:00,0.43991,0.42256,26037.061076814553,-451.7430096827338,-3.9439885431111024,0.0,Long,Closed
1,btc_any_breakout_down,0,0.05,0.25,0.0125,0.5,15,0.7369934304456321,0.3900414937759336,,2024-12-09 20:28:00+00:00,2024-12-09 21:04:00+00:00,0.4217,0.39012,26625.78144050302,-840.8421778910852,-7.488736068294995,0.0,Long,Closed
1,btc_any_breakout_down,0,0.05,0.25,0.0125,0.5,15,0.7369934304456321,0.3900414937759336,,2024-12-09 21:05:00+00:00,2024-12-09 22:21:00+00:00,0.38376,0.39717,28162.578029275017,377.6601713725777,3.4943714821763576,0.0,Long,Closed
1,btc_any_breakout_down,0,0.05,0.25,0.0125,0.5,15,0.7369934304456321,0.3900414937759336,,2024-12-09 22:22:00+00:00,2024-12-10 02:56:00+00:00,0.39273,0.39846,28000.15539989527,160.44089044139764,1.459017645710773,0.0,Long,Closed
1,btc_any_breakout_down,0,0.05,0.25,0.0125,0.5,15,0.7369934304456321,0.3900414937759336,,2024-12-10 02:57:00+00:00,2024-12-10 15:39:00+00:00,0.39801,0.38471,27830.25922821429,-370.14244773525024,-3.341624582296929,0.0,Long,Closed
1,btc_any_breakout_down,0,0.05,0.25,0.0125,0.5,15,0.7369934304456321,0.3900414937759336,,2024-12-10 15:42:00+00:00,2024-12-10 17:58:00+00:00,0.38101,0.36776,28586.258238770486,-378.7679216637098,-3.4775990131492693,0.0,Long,Closed
1,btc_any_breakout_down,0,0.05,0.25,0.0125,0.5,15,0.7369934304456321,0.3900414937759336,,2024-12-10 17:59:00+00:00,2024-12-11 01:26:00+00:00,0.36697,0.37803,29163.87249835705,322.5524298318269,3.0138703436248,0.0,Long,Closed
1,btc_any_breakout_down,0,0.05,0.25,0.0125,0.5,15,0.7369934304456321,0.3900414937759336,,2024-12-11 01:27:00+00:00,2024-12-16 14:57:00+00:00,0.37723,0.39713,28798.193424801848,573.0840491535564,5.275296238369162,0.0,Long,Closed
1,btc_any_breakout_down,0,0.05,0.25,0.0125,0.5,15,0.7369934304456321,0.3900414937759336,,2024-12-16 15:01:00+00:00,2024-12-18 01:52:00+00:00,0.39773,0.39041,28034.306012155936,-205.2111200089803,-1.8404445226661201,0.0,Long,Closed
1,btc_any_breakout_down,0,0.05,0.25,0.0125,0.5,15,0.7369934304456321,0.3900414937759336,,2024-12-18 01:53:00+00:00,2024-12-18 20:05:00+00:00,0.39042,0.37045,28296.39611241814,-565.0790303649901,-5.115004354285127,0.0,Long,Closed
1,btc_any_breakout_down,0,0.05,0.25,0.0125,0.5,15,0.7369934304456321,0.3900414937759336,,2024-12-18 20:06:00+00:00,2024-12-19 02:11:00+00:00,0.3681,0.34601,29244.605963129026,-646.0133457255197,-6.001086661233356,0.0,Long,Closed
1,btc_any_breakout_down,0,0.05,0.25,0.0125,0.5,15,0.7369934304456321,0.3900414937759336,,2024-12-19 02:12:00+00:00,2024-12-19 15:24:00+00:00,0.34558,0.34443,30215.674466592493,-34.74802563657977,-0.33277388737772645,0.0,Long,Closed
1,btc_any_breakout_down,0,0.05,0.25,0.0125,0.5,15,0.7369934304456321,0.3900414937759336,,2024-12-19 15:26:00+00:00,2024-12-19 17:49:00+00:00,0.34712,0.33391,30031.570550088567,-396.71704696666893,-3.8056003687485496,0.0,Long,Closed
1,btc_any_breakout_down,0,0.05,0.25,0.0125,0.5,15,0.7369934304456321,0.3900414937759336,,2024-12-19 17:51:00+00:00,2024-12-19 18:11:00+00:00,0.33139,0.31201,30858.505826559063,-598.0378429187149,-5.848094390295424,0.0,Long,Closed
1,btc_any_breakout_down,0,0.05,0.25,0.0125,0.5,15,0.7369934304456321,0.3900414937759336,,2024-12-19 18:13:00+00:00,2024-12-19 20:10:00+00:00,0.31084,0.30077,31936.627603925015,-321.6018399715249,-3.2396088019559905,0.0,Long,Closed
1,btc_any_breakout_down,0,0.05,0.25,0.0125,0.5,15,0.7369934304456321,0.3900414937759336,,2024-12-19 20:11:00+00:00,2024-12-20 08:17:00+00:00,0.30442,0.30901,32081.92761454007,147.2560477507377,1.507785296629644,0.0,Long,Closed
1,btc_any_breakout_down,0,0.05,0.25,0.0125,0.5,15,0.7369934304456321,0.3900414937759336,,2024-12-20 08:39:00+00:00,2024-12-20 10:11:00+00:00,0.30588,0.28812,32169.505781004507,-571.3304226706405,-5.806198509219306,0.0,Long,Closed
1,btc_any_breakout_down,0,0.05,0.25,0.0125,0.5,15,0.7369934304456321,0.3900414937759336,,2024-12-20 10:14:00+00:00,2024-12-20 11:23:00+00:00,0.28061,0.27566,34048.47730643362,-168.5399626668477,-1.76401411211291,0.0,Long,Closed
1,btc_any_breakout_down,0,0.05,0.25,0.0125,0.5,15,0.7369934304456321,0.3900414937759336,,2024-12-20 11:25:00+00:00,2024-12-21 07:43:00+00:00,0.27428,0.34901,34527.02798463218,2580.20480129156,27.24588012250252,0.0,Long,Closed
1,btc_any_breakout_down,0,0.05,0.25,0.0125,0.5,15,0.7369934304456321,0.3900414937759336,,2024-12-21 13:22:00+00:00,2024-12-22 14:30:00+00:00,0.31977,0.31137,33649.73461009693,-282.6577707248143,-2.626888075804486,0.0,Long,Closed
1,btc_any_breakout_down,0,0.05,0.25,0.0125,0.5,15,0.7369934304456321,0.3900414937759336,,2024-12-22 14:59:00+00:00,2024-12-23 01:17:00+00:00,0.30988,0.30444,34267.60923876432,-186.4157942588772,-1.7555182651348846,0.0,Long,Closed
1,btc_any_breakout_down,0,0.05,0.25,0.0125,0.5,15,0.7369934304456321,0.3900414937759336,,2024-12-23 02:11:00+00:00,2024-12-23 14:48:00+00:00,0.30539,0.30574,34466.219764166635,12.063176917459714,0.11460755100037343,0.0,Long,Closed
1,btc_any_breakout_down,0,0.05,0.25,0.0125,0.5,15,0.7369934304456321,0.3900414937759336,,2024-12-23 14:51:00+00:00,2024-12-26 08:01:00+00:00,0.30527,0.32301,34499.52645932315,612.021599388394,5.811249058210777,0.0,Long,Closed
1,btc_any_breakout_down,0,0.05,0.25,0.0125,0.5,15,0.7369934304456321,0.3900414937759336,,2024-12-26 08:05:00+00:00,2025-01-07 15:07:00+00:00,0.32221,0.37215,33635.45899237073,1679.754822078994,15.499208590670676,0.0,Long,Closed
1,btc_any_breakout_down,0,0.05,0.25,0.0125,0.5,15,0.7369934304456321,0.3900414937759336,,2025-01-07 15:10:00+00:00,2025-01-07 20:53:00+00:00,0.36914,0.35214,31634.498165929646,-537.7864688208047,-4.6052988026223165,0.0,Long,Closed
1,btc_any_breakout_down,0,0.05,0.25,0.0125,0.5,15,0.7369934304456321,0.3900414937759336,,2025-01-07 21:40:00+00:00,2025-01-08 17:08:00+00:00,0.34879,0.33457,32709.26752074563,-465.1257841450024,-4.0769517474698205,0.0,Long,Closed
1,btc_any_breakout_down,0,0.05,0.25,0.0125,0.5,15,0.7369934304456321,0.3900414937759336,,2025-01-08 17:11:00+00:00,2025-01-09 13:38:00+00:00,0.33438,0.32322,33423.35823460843,-373.0046778982305,-3.3375201866140363,0.0,Long,Closed
1,btc_any_breakout_down,0,0.05,0.25,0.0125,0.5,15,0.7369934304456321,0.3900414937759336,,2025-01-09 14:42:00+00:00,2025-01-09 17:52:00+00:00,0.31845,0.31837,34509.656735874545,-2.7607725388697872,-0.025121683152769633,0.0,Long,Closed
1,btc_any_breakout_down,0,0.05,0.25,0.0125,0.5,15,0.7369934304456321,0.3900414937759336,,2025-01-09 17:53:00+00:00,2025-01-13 06:47:00+00:00,0.31879,0.32616,34468.520973900726,254.03299957764648,2.311866746133801,0.0,Long,Closed
1,btc_any_breakout_down,0,0.05,0.25,0.0125,0.5,15,0.7369934304456321,0.3900414937759336,,2025-01-13 06:51:00+00:00,2025-01-17 12:46:00+00:00,0.32577,0.41244,34119.889188871406,2957.1707959994837,26.60465972925683,0.0,Long,Closed
1,btc_any_breakout_down,0,0.05,0.25,0.0125,0.5,15,0.7369934304456321,0.3900414937759336,,2025-01-17 14:41:00+00:00,2025-01-18 05:57:00+00:00,0.41138,0.38676,30613.59740157124,-753.7067680266846,-5.984734308911473,0.0,Long,Closed
1,btc_any_breakout_down,0,0.05,0.25,0.0125,0.5,15,0.7369934304456321,0.3900414937759336,,2025-01-18 05:59:00+00:00,2025-01-19 08:47:00+00:00,0.38764,0.3771,31516.273643187073,-332.1815241991917,-2.7190176452378494,0.0,Long,Closed
1,btc_any_breakout_down,0,0.05,0.25,0.0125,0.5,15,0.7369934304456321,0.3900414937759336,,2025-01-19 09:15:00+00:00,2025-01-19 21:47:00+00:00,0.36692,0.37399,32843.337929100184,232.20239915873753,1.9268505396271605,0.0,Long,Closed
1,btc_any_breakout_down,0,0.05,0.25,0.0125,0.5,15,0.7369934304456321,0.3900414937759336,,2025-01-19 21:48:00+00:00,2025-01-19 22:48:00+00:00,0.37431,0.35297,32505.086031697814,-693.658535916431,-5.701156795169776,0.0,Long,Closed
1,btc_any_breakout_down,0,0.05,0.25,0.0125,0.5,15,0.7369934304456321,0.3900414937759336,,2025-01-19 22:49:00+00:00,2025-01-20 00:38:00+00:00,0.35847,0.34856,32973.88759050016,-326.77122602185773,-2.7645270176025982,0.0,Long,Closed
1,btc_any_breakout_down,0,0.05,0.25,0.0125,0.5,15,0.7369934304456321,0.3900414937759336,,2025-01-20 00:39:00+00:00,2025-01-20 12:20:00+00:00,0.34864,0.36551,33434.95832823447,564.0477469973139,4.8388022028453275,0.0,Long,Closed
1,btc_any_breakout_down,0,0.05,0.25,0.0125,0.5,15,0.7369934304456321,0.3900414937759336,,2025-01-20 12:22:00+00:00,2025-01-20 17:39:00+00:00,0.36722,0.35449,32511.267755172164,-413.86843852334096,-3.46658678721202,0.0,Long,Closed
1,btc_any_breakout_down,0,0.05,0.25,0.0125,0.5,15,0.7369934304456321,0.3900414937759336,,2025-01-20 17:40:00+00:00,2025-01-21 00:57:00+00:00,0.35529,0.34482,33020.50022739917,-345.72463738086844,-2.9468884573165512,0.0,Long,Closed
1,btc_any_breakout_down,0,0.05,0.25,0.0125,0.5,15,0.7369934304456321,0.3900414937759336,,2025-01-21 00:58:00+00:00,2025-01-22 08:47:00+00:00,0.34448,0.36315,33554.89783761674,626.4699426283041,5.419763121226192,0.0,Long,Closed
1,btc_any_breakout_down,0,0.05,0.25,0.0125,0.5,15,0.7369934304456321,0.3900414937759336,,2025-01-22 13:51:00+00:00,2025-01-23 10:41:00+00:00,0.36101,0.34687,32886.14215234029,-465.01005003409045,-3.9167890086147095,0.0,Long,Closed
1,btc_any_breakout_down,0,0.05,0.25,0.0125,0.5,15,0.7369934304456321,0.3900414937759336,,2025-01-23 10:44:00+00:00,2025-01-26 23:01:00+00:00,0.34689,0.34224,33554.50186917848,-156.0284336916793,-1.3404825737265365,0.0,Long,Closed
1,btc_any_breakout_down,0,0.05,0.25,0.0125,0.5,15,0.7369934304456321,0.3900414937759336,,2025-01-26 23:06:00+00:00,2025-01-27 05:51:00+00:00,0.34155,0.31902,33850.70102928848,-762.6562941898683,-6.596398770311803,0.0,Long,Closed
1,btc_any_breakout_down,0,0.05,0.25,0.0125,0.5,15,0.7369934304456321,0.3900414937759336,,2025-01-27 06:16:00+00:00,2025-01-28 20:50:00+00:00,0.31868,0.32033,35083.4027534158,57.887614543136806,0.517760763147992,0.0,Long,Closed
1,btc_any_breakout_down,0,0.05,0.25,0.0125,0.5,15,0.7369934304456321,0.3900414937759336,,2025-01-28 20:52:00+00:00,2025-02-01 22:19:00+00:00,0.32066,0.31011,34957.03423167877,-368.79671114421035,-3.290089191043467,0.0,Long,Closed
1,btc_any_breakout_down,0,0.05,0.25,0.0125,0.5,15,0.7369934304456321,0.3900414937759336,,2025-02-02 03:10:00+00:00,2025-02-02 16:48:00+00:00,0.30558,0.28272,36078.68394907392,-824.7587150758281,-7.480856076968373,0.0,Long,Closed
1,btc_any_breakout_down,0,0.05,0.25,0.0125,0.5,15,0.7369934304456321,0.3900414937759336,,2025-02-02 17:24:00+00:00,2025-02-02 22:39:00+00:00,0.27693,0.25983,38322.12069338856,-655.3082638569449,-6.174845628859282,0.0,Long,Closed
1,btc_any_breakout_down,0,0.05,0.25,0.0125,0.5,15,0.7369934304456321,0.3900414937759336,,2025-02-02 22:40:00+00:00,2025-02-03 00:35:00+00:00,0.25477,0.25129,40369.316448921076,-140.48522124224473,-1.3659379047768516,0.0,Long,Closed
1,btc_any_breakout_down,0,0.05,0.25,0.0125,0.5,15,0.7369934304456321,0.3900414937759336,,2025-02-03 00:37:00+00:00,2025-02-03 01:45:00+00:00,0.2505,0.24305,40777.038487307385,-303.7889367304397,-2.9740518962075817,0.0,Long,Closed
1,btc_any_breakout_down,0,0.05,0.25,0.0125,0.5,15,0.7369934304456321,0.3900414937759336,,2025-02-03 01:47:00+00:00,2025-02-03 01:55:00+00:00,0.23981999999999998,0.221,41959.6100104465,-789.6798603966035,-7.847552330914858,0.0,Long,Closed
1,btc_any_breakout_down,0,0.05,0.25,0.0125,0.5,15,0.7369934304456321,0.3900414937759336,,2025-02-03 01:59:00+00:00,2025-02-03 02:05:00+00:00,0.22923,0.21806,42175.604163970595,-471.10149851155074,-4.872835143742085,0.0,Long,Closed
1,btc_any_breakout_down,0,0.05,0.25,0.0125,0.5,15,0.7369934304456321,0.3900414937759336,,2025-02-03 02:06:00+00:00,2025-02-03 04:25:00+00:00,0.21048000000000003,0.22809,44813.583206248586,789.1672002620362,8.366590649942971,0.0,Long,Closed
1,btc_any_breakout_down,0,0.05,0.25,0.0125,0.5,15,0.7369934304456321,0.3900414937759336,,2025-02-03 04:27:00+00:00,2025-02-03 14:08:00+00:00,0.22708,0.24342,43275.26243342532,707.1177881621697,7.195701955258059,0.0,Long,Closed
1,btc_any_breakout_down,0,0.05,0.25,0.0125,0.5,15,0.7369934304456321,0.3900414937759336,,2025-02-03 14:35:00+00:00,2025-02-04 05:04:00+00:00,0.2544,0.27388,40017.71024946268,779.544995659533,7.6572327044025155,0.0,Long,Closed
1,btc_any_breakout_down,0,0.05,0.25,0.0125,0.5,15,0.7369934304456321,0.3900414937759336,,2025-02-04 05:05:00+00:00,2025-02-04 05:34:00+00:00,0.27298,0.2592,38721.80374127435,-533.5864555547614,-5.047988863653023,0.0,Long,Closed
1,btc_any_breakout_down,0,0.05,0.25,0.0125,0.5,15,0.7369934304456321,0.3900414937759336,,2025-02-04 05:38:00+00:00,2025-02-04 20:24:00+00:00,0.25884,0.26148,39806.385247703955,105.08885705393732,1.0199350950393955,0.0,Long,Closed
1,btc_any_breakout_down,0,0.05,0.25,0.0125,0.5,15,0.7369934304456321,0.3900414937759336,,2025-02-04 20:44:00+00:00,2025-02-05 18:13:00+00:00,0.26392,0.25544,39239.27396954631,-332.7490432617524,-3.213094877235523,0.0,Long,Closed
1,btc_any_breakout_down,0,0.05,0.25,0.0125,0.5,15,0.7369934304456321,0.3900414937759336,,2025-02-05 20:44:00+00:00,2025-02-06 15:31:00+00:00,0.25475,0.25037,39998.64441378523,-175.19406253237867,-1.7193326790971482,0.0,Long,Closed
1,btc_any_breakout_down,0,0.05,0.25,0.0125,0.5,15,0.7369934304456321,0.3900414937759336,,2025-02-06 16:26:00+00:00,2025-02-07 20:05:00+00:00,0.2483,0.24791,40684.8877694144,-15.867106230070931,-0.15706806282721836,0.0,Long,Closed
1,btc_any_breakout_down,0,0.05,0.25,0.0125,0.5,15,0.7369934304456321,0.3900414937759336,,2025-02-09 21:43:00+00:00,2025-02-14 21:10:00+00:00,0.24328,0.27196,41491.79579098389,1189.9847032854177,11.788885235120024,0.0,Long,Closed
1,btc_any_breakout_down,0,0.05,0.25,0.0125,0.5,15,0.7369934304456321,0.3900414937759336,,2025-02-16 23:05:00+00:00,2025-02-18 14:35:00+00:00,0.26604,0.25272,40178.60634368241,-535.1790364978497,-5.006765899864682,0.0,Long,Closed
1,btc_any_breakout_down,0,0.05,0.25,0.0125,0.5,15,0.7369934304456321,0.3900414937759336,,2025-02-18 14:41:00+00:00,2025-02-21 17:39:00+00:00,0.25126,0.24664,41477.06325489272,-191.6240322376034,-1.838732786754747,0.0,Long,Closed
1,btc_any_breakout_down,0,0.05,0.25,0.0125,0.5,15,0.7369934304456321,0.3900414937759336,,2025-02-21 17:44:00+00:00,2025-02-24 13:15:00+00:00,0.24600000000000002,0.23143,41974.45080205504,-611.567748185942,-5.922764227642277,0.0,Long,Closed
1,btc_any_breakout_down,0,0.05,0.25,0.0125,0.5,15,0.7369934304456321,0.3900414937759336,,2025-02-24 14:42:00+00:00,2025-02-24 22:01:00+00:00,0.22694000000000003,0.21536,44152.335521338544,-511.2840453371009,-5.1026703093328685,0.0,Long,Closed
1,btc_any_breakout_down,0,0.05,0.25,0.0125,0.5,15,0.7369934304456321,0.3900414937759336,,2025-02-24 22:02:00+00:00,2025-02-25 07:24:00+00:00,0.21023,0.20233,46445.74513886705,-366.9213865970487,-3.7577890881415486,0.0,Long,Closed
1,btc_any_breakout_down,0,0.05,0.25,0.0125,0.5,15,0.7369934304456321,0.3900414937759336,,2025-02-25 07:25:00+00:00,2025-02-25 10:22:00+00:00,0.20256,0.19607,47298.71794651213,-306.9686794728623,-3.2039889415481686,0.0,Long,Closed
1,btc_any_breakout_down,0,0.05,0.25,0.0125,0.5,15,0.7369934304456321,0.3900414937759336,,2025-02-25 10:25:00+00:00,2025-02-26 14:02:00+00:00,0.19626,0.20341,48034.97384851251,343.4500630168659,3.643126464893524,0.0,Long,Closed
1,btc_any_breakout_down,0,0.05,0.25,0.0125,0.5,15,0.7369934304456321,0.3900414937759336,,2025-02-26 14:03:00+00:00,2025-02-26 17:52:00+00:00,0.20361,0.20208,47144.388777650885,-72.13091482980599,-0.7514365699130704,0.0,Long,Closed
1,btc_any_breakout_down,0,0.05,0.25,0.0125,0.5,15,0.7369934304456321,0.3900414937759336,,2025-02-26 17:55:00+00:00,2025-02-28 01:30:00+00:00,0.20135,0.20046,47494.430303464585,-42.27004297008352,-0.44201638937174115,0.0,Long,Closed
1,btc_any_breakout_down,0,0.05,0.25,0.0125,0.5,15,0.7369934304456321,0.3900414937759336,,2025-02-28 01:31:00+00:00,2025-02-28 03:49:00+00:00,0.20011,0.18994,47683.116886300304,-484.93729873367374,-5.082204787366944,0.0,Long,Closed
1,btc_any_breakout_down,0,0.05,0.25,0.0125,0.5,15,0.7369934304456321,0.3900414937759336,,2025-02-28 03:53:00+00:00,2025-03-02 23:03:00+00:00,0.18957,0.23798,49055.229576149795,2374.763663781412,25.536741045524085,0.0,Long,Closed
1,btc_any_breakout_down,0,0.05,0.25,0.0125,0.5,15,0.7369934304456321,0.3900414937759336,,2025-03-02 23:26:00+00:00,2025-03-03 02:35:00+00:00,0.23912000000000003,0.22867,43855.728097362924,-458.292358617442,-4.370190699230506,0.0,Long,Closed
1,btc_any_breakout_down,0,0.05,0.25,0.0125,0.5,15,0.7369934304456321,0.3900414937759336,,2025-03-03 02:37:00+00:00,2025-03-03 08:51:00+00:00,0.22860000000000003,0.2175,44871.54647127166,-498.07416583111626,-4.8556430446194305,0.0,Long,Closed
1,btc_any_breakout_down,0,0.05,0.25,0.0125,0.5,15,0.7369934304456321,0.3900414937759336,,2025-03-03 08:54:00+00:00,2025-03-03 14:59:00+00:00,0.21643,0.21286,46244.04398843572,-165.09123703871592,-1.6494940627454644,0.0,Long,Closed
1,btc_any_breakout_down,0,0.05,0.25,0.0125,0.5,15,0.7369934304456321,0.3900414937759336,,2025-03-03 15:05:00+00:00,2025-03-03 18:38:00+00:00,0.21382,0.20742,46422.47133990171,-297.10381657537255,-2.993171826770196,0.0,Long,Closed
1,btc_any_breakout_down,0,0.05,0.25,0.0125,0.5,15,0.7369934304456321,0.3900414937759336,,2025-03-03 18:39:00+00:00,2025-03-03 20:39:00+00:00,0.20585,0.19634,47498.1827233913,-451.7077176994535,-4.619868836531477,0.0,Long,Closed
1,btc_any_breakout_down,0,0.05,0.25,0.0125,0.5,15,0.7369934304456321,0.3900414937759336,,2025-03-03 20:41:00+00:00,2025-03-04 01:41:00+00:00,0.19616,0.19069,48693.143631527186,-266.351495664454,-2.788539967373575,0.0,Long,Closed
1,btc_any_breakout_down,0,0.05,0.25,0.0125,0.5,15,0.7369934304456321,0.3900414937759336,,2025-03-04 01:43:00+00:00,2025-03-04 15:21:00+00:00,0.18966,0.18842,49659.76646065668,-61.578110411213856,-0.6538015395971694,0.0,Long,Closed
1,btc_any_breakout_down,0,0.05,0.25,0.0125,0.5,15,0.7369934304456321,0.3900414937759336,,2025-03-04 15:43:00+00:00,2025-03-04 16:35:00+00:00,0.19141,0.18361,49044.88925198547,-382.55013616548786,-4.075022203646634,0.0,Long,Closed
1,btc_any_breakout_down,0,0.05,0.25,0.0125,0.5,15,0.7369934304456321,0.3900414937759336,,2025-03-04 16:48:00+00:00,2025-03-06 14:32:00+00:00,0.18793,0.20447,48935.28007045067,809.3895323652541,8.801149364124939,0.0,Long,Closed
1,btc_any_breakout_down,0,0.05,0.25,0.0125,0.5,15,0.7369934304456321,0.3900414937759336,,2025-03-06 14:35:00+00:00,2025-03-07 00:20:00+00:00,0.20371,0.19643,47131.22551579413,-343.1153217549818,-3.5737077217613322,0.0,Long,Closed
1,btc_any_breakout_down,0,0.05,0.25,0.0125,0.5,15,0.7369934304456321,0.3900414937759336,,2025-03-07 00:21:00+00:00,2025-03-07 23:13:00+00:00,0.19613,0.19655,48078.03135137375,20.19277316757689,0.21414368021210334,0.0,Long,Closed
1,btc_any_breakout_down,0,0.05,0.25,0.0125,0.5,15,0.7369934304456321,0.3900414937759336,,2025-03-08 01:32:00+00:00,2025-03-09 10:50:00+00:00,0.19663,0.18392,48007.12340705244,-610.1705385036366,-6.4639170014748535,0.0,Long,Closed
1,btc_any_breakout_down,0,0.05,0.25,0.0125,0.5,15,0.7369934304456321,0.3900414937759336,,2025-03-09 12:06:00+00:00,2025-03-09 16:32:00+00:00,0.18487,0.17347,49410.69619882567,-563.2819366666117,-6.166495375128458,0.0,Long,Closed
1,btc_any_breakout_down,0,0.05,0.25,0.0125,0.5,15,0.7369934304456321,0.3900414937759336,,2025-03-09 16:35:00+00:00,2025-03-10 00:35:00+00:00,0.17355,0.16475,51010.742944071426,-448.89453790782864,-5.070584845865746,0.0,Long,Closed
1,btc_any_breakout_down,0,0.05,0.25,0.0125,0.5,15,0.7369934304456321,0.3900414937759336,,2025-03-10 00:46:00+00:00,2025-03-10 14:01:00+00:00,0.16917,0.17041,51004.71223615111,63.245843172828245,0.732990482946159,0.0,Long,Closed
1,btc_any_breakout_down,0,0.05,0.25,0.0125,0.5,15,0.7369934304456321,0.3900414937759336,,2025-03-10 14:02:00+00:00,2025-03-10 17:03:00+00:00,0.16992,0.16105,50965.69026939794,-452.0656726895595,-5.220103578154423,0.0,Long,Closed
1,btc_any_breakout_down,0,0.05,0.25,0.0125,0.5,15,0.7369934304456321,0.3900414937759336,,2025-03-10 17:04:00+00:00,2025-03-10 18:58:00+00:00,0.16064,0.15307,52502.84645313319,-397.44654765021824,-4.712400398406373,0.0,Long,Closed
1,btc_any_breakout_down,0,0.05,0.25,0.0125,0.5,15,0.7369934304456321,0.3900414937759336,,2025-03-10 19:02:00+00:00,2025-03-11 00:29:00+00:00,0.15171,0.15046,54283.39582365174,-67.8542447795653,-0.8239404126293661,0.0,Long,Closed
1,btc_any_breakout_down,0,0.05,0.25,0.0125,0.5,15,0.7369934304456321,0.3900414937759336,,2025-03-11 00:32:00+00:00,2025-03-11 00:51:00+00:00,0.15073,0.14311,54411.244331031805,-414.61368180246336,-5.055397067604337,0.0,Long,Closed
1,btc_any_breakout_down,0,0.05,0.25,0.0125,0.5,15,0.7369934304456321,0.3900414937759336,,2025-03-11 00:56:00+00:00,2025-03-11 14:37:00+00:00,0.14548,0.15408,54949.82139892213,472.56846403072996,5.911465493538626,0.0,Long,Closed
1,btc_any_breakout_down,0,0.05,0.25,0.0125,0.5,15,0.7369934304456321,0.3900414937759336,,2025-03-11 14:38:00+00:00,2025-03-12 15:02:00+00:00,0.15349,0.16375,53621.631696726545,550.1579412084157,6.684474558603183,0.0,Long,Closed
1,btc_any_breakout_down,0,0.05,0.25,0.0125,0.5,15,0.7369934304456321,0.3900414937759336,,2025-03-12 15:04:00+00:00,2025-03-13 18:03:00+00:00,0.16337,0.16388,52062.57709331434,26.55191431759158,0.3121748178980378,0.0,Long,Closed
1,btc_any_breakout_down,0,0.05,0.25,0.0125,0.5,15,0.7369934304456321,0.3900414937759336,,2025-03-13 18:06:00+00:00,2025-03-18 13:35:00+00:00,0.16361,0.16526,52067.35026522559,85.91112793762113,1.0084958132143382,0.0,Long,Closed
1,btc_any_breakout_down,0,0.05,0.25,0.0125,0.5,15,0.7369934304456321,0.3900414937759336,,2025-03-18 13:36:00+00:00,2025-03-20 15:56:00+00:00,0.16493,0.16986,51911.08191876779,255.921633859527,2.989146910810668,0.0,Long,Closed
1,btc_any_breakout_down,0,0.05,0.25,0.0125,0.5,15,0.7369934304456321,0.3900414937759336,,2025-03-20 16:28:00+00:00,2025-03-27 13:37:00+00:00,0.16874,0.18963,51497.306849544475,1075.7787400869838,12.37999288846746,0.0,Long,Closed
1,btc_any_breakout_down,0,0.05,0.25,0.0125,0.5,15,0.7369934304456321,0.3900414937759336,,2025-03-27 13:41:00+00:00,2025-03-28 04:40:00+00:00,0.18963,0.18457,48660.78641478473,-246.2235792588108,-2.6683541633707755,0.0,Long,Closed
1,btc_any_breakout_down,0,0.05,0.25,0.0125,0.5,15,0.7369934304456321,0.3900414937759336,,2025-03-28 14:08:00+00:00,2025-03-29 11:23:00+00:00,0.17836,0.16986,51045.263165542856,-433.8847369071136,-4.765642520744555,0.0,Long,Closed
1,btc_any_breakout_down,0,0.05,0.25,0.0125,0.5,15,0.7369934304456321,0.3900414937759336,,2025-03-29 11:25:00+00:00,2025-03-31 13:45:00+00:00,0.16939,0.16106,52467.62364810594,-437.0553049887221,-4.91764566975618,0.0,Long,Closed
1,btc_any_breakout_down,0,0.05,0.25,0.0125,0.5,15,0.7369934304456321,0.3900414937759336,,2025-03-31 13:56:00+00:00,2025-04-02 21:09:00+00:00,0.16304,0.16992,53170.774762379195,365.81493036516986,4.219823356231611,0.0,Long,Closed
1,btc_any_breakout_down,0,0.05,0.25,0.0125,0.5,15,0.7369934304456321,0.3900414937759336,,2025-04-02 21:11:00+00:00,2025-04-03 12:44:00+00:00,0.16978,0.15815,52137.29875392207,-606.3567845081125,-6.850041229826822,0.0,Long,Closed
1,btc_any_breakout_down,0,0.05,0.25,0.0125,0.5,15,0.7369934304456321,0.3900414937759336,,2025-04-03 12:46:00+00:00,2025-04-06 17:33:00+00:00,0.15708,0.15857,54422.53749800631,81.08958087202882,0.9485612426788829,0.0,Long,Closed
1,btc_any_breakout_down,0,0.05,0.25,0.0125,0.5,15,0.7369934304456321,0.3900414937759336,,2025-04-06 17:45:00+00:00,2025-04-06 20:36:00+00:00,0.15718,0.14908,54645.86449053853,-442.6315023733614,-5.153327395342911,0.0,Long,Closed
1,btc_any_breakout_down,0,0.05,0.25,0.0125,0.5,15,0.7369934304456321,0.3900414937759336,,2025-04-06 20:38:00+00:00,2025-04-07 03:35:00+00:00,0.15047,0.14384,55611.8909379688,-368.70683691873273,-4.406193925699471,0.0,Long,Closed
1,btc_any_breakout_down,0,0.05,0.25,0.0125,0.5,15,0.7369934304456321,0.3900414937759336,,2025-04-07 03:36:00+00:00,2025-04-07 06:29:00+00:00,0.14294,0.1357,57251.768651019986,-414.5028050333867,-5.06506226388697,0.0,Long,Closed
1,btc_any_breakout_down,0,0.05,0.25,0.0125,0.5,15,0.7369934304456321,0.3900414937759336,,2025-04-07 06:30:00+00:00,2025-04-07 16:21:00+00:00,0.13632,0.14446,58511.7107428118,476.28532544648806,5.971244131455399,0.0,Long,Closed
1,btc_any_breakout_down,0,0.05,0.25,0.0125,0.5,15,0.7369934304456321,0.3900414937759336,,2025-04-07 16:27:00+00:00,2025-04-08 16:38:00+00:00,0.14558,0.14763,56425.7389145717,115.67276477487394,1.4081604616018923,0.0,Long,Closed
1,btc_any_breakout_down,0,0.05,0.25,0.0125,0.5,15,0.7369934304456321,0.3900414937759336,,2025-04-08 16:40:00+00:00,2025-04-09 01:10:00+00:00,0.14698,0.1396,56281.77611627967,-415.3595077381433,-5.02109130493944,0.0,Long,Closed
1,btc_any_breakout_down,0,0.05,0.25,0.0125,0.5,15,0.7369934304456321,0.3900414937759336,,2025-04-09 01:11:00+00:00,2025-04-10 03:15:00+00:00,0.13916,0.1547,57952.110518120964,900.5757974516,11.167002012072437,0.0,Long,Closed
1,btc_any_breakout_down,0,0.05,0.25,0.0125,0.5,15,0.7369934304456321,0.3900414937759336,,2025-04-10 07:30:00+00:00,2025-04-10 15:37:00+00:00,0.15671,0.15005,54335.419554766864,-361.87389423474724,-4.24988832876013,0.0,Long,Closed
1,btc_any_breakout_down,0,0.05,0.25,0.0125,0.5,15,0.7369934304456321,0.3900414937759336,,2025-04-10 15:38:00+00:00,2025-04-14 15:49:00+00:00,0.15029,0.15996,55452.56937461002,536.2263458524794,6.434227160822416,0.0,Long,Closed
1,btc_any_breakout_down,0,0.05,0.25,0.0125,0.5,15,0.7369934304456321,0.3900414937759336,,2025-04-14 16:11:00+00:00,2025-04-16 08:27:00+00:00,0.15923,0.15304,54022.98451445318,-334.4022741444642,-3.887458393518797,0.0,Long,Closed
1,btc_any_breakout_down,0,0.05,0.25,0.0125,0.5,15,0.7369934304456321,0.3900414937759336,,2025-04-16 08:34:00+00:00,2025-04-24 08:48:00+00:00,0.15349,0.17014,54953.92981408657,914.9829314045419,10.847612222294618,0.0,Long,Closed
1,btc_any_breakout_down,0,0.05,0.25,0.0125,0.5,15,0.7369934304456321,0.3900414937759336,,2025-04-24 14:12:00+00:00,2025-04-29 22:09:00+00:00,0.17529,0.17456,50729.47773898351,-37.03251874945818,-0.41645273546694295,0.0,Long,Closed
1,btc_any_breakout_down,0,0.05,0.25,0.0125,0.5,15,0.7369934304456321,0.3900414937759336,,2025-04-30 12:36:00+00:00,2025-05-04 22:03:00+00:00,0.17255,0.17122,51427.7246797548,-68.39887382407323,-0.7707910750507027,0.0,Long,Closed
1,btc_any_breakout_down,0,0.05,0.25,0.0125,0.5,15,0.7369934304456321,0.3900414937759336,,2025-05-04 22:34:00+00:00,2025-05-10 23:15:00+00:00,0.17034,0.24767,51894.17903357787,4012.976864666578,45.39744041329108,0.0,Long,Closed
1,btc_any_breakout_down,0,0.05,0.25,0.0125,0.5,15,0.7369934304456321,0.3900414937759336,,2025-05-10 23:20:00+00:00,2025-05-11 02:53:00+00:00,0.24739,0.23586,43842.285011168366,-505.5015461787716,-4.660657261813334,0.0,Long,Closed
1,btc_any_breakout_down,0,0.05,0.25,0.0125,0.5,15,0.7369934304456321,0.3900414937759336,,2025-05-11 22:05:00+00:00,2025-05-12 14:28:00+00:00,0.23139,0.23446,45781.54680765615,140.54934869950375,1.3267643372660816,0.0,Long,Closed
1,btc_any_breakout_down,0,0.05,0.25,0.0125,0.5,15,0.7369934304456321,0.3900414937759336,,2025-05-12 14:29:00+00:00,2025-05-12 18:29:00+00:00,0.23464,0.22549,45446.92631338778,-415.8393757674985,-3.899590862598025,0.0,Long,Closed
1,btc_any_breakout_down,0,0.05,0.25,0.0125,0.5,15,0.7369934304456321,0.3900414937759336,,2025-05-12 18:32:00+00:00,2025-05-15 13:39:00+00:00,0.22434999999999997,0.22311,46604.62269796996,-57.78973214548205,-0.5527078225986116,0.0,Long,Closed
1,btc_any_breakout_down,0,0.05,0.25,0.0125,0.5,15,0.7369934304456321,0.3900414937759336,,2025-05-15 13:49:00+00:00,2025-05-19 02:14:00+00:00,0.22156,0.22226,47061.07707265219,32.94275395085788,0.31594150568696,0.0,Long,Closed
1,btc_any_breakout_down,0,0.05,0.25,0.0125,0.5,15,0.7369934304456321,0.3900414937759336,,2025-05-19 04:06:00+00:00,2025-05-23 12:13:00+00:00,0.21868,0.23063,47756.18992679827,570.6864696252378,5.4646058167184774,0.0,Long,Closed
1,btc_any_breakout_down,0,0.05,0.25,0.0125,0.5,15,0.7369934304456321,0.3900414937759336,,2025-05-23 12:15:00+00:00,2025-05-23 23:42:00+00:00,0.22936,0.22382,46776.538402532555,-259.1420227500312,-2.4154168119986124,0.0,Long,Closed
1,btc_any_breakout_down,0,0.05,0.25,0.0125,0.5,15,0.7369934304456321,0.3900414937759336,,2025-05-23 23:48:00+00:00,2025-05-29 14:34:00+00:00,0.22347999999999998,0.21853,47427.491662027256,-234.76608372703413,-2.214963307678532,0.0,Long,Closed
1,btc_any_breakout_down,0,0.05,0.25,0.0125,0.5,15,0.7369934304456321,0.3900414937759336,,2025-05-29 17:43:00+00:00,2025-05-30 00:53:00+00:00,0.21852,0.20913,47966.835048354085,-450.40858110404406,-4.297089511257544,0.0,Long,Closed
1,btc_any_breakout_down,0,0.05,0.25,0.0125,0.5,15,0.7369934304456321,0.3900414937759336,,2025-05-30 00:57:00+00:00,2025-05-30 16:32:00+00:00,0.20521,0.19509,49980.54921404566,-505.8031580461411,-4.93153355099653,0.0,Long,Closed
1,btc_any_breakout_down,0,0.05,0.25,0.0125,0.5,15,0.7369934304456321,0.3900414937759336,,2025-05-30 16:33:00+00:00,2025-06-05 16:59:00+00:00,0.19518,0.18106,51253.23765340322,-723.6957156660537,-7.2343477815349955,0.0,Long,Closed
1,btc_any_breakout_down,0,0.05,0.25,0.0125,0.5,15,0.7369934304456321,0.3900414937759336,,2025-06-05 18:16:00+00:00,2025-06-05 20:21:00+00:00,0.17821,0.17054,54103.35596968865,-414.97274028751235,-4.3039111160989885,0.0,Long,Closed
1,btc_any_breakout_down,0,0.05,0.25,0.0125,0.5,15,0.7369934304456321,0.3900414937759336,,2025-06-05 20:38:00+00:00,2025-06-12 03:20:00+00:00,0.17036,0.19061,55378.44973711234,1121.4136071765242,11.886593096971113,0.0,Long,Closed
1,btc_any_breakout_down,0,0.05,0.25,0.0125,0.5,15,0.7369934304456321,0.3900414937759336,,2025-06-12 18:49:00+00:00,2025-06-13 00:10:00+00:00,0.18633,0.17697,53641.27891806323,-502.08237067307164,-5.023345677024632,0.0,Long,Closed
1,btc_any_breakout_down,0,0.05,0.25,0.0125,0.5,15,0.7369934304456321,0.3900414937759336,,2025-06-13 00:12:00+00:00,2025-06-17 00:09:00+00:00,0.17503,0.16963,55670.104070537534,-300.6185619809021,-3.085185396789116,0.0,Long,Closed
1,btc_any_breakout_down,0,0.05,0.25,0.0125,0.5,15,0.7369934304456321,0.3900414937759336,,2025-06-17 16:49:00+00:00,2025-06-20 17:20:00+00:00,0.16597,0.15947,57803.39238703219,-375.72205051570927,-3.9163704283906733,0.0,Long,Closed
1,btc_any_breakout_down,0,0.05,0.25,0.0125,0.5,15,0.7369934304456321,0.3900414937759336,,2025-06-20 17:23:00+00:00,2025-06-21 21:31:00+00:00,0.1592,0.1504,59081.4573443334,-519.9168246301342,-5.527638190954776,0.0,Long,Closed
1,btc_any_breakout_down,0,0.05,0.25,0.0125,0.5,15,0.7369934304456321,0.3900414937759336,,2025-06-21 21:32:00+00:00,2025-06-22 13:28:00+00:00,0.15227,0.1491,60063.10893086499,-190.4000553108399,-2.0818283312536714,0.0,Long,Closed
1,btc_any_breakout_down,0,0.05,0.25,0.0125,0.5,15,0.7369934304456321,0.3900414937759336,,2025-06-22 13:29:00+00:00,2025-06-26 15:32:00+00:00,0.14884,0.15903,60807.64290007653,619.6298811517809,6.846277882289718,0.0,Long,Closed
1,btc_any_breakout_down,0,0.05,0.25,0.0125,0.5,15,0.7369934304456321,0.3900414937759336,,2025-07-01 14:40:00+00:00,2025-07-11 05:48:00+00:00,0.15914,0.20098,58818.80425928918,2460.978770208658,26.291315822546167,0.0,Long,Closed
1,btc_any_breakout_down,0,0.05,0.25,0.0125,0.5,15,0.7369934304456321,0.3900414937759336,,2025-07-14 03:45:00+00:00,2025-07-15 01:22:00+00:00,0.20518,0.19297,51617.67177564874,-630.2517723806723,-5.950872404717819,0.0,Long,Closed
1,btc_any_breakout_down,0,0.05,0.25,0.0125,0.5,15,0.7369934304456321,0.3900414937759336,,2025-07-15 01:58:00+00:00,2025-07-18 14:17:00+00:00,0.19336,0.24715,53143.29752139673,2858.5779736759305,27.818576748034758,0.0,Long,Closed
1,btc_any_breakout_down,0,0.05,0.25,0.0125,0.5,15,0.7369934304456321,0.3900414937759336,,2025-07-18 14:18:00+00:00,2025-07-18 20:49:00+00:00,0.24552999999999997,0.23203,47672.69578289919,-643.5813930691384,-5.498309778845758,0.0,Long,Closed
1,btc_any_breakout_down,0,0.05,0.25,0.0125,0.5,15,0.7369934304456321,0.3900414937759336,,2025-07-20 22:08:00+00:00,2025-07-22 01:17:00+00:00,0.26852,0.26411,42392.694395354796,-186.95178228351324,-1.6423357664233456,0.0,Long,Closed
1,btc_any_breakout_down,0,0.05,0.25,0.0125,0.5,15,0.7369934304456321,0.3900414937759336,,2025-07-22 01:24:00+00:00,2025-07-23 20:34:00+00:00,0.26841,0.23503,42061.80994709181,-1404.0232160339256,-12.436198353265535,0.0,Long,Closed
1,btc_any_breakout_down,0,0.05,0.25,0.0125,0.5,15,0.7369934304456321,0.3900414937759336,,2025-07-25 03:04:00+00:00,2025-07-29 00:34:00+00:00,0.22495,0.2255,47067.34296457857,25.887038630518873,0.24449877750611868,0.0,Long,Closed
1,btc_any_breakout_down,0,0.05,0.25,0.0125,0.5,15,0.7369934304456321,0.3900414937759336,,2025-07-29 00:40:00+00:00,2025-07-30 19:04:00+00:00,0.22401,0.21265,47322.6298790108,-537.5850754255625,-5.071202178474174,0.0,Long,Closed
1,btc_any_breakout_down,0,0.05,0.25,0.0125,0.5,15,0.7369934304456321,0.3900414937759336,,2025-08-01 00:50:00+00:00,2025-08-01 22:27:00+00:00,0.20438,0.19836,50552.64596087889,-304.3269286844916,-2.9454936882278173,0.0,Long,Closed
1,btc_any_breakout_down,0,0.05,0.25,0.0125,0.5,15,0.7369934304456321,0.3900414937759336,,2025-08-02 17:52:00+00:00,2025-08-11 12:44:00+00:00,0.19184,0.22704,53063.94035207559,1867.850700393059,18.34862385321099,0.0,Long,Closed
1,btc_any_breakout_down,0,0.05,0.25,0.0125,0.5,15,0.7369934304456321,0.3900414937759336,,2025-08-11 14:48:00+00:00,2025-08-14 12:30:00+00:00,0.22831,0.23382,48678.16419490478,268.21668471392513,2.413385309447679,0.0,Long,Closed
1,btc_any_breakout_down,0,0.05,0.25,0.0125,0.5,15,0.7369934304456321,0.3900414937759336,,2025-08-14 12:33:00+00:00,2025-08-20 11:53:00+00:00,0.22825,0.2134,49278.51044773569,-731.7858801488765,-6.506024096385556,0.0,Long,Closed
1,btc_any_breakout_down,0,0.05,0.25,0.0125,0.5,15,0.7369934304456321,0.3900414937759336,,2025-08-20 13:45:00+00:00,2025-08-25 00:42:00+00:00,0.21054999999999996,0.2256,51683.3392050403,777.8342550358575,7.1479458560912,0.0,Long,Closed
1,btc_any_breakout_down,0,0.05,0.25,0.0125,0.5,15,0.7369934304456321,0.3900414937759336,,2025-08-25 13:33:00+00:00,2025-08-25 20:33:00+00:00,0.2181,0.20784,51677.4149341548,-530.210277224427,-4.704264099037128,0.0,Long,Closed
1,btc_any_breakout_down,0,0.05,0.25,0.0125,0.5,15,0.7369934304456321,0.3900414937759336,,2025-08-25 20:34:00+00:00,2025-08-29 20:08:00+00:00,0.20816,0.21075,52871.53659938004,136.93727979239338,1.2442352036894613,0.0,Long,Closed
1,btc_any_breakout_down,0,0.05,0.25,0.0125,0.5,15,0.7369934304456321,0.3900414937759336,,2025-09-01 10:39:00+00:00,2025-09-04 23:05:00+00:00,0.21518,0.21431,51464.855927238335,-44.7744246566981,-0.4043126684636186,0.0,Long,Open
2,btc_vol_breakout_2m,0,0.05,0.25,0.003,0.5,45,0.552466693249657,0.37398373983739835,,2024-08-01 15:02:00+00:00,2024-08-02 15:00:00+00:00,0.11622,0.11336,43021.855102392015,-123.04250559284083,-2.4608501118568165,0.0,Long,Closed
2,btc_vol_breakout_2m,0,0.05,0.25,0.003,0.5,45,0.552466693249657,0.37398373983739835,,2024-08-02 15:06:00+00:00,2024-08-03 18:33:00+00:00,0.11178,0.10654,44180.34305961334,-231.5049976323744,-4.68777956700663,0.0,Long,Closed
2,btc_vol_breakout_2m,0,0.05,0.25,0.003,0.5,45,0.552466693249657,0.37398373983739835,,2024-08-03 18:34:00+00:00,2024-08-04 17:02:00+00:00,0.10698,0.10143,45080.63421562341,-250.19751989671022,-5.1878855860908635,0.0,Long,Closed
2,btc_vol_breakout_2m,0,0.05,0.25,0.003,0.5,45,0.552466693249657,0.37398373983739835,,2024-08-04 17:10:00+00:00,2024-08-05 00:38:00+00:00,0.10003,0.10047,46962.18622852182,20.663361940550203,0.43986803958813636,0.0,Long,Closed
2,btc_vol_breakout_2m,0,0.05,0.25,0.003,0.5,45,0.552466693249657,0.37398373983739835,,2024-08-05 00:39:00+00:00,2024-08-05 01:07:00+00:00,0.10057,0.09526,46812.75896797566,-248.5757501199514,-5.279904544098652,0.0,Long,Closed
2,btc_vol_breakout_2m,0,0.05,0.25,0.003,0.5,45,0.552466693249657,0.37398373983739835,,2024-08-05 01:08:00+00:00,2024-08-05 02:07:00+00:00,0.09318,0.0909,49191.57860430711,-112.15679921782066,-2.446877012234395,0.0,Long,Closed
2,btc_vol_breakout_2m,0,0.05,0.25,0.003,0.5,45,0.552466693249657,0.37398373983739835,,2024-08-05 03:24:00+00:00,2024-08-05 05:12:00+00:00,0.09217,0.08845,49122.19697016845,-182.7345727290267,-4.03602039709233,0.0,Long,Closed
2,btc_vol_breakout_2m,0,0.05,0.25,0.003,0.5,45,0.552466693249657,0.37398373983739835,,2024-08-05 05:13:00+00:00,2024-08-05 06:21:00+00:00,0.08979,0.08686,49406.6778970477,-144.7615662383496,-3.263169617997546,0.0,Long,Closed
2,btc_vol_breakout_2m,0,0.05,0.25,0.003,0.5,45,0.552466693249657,0.37398373983739835,,2024-08-05 06:24:00+00:00,2024-08-05 10:09:00+00:00,0.08276,0.08545,52728.912823305196,141.84077549469112,3.2503624939584377,0.0,Long,Closed
2,btc_vol_breakout_2m,0,0.05,0.25,0.003,0.5,45,0.552466693249657,0.37398373983739835,,2024-08-05 10:10:00+00:00,2024-08-05 11:26:00+00:00,0.08579,0.08119,51693.26510087519,-237.78901946402675,-5.361930294906185,0.0,Long,Closed
2,btc_vol_breakout_2m,0,0.05,0.25,0.003,0.5,45,0.552466693249657,0.37398373983739835,,2024-08-05 11:44:00+00:00,2024-08-05 18:53:00+00:00,0.08218,0.0934,52517.28770104734,589.2439680057505,13.652956923825732,0.0,Long,Closed
2,btc_vol_breakout_2m,0,0.05,0.25,0.003,0.5,45,0.552466693249657,0.37398373983739835,,2024-08-05 19:02:00+00:00,2024-08-06 12:45:00+00:00,0.0939,0.09501,49100.02861847653,54.501031766509186,1.1821086261980882,0.0,Long,Closed
2,btc_vol_breakout_2m,0,0.05,0.25,0.003,0.5,45,0.552466693249657,0.37398373983739835,,2024-08-06 13:23:00+00:00,2024-08-07 14:36:00+00:00,0.09427,0.09625,49196.384885522435,97.4088420733342,2.1003500583430523,0.0,Long,Closed
2,btc_vol_breakout_2m,0,0.05,0.25,0.003,0.5,45,0.552466693249657,0.37398373983739835,,2024-08-07 14:37:00+00:00,2024-08-08 00:45:00+00:00,0.09648,0.09389,48574.2912955521,-125.80741445548028,-2.6844941956882327,0.0,Long,Closed
2,btc_vol_breakout_2m,0,0.05,0.25,0.003,0.5,45,0.552466693249657,0.37398373983739835,,2024-08-08 01:12:00+00:00,2024-08-09 13:37:00+00:00,0.09671,0.10237,47808.33333644014,270.5951666842511,5.852548857408745,0.0,Long,Closed
2,btc_vol_breakout_2m,0,0.05,0.25,0.003,0.5,45,0.552466693249657,0.37398373983739835,,2024-08-09 13:38:00+00:00,2024-08-11 15:09:00+00:00,0.10256,0.10418,46400.56065044123,75.16890825371502,1.579563182527306,0.0,Long,Closed
2,btc_vol_breakout_2m,0,0.05,0.25,0.003,0.5,45,0.552466693249657,0.37398373983739835,,2024-08-11 19:23:00+00:00,2024-08-13 10:23:00+00:00,0.10328,0.10349,46440.9949112714,9.752608931366922,0.20333075135553683,0.0,Long,Closed
2,btc_vol_breakout_2m,0,0.05,0.25,0.003,0.5,45,0.552466693249657,0.37398373983739835,,2024-08-13 10:24:00+00:00,2024-08-14 14:11:00+00:00,0.10352,0.1016,46380.43140361083,-89.05042829493323,-1.8547140649150011,0.0,Long,Closed
2,btc_vol_breakout_2m,0,0.05,0.25,0.003,0.5,45,0.552466693249657,0.37398373983739835,,2024-08-14 14:12:00+00:00,2024-08-15 18:12:00+00:00,0.10182,0.0994,46717.51173398475,-113.05637839624251,-2.3767432724415514,0.0,Long,Closed
2,btc_vol_breakout_2m,0,0.05,0.25,0.003,0.5,45,0.552466693249657,0.37398373983739835,,2024-08-15 18:13:00+00:00,2024-08-26 06:50:00+00:00,0.09979,0.10841,47101.40149870935,406.01408091887515,8.638140094197826,0.0,Long,Closed
2,btc_vol_breakout_2m,0,0.05,0.25,0.003,0.5,45,0.552466693249657,0.37398373983739835,,2024-08-26 09:32:00+00:00,2024-08-27 14:12:00+00:00,0.10851,0.10367,45187.13386799045,-218.70572792107396,-4.460418394618011,0.0,Long,Closed
2,btc_vol_breakout_2m,0,0.05,0.25,0.003,0.5,45,0.552466693249657,0.37398373983739835,,2024-08-27 14:15:00+00:00,2024-08-27 22:14:00+00:00,0.10358,0.09752,46282.13006425088,-280.469708189361,-5.850550299285589,0.0,Long,Closed
2,btc_vol_breakout_2m,0,0.05,0.25,0.003,0.5,45,0.552466693249657,0.37398373983739835,,2024-08-27 22:15:00+00:00,2024-09-01 22:18:00+00:00,0.09661,0.09681,48169.63231508566,9.633926463016905,0.20701790704895484,0.0,Long,Closed
2,btc_vol_breakout_2m,0,0.05,0.25,0.003,0.5,45,0.552466693249657,0.37398373983739835,,2024-09-01 22:19:00+00:00,2024-09-04 01:00:00+00:00,0.09689,0.09509,48080.14388679878,-86.54425899623857,-1.8577768603571223,0.0,Long,Closed
2,btc_vol_breakout_2m,0,0.05,0.25,0.003,0.5,45,0.552466693249657,0.37398373983739835,,2024-09-04 01:01:00+00:00,2024-09-06 14:06:00+00:00,0.09417,0.09431,49009.37678341101,6.861312749677381,0.14866730381225096,0.0,Long,Closed
2,btc_vol_breakout_2m,0,0.05,0.25,0.003,0.5,45,0.552466693249657,0.37398373983739835,,2024-09-06 14:07:00+00:00,2024-09-06 20:36:00+00:00,0.09466,0.09014,48791.925502521175,-220.539503271395,-4.774984153813635,0.0,Long,Closed
2,btc_vol_breakout_2m,0,0.05,0.25,0.003,0.5,45,0.552466693249657,0.37398373983739835,,2024-09-06 20:37:00+00:00,2024-09-11 13:50:00+00:00,0.09039,0.09924,49876.91023822277,441.41065560827155,9.790906073680718,0.0,Long,Closed
2,btc_vol_breakout_2m,0,0.05,0.25,0.003,0.5,45,0.552466693249657,0.37398373983739835,,2024-09-11 15:05:00+00:00,2024-09-15 23:10:00+00:00,0.09876000000000001,0.10256,47884.560998755485,181.96133179527078,3.847711624139326,0.0,Long,Closed
2,btc_vol_breakout_2m,0,0.05,0.25,0.003,0.5,45,0.552466693249657,0.37398373983739835,,2024-09-15 23:12:00+00:00,2024-09-30 10:13:00+00:00,0.10267,0.1193,46947.1112314671,780.7304597792981,16.19752605434889,0.0,Long,Closed
2,btc_vol_breakout_2m,0,0.05,0.25,0.003,0.5,45,0.552466693249657,0.37398373983739835,,2024-09-30 18:13:00+00:00,2024-10-01 14:52:00+00:00,0.11762999999999998,0.1116,44295.03647049542,-267.09906991708704,-5.126243305279259,0.0,Long,Closed
2,btc_vol_breakout_2m,0,0.05,0.25,0.003,0.5,45,0.552466693249657,0.37398373983739835,,2024-10-01 15:10:00+00:00,2024-10-01 17:17:00+00:00,0.10839,0.10608,46838.966741081575,-108.19801317189922,-2.1311929144755206,0.0,Long,Closed
2,btc_vol_breakout_2m,0,0.05,0.25,0.003,0.5,45,0.552466693249657,0.37398373983739835,,2024-10-01 17:20:00+00:00,2024-10-02 19:06:00+00:00,0.10403,0.10276,48282.00133115335,-61.31814169056452,-1.220801691819663,0.0,Long,Closed
2,btc_vol_breakout_2m,0,0.05,0.25,0.003,0.5,45,0.552466693249657,0.37398373983739835,,2024-10-02 19:24:00+00:00,2024-10-08 13:25:00+00:00,0.10232,0.10715,48789.264343575065,235.65214677946733,4.720484753713835,0.0,Long,Closed
2,btc_vol_breakout_2m,0,0.05,0.25,0.003,0.5,45,0.552466693249657,0.37398373983739835,,2024-10-08 14:01:00+00:00,2024-10-10 16:32:00+00:00,0.10833000000000001,0.10472,47170.16155288778,-170.28428320592502,-3.3324102280070185,0.0,Long,Closed
2,btc_vol_breakout_2m,0,0.05,0.25,0.003,0.5,45,0.552466693249657,0.37398373983739835,,2024-10-10 17:10:00+00:00,2024-10-15 15:01:00+00:00,0.10449,0.11157,48088.82629362973,340.46889015889883,6.7757680160781,0.0,Long,Closed
2,btc_vol_breakout_2m,0,0.05,0.25,0.003,0.5,45,0.552466693249657,0.37398373983739835,,2024-10-15 15:02:00+00:00,2024-10-17 10:34:00+00:00,0.11219,0.12128,46305.69484357626,420.91876612810756,8.102326410553513,0.0,Long,Closed
2,btc_vol_breakout_2m,0,0.05,0.25,0.003,0.5,45,0.552466693249657,0.37398373983739835,,2024-10-17 13:36:00+00:00,2024-10-21 15:09:00+00:00,0.12074999999999998,0.13933,44766.006522276395,831.7524011838968,15.387163561076633,0.0,Long,Closed
2,btc_vol_breakout_2m,0,0.05,0.25,0.003,0.5,45,0.552466693249657,0.37398373983739835,,2024-10-22 00:33:00+00:00,2024-10-23 18:04:00+00:00,0.14139,0.13334,41172.44139017486,-331.43815319090754,-5.693471956998372,0.0,Long,Closed
2,btc_vol_breakout_2m,0,0.05,0.25,0.003,0.5,45,0.552466693249657,0.37398373983739835,,2024-10-23 18:05:00+00:00,2024-10-25 15:52:00+00:00,0.13342,0.13633,42389.839690911176,123.35443350055175,2.1810822965072743,0.0,Long,Closed
2,btc_vol_breakout_2m,0,0.05,0.25,0.003,0.5,45,0.552466693249657,0.37398373983739835,,2024-10-25 15:53:00+00:00,2024-10-25 23:22:00+00:00,0.13617,0.12939,41986.705062140296,-284.6698603213108,-4.9790702797973045,0.0,Long,Closed
2,btc_vol_breakout_2m,0,0.05,0.25,0.003,0.5,45,0.552466693249657,0.37398373983739835,,2024-10-25 23:24:00+00:00,2024-10-28 22:08:00+00:00,0.12871,0.16162,43314.38659118165,1425.4764627157892,25.56910884935128,0.0,Long,Closed
2,btc_vol_breakout_2m,0,0.05,0.25,0.003,0.5,45,0.552466693249657,0.37398373983739835,,2024-10-29 01:55:00+00:00,2024-10-30 15:13:00+00:00,0.16782,0.16577,37467.12507155812,-76.8076063966937,-1.221546895483249,0.0,Long,Closed
2,btc_vol_breakout_2m,0,0.05,0.25,0.003,0.5,45,0.552466693249657,0.37398373983739835,,2024-10-30 20:03:00+00:00,2024-10-31 19:58:00+00:00,0.1686,0.15931,37066.00905285016,-344.34322410097775,-5.510083036773424,0.0,Long,Closed
2,btc_vol_breakout_2m,0,0.05,0.25,0.003,0.5,45,0.552466693249657,0.37398373983739835,,2024-10-31 20:00:00+00:00,2024-11-01 15:41:00+00:00,0.1598,0.16029,38029.77167872371,18.634588122574314,0.3066332916145132,0.0,Long,Closed
2,btc_vol_breakout_2m,0,0.05,0.25,0.003,0.5,45,0.552466693249657,0.37398373983739835,,2024-11-01 15:42:00+00:00,2024-11-03 02:22:00+00:00,0.16053,0.15482,37914.8745301273,-216.49393356702694,-3.556967545007164,0.0,Long,Closed
2,btc_vol_breakout_2m,0,0.05,0.25,0.003,0.5,45,0.552466693249657,0.37398373983739835,,2024-11-03 16:35:00+00:00,2024-11-05 19:50:00+00:00,0.1458,0.16885,41002.9344412745,945.1176388713766,15.809327846364873,0.0,Long,Closed
2,btc_vol_breakout_2m,0,0.05,0.25,0.003,0.5,45,0.552466693249657,0.37398373983739835,,2024-11-05 19:51:00+00:00,2024-11-06 03:07:00+00:00,0.1691,0.21646,38147.762631422294,1806.6780382241595,28.00709639266705,0.0,Long,Closed
2,btc_vol_breakout_2m,0,0.05,0.25,0.003,0.5,45,0.552466693249657,0.37398373983739835,,2024-11-06 03:08:00+00:00,2024-11-06 05:01:00+00:00,0.21247,0.20225,34612.536735000656,-353.74012543170556,-4.810090836353352,0.0,Long,Closed
2,btc_vol_breakout_2m,0,0.05,0.25,0.003,0.5,45,0.552466693249657,0.37398373983739835,,2024-11-06 05:06:00+00:00,2024-11-06 07:42:00+00:00,0.20207,0.198,35518.659956300966,-144.56094602214398,-2.014153511159486,0.0,Long,Closed
2,btc_vol_breakout_2m,0,0.05,0.25,0.003,0.5,45,0.552466693249657,0.37398373983739835,,2024-11-06 07:43:00+00:00,2024-11-06 08:03:00+00:00,0.19985,0.19181,35551.53937632557,-285.834376585658,-4.023017262947215,0.0,Long,Closed
2,btc_vol_breakout_2m,0,0.05,0.25,0.003,0.5,45,0.552466693249657,0.37398373983739835,,2024-11-06 08:04:00+00:00,2024-11-06 14:49:00+00:00,0.19027,0.19414,36590.41339184231,141.60489982643048,2.033951752772387,0.0,Long,Closed
2,btc_vol_breakout_2m,0,0.05,0.25,0.003,0.5,45,0.552466693249657,0.37398373983739835,,2024-11-06 14:51:00+00:00,2024-11-07 15:09:00+00:00,0.19272,0.19049,36492.63390400089,-81.37857360592261,-1.1571191365712001,0.0,Long,Closed
2,btc_vol_breakout_2m,0,0.05,0.25,0.003,0.5,45,0.552466693249657,0.37398373983739835,,2024-11-07 15:11:00+00:00,2024-11-10 12:08:00+00:00,0.19102,0.2433,36604.392834133025,1913.6776573684738,27.36886189927755,0.0,Long,Closed
2,btc_vol_breakout_2m,0,0.05,0.25,0.003,0.5,45,0.552466693249657,0.37398373983739835,,2024-11-10 12:09:00+00:00,2024-11-10 20:42:00+00:00,0.24232,0.26159,32803.771656736244,632.1286798253068,7.952294486629243,0.0,Long,Closed
2,btc_vol_breakout_2m,0,0.05,0.25,0.003,0.5,45,0.552466693249657,0.37398373983739835,,2024-11-10 21:16:00+00:00,2024-11-10 22:35:00+00:00,0.25907,0.26878,31902.86134161802,309.7767836271105,3.748021770177938,0.0,Long,Closed
2,btc_vol_breakout_2m,0,0.05,0.25,0.003,0.5,45,0.552466693249657,0.37398373983739835,,2024-11-10 22:36:00+00:00,2024-11-11 05:27:00+00:00,0.27338,0.27866,30799.48306235473,162.62127056923237,1.9313775696832174,0.0,Long,Closed
2,btc_vol_breakout_2m,0,0.05,0.25,0.003,0.5,45,0.552466693249657,0.37398373983739835,,2024-11-11 06:30:00+00:00,2024-11-12 00:19:00+00:00,0.28309,0.32756,30030.284767639805,1335.446763616943,15.708785191988422,0.0,Long,Closed
2,btc_vol_breakout_2m,0,0.05,0.25,0.003,0.5,45,0.552466693249657,0.37398373983739835,,2024-11-12 00:20:00+00:00,2024-11-12 02:52:00+00:00,0.33075,0.34597,27721.834305909673,421.9263181359456,4.601662887377177,0.0,Long,Closed
2,btc_vol_breakout_2m,0,0.05,0.25,0.003,0.5,45,0.552466693249657,0.37398373983739835,,2024-11-12 02:56:00+00:00,2024-11-12 10:03:00+00:00,0.34842,0.40228,26921.41626699844,1449.9874801405367,15.458354859078133,0.0,Long,Closed
2,btc_vol_breakout_2m,0,0.05,0.25,0.003,0.5,45,0.552466693249657,0.37398373983739835,,2024-11-12 10:06:00+00:00,2024-11-12 10:35:00+00:00,0.38695,0.38803,26114.36515264986,28.203514364860894,0.2791058276262989,0.0,Long,Closed
2,btc_vol_breakout_2m,0,0.05,0.25,0.003,0.5,45,0.552466693249657,0.37398373983739835,,2024-11-12 10:37:00+00:00,2024-11-12 10:49:00+00:00,0.37869,0.35846,26721.210892815478,-540.5700963616582,-5.342100398743045,0.0,Long,Closed
2,btc_vol_breakout_2m,0,0.05,0.25,0.003,0.5,45,0.552466693249657,0.37398373983739835,,2024-11-12 10:51:00+00:00,2024-11-12 12:44:00+00:00,0.36024,0.37578,27339.46897851284,424.85534792608996,4.313790806129251,0.0,Long,Closed
2,btc_vol_breakout_2m,0,0.05,0.25,0.003,0.5,45,0.552466693249657,0.37398373983739835,,2024-11-12 13:06:00+00:00,2024-11-12 13:36:00+00:00,0.36358,0.35545,27672.583692124183,-224.97810541697072,-2.2360965949722313,0.0,Long,Closed
2,btc_vol_breakout_2m,0,0.05,0.25,0.003,0.5,45,0.552466693249657,0.37398373983739835,,2024-11-12 13:50:00+00:00,2024-11-12 16:09:00+00:00,0.34255,0.36077,29043.085465111733,529.1650171743349,5.318931542840452,0.0,Long,Closed
2,btc_vol_breakout_2m,0,0.05,0.25,0.003,0.5,45,0.552466693249657,0.37398373983739835,,2024-11-12 16:15:00+00:00,2024-11-12 21:03:00+00:00,0.35886,0.37426,28460.378517140925,438.28982916397035,4.291367106949787,0.0,Long,Closed
2,btc_vol_breakout_2m,0,0.05,0.25,0.003,0.5,45,0.552466693249657,0.37398373983739835,,2024-11-12 22:09:00+00:00,2024-11-13 01:21:00+00:00,0.37509,0.38917,27813.15510742269,391.6092239125119,3.7537657628835785,0.0,Long,Closed
2,btc_vol_breakout_2m,0,0.05,0.25,0.003,0.5,45,0.552466693249657,0.37398373983739835,,2024-11-13 01:24:00+00:00,2024-11-13 04:33:00+00:00,0.38825,0.36866,27374.73525099661,-536.2710635670228,-5.045717965228583,0.0,Long,Closed
2,btc_vol_breakout_2m,0,0.05,0.25,0.003,0.5,45,0.552466693249657,0.37398373983739835,,2024-11-13 04:39:00+00:00,2024-11-13 15:03:00+00:00,0.36264,0.40964,28568.5678066841,1342.7226869141523,12.960511802338404,0.0,Long,Closed
2,btc_vol_breakout_2m,0,0.05,0.25,0.003,0.5,45,0.552466693249657,0.37398373983739835,,2024-11-13 15:04:00+00:00,2024-11-13 18:50:00+00:00,0.41296,0.40246,26713.160530978785,-280.4881855752774,-2.5426191398682696,0.0,Long,Closed
2,btc_vol_breakout_2m,0,0.05,0.25,0.003,0.5,45,0.552466693249657,0.37398373983739835,,2024-11-13 19:03:00+00:00,2024-11-13 21:17:00+00:00,0.39507,0.37437,27567.8302075211,-570.6540852956878,-5.239577796339899,0.0,Long,Closed
2,btc_vol_breakout_2m,0,0.05,0.25,0.003,0.5,45,0.552466693249657,0.37398373983739835,,2024-11-13 21:22:00+00:00,2024-11-14 14:43:00+00:00,0.37392,0.39276,28364.07690799507,534.3792089466278,5.038510911424911,0.0,Long,Closed
2,btc_vol_breakout_2m,0,0.05,0.25,0.003,0.5,45,0.552466693249657,0.37398373983739835,,2024-11-14 14:44:00+00:00,2024-11-14 22:31:00+00:00,0.39479,0.37767,27541.440365538212,-471.5094590580138,-4.336482686998147,0.0,Long,Closed
2,btc_vol_breakout_2m,0,0.05,0.25,0.003,0.5,45,0.552466693249657,0.37398373983739835,,2024-11-14 22:33:00+00:00,2024-11-14 23:35:00+00:00,0.37541,0.35628,28335.234842923266,-542.0530425451234,-5.095761966916183,0.0,Long,Closed
2,btc_vol_breakout_2m,0,0.05,0.25,0.003,0.5,45,0.552466693249657,0.37398373983739835,,2024-11-14 23:48:00+00:00,2024-11-15 14:36:00+00:00,0.35902,0.36082,28873.89000921749,51.973002016591636,0.5013648264720643,0.0,Long,Closed
2,btc_vol_breakout_2m,0,0.05,0.25,0.003,0.5,45,0.552466693249657,0.37398373983739835,,2024-11-15 14:39:00+00:00,2024-11-17 01:45:00+00:00,0.36003,0.35756,28865.068166868205,-71.29671837216483,-0.6860539399494522,0.0,Long,Closed
2,btc_vol_breakout_2m,0,0.05,0.25,0.003,0.5,45,0.552466693249657,0.37398373983739835,,2024-11-17 02:07:00+00:00,2024-11-18 13:06:00+00:00,0.34567,0.36036,29961.067298092043,440.1280786089719,4.249717939074838,0.0,Long,Closed
2,btc_vol_breakout_2m,0,0.05,0.25,0.003,0.5,45,0.552466693249657,0.37398373983739835,,2024-11-18 13:08:00+00:00,2024-11-19 20:53:00+00:00,0.3602,0.38753,29363.426352681734,802.5024422187907,7.587451415880056,0.0,Long,Closed
2,btc_vol_breakout_2m,0,0.05,0.25,0.003,0.5,45,0.552466693249657,0.37398373983739835,,2024-11-19 21:14:00+00:00,2024-11-20 16:31:00+00:00,0.38873,0.37558,28240.571587851096,-371.3635163802428,-3.3828106912252798,0.0,Long,Closed
2,btc_vol_breakout_2m,0,0.05,0.25,0.003,0.5,45,0.552466693249657,0.37398373983739835,,2024-11-20 18:33:00+00:00,2024-11-23 16:23:00+00:00,0.37296,0.4146,28936.81798357796,1204.929100836187,11.164736164736173,0.0,Long,Closed
2,btc_vol_breakout_2m,0,0.05,0.25,0.003,0.5,45,0.552466693249657,0.37398373983739835,,2024-11-24 13:10:00+00:00,2024-11-25 14:51:00+00:00,0.41516,0.40614,27446.623435719554,-247.56854339019083,-2.172656325272188,0.0,Long,Closed
2,btc_vol_breakout_2m,0,0.05,0.25,0.003,0.5,45,0.552466693249657,0.37398373983739835,,2024-11-25 14:59:00+00:00,2024-11-25 17:40:00+00:00,0.40457,0.39974,27859.099572084524,-134.55945093316768,-1.1938601478112516,0.0,Long,Closed
2,btc_vol_breakout_2m,0,0.05,0.25,0.003,0.5,45,0.552466693249657,0.37398373983739835,,2024-11-25 18:17:00+00:00,2024-11-25 22:35:00+00:00,0.40441,0.38256,27703.756555010143,-605.327080726971,-5.402932667342543,0.0,Long,Closed
2,btc_vol_breakout_2m,0,0.05,0.25,0.003,0.5,45,0.552466693249657,0.37398373983739835,,2024-11-25 23:43:00+00:00,2024-11-26 10:13:00+00:00,0.39316,0.38681,27726.657462733154,-176.06427488835652,-1.6151185268084332,0.0,Long,Closed
2,btc_vol_breakout_2m,0,0.05,0.25,0.003,0.5,45,0.552466693249657,0.37398373983739835,,2024-11-26 11:31:00+00:00,2024-11-26 18:35:00+00:00,0.36677,0.37057,29481.638385375,112.03022586442603,1.0360716525342952,0.0,Long,Closed
2,btc_vol_breakout_2m,0,0.05,0.25,0.003,0.5,45,0.552466693249657,0.37398373983739835,,2024-11-26 20:26:00+00:00,2024-12-02 08:18:00+00:00,0.37973,0.41968,28622.95742642457,1143.487149185661,10.520633081399938,0.0,Long,Closed
2,btc_vol_breakout_2m,0,0.05,0.25,0.003,0.5,45,0.552466693249657,0.37398373983739835,,2024-12-02 08:21:00+00:00,2024-12-02 17:58:00+00:00,0.4214,0.40892,27149.357375721484,-338.8239800490046,-2.961556715709544,0.0,Long,Closed
2,btc_vol_breakout_2m,0,0.05,0.25,0.003,0.5,45,0.552466693249657,0.37398373983739835,,2024-12-02 17:59:00+00:00,2024-12-03 13:55:00+00:00,0.41074,0.3917,27441.51338585122,-522.4864148666074,-4.635535862102548,0.0,Long,Closed
2,btc_vol_breakout_2m,0,0.05,0.25,0.003,0.5,45,0.552466693249657,0.37398373983739835,,2024-12-03 13:56:00+00:00,2024-12-05 07:16:00+00:00,0.39818,0.43173,27651.022152471818,927.6917932154302,8.42583756090211,0.0,Long,Closed
2,btc_vol_breakout_2m,0,0.05,0.25,0.003,0.5,45,0.552466693249657,0.37398373983739835,,2024-12-05 07:17:00+00:00,2024-12-05 20:04:00+00:00,0.43208,0.42838,26555.105298275652,-98.25388960362034,-0.8563229031660841,0.0,Long,Closed
2,btc_vol_breakout_2m,0,0.05,0.25,0.003,0.5,45,0.552466693249657,0.37398373983739835,,2024-12-05 20:05:00+00:00,2024-12-09 07:13:00+00:00,0.43162,0.43986,26469.586563359284,218.10939328208042,1.9090866966312954,0.0,Long,Closed
2,btc_vol_breakout_2m,0,0.05,0.25,0.003,0.5,45,0.552466693249657,0.37398373983739835,,2024-12-09 08:34:00+00:00,2024-12-09 20:25:00+00:00,0.43654,0.42256,26421.07859329769,-369.3666787343027,-3.2024556741650336,0.0,Long,Closed
2,btc_vol_breakout_2m,0,0.05,0.25,0.003,0.5,45,0.552466693249657,0.37398373983739835,,2024-12-09 20:39:00+00:00,2024-12-09 21:04:00+00:00,0.41765,0.39012,27173.887967798448,-748.0971357534909,-6.5916437208188645,0.0,Long,Closed
2,btc_vol_breakout_2m,0,0.05,0.25,0.003,0.5,45,0.552466693249657,0.37398373983739835,,2024-12-09 21:05:00+00:00,2024-12-09 22:21:00+00:00,0.38376,0.39717,28598.930951308834,383.51166405705226,3.494371482176368,0.0,Long,Closed
2,btc_vol_breakout_2m,0,0.05,0.25,0.003,0.5,45,0.552466693249657,0.37398373983739835,,2024-12-09 22:22:00+00:00,2024-12-10 02:56:00+00:00,0.39273,0.39846,28433.991734532126,162.926772638868,1.4590176457107837,0.0,Long,Closed
2,btc_vol_breakout_2m,0,0.05,0.25,0.003,0.5,45,0.552466693249657,0.37398373983739835,,2024-12-10 03:28:00+00:00,2024-12-10 15:39:00+00:00,0.38988,0.38471,28850.787319745144,-149.1585704430836,-1.3260490407304917,0.0,Long,Closed
2,btc_vol_breakout_2m,0,0.05,0.25,0.003,0.5,45,0.552466693249657,0.37398373983739835,,2024-12-10 15:43:00+00:00,2024-12-10 17:58:00+00:00,0.38298,0.36776,29175.84645412475,-444.05638303177875,-3.974097864118232,0.0,Long,Closed
2,btc_vol_breakout_2m,0,0.05,0.25,0.003,0.5,45,0.552466693249657,0.37398373983739835,,2024-12-10 19:48:00+00:00,2024-12-11 01:26:00+00:00,0.38351,0.37803,28556.589094116986,-156.490108235761,-1.4289066777919734,0.0,Long,Closed
2,btc_vol_breakout_2m,0,0.05,0.25,0.003,0.5,45,0.552466693249657,0.37398373983739835,,2024-12-11 01:28:00+00:00,2024-12-16 14:57:00+00:00,0.37756,0.39713,28799.376071000435,563.6037897094775,5.183282127343989,0.0,Long,Closed
2,btc_vol_breakout_2m,0,0.05,0.25,0.003,0.5,45,0.552466693249657,0.37398373983739835,,2024-12-16 14:58:00+00:00,2024-12-18 01:52:00+00:00,0.39737,0.39041,28072.814566327765,-195.3867893816423,-1.7515162191408604,0.0,Long,Closed
2,btc_vol_breakout_2m,0,0.05,0.25,0.003,0.5,45,0.552466693249657,0.37398373983739835,,2024-12-18 01:53:00+00:00,2024-12-18 20:05:00+00:00,0.39042,0.37045,28322.32193415,-565.5967690249745,-5.115004354285119,0.0,Long,Closed
2,btc_vol_breakout_2m,0,0.05,0.25,0.003,0.5,45,0.552466693249657,0.37398373983739835,,2024-12-18 20:07:00+00:00,2024-12-19 02:11:00+00:00,0.35938,0.34601,29981.642119812892,-400.85455514189744,-3.7202960654460373,0.0,Long,Closed
2,btc_vol_breakout_2m,0,0.05,0.25,0.003,0.5,45,0.552466693249657,0.37398373983739835,,2024-12-19 02:12:00+00:00,2024-12-19 15:24:00+00:00,0.34558,0.34443,30598.921429039317,-35.188759643395315,-0.3327738873777427,0.0,Long,Closed
2,btc_vol_breakout_2m,0,0.05,0.25,0.003,0.5,45,0.552466693249657,0.37398373983739835,,2024-12-19 15:26:00+00:00,2024-12-19 17:49:00+00:00,0.34712,0.33391,30412.482391178008,-401.7488923874607,-3.8056003687485527,0.0,Long,Closed
2,btc_vol_breakout_2m,0,0.05,0.25,0.003,0.5,45,0.552466693249657,0.37398373983739835,,2024-12-19 17:50:00+00:00,2024-12-19 18:09:00+00:00,0.33569,0.3177,30849.612563472194,-554.9845300168654,-5.35911108463166,0.0,Long,Closed
2,btc_vol_breakout_2m,0,0.05,0.25,0.003,0.5,45,0.552466693249657,0.37398373983739835,,2024-12-19 18:15:00+00:00,2024-12-19 20:10:00+00:00,0.30798,0.30077,32724.248900654417,-235.94183457371764,-2.3410611078641406,0.0,Long,Closed
2,btc_vol_breakout_2m,0,0.05,0.25,0.003,0.5,45,0.552466693249657,0.37398373983739835,,2024-12-19 20:11:00+00:00,2024-12-20 08:17:00+00:00,0.30442,0.30901,32719.4115338568,150.18209894040228,1.5077852966296519,0.0,Long,Closed
2,btc_vol_breakout_2m,0,0.05,0.25,0.003,0.5,45,0.552466693249657,0.37398373983739835,,2024-12-20 08:41:00+00:00,2024-12-20 10:11:00+00:00,0.30513,0.28812,32889.372754586206,-559.448230555512,-5.574673090158299,0.0,Long,Closed
2,btc_vol_breakout_2m,0,0.05,0.25,0.003,0.5,45,0.552466693249657,0.37398373983739835,,2024-12-20 10:14:00+00:00,2024-12-20 11:23:00+00:00,0.28061,0.27566,34766.43809318674,-172.09386856127458,-1.7640141121128987,0.0,Long,Closed
2,btc_vol_breakout_2m,0,0.05,0.25,0.003,0.5,45,0.552466693249657,0.37398373983739835,,2024-12-20 11:24:00+00:00,2024-12-21 07:43:00+00:00,0.27672,0.34901,34944.215304453945,2526.1173243589747,26.123879734027167,0.0,Long,Closed
2,btc_vol_breakout_2m,0,0.05,0.25,0.003,0.5,45,0.552466693249657,0.37398373983739835,,2024-12-21 07:44:00+00:00,2024-12-21 13:22:00+00:00,0.34811,0.31977,31406.227690178348,-890.0524927396527,-8.141104823188059,0.0,Long,Closed
2,btc_vol_breakout_2m,0,0.05,0.25,0.003,0.5,45,0.552466693249657,0.37398373983739835,,2024-12-21 13:23:00+00:00,2024-12-22 14:30:00+00:00,0.31882,0.31137,32895.66424583827,-245.07269863149486,-2.3367417351483573,0.0,Long,Closed
2,btc_vol_breakout_2m,0,0.05,0.25,0.003,0.5,45,0.552466693249657,0.37398373983739835,,2024-12-22 18:13:00+00:00,2024-12-23 01:17:00+00:00,0.31686,0.30444,32712.426073162944,-406.2883318286822,-3.9197121757242805,0.0,Long,Closed
2,btc_vol_breakout_2m,0,0.05,0.25,0.003,0.5,45,0.552466693249657,0.37398373983739835,,2024-12-23 01:35:00+00:00,2024-12-23 14:48:00+00:00,0.31233,0.30574,32536.468349592,-214.41532642381026,-2.1099478116095054,0.0,Long,Closed
2,btc_vol_breakout_2m,0,0.05,0.25,0.003,0.5,45,0.552466693249657,0.37398373983739835,,2024-12-23 14:51:00+00:00,2024-12-26 08:01:00+00:00,0.30527,0.32301,32937.75181451228,584.3157171894491,5.811249058210777,0.0,Long,Closed
2,btc_vol_breakout_2m,0,0.05,0.25,0.003,0.5,45,0.552466693249657,0.37398373983739835,,2024-12-26 08:02:00+00:00,2025-01-07 15:07:00+00:00,0.32256,0.37215,32077.95558969149,1590.7458176927994,15.373883928571413,0.0,Long,Closed
2,btc_vol_breakout_2m,0,0.05,0.25,0.003,0.5,45,0.552466693249657,0.37398373983739835,,2025-01-07 15:08:00+00:00,2025-01-07 20:53:00+00:00,0.3739,0.35214,29800.583749283996,-648.4607023844201,-5.819737897833648,0.0,Long,Closed
2,btc_vol_breakout_2m,0,0.05,0.25,0.003,0.5,45,0.552466693249657,0.37398373983739835,,2025-01-08 06:38:00+00:00,2025-01-08 17:08:00+00:00,0.34701,0.33457,31175.493249949788,-387.82313602937575,-3.5849110976628955,0.0,Long,Closed
2,btc_vol_breakout_2m,0,0.05,0.25,0.003,0.5,45,0.552466693249657,0.37398373983739835,,2025-01-08 17:11:00+00:00,2025-01-09 13:38:00+00:00,0.33438,0.32322,31773.12143265263,-354.5880351884043,-3.337520186614041,0.0,Long,Closed
2,btc_vol_breakout_2m,0,0.05,0.25,0.003,0.5,45,0.552466693249657,0.37398373983739835,,2025-01-09 13:39:00+00:00,2025-01-09 17:52:00+00:00,0.3237,0.31837,32273.717414446048,-172.01891381899804,-1.646586345381532,0.0,Long,Closed
2,btc_vol_breakout_2m,0,0.05,0.25,0.003,0.5,45,0.552466693249657,0.37398373983739835,,2025-01-09 17:53:00+00:00,2025-01-13 06:47:00+00:00,0.31879,0.32616,32500.997114547772,239.5323487342157,2.311866746133805,0.0,Long,Closed
2,btc_vol_breakout_2m,0,0.05,0.25,0.003,0.5,45,0.552466693249657,0.37398373983739835,,2025-01-13 06:48:00+00:00,2025-01-13 14:35:00+00:00,0.32679,0.31024,32071.847499965705,-530.7890761244325,-5.064414455766701,0.0,Long,Closed
2,btc_vol_breakout_2m,0,0.05,0.25,0.003,0.5,45,0.552466693249657,0.37398373983739835,,2025-01-13 14:36:00+00:00,2025-01-17 12:46:00+00:00,0.31348,0.41244,32586.973671212127,3224.8069145031513,31.56820211815745,0.0,Long,Closed
2,btc_vol_breakout_2m,0,0.05,0.25,0.003,0.5,45,0.552466693249657,0.37398373983739835,,2025-01-17 14:37:00+00:00,2025-01-18 05:57:00+00:00,0.41241,0.38676,28679.634256451474,-735.6326186779806,-6.219538808467305,0.0,Long,Closed
2,btc_vol_breakout_2m,0,0.05,0.25,0.003,0.5,45,0.552466693249657,0.37398373983739835,,2025-01-18 05:58:00+00:00,2025-01-19 08:47:00+00:00,0.38889,0.3771,29468.362915899514,-347.43199877845655,-3.031705623698229,0.0,Long,Closed
2,btc_vol_breakout_2m,0,0.05,0.25,0.003,0.5,45,0.552466693249657,0.37398373983739835,,2025-01-19 09:15:00+00:00,2025-01-19 21:47:00+00:00,0.36692,0.37399,30759.39075268433,217.4688926214767,1.9268505396271531,0.0,Long,Closed
2,btc_vol_breakout_2m,0,0.05,0.25,0.003,0.5,45,0.552466693249657,0.37398373983739835,,2025-01-19 21:49:00+00:00,2025-01-19 22:48:00+00:00,0.37464,0.35297,30415.78609140955,-659.110084600843,-5.784219517403358,0.0,Long,Closed
2,btc_vol_breakout_2m,0,0.05,0.25,0.003,0.5,45,0.552466693249657,0.37398373983739835,,2025-01-19 22:49:00+00:00,2025-01-20 00:38:00+00:00,0.35847,0.34856,30868.45498642913,-305.90638891551316,-2.764527017602593,0.0,Long,Closed
2,btc_vol_breakout_2m,0,0.05,0.25,0.003,0.5,45,0.552466693249657,0.37398373983739835,,2025-01-20 00:41:00+00:00,2025-01-20 12:20:00+00:00,0.34968,0.36551,31206.994579408296,494.0067241920333,4.52699611072981,0.0,Long,Closed
2,btc_vol_breakout_2m,0,0.05,0.25,0.003,0.5,45,0.552466693249657,0.37398373983739835,,2025-01-20 12:21:00+00:00,2025-01-20 17:39:00+00:00,0.36834,0.35449,30296.642304999485,-419.60849592424165,-3.7601129391323123,0.0,Long,Closed
2,btc_vol_breakout_2m,0,0.05,0.25,0.003,0.5,45,0.552466693249657,0.37398373983739835,,2025-01-20 17:40:00+00:00,2025-01-21 00:57:00+00:00,0.35529,0.34482,30818.939397847924,-322.67429549546614,-2.9468884573165437,0.0,Long,Closed
2,btc_vol_breakout_2m,0,0.05,0.25,0.003,0.5,45,0.552466693249657,0.37398373983739835,,2025-01-21 01:00:00+00:00,2025-01-22 08:47:00+00:00,0.34539,0.36315,31235.194507408018,554.737054451567,5.142013376183451,0.0,Long,Closed
2,btc_vol_breakout_2m,0,0.05,0.25,0.003,0.5,45,0.552466693249657,0.37398373983739835,,2025-01-22 13:55:00+00:00,2025-01-23 10:41:00+00:00,0.36042,0.34687,30702.215077241653,-416.0150142966231,-3.7595028022862103,0.0,Long,Closed
2,btc_vol_breakout_2m,0,0.05,0.25,0.003,0.5,45,0.552466693249657,0.37398373983739835,,2025-01-23 10:42:00+00:00,2025-01-26 23:01:00+00:00,0.34736,0.34224,31257.729303866665,-160.03957403579807,-1.4739751266697443,0.0,Long,Closed
2,btc_vol_breakout_2m,0,0.05,0.25,0.003,0.5,45,0.552466693249657,0.37398373983739835,,2025-01-26 23:02:00+00:00,2025-01-27 05:51:00+00:00,0.34254,0.31902,31463.960600143706,-740.0323533153787,-6.866351375021884,0.0,Long,Closed
2,btc_vol_breakout_2m,0,0.05,0.25,0.003,0.5,45,0.552466693249657,0.37398373983739835,,2025-01-27 06:01:00+00:00,2025-01-28 20:50:00+00:00,0.32165,0.32033,32357.061673606517,-42.71132140916052,-0.41038395771801567,0.0,Long,Closed
2,btc_vol_breakout_2m,0,0.05,0.25,0.003,0.5,45,0.552466693249657,0.37398373983739835,,2025-01-28 20:52:00+00:00,2025-02-01 22:19:00+00:00,0.32066,0.31011,32390.361213157103,-341.7183107988076,-3.2900891910434744,0.0,Long,Closed
2,btc_vol_breakout_2m,0,0.05,0.25,0.003,0.5,45,0.552466693249657,0.37398373983739835,,2025-02-01 22:20:00+00:00,2025-02-02 15:39:00+00:00,0.30996,0.2943,32957.265683351245,-516.1107806012806,-5.05226480836237,0.0,Long,Closed
2,btc_vol_breakout_2m,0,0.05,0.25,0.003,0.5,45,0.552466693249657,0.37398373983739835,,2025-02-02 17:24:00+00:00,2025-02-02 22:39:00+00:00,0.27693,0.25983,35956.301884631175,-614.8527622271922,-6.17484562885927,0.0,Long,Closed
2,btc_vol_breakout_2m,0,0.05,0.25,0.003,0.5,45,0.552466693249657,0.37398373983739835,,2025-02-02 22:41:00+00:00,2025-02-03 00:35:00+00:00,0.25393,0.25129,38002.41129365304,-100.32636581524275,-1.0396565982751023,0.0,Long,Closed
2,btc_vol_breakout_2m,0,0.05,0.25,0.003,0.5,45,0.552466693249657,0.37398373983739835,,2025-02-03 00:36:00+00:00,2025-02-03 01:45:00+00:00,0.25328,0.24305,37901.88375272304,-387.7362707903576,-4.03900821225522,0.0,Long,Closed
2,btc_vol_breakout_2m,0,0.05,0.25,0.003,0.5,45,0.552466693249657,0.37398373983739835,,2025-02-03 01:46:00+00:00,2025-02-03 01:54:00+00:00,0.24193999999999996,0.22831,38877.081017998324,-529.8946142753157,-5.633628172274103,0.0,Long,Closed
2,btc_vol_breakout_2m,0,0.05,0.25,0.003,0.5,45,0.552466693249657,0.37398373983739835,,2025-02-03 01:56:00+00:00,2025-02-03 02:05:00+00:00,0.22798,0.21806,40095.50694954319,-397.7474289394668,-4.351258882358084,0.0,Long,Closed
2,btc_vol_breakout_2m,0,0.05,0.25,0.003,0.5,45,0.552466693249657,0.37398373983739835,,2025-02-03 02:08:00+00:00,2025-02-03 04:25:00+00:00,0.21162,0.22809,42255.45770667764,695.94738842898,7.782818259143741,0.0,Long,Closed
2,btc_vol_breakout_2m,0,0.05,0.25,0.003,0.5,45,0.552466693249657,0.37398373983739835,,2025-02-03 04:28:00+00:00,2025-02-03 14:08:00+00:00,0.22709,0.24342,40909.21508697703,668.0474823703353,7.190981549165534,0.0,Long,Closed
2,btc_vol_breakout_2m,0,0.05,0.25,0.003,0.5,45,0.552466693249657,0.37398373983739835,,2025-02-03 14:15:00+00:00,2025-02-04 05:04:00+00:00,0.24572000000000002,0.27388,39166.92737785601,1102.940674960426,11.460198600032564,0.0,Long,Closed
2,btc_vol_breakout_2m,0,0.05,0.25,0.003,0.5,45,0.552466693249657,0.37398373983739835,,2025-02-04 05:06:00+00:00,2025-02-04 05:34:00+00:00,0.27382,0.2592,37161.521191903405,-543.3014398256291,-5.339273975604425,0.0,Long,Closed
2,btc_vol_breakout_2m,0,0.05,0.25,0.003,0.5,45,0.552466693249657,0.37398373983739835,,2025-02-04 05:46:00+00:00,2025-02-04 20:24:00+00:00,0.26019,0.26148,38064.17238500395,49.10278237665443,0.4957915369537579,0.0,Long,Closed
2,btc_vol_breakout_2m,0,0.05,0.25,0.003,0.5,45,0.552466693249657,0.37398373983739835,,2025-02-04 21:02:00+00:00,2025-02-05 18:13:00+00:00,0.25957,0.25544,38249.67601819357,-157.9711619551399,-1.591092961436226,0.0,Long,Closed
2,btc_vol_breakout_2m,0,0.05,0.25,0.003,0.5,45,0.552466693249657,0.37398373983739835,,2025-02-05 18:14:00+00:00,2025-02-06 15:31:00+00:00,0.25568,0.25037,38522.69564715635,-204.55551388640015,-2.076814768460575,0.0,Long,Closed
2,btc_vol_breakout_2m,0,0.05,0.25,0.003,0.5,45,0.552466693249657,0.37398373983739835,,2025-02-06 19:16:00+00:00,2025-02-07 20:05:00+00:00,0.24821,0.24791,39269.99341735521,-11.780998025205918,-0.12086539623705071,0.0,Long,Closed
2,btc_vol_breakout_2m,0,0.05,0.25,0.003,0.5,45,0.552466693249657,0.37398373983739835,,2025-02-09 21:43:00+00:00,2025-02-14 21:10:00+00:00,0.24328,0.27196,40041.57582665708,1148.392394708524,11.788885235120018,0.0,Long,Closed
2,btc_vol_breakout_2m,0,0.05,0.25,0.003,0.5,45,0.552466693249657,0.37398373983739835,,2025-02-16 23:05:00+00:00,2025-02-18 14:35:00+00:00,0.26604,0.25272,38774.284936338125,-516.4734753520243,-5.0067658998646865,0.0,Long,Closed
2,btc_vol_breakout_2m,0,0.05,0.25,0.003,0.5,45,0.552466693249657,0.37398373983739835,,2025-02-18 14:41:00+00:00,2025-02-21 17:39:00+00:00,0.25126,0.24664,40027.35822171211,-184.9263949843098,-1.838732786754755,0.0,Long,Closed
2,btc_vol_breakout_2m,0,0.05,0.25,0.003,0.5,45,0.552466693249657,0.37398373983739835,,2025-02-21 19:17:00+00:00,2025-02-24 14:42:00+00:00,0.24354,0.22694,40916.52635827883,-679.2143375474297,-6.816128767348291,0.0,Long,Closed
2,btc_vol_breakout_2m,0,0.05,0.25,0.003,0.5,45,0.552466693249657,0.37398373983739835,,2025-02-24 14:57:00+00:00,2025-02-24 22:01:00+00:00,0.22448,0.21536,42877.778245373804,-391.04533759781043,-4.062722736992173,0.0,Long,Closed
2,btc_vol_breakout_2m,0,0.05,0.25,0.003,0.5,45,0.552466693249657,0.37398373983739835,,2025-02-24 22:03:00+00:00,2025-02-25 07:24:00+00:00,0.21325,0.20233,44218.90265755033,-482.87041702044917,-5.120750293083232,0.0,Long,Closed
2,btc_vol_breakout_2m,0,0.05,0.25,0.003,0.5,45,0.552466693249657,0.37398373983739835,,2025-02-25 07:26:00+00:00,2025-02-25 10:22:00+00:00,0.1988,0.19607,46218.54015700394,-126.17661462862088,-1.3732394366197196,0.0,Long,Closed
2,btc_vol_breakout_2m,0,0.05,0.25,0.003,0.5,45,0.552466693249657,0.37398373983739835,,2025-02-25 10:26:00+00:00,2025-02-26 14:02:00+00:00,0.19787,0.20341,46116.93271288257,255.48780722937045,2.79981806236419,0.0,Long,Closed
2,btc_vol_breakout_2m,0,0.05,0.25,0.003,0.5,45,0.552466693249657,0.37398373983739835,,2025-02-26 14:21:00+00:00,2025-02-26 17:52:00+00:00,0.20273,0.20208,45641.50041687347,-29.66697527096767,-0.32062348937009727,0.0,Long,Closed
2,btc_vol_breakout_2m,0,0.05,0.25,0.003,0.5,45,0.552466693249657,0.37398373983739835,,2025-02-26 17:58:00+00:00,2025-02-28 01:30:00+00:00,0.20135,0.20046,45880.6451049281,-40.83377414338611,-0.4420163893717418,0.0,Long,Closed
2,btc_vol_breakout_2m,0,0.05,0.25,0.003,0.5,45,0.552466693249657,0.37398373983739835,,2025-02-28 01:31:00+00:00,2025-02-28 03:49:00+00:00,0.20010999999999998,0.18994,46062.920417798116,-468.45990064900616,-5.082204787366941,0.0,Long,Closed
2,btc_vol_breakout_2m,0,0.05,0.25,0.003,0.5,45,0.552466693249657,0.37398373983739835,,2025-02-28 04:05:00+00:00,2025-03-02 23:03:00+00:00,0.1882,0.23798,47733.37435962315,2376.167375622039,26.450584484590838,0.0,Long,Closed
2,btc_vol_breakout_2m,0,0.05,0.25,0.003,0.5,45,0.552466693249657,0.37398373983739835,,2025-03-02 23:32:00+00:00,2025-03-03 02:35:00+00:00,0.23927,0.22867,42510.57275167007,-450.6120711677013,-4.430141680946197,0.0,Long,Closed
2,btc_vol_breakout_2m,0,0.05,0.25,0.003,0.5,45,0.552466693249657,0.37398373983739835,,2025-03-03 02:37:00+00:00,2025-03-03 08:51:00+00:00,0.2286,0.2175,43509.180694261806,-482.9519057063062,-4.855643044619424,0.0,Long,Closed
2,btc_vol_breakout_2m,0,0.05,0.25,0.003,0.5,45,0.552466693249657,0.37398373983739835,,2025-03-03 09:12:00+00:00,2025-03-03 14:59:00+00:00,0.21858000000000002,0.21286,44398.951202557844,-253.96200087863144,-2.616890840882063,0.0,Long,Closed
2,btc_vol_breakout_2m,0,0.05,0.25,0.003,0.5,45,0.552466693249657,0.37398373983739835,,2025-03-03 15:00:00+00:00,2025-03-03 18:38:00+00:00,0.21381,0.20742,44795.57435768102,-286.2437201455832,-2.988634769187612,0.0,Long,Closed
2,btc_vol_breakout_2m,0,0.05,0.25,0.003,0.5,45,0.552466693249657,0.37398373983739835,,2025-03-03 18:40:00+00:00,2025-03-03 20:39:00+00:00,0.20717,0.19634,45540.47349202581,-493.20332791863984,-5.227590867403585,0.0,Long,Closed
2,btc_vol_breakout_2m,0,0.05,0.25,0.003,0.5,45,0.552466693249657,0.37398373983739835,,2025-03-03 21:47:00+00:00,2025-03-04 01:41:00+00:00,0.19645,0.19069,46770.26332086367,-269.3967167281753,-2.9320437770425105,0.0,Long,Closed
2,btc_vol_breakout_2m,0,0.05,0.25,0.003,0.5,45,0.552466693249657,0.37398373983739835,,2025-03-04 01:42:00+00:00,2025-03-04 15:21:00+00:00,0.19067,0.18842,47481.6167777814,-106.83363775000907,-1.1800492998374257,0.0,Long,Closed
2,btc_vol_breakout_2m,0,0.05,0.25,0.003,0.5,45,0.552466693249657,0.37398373983739835,,2025-03-04 15:41:00+00:00,2025-03-04 16:35:00+00:00,0.19282,0.18361,46675.15326285953,-429.87816155093606,-4.77647546934965,0.0,Long,Closed
2,btc_vol_breakout_2m,0,0.05,0.25,0.003,0.5,45,0.552466693249657,0.37398373983739835,,2025-03-04 16:49:00+00:00,2025-03-06 14:32:00+00:00,0.18906,0.20447,46466.539571401176,716.0493747952914,8.150851581508507,0.0,Long,Closed
2,btc_vol_breakout_2m,0,0.05,0.25,0.003,0.5,45,0.552466693249657,0.37398373983739835,,2025-03-06 14:34:00+00:00,2025-03-07 00:20:00+00:00,0.20417,0.19643,44781.254144912346,-346.6069070816211,-3.7909585149630165,0.0,Long,Closed
2,btc_vol_breakout_2m,0,0.05,0.25,0.003,0.5,45,0.552466693249657,0.37398373983739835,,2025-03-07 00:21:00+00:00,2025-03-07 23:13:00+00:00,0.19613,0.19655,45733.36667121777,19.20801400191158,0.2141436802121055,0.0,Long,Closed
2,btc_vol_breakout_2m,0,0.05,0.25,0.003,0.5,45,0.552466693249657,0.37398373983739835,,2025-03-08 01:33:00+00:00,2025-03-09 10:50:00+00:00,0.19555,0.18392,45918.124327419566,-534.0277859278904,-5.947328049092312,0.0,Long,Closed
2,btc_vol_breakout_2m,0,0.05,0.25,0.003,0.5,45,0.552466693249657,0.37398373983739835,,2025-03-09 12:07:00+00:00,2025-03-09 16:32:00+00:00,0.18434,0.17347,47261.99044842656,-513.7378361743959,-5.896712596289456,0.0,Long,Closed
2,btc_vol_breakout_2m,0,0.05,0.25,0.003,0.5,45,0.552466693249657,0.37398373983739835,,2025-03-09 16:39:00+00:00,2025-03-10 14:01:00+00:00,0.17246,0.17041,49028.21756451209,-100.5078460072491,-1.1886814333758473,0.0,Long,Closed
2,btc_vol_breakout_2m,0,0.05,0.25,0.003,0.5,45,0.552466693249657,0.37398373983739835,,2025-03-10 14:04:00+00:00,2025-03-10 17:03:00+00:00,0.16951,0.16105,49584.99485677618,-419.48905648832715,-4.990855996696367,0.0,Long,Closed
2,btc_vol_breakout_2m,0,0.05,0.25,0.003,0.5,45,0.552466693249657,0.37398373983739835,,2025-03-10 17:11:00+00:00,2025-03-10 18:58:00+00:00,0.15951,0.15307,51378.6467928529,-330.8784853459729,-4.037364428562475,0.0,Long,Closed
2,btc_vol_breakout_2m,0,0.05,0.25,0.003,0.5,45,0.552466693249657,0.37398373983739835,,2025-03-10 19:16:00+00:00,2025-03-11 00:29:00+00:00,0.15605,0.15046,51457.66553832093,-287.6483503592126,-3.5821851970522096,0.0,Long,Closed
2,btc_vol_breakout_2m,0,0.05,0.25,0.003,0.5,45,0.552466693249657,0.37398373983739835,,2025-03-11 00:30:00+00:00,2025-03-11 00:51:00+00:00,0.15128,0.14311,52129.458831804426,-425.89767865584327,-5.400581702802764,0.0,Long,Closed
2,btc_vol_breakout_2m,0,0.05,0.25,0.003,0.5,45,0.552466693249657,0.37398373983739835,,2025-03-11 01:00:00+00:00,2025-03-11 14:37:00+00:00,0.14703,0.15408,52187.959550754626,367.9251148328203,4.794939808202411,0.0,Long,Closed
2,btc_vol_breakout_2m,0,0.05,0.25,0.003,0.5,45,0.552466693249657,0.37398373983739835,,2025-03-11 15:08:00+00:00,2025-03-12 15:02:00+00:00,0.1578,0.16375,49791.877377464276,296.2616703959129,3.7705956907477884,0.0,Long,Closed
2,btc_vol_breakout_2m,0,0.05,0.25,0.003,0.5,45,0.552466693249657,0.37398373983739835,,2025-03-12 15:08:00+00:00,2025-03-13 18:03:00+00:00,0.16248,0.16388,49269.38137224162,68.97713392113747,0.8616445100935397,0.0,Long,Closed
2,btc_vol_breakout_2m,0,0.05,0.25,0.003,0.5,45,0.552466693249657,0.37398373983739835,,2025-03-13 18:05:00+00:00,2025-03-18 13:35:00+00:00,0.164,0.16526,49023.03446538041,61.769023426378226,0.7682926829268155,0.0,Long,Closed
2,btc_vol_breakout_2m,0,0.05,0.25,0.003,0.5,45,0.552466693249657,0.37398373983739835,,2025-03-18 13:38:00+00:00,2025-03-20 15:56:00+00:00,0.16508,0.16986,48889.40007290754,233.6913323484987,2.8955657862854456,0.0,Long,Closed
2,btc_vol_breakout_2m,0,0.05,0.25,0.003,0.5,45,0.552466693249657,0.37398373983739835,,2025-03-20 16:34:00+00:00,2025-03-27 13:37:00+00:00,0.16798,0.18963,48740.96815221947,1055.2419604955521,12.888439099892851,0.0,Long,Closed
2,btc_vol_breakout_2m,0,0.05,0.25,0.003,0.5,45,0.552466693249657,0.37398373983739835,,2025-03-27 14:00:00+00:00,2025-03-28 04:40:00+00:00,0.19184000000000004,0.18457,45429.15351572978,-330.2699460593558,-3.7896163469557993,0.0,Long,Closed
2,btc_vol_breakout_2m,0,0.05,0.25,0.003,0.5,45,0.552466693249657,0.37398373983739835,,2025-03-28 12:39:00+00:00,2025-03-29 11:20:00+00:00,0.18055,0.17065,47355.269107881046,-468.8171641680228,-5.483245638327339,0.0,Long,Closed
2,btc_vol_breakout_2m,0,0.05,0.25,0.003,0.5,45,0.552466693249657,0.37398373983739835,,2025-03-29 11:22:00+00:00,2025-03-31 13:45:00+00:00,0.17051,0.16106,48768.90068232896,-460.86611144800827,-5.542196938595971,0.0,Long,Closed
2,btc_vol_breakout_2m,0,0.05,0.25,0.003,0.5,45,0.552466693249657,0.37398373983739835,,2025-03-31 13:52:00+00:00,2025-04-02 21:09:00+00:00,0.16235,0.16992,49800.752692454,376.99169788187646,4.662765629812131,0.0,Long,Closed
2,btc_vol_breakout_2m,0,0.05,0.25,0.003,0.5,45,0.552466693249657,0.37398373983739835,,2025-04-02 21:18:00+00:00,2025-04-03 12:44:00+00:00,0.16868,0.15815,49049.37187906595,-516.4898858865645,-6.24258951861513,0.0,Long,Closed
2,btc_vol_breakout_2m,0,0.05,0.25,0.003,0.5,45,0.552466693249657,0.37398373983739835,,2025-04-03 12:48:00+00:00,2025-04-06 17:33:00+00:00,0.15616,0.15857,51328.14488740755,123.70082917865238,1.543288934426232,0.0,Long,Closed
2,btc_vol_breakout_2m,0,0.05,0.25,0.003,0.5,45,0.552466693249657,0.37398373983739835,,2025-04-06 17:45:00+00:00,2025-04-06 20:36:00+00:00,0.15718,0.14908,51388.55783310147,-416.2473184481214,-5.153327395342913,0.0,Long,Closed
2,btc_vol_breakout_2m,0,0.05,0.25,0.003,0.5,45,0.552466693249657,0.37398373983739835,,2025-04-06 20:37:00+00:00,2025-04-07 03:35:00+00:00,0.15041,0.14384,52317.86357943507,-343.72836371688754,-4.368060634266328,0.0,Long,Closed
2,btc_vol_breakout_2m,0,0.05,0.25,0.003,0.5,45,0.552466693249657,0.37398373983739835,,2025-04-07 03:38:00+00:00,2025-04-07 06:29:00+00:00,0.14247,0.1357,54027.2736655042,-365.764642715465,-4.751877588264216,0.0,Long,Closed
2,btc_vol_breakout_2m,0,0.05,0.25,0.003,0.5,45,0.552466693249657,0.37398373983739835,,2025-04-07 06:46:00+00:00,2025-04-07 16:21:00+00:00,0.13169,0.14446,57061.153905130624,728.6709353685183,9.697015718733391,0.0,Long,Closed
2,btc_vol_breakout_2m,0,0.05,0.25,0.003,0.5,45,0.552466693249657,0.37398373983739835,,2025-04-07 16:32:00+00:00,2025-04-08 16:38:00+00:00,0.1468,0.14763,53669.746767376775,44.54588981692268,0.5653950953678468,0.0,Long,Closed
2,btc_vol_breakout_2m,0,0.05,0.25,0.003,0.5,45,0.552466693249657,0.37398373983739835,,2025-04-08 16:41:00+00:00,2025-04-09 01:10:00+00:00,0.14736,0.1396,53616.93655238445,-416.06742764650335,-5.266015200868622,0.0,Long,Closed
2,btc_vol_breakout_2m,0,0.05,0.25,0.003,0.5,45,0.552466693249657,0.37398373983739835,,2025-04-09 01:12:00+00:00,2025-04-10 03:15:00+00:00,0.13924,0.1547,55249.62695013014,854.1592326490118,11.103131284113758,0.0,Long,Closed
2,btc_vol_breakout_2m,0,0.05,0.25,0.003,0.5,45,0.552466693249657,0.37398373983739835,,2025-04-10 03:17:00+00:00,2025-04-10 15:37:00+00:00,0.15468,0.15005,52495.71808159185,-243.05517471777148,-2.993276441686076,0.0,Long,Closed
2,btc_vol_breakout_2m,0,0.05,0.25,0.003,0.5,45,0.552466693249657,0.37398373983739835,,2025-04-10 15:40:00+00:00,2025-04-14 15:49:00+00:00,0.15031,0.15996,53213.42615595597,513.5095624049745,6.420065198589573,0.0,Long,Closed
2,btc_vol_breakout_2m,0,0.05,0.25,0.003,0.5,45,0.552466693249657,0.37398373983739835,,2025-04-14 16:18:00+00:00,2025-04-16 08:27:00+00:00,0.16032,0.15304,51492.42057574993,-374.8648217914588,-4.540918163672647,0.0,Long,Closed
2,btc_vol_breakout_2m,0,0.05,0.25,0.003,0.5,45,0.552466693249657,0.37398373983739835,,2025-04-16 08:28:00+00:00,2025-04-24 08:48:00+00:00,0.15324,0.17014,52648.34544380383,889.7570380002853,11.028452101279047,0.0,Long,Closed
2,btc_vol_breakout_2m,0,0.05,0.25,0.003,0.5,45,0.552466693249657,0.37398373983739835,,2025-04-24 14:02:00+00:00,2025-04-29 22:09:00+00:00,0.17531,0.17456,48558.045603836865,-36.41853420287771,-0.4278135873595353,0.0,Long,Closed
2,btc_vol_breakout_2m,0,0.05,0.25,0.003,0.5,45,0.552466693249657,0.37398373983739835,,2025-04-30 13:41:00+00:00,2025-05-04 22:03:00+00:00,0.1689,0.17122,50293.08293491534,116.67995240900564,1.3735938425103853,0.0,Long,Closed
2,btc_vol_breakout_2m,0,0.05,0.25,0.003,0.5,45,0.552466693249657,0.37398373983739835,,2025-05-04 22:04:00+00:00,2025-05-10 23:15:00+00:00,0.17118,0.24767,49964.02432475583,3821.7482206005734,44.68395840635588,0.0,Long,Closed
2,btc_vol_breakout_2m,0,0.05,0.25,0.003,0.5,45,0.552466693249657,0.37398373983739835,,2025-05-10 23:16:00+00:00,2025-05-11 02:53:00+00:00,0.24938999999999997,0.23586,41957.23883961663,-567.6814415000135,-5.42523757969446,0.0,Long,Closed
2,btc_vol_breakout_2m,0,0.05,0.25,0.003,0.5,45,0.552466693249657,0.37398373983739835,,2025-05-11 02:54:00+00:00,2025-05-12 14:28:00+00:00,0.23631,0.23446,43078.477734594315,-79.69518380899899,-0.782869958952219,0.0,Long,Closed
2,btc_vol_breakout_2m,0,0.05,0.25,0.003,0.5,45,0.552466693249657,0.37398373983739835,,2025-05-12 14:31:00+00:00,2025-05-12 18:29:00+00:00,0.23436,0.22549,43266.88633537072,-383.7772817947389,-3.7847755589691126,0.0,Long,Closed
2,btc_vol_breakout_2m,0,0.05,0.25,0.003,0.5,45,0.552466693249657,0.37398373983739835,,2025-05-12 18:32:00+00:00,2025-05-15 13:39:00+00:00,0.22435,0.22311,44342.049657499956,-54.98414157529987,-0.5527078225986175,0.0,Long,Closed
2,btc_vol_breakout_2m,0,0.05,0.25,0.003,0.5,45,0.552466693249657,0.37398373983739835,,2025-05-15 13:51:00+00:00,2025-05-19 02:14:00+00:00,0.22171,0.22226,44746.05010992948,24.610327560461883,0.24807180551171126,0.0,Long,Closed
2,btc_vol_breakout_2m,0,0.05,0.25,0.003,0.5,45,0.552466693249657,0.37398373983739835,,2025-05-19 04:06:00+00:00,2025-05-23 12:13:00+00:00,0.21868,0.23063,45422.315409057504,542.7966691382371,5.4646058167184925,0.0,Long,Closed
2,btc_vol_breakout_2m,0,0.05,0.25,0.003,0.5,45,0.552466693249657,0.37398373983739835,,2025-05-23 12:15:00+00:00,2025-05-23 23:42:00+00:00,0.22936,0.22382,44490.54006026252,-246.47759193385536,-2.415416811998614,0.0,Long,Closed
2,btc_vol_breakout_2m,0,0.05,0.25,0.003,0.5,45,0.552466693249657,0.37398373983739835,,2025-05-23 23:48:00+00:00,2025-05-29 14:34:00+00:00,0.22348,0.21853,45109.6808316399,-223.2929201166171,-2.2149633076785356,0.0,Long,Closed
2,btc_vol_breakout_2m,0,0.05,0.25,0.003,0.5,45,0.552466693249657,0.37398373983739835,,2025-05-29 14:40:00+00:00,2025-05-30 00:53:00+00:00,0.21986,0.20913,45344.605713620374,-486.5476193071463,-4.880378422632582,0.0,Long,Closed
2,btc_vol_breakout_2m,0,0.05,0.25,0.003,0.5,45,0.552466693249657,0.37398373983739835,,2025-05-30 00:59:00+00:00,2025-05-30 16:32:00+00:00,0.20378,0.19509,47728.88017736286,-414.76396874128295,-4.264402787319656,0.0,Long,Closed
2,btc_vol_breakout_2m,0,0.05,0.25,0.003,0.5,45,0.552466693249657,0.37398373983739835,,2025-05-30 16:35:00+00:00,2025-06-05 16:59:00+00:00,0.19532,0.18106,48734.43179486157,-694.9529973947265,-7.300839647757532,0.0,Long,Closed
2,btc_vol_breakout_2m,0,0.05,0.25,0.003,0.5,45,0.552466693249657,0.37398373983739835,,2025-06-05 18:14:00+00:00,2025-06-05 20:21:00+00:00,0.17838,0.17054,51414.57965845385,-403.09030452227853,-4.395111559591887,0.0,Long,Closed
2,btc_vol_breakout_2m,0,0.05,0.25,0.003,0.5,45,0.552466693249657,0.37398373983739835,,2025-06-05 20:43:00+00:00,2025-06-12 03:20:00+00:00,0.16855,0.19061,53217.36913209052,1173.9751630539158,13.088104420053384,0.0,Long,Closed
2,btc_vol_breakout_2m,0,0.05,0.25,0.003,0.5,45,0.552466693249657,0.37398373983739835,,2025-06-12 03:21:00+00:00,2025-06-13 00:01:00+00:00,0.19042,0.18085,50187.87495400072,-480.2979633097857,-5.025732591114367,0.0,Long,Closed
2,btc_vol_breakout_2m,0,0.05,0.25,0.003,0.5,45,0.552466693249657,0.37398373983739835,,2025-06-13 00:02:00+00:00,2025-06-13 02:43:00+00:00,0.17955,0.17044,51888.75615196839,-472.70656854443223,-5.073795600111392,0.0,Long,Closed
2,btc_vol_breakout_2m,0,0.05,0.25,0.003,0.5,45,0.552466693249657,0.37398373983739835,,2025-06-13 02:44:00+00:00,2025-06-17 00:09:00+00:00,0.17047,0.16963,53266.10478567318,-44.74352801996611,-0.4927553235173414,0.0,Long,Closed
2,btc_vol_breakout_2m,0,0.05,0.25,0.003,0.5,45,0.552466693249657,0.37398373983739835,,2025-06-17 16:49:00+00:00,2025-06-20 17:20:00+00:00,0.16597,0.15947,54575.53243841493,-354.7409608496964,-3.916370428390666,0.0,Long,Closed
2,btc_vol_breakout_2m,0,0.05,0.25,0.003,0.5,45,0.552466693249657,0.37398373983739835,,2025-06-20 17:21:00+00:00,2025-06-21 21:31:00+00:00,0.15974,0.1504,55593.656181162376,-519.2447487320551,-5.847001377237995,0.0,Long,Closed
2,btc_vol_breakout_2m,0,0.05,0.25,0.003,0.5,45,0.552466693249657,0.37398373983739835,,2025-06-21 21:32:00+00:00,2025-06-22 13:28:00+00:00,0.15227,0.1491,56615.9339594986,-179.4725106516089,-2.081828331253675,0.0,Long,Closed
2,btc_vol_breakout_2m,0,0.05,0.25,0.003,0.5,45,0.552466693249657,0.37398373983739835,,2025-06-22 13:30:00+00:00,2025-06-26 15:32:00+00:00,0.14819,0.15903,57569.147774391306,624.0495618744026,7.314933531277425,0.0,Long,Closed
2,btc_vol_breakout_2m,0,0.05,0.25,0.003,0.5,45,0.552466693249657,0.37398373983739835,,2025-06-26 15:33:00+00:00,2025-07-11 05:48:00+00:00,0.15883,0.20098,55677.1188668655,2346.79056023838,26.537807718944773,0.0,Long,Closed
2,btc_vol_breakout_2m,0,0.05,0.25,0.003,0.5,45,0.552466693249657,0.37398373983739835,,2025-07-11 09:36:00+00:00,2025-07-15 01:22:00+00:00,0.19983,0.19297,50125.56708073581,-343.8613901738481,-3.4329179802832455,0.0,Long,Closed
2,btc_vol_breakout_2m,0,0.05,0.25,0.003,0.5,45,0.552466693249657,0.37398373983739835,,2025-07-15 02:00:00+00:00,2025-07-18 14:17:00+00:00,0.19365,0.24715,50837.39413713665,2719.8005863368107,27.627162406403304,0.0,Long,Closed
2,btc_vol_breakout_2m,0,0.05,0.25,0.003,0.5,45,0.552466693249657,0.37398373983739835,,2025-07-18 14:19:00+00:00,2025-07-18 20:49:00+00:00,0.24612,0.23203,45524.79143436095,-641.4443113101461,-5.724849666829192,0.0,Long,Closed
2,btc_vol_breakout_2m,0,0.05,0.25,0.003,0.5,45,0.552466693249657,0.37398373983739835,,2025-07-20 22:10:00+00:00,2025-07-22 01:17:00+00:00,0.26932,0.26411,40412.29582715671,-210.54806125948562,-1.934501708005339,0.0,Long,Closed
2,btc_vol_breakout_2m,0,0.05,0.25,0.003,0.5,45,0.552466693249657,0.37398373983739835,,2025-07-22 01:24:00+00:00,2025-07-23 20:34:00+00:00,0.26841,0.23503,40157.0935566488,-1340.4437829209364,-12.436198353265523,0.0,Long,Closed
2,btc_vol_breakout_2m,0,0.05,0.25,0.003,0.5,45,0.552466693249657,0.37398373983739835,,2025-07-23 20:35:00+00:00,2025-07-25 03:33:00+00:00,0.23444,0.22268,43116.974876640656,-507.0556245492953,-5.01620883808225,0.0,Long,Closed
2,btc_vol_breakout_2m,0,0.05,0.25,0.003,0.5,45,0.552466693249657,0.37398373983739835,,2025-07-25 03:35:00+00:00,2025-07-29 00:34:00+00:00,0.22243000000000002,0.2255,44305.24559549066,136.01710397815623,1.3802095041136526,0.0,Long,Closed
2,btc_vol_breakout_2m,0,0.05,0.25,0.003,0.5,45,0.552466693249657,0.37398373983739835,,2025-07-29 00:40:00+00:00,2025-07-30 19:04:00+00:00,0.22401,0.21265,44296.34538544738,-503.2064835786805,-5.071202178474158,0.0,Long,Closed
2,btc_vol_breakout_2m,0,0.05,0.25,0.003,0.5,45,0.552466693249657,0.37398373983739835,,2025-07-30 19:07:00+00:00,2025-08-01 00:50:00+00:00,0.21075,0.20438,45889.542529085295,-292.3163859102733,-3.0225385527876627,0.0,Long,Closed
2,btc_vol_breakout_2m,0,0.05,0.25,0.003,0.5,45,0.552466693249657,0.37398373983739835,,2025-08-01 00:51:00+00:00,2025-08-01 22:27:00+00:00,0.20398,0.19836,46696.06282502985,-262.4318730766681,-2.7551720756936993,0.0,Long,Closed
2,btc_vol_breakout_2m,0,0.05,0.25,0.003,0.5,45,0.552466693249657,0.37398373983739835,,2025-08-02 17:52:00+00:00,2025-08-11 12:44:00+00:00,0.19184,0.22704,48967.092152373094,1723.6416437635326,18.348623853211006,0.0,Long,Closed
2,btc_vol_breakout_2m,0,0.05,0.25,0.003,0.5,45,0.552466693249657,0.37398373983739835,,2025-08-12 12:30:00+00:00,2025-08-14 12:30:00+00:00,0.22567000000000004,0.23382,45445.41933085045,370.3801675464292,3.611468072849717,0.0,Long,Closed
2,btc_vol_breakout_2m,0,0.05,0.25,0.003,0.5,45,0.552466693249657,0.37398373983739835,,2025-08-14 12:31:00+00:00,2025-08-14 12:34:00+00:00,0.23228000000000001,0.22042,44949.448356148765,-533.1004575039242,-5.105906664370585,0.0,Long,Closed
2,btc_vol_breakout_2m,0,0.05,0.25,0.003,0.5,45,0.552466693249657,0.37398373983739835,,2025-08-14 12:35:00+00:00,2025-08-20 11:53:00+00:00,0.22404,0.2134,45412.90678188838,-483.1933281592919,-4.749151937154076,0.0,Long,Closed
2,btc_vol_breakout_2m,0,0.05,0.25,0.003,0.5,45,0.552466693249657,0.37398373983739835,,2025-08-20 13:52:00+00:00,2025-08-25 00:42:00+00:00,0.2098,0.2256,47343.71292342529,748.0306641901207,7.530981887511927,0.0,Long,Closed
2,btc_vol_breakout_2m,0,0.05,0.25,0.003,0.5,45,0.552466693249657,0.37398373983739835,,2025-08-25 00:43:00+00:00,2025-08-25 19:35:00+00:00,0.22561999999999996,0.21498,45681.7937391618,-486.05428538468004,-4.715893981030036,0.0,Long,Closed
2,btc_vol_breakout_2m,0,0.05,0.25,0.003,0.5,45,0.552466693249657,0.37398373983739835,,2025-08-25 19:36:00+00:00,2025-08-29 20:08:00+00:00,0.2154,0.21075,46720.98031911488,-217.25255848388406,-2.1587743732590514,0.0,Long,Closed
2,btc_vol_breakout_2m,0,0.05,0.25,0.003,0.5,45,0.552466693249657,0.37398373983739835,,2025-08-29 21:35:00+00:00,2025-09-01 20:44:00+00:00,0.21223,0.2072,46907.00127925083,-235.94221643463243,-2.3700702068510653,0.0,Long,Closed
2,btc_vol_breakout_2m,0,0.05,0.25,0.003,0.5,45,0.552466693249657,0.37398373983739835,,2025-09-01 23:45:00+00:00,2025-09-04 23:05:00+00:00,0.2105,0.21431,46732.07493243747,178.04920549258713,1.8099762470308824,0.0,Long,Open
3,btc_small_down_9m,0,0.05,0.25,0.0125,0.5,90,0.4778374964116939,0.3403361344537815,,2024-08-01 15:01:00+00:00,2024-08-02 15:00:00+00:00,0.11582999999999999,0.11336,43166.7098333765,-106.62177328843973,-2.1324354657687947,0.0,Long,Closed
3,btc_small_down_9m,0,0.05,0.25,0.0125,0.5,90,0.4778374964116939,0.3403361344537815,,2024-08-02 15:01:00+00:00,2024-08-03 18:33:00+00:00,0.11364999999999999,0.10654,43525.641120596396,-309.46730836744064,-6.256049274087115,0.0,Long,Closed
3,btc_small_down_9m,0,0.05,0.25,0.0125,0.5,90,0.4778374964116939,0.3403361344537815,,2024-08-03 18:34:00+00:00,2024-08-04 17:02:00+00:00,0.10698000000000002,0.10143,44793.0029834741,-248.60116655828188,-5.187885586090871,0.0,Long,Closed
3,btc_small_down_9m,0,0.05,0.25,0.0125,0.5,90,0.4778374964116939,0.3403361344537815,,2024-08-04 17:10:00+00:00,2024-08-05 00:38:00+00:00,0.10003,0.10047,46662.54999393101,20.531521997329946,0.4398680395881301,0.0,Long,Closed
3,btc_small_down_9m,0,0.05,0.25,0.0125,0.5,90,0.4778374964116939,0.3403361344537815,,2024-08-05 00:41:00+00:00,2024-08-05 01:07:00+00:00,0.10034,0.09526,46620.69600250731,-236.83313569273741,-5.062786525812244,0.0,Long,Closed
3,btc_small_down_9m,0,0.05,0.25,0.0125,0.5,90,0.4778374964116939,0.3403361344537815,,2024-08-05 01:24:00+00:00,2024-08-05 02:16:00+00:00,0.0936,0.09057,48712.65031031213,-147.59933044024547,-3.237179487179481,0.0,Long,Closed
3,btc_small_down_9m,0,0.05,0.25,0.0125,0.5,90,0.4778374964116939,0.3403361344537815,,2024-08-05 02:19:00+00:00,2024-08-05 05:12:00+00:00,0.0906,0.08845,49511.0861349348,-106.4488351901091,-2.3730684326710656,0.0,Long,Closed
3,btc_small_down_9m,0,0.05,0.25,0.0125,0.5,90,0.4778374964116939,0.3403361344537815,,2024-08-05 05:14:00+00:00,2024-08-05 06:21:00+00:00,0.09018,0.08686,49151.474675427344,-163.18289592241854,-3.681525837214455,0.0,Long,Closed
3,btc_small_down_9m,0,0.05,0.25,0.0125,0.5,90,0.4778374964116939,0.3403361344537815,,2024-08-05 06:44:00+00:00,2024-08-05 10:09:00+00:00,0.08327,0.08545,52250.372742510255,113.90581257867234,2.6179896721508342,0.0,Long,Closed
3,btc_small_down_9m,0,0.05,0.25,0.0125,0.5,90,0.4778374964116939,0.3403361344537815,,2024-08-05 10:10:00+00:00,2024-08-05 11:26:00+00:00,0.08579,0.08119,51379.431688520395,-236.34538576719387,-5.361930294906168,0.0,Long,Closed
3,btc_small_down_9m,0,0.05,0.25,0.0125,0.5,90,0.4778374964116939,0.3403361344537815,,2024-08-05 11:28:00+00:00,2024-08-05 18:53:00+00:00,0.08118,0.0934,52841.44803738073,645.722495016792,15.052968711505283,0.0,Long,Closed
3,btc_small_down_9m,0,0.05,0.25,0.0125,0.5,90,0.4778374964116939,0.3403361344537815,,2024-08-05 18:54:00+00:00,2024-08-06 12:45:00+00:00,0.09345,0.09501,49358.266443905435,76.99889565249214,1.6693418940609877,0.0,Long,Closed
3,btc_small_down_9m,0,0.05,0.25,0.0125,0.5,90,0.4778374964116939,0.3403361344537815,,2024-08-06 12:46:00+00:00,2024-08-07 14:36:00+00:00,0.09494,0.09625,48989.145218129444,64.1757802357497,1.3798188329471273,0.0,Long,Closed
3,btc_small_down_9m,0,0.05,0.25,0.0125,0.5,90,0.4778374964116939,0.3403361344537815,,2024-08-07 14:38:00+00:00,2024-08-08 00:45:00+00:00,0.09605,0.09389,48757.07795030801,-105.31528837266524,-2.248828735033835,0.0,Long,Closed
3,btc_small_down_9m,0,0.05,0.25,0.0125,0.5,90,0.4778374964116939,0.3403361344537815,,2024-08-08 01:53:00+00:00,2024-08-09 13:37:00+00:00,0.09895,0.10237,46795.954451144535,160.04216422291483,3.4562910560889457,0.0,Long,Closed
3,btc_small_down_9m,0,0.05,0.25,0.0125,0.5,90,0.4778374964116939,0.3403361344537815,,2024-08-09 13:38:00+00:00,2024-08-11 15:09:00+00:00,0.10256,0.10418,45929.02471774774,74.40502004275095,1.5795631825272927,0.0,Long,Closed
3,btc_small_down_9m,0,0.05,0.25,0.0125,0.5,90,0.4778374964116939,0.3403361344537815,,2024-08-11 19:23:00+00:00,2024-08-13 10:23:00+00:00,0.10328000000000001,0.10349,45969.048073911545,9.65350009552094,0.20333075135552814,0.0,Long,Closed
3,btc_small_down_9m,0,0.05,0.25,0.0125,0.5,90,0.4778374964116939,0.3403361344537815,,2024-08-13 14:32:00+00:00,2024-08-14 14:11:00+00:00,0.1043,0.1016,45565.77214881443,-123.0275848017991,-2.5886864813039336,0.0,Long,Closed
3,btc_small_down_9m,0,0.05,0.25,0.0125,0.5,90,0.4778374964116939,0.3403361344537815,,2024-08-14 14:12:00+00:00,2024-08-15 18:12:00+00:00,0.10182,0.0994,46071.46182204327,-111.49293760934415,-2.376743272441552,0.0,Long,Closed
3,btc_small_down_9m,0,0.05,0.25,0.0125,0.5,90,0.4778374964116939,0.3403361344537815,,2024-08-15 18:14:00+00:00,2024-08-26 06:50:00+00:00,0.09963000000000001,0.10841,46524.6389030992,408.4863295692112,8.81260664458497,0.0,Long,Closed
3,btc_small_down_9m,0,0.05,0.25,0.0125,0.5,90,0.4778374964116939,0.3403361344537815,,2024-08-26 09:32:00+00:00,2024-08-27 14:12:00+00:00,0.10851,0.10367,44599.511000832914,-215.8616332440315,-4.460418394618012,0.0,Long,Closed
3,btc_small_down_9m,0,0.05,0.25,0.0125,0.5,90,0.4778374964116939,0.3403361344537815,,2024-08-27 14:13:00+00:00,2024-08-27 22:14:00+00:00,0.10324,0.09752,45830.70633551301,-262.1516402391353,-5.540488182874873,0.0,Long,Closed
3,btc_small_down_9m,0,0.05,0.25,0.0125,0.5,90,0.4778374964116939,0.3403361344537815,,2024-08-27 22:19:00+00:00,2024-09-01 22:18:00+00:00,0.09864,0.09681,46639.155534862075,-85.34965462879882,-1.8552311435523376,0.0,Long,Closed
3,btc_small_down_9m,0,0.05,0.25,0.0125,0.5,90,0.4778374964116939,0.3403361344537815,,2024-09-01 22:19:00+00:00,2024-09-04 01:00:00+00:00,0.09689,0.09509,47041.0927303581,-84.67396691464455,-1.8577768603571057,0.0,Long,Closed
3,btc_small_down_9m,0,0.05,0.25,0.0125,0.5,90,0.4778374964116939,0.3403361344537815,,2024-09-04 01:10:00+00:00,2024-09-06 14:06:00+00:00,0.09313,0.09431,48485.71342410688,57.21314184044604,1.2670460646408228,0.0,Long,Closed
3,btc_small_down_9m,0,0.05,0.25,0.0125,0.5,90,0.4778374964116939,0.3403361344537815,,2024-09-06 14:07:00+00:00,2024-09-06 20:36:00+00:00,0.09466,0.09014,48004.23686992708,-216.97915065206962,-4.774984153813632,0.0,Long,Closed
3,btc_small_down_9m,0,0.05,0.25,0.0125,0.5,90,0.4778374964116939,0.3403361344537815,,2024-09-06 20:37:00+00:00,2024-09-11 13:50:00+00:00,0.09039,0.09924,49071.70579468152,434.2845962829315,9.790906073680718,0.0,Long,Closed
3,btc_small_down_9m,0,0.05,0.25,0.0125,0.5,90,0.4778374964116939,0.3403361344537815,,2024-09-11 13:51:00+00:00,2024-09-15 23:10:00+00:00,0.09899,0.10256,47002.0586415065,167.7973493501786,3.6064248914031807,0.0,Long,Closed
3,btc_small_down_9m,0,0.05,0.25,0.0125,0.5,90,0.4778374964116939,0.3403361344537815,,2024-09-15 23:12:00+00:00,2024-09-30 10:13:00+00:00,0.10267,0.1193,46134.53257619379,767.2172767421025,16.19752605434888,0.0,Long,Closed
3,btc_small_down_9m,0,0.05,0.25,0.0125,0.5,90,0.4778374964116939,0.3403361344537815,,2024-09-30 18:13:00+00:00,2024-10-01 14:52:00+00:00,0.11763,0.1116,43528.36094507242,-262.4760164987865,-5.126243305279263,0.0,Long,Closed
3,btc_small_down_9m,0,0.05,0.25,0.0125,0.5,90,0.4778374964116939,0.3403361344537815,,2024-10-01 15:04:00+00:00,2024-10-01 17:17:00+00:00,0.11015,0.10608,45292.81061933251,-184.34173922068385,-3.6949614162505786,0.0,Long,Closed
3,btc_small_down_9m,0,0.05,0.25,0.0125,0.5,90,0.4778374964116939,0.3403361344537815,,2024-10-01 17:18:00+00:00,2024-10-02 19:06:00+00:00,0.10505,0.10276,46614.30004863526,-106.74674711137413,-2.179914326511173,0.0,Long,Closed
3,btc_small_down_9m,0,0.05,0.25,0.0125,0.5,90,0.4778374964116939,0.3403361344537815,,2024-10-02 19:18:00+00:00,2024-10-08 13:25:00+00:00,0.10278,0.10715,47124.52662534975,205.93418135277807,4.251799961081916,0.0,Long,Closed
3,btc_small_down_9m,0,0.05,0.25,0.0125,0.5,90,0.4778374964116939,0.3403361344537815,,2024-10-08 14:10:00+00:00,2024-10-10 16:32:00+00:00,0.10741,0.10472,46051.819544081896,-123.87939457358061,-2.504422307047767,0.0,Long,Closed
3,btc_small_down_9m,0,0.05,0.25,0.0125,0.5,90,0.4778374964116939,0.3403361344537815,,2024-10-10 17:09:00+00:00,2024-10-15 15:01:00+00:00,0.10424999999999998,0.11157,46853.585035424905,342.9682424593111,7.021582733812967,0.0,Long,Closed
3,btc_small_down_9m,0,0.05,0.25,0.0125,0.5,90,0.4778374964116939,0.3403361344537815,,2024-10-15 15:03:00+00:00,2024-10-17 10:34:00+00:00,0.11228,0.12128,45030.01746680354,405.2701572012311,8.015675097969346,0.0,Long,Closed
3,btc_small_down_9m,0,0.05,0.25,0.0125,0.5,90,0.4778374964116939,0.3403361344537815,,2024-10-17 13:36:00+00:00,2024-10-21 15:09:00+00:00,0.12075,0.13933,43549.52745153886,809.1502200495925,15.387163561076614,0.0,Long,Closed
3,btc_small_down_9m,0,0.05,0.25,0.0125,0.5,90,0.4778374964116939,0.3403361344537815,,2024-10-22 00:30:00+00:00,2024-10-23 18:04:00+00:00,0.14199,0.13334,39884.36192547442,-344.99973065535505,-6.091978308331596,0.0,Long,Closed
3,btc_small_down_9m,0,0.05,0.25,0.0125,0.5,90,0.4778374964116939,0.3403361344537815,,2024-10-23 18:05:00+00:00,2024-10-25 15:52:00+00:00,0.13342,0.13633,41153.355452484146,119.75626436672883,2.1810822965072694,0.0,Long,Closed
3,btc_small_down_9m,0,0.05,0.25,0.0125,0.5,90,0.4778374964116939,0.3403361344537815,,2024-10-25 15:53:00+00:00,2024-10-25 23:22:00+00:00,0.13617,0.12939,40761.98000039509,-276.3662244026791,-4.979070279797319,0.0,Long,Closed
3,btc_small_down_9m,0,0.05,0.25,0.0125,0.5,90,0.4778374964116939,0.3403361344537815,,2024-10-25 23:27:00+00:00,2024-10-29 01:55:00+00:00,0.12933,0.16782,41849.34434742489,1610.7812639323847,29.76107631639992,0.0,Long,Closed
3,btc_small_down_9m,0,0.05,0.25,0.0125,0.5,90,0.4778374964116939,0.3403361344537815,,2024-10-29 19:20:00+00:00,2024-10-31 14:03:00+00:00,0.17435,0.16524,35662.554266811894,-324.8858693706561,-5.225121881273297,0.0,Long,Closed
3,btc_small_down_9m,0,0.05,0.25,0.0125,0.5,90,0.4778374964116939,0.3403361344537815,,2024-10-31 14:04:00+00:00,2024-10-31 20:48:00+00:00,0.16495,0.15728,36710.053966252344,-281.5661139211552,-4.649893907244615,0.0,Long,Closed
3,btc_small_down_9m,0,0.05,0.25,0.0125,0.5,90,0.4778374964116939,0.3403361344537815,,2024-11-01 01:32:00+00:00,2024-11-01 15:41:00+00:00,0.16106,0.16029,36722.589996105475,-28.27639429700139,-0.4780827020985997,0.0,Long,Closed
3,btc_small_down_9m,0,0.05,0.25,0.0125,0.5,90,0.4778374964116939,0.3403361344537815,,2024-11-01 15:44:00+00:00,2024-11-03 02:22:00+00:00,0.16082,0.15482,36689.47983847934,-220.1368790308752,-3.7308792438751257,0.0,Long,Closed
3,btc_small_down_9m,0,0.05,0.25,0.0125,0.5,90,0.4778374964116939,0.3403361344537815,,2024-11-03 02:25:00+00:00,2024-11-03 15:51:00+00:00,0.15344,0.1451,37736.79423949954,-314.72486395742544,-5.435349322210624,0.0,Long,Closed
3,btc_small_down_9m,0,0.05,0.25,0.0125,0.5,90,0.4778374964116939,0.3403361344537815,,2024-11-03 16:35:00+00:00,2024-11-05 19:50:00+00:00,0.1458,0.16885,38634.91958936965,890.5348965349694,15.809327846364862,0.0,Long,Closed
3,btc_small_down_9m,0,0.05,0.25,0.0125,0.5,90,0.4778374964116939,0.3403361344537815,,2024-11-05 19:51:00+00:00,2024-11-06 03:07:00+00:00,0.1691,0.21646,35944.64059371722,1702.3381785184474,28.00709639266706,0.0,Long,Closed
3,btc_small_down_9m,0,0.05,0.25,0.0125,0.5,90,0.4778374964116939,0.3403361344537815,,2024-11-06 03:15:00+00:00,2024-11-06 05:01:00+00:00,0.20705,0.20225,33467.316173179446,-160.6431176312617,-2.3182806085486645,0.0,Long,Closed
3,btc_small_down_9m,0,0.05,0.25,0.0125,0.5,90,0.4778374964116939,0.3403361344537815,,2024-11-06 05:02:00+00:00,2024-11-06 07:42:00+00:00,0.20012,0.198,34224.89633640403,-72.55678023317523,-1.0593643813711582,0.0,Long,Closed
3,btc_small_down_9m,0,0.05,0.25,0.0125,0.5,90,0.4778374964116939,0.3403361344537815,,2024-11-06 07:43:00+00:00,2024-11-06 08:03:00+00:00,0.19985,0.19181,34089.606528519325,-274.0804364892956,-4.023017262947214,0.0,Long,Closed
3,btc_small_down_9m,0,0.05,0.25,0.0125,0.5,90,0.4778374964116939,0.3403361344537815,,2024-11-06 08:04:00+00:00,2024-11-06 14:49:00+00:00,0.19027,0.19414,35085.760479738994,135.7818930565909,2.033951752772391,0.0,Long,Closed
3,btc_small_down_9m,0,0.05,0.25,0.0125,0.5,90,0.4778374964116939,0.3403361344537815,,2024-11-06 14:53:00+00:00,2024-11-07 15:09:00+00:00,0.19361,0.19049,34831.14814838197,-108.67318222295216,-1.6114870099684993,0.0,Long,Closed
3,btc_small_down_9m,0,0.05,0.25,0.0125,0.5,90,0.4778374964116939,0.3403361344537815,,2024-11-07 16:10:00+00:00,2024-11-10 12:08:00+00:00,0.19358,0.2433,34555.85288716168,1718.1170055496796,25.68447153631575,0.0,Long,Closed
3,btc_small_down_9m,0,0.05,0.25,0.0125,0.5,90,0.4778374964116939,0.3403361344537815,,2024-11-10 12:09:00+00:00,2024-11-10 20:42:00+00:00,0.24232,0.26159,31150.464281411343,600.2694467027959,7.952294486629241,0.0,Long,Closed
3,btc_small_down_9m,0,0.05,0.25,0.0125,0.5,90,0.4778374964116939,0.3403361344537815,,2024-11-10 22:31:00+00:00,2024-11-11 05:27:00+00:00,0.27874,0.27866,28157.11856218338,-2.2525694849737192,-0.02870058118675692,0.0,Long,Closed
3,btc_small_down_9m,0,0.05,0.25,0.0125,0.5,90,0.4778374964116939,0.3403361344537815,,2024-11-11 05:55:00+00:00,2024-11-11 23:30:00+00:00,0.27306,0.34295,28738.698246834057,2008.5476204712304,25.595107302424353,0.0,Long,Closed
3,btc_small_down_9m,0,0.05,0.25,0.0125,0.5,90,0.4778374964116939,0.3403361344537815,,2024-11-11 23:31:00+00:00,2024-11-12 00:19:00+00:00,0.34268,0.32756,25830.695557126546,-390.56011682375174,-4.412279677833529,0.0,Long,Closed
3,btc_small_down_9m,0,0.05,0.25,0.0125,0.5,90,0.4778374964116939,0.3403361344537815,,2024-11-12 01:26:00+00:00,2024-11-12 10:03:00+00:00,0.35898,0.40228,24113.830004747473,1044.1288392055667,12.061953312162249,0.0,Long,Closed
3,btc_small_down_9m,0,0.05,0.25,0.0125,0.5,90,0.4778374964116939,0.3403361344537815,,2024-11-12 10:04:00+00:00,2024-11-12 10:35:00+00:00,0.39903999999999995,0.38803,23001.320957064538,-253.24454373728076,-2.7591218925421037,0.0,Long,Closed
3,btc_small_down_9m,0,0.05,0.25,0.0125,0.5,90,0.4778374964116939,0.3403361344537815,,2024-11-12 10:36:00+00:00,2024-11-12 10:49:00+00:00,0.37827,0.35846,23929.534044038366,-474.04406941239904,-5.237000026436133,0.0,Long,Closed
3,btc_small_down_9m,0,0.05,0.25,0.0125,0.5,90,0.4778374964116939,0.3403361344537815,,2024-11-12 10:51:00+00:00,2024-11-12 12:44:00+00:00,0.36024,0.37578,24469.250522241266,380.25215311562897,4.313790806129244,0.0,Long,Closed
3,btc_small_down_9m,0,0.05,0.25,0.0125,0.5,90,0.4778374964116939,0.3403361344537815,,2024-11-12 12:53:00+00:00,2024-11-12 13:36:00+00:00,0.3661,0.35545,24596.910365173477,-261.95709538909614,-2.9090412455613066,0.0,Long,Closed
3,btc_small_down_9m,0,0.05,0.25,0.0125,0.5,90,0.4778374964116939,0.3403361344537815,,2024-11-12 13:38:00+00:00,2024-11-12 16:09:00+00:00,0.35793,0.36077,24792.418453316182,70.41046840741728,0.7934512334813993,0.0,Long,Closed
3,btc_small_down_9m,0,0.05,0.25,0.0125,0.5,90,0.4778374964116939,0.3403361344537815,,2024-11-12 16:12:00+00:00,2024-11-12 21:03:00+00:00,0.35716,0.37426,24944.4382663209,426.5498943540879,4.787770187031028,0.0,Long,Closed
3,btc_small_down_9m,0,0.05,0.25,0.0125,0.5,90,0.4778374964116939,0.3403361344537815,,2024-11-12 21:04:00+00:00,2024-11-13 01:21:00+00:00,0.37463,0.38917,24350.507216123147,354.05637492243113,3.881162747243953,0.0,Long,Closed
3,btc_small_down_9m,0,0.05,0.25,0.0125,0.5,90,0.4778374964116939,0.3403361344537815,,2024-11-13 01:22:00+00:00,2024-11-13 04:31:00+00:00,0.39003,0.37032,23842.931840723613,-469.94418658066206,-5.053457426351815,0.0,Long,Closed
3,btc_small_down_9m,0,0.05,0.25,0.0125,0.5,90,0.4778374964116939,0.3403361344537815,,2024-11-13 04:33:00+00:00,2024-11-13 15:03:00+00:00,0.36866,0.40964,24587.659666215754,1007.6022931215211,11.115933380350453,0.0,Long,Closed
3,btc_small_down_9m,0,0.05,0.25,0.0125,0.5,90,0.4778374964116939,0.3403361344537815,,2024-11-13 15:04:00+00:00,2024-11-13 18:50:00+00:00,0.41296,0.40246,23170.011040071342,-243.28511592074938,-2.5426191398682714,0.0,Long,Closed
3,btc_small_down_9m,0,0.05,0.25,0.0125,0.5,90,0.4778374964116939,0.3403361344537815,,2024-11-13 19:03:00+00:00,2024-11-13 21:17:00+00:00,0.39507,0.37437,23911.320022141612,-494.96432445833125,-5.239577796339888,0.0,Long,Closed
3,btc_small_down_9m,0,0.05,0.25,0.0125,0.5,90,0.4778374964116939,0.3403361344537815,,2024-11-13 21:19:00+00:00,2024-11-14 14:43:00+00:00,0.37283,0.39276,24673.88096161339,491.7504475649548,5.345599871254994,0.0,Long,Closed
3,btc_small_down_9m,0,0.05,0.25,0.0125,0.5,90,0.4778374964116939,0.3403361344537815,,2024-11-14 14:50:00+00:00,2024-11-14 22:31:00+00:00,0.39453,0.37767,23939.97481231034,-403.62797533555204,-4.273439282183862,0.0,Long,Closed
3,btc_small_down_9m,0,0.05,0.25,0.0125,0.5,90,0.4778374964116939,0.3403361344537815,,2024-11-14 22:33:00+00:00,2024-11-14 23:35:00+00:00,0.37541,0.35628,24621.678365075575,-471.0127071238967,-5.095761966916181,0.0,Long,Closed
3,btc_small_down_9m,0,0.05,0.25,0.0125,0.5,90,0.4778374964116939,0.3403361344537815,,2024-11-15 01:27:00+00:00,2024-11-15 14:36:00+00:00,0.36312,0.36082,24806.449442253455,-57.05483371718219,-0.6333994271865966,0.0,Long,Closed
3,btc_small_down_9m,0,0.05,0.25,0.0125,0.5,90,0.4778374964116939,0.3403361344537815,,2024-11-15 14:37:00+00:00,2024-11-17 01:45:00+00:00,0.36097,0.35756,24875.17107962568,-84.82433338152441,-0.9446768429509469,0.0,Long,Closed
3,btc_small_down_9m,0,0.05,0.25,0.0125,0.5,90,0.4778374964116939,0.3403361344537815,,2024-11-17 02:07:00+00:00,2024-11-18 13:06:00+00:00,0.34567,0.36036,25853.497086590454,379.7878722020141,4.249717939074844,0.0,Long,Closed
3,btc_small_down_9m,0,0.05,0.25,0.0125,0.5,90,0.4778374964116939,0.3403361344537815,,2024-11-18 13:07:00+00:00,2024-11-19 20:53:00+00:00,0.35941,0.38753,25393.484527483175,714.0647849128254,7.823933669068735,0.0,Long,Closed
3,btc_small_down_9m,0,0.05,0.25,0.0125,0.5,90,0.4778374964116939,0.3403361344537815,,2024-11-19 20:54:00+00:00,2024-11-20 16:31:00+00:00,0.38666,0.37558,24527.245296847726,-271.7618778890719,-2.8655666477008133,0.0,Long,Closed
3,btc_small_down_9m,0,0.05,0.25,0.0125,0.5,90,0.4778374964116939,0.3403361344537815,,2024-11-20 18:21:00+00:00,2024-11-23 16:23:00+00:00,0.37113,0.4146,25187.464574501133,1094.8990850535647,11.71287688949964,0.0,Long,Closed
3,btc_small_down_9m,0,0.05,0.25,0.0125,0.5,90,0.4778374964116939,0.3403361344537815,,2024-11-24 12:32:00+00:00,2024-11-25 14:51:00+00:00,0.41199,0.40614,24018.236535016356,-140.50668372984546,-1.4199373771208017,0.0,Long,Closed
3,btc_small_down_9m,0,0.05,0.25,0.0125,0.5,90,0.4778374964116939,0.3403361344537815,,2024-11-25 14:52:00+00:00,2024-11-25 17:40:00+00:00,0.40542,0.39974,24234.17672585582,-137.65012380286134,-1.4010162300823865,0.0,Long,Closed
3,btc_small_down_9m,0,0.05,0.25,0.0125,0.5,90,0.4778374964116939,0.3403361344537815,,2024-11-25 17:42:00+00:00,2024-11-25 22:35:00+00:00,0.40039,0.38256,24366.729604373326,-434.4587888459773,-4.453158170783495,0.0,Long,Closed
3,btc_small_down_9m,0,0.05,0.25,0.0125,0.5,90,0.4778374964116939,0.3403361344537815,,2024-11-25 22:38:00+00:00,2024-11-26 10:13:00+00:00,0.38115,0.38681,25026.801710276923,141.65169768016676,1.4849796667978423,0.0,Long,Closed
3,btc_small_down_9m,0,0.05,0.25,0.0125,0.5,90,0.4778374964116939,0.3403361344537815,,2024-11-26 11:03:00+00:00,2024-11-26 18:35:00+00:00,0.37247,0.37057,25800.175371740355,-49.02033320630653,-0.5101081966332844,0.0,Long,Closed
3,btc_small_down_9m,0,0.05,0.25,0.0125,0.5,90,0.4778374964116939,0.3403361344537815,,2024-11-26 18:36:00+00:00,2024-12-02 08:18:00+00:00,0.37155,0.41968,25798.092192461252,1241.662177223161,12.953842013188007,0.0,Long,Closed
3,btc_small_down_9m,0,0.05,0.25,0.0125,0.5,90,0.4778374964116939,0.3403361344537815,,2024-12-02 08:19:00+00:00,2024-12-02 17:58:00+00:00,0.41961,0.40892,24322.85275069841,-260.01129590496566,-2.5476037272705576,0.0,Long,Closed
3,btc_small_down_9m,0,0.05,0.25,0.0125,0.5,90,0.4778374964116939,0.3403361344537815,,2024-12-02 17:59:00+00:00,2024-12-03 13:55:00+00:00,0.41074,0.3917,24531.59320925178,-467.0815347041553,-4.635535862102561,0.0,Long,Closed
3,btc_small_down_9m,0,0.05,0.25,0.0125,0.5,90,0.4778374964116939,0.3403361344537815,,2024-12-03 13:56:00+00:00,2024-12-05 07:16:00+00:00,0.39818,0.43173,24718.885497553867,829.3186084429326,8.42583756090211,0.0,Long,Closed
3,btc_small_down_9m,0,0.05,0.25,0.0125,0.5,90,0.4778374964116939,0.3403361344537815,,2024-12-05 07:17:00+00:00,2024-12-05 20:04:00+00:00,0.43208,0.42838,23739.180549059118,-87.83496803152048,-0.8563229031660973,0.0,Long,Closed
3,btc_small_down_9m,0,0.05,0.25,0.0125,0.5,90,0.4778374964116939,0.3403361344537815,,2024-12-05 20:15:00+00:00,2024-12-09 07:13:00+00:00,0.43049,0.43986,23724.84296411462,222.30177857375384,2.1765894678157434,0.0,Long,Closed
3,btc_small_down_9m,0,0.05,0.25,0.0125,0.5,90,0.4778374964116939,0.3403361344537815,,2024-12-09 07:16:00+00:00,2024-12-09 20:25:00+00:00,0.43991,0.42256,23469.479068238,-407.1954618339296,-3.943988543111093,0.0,Long,Closed
3,btc_small_down_9m,0,0.05,0.25,0.0125,0.5,90,0.4778374964116939,0.3403361344537815,,2024-12-09 20:29:00+00:00,2024-12-09 21:04:00+00:00,0.42123,0.39012,24026.923072885635,-747.4775767974716,-7.385513852289718,0.0,Long,Closed
3,btc_small_down_9m,0,0.05,0.25,0.0125,0.5,90,0.4778374964116939,0.3403361344537815,,2024-12-09 21:06:00+00:00,2024-12-09 22:21:00+00:00,0.38811,0.39717,25114.328457377753,227.53581582384322,2.3343897348689886,0.0,Long,Closed
3,btc_small_down_9m,0,0.05,0.25,0.0125,0.5,90,0.4778374964116939,0.3403361344537815,,2024-12-09 22:23:00+00:00,2024-12-10 02:56:00+00:00,0.40277,0.39846,24482.682239255162,-105.52036045118984,-1.070089629316981,0.0,Long,Closed
3,btc_small_down_9m,0,0.05,0.25,0.0125,0.5,90,0.4778374964116939,0.3403361344537815,,2024-12-10 02:57:00+00:00,2024-12-10 15:39:00+00:00,0.39801,0.38471,24642.922904648643,-327.7508746318272,-3.3416245822969293,0.0,Long,Closed
3,btc_small_down_9m,0,0.05,0.25,0.0125,0.5,90,0.4778374964116939,0.3403361344537815,,2024-12-10 15:41:00+00:00,2024-12-10 17:58:00+00:00,0.38338,0.36776,25155.861828898986,-392.93456176740256,-4.074286608586785,0.0,Long,Closed
3,btc_small_down_9m,0,0.05,0.25,0.0125,0.5,90,0.4778374964116939,0.3403361344537815,,2024-12-10 17:59:00+00:00,2024-12-11 01:26:00+00:00,0.36697,0.37803,25745.393430197535,284.7440513379843,3.0138703436248147,0.0,Long,Closed
3,btc_small_down_9m,0,0.05,0.25,0.0125,0.5,90,0.4778374964116939,0.3403361344537815,,2024-12-11 01:27:00+00:00,2024-12-16 14:57:00+00:00,0.37723,0.39713,25422.577877551048,505.90929976326515,5.275296238369157,0.0,Long,Closed
3,btc_small_down_9m,0,0.05,0.25,0.0125,0.5,90,0.4778374964116939,0.3403361344537815,,2024-12-16 15:35:00+00:00,2024-12-18 01:52:00+00:00,0.39984,0.39041,24617.63130909918,-232.1442632448052,-2.3584433773509397,0.0,Long,Closed
3,btc_small_down_9m,0,0.05,0.25,0.0125,0.5,90,0.4778374964116939,0.3403361344537815,,2024-12-18 01:53:00+00:00,2024-12-18 20:05:00+00:00,0.39042,0.37045,24914.30144717948,-497.5385999001737,-5.115004354285125,0.0,Long,Closed
3,btc_small_down_9m,0,0.05,0.25,0.0125,0.5,90,0.4778374964116939,0.3403361344537815,,2024-12-18 20:06:00+00:00,2024-12-19 02:11:00+00:00,0.3681,0.34601,25749.177590485535,-568.7993329738256,-6.001086661233361,0.0,Long,Closed
3,btc_small_down_9m,0,0.05,0.25,0.0125,0.5,90,0.4778374964116939,0.3403361344537815,,2024-12-19 02:12:00+00:00,2024-12-19 15:24:00+00:00,0.34558,0.34443,26604.180231989158,-30.59480726678703,-0.3327738873777363,0.0,Long,Closed
3,btc_small_down_9m,0,0.05,0.25,0.0125,0.5,90,0.4778374964116939,0.3403361344537815,,2024-12-19 15:26:00+00:00,2024-12-19 17:49:00+00:00,0.34712,0.33391,26442.08112738367,-349.29989169273904,-3.8056003687485678,0.0,Long,Closed
3,btc_small_down_9m,0,0.05,0.25,0.0125,0.5,90,0.4778374964116939,0.3403361344537815,,2024-12-19 17:52:00+00:00,2024-12-19 18:13:00+00:00,0.32497,0.31084,27706.942964246085,-391.4991040847963,-4.34809367018493,0.0,Long,Closed
3,btc_small_down_9m,0,0.05,0.25,0.0125,0.5,90,0.4778374964116939,0.3403361344537815,,2024-12-19 18:15:00+00:00,2024-12-19 20:10:00+00:00,0.30798,0.30077,28599.830193677033,-206.20477569641116,-2.3410611078641446,0.0,Long,Closed
3,btc_small_down_9m,0,0.05,0.25,0.0125,0.5,90,0.4778374964116939,0.3403361344537815,,2024-12-19 20:11:00+00:00,2024-12-20 08:17:00+00:00,0.30442,0.30901,28595.602507064075,131.2538155074235,1.5077852966296492,0.0,Long,Closed
3,btc_small_down_9m,0,0.05,0.25,0.0125,0.5,90,0.4778374964116939,0.3403361344537815,,2024-12-20 08:39:00+00:00,2024-12-20 10:11:00+00:00,0.30588,0.28812,28673.663603224002,-509.2442655932591,-5.806198509219311,0.0,Long,Closed
3,btc_small_down_9m,0,0.05,0.25,0.0125,0.5,90,0.4778374964116939,0.3403361344537815,,2024-12-20 10:14:00+00:00,2024-12-20 11:23:00+00:00,0.28061,0.27566,30348.448345239038,-150.22481930893446,-1.7640141121129111,0.0,Long,Closed
3,btc_small_down_9m,0,0.05,0.25,0.0125,0.5,90,0.4778374964116939,0.3403361344537815,,2024-12-20 11:24:00+00:00,2024-12-21 07:43:00+00:00,0.27672,0.34901,30503.63428918423,2205.107722765126,26.12387973402715,0.0,Long,Closed
3,btc_small_down_9m,0,0.05,0.25,0.0125,0.5,90,0.4778374964116939,0.3403361344537815,,2024-12-21 13:22:00+00:00,2024-12-22 14:30:00+00:00,0.31977,0.31137,29844.949625936217,-250.697576857865,-2.6268880758044926,0.0,Long,Closed
3,btc_small_down_9m,0,0.05,0.25,0.0125,0.5,90,0.4778374964116939,0.3403361344537815,,2024-12-22 14:57:00+00:00,2024-12-23 01:17:00+00:00,0.31054,0.30444,30328.365922124984,-185.00303212496328,-1.9643202163972528,0.0,Long,Closed
3,btc_small_down_9m,0,0.05,0.25,0.0125,0.5,90,0.4778374964116939,0.3403361344537815,,2024-12-23 01:18:00+00:00,2024-12-23 14:48:00+00:00,0.30411,0.30574,30665.447493979842,49.9846794151872,0.5359902666798204,0.0,Long,Closed
3,btc_small_down_9m,0,0.05,0.25,0.0125,0.5,90,0.4778374964116939,0.3403361344537815,,2024-12-23 14:50:00+00:00,2024-12-26 08:01:00+00:00,0.30626,0.32301,30531.77554072293,511.40724030710953,5.469209168680211,0.0,Long,Closed
3,btc_small_down_9m,0,0.05,0.25,0.0125,0.5,90,0.4778374964116939,0.3403361344537815,,2024-12-26 08:02:00+00:00,2025-01-07 15:07:00+00:00,0.32256,0.37215,29781.638136332338,1476.8714351807193,15.373883928571413,0.0,Long,Closed
3,btc_small_down_9m,0,0.05,0.25,0.0125,0.5,90,0.4778374964116939,0.3403361344537815,,2025-01-07 15:08:00+00:00,2025-01-07 20:53:00+00:00,0.3739,0.35214,27667.293166209467,-602.0402992967192,-5.819737897833657,0.0,Long,Closed
3,btc_small_down_9m,0,0.05,0.25,0.0125,0.5,90,0.4778374964116939,0.3403361344537815,,2025-01-07 21:40:00+00:00,2025-01-08 17:08:00+00:00,0.34879,0.33457,28796.068594848937,-409.48009541875217,-4.076951747469828,0.0,Long,Closed
3,btc_small_down_9m,0,0.05,0.25,0.0125,0.5,90,0.4778374964116939,0.3403361344537815,,2025-01-08 17:09:00+00:00,2025-01-09 13:38:00+00:00,0.33482,0.32322,29386.06032342149,-340.87829975169007,-3.4645481154052997,0.0,Long,Closed
3,btc_small_down_9m,0,0.05,0.25,0.0125,0.5,90,0.4778374964116939,0.3403361344537815,,2025-01-09 13:39:00+00:00,2025-01-09 17:52:00+00:00,0.3237,0.31837,29869.01936241007,-159.20187320164587,-1.6465863453815281,0.0,Long,Closed
3,btc_small_down_9m,0,0.05,0.25,0.0125,0.5,90,0.4778374964116939,0.3403361344537815,,2025-01-09 17:54:00+00:00,2025-01-13 06:47:00+00:00,0.31899,0.32616,30060.505442212347,215.533824020662,2.2477193642433875,0.0,Long,Closed
3,btc_small_down_9m,0,0.05,0.25,0.0125,0.5,90,0.4778374964116939,0.3403361344537815,,2025-01-13 06:49:00+00:00,2025-01-13 14:35:00+00:00,0.32678,0.31024,29673.68732181176,-490.8027883027662,-5.061509272293282,0.0,Long,Closed
3,btc_small_down_9m,0,0.05,0.25,0.0125,0.5,90,0.4778374964116939,0.3403361344537815,,2025-01-13 14:37:00+00:00,2025-01-17 12:46:00+00:00,0.31481,0.41244,30022.44575734654,2931.0913792897427,31.012356659572443,0.0,Long,Closed
3,btc_small_down_9m,0,0.05,0.25,0.0125,0.5,90,0.4778374964116939,0.3403361344537815,,2025-01-17 15:26:00+00:00,2025-01-18 05:57:00+00:00,0.40928,0.38676,26673.455430304766,-600.6862162904636,-5.50234558248632,0.0,Long,Closed
3,btc_small_down_9m,0,0.05,0.25,0.0125,0.5,90,0.4778374964116939,0.3403361344537815,,2025-01-18 05:58:00+00:00,2025-01-19 08:47:00+00:00,0.38889,0.3771,27299.670164750703,-321.86311124241183,-3.031705623698228,0.0,Long,Closed
3,btc_small_down_9m,0,0.05,0.25,0.0125,0.5,90,0.4778374964116939,0.3403361344537815,,2025-01-19 09:16:00+00:00,2025-01-19 21:47:00+00:00,0.36552,0.37399,28604.82921522405,242.2829034529459,2.3172466622893237,0.0,Long,Closed
3,btc_small_down_9m,0,0.05,0.25,0.0125,0.5,90,0.4778374964116939,0.3403361344537815,,2025-01-19 21:49:00+00:00,2025-01-19 22:48:00+00:00,0.37464,0.35297,28231.845575686442,-611.784093625125,-5.784219517403373,0.0,Long,Closed
3,btc_small_down_9m,0,0.05,0.25,0.0125,0.5,90,0.4778374964116939,0.3403361344537815,,2025-01-19 22:51:00+00:00,2025-01-20 00:38:00+00:00,0.36024,0.34856,28511.233010389198,-333.01120156134675,-3.2422829224961225,0.0,Long,Closed
3,btc_small_down_9m,0,0.05,0.25,0.0125,0.5,90,0.4778374964116939,0.3403361344537815,,2025-01-20 00:41:00+00:00,2025-01-20 12:20:00+00:00,0.34968,0.36551,28896.079212085137,457.4249339273083,4.526996110729816,0.0,Long,Closed
3,btc_small_down_9m,0,0.05,0.25,0.0125,0.5,90,0.4778374964116939,0.3403361344537815,,2025-01-20 12:39:00+00:00,2025-01-20 17:39:00+00:00,0.36737,0.35449,28127.210838788105,-362.27847560358896,-3.5060021232000262,0.0,Long,Closed
3,btc_small_down_9m,0,0.05,0.25,0.0125,0.5,90,0.4778374964116939,0.3403361344537815,,2025-01-20 17:46:00+00:00,2025-01-21 00:57:00+00:00,0.35517,0.34482,28583.3662979525,-295.83784118380754,-2.9140974744488473,0.0,Long,Closed
3,btc_small_down_9m,0,0.05,0.25,0.0125,0.5,90,0.4778374964116939,0.3403361344537815,,2025-01-21 00:59:00+00:00,2025-01-22 08:47:00+00:00,0.34462,0.36315,29029.177898705493,537.9106664630126,5.376936916023444,0.0,Long,Closed
3,btc_small_down_9m,0,0.05,0.25,0.0125,0.5,90,0.4778374964116939,0.3403361344537815,,2025-01-22 13:52:00+00:00,2025-01-23 10:41:00+00:00,0.36074,0.34687,28477.547875709355,-394.98358903608823,-3.844874424793475,0.0,Long,Closed
3,btc_small_down_9m,0,0.05,0.25,0.0125,0.5,90,0.4778374964116939,0.3403361344537815,,2025-01-23 10:42:00+00:00,2025-01-26 23:01:00+00:00,0.34736,0.34224,29005.92706749582,-148.5103465855791,-1.4739751266697423,0.0,Long,Closed
3,btc_small_down_9m,0,0.05,0.25,0.0125,0.5,90,0.4778374964116939,0.3403361344537815,,2025-01-26 23:02:00+00:00,2025-01-27 05:51:00+00:00,0.34254,0.31902,29197.301491424532,-686.7205310783047,-6.8663513750218925,0.0,Long,Closed
3,btc_small_down_9m,0,0.05,0.25,0.0125,0.5,90,0.4778374964116939,0.3403361344537815,,2025-01-27 06:16:00+00:00,2025-01-28 20:50:00+00:00,0.31868,0.32033,30305.897412242397,50.0047307301993,0.5177607631479786,0.0,Long,Closed
3,btc_small_down_9m,0,0.05,0.25,0.0125,0.5,90,0.4778374964116939,0.3403361344537815,,2025-01-28 20:53:00+00:00,2025-02-01 22:19:00+00:00,0.32048,0.31011,30213.697431036286,-313.3160423598456,-3.235771342985515,0.0,Long,Closed
3,btc_small_down_9m,0,0.05,0.25,0.0125,0.5,90,0.4778374964116939,0.3403361344537815,,2025-02-01 22:20:00+00:00,2025-02-02 15:39:00+00:00,0.30996,0.2943,30733.732518772053,-481.2902512439705,-5.052264808362371,0.0,Long,Closed
3,btc_small_down_9m,0,0.05,0.25,0.0125,0.5,90,0.4778374964116939,0.3403361344537815,,2025-02-02 17:56:00+00:00,2025-02-02 22:39:00+00:00,0.27093,0.25983,34272.99526038682,-380.4302473902935,-4.096999224892037,0.0,Long,Closed
3,btc_small_down_9m,0,0.05,0.25,0.0125,0.5,90,0.4778374964116939,0.3403361344537815,,2025-02-02 23:08:00+00:00,2025-02-03 00:41:00+00:00,0.25692,0.25031,35401.55488946542,-234.0042778193656,-2.572785302817989,0.0,Long,Closed
3,btc_small_down_9m,0,0.05,0.25,0.0125,0.5,90,0.4778374964116939,0.3403361344537815,,2025-02-03 00:43:00+00:00,2025-02-03 01:45:00+00:00,0.24793,0.24305,36213.30755976191,-176.72094089163875,-1.968297503327559,0.0,Long,Closed
3,btc_small_down_9m,0,0.05,0.25,0.0125,0.5,90,0.4778374964116939,0.3403361344537815,,2025-02-03 01:46:00+00:00,2025-02-03 01:54:00+00:00,0.24194,0.22831,36744.66757396855,-500.8298190331916,-5.63362817227412,0.0,Long,Closed
3,btc_small_down_9m,0,0.05,0.25,0.0125,0.5,90,0.4778374964116939,0.3403361344537815,,2025-02-03 02:08:00+00:00,2025-02-03 04:25:00+00:00,0.21162,0.22809,40825.96145605026,672.4035851811477,7.782818259143748,0.0,Long,Closed
3,btc_small_down_9m,0,0.05,0.25,0.0125,0.5,90,0.4778374964116939,0.3403361344537815,,2025-02-03 04:26:00+00:00,2025-02-03 14:08:00+00:00,0.22789,0.24342,39386.5099649828,611.6724997561814,6.814691298433438,0.0,Long,Closed
3,btc_small_down_9m,0,0.05,0.25,0.0125,0.5,90,0.4778374964116939,0.3403361344537815,,2025-02-03 14:48:00+00:00,2025-02-04 05:04:00+00:00,0.25586,0.27388,36276.19794339882,653.6970869400484,7.0429140936449794,0.0,Long,Closed
3,btc_small_down_9m,0,0.05,0.25,0.0125,0.5,90,0.4778374964116939,0.3403361344537815,,2025-02-04 05:05:00+00:00,2025-02-04 05:34:00+00:00,0.27298,0.2592,35198.46343786375,-485.0348261737636,-5.047988863653026,0.0,Long,Closed
3,btc_small_down_9m,0,0.05,0.25,0.0125,0.5,90,0.4778374964116939,0.3403361344537815,,2025-02-04 06:28:00+00:00,2025-02-04 20:24:00+00:00,0.26162,0.26148,35799.85909403396,-5.011980273164227,-0.053512728384674434,0.0,Long,Closed
3,btc_small_down_9m,0,0.05,0.25,0.0125,0.5,90,0.4778374964116939,0.3403361344537815,,2025-02-04 20:25:00+00:00,2025-02-05 18:13:00+00:00,0.26135,0.25544,35827.255198180916,-211.73907822124966,-2.2613353740195183,0.0,Long,Closed
3,btc_small_down_9m,0,0.05,0.25,0.0125,0.5,90,0.4778374964116939,0.3403361344537815,,2025-02-05 18:14:00+00:00,2025-02-06 15:31:00+00:00,0.25568,0.25037,36207.695584065856,-192.26286355139018,-2.076814768460581,0.0,Long,Closed
3,btc_small_down_9m,0,0.05,0.25,0.0125,0.5,90,0.4778374964116939,0.3403361344537815,,2025-02-06 15:32:00+00:00,2025-02-07 20:05:00+00:00,0.25068,0.24791,36546.402485871484,-101.23353488586326,-1.1049944151906732,0.0,Long,Closed
3,btc_small_down_9m,0,0.05,0.25,0.0125,0.5,90,0.4778374964116939,0.3403361344537815,,2025-02-07 20:06:00+00:00,2025-02-14 21:10:00+00:00,0.24779,0.27196,36768.37405752989,888.6916009704964,9.754227369950351,0.0,Long,Closed
3,btc_small_down_9m,0,0.05,0.25,0.0125,0.5,90,0.4778374964116939,0.3403361344537815,,2025-02-14 21:11:00+00:00,2025-02-18 14:35:00+00:00,0.2711,0.25272,35245.96535669708,-647.8208432560914,-6.779786056805596,0.0,Long,Closed
3,btc_small_down_9m,0,0.05,0.25,0.0125,0.5,90,0.4778374964116939,0.3403361344537815,,2025-02-18 14:39:00+00:00,2025-02-21 17:39:00+00:00,0.25257,0.24664,36549.355768984955,-216.73767971008238,-2.3478639585065695,0.0,Long,Closed
3,btc_small_down_9m,0,0.05,0.25,0.0125,0.5,90,0.4778374964116939,0.3403361344537815,,2025-02-21 17:40:00+00:00,2025-02-24 13:15:00+00:00,0.24650999999999998,0.23143,37008.24285715586,-558.0843022859099,-6.11739888848322,0.0,Long,Closed
3,btc_small_down_9m,0,0.05,0.25,0.0125,0.5,90,0.4778374964116939,0.3403361344537815,,2025-02-24 14:57:00+00:00,2025-02-24 22:01:00+00:00,0.22448,0.21536,39397.09459895997,-359.30150274251537,-4.062722736992164,0.0,Long,Closed
3,btc_small_down_9m,0,0.05,0.25,0.0125,0.5,90,0.4778374964116939,0.3403361344537815,,2025-02-24 22:02:00+00:00,2025-02-25 07:24:00+00:00,0.21023,0.20233,41213.00025782847,-325.58270203684333,-3.7577890881415414,0.0,Long,Closed
3,btc_small_down_9m,0,0.05,0.25,0.0125,0.5,90,0.4778374964116939,0.3403361344537815,,2025-02-25 07:28:00+00:00,2025-02-25 10:22:00+00:00,0.20282,0.19607,41916.0718527998,-282.93348500639877,-3.3280741544226418,0.0,Long,Closed
3,btc_small_down_9m,0,0.05,0.25,0.0125,0.5,90,0.4778374964116939,0.3403361344537815,,2025-02-25 10:23:00+00:00,2025-02-26 14:02:00+00:00,0.19695,0.20341,42447.0726107218,274.20808906526327,3.280020309723285,0.0,Long,Closed
3,btc_small_down_9m,0,0.05,0.25,0.0125,0.5,90,0.4778374964116939,0.3403361344537815,,2025-02-26 14:04:00+00:00,2025-02-26 17:52:00+00:00,0.20361,0.20208,41732.01215664402,-63.84997859966643,-0.7514365699130817,0.0,Long,Closed
3,btc_small_down_9m,0,0.05,0.25,0.0125,0.5,90,0.4778374964116939,0.3403361344537815,,2025-02-26 17:53:00+00:00,2025-02-28 01:30:00+00:00,0.20207,0.20046,41892.06713472785,-67.44622808691201,-0.7967536002375436,0.0,Long,Closed
3,btc_small_down_9m,0,0.05,0.25,0.0125,0.5,90,0.4778374964116939,0.3403361344537815,,2025-02-28 01:38:00+00:00,2025-02-28 03:49:00+00:00,0.19861,0.18994,42452.07639026736,-368.0595023036185,-4.365339106792212,0.0,Long,Closed
3,btc_small_down_9m,0,0.05,0.25,0.0125,0.5,90,0.4778374964116939,0.3403361344537815,,2025-02-28 04:02:00+00:00,2025-03-02 17:43:00+00:00,0.18811,0.23521,43843.374306093196,2065.0229298169907,25.038541279038874,0.0,Long,Closed
3,btc_small_down_9m,0,0.05,0.25,0.0125,0.5,90,0.4778374964116939,0.3403361344537815,,2025-03-02 17:54:00+00:00,2025-03-03 02:35:00+00:00,0.23114000000000004,0.22867,40148.345615763974,-99.16641367093689,-1.0686164229471302,0.0,Long,Closed
3,btc_small_down_9m,0,0.05,0.25,0.0125,0.5,90,0.4778374964116939,0.3403361344537815,,2025-03-03 06:40:00+00:00,2025-03-03 14:59:00+00:00,0.22127,0.21286,41715.1235991875,-350.8241894691673,-3.8007863695937143,0.0,Long,Closed
3,btc_small_down_9m,0,0.05,0.25,0.0125,0.5,90,0.4778374964116939,0.3403361344537815,,2025-03-03 15:01:00+00:00,2025-03-03 18:38:00+00:00,0.21501,0.20742,42113.824027057504,-319.6439243653658,-3.5300683689130667,0.0,Long,Closed
3,btc_small_down_9m,0,0.05,0.25,0.0125,0.5,90,0.4778374964116939,0.3403361344537815,,2025-03-03 18:40:00+00:00,2025-03-03 20:39:00+00:00,0.20717,0.19634,42936.09761005431,-464.99793711688835,-5.227590867403584,0.0,Long,Closed
3,btc_small_down_9m,0,0.05,0.25,0.0125,0.5,90,0.4778374964116939,0.3403361344537815,,2025-03-03 20:40:00+00:00,2025-03-04 01:41:00+00:00,0.19611,0.19069,44172.00741072106,-239.41228016610876,-2.7637550354393015,0.0,Long,Closed
3,btc_small_down_9m,0,0.05,0.25,0.0125,0.5,90,0.4778374964116939,0.3403361344537815,,2025-03-04 01:50:00+00:00,2025-03-04 15:21:00+00:00,0.19054,0.18842,44835.02799009895,-95.05025933901015,-1.1126272698645998,0.0,Long,Closed
3,btc_small_down_9m,0,0.05,0.25,0.0125,0.5,90,0.4778374964116939,0.3403361344537815,,2025-03-04 15:24:00+00:00,2025-03-04 16:35:00+00:00,0.18941,0.18361,44851.5976113402,-260.13926614577395,-3.062140330499983,0.0,Long,Closed
3,btc_small_down_9m,0,0.05,0.25,0.0125,0.5,90,0.4778374964116939,0.3403361344537815,,2025-03-04 18:23:00+00:00,2025-03-06 14:32:00+00:00,0.19585,0.20447,42712.64473061558,368.1829975779074,4.401327546591792,0.0,Long,Closed
3,btc_small_down_9m,0,0.05,0.25,0.0125,0.5,90,0.4778374964116939,0.3403361344537815,,2025-03-06 14:35:00+00:00,2025-03-07 00:20:00+00:00,0.20371,0.19643,41968.302828923544,-305.52924459456335,-3.573707721761327,0.0,Long,Closed
3,btc_small_down_9m,0,0.05,0.25,0.0125,0.5,90,0.4778374964116939,0.3403361344537815,,2025-03-07 00:29:00+00:00,2025-03-07 23:13:00+00:00,0.19456,0.19655,43156.85828013329,85.88214797746514,1.0228207236842093,0.0,Long,Closed
3,btc_small_down_9m,0,0.05,0.25,0.0125,0.5,90,0.4778374964116939,0.3403361344537815,,2025-03-07 23:14:00+00:00,2025-03-09 10:50:00+00:00,0.19631,0.18392,42990.87881906915,-532.6569885682675,-6.311446182058996,0.0,Long,Closed
3,btc_small_down_9m,0,0.05,0.25,0.0125,0.5,90,0.4778374964116939,0.3403361344537815,,2025-03-09 12:06:00+00:00,2025-03-09 16:32:00+00:00,0.18487,0.17347,44210.58542049727,-504.0006737936683,-6.166495375128461,0.0,Long,Closed
3,btc_small_down_9m,0,0.05,0.25,0.0125,0.5,90,0.4778374964116939,0.3403361344537815,,2025-03-09 16:37:00+00:00,2025-03-10 14:01:00+00:00,0.17218,0.17041,46005.40474962537,-81.42956640683587,-1.0279939598094887,0.0,Long,Closed
3,btc_small_down_9m,0,0.05,0.25,0.0125,0.5,90,0.4778374964116939,0.3403361344537815,,2025-03-10 14:02:00+00:00,2025-03-10 17:03:00+00:00,0.16992,0.16105,46377.68247756049,-411.37004357596106,-5.220103578154419,0.0,Long,Closed
3,btc_small_down_9m,0,0.05,0.25,0.0125,0.5,90,0.4778374964116939,0.3403361344537815,,2025-03-10 17:04:00+00:00,2025-03-10 18:58:00+00:00,0.16064,0.15307,47776.46155875932,-361.66781399980755,-4.712400398406367,0.0,Long,Closed
3,btc_small_down_9m,0,0.05,0.25,0.0125,0.5,90,0.4778374964116939,0.3403361344537815,,2025-03-10 18:59:00+00:00,2025-03-11 00:29:00+00:00,0.15206,0.15046,49283.025633297344,-78.85284101327488,-1.0522162304353428,0.0,Long,Closed
3,btc_small_down_9m,0,0.05,0.25,0.0125,0.5,90,0.4778374964116939,0.3403361344537815,,2025-03-11 00:30:00+00:00,2025-03-11 00:51:00+00:00,0.15128,0.14311,49276.510161902144,-402.58908802274163,-5.400581702802764,0.0,Long,Closed
3,btc_small_down_9m,0,0.05,0.25,0.0125,0.5,90,0.4778374964116939,0.3403361344537815,,2025-03-11 01:08:00+00:00,2025-03-11 14:37:00+00:00,0.14566,0.15408,49795.79783936005,419.28061780741064,5.780584923795125,0.0,Long,Closed
3,btc_small_down_9m,0,0.05,0.25,0.0125,0.5,90,0.4778374964116939,0.3403361344537815,,2025-03-11 14:38:00+00:00,2025-03-12 15:02:00+00:00,0.15349,0.16375,48621.38394804151,498.8553993069063,6.684474558603172,0.0,Long,Closed
3,btc_small_down_9m,0,0.05,0.25,0.0125,0.5,90,0.4778374964116939,0.3403361344537815,,2025-03-12 15:03:00+00:00,2025-03-13 18:03:00+00:00,0.16395,0.16388,47040.707056043575,-3.2928494939242228,-0.042695943885346095,0.0,Long,Closed
3,btc_small_down_9m,0,0.05,0.25,0.0125,0.5,90,0.4778374964116939,0.3403361344537815,,2025-03-14 01:06:00+00:00,2025-03-18 13:35:00+00:00,0.16597,0.16526,46458.26051148631,-32.98536496315592,-0.4277881544857587,0.0,Long,Closed
3,btc_small_down_9m,0,0.05,0.25,0.0125,0.5,90,0.4778374964116939,0.3403361344537815,,2025-03-18 13:36:00+00:00,2025-03-20 15:56:00+00:00,0.16493,0.16986,46651.21454319897,229.99048769797173,2.9891469108106574,0.0,Long,Closed
3,btc_small_down_9m,0,0.05,0.25,0.0125,0.5,90,0.4778374964116939,0.3403361344537815,,2025-03-20 15:57:00+00:00,2025-03-27 13:37:00+00:00,0.16993,0.18963,45955.276045776445,905.3189381017964,11.593008886011894,0.0,Long,Closed
3,btc_small_down_9m,0,0.05,0.25,0.0125,0.5,90,0.4778374964116939,0.3403361344537815,,2025-03-27 13:39:00+00:00,2025-03-28 04:40:00+00:00,0.18965,0.18457,43563.61469817921,-221.30316266675072,-2.6786185077774882,0.0,Long,Closed
3,btc_small_down_9m,0,0.05,0.25,0.0125,0.5,90,0.4778374964116939,0.3403361344537815,,2025-03-28 14:08:00+00:00,2025-03-29 11:23:00+00:00,0.17836,0.16986,45700.76220103338,-388.456478708782,-4.765642520744541,0.0,Long,Closed
3,btc_small_down_9m,0,0.05,0.25,0.0125,0.5,90,0.4778374964116939,0.3403361344537815,,2025-03-29 11:24:00+00:00,2025-03-31 13:45:00+00:00,0.16981,0.16106,46858.01605807622,-410.00764050816633,-5.152817855249978,0.0,Long,Closed
3,btc_small_down_9m,0,0.05,0.25,0.0125,0.5,90,0.4778374964116939,0.3403361344537815,,2025-03-31 13:47:00+00:00,2025-04-02 21:09:00+00:00,0.16161,0.16992,47967.05579214058,398.6062336326877,5.142008539075546,0.0,Long,Closed
3,btc_small_down_9m,0,0.05,0.25,0.0125,0.5,90,0.4778374964116939,0.3403361344537815,,2025-04-02 21:10:00+00:00,2025-04-03 12:44:00+00:00,0.17001,0.15815,46769.36064575132,-554.6846172586102,-6.976060231751066,0.0,Long,Closed
3,btc_small_down_9m,0,0.05,0.25,0.0125,0.5,90,0.4778374964116939,0.3403361344537815,,2025-04-03 12:47:00+00:00,2025-04-06 17:33:00+00:00,0.15597,0.15857,49201.23546037621,127.92321219697806,1.6669872411361149,0.0,Long,Closed
3,btc_small_down_9m,0,0.05,0.25,0.0125,0.5,90,0.4778374964116939,0.3403361344537815,,2025-04-06 17:45:00+00:00,2025-04-06 20:36:00+00:00,0.15718,0.14908,49229.4076908854,-398.7582022961715,-5.153327395342917,0.0,Long,Closed
3,btc_small_down_9m,0,0.05,0.25,0.0125,0.5,90,0.4778374964116939,0.3403361344537815,,2025-04-06 20:37:00+00:00,2025-04-07 03:35:00+00:00,0.15041,0.14384,50119.66757333476,-329.2862159568085,-4.368060634266327,0.0,Long,Closed
3,btc_small_down_9m,0,0.05,0.25,0.0125,0.5,90,0.4778374964116939,0.3403361344537815,,2025-04-07 03:36:00+00:00,2025-04-07 06:29:00+00:00,0.14294,0.1357,51587.07214024678,-373.49040229538787,-5.065062263886961,0.0,Long,Closed
3,btc_small_down_9m,0,0.05,0.25,0.0125,0.5,90,0.4778374964116939,0.3403361344537815,,2025-04-07 06:30:00+00:00,2025-04-07 16:21:00+00:00,0.13632,0.14446,52722.35101657264,429.1599372749015,5.971244131455402,0.0,Long,Closed
3,btc_small_down_9m,0,0.05,0.25,0.0125,0.5,90,0.4778374964116939,0.3403361344537815,,2025-04-07 16:22:00+00:00,2025-04-08 16:38:00+00:00,0.14464,0.14763,51173.19454657518,153.00785169426126,2.067201327433649,0.0,Long,Closed
3,btc_small_down_9m,0,0.05,0.25,0.0125,0.5,90,0.4778374964116939,0.3403361344537815,,2025-04-08 16:39:00+00:00,2025-04-09 01:09:00+00:00,0.14756,0.14007,50679.01047074928,-379.58578842591214,-5.075901328273245,0.0,Long,Closed
3,btc_small_down_9m,0,0.05,0.25,0.0125,0.5,90,0.4778374964116939,0.3403361344537815,,2025-04-09 01:18:00+00:00,2025-04-10 03:15:00+00:00,0.13822,0.1547,52730.44342968317,868.9977077211788,11.923021270438433,0.0,Long,Closed
3,btc_small_down_9m,0,0.05,0.25,0.0125,0.5,90,0.4778374964116939,0.3403361344537815,,2025-04-10 03:17:00+00:00,2025-04-10 15:37:00+00:00,0.15468,0.15005,49928.24375944787,-231.16776860624486,-2.9932764416860773,0.0,Long,Closed
3,btc_small_down_9m,0,0.05,0.25,0.0125,0.5,90,0.4778374964116939,0.3403361344537815,,2025-04-10 15:40:00+00:00,2025-04-14 15:49:00+00:00,0.15031,0.15996,50610.849979431005,488.3947023015089,6.420065198589578,0.0,Long,Closed
3,btc_small_down_9m,0,0.05,0.25,0.0125,0.5,90,0.4778374964116939,0.3403361344537815,,2025-04-14 16:11:00+00:00,2025-04-16 08:27:00+00:00,0.15923,0.15304,49309.26465841254,-305.2243482355734,-3.8874583935188065,0.0,Long,Closed
3,btc_small_down_9m,0,0.05,0.25,0.0125,0.5,90,0.4778374964116939,0.3403361344537815,,2025-04-16 17:31:00+00:00,2025-04-24 08:48:00+00:00,0.15499,0.17014,49673.54046997382,752.5541381201047,9.77482418220532,0.0,Long,Closed
3,btc_small_down_9m,0,0.05,0.25,0.0125,0.5,90,0.4778374964116939,0.3403361344537815,,2025-04-24 17:14:00+00:00,2025-04-29 22:09:00+00:00,0.17933,0.17456,45029.71675961242,-214.7917489433512,-2.6599007416494724,0.0,Long,Closed
3,btc_small_down_9m,0,0.05,0.25,0.0125,0.5,90,0.4778374964116939,0.3403361344537815,,2025-04-30 12:39:00+00:00,2025-05-04 22:03:00+00:00,0.17204,0.17122,46313.55052330632,-37.977111429110664,-0.47663334108346245,0.0,Long,Closed
3,btc_small_down_9m,0,0.05,0.25,0.0125,0.5,90,0.4778374964116939,0.3403361344537815,,2025-05-04 22:04:00+00:00,2025-05-10 23:15:00+00:00,0.17118,0.24767,46435.300130360236,3551.8361069712555,44.6839584063559,0.0,Long,Closed
3,btc_small_down_9m,0,0.05,0.25,0.0125,0.5,90,0.4778374964116939,0.3403361344537815,,2025-05-10 23:33:00+00:00,2025-05-11 02:53:00+00:00,0.246,0.23586,39531.35256016542,-400.8479149600771,-4.121951219512193,0.0,Long,Closed
3,btc_small_down_9m,0,0.05,0.25,0.0125,0.5,90,0.4778374964116939,0.3403361344537815,,2025-05-12 01:20:00+00:00,2025-05-12 14:28:00+00:00,0.23648,0.23446,40275.2400723979,-81.35598494624355,-0.8541948579161008,0.0,Long,Closed
3,btc_small_down_9m,0,0.05,0.25,0.0125,0.5,90,0.4778374964116939,0.3403361344537815,,2025-05-12 14:31:00+00:00,2025-05-12 18:29:00+00:00,0.23436,0.22549,40465.99581774847,-358.93338290342945,-3.784775558969112,0.0,Long,Closed
3,btc_small_down_9m,0,0.05,0.25,0.0125,0.5,90,0.4778374964116939,0.3403361344537815,,2025-05-12 18:31:00+00:00,2025-05-15 13:39:00+00:00,0.22577000000000003,0.22311,41210.719264719926,-109.62051324415552,-1.178190193559823,0.0,Long,Closed
3,btc_small_down_9m,0,0.05,0.25,0.0125,0.5,90,0.4778374964116939,0.3403361344537815,,2025-05-15 13:40:00+00:00,2025-05-19 02:14:00+00:00,0.22321999999999997,0.22226,41435.954805903326,-39.77851661366549,-0.4300689902338316,0.0,Long,Closed
3,btc_small_down_9m,0,0.05,0.25,0.0125,0.5,90,0.4778374964116939,0.3403361344537815,,2025-05-19 02:15:00+00:00,2025-05-23 12:13:00+00:00,0.22272999999999998,0.23063,41437.81517293093,327.3587398661548,3.546895344138648,0.0,Long,Closed
3,btc_small_down_9m,0,0.05,0.25,0.0125,0.5,90,0.4778374964116939,0.3403361344537815,,2025-05-23 12:14:00+00:00,2025-05-23 23:42:00+00:00,0.23134999999999997,0.22382,40601.35700626749,-305.7282182571944,-3.254808731359414,0.0,Long,Closed
3,btc_small_down_9m,0,0.05,0.25,0.0125,0.5,90,0.4778374964116939,0.3403361344537815,,2025-05-23 23:48:00+00:00,2025-05-29 14:34:00+00:00,0.22348,0.21853,41347.144416822026,-204.66836486326974,-2.214963307678547,0.0,Long,Closed
3,btc_small_down_9m,0,0.05,0.25,0.0125,0.5,90,0.4778374964116939,0.3403361344537815,,2025-05-29 17:44:00+00:00,2025-05-30 00:53:00+00:00,0.21865,0.20913,41792.47954191517,-397.86440523903184,-4.353990395609415,0.0,Long,Closed
3,btc_small_down_9m,0,0.05,0.25,0.0125,0.5,90,0.4778374964116939,0.3403361344537815,,2025-05-30 00:57:00+00:00,2025-05-30 16:32:00+00:00,0.20520999999999998,0.19509,43560.2234258576,-440.82946106967756,-4.931533550996525,0.0,Long,Closed
3,btc_small_down_9m,0,0.05,0.25,0.0125,0.5,90,0.4778374964116939,0.3403361344537815,,2025-05-30 16:33:00+00:00,2025-06-05 16:59:00+00:00,0.19518,0.18106,44669.42677879598,-630.7323061165989,-7.23434778153499,0.0,Long,Closed
3,btc_small_down_9m,0,0.05,0.25,0.0125,0.5,90,0.4778374964116939,0.3403361344537815,,2025-06-05 19:17:00+00:00,2025-06-12 03:20:00+00:00,0.17201,0.19061,48853.04671604616,908.6666689184585,10.813324806697285,0.0,Long,Closed
3,btc_small_down_9m,0,0.05,0.25,0.0125,0.5,90,0.4778374964116939,0.3403361344537815,,2025-06-12 18:49:00+00:00,2025-06-13 00:10:00+00:00,0.18633,0.17697,47536.8748998354,-444.9451490624597,-5.023345677024638,0.0,Long,Closed
3,btc_small_down_9m,0,0.05,0.25,0.0125,0.5,90,0.4778374964116939,0.3403361344537815,,2025-06-13 00:13:00+00:00,2025-06-17 00:09:00+00:00,0.17517,0.16963,49295.38919652395,-273.0964561487417,-3.1626420049095048,0.0,Long,Closed
3,btc_small_down_9m,0,0.05,0.25,0.0125,0.5,90,0.4778374964116939,0.3403361344537815,,2025-06-17 16:51:00+00:00,2025-06-20 17:20:00+00:00,0.16529,0.15947,51415.84546845381,-299.2402206264014,-3.5210841551213052,0.0,Long,Closed
3,btc_small_down_9m,0,0.05,0.25,0.0125,0.5,90,0.4778374964116939,0.3403361344537815,,2025-06-20 17:21:00+00:00,2025-06-21 21:31:00+00:00,0.15974,0.1504,52265.58774989063,-488.16058958397844,-5.847001377238011,0.0,Long,Closed
3,btc_small_down_9m,0,0.05,0.25,0.0125,0.5,90,0.4778374964116939,0.3403361344537815,,2025-06-21 21:32:00+00:00,2025-06-22 13:28:00+00:00,0.15227,0.1491,53226.66771114166,-168.7285366443175,-2.081828331253675,0.0,Long,Closed
3,btc_small_down_9m,0,0.05,0.25,0.0125,0.5,90,0.4778374964116939,0.3403361344537815,,2025-06-22 13:29:00+00:00,2025-06-26 15:32:00+00:00,0.14884,0.15903,53886.45810301922,549.1030080697656,6.846277882289703,0.0,Long,Closed
3,btc_small_down_9m,0,0.05,0.25,0.0125,0.5,90,0.4778374964116939,0.3403361344537815,,2025-06-26 15:33:00+00:00,2025-07-11 05:48:00+00:00,0.15883,0.20098,52225.72516582676,2201.314315739597,26.537807718944773,0.0,Long,Closed
3,btc_small_down_9m,0,0.05,0.25,0.0125,0.5,90,0.4778374964116939,0.3403361344537815,,2025-07-14 14:27:00+00:00,2025-07-15 01:22:00+00:00,0.20353,0.19297,46163.558620144766,-487.48717902872704,-5.188424310912379,0.0,Long,Closed
3,btc_small_down_9m,0,0.05,0.25,0.0125,0.5,90,0.4778374964116939,0.3403361344537815,,2025-07-15 01:24:00+00:00,2025-07-18 14:17:00+00:00,0.19254,0.24715,47532.59320891087,2595.754915138623,28.362937571413738,0.0,Long,Closed
3,btc_small_down_9m,0,0.05,0.25,0.0125,0.5,90,0.4778374964116939,0.3403361344537815,,2025-07-18 14:18:00+00:00,2025-07-18 20:49:00+00:00,0.24553,0.23203,42560.18797708227,-574.5625376906119,-5.4983097788457735,0.0,Long,Closed
3,btc_small_down_9m,0,0.05,0.25,0.0125,0.5,90,0.4778374964116939,0.3403361344537815,,2025-07-20 22:08:00+00:00,2025-07-22 01:17:00+00:00,0.26852,0.26411,37846.42367483876,-166.90272840603757,-1.6423357664233442,0.0,Long,Closed
3,btc_small_down_9m,0,0.05,0.25,0.0125,0.5,90,0.4778374964116939,0.3403361344537815,,2025-07-22 13:51:00+00:00,2025-07-23 20:34:00+00:00,0.26386,0.23503,38198.55347898388,-1101.264296799105,-10.926248768286213,0.0,Long,Closed
3,btc_small_down_9m,0,0.05,0.25,0.0125,0.5,90,0.4778374964116939,0.3403361344537815,,2025-07-25 03:05:00+00:00,2025-07-29 00:34:00+00:00,0.22521999999999998,0.2255,42307.247014319924,11.846029164009451,0.1243228842909142,0.0,Long,Closed
3,btc_small_down_9m,0,0.05,0.25,0.0125,0.5,90,0.4778374964116939,0.3403361344537815,,2025-07-29 00:41:00+00:00,2025-07-30 19:04:00+00:00,0.22336,0.21265,42686.07265019313,-457.1678380835674,-4.794949856733514,0.0,Long,Closed
3,btc_small_down_9m,0,0.05,0.25,0.0125,0.5,90,0.4778374964116939,0.3403361344537815,,2025-07-30 19:05:00+00:00,2025-08-01 00:50:00+00:00,0.21087,0.20438,44130.39914689313,-286.4062904633356,-3.077725612936872,0.0,Long,Closed
3,btc_small_down_9m,0,0.05,0.25,0.0125,0.5,90,0.4778374964116939,0.3403361344537815,,2025-08-01 00:52:00+00:00,2025-08-01 22:27:00+00:00,0.20415,0.19836,44881.57787349344,-259.864335887527,-2.836149889786921,0.0,Long,Closed
3,btc_small_down_9m,0,0.05,0.25,0.0125,0.5,90,0.4778374964116939,0.3403361344537815,,2025-08-05 12:39:00+00:00,2025-08-11 12:44:00+00:00,0.20327,0.22704,44436.67021660807,1056.2596510487747,11.693806267525959,0.0,Long,Closed
3,btc_small_down_9m,0,0.05,0.25,0.0125,0.5,90,0.4778374964116939,0.3403361344537815,,2025-08-12 13:44:00+00:00,2025-08-14 12:30:00+00:00,0.22459,0.23382,42569.89082530081,392.9200923175267,4.109711028986155,0.0,Long,Closed
3,btc_small_down_9m,0,0.05,0.25,0.0125,0.5,90,0.4778374964116939,0.3403361344537815,,2025-08-14 12:32:00+00:00,2025-08-20 11:53:00+00:00,0.23016,0.2134,42393.256111457566,-710.5109724280283,-7.281890858533188,0.0,Long,Closed
3,btc_small_down_9m,0,0.05,0.25,0.0125,0.5,90,0.4778374964116939,0.3403361344537815,,2025-08-20 13:45:00+00:00,2025-08-25 00:42:00+00:00,0.21055,0.2256,44654.364000945425,672.0481782142288,7.147945856091191,0.0,Long,Closed
3,btc_small_down_9m,0,0.05,0.25,0.0125,0.5,90,0.4778374964116939,0.3403361344537815,,2025-08-25 00:43:00+00:00,2025-08-25 19:35:00+00:00,0.22562000000000001,0.21498,43161.06918494005,-459.2337761277613,-4.715893981030042,0.0,Long,Closed
3,btc_small_down_9m,0,0.05,0.25,0.0125,0.5,90,0.4778374964116939,0.3403361344537815,,2025-08-25 19:37:00+00:00,2025-08-29 20:08:00+00:00,0.21533,0.21075,44157.26346278872,-202.24026665957172,-2.1269679097199585,0.0,Long,Closed
3,btc_small_down_9m,0,0.05,0.25,0.0125,0.5,90,0.4778374964116939,0.3403361344537815,,2025-09-01 10:33:00+00:00,2025-09-04 23:05:00+00:00,0.21586999999999998,0.21431,43578.37313249876,-67.98226208669803,-0.7226571547690736,0.0,Long,Open
4,btc_any_breakout_down,0,0.05,0.25,0.015,0.3,720,0.4525947231350827,0.3900414937759336,,2024-08-01 14:06:00+00:00,2024-08-02 15:00:00+00:00,0.11934999999999998,0.11336,25136.154168412235,-150.56556346878915,-5.018852115626305,0.0,Long,Closed
4,btc_any_breakout_down,0,0.05,0.25,0.015,0.3,720,0.4525947231350827,0.3900414937759336,,2024-08-02 15:04:00+00:00,2024-08-03 18:33:00+00:00,0.11261,0.10654,26239.502095367756,-159.27377771888223,-5.3902850546132655,0.0,Long,Closed
4,btc_any_breakout_down,0,0.05,0.25,0.015,0.3,720,0.4525947231350827,0.3900414937759336,,2024-08-03 19:47:00+00:00,2024-08-04 17:02:00+00:00,0.10678,0.10143,27224.650661581745,-145.65188103946184,-5.010301554598223,0.0,Long,Closed
4,btc_any_breakout_down,0,0.05,0.25,0.015,0.3,720,0.4525947231350827,0.3900414937759336,,2024-08-04 17:10:00+00:00,2024-08-05 00:38:00+00:00,0.10003,0.10047,28624.938851663097,12.594973094731813,0.43986803958812537,0.0,Long,Closed
4,btc_any_breakout_down,0,0.05,0.25,0.015,0.3,720,0.4525947231350827,0.3900414937759336,,2024-08-05 00:41:00+00:00,2024-08-05 01:07:00+00:00,0.10034,0.09526,28574.159111623278,-145.156728287046,-5.06278652581223,0.0,Long,Closed
4,btc_any_breakout_down,0,0.05,0.25,0.015,0.3,720,0.4525947231350827,0.3900414937759336,,2024-08-05 01:08:00+00:00,2024-08-05 02:07:00+00:00,0.09318,0.0909,30302.46948673713,-69.08963042976075,-2.4468770122343884,0.0,Long,Closed
4,btc_any_breakout_down,0,0.05,0.25,0.015,0.3,720,0.4525947231350827,0.3900414937759336,,2024-08-05 02:10:00+00:00,2024-08-05 05:12:00+00:00,0.09181,0.08845,30528.888112898785,-102.57706405934005,-3.6597320553316672,0.0,Long,Closed
4,btc_any_breakout_down,0,0.05,0.25,0.015,0.3,720,0.4525947231350827,0.3900414937759336,,2024-08-05 05:15:00+00:00,2024-08-05 06:21:00+00:00,0.09018,0.08686,30739.455515939626,-102.05499231291924,-3.6815258372144486,0.0,Long,Closed
4,btc_any_breakout_down,0,0.05,0.25,0.015,0.3,720,0.4525947231350827,0.3900414937759336,,2024-08-05 06:22:00+00:00,2024-08-05 10:09:00+00:00,0.08627,0.08545,31777.76284610595,-26.05776553380656,-0.9505042309029673,0.0,Long,Closed
4,btc_any_breakout_down,0,0.05,0.25,0.015,0.3,720,0.4525947231350827,0.3900414937759336,,2024-08-05 10:12:00+00:00,2024-08-05 11:26:00+00:00,0.08573,0.08119,31886.740593414423,-144.76580229410138,-5.295695789105327,0.0,Long,Closed
4,btc_any_breakout_down,0,0.05,0.25,0.015,0.3,720,0.4525947231350827,0.3900414937759336,,2024-08-05 11:27:00+00:00,2024-08-05 18:53:00+00:00,0.08093,0.0934,33241.32621259345,414.5193378710401,15.40837761028048,0.0,Long,Closed
4,btc_any_breakout_down,0,0.05,0.25,0.015,0.3,720,0.4525947231350827,0.3900414937759336,,2024-08-05 18:59:00+00:00,2024-08-06 12:45:00+00:00,0.09304,0.09501,30251.25034121346,59.594963172190546,2.1173688736027527,0.0,Long,Closed
4,btc_any_breakout_down,0,0.05,0.25,0.015,0.3,720,0.4525947231350827,0.3900414937759336,,2024-08-06 13:23:00+00:00,2024-08-07 14:36:00+00:00,0.09427,0.09625,30046.19519145176,59.49146647907446,2.1003500583430563,0.0,Long,Closed
4,btc_any_breakout_down,0,0.05,0.25,0.015,0.3,720,0.4525947231350827,0.3900414937759336,,2024-08-07 14:38:00+00:00,2024-08-08 00:45:00+00:00,0.09605,0.09389,29675.192718811864,-64.09841627263359,-2.248828735033835,0.0,Long,Closed
4,btc_any_breakout_down,0,0.05,0.25,0.015,0.3,720,0.4525947231350827,0.3900414937759336,,2024-08-08 01:45:00+00:00,2024-08-09 13:37:00+00:00,0.09844,0.10237,28759.373585535246,113.02433819115367,3.992279561154008,0.0,Long,Closed
4,btc_any_breakout_down,0,0.05,0.25,0.015,0.3,720,0.4525947231350827,0.3900414937759336,,2024-08-09 13:40:00+00:00,2024-08-11 15:09:00+00:00,0.10263,0.10418,27915.619577291585,43.26921034480165,1.5102796453278662,0.0,Long,Closed
4,btc_any_breakout_down,0,0.05,0.25,0.015,0.3,720,0.4525947231350827,0.3900414937759336,,2024-08-11 20:04:00+00:00,2024-08-13 10:23:00+00:00,0.10229,0.10349,28135.309417546927,33.76237130105574,1.1731352038322216,0.0,Long,Closed
4,btc_any_breakout_down,0,0.05,0.25,0.015,0.3,720,0.4525947231350827,0.3900414937759336,,2024-08-13 14:33:00+00:00,2024-08-14 14:11:00+00:00,0.10412,0.1016,27738.085974944213,-69.89997665685996,-2.420284287360756,0.0,Long,Closed
4,btc_any_breakout_down,0,0.05,0.25,0.015,0.3,720,0.4525947231350827,0.3900414937759336,,2024-08-14 14:13:00+00:00,2024-08-15 18:12:00+00:00,0.10177,0.0994,28172.541207763916,-66.76892266240066,-2.3287805836690634,0.0,Long,Closed
4,btc_any_breakout_down,0,0.05,0.25,0.015,0.3,720,0.4525947231350827,0.3900414937759336,,2024-08-15 18:14:00+00:00,2024-08-26 06:50:00+00:00,0.09963,0.10841,28576.6219202591,250.90274045987508,8.812606644584971,0.0,Long,Closed
4,btc_any_breakout_down,0,0.05,0.25,0.015,0.3,720,0.4525947231350827,0.3900414937759336,,2024-08-26 09:32:00+00:00,2024-08-27 14:12:00+00:00,0.10851,0.10367,26931.708267011116,-130.34946801233355,-4.4604183946179985,0.0,Long,Closed
4,btc_any_breakout_down,0,0.05,0.25,0.015,0.3,720,0.4525947231350827,0.3900414937759336,,2024-08-27 14:13:00+00:00,2024-08-27 22:14:00+00:00,0.10324,0.09752,27927.691046587333,-159.74639278647965,-5.540488182874858,0.0,Long,Closed
4,btc_any_breakout_down,0,0.05,0.25,0.015,0.3,720,0.4525947231350827,0.3900414937759336,,2024-08-27 22:15:00+00:00,2024-09-01 22:18:00+00:00,0.09661,0.09681,29348.213495639502,5.86964269912778,0.20701790704895548,0.0,Long,Closed
4,btc_any_breakout_down,0,0.05,0.25,0.015,0.3,720,0.4525947231350827,0.3900414937759336,,2024-09-01 22:21:00+00:00,2024-09-04 01:00:00+00:00,0.09635,0.09509,29445.6855072493,-37.101563739134235,-1.3077322262584368,0.0,Long,Closed
4,btc_any_breakout_down,0,0.05,0.25,0.015,0.3,720,0.4525947231350827,0.3900414937759336,,2024-09-04 01:01:00+00:00,2024-09-06 14:06:00+00:00,0.09417,0.09431,30009.146538194007,4.201280515347207,0.14866730381225607,0.0,Long,Closed
4,btc_any_breakout_down,0,0.05,0.25,0.015,0.3,720,0.4525947231350827,0.3900414937759336,,2024-09-06 14:09:00+00:00,2024-09-06 20:36:00+00:00,0.09472,0.09014,29848.202213432578,-136.7047661375209,-4.835304054054043,0.0,Long,Closed
4,btc_any_breakout_down,0,0.05,0.25,0.015,0.3,720,0.4525947231350827,0.3900414937759336,,2024-09-06 20:48:00+00:00,2024-09-11 13:50:00+00:00,0.09005,0.09924,30940.702763076926,284.34505839267695,10.205441421432537,0.0,Long,Closed
4,btc_any_breakout_down,0,0.05,0.25,0.015,0.3,720,0.4525947231350827,0.3900414937759336,,2024-09-11 13:53:00+00:00,2024-09-15 23:10:00+00:00,0.09876,0.10256,29075.676400697448,110.4875703226503,3.847711624139327,0.0,Long,Closed
4,btc_any_breakout_down,0,0.05,0.25,0.015,0.3,720,0.4525947231350827,0.3900414937759336,,2024-09-15 23:11:00+00:00,2024-09-30 10:13:00+00:00,0.10243,0.1193,28357.51315463903,478.39124691876077,16.469784242897603,0.0,Long,Closed
4,btc_any_breakout_down,0,0.05,0.25,0.015,0.3,720,0.4525947231350827,0.3900414937759336,,2024-09-30 18:13:00+00:00,2024-10-01 14:52:00+00:00,0.11763,0.1116,25913.265718824314,-156.2569922845105,-5.126243305279261,0.0,Long,Closed
4,btc_any_breakout_down,0,0.05,0.25,0.015,0.3,720,0.4525947231350827,0.3900414937759336,,2024-10-01 15:03:00+00:00,2024-10-01 17:17:00+00:00,0.11077,0.10608,27094.884434593765,-127.07500799824447,-4.233998375011275,0.0,Long,Closed
4,btc_any_breakout_down,0,0.05,0.25,0.015,0.3,720,0.4525947231350827,0.3900414937759336,,2024-10-01 17:18:00+00:00,2024-10-02 19:06:00+00:00,0.10505,0.10276,28207.309342412922,-64.59473839412567,-2.1799143265111876,0.0,Long,Closed
4,btc_any_breakout_down,0,0.05,0.25,0.015,0.3,720,0.4525947231350827,0.3900414937759336,,2024-10-02 19:18:00+00:00,2024-10-08 13:25:00+00:00,0.10278,0.10715,28641.753501675812,125.16446280232321,4.251799961081919,0.0,Long,Closed
4,btc_any_breakout_down,0,0.05,0.25,0.015,0.3,720,0.4525947231350827,0.3900414937759336,,2024-10-08 14:07:00+00:00,2024-10-10 16:32:00+00:00,0.1074,0.10472,27759.299476191223,-74.39492259619237,-2.4953445065176876,0.0,Long,Closed
4,btc_any_breakout_down,0,0.05,0.25,0.015,0.3,720,0.4525947231350827,0.3900414937759336,,2024-10-10 17:09:00+00:00,2024-10-15 15:01:00+00:00,0.10425,0.11157,28383.98356800076,207.77075971776594,7.021582733812963,0.0,Long,Closed
4,btc_any_breakout_down,0,0.05,0.25,0.015,0.3,720,0.4525947231350827,0.3900414937759336,,2024-10-15 15:05:00+00:00,2024-10-17 10:34:00+00:00,0.11168,0.12128,27053.73849283138,259.7158895311809,8.595988538681935,0.0,Long,Closed
4,btc_any_breakout_down,0,0.05,0.25,0.015,0.3,720,0.4525947231350827,0.3900414937759336,,2024-10-17 13:46:00+00:00,2024-10-21 15:09:00+00:00,0.12237,0.13933,25327.092275384184,429.54748499051584,13.859606112609303,0.0,Long,Closed
4,btc_any_breakout_down,0,0.05,0.25,0.015,0.3,720,0.4525947231350827,0.3900414937759336,,2024-10-22 00:30:00+00:00,2024-10-23 18:04:00+00:00,0.14199,0.13334,22734.985049904342,-196.6576206816726,-6.091978308331574,0.0,Long,Closed
4,btc_any_breakout_down,0,0.05,0.25,0.015,0.3,720,0.4525947231350827,0.3900414937759336,,2024-10-25 13:59:00+00:00,2024-10-25 23:13:00+00:00,0.13864,0.13129,22858.79429480248,-168.0121380667988,-5.30150028851704,0.0,Long,Closed
4,btc_any_breakout_down,0,0.05,0.25,0.015,0.3,720,0.4525947231350827,0.3900414937759336,,2024-10-25 23:14:00+00:00,2024-10-29 01:55:00+00:00,0.13104,0.16782,23799.905369439683,875.3605194879915,28.06776556776557,0.0,Long,Closed
4,btc_any_breakout_down,0,0.05,0.25,0.015,0.3,720,0.4525947231350827,0.3900414937759336,,2024-10-29 02:25:00+00:00,2024-10-30 15:13:00+00:00,0.1676,0.16577,20175.105939485526,-36.92044386925818,-1.0918854415274366,0.0,Long,Closed
4,btc_any_breakout_down,0,0.05,0.25,0.015,0.3,720,0.4525947231350827,0.3900414937759336,,2024-10-30 15:14:00+00:00,2024-10-31 19:58:00+00:00,0.16577,0.15931,20331.010570652088,-131.33832828641243,-3.8969656753332913,0.0,Long,Closed
4,btc_any_breakout_down,0,0.05,0.25,0.015,0.3,720,0.4525947231350827,0.3900414937759336,,2024-10-31 19:59:00+00:00,2024-11-01 15:41:00+00:00,0.15933,0.16029,20905.4799711986,20.069260772350844,0.6025230653361006,0.0,Long,Closed
4,btc_any_breakout_down,0,0.05,0.25,0.015,0.3,720,0.4525947231350827,0.3900414937759336,,2024-11-01 15:45:00+00:00,2024-11-03 02:22:00+00:00,0.15957,0.15482,20911.768515653184,-99.3309004493517,-2.976750015667078,0.0,Long,Closed
4,btc_any_breakout_down,0,0.05,0.25,0.015,0.3,720,0.4525947231350827,0.3900414937759336,,2024-11-03 02:25:00+00:00,2024-11-03 15:51:00+00:00,0.15344,0.1451,21552.99551556291,-179.75198259979425,-5.435349322210623,0.0,Long,Closed
4,btc_any_breakout_down,0,0.05,0.25,0.015,0.3,720,0.4525947231350827,0.3900414937759336,,2024-11-03 15:55:00+00:00,2024-11-05 19:50:00+00:00,0.14577,0.16885,22317.11625936773,515.079043266207,15.833161830280574,0.0,Long,Closed
4,btc_any_breakout_down,0,0.05,0.25,0.015,0.3,720,0.4525947231350827,0.3900414937759336,,2024-11-05 19:52:00+00:00,2024-11-06 03:06:00+00:00,0.16882,0.21136,20185.34385800199,858.6845277194047,25.198436204241204,0.0,Long,Closed
4,btc_any_breakout_down,0,0.05,0.25,0.015,0.3,720,0.4525947231350827,0.3900414937759336,,2024-11-06 03:08:00+00:00,2024-11-06 05:01:00+00:00,0.21247,0.20225,17250.88298782754,-176.30402413559705,-4.810090836353357,0.0,Long,Closed
4,btc_any_breakout_down,0,0.05,0.25,0.015,0.3,720,0.4525947231350827,0.3900414937759336,,2024-11-06 05:02:00+00:00,2024-11-06 07:42:00+00:00,0.20012,0.198,18051.18879263961,-38.268520240395446,-1.0593643813711628,0.0,Long,Closed
4,btc_any_breakout_down,0,0.05,0.25,0.015,0.3,720,0.4525947231350827,0.3900414937759336,,2024-11-06 07:46:00+00:00,2024-11-06 08:03:00+00:00,0.20011,0.19181,17994.71962975823,-149.35617292699362,-4.147718754684932,0.0,Long,Closed
4,btc_any_breakout_down,0,0.05,0.25,0.015,0.3,720,0.4525947231350827,0.3900414937759336,,2024-11-06 08:10:00+00:00,2024-11-06 14:49:00+00:00,0.19075,0.19414,18642.81254643681,63.199134532420885,1.7771952817824406,0.0,Long,Closed
4,btc_any_breakout_down,0,0.05,0.25,0.015,0.3,720,0.4525947231350827,0.3900414937759336,,2024-11-06 14:50:00+00:00,2024-11-07 15:09:00+00:00,0.19338,0.19049,18487.311167610653,-53.428329274394855,-1.4944668528286296,0.0,Long,Closed
4,btc_any_breakout_down,0,0.05,0.25,0.015,0.3,720,0.4525947231350827,0.3900414937759336,,2024-11-07 16:10:00+00:00,2024-11-10 12:08:00+00:00,0.19358,0.2433,18385.41034616298,914.1226024112229,25.684471536315723,0.0,Long,Closed
4,btc_any_breakout_down,0,0.05,0.25,0.015,0.3,720,0.4525947231350827,0.3900414937759336,,2024-11-10 12:12:00+00:00,2024-11-10 20:42:00+00:00,0.2418,0.26159,15853.120411636046,313.73325294627693,8.184449958643496,0.0,Long,Closed
4,btc_any_breakout_down,0,0.05,0.25,0.015,0.3,720,0.4525947231350827,0.3900414937759336,,2024-11-10 21:12:00+00:00,2024-11-10 22:35:00+00:00,0.24802,0.26878,15835.031414472538,328.73525216445023,8.370292718329175,0.0,Long,Closed
4,btc_any_breakout_down,0,0.05,0.25,0.015,0.3,720,0.4525947231350827,0.3900414937759336,,2024-11-10 22:37:00+00:00,2024-11-11 05:27:00+00:00,0.27345,0.27866,14723.075761809521,76.70722471902809,1.9052843298592181,0.0,Long,Closed
4,btc_any_breakout_down,0,0.05,0.25,0.015,0.3,720,0.4525947231350827,0.3900414937759336,,2024-11-11 06:44:00+00:00,2024-11-11 23:33:00+00:00,0.27676,0.34709,14630.138872967633,1028.937666935814,25.41190923543865,0.0,Long,Closed
4,btc_any_breakout_down,0,0.05,0.25,0.015,0.3,720,0.4525947231350827,0.3900414937759336,,2024-11-11 23:34:00+00:00,2024-11-12 00:19:00+00:00,0.34537,0.32756,12617.536365530492,-224.71832267009813,-5.156788371891017,0.0,Long,Closed
4,btc_any_breakout_down,0,0.05,0.25,0.015,0.3,720,0.4525947231350827,0.3900414937759336,,2024-11-12 00:20:00+00:00,2024-11-12 02:52:00+00:00,0.33075,0.34597,12971.437755894898,197.42528264472094,4.601662887377187,0.0,Long,Closed
4,btc_any_breakout_down,0,0.05,0.25,0.015,0.3,720,0.4525947231350827,0.3900414937759336,,2024-11-12 03:01:00+00:00,2024-11-12 10:03:00+00:00,0.3502,0.40228,12420.133131226878,646.8405334742965,14.871501998857815,0.0,Long,Closed
4,btc_any_breakout_down,0,0.05,0.25,0.015,0.3,720,0.4525947231350827,0.3900414937759336,,2024-11-12 10:06:00+00:00,2024-11-12 10:35:00+00:00,0.38695,0.38803,11742.041045607808,12.681404329256111,0.27910582762630126,0.0,Long,Closed
4,btc_any_breakout_down,0,0.05,0.25,0.015,0.3,720,0.4525947231350827,0.3900414937759336,,2024-11-12 10:36:00+00:00,2024-11-12 10:49:00+00:00,0.37827,0.35846,12021.538065129982,-238.14666907022456,-5.237000026436135,0.0,Long,Closed
4,btc_any_breakout_down,0,0.05,0.25,0.015,0.3,720,0.4525947231350827,0.3900414937759336,,2024-11-12 10:50:00+00:00,2024-11-12 12:44:00+00:00,0.35381,0.37578,12650.697275870245,277.93581915086907,6.209547497244279,0.0,Long,Closed
4,btc_any_breakout_down,0,0.05,0.25,0.015,0.3,720,0.4525947231350827,0.3900414937759336,,2024-11-12 12:51:00+00:00,2024-11-12 13:36:00+00:00,0.36447,0.35545,12509.46291579804,-112.83535550049874,-2.4748264603396803,0.0,Long,Closed
4,btc_any_breakout_down,0,0.05,0.25,0.015,0.3,720,0.4525947231350827,0.3900414937759336,,2024-11-12 13:37:00+00:00,2024-11-12 16:09:00+00:00,0.35521,0.36077,12740.275730612208,70.83593306220337,1.5652712479941333,0.0,Long,Closed
4,btc_any_breakout_down,0,0.05,0.25,0.015,0.3,720,0.4525947231350827,0.3900414937759336,,2024-11-12 16:11:00+00:00,2024-11-12 21:03:00+00:00,0.35903,0.37426,12663.911434112535,192.87137114153302,4.241985349413678,0.0,Long,Closed
4,btc_any_breakout_down,0,0.05,0.25,0.015,0.3,720,0.4525947231350827,0.3900414937759336,,2024-11-12 21:04:00+00:00,2024-11-13 01:21:00+00:00,0.37463,0.38917,12291.021897690744,178.71145839242308,3.8811627472439394,0.0,Long,Closed
4,btc_any_breakout_down,0,0.05,0.25,0.015,0.3,720,0.4525947231350827,0.3900414937759336,,2024-11-13 01:24:00+00:00,2024-11-13 04:33:00+00:00,0.38825,0.36866,11997.936821763325,-235.03958233834328,-5.045717965228584,0.0,Long,Closed
4,btc_any_breakout_down,0,0.05,0.25,0.015,0.3,720,0.4525947231350827,0.3900414937759336,,2024-11-13 04:36:00+00:00,2024-11-13 15:03:00+00:00,0.36319,0.40964,12631.644859021746,586.7399037015603,12.78944904870729,0.0,Long,Closed
4,btc_any_breakout_down,0,0.05,0.25,0.015,0.3,720,0.4525947231350827,0.3900414937759336,,2024-11-13 15:06:00+00:00,2024-11-13 18:50:00+00:00,0.41076,0.40246,11597.305159846564,-96.25763282672688,-2.020644658681477,0.0,Long,Closed
4,btc_any_breakout_down,0,0.05,0.25,0.015,0.3,720,0.4525947231350827,0.3900414937759336,,2024-11-13 19:03:00+00:00,2024-11-13 21:17:00+00:00,0.39507,0.37437,11984.79200549411,-248.0851945137283,-5.239577796339894,0.0,Long,Closed
4,btc_any_breakout_down,0,0.05,0.25,0.015,0.3,720,0.4525947231350827,0.3900414937759336,,2024-11-13 21:19:00+00:00,2024-11-14 14:43:00+00:00,0.37283,0.39276,12500.08373590226,249.12666885653198,5.345599871254994,0.0,Long,Closed
4,btc_any_breakout_down,0,0.05,0.25,0.015,0.3,720,0.4525947231350827,0.3900414937759336,,2024-11-14 14:44:00+00:00,2024-11-14 22:31:00+00:00,0.39479,0.37767,11994.083487204334,-205.3387093009378,-4.336482686998143,0.0,Long,Closed
4,btc_any_breakout_down,0,0.05,0.25,0.015,0.3,720,0.4525947231350827,0.3900414937759336,,2024-11-14 22:33:00+00:00,2024-11-14 23:35:00+00:00,0.37541,0.35628,12449.16919400953,-238.15260668140218,-5.095761966916169,0.0,Long,Closed
4,btc_any_breakout_down,0,0.05,0.25,0.015,0.3,720,0.4525947231350827,0.3900414937759336,,2024-11-14 23:40:00+00:00,2024-11-15 14:36:00+00:00,0.35264,0.36082,13050.410688290318,106.75235943021471,2.3196460980036275,0.0,Long,Closed
4,btc_any_breakout_down,0,0.05,0.25,0.015,0.3,720,0.4525947231350827,0.3900414937759336,,2024-11-15 14:39:00+00:00,2024-11-17 01:45:00+00:00,0.36003,0.35756,12871.489967357615,-31.79258021937312,-0.6860539399494446,0.0,Long,Closed
4,btc_any_breakout_down,0,0.05,0.25,0.015,0.3,720,0.4525947231350827,0.3900414937759336,,2024-11-17 02:07:00+00:00,2024-11-18 13:06:00+00:00,0.34567,0.36036,13378.61185200321,196.53180810592767,4.249717939074851,0.0,Long,Closed
4,btc_any_breakout_down,0,0.05,0.25,0.015,0.3,720,0.4525947231350827,0.3900414937759336,,2024-11-18 13:07:00+00:00,2024-11-19 20:53:00+00:00,0.35941,0.38753,13031.201973550342,366.43739949623523,7.823933669068743,0.0,Long,Closed
4,btc_any_breakout_down,0,0.05,0.25,0.015,0.3,720,0.4525947231350827,0.3900414937759336,,2024-11-19 20:54:00+00:00,2024-11-20 16:31:00+00:00,0.38666,0.37558,12397.133194958358,-137.36023580013807,-2.865566647700811,0.0,Long,Closed
4,btc_any_breakout_down,0,0.05,0.25,0.015,0.3,720,0.4525947231350827,0.3900414937759336,,2024-11-20 17:20:00+00:00,2024-11-23 16:23:00+00:00,0.37709,0.4146,12602.475404870342,472.7188524366866,9.947227452332335,0.0,Long,Closed
4,btc_any_breakout_down,0,0.05,0.25,0.015,0.3,720,0.4525947231350827,0.3900414937759336,,2024-11-24 12:32:00+00:00,2024-11-25 14:51:00+00:00,0.41199,0.40614,11879.130819081927,-69.49291529162929,-1.419937377120804,0.0,Long,Closed
4,btc_any_breakout_down,0,0.05,0.25,0.015,0.3,720,0.4525947231350827,0.3900414937759336,,2024-11-25 14:56:00+00:00,2024-11-25 17:40:00+00:00,0.40565,0.39974,12013.39882057457,-70.99918702959621,-1.4569209910021057,0.0,Long,Closed
4,btc_any_breakout_down,0,0.05,0.25,0.015,0.3,720,0.4525947231350827,0.3900414937759336,,2024-11-25 18:44:00+00:00,2024-11-25 22:35:00+00:00,0.40023,0.38256,12122.868039520265,-214.21107825832223,-4.414961397196595,0.0,Long,Closed
4,btc_any_breakout_down,0,0.05,0.25,0.015,0.3,720,0.4525947231350827,0.3900414937759336,,2024-11-25 22:38:00+00:00,2024-11-26 10:13:00+00:00,0.38115,0.38681,12561.123316226416,71.09595796984195,1.4849796667978576,0.0,Long,Closed
4,btc_any_breakout_down,0,0.05,0.25,0.015,0.3,720,0.4525947231350827,0.3900414937759336,,2024-11-26 11:31:00+00:00,2024-11-26 18:35:00+00:00,0.36677,0.37057,13111.76197445443,49.82469550292717,1.0360716525342928,0.0,Long,Closed
4,btc_any_breakout_down,0,0.05,0.25,0.015,0.3,720,0.4525947231350827,0.3900414937759336,,2024-11-26 18:59:00+00:00,2024-12-02 08:18:00+00:00,0.37401,0.41968,12897.912751053524,589.0476753406147,12.21090345177937,0.0,Long,Closed
4,btc_any_breakout_down,0,0.05,0.25,0.015,0.3,720,0.4525947231350827,0.3900414937759336,,2024-12-02 08:19:00+00:00,2024-12-02 17:58:00+00:00,0.41961000000000004,0.40892,11917.405806877132,-127.39706807551647,-2.5476037272705594,0.0,Long,Closed
4,btc_any_breakout_down,0,0.05,0.25,0.015,0.3,720,0.4525947231350827,0.3900414937759336,,2024-12-03 07:03:00+00:00,2024-12-03 13:55:00+00:00,0.41511,0.3917,11954.526583799618,-279.855467326749,-5.639469056394691,0.0,Long,Closed
4,btc_any_breakout_down,0,0.05,0.25,0.015,0.3,720,0.4525947231350827,0.3900414937759336,,2024-12-03 14:34:00+00:00,2024-12-05 07:16:00+00:00,0.38827,0.43173,12564.676359242365,546.0608345726732,11.19324181626188,0.0,Long,Closed
4,btc_any_breakout_down,0,0.05,0.25,0.015,0.3,720,0.4525947231350827,0.3900414937759336,,2024-12-05 14:36:00+00:00,2024-12-05 20:16:00+00:00,0.44912,0.42818,11227.07770835152,-235.09500721288077,-4.662451015318844,0.0,Long,Closed
4,btc_any_breakout_down,0,0.05,0.25,0.015,0.3,720,0.4525947231350827,0.3900414937759336,,2024-12-05 20:17:00+00:00,2024-12-09 07:13:00+00:00,0.42774,0.43986,11623.361477091155,140.87514110234406,2.8334969841492343,0.0,Long,Closed
4,btc_any_breakout_down,0,0.05,0.25,0.015,0.3,720,0.4525947231350827,0.3900414937759336,,2024-12-09 07:16:00+00:00,2024-12-09 20:25:00+00:00,0.43991,0.42256,11397.874975657918,-197.7531308276648,-3.943988543111089,0.0,Long,Closed
4,btc_any_breakout_down,0,0.05,0.25,0.015,0.3,720,0.4525947231350827,0.3900414937759336,,2024-12-09 20:28:00+00:00,2024-12-09 21:04:00+00:00,0.42169999999999996,0.39012,11749.379277432716,-371.0453975813243,-7.48873606829498,0.0,Long,Closed
4,btc_any_breakout_down,0,0.05,0.25,0.015,0.3,720,0.4525947231350827,0.3900414937759336,,2024-12-09 21:05:00+00:00,2024-12-09 22:21:00+00:00,0.38376,0.39717,12620.90791645554,169.2463751596688,3.4943714821763603,0.0,Long,Closed
4,btc_any_breakout_down,0,0.05,0.25,0.015,0.3,720,0.4525947231350827,0.3900414937759336,,2024-12-09 22:22:00+00:00,2024-12-10 02:56:00+00:00,0.39273,0.39846,12461.929403322585,71.40685548103738,1.4590176457107724,0.0,Long,Closed
4,btc_any_breakout_down,0,0.05,0.25,0.015,0.3,720,0.4525947231350827,0.3900414937759336,,2024-12-10 02:57:00+00:00,2024-12-10 15:39:00+00:00,0.39801,0.38471,12350.432379114069,-164.26075064221732,-3.3416245822969315,0.0,Long,Closed
4,btc_any_breakout_down,0,0.05,0.25,0.015,0.3,720,0.4525947231350827,0.3900414937759336,,2024-12-10 15:42:00+00:00,2024-12-10 17:58:00+00:00,0.38101,0.36776,12772.151297914817,-169.23100469737165,-3.4775990131492676,0.0,Long,Closed
4,btc_any_breakout_down,0,0.05,0.25,0.015,0.3,720,0.4525947231350827,0.3900414937759336,,2024-12-10 17:59:00+00:00,2024-12-11 01:26:00+00:00,0.36697,0.37803,13122.457052645485,145.13437500225882,3.0138703436248147,0.0,Long,Closed
4,btc_any_breakout_down,0,0.05,0.25,0.015,0.3,720,0.4525947231350827,0.3900414937759336,,2024-12-11 01:27:00+00:00,2024-12-16 14:57:00+00:00,0.37723,0.39713,12880.970169684255,256.3313063767164,5.275296238369158,0.0,Long,Closed
4,btc_any_breakout_down,0,0.05,0.25,0.015,0.3,720,0.4525947231350827,0.3900414937759336,,2024-12-16 15:01:00+00:00,2024-12-18 01:52:00+00:00,0.39773,0.39041,12410.398433668584,-90.84411653445386,-1.8404445226661268,0.0,Long,Closed
4,btc_any_breakout_down,0,0.05,0.25,0.015,0.3,720,0.4525947231350827,0.3900414937759336,,2024-12-18 01:53:00+00:00,2024-12-18 20:05:00+00:00,0.39042,0.37045,12572.958695924057,-251.0819851576025,-5.115004354285111,0.0,Long,Closed
4,btc_any_breakout_down,0,0.05,0.25,0.015,0.3,720,0.4525947231350827,0.3900414937759336,,2024-12-18 20:06:00+00:00,2024-12-19 02:11:00+00:00,0.3681,0.34601,13130.698012810079,-290.05711910297487,-6.001086661233366,0.0,Long,Closed
4,btc_any_breakout_down,0,0.05,0.25,0.015,0.3,720,0.4525947231350827,0.3900414937759336,,2024-12-19 02:12:00+00:00,2024-12-19 15:24:00+00:00,0.34558,0.34443,13734.570295689846,-15.794755840042853,-0.3327738873777319,0.0,Long,Closed
4,btc_any_breakout_down,0,0.05,0.25,0.015,0.3,720,0.4525947231350827,0.3900414937759336,,2024-12-19 15:26:00+00:00,2024-12-19 17:49:00+00:00,0.34712,0.33391,13659.986102882245,-180.44841641907442,-3.805600368748559,0.0,Long,Closed
4,btc_any_breakout_down,0,0.05,0.25,0.015,0.3,720,0.4525947231350827,0.3900414937759336,,2024-12-19 17:51:00+00:00,2024-12-19 18:11:00+00:00,0.33139,0.31201,14145.025049358042,-274.13058545655895,-5.848094390295424,0.0,Long,Closed
4,btc_any_breakout_down,0,0.05,0.25,0.015,0.3,720,0.4525947231350827,0.3900414937759336,,2024-12-19 18:13:00+00:00,2024-12-19 20:10:00+00:00,0.31084,0.30077,14815.598621380112,-149.19307811729777,-3.2396088019559914,0.0,Long,Closed
4,btc_any_breakout_down,0,0.05,0.25,0.015,0.3,720,0.4525947231350827,0.3900414937759336,,2024-12-19 20:11:00+00:00,2024-12-20 08:17:00+00:00,0.30442,0.30901,14981.022114298024,68.76289150462708,1.5077852966296375,0.0,Long,Closed
4,btc_any_breakout_down,0,0.05,0.25,0.015,0.3,720,0.4525947231350827,0.3900414937759336,,2024-12-20 08:39:00+00:00,2024-12-20 10:11:00+00:00,0.30588,0.28812,14976.957040296827,-265.9907570356718,-5.806198509219305,0.0,Long,Closed
4,btc_any_breakout_down,0,0.05,0.25,0.015,0.3,720,0.4525947231350827,0.3900414937759336,,2024-12-20 10:14:00+00:00,2024-12-20 11:23:00+00:00,0.28061,0.27566,16041.318528831085,-79.40452671771436,-1.7640141121129078,0.0,Long,Closed
4,btc_any_breakout_down,0,0.05,0.25,0.015,0.3,720,0.4525947231350827,0.3900414937759336,,2024-12-20 11:25:00+00:00,2024-12-21 07:43:00+00:00,0.27428,0.34901,16324.679285255857,1219.9432829871694,27.24588012250253,0.0,Long,Closed
4,btc_any_breakout_down,0,0.05,0.25,0.015,0.3,720,0.4525947231350827,0.3900414937759336,,2024-12-21 13:22:00+00:00,2024-12-22 14:30:00+00:00,0.31977,0.31137,15146.874376133246,-127.23374475951914,-2.626888075804482,0.0,Long,Closed
4,btc_any_breakout_down,0,0.05,0.25,0.015,0.3,720,0.4525947231350827,0.3900414937759336,,2024-12-22 14:59:00+00:00,2024-12-23 01:17:00+00:00,0.30988,0.30444,15507.118548561613,-84.35872490417569,-1.7555182651349015,0.0,Long,Closed
4,btc_any_breakout_down,0,0.05,0.25,0.015,0.3,720,0.4525947231350827,0.3900414937759336,,2024-12-23 02:11:00+00:00,2024-12-23 14:48:00+00:00,0.30539,0.30574,15652.242307727887,5.4782848077047674,0.11460755100036035,0.0,Long,Closed
4,btc_any_breakout_down,0,0.05,0.25,0.015,0.3,720,0.4525947231350827,0.3900414937759336,,2024-12-23 14:51:00+00:00,2024-12-26 08:01:00+00:00,0.30527,0.32301,15663.77883119642,277.8754364654251,5.811249058210777,0.0,Long,Closed
4,btc_any_breakout_down,0,0.05,0.25,0.015,0.3,720,0.4525947231350827,0.3900414937759336,,2024-12-26 08:05:00+00:00,2025-01-07 15:07:00+00:00,0.32221,0.37215,15098.986359017284,754.0433787693228,15.499208590670671,0.0,Long,Closed
4,btc_any_breakout_down,0,0.05,0.25,0.015,0.3,720,0.4525947231350827,0.3900414937759336,,2025-01-07 15:10:00+00:00,2025-01-07 20:53:00+00:00,0.36914,0.35214,13792.212733298356,-234.4676164660723,-4.605298802622316,0.0,Long,Closed
4,btc_any_breakout_down,0,0.05,0.25,0.015,0.3,720,0.4525947231350827,0.3900414937759336,,2025-01-07 21:40:00+00:00,2025-01-08 17:08:00+00:00,0.34879,0.33457,14395.24391017499,-204.70036840268858,-4.0769517474698285,0.0,Long,Closed
4,btc_any_breakout_down,0,0.05,0.25,0.015,0.3,720,0.4525947231350827,0.3900414937759336,,2025-01-08 17:11:00+00:00,2025-01-09 13:38:00+00:00,0.33438,0.32322,14831.948719747377,-165.5245477123808,-3.337520186614033,0.0,Long,Closed
4,btc_any_breakout_down,0,0.05,0.25,0.015,0.3,720,0.4525947231350827,0.3900414937759336,,2025-01-09 14:42:00+00:00,2025-01-09 17:52:00+00:00,0.31845,0.31837,15417.960899969894,-1.2334368719975828,-0.02512168315277106,0.0,Long,Closed
4,btc_any_breakout_down,0,0.05,0.25,0.015,0.3,720,0.4525947231350827,0.3900414937759336,,2025-01-09 17:53:00+00:00,2025-01-13 06:47:00+00:00,0.31879,0.32616,15400.356402439895,113.50062668598184,2.311866746133815,0.0,Long,Closed
4,btc_any_breakout_down,0,0.05,0.25,0.015,0.3,720,0.4525947231350827,0.3900414937759336,,2025-01-13 06:51:00+00:00,2025-01-17 12:46:00+00:00,0.32577,0.41244,15174.908080976176,1315.2092833782053,26.60465972925684,0.0,Long,Closed
4,btc_any_breakout_down,0,0.05,0.25,0.015,0.3,720,0.4525947231350827,0.3900414937759336,,2025-01-17 14:41:00+00:00,2025-01-18 05:57:00+00:00,0.41138,0.38676,12976.062498305873,-319.470658708291,-5.984734308911476,0.0,Long,Closed
4,btc_any_breakout_down,0,0.05,0.25,0.015,0.3,720,0.4525947231350827,0.3900414937759336,,2025-01-18 05:59:00+00:00,2025-01-19 08:47:00+00:00,0.38764,0.3771,13523.50478005516,-142.53774038178108,-2.7190176452378436,0.0,Long,Closed
4,btc_any_breakout_down,0,0.05,0.25,0.015,0.3,720,0.4525947231350827,0.3900414937759336,,2025-01-19 09:15:00+00:00,2025-01-19 21:47:00+00:00,0.36692,0.37399,14170.636844069682,100.1864024875722,1.9268505396271576,0.0,Long,Closed
4,btc_any_breakout_down,0,0.05,0.25,0.015,0.3,720,0.4525947231350827,0.3900414937759336,,2025-01-19 21:48:00+00:00,2025-01-19 22:48:00+00:00,0.37431,0.35297,13971.16291729401,-298.14461665505314,-5.70115679516976,0.0,Long,Closed
4,btc_any_breakout_down,0,0.05,0.25,0.015,0.3,720,0.4525947231350827,0.3900414937759336,,2025-01-19 22:49:00+00:00,2025-01-20 00:38:00+00:00,0.35847,0.34856,14339.00356117891,-142.0995252912835,-2.7645270176025987,0.0,Long,Closed
4,btc_any_breakout_down,0,0.05,0.25,0.015,0.3,720,0.4525947231350827,0.3900414937759336,,2025-01-20 00:39:00+00:00,2025-01-20 12:20:00+00:00,0.34864,0.36551,14621.020964285279,246.65662366749257,4.83880220284534,0.0,Long,Closed
4,btc_any_breakout_down,0,0.05,0.25,0.015,0.3,720,0.4525947231350827,0.3900414937759336,,2025-01-20 12:22:00+00:00,2025-01-20 17:39:00+00:00,0.36722,0.35449,14082.756211776774,-179.27348657591756,-3.4665867872120106,0.0,Long,Closed
4,btc_any_breakout_down,0,0.05,0.25,0.015,0.3,720,0.4525947231350827,0.3900414937759336,,2025-01-20 17:40:00+00:00,2025-01-21 00:57:00+00:00,0.35529,0.34482,14404.254806259369,-150.8125478215352,-2.9468884573165504,0.0,Long,Closed
4,btc_any_breakout_down,0,0.05,0.25,0.015,0.3,720,0.4525947231350827,0.3900414937759336,,2025-01-21 00:58:00+00:00,2025-01-22 08:47:00+00:00,0.34448,0.36315,14724.930114286552,274.91444523372957,5.419763121226189,0.0,Long,Closed
4,btc_any_breakout_down,0,0.05,0.25,0.015,0.3,720,0.4525947231350827,0.3900414937759336,,2025-01-22 13:51:00+00:00,2025-01-23 10:41:00+00:00,0.36101,0.34687,14279.15642043032,-201.90727178488487,-3.9167890086147223,0.0,Long,Closed
4,btc_any_breakout_down,0,0.05,0.25,0.015,0.3,720,0.4525947231350827,0.3900414937759336,,2025-01-23 10:44:00+00:00,2025-01-26 23:01:00+00:00,0.34689,0.34224,14685.76804694308,-68.2888214182849,-1.3404825737265333,0.0,Long,Closed
4,btc_any_breakout_down,0,0.05,0.25,0.015,0.3,720,0.4525947231350827,0.3900414937759336,,2025-01-26 23:06:00+00:00,2025-01-27 05:51:00+00:00,0.34155,0.31902,14855.392860133505,-334.6920011388074,-6.596398770311805,0.0,Long,Closed
4,btc_any_breakout_down,0,0.05,0.25,0.015,0.3,720,0.4525947231350827,0.3900414937759336,,2025-01-27 06:16:00+00:00,2025-01-28 20:50:00+00:00,0.31868,0.32033,15606.413427378426,25.750582155174015,0.5177607631479776,0.0,Long,Closed
4,btc_any_breakout_down,0,0.05,0.25,0.015,0.3,720,0.4525947231350827,0.3900414937759336,,2025-01-28 20:52:00+00:00,2025-02-01 22:19:00+00:00,0.32066,0.31011,15534.138981112423,-163.8851662507359,-3.2900891910434695,0.0,Long,Closed
4,btc_any_breakout_down,0,0.05,0.25,0.015,0.3,720,0.4525947231350827,0.3900414937759336,,2025-02-02 03:10:00+00:00,2025-02-02 16:48:00+00:00,0.30558,0.28272,16139.83721385002,-368.95667870861143,-7.4808560769683865,0.0,Long,Closed
4,btc_any_breakout_down,0,0.05,0.25,0.015,0.3,720,0.4525947231350827,0.3900414937759336,,2025-02-02 17:24:00+00:00,2025-02-02 22:39:00+00:00,0.27693,0.25983,17409.903052019305,-297.7093421895297,-6.174845628859271,0.0,Long,Closed
4,btc_any_breakout_down,0,0.05,0.25,0.015,0.3,720,0.4525947231350827,0.3900414937759336,,2025-02-02 22:40:00+00:00,2025-02-03 00:35:00+00:00,0.25477,0.25129,18573.66114353671,-64.63634077950792,-1.3659379047768612,0.0,Long,Closed
4,btc_any_breakout_down,0,0.05,0.25,0.015,0.3,720,0.4525947231350827,0.3900414937759336,,2025-02-03 00:37:00+00:00,2025-02-03 01:45:00+00:00,0.2505,0.24305,18812.85727467064,-140.15578669629576,-2.974051896207574,0.0,Long,Closed
4,btc_any_breakout_down,0,0.05,0.25,0.015,0.3,720,0.4525947231350827,0.3900414937759336,,2025-02-03 01:47:00+00:00,2025-02-03 01:55:00+00:00,0.23981999999999998,0.221,19475.331545726407,-366.52573969057084,-7.8475523309148505,0.0,Long,Closed
4,btc_any_breakout_down,0,0.05,0.25,0.015,0.3,720,0.4525947231350827,0.3900414937759336,,2025-02-03 01:59:00+00:00,2025-02-03 02:05:00+00:00,0.22922999999999996,0.21806,19895.37272341725,-222.23131332056983,-4.8728351437420745,0.0,Long,Closed
4,btc_any_breakout_down,0,0.05,0.25,0.015,0.3,720,0.4525947231350827,0.3900414937759336,,2025-02-03 02:06:00+00:00,2025-02-03 04:25:00+00:00,0.21048,0.22809,21350.94496100705,375.99014076333333,8.366590649942967,0.0,Long,Closed
4,btc_any_breakout_down,0,0.05,0.25,0.015,0.3,720,0.4525947231350827,0.3900414937759336,,2025-02-03 04:27:00+00:00,2025-02-03 14:08:00+00:00,0.22708000000000003,0.24342,20286.876596889924,331.4875635931812,7.195701955258055,0.0,Long,Closed
4,btc_any_breakout_down,0,0.05,0.25,0.015,0.3,720,0.4525947231350827,0.3900414937759336,,2025-02-03 14:35:00+00:00,2025-02-04 05:04:00+00:00,0.2544,0.27388,18499.175340800783,360.3639356387994,7.657232704402518,0.0,Long,Closed
4,btc_any_breakout_down,0,0.05,0.25,0.015,0.3,720,0.4525947231350827,0.3900414937759336,,2025-02-04 05:05:00+00:00,2025-02-04 05:34:00+00:00,0.27298,0.2592,17636.08831193259,-243.0252969384319,-5.047988863653031,0.0,Long,Closed
4,btc_any_breakout_down,0,0.05,0.25,0.015,0.3,720,0.4525947231350827,0.3900414937759336,,2025-02-04 05:38:00+00:00,2025-02-04 20:24:00+00:00,0.25884,0.26148,18317.848084955294,48.35911894428136,1.0199350950393935,0.0,Long,Closed
4,btc_any_breakout_down,0,0.05,0.25,0.015,0.3,720,0.4525947231350827,0.3900414937759336,,2025-02-04 20:44:00+00:00,2025-02-05 18:13:00+00:00,0.26392,0.25544,18020.231638349174,-152.81156429320072,-3.2130948772355206,0.0,Long,Closed
4,btc_any_breakout_down,0,0.05,0.25,0.015,0.3,720,0.4525947231350827,0.3900414937759336,,2025-02-05 20:44:00+00:00,2025-02-06 15:31:00+00:00,0.25475,0.25037,18488.9345032587,-80.98153312427257,-1.7193326790971428,0.0,Long,Closed
4,btc_any_breakout_down,0,0.05,0.25,0.015,0.3,720,0.4525947231350827,0.3900414937759336,,2025-02-06 16:26:00+00:00,2025-02-07 20:05:00+00:00,0.2483,0.24791,18871.37174695075,-7.359834981310996,-0.15706806282722946,0.0,Long,Closed
4,btc_any_breakout_down,0,0.05,0.25,0.015,0.3,720,0.4525947231350827,0.3900414937759336,,2025-02-09 21:43:00+00:00,2025-02-14 21:10:00+00:00,0.24327999999999997,0.27196,19251.700321742348,552.1387652275707,11.78888523512003,0.0,Long,Closed
4,btc_any_breakout_down,0,0.05,0.25,0.015,0.3,720,0.4525947231350827,0.3900414937759336,,2025-02-16 23:05:00+00:00,2025-02-18 14:35:00+00:00,0.26604,0.25272,18227.31650820083,-242.7878558892353,-5.0067658998646865,0.0,Long,Closed
4,btc_any_breakout_down,0,0.05,0.25,0.015,0.3,720,0.4525947231350827,0.3900414937759336,,2025-02-18 14:41:00+00:00,2025-02-21 17:39:00+00:00,0.25126,0.24664,19009.627187276044,-87.82447760521518,-1.838732786754753,0.0,Long,Closed
4,btc_any_breakout_down,0,0.05,0.25,0.015,0.3,720,0.4525947231350827,0.3900414937759336,,2025-02-21 17:44:00+00:00,2025-02-24 13:15:00+00:00,0.246,0.23143,19308.99017802201,-281.3319868937806,-5.922764227642274,0.0,Long,Closed
4,btc_any_breakout_down,0,0.05,0.25,0.015,0.3,720,0.4525947231350827,0.3900414937759336,,2025-02-24 14:42:00+00:00,2025-02-24 22:01:00+00:00,0.22694,0.21536,20558.790815745484,-238.07079764633272,-5.102670309332864,0.0,Long,Closed
4,btc_any_breakout_down,0,0.05,0.25,0.015,0.3,720,0.4525947231350827,0.3900414937759336,,2025-02-24 22:02:00+00:00,2025-02-25 07:24:00+00:00,0.21023,0.20233,21853.164383919426,-172.6399986329634,-3.7577890881415583,0.0,Long,Closed
4,btc_any_breakout_down,0,0.05,0.25,0.015,0.3,720,0.4525947231350827,0.3900414937759336,,2025-02-25 07:25:00+00:00,2025-02-25 10:22:00+00:00,0.20256,0.19607,22424.954328798838,-145.5379535939046,-3.203988941548187,0.0,Long,Closed
4,btc_any_breakout_down,0,0.05,0.25,0.015,0.3,720,0.4525947231350827,0.3900414937759336,,2025-02-25 10:25:00+00:00,2025-02-26 14:02:00+00:00,0.19626,0.20341,22922.334468375215,163.89469144888335,3.643126464893521,0.0,Long,Closed
4,btc_any_breakout_down,0,0.05,0.25,0.015,0.3,720,0.4525947231350827,0.3900414937759336,,2025-02-26 14:03:00+00:00,2025-02-26 17:52:00+00:00,0.20361,0.20208,22336.357596375346,-34.174627122454694,-0.7514365699130782,0.0,Long,Closed
4,btc_any_breakout_down,0,0.05,0.25,0.015,0.3,720,0.4525947231350827,0.3900414937759336,,2025-02-26 17:55:00+00:00,2025-02-28 01:30:00+00:00,0.20135,0.20046,22536.147911900905,-20.057171641592504,-0.44201638937175614,0.0,Long,Closed
4,btc_any_breakout_down,0,0.05,0.25,0.015,0.3,720,0.4525947231350827,0.3900414937759336,,2025-02-28 01:31:00+00:00,2025-02-28 03:49:00+00:00,0.20011000000000004,0.18994,22645.7260035419,-230.3070334560216,-5.082204787366958,0.0,Long,Closed
4,btc_any_breakout_down,0,0.05,0.25,0.015,0.3,720,0.4525947231350827,0.3900414937759336,,2025-02-28 03:53:00+00:00,2025-03-02 23:03:00+00:00,0.18957,0.23798,23540.349847190817,1139.5883361025071,25.536741045524074,0.0,Long,Closed
4,btc_any_breakout_down,0,0.05,0.25,0.015,0.3,720,0.4525947231350827,0.3900414937759336,,2025-03-02 23:26:00+00:00,2025-03-03 02:35:00+00:00,0.23911999999999997,0.22867,20092.09025327332,-209.96234314670528,-4.370190699230493,0.0,Long,Closed
4,btc_any_breakout_down,0,0.05,0.25,0.015,0.3,720,0.4525947231350827,0.3900414937759336,,2025-03-03 02:37:00+00:00,2025-03-03 08:51:00+00:00,0.2286,0.2175,20741.17199658226,-230.22700916206304,-4.855643044619422,0.0,Long,Closed
4,btc_any_breakout_down,0,0.05,0.25,0.015,0.3,720,0.4525947231350827,0.3900414937759336,,2025-03-03 08:54:00+00:00,2025-03-03 14:59:00+00:00,0.21643,0.21286,21588.33717908832,-77.07036372934544,-1.6494940627454633,0.0,Long,Closed
4,btc_any_breakout_down,0,0.05,0.25,0.015,0.3,720,0.4525947231350827,0.3900414937759336,,2025-03-03 15:05:00+00:00,2025-03-03 18:38:00+00:00,0.21382000000000004,0.20742,21743.722320415683,-139.15982285066093,-2.993171826770192,0.0,Long,Closed
4,btc_any_breakout_down,0,0.05,0.25,0.015,0.3,720,0.4525947231350827,0.3900414937759336,,2025-03-03 18:39:00+00:00,2025-03-03 20:39:00+00:00,0.20585,0.19634,22382.777554996763,-212.86021454801994,-4.61986883653147,0.0,Long,Closed
4,btc_any_breakout_down,0,0.05,0.25,0.015,0.3,720,0.4525947231350827,0.3900414937759336,,2025-03-03 20:41:00+00:00,2025-03-04 01:41:00+00:00,0.19615999999999997,0.19069,23162.91137505953,-126.70112522157524,-2.788539967373564,0.0,Long,Closed
4,btc_any_breakout_down,0,0.05,0.25,0.015,0.3,720,0.4525947231350827,0.3900414937759336,,2025-03-04 01:43:00+00:00,2025-03-04 15:21:00+00:00,0.18966,0.18842,23756.33427061692,-29.45785449556479,-0.6538015395971696,0.0,Long,Closed
4,btc_any_breakout_down,0,0.05,0.25,0.015,0.3,720,0.4525947231350827,0.3900414937759336,,2025-03-04 15:43:00+00:00,2025-03-04 16:35:00+00:00,0.19141,0.18361,23492.967981905524,-183.24515025886285,-4.0750222036466175,0.0,Long,Closed
4,btc_any_breakout_down,0,0.05,0.25,0.015,0.3,720,0.4525947231350827,0.3900414937759336,,2025-03-04 16:48:00+00:00,2025-03-06 14:32:00+00:00,0.18793,0.20447,23635.478403335692,390.9308127911718,8.801149364124926,0.0,Long,Closed
4,btc_any_breakout_down,0,0.05,0.25,0.015,0.3,720,0.4525947231350827,0.3900414937759336,,2025-03-06 14:35:00+00:00,2025-03-07 00:20:00+00:00,0.20371,0.19643,22380.31859101776,-162.92871934260984,-3.5737077217613393,0.0,Long,Closed
4,btc_any_breakout_down,0,0.05,0.25,0.015,0.3,720,0.4525947231350827,0.3900414937759336,,2025-03-07 00:21:00+00:00,2025-03-07 23:13:00+00:00,0.19613,0.19655,22996.054068084664,9.658342708595228,0.21414368021209687,0.0,Long,Closed
4,btc_any_breakout_down,0,0.05,0.25,0.015,0.3,720,0.4525947231350827,0.3900414937759336,,2025-03-08 01:32:00+00:00,2025-03-09 10:50:00+00:00,0.19663,0.18392,22952.31443414547,-291.7239164579887,-6.463917001474846,0.0,Long,Closed
4,btc_any_breakout_down,0,0.05,0.25,0.015,0.3,720,0.4525947231350827,0.3900414937759336,,2025-03-09 12:06:00+00:00,2025-03-09 16:32:00+00:00,0.18487,0.17347,23938.964744137105,-272.90419808316256,-6.166495375128458,0.0,Long,Closed
4,btc_any_breakout_down,0,0.05,0.25,0.015,0.3,720,0.4525947231350827,0.3900414937759336,,2025-03-09 16:35:00+00:00,2025-03-10 00:35:00+00:00,0.17355,0.16475,25028.66697103819,-220.25226934513648,-5.070584845865754,0.0,Long,Closed
4,btc_any_breakout_down,0,0.05,0.25,0.015,0.3,720,0.4525947231350827,0.3900414937759336,,2025-03-10 00:46:00+00:00,2025-03-10 14:01:00+00:00,0.16917,0.17041,25286.09961589016,31.354763523704605,0.7329904829461678,0.0,Long,Closed
4,btc_any_breakout_down,0,0.05,0.25,0.015,0.3,720,0.4525947231350827,0.3900414937759336,,2025-03-10 14:02:00+00:00,2025-03-10 17:03:00+00:00,0.16992,0.16105,25229.848758693795,-223.78875848961388,-5.220103578154424,0.0,Long,Closed
4,btc_any_breakout_down,0,0.05,0.25,0.015,0.3,720,0.4525947231350827,0.3900414937759336,,2025-03-10 17:04:00+00:00,2025-03-10 18:58:00+00:00,0.16064,0.15307,26269.41778841114,-198.8594926582723,-4.712400398406373,0.0,Long,Closed
4,btc_any_breakout_down,0,0.05,0.25,0.015,0.3,720,0.4525947231350827,0.3900414937759336,,2025-03-10 19:02:00+00:00,2025-03-11 00:29:00+00:00,0.15171,0.15046,27422.46012611485,-34.2780751576438,-0.8239404126293642,0.0,Long,Closed
4,btc_any_breakout_down,0,0.05,0.25,0.015,0.3,720,0.4525947231350827,0.3900414937759336,,2025-03-11 00:32:00+00:00,2025-03-11 00:51:00+00:00,0.15073,0.14311,27532.528383106153,-209.79786627926933,-5.055397067604336,0.0,Long,Closed
4,btc_any_breakout_down,0,0.05,0.25,0.015,0.3,720,0.4525947231350827,0.3900414937759336,,2025-03-11 00:56:00+00:00,2025-03-11 14:37:00+00:00,0.14548,0.15408,28093.47431469487,241.6038791063761,5.911465493538636,0.0,Long,Closed
4,btc_any_breakout_down,0,0.05,0.25,0.015,0.3,720,0.4525947231350827,0.3900414937759336,,2025-03-11 14:38:00+00:00,2025-03-12 15:02:00+00:00,0.15349,0.16375,27099.61435294627,278.0420432612291,6.684474558603175,0.0,Long,Closed
4,btc_any_breakout_down,0,0.05,0.25,0.015,0.3,720,0.4525947231350827,0.3900414937759336,,2025-03-12 15:04:00+00:00,2025-03-13 18:03:00+00:00,0.16337,0.16388,25971.306971978283,13.245366555709552,0.3121748178980377,0.0,Long,Closed
4,btc_any_breakout_down,0,0.05,0.25,0.015,0.3,720,0.4525947231350827,0.3900414937759336,,2025-03-13 18:06:00+00:00,2025-03-18 13:35:00+00:00,0.16361,0.16526,25957.496668778218,42.82986950348368,1.0084958132143422,0.0,Long,Closed
4,btc_any_breakout_down,0,0.05,0.25,0.015,0.3,720,0.4525947231350827,0.3900414937759336,,2025-03-18 13:36:00+00:00,2025-03-20 15:56:00+00:00,0.16493,0.16986,25827.65410070848,127.33033471649287,2.989146910810648,0.0,Long,Closed
4,btc_any_breakout_down,0,0.05,0.25,0.015,0.3,720,0.4525947231350827,0.3900414937759336,,2025-03-20 16:28:00+00:00,2025-03-27 13:37:00+00:00,0.16874,0.18963,25470.866962455835,532.0864108457026,12.379992888467472,0.0,Long,Closed
4,btc_any_breakout_down,0,0.05,0.25,0.015,0.3,720,0.4525947231350827,0.3900414937759336,,2025-03-27 13:41:00+00:00,2025-03-28 04:40:00+00:00,0.18963,0.18457,23506.72369613726,-118.94402190245364,-2.668354163370755,0.0,Long,Closed
4,btc_any_breakout_down,0,0.05,0.25,0.015,0.3,720,0.4525947231350827,0.3900414937759336,,2025-03-28 14:08:00+00:00,2025-03-29 11:23:00+00:00,0.17836,0.16986,24791.97582377087,-210.73179450205134,-4.765642520744538,0.0,Long,Closed
4,btc_any_breakout_down,0,0.05,0.25,0.015,0.3,720,0.4525947231350827,0.3900414937759336,,2025-03-29 11:25:00+00:00,2025-03-31 13:45:00+00:00,0.16939,0.16106,25731.609124370716,-214.34430400600831,-4.917645669756189,0.0,Long,Closed
4,btc_any_breakout_down,0,0.05,0.25,0.015,0.3,720,0.4525947231350827,0.3900414937759336,,2025-03-31 13:56:00+00:00,2025-04-02 21:09:00+00:00,0.16304,0.16992,26339.388974333622,181.2149961434152,4.219823356231597,0.0,Long,Closed
4,btc_any_breakout_down,0,0.05,0.25,0.015,0.3,720,0.4525947231350827,0.3900414937759336,,2025-04-02 21:11:00+00:00,2025-04-03 12:44:00+00:00,0.16978,0.15815,25613.962052175633,-297.890378666802,-6.850041229826822,0.0,Long,Closed
4,btc_any_breakout_down,0,0.05,0.25,0.015,0.3,720,0.4525947231350827,0.3900414937759336,,2025-04-03 12:46:00+00:00,2025-04-06 17:33:00+00:00,0.15708,0.15857,27115.936870501257,40.40274593704635,0.9485612426788773,0.0,Long,Closed
4,btc_any_breakout_down,0,0.05,0.25,0.015,0.3,720,0.4525947231350827,0.3900414937759336,,2025-04-06 17:45:00+00:00,2025-04-06 20:36:00+00:00,0.15718,0.14908,27175.799639899804,-220.1239770831885,-5.153327395342922,0.0,Long,Closed
4,btc_any_breakout_down,0,0.05,0.25,0.015,0.3,720,0.4525947231350827,0.3900414937759336,,2025-04-06 20:38:00+00:00,2025-04-07 03:35:00+00:00,0.15047,0.14384,27948.793741440124,-185.30050250574777,-4.406193925699469,0.0,Long,Closed
4,btc_any_breakout_down,0,0.05,0.25,0.015,0.3,720,0.4525947231350827,0.3900414937759336,,2025-04-07 03:36:00+00:00,2025-04-07 06:29:00+00:00,0.14294,0.1357,29032.215219831895,-210.193238191584,-5.06506226388697,0.0,Long,Closed
4,btc_any_breakout_down,0,0.05,0.25,0.015,0.3,720,0.4525947231350827,0.3900414937759336,,2025-04-07 06:30:00+00:00,2025-04-07 16:21:00+00:00,0.13632,0.14446,29979.510505173825,244.03321551211502,5.971244131455402,0.0,Long,Closed
4,btc_any_breakout_down,0,0.05,0.25,0.015,0.3,720,0.4525947231350827,0.3900414937759336,,2025-04-07 16:27:00+00:00,2025-04-08 16:38:00+00:00,0.14558,0.14763,28575.469410076454,58.57971229065697,1.4081604616018741,0.0,Long,Closed
4,btc_any_breakout_down,0,0.05,0.25,0.015,0.3,720,0.4525947231350827,0.3900414937759336,,2025-04-08 16:40:00+00:00,2025-04-09 01:10:00+00:00,0.14698,0.1396,28422.851751300368,-209.76064592459625,-5.021091304939437,0.0,Long,Closed
4,btc_any_breakout_down,0,0.05,0.25,0.015,0.3,720,0.4525947231350827,0.3900414937759336,,2025-04-09 01:11:00+00:00,2025-04-10 03:15:00+00:00,0.13916,0.1547,29567.85395680331,459.48445048872327,11.167002012072432,0.0,Long,Closed
4,btc_any_breakout_down,0,0.05,0.25,0.015,0.3,720,0.4525947231350827,0.3900414937759336,,2025-04-10 07:30:00+00:00,2025-04-10 15:37:00+00:00,0.15671,0.15005,27136.16164747218,-180.72683657216476,-4.2498883287601315,0.0,Long,Closed
4,btc_any_breakout_down,0,0.05,0.25,0.015,0.3,720,0.4525947231350827,0.3900414937759336,,2025-04-10 15:38:00+00:00,2025-04-14 15:49:00+00:00,0.15029,0.15996,27934.592060707408,270.1275052270403,6.4342271608224015,0.0,Long,Closed
4,btc_any_breakout_down,0,0.05,0.25,0.015,0.3,720,0.4525947231350827,0.3900414937759336,,2025-04-14 16:11:00+00:00,2025-04-16 08:27:00+00:00,0.15923,0.15304,26875.13717497851,-166.35709911311733,-3.8874583935188176,0.0,Long,Closed
4,btc_any_breakout_down,0,0.05,0.25,0.015,0.3,720,0.4525947231350827,0.3900414937759336,,2025-04-16 08:34:00+00:00,2025-04-24 08:48:00+00:00,0.15349,0.17014,27555.026142666582,458.7911852753996,10.847612222294636,0.0,Long,Closed
4,btc_any_breakout_down,0,0.05,0.25,0.015,0.3,720,0.4525947231350827,0.3900414937759336,,2025-04-24 14:12:00+00:00,2025-04-29 22:09:00+00:00,0.17529,0.17456,24913.334007761496,-18.186733825666124,-0.41645273546694583,0.0,Long,Closed
4,btc_any_breakout_down,0,0.05,0.25,0.015,0.3,720,0.4525947231350827,0.3900414937759336,,2025-04-30 12:36:00+00:00,2025-05-04 22:03:00+00:00,0.17255,0.17122,25277.324242670606,-33.61884124275184,-0.7707910750507084,0.0,Long,Closed
4,btc_any_breakout_down,0,0.05,0.25,0.015,0.3,720,0.4525947231350827,0.3900414937759336,,2025-05-04 22:34:00+00:00,2025-05-10 23:15:00+00:00,0.17034,0.24767,25546.064610191304,1975.4771763060935,45.397440413291065,0.0,Long,Closed
4,btc_any_breakout_down,0,0.05,0.25,0.015,0.3,720,0.4525947231350827,0.3900414937759336,,2025-05-10 23:20:00+00:00,2025-05-11 02:53:00+00:00,0.24739,0.23586,19985.285575778387,-230.43034268872543,-4.660657261813344,0.0,Long,Closed
4,btc_any_breakout_down,0,0.05,0.25,0.015,0.3,720,0.4525947231350827,0.3900414937759336,,2025-05-11 22:05:00+00:00,2025-05-12 14:28:00+00:00,0.23139,0.23446,21068.45886073381,64.68016870245265,1.3267643372660847,0.0,Long,Closed
4,btc_any_breakout_down,0,0.05,0.25,0.015,0.3,720,0.4525947231350827,0.3900414937759336,,2025-05-12 14:29:00+00:00,2025-05-12 18:29:00+00:00,0.23464,0.22549,20859.336628008576,-190.8629301462788,-3.89959086259803,0.0,Long,Closed
4,btc_any_breakout_down,0,0.05,0.25,0.015,0.3,720,0.4525947231350827,0.3900414937759336,,2025-05-12 18:32:00+00:00,2025-05-15 13:39:00+00:00,0.22435,0.22311,21560.84629976398,-26.735449411707123,-0.5527078225986138,0.0,Long,Closed
4,btc_any_breakout_down,0,0.05,0.25,0.015,0.3,720,0.4525947231350827,0.3900414937759336,,2025-05-15 13:49:00+00:00,2025-05-19 02:14:00+00:00,0.22156000000000003,0.22226,21796.15107658664,15.257305753610126,0.31594150568693624,0.0,Long,Closed
4,btc_any_breakout_down,0,0.05,0.25,0.015,0.3,720,0.4525947231350827,0.3900414937759336,,2025-05-19 04:06:00+00:00,2025-05-23 12:13:00+00:00,0.21868,0.23063,22104.135834345252,264.1444232204258,5.4646058167184925,0.0,Long,Closed
4,btc_any_breakout_down,0,0.05,0.25,0.015,0.3,720,0.4525947231350827,0.3900414937759336,,2025-05-23 12:15:00+00:00,2025-05-23 23:42:00+00:00,0.22936,0.22382,21420.36863978352,-118.66884226440106,-2.4154168119986124,0.0,Long,Closed
4,btc_any_breakout_down,0,0.05,0.25,0.015,0.3,720,0.4525947231350827,0.3900414937759336,,2025-05-23 23:48:00+00:00,2025-05-29 14:34:00+00:00,0.22348000000000004,0.21853,21824.660365766187,-108.03206881054302,-2.214963307678547,0.0,Long,Closed
4,btc_any_breakout_down,0,0.05,0.25,0.015,0.3,720,0.4525947231350827,0.3900414937759336,,2025-05-29 17:43:00+00:00,2025-05-30 00:53:00+00:00,0.21852,0.20913,22171.7255990219,-208.1925033748148,-4.297089511257534,0.0,Long,Closed
4,btc_any_breakout_down,0,0.05,0.25,0.015,0.3,720,0.4525947231350827,0.3900414937759336,,2025-05-30 00:57:00+00:00,2025-05-30 16:32:00+00:00,0.20521,0.19509,23305.43212750753,-235.85097313037568,-4.931533550996528,0.0,Long,Closed
4,btc_any_breakout_down,0,0.05,0.25,0.015,0.3,720,0.4525947231350827,0.3900414937759336,,2025-05-30 16:33:00+00:00,2025-06-05 16:59:00+00:00,0.19518,0.18106,24140.549415650727,-340.86455774898786,-7.234347781534986,0.0,Long,Closed
4,btc_any_breakout_down,0,0.05,0.25,0.015,0.3,720,0.4525947231350827,0.3900414937759336,,2025-06-05 18:16:00+00:00,2025-06-05 20:21:00+00:00,0.17821,0.17054,25865.51297694861,-198.3884845331968,-4.3039111160990045,0.0,Long,Closed
4,btc_any_breakout_down,0,0.05,0.25,0.015,0.3,720,0.4525947231350827,0.3900414937759336,,2025-06-05 20:38:00+00:00,2025-06-12 03:20:00+00:00,0.17036,0.19061,26708.009639951,540.8371952090074,11.886593096971112,0.0,Long,Closed
4,btc_any_breakout_down,0,0.05,0.25,0.015,0.3,720,0.4525947231350827,0.3900414937759336,,2025-06-12 18:49:00+00:00,2025-06-13 00:10:00+00:00,0.18633,0.17697,25289.688621396213,-236.71148549626832,-5.023345677024629,0.0,Long,Closed
4,btc_any_breakout_down,0,0.05,0.25,0.015,0.3,720,0.4525947231350827,0.3900414937759336,,2025-06-13 00:12:00+00:00,2025-06-17 00:09:00+00:00,0.17503,0.16963,26516.678484693344,-143.1900638173438,-3.0851853967891163,0.0,Long,Closed
4,btc_any_breakout_down,0,0.05,0.25,0.015,0.3,720,0.4525947231350827,0.3900414937759336,,2025-06-17 16:49:00+00:00,2025-06-20 17:20:00+00:00,0.16597,0.15947,27705.351666148537,-180.08478582996577,-3.9163704283906786,0.0,Long,Closed
4,btc_any_breakout_down,0,0.05,0.25,0.015,0.3,720,0.4525947231350827,0.3900414937759336,,2025-06-20 17:23:00+00:00,2025-06-21 21:31:00+00:00,0.1592,0.1504,28544.16947413117,-251.1886913723547,-5.527638190954782,0.0,Long,Closed
4,btc_any_breakout_down,0,0.05,0.25,0.015,0.3,720,0.4525947231350827,0.3900414937759336,,2025-06-21 21:32:00+00:00,2025-06-22 13:28:00+00:00,0.15227,0.1491,29348.36259847623,-93.03430943716921,-2.0818283312536843,0.0,Long,Closed
4,btc_any_breakout_down,0,0.05,0.25,0.015,0.3,720,0.4525947231350827,0.3900414937759336,,2025-06-22 13:29:00+00:00,2025-06-26 15:32:00+00:00,0.14884,0.15903,29837.173340760717,304.0407963423522,6.846277882289718,0.0,Long,Closed
4,btc_any_breakout_down,0,0.05,0.25,0.015,0.3,720,0.4525947231350827,0.3900414937759336,,2025-07-01 14:40:00+00:00,2025-07-11 05:48:00+00:00,0.15914,0.20098,28479.18259985881,1191.5689999780925,26.29131582254618,0.0,Long,Closed
4,btc_any_breakout_down,0,0.05,0.25,0.015,0.3,720,0.4525947231350827,0.3900414937759336,,2025-07-14 03:45:00+00:00,2025-07-15 01:22:00+00:00,0.20518,0.19297,23831.015785822005,-290.976702744887,-5.950872404717815,0.0,Long,Closed
4,btc_any_breakout_down,0,0.05,0.25,0.015,0.3,720,0.4525947231350827,0.3900414937759336,,2025-07-15 01:58:00+00:00,2025-07-18 14:17:00+00:00,0.19336,0.24715,24836.340546708172,1335.9467580074324,27.81857674803475,0.0,Long,Closed
4,btc_any_breakout_down,0,0.05,0.25,0.015,0.3,720,0.4525947231350827,0.3900414937759336,,2025-07-18 14:18:00+00:00,2025-07-18 20:49:00+00:00,0.24553,0.23203,21191.458622220183,-286.08469139997305,-5.4983097788457735,0.0,Long,Closed
4,btc_any_breakout_down,0,0.05,0.25,0.015,0.3,720,0.4525947231350827,0.3900414937759336,,2025-07-20 22:08:00+00:00,2025-07-22 01:17:00+00:00,0.26852,0.26411,19057.47589786135,-84.0434687095676,-1.6423357664233393,0.0,Long,Closed
4,btc_any_breakout_down,0,0.05,0.25,0.015,0.3,720,0.4525947231350827,0.3900414937759336,,2025-07-22 01:24:00+00:00,2025-07-23 20:34:00+00:00,0.26841,0.23503,18971.35124429365,-633.2637045345218,-12.436198353265523,0.0,Long,Closed
4,btc_any_breakout_down,0,0.05,0.25,0.015,0.3,720,0.4525947231350827,0.3900414937759336,,2025-07-25 03:04:00+00:00,2025-07-29 00:34:00+00:00,0.22495,0.2255,21792.048349057575,11.9856265919816,0.24449877750611113,0.0,Long,Closed
4,btc_any_breakout_down,0,0.05,0.25,0.015,0.3,720,0.4525947231350827,0.3900414937759336,,2025-07-29 00:40:00+00:00,2025-07-30 19:04:00+00:00,0.22401,0.21265,21899.54450291548,-248.77882555311953,-5.071202178474169,0.0,Long,Closed
4,btc_any_breakout_down,0,0.05,0.25,0.015,0.3,720,0.4525947231350827,0.3900414937759336,,2025-08-01 00:50:00+00:00,2025-08-01 22:27:00+00:00,0.20438,0.19836,23637.74986022194,-142.2992541585363,-2.945493688227816,0.0,Long,Closed
4,btc_any_breakout_down,0,0.05,0.25,0.015,0.3,720,0.4525947231350827,0.3900414937759336,,2025-08-02 17:52:00+00:00,2025-08-11 12:44:00+00:00,0.19184,0.22704,24960.349980111547,878.6043192999259,18.348623853210995,0.0,Long,Closed
4,btc_any_breakout_down,0,0.05,0.25,0.015,0.3,720,0.4525947231350827,0.3900414937759336,,2025-08-11 14:48:00+00:00,2025-08-14 12:30:00+00:00,0.22831,0.23382,22127.698462505265,121.9236185284035,2.4133853094476705,0.0,Long,Closed
4,btc_any_breakout_down,0,0.05,0.25,0.015,0.3,720,0.4525947231350827,0.3900414937759336,,2025-08-14 12:33:00+00:00,2025-08-20 11:53:00+00:00,0.22825,0.2134,22293.765264109956,-331.06241417203273,-6.506024096385539,0.0,Long,Closed
4,btc_any_breakout_down,0,0.05,0.25,0.015,0.3,720,0.4525947231350827,0.3900414937759336,,2025-08-20 13:45:00+00:00,2025-08-25 00:42:00+00:00,0.21055,0.2256,23696.191865502202,356.6276875758085,7.147945856091198,0.0,Long,Closed
4,btc_any_breakout_down,0,0.05,0.25,0.015,0.3,720,0.4525947231350827,0.3900414937759336,,2025-08-25 13:33:00+00:00,2025-08-25 20:33:00+00:00,0.21810000000000002,0.20784,23366.44430790569,-239.73971859911217,-4.704264099037134,0.0,Long,Closed
4,btc_any_breakout_down,0,0.05,0.25,0.015,0.3,720,0.4525947231350827,0.3900414937759336,,2025-08-25 20:34:00+00:00,2025-08-29 20:08:00+00:00,0.20816,0.21075,24136.719773128825,62.514104212403254,1.2442352036894615,0.0,Long,Closed
4,btc_any_breakout_down,0,0.05,0.25,0.015,0.3,720,0.4525947231350827,0.3900414937759336,,2025-09-01 10:39:00+00:00,2025-09-04 23:05:00+00:00,0.21518,0.21431,23436.443067377164,-20.38970546861856,-0.4043126684636203,0.0,Long,Open
5,btc_any_breakout_down,0,0.05,0.25,0.0125,0.3,20,0.4525947231350827,0.3900414937759336,,2024-08-01 14:06:00+00:00,2024-08-02 15:00:00+00:00,0.11934999999999998,0.11336,25136.154168412235,-150.56556346878915,-5.018852115626305,0.0,Long,Closed
5,btc_any_breakout_down,0,0.05,0.25,0.0125,0.3,20,0.4525947231350827,0.3900414937759336,,2024-08-02 15:04:00+00:00,2024-08-03 18:33:00+00:00,0.11261,0.10654,26239.502095367756,-159.27377771888223,-5.3902850546132655,0.0,Long,Closed
5,btc_any_breakout_down,0,0.05,0.25,0.0125,0.3,20,0.4525947231350827,0.3900414937759336,,2024-08-03 19:47:00+00:00,2024-08-04 17:02:00+00:00,0.10678,0.10143,27224.650661581745,-145.65188103946184,-5.010301554598223,0.0,Long,Closed
5,btc_any_breakout_down,0,0.05,0.25,0.0125,0.3,20,0.4525947231350827,0.3900414937759336,,2024-08-04 17:10:00+00:00,2024-08-05 00:38:00+00:00,0.10003,0.10047,28624.938851663097,12.594973094731813,0.43986803958812537,0.0,Long,Closed
5,btc_any_breakout_down,0,0.05,0.25,0.0125,0.3,20,0.4525947231350827,0.3900414937759336,,2024-08-05 00:41:00+00:00,2024-08-05 01:07:00+00:00,0.10034,0.09526,28574.159111623278,-145.156728287046,-5.06278652581223,0.0,Long,Closed
5,btc_any_breakout_down,0,0.05,0.25,0.0125,0.3,20,0.4525947231350827,0.3900414937759336,,2024-08-05 01:08:00+00:00,2024-08-05 02:07:00+00:00,0.09318,0.0909,30302.46948673713,-69.08963042976075,-2.4468770122343884,0.0,Long,Closed
5,btc_any_breakout_down,0,0.05,0.25,0.0125,0.3,20,0.4525947231350827,0.3900414937759336,,2024-08-05 02:10:00+00:00,2024-08-05 05:12:00+00:00,0.09181,0.08845,30528.888112898785,-102.57706405934005,-3.6597320553316672,0.0,Long,Closed
5,btc_any_breakout_down,0,0.05,0.25,0.0125,0.3,20,0.4525947231350827,0.3900414937759336,,2024-08-05 05:15:00+00:00,2024-08-05 06:21:00+00:00,0.09018,0.08686,30739.455515939626,-102.05499231291924,-3.6815258372144486,0.0,Long,Closed
5,btc_any_breakout_down,0,0.05,0.25,0.0125,0.3,20,0.4525947231350827,0.3900414937759336,,2024-08-05 06:22:00+00:00,2024-08-05 10:09:00+00:00,0.08627,0.08545,31777.76284610595,-26.05776553380656,-0.9505042309029673,0.0,Long,Closed
5,btc_any_breakout_down,0,0.05,0.25,0.0125,0.3,20,0.4525947231350827,0.3900414937759336,,2024-08-05 10:12:00+00:00,2024-08-05 11:26:00+00:00,0.08573,0.08119,31886.740593414423,-144.76580229410138,-5.295695789105327,0.0,Long,Closed
5,btc_any_breakout_down,0,0.05,0.25,0.0125,0.3,20,0.4525947231350827,0.3900414937759336,,2024-08-05 11:27:00+00:00,2024-08-05 18:53:00+00:00,0.08093,0.0934,33241.32621259345,414.5193378710401,15.40837761028048,0.0,Long,Closed
5,btc_any_breakout_down,0,0.05,0.25,0.0125,0.3,20,0.4525947231350827,0.3900414937759336,,2024-08-05 18:59:00+00:00,2024-08-06 12:45:00+00:00,0.09304,0.09501,30251.25034121346,59.594963172190546,2.1173688736027527,0.0,Long,Closed
5,btc_any_breakout_down,0,0.05,0.25,0.0125,0.3,20,0.4525947231350827,0.3900414937759336,,2024-08-06 13:23:00+00:00,2024-08-07 14:36:00+00:00,0.09427,0.09625,30046.19519145176,59.49146647907446,2.1003500583430563,0.0,Long,Closed
5,btc_any_breakout_down,0,0.05,0.25,0.0125,0.3,20,0.4525947231350827,0.3900414937759336,,2024-08-07 14:38:00+00:00,2024-08-08 00:45:00+00:00,0.09605,0.09389,29675.192718811864,-64.09841627263359,-2.248828735033835,0.0,Long,Closed
5,btc_any_breakout_down,0,0.05,0.25,0.0125,0.3,20,0.4525947231350827,0.3900414937759336,,2024-08-08 01:45:00+00:00,2024-08-09 13:37:00+00:00,0.09844,0.10237,28759.373585535246,113.02433819115367,3.992279561154008,0.0,Long,Closed
5,btc_any_breakout_down,0,0.05,0.25,0.0125,0.3,20,0.4525947231350827,0.3900414937759336,,2024-08-09 13:40:00+00:00,2024-08-11 15:09:00+00:00,0.10263,0.10418,27915.619577291585,43.26921034480165,1.5102796453278662,0.0,Long,Closed
5,btc_any_breakout_down,0,0.05,0.25,0.0125,0.3,20,0.4525947231350827,0.3900414937759336,,2024-08-11 20:04:00+00:00,2024-08-13 10:23:00+00:00,0.10229,0.10349,28135.309417546927,33.76237130105574,1.1731352038322216,0.0,Long,Closed
5,btc_any_breakout_down,0,0.05,0.25,0.0125,0.3,20,0.4525947231350827,0.3900414937759336,,2024-08-13 14:33:00+00:00,2024-08-14 14:11:00+00:00,0.10412,0.1016,27738.085974944213,-69.89997665685996,-2.420284287360756,0.0,Long,Closed
5,btc_any_breakout_down,0,0.05,0.25,0.0125,0.3,20,0.4525947231350827,0.3900414937759336,,2024-08-14 14:13:00+00:00,2024-08-15 18:12:00+00:00,0.10177,0.0994,28172.541207763916,-66.76892266240066,-2.3287805836690634,0.0,Long,Closed
5,btc_any_breakout_down,0,0.05,0.25,0.0125,0.3,20,0.4525947231350827,0.3900414937759336,,2024-08-15 18:14:00+00:00,2024-08-26 06:50:00+00:00,0.09963,0.10841,28576.6219202591,250.90274045987508,8.812606644584971,0.0,Long,Closed
5,btc_any_breakout_down,0,0.05,0.25,0.0125,0.3,20,0.4525947231350827,0.3900414937759336,,2024-08-26 09:32:00+00:00,2024-08-27 14:12:00+00:00,0.10851,0.10367,26931.708267011116,-130.34946801233355,-4.4604183946179985,0.0,Long,Closed
5,btc_any_breakout_down,0,0.05,0.25,0.0125,0.3,20,0.4525947231350827,0.3900414937759336,,2024-08-27 14:13:00+00:00,2024-08-27 22:14:00+00:00,0.10324,0.09752,27927.691046587333,-159.74639278647965,-5.540488182874858,0.0,Long,Closed
5,btc_any_breakout_down,0,0.05,0.25,0.0125,0.3,20,0.4525947231350827,0.3900414937759336,,2024-08-27 22:15:00+00:00,2024-09-01 22:18:00+00:00,0.09661,0.09681,29348.213495639502,5.86964269912778,0.20701790704895548,0.0,Long,Closed
5,btc_any_breakout_down,0,0.05,0.25,0.0125,0.3,20,0.4525947231350827,0.3900414937759336,,2024-09-01 22:21:00+00:00,2024-09-04 01:00:00+00:00,0.09635,0.09509,29445.6855072493,-37.101563739134235,-1.3077322262584368,0.0,Long,Closed
5,btc_any_breakout_down,0,0.05,0.25,0.0125,0.3,20,0.4525947231350827,0.3900414937759336,,2024-09-04 01:01:00+00:00,2024-09-06 14:06:00+00:00,0.09417,0.09431,30009.146538194007,4.201280515347207,0.14866730381225607,0.0,Long,Closed
5,btc_any_breakout_down,0,0.05,0.25,0.0125,0.3,20,0.4525947231350827,0.3900414937759336,,2024-09-06 14:09:00+00:00,2024-09-06 20:36:00+00:00,0.09472,0.09014,29848.202213432578,-136.7047661375209,-4.835304054054043,0.0,Long,Closed
5,btc_any_breakout_down,0,0.05,0.25,0.0125,0.3,20,0.4525947231350827,0.3900414937759336,,2024-09-06 20:48:00+00:00,2024-09-11 13:50:00+00:00,0.09005,0.09924,30940.702763076926,284.34505839267695,10.205441421432537,0.0,Long,Closed
5,btc_any_breakout_down,0,0.05,0.25,0.0125,0.3,20,0.4525947231350827,0.3900414937759336,,2024-09-11 13:53:00+00:00,2024-09-15 23:10:00+00:00,0.09876,0.10256,29075.676400697448,110.4875703226503,3.847711624139327,0.0,Long,Closed
5,btc_any_breakout_down,0,0.05,0.25,0.0125,0.3,20,0.4525947231350827,0.3900414937759336,,2024-09-15 23:11:00+00:00,2024-09-30 10:13:00+00:00,0.10243,0.1193,28357.51315463903,478.39124691876077,16.469784242897603,0.0,Long,Closed
5,btc_any_breakout_down,0,0.05,0.25,0.0125,0.3,20,0.4525947231350827,0.3900414937759336,,2024-09-30 18:13:00+00:00,2024-10-01 14:52:00+00:00,0.11763,0.1116,25913.265718824314,-156.2569922845105,-5.126243305279261,0.0,Long,Closed
5,btc_any_breakout_down,0,0.05,0.25,0.0125,0.3,20,0.4525947231350827,0.3900414937759336,,2024-10-01 15:03:00+00:00,2024-10-01 17:17:00+00:00,0.11077,0.10608,27094.884434593765,-127.07500799824447,-4.233998375011275,0.0,Long,Closed
5,btc_any_breakout_down,0,0.05,0.25,0.0125,0.3,20,0.4525947231350827,0.3900414937759336,,2024-10-01 17:18:00+00:00,2024-10-02 19:06:00+00:00,0.10505,0.10276,28207.309342412922,-64.59473839412567,-2.1799143265111876,0.0,Long,Closed
5,btc_any_breakout_down,0,0.05,0.25,0.0125,0.3,20,0.4525947231350827,0.3900414937759336,,2024-10-02 19:18:00+00:00,2024-10-08 13:25:00+00:00,0.10278,0.10715,28641.753501675812,125.16446280232321,4.251799961081919,0.0,Long,Closed
5,btc_any_breakout_down,0,0.05,0.25,0.0125,0.3,20,0.4525947231350827,0.3900414937759336,,2024-10-08 14:07:00+00:00,2024-10-10 16:32:00+00:00,0.1074,0.10472,27759.299476191223,-74.39492259619237,-2.4953445065176876,0.0,Long,Closed
5,btc_any_breakout_down,0,0.05,0.25,0.0125,0.3,20,0.4525947231350827,0.3900414937759336,,2024-10-10 17:09:00+00:00,2024-10-15 15:01:00+00:00,0.10425,0.11157,28383.98356800076,207.77075971776594,7.021582733812963,0.0,Long,Closed
5,btc_any_breakout_down,0,0.05,0.25,0.0125,0.3,20,0.4525947231350827,0.3900414937759336,,2024-10-15 15:05:00+00:00,2024-10-17 10:34:00+00:00,0.11168,0.12128,27053.73849283138,259.7158895311809,8.595988538681935,0.0,Long,Closed
5,btc_any_breakout_down,0,0.05,0.25,0.0125,0.3,20,0.4525947231350827,0.3900414937759336,,2024-10-17 13:46:00+00:00,2024-10-21 15:09:00+00:00,0.12237,0.13933,25327.092275384184,429.54748499051584,13.859606112609303,0.0,Long,Closed
5,btc_any_breakout_down,0,0.05,0.25,0.0125,0.3,20,0.4525947231350827,0.3900414937759336,,2024-10-22 00:30:00+00:00,2024-10-23 18:04:00+00:00,0.14199,0.13334,22734.985049904342,-196.6576206816726,-6.091978308331574,0.0,Long,Closed
5,btc_any_breakout_down,0,0.05,0.25,0.0125,0.3,20,0.4525947231350827,0.3900414937759336,,2024-10-25 13:59:00+00:00,2024-10-25 23:13:00+00:00,0.13864,0.13129,22858.79429480248,-168.0121380667988,-5.30150028851704,0.0,Long,Closed
5,btc_any_breakout_down,0,0.05,0.25,0.0125,0.3,20,0.4525947231350827,0.3900414937759336,,2024-10-25 23:14:00+00:00,2024-10-29 01:55:00+00:00,0.13104,0.16782,23799.905369439683,875.3605194879915,28.06776556776557,0.0,Long,Closed
5,btc_any_breakout_down,0,0.05,0.25,0.0125,0.3,20,0.4525947231350827,0.3900414937759336,,2024-10-29 02:25:00+00:00,2024-10-30 15:13:00+00:00,0.1676,0.16577,20175.105939485526,-36.92044386925818,-1.0918854415274366,0.0,Long,Closed
5,btc_any_breakout_down,0,0.05,0.25,0.0125,0.3,20,0.4525947231350827,0.3900414937759336,,2024-10-30 15:14:00+00:00,2024-10-31 19:58:00+00:00,0.16577,0.15931,20331.010570652088,-131.33832828641243,-3.8969656753332913,0.0,Long,Closed
5,btc_any_breakout_down,0,0.05,0.25,0.0125,0.3,20,0.4525947231350827,0.3900414937759336,,2024-10-31 19:59:00+00:00,2024-11-01 15:41:00+00:00,0.15933,0.16029,20905.4799711986,20.069260772350844,0.6025230653361006,0.0,Long,Closed
5,btc_any_breakout_down,0,0.05,0.25,0.0125,0.3,20,0.4525947231350827,0.3900414937759336,,2024-11-01 15:45:00+00:00,2024-11-03 02:22:00+00:00,0.15957,0.15482,20911.768515653184,-99.3309004493517,-2.976750015667078,0.0,Long,Closed
5,btc_any_breakout_down,0,0.05,0.25,0.0125,0.3,20,0.4525947231350827,0.3900414937759336,,2024-11-03 02:25:00+00:00,2024-11-03 15:51:00+00:00,0.15344,0.1451,21552.99551556291,-179.75198259979425,-5.435349322210623,0.0,Long,Closed
5,btc_any_breakout_down,0,0.05,0.25,0.0125,0.3,20,0.4525947231350827,0.3900414937759336,,2024-11-03 15:55:00+00:00,2024-11-05 19:50:00+00:00,0.14577,0.16885,22317.11625936773,515.079043266207,15.833161830280574,0.0,Long,Closed
5,btc_any_breakout_down,0,0.05,0.25,0.0125,0.3,20,0.4525947231350827,0.3900414937759336,,2024-11-05 19:52:00+00:00,2024-11-06 03:06:00+00:00,0.16882,0.21136,20185.34385800199,858.6845277194047,25.198436204241204,0.0,Long,Closed
5,btc_any_breakout_down,0,0.05,0.25,0.0125,0.3,20,0.4525947231350827,0.3900414937759336,,2024-11-06 03:08:00+00:00,2024-11-06 05:01:00+00:00,0.21247,0.20225,17250.88298782754,-176.30402413559705,-4.810090836353357,0.0,Long,Closed
5,btc_any_breakout_down,0,0.05,0.25,0.0125,0.3,20,0.4525947231350827,0.3900414937759336,,2024-11-06 05:02:00+00:00,2024-11-06 07:42:00+00:00,0.20012,0.198,18051.18879263961,-38.268520240395446,-1.0593643813711628,0.0,Long,Closed
5,btc_any_breakout_down,0,0.05,0.25,0.0125,0.3,20,0.4525947231350827,0.3900414937759336,,2024-11-06 07:46:00+00:00,2024-11-06 08:03:00+00:00,0.20011,0.19181,17994.71962975823,-149.35617292699362,-4.147718754684932,0.0,Long,Closed
5,btc_any_breakout_down,0,0.05,0.25,0.0125,0.3,20,0.4525947231350827,0.3900414937759336,,2024-11-06 08:10:00+00:00,2024-11-06 14:49:00+00:00,0.19075,0.19414,18642.81254643681,63.199134532420885,1.7771952817824406,0.0,Long,Closed
5,btc_any_breakout_down,0,0.05,0.25,0.0125,0.3,20,0.4525947231350827,0.3900414937759336,,2024-11-06 14:50:00+00:00,2024-11-07 15:09:00+00:00,0.19338,0.19049,18487.311167610653,-53.428329274394855,-1.4944668528286296,0.0,Long,Closed
5,btc_any_breakout_down,0,0.05,0.25,0.0125,0.3,20,0.4525947231350827,0.3900414937759336,,2024-11-07 16:10:00+00:00,2024-11-10 12:08:00+00:00,0.19358,0.2433,18385.41034616298,914.1226024112229,25.684471536315723,0.0,Long,Closed
5,btc_any_breakout_down,0,0.05,0.25,0.0125,0.3,20,0.4525947231350827,0.3900414937759336,,2024-11-10 12:12:00+00:00,2024-11-10 20:42:00+00:00,0.2418,0.26159,15853.120411636046,313.73325294627693,8.184449958643496,0.0,Long,Closed
5,btc_any_breakout_down,0,0.05,0.25,0.0125,0.3,20,0.4525947231350827,0.3900414937759336,,2024-11-10 21:12:00+00:00,2024-11-10 22:35:00+00:00,0.24802,0.26878,15835.031414472538,328.73525216445023,8.370292718329175,0.0,Long,Closed
5,btc_any_breakout_down,0,0.05,0.25,0.0125,0.3,20,0.4525947231350827,0.3900414937759336,,2024-11-10 22:37:00+00:00,2024-11-11 05:27:00+00:00,0.27345,0.27866,14723.075761809521,76.70722471902809,1.9052843298592181,0.0,Long,Closed
5,btc_any_breakout_down,0,0.05,0.25,0.0125,0.3,20,0.4525947231350827,0.3900414937759336,,2024-11-11 06:44:00+00:00,2024-11-11 23:33:00+00:00,0.27676,0.34709,14630.138872967633,1028.937666935814,25.41190923543865,0.0,Long,Closed
5,btc_any_breakout_down,0,0.05,0.25,0.0125,0.3,20,0.4525947231350827,0.3900414937759336,,2024-11-11 23:34:00+00:00,2024-11-12 00:19:00+00:00,0.34537,0.32756,12617.536365530492,-224.71832267009813,-5.156788371891017,0.0,Long,Closed
5,btc_any_breakout_down,0,0.05,0.25,0.0125,0.3,20,0.4525947231350827,0.3900414937759336,,2024-11-12 00:20:00+00:00,2024-11-12 02:52:00+00:00,0.33075,0.34597,12971.437755894898,197.42528264472094,4.601662887377187,0.0,Long,Closed
5,btc_any_breakout_down,0,0.05,0.25,0.0125,0.3,20,0.4525947231350827,0.3900414937759336,,2024-11-12 03:01:00+00:00,2024-11-12 10:03:00+00:00,0.3502,0.40228,12420.133131226878,646.8405334742965,14.871501998857815,0.0,Long,Closed
5,btc_any_breakout_down,0,0.05,0.25,0.0125,0.3,20,0.4525947231350827,0.3900414937759336,,2024-11-12 10:06:00+00:00,2024-11-12 10:35:00+00:00,0.38695,0.38803,11742.041045607808,12.681404329256111,0.27910582762630126,0.0,Long,Closed
5,btc_any_breakout_down,0,0.05,0.25,0.0125,0.3,20,0.4525947231350827,0.3900414937759336,,2024-11-12 10:36:00+00:00,2024-11-12 10:49:00+00:00,0.37827,0.35846,12021.538065129982,-238.14666907022456,-5.237000026436135,0.0,Long,Closed
5,btc_any_breakout_down,0,0.05,0.25,0.0125,0.3,20,0.4525947231350827,0.3900414937759336,,2024-11-12 10:50:00+00:00,2024-11-12 12:44:00+00:00,0.35381,0.37578,12650.697275870245,277.93581915086907,6.209547497244279,0.0,Long,Closed
5,btc_any_breakout_down,0,0.05,0.25,0.0125,0.3,20,0.4525947231350827,0.3900414937759336,,2024-11-12 12:51:00+00:00,2024-11-12 13:36:00+00:00,0.36447,0.35545,12509.46291579804,-112.83535550049874,-2.4748264603396803,0.0,Long,Closed
5,btc_any_breakout_down,0,0.05,0.25,0.0125,0.3,20,0.4525947231350827,0.3900414937759336,,2024-11-12 13:37:00+00:00,2024-11-12 16:09:00+00:00,0.35521,0.36077,12740.275730612208,70.83593306220337,1.5652712479941333,0.0,Long,Closed
5,btc_any_breakout_down,0,0.05,0.25,0.0125,0.3,20,0.4525947231350827,0.3900414937759336,,2024-11-12 16:11:00+00:00,2024-11-12 21:03:00+00:00,0.35903,0.37426,12663.911434112535,192.87137114153302,4.241985349413678,0.0,Long,Closed
5,btc_any_breakout_down,0,0.05,0.25,0.0125,0.3,20,0.4525947231350827,0.3900414937759336,,2024-11-12 21:04:00+00:00,2024-11-13 01:21:00+00:00,0.37463,0.38917,12291.021897690744,178.71145839242308,3.8811627472439394,0.0,Long,Closed
5,btc_any_breakout_down,0,0.05,0.25,0.0125,0.3,20,0.4525947231350827,0.3900414937759336,,2024-11-13 01:24:00+00:00,2024-11-13 04:33:00+00:00,0.38825,0.36866,11997.936821763325,-235.03958233834328,-5.045717965228584,0.0,Long,Closed
5,btc_any_breakout_down,0,0.05,0.25,0.0125,0.3,20,0.4525947231350827,0.3900414937759336,,2024-11-13 04:36:00+00:00,2024-11-13 15:03:00+00:00,0.36319,0.40964,12631.644859021746,586.7399037015603,12.78944904870729,0.0,Long,Closed
5,btc_any_breakout_down,0,0.05,0.25,0.0125,0.3,20,0.4525947231350827,0.3900414937759336,,2024-11-13 15:06:00+00:00,2024-11-13 18:50:00+00:00,0.41076,0.40246,11597.305159846564,-96.25763282672688,-2.020644658681477,0.0,Long,Closed
5,btc_any_breakout_down,0,0.05,0.25,0.0125,0.3,20,0.4525947231350827,0.3900414937759336,,2024-11-13 19:03:00+00:00,2024-11-13 21:17:00+00:00,0.39507,0.37437,11984.79200549411,-248.0851945137283,-5.239577796339894,0.0,Long,Closed
5,btc_any_breakout_down,0,0.05,0.25,0.0125,0.3,20,0.4525947231350827,0.3900414937759336,,2024-11-13 21:19:00+00:00,2024-11-14 14:43:00+00:00,0.37283,0.39276,12500.08373590226,249.12666885653198,5.345599871254994,0.0,Long,Closed
5,btc_any_breakout_down,0,0.05,0.25,0.0125,0.3,20,0.4525947231350827,0.3900414937759336,,2024-11-14 14:44:00+00:00,2024-11-14 22:31:00+00:00,0.39479,0.37767,11994.083487204334,-205.3387093009378,-4.336482686998143,0.0,Long,Closed
5,btc_any_breakout_down,0,0.05,0.25,0.0125,0.3,20,0.4525947231350827,0.3900414937759336,,2024-11-14 22:33:00+00:00,2024-11-14 23:35:00+00:00,0.37541,0.35628,12449.16919400953,-238.15260668140218,-5.095761966916169,0.0,Long,Closed
5,btc_any_breakout_down,0,0.05,0.25,0.0125,0.3,20,0.4525947231350827,0.3900414937759336,,2024-11-14 23:40:00+00:00,2024-11-15 14:36:00+00:00,0.35264,0.36082,13050.410688290318,106.75235943021471,2.3196460980036275,0.0,Long,Closed
5,btc_any_breakout_down,0,0.05,0.25,0.0125,0.3,20,0.4525947231350827,0.3900414937759336,,2024-11-15 14:39:00+00:00,2024-11-17 01:45:00+00:00,0.36003,0.35756,12871.489967357615,-31.79258021937312,-0.6860539399494446,0.0,Long,Closed
5,btc_any_breakout_down,0,0.05,0.25,0.0125,0.3,20,0.4525947231350827,0.3900414937759336,,2024-11-17 02:07:00+00:00,2024-11-18 13:06:00+00:00,0.34567,0.36036,13378.61185200321,196.53180810592767,4.249717939074851,0.0,Long,Closed
5,btc_any_breakout_down,0,0.05,0.25,0.0125,0.3,20,0.4525947231350827,0.3900414937759336,,2024-11-18 13:07:00+00:00,2024-11-19 20:53:00+00:00,0.35941,0.38753,13031.201973550342,366.43739949623523,7.823933669068743,0.0,Long,Closed
5,btc_any_breakout_down,0,0.05,0.25,0.0125,0.3,20,0.4525947231350827,0.3900414937759336,,2024-11-19 20:54:00+00:00,2024-11-20 16:31:00+00:00,0.38666,0.37558,12397.133194958358,-137.36023580013807,-2.865566647700811,0.0,Long,Closed
5,btc_any_breakout_down,0,0.05,0.25,0.0125,0.3,20,0.4525947231350827,0.3900414937759336,,2024-11-20 17:20:00+00:00,2024-11-23 16:23:00+00:00,0.37709,0.4146,12602.475404870342,472.7188524366866,9.947227452332335,0.0,Long,Closed
5,btc_any_breakout_down,0,0.05,0.25,0.0125,0.3,20,0.4525947231350827,0.3900414937759336,,2024-11-24 12:32:00+00:00,2024-11-25 14:51:00+00:00,0.41199,0.40614,11879.130819081927,-69.49291529162929,-1.419937377120804,0.0,Long,Closed
5,btc_any_breakout_down,0,0.05,0.25,0.0125,0.3,20,0.4525947231350827,0.3900414937759336,,2024-11-25 14:56:00+00:00,2024-11-25 17:40:00+00:00,0.40565,0.39974,12013.39882057457,-70.99918702959621,-1.4569209910021057,0.0,Long,Closed
5,btc_any_breakout_down,0,0.05,0.25,0.0125,0.3,20,0.4525947231350827,0.3900414937759336,,2024-11-25 18:44:00+00:00,2024-11-25 22:35:00+00:00,0.40023,0.38256,12122.868039520265,-214.21107825832223,-4.414961397196595,0.0,Long,Closed
5,btc_any_breakout_down,0,0.05,0.25,0.0125,0.3,20,0.4525947231350827,0.3900414937759336,,2024-11-25 22:38:00+00:00,2024-11-26 10:13:00+00:00,0.38115,0.38681,12561.123316226416,71.09595796984195,1.4849796667978576,0.0,Long,Closed
5,btc_any_breakout_down,0,0.05,0.25,0.0125,0.3,20,0.4525947231350827,0.3900414937759336,,2024-11-26 11:31:00+00:00,2024-11-26 18:35:00+00:00,0.36677,0.37057,13111.76197445443,49.82469550292717,1.0360716525342928,0.0,Long,Closed
5,btc_any_breakout_down,0,0.05,0.25,0.0125,0.3,20,0.4525947231350827,0.3900414937759336,,2024-11-26 18:59:00+00:00,2024-12-02 08:18:00+00:00,0.37401,0.41968,12897.912751053524,589.0476753406147,12.21090345177937,0.0,Long,Closed
5,btc_any_breakout_down,0,0.05,0.25,0.0125,0.3,20,0.4525947231350827,0.3900414937759336,,2024-12-02 08:19:00+00:00,2024-12-02 17:58:00+00:00,0.41961000000000004,0.40892,11917.405806877132,-127.39706807551647,-2.5476037272705594,0.0,Long,Closed
5,btc_any_breakout_down,0,0.05,0.25,0.0125,0.3,20,0.4525947231350827,0.3900414937759336,,2024-12-03 07:03:00+00:00,2024-12-03 13:55:00+00:00,0.41511,0.3917,11954.526583799618,-279.855467326749,-5.639469056394691,0.0,Long,Closed
5,btc_any_breakout_down,0,0.05,0.25,0.0125,0.3,20,0.4525947231350827,0.3900414937759336,,2024-12-03 14:34:00+00:00,2024-12-05 07:16:00+00:00,0.38827,0.43173,12564.676359242365,546.0608345726732,11.19324181626188,0.0,Long,Closed
5,btc_any_breakout_down,0,0.05,0.25,0.0125,0.3,20,0.4525947231350827,0.3900414937759336,,2024-12-05 14:36:00+00:00,2024-12-05 20:16:00+00:00,0.44912,0.42818,11227.07770835152,-235.09500721288077,-4.662451015318844,0.0,Long,Closed
5,btc_any_breakout_down,0,0.05,0.25,0.0125,0.3,20,0.4525947231350827,0.3900414937759336,,2024-12-05 20:17:00+00:00,2024-12-09 07:13:00+00:00,0.42774,0.43986,11623.361477091155,140.87514110234406,2.8334969841492343,0.0,Long,Closed
5,btc_any_breakout_down,0,0.05,0.25,0.0125,0.3,20,0.4525947231350827,0.3900414937759336,,2024-12-09 07:16:00+00:00,2024-12-09 20:25:00+00:00,0.43991,0.42256,11397.874975657918,-197.7531308276648,-3.943988543111089,0.0,Long,Closed
5,btc_any_breakout_down,0,0.05,0.25,0.0125,0.3,20,0.4525947231350827,0.3900414937759336,,2024-12-09 20:28:00+00:00,2024-12-09 21:04:00+00:00,0.42169999999999996,0.39012,11749.379277432716,-371.0453975813243,-7.48873606829498,0.0,Long,Closed
5,btc_any_breakout_down,0,0.05,0.25,0.0125,0.3,20,0.4525947231350827,0.3900414937759336,,2024-12-09 21:05:00+00:00,2024-12-09 22:21:00+00:00,0.38376,0.39717,12620.90791645554,169.2463751596688,3.4943714821763603,0.0,Long,Closed
5,btc_any_breakout_down,0,0.05,0.25,0.0125,0.3,20,0.4525947231350827,0.3900414937759336,,2024-12-09 22:22:00+00:00,2024-12-10 02:56:00+00:00,0.39273,0.39846,12461.929403322585,71.40685548103738,1.4590176457107724,0.0,Long,Closed
5,btc_any_breakout_down,0,0.05,0.25,0.0125,0.3,20,0.4525947231350827,0.3900414937759336,,2024-12-10 02:57:00+00:00,2024-12-10 15:39:00+00:00,0.39801,0.38471,12350.432379114069,-164.26075064221732,-3.3416245822969315,0.0,Long,Closed
5,btc_any_breakout_down,0,0.05,0.25,0.0125,0.3,20,0.4525947231350827,0.3900414937759336,,2024-12-10 15:42:00+00:00,2024-12-10 17:58:00+00:00,0.38101,0.36776,12772.151297914817,-169.23100469737165,-3.4775990131492676,0.0,Long,Closed
5,btc_any_breakout_down,0,0.05,0.25,0.0125,0.3,20,0.4525947231350827,0.3900414937759336,,2024-12-10 17:59:00+00:00,2024-12-11 01:26:00+00:00,0.36697,0.37803,13122.457052645485,145.13437500225882,3.0138703436248147,0.0,Long,Closed
5,btc_any_breakout_down,0,0.05,0.25,0.0125,0.3,20,0.4525947231350827,0.3900414937759336,,2024-12-11 01:27:00+00:00,2024-12-16 14:57:00+00:00,0.37723,0.39713,12880.970169684255,256.3313063767164,5.275296238369158,0.0,Long,Closed
5,btc_any_breakout_down,0,0.05,0.25,0.0125,0.3,20,0.4525947231350827,0.3900414937759336,,2024-12-16 15:01:00+00:00,2024-12-18 01:52:00+00:00,0.39773,0.39041,12410.398433668584,-90.84411653445386,-1.8404445226661268,0.0,Long,Closed
5,btc_any_breakout_down,0,0.05,0.25,0.0125,0.3,20,0.4525947231350827,0.3900414937759336,,2024-12-18 01:53:00+00:00,2024-12-18 20:05:00+00:00,0.39042,0.37045,12572.958695924057,-251.0819851576025,-5.115004354285111,0.0,Long,Closed
5,btc_any_breakout_down,0,0.05,0.25,0.0125,0.3,20,0.4525947231350827,0.3900414937759336,,2024-12-18 20:06:00+00:00,2024-12-19 02:11:00+00:00,0.3681,0.34601,13130.698012810079,-290.05711910297487,-6.001086661233366,0.0,Long,Closed
5,btc_any_breakout_down,0,0.05,0.25,0.0125,0.3,20,0.4525947231350827,0.3900414937759336,,2024-12-19 02:12:00+00:00,2024-12-19 15:24:00+00:00,0.34558,0.34443,13734.570295689846,-15.794755840042853,-0.3327738873777319,0.0,Long,Closed
5,btc_any_breakout_down,0,0.05,0.25,0.0125,0.3,20,0.4525947231350827,0.3900414937759336,,2024-12-19 15:26:00+00:00,2024-12-19 17:49:00+00:00,0.34712,0.33391,13659.986102882245,-180.44841641907442,-3.805600368748559,0.0,Long,Closed
5,btc_any_breakout_down,0,0.05,0.25,0.0125,0.3,20,0.4525947231350827,0.3900414937759336,,2024-12-19 17:51:00+00:00,2024-12-19 18:11:00+00:00,0.33139,0.31201,14145.025049358042,-274.13058545655895,-5.848094390295424,0.0,Long,Closed
5,btc_any_breakout_down,0,0.05,0.25,0.0125,0.3,20,0.4525947231350827,0.3900414937759336,,2024-12-19 18:13:00+00:00,2024-12-19 20:10:00+00:00,0.31084,0.30077,14815.598621380112,-149.19307811729777,-3.2396088019559914,0.0,Long,Closed
5,btc_any_breakout_down,0,0.05,0.25,0.0125,0.3,20,0.4525947231350827,0.3900414937759336,,2024-12-19 20:11:00+00:00,2024-12-20 08:17:00+00:00,0.30442,0.30901,14981.022114298024,68.76289150462708,1.5077852966296375,0.0,Long,Closed
5,btc_any_breakout_down,0,0.05,0.25,0.0125,0.3,20,0.4525947231350827,0.3900414937759336,,2024-12-20 08:39:00+00:00,2024-12-20 10:11:00+00:00,0.30588,0.28812,14976.957040296827,-265.9907570356718,-5.806198509219305,0.0,Long,Closed
5,btc_any_breakout_down,0,0.05,0.25,0.0125,0.3,20,0.4525947231350827,0.3900414937759336,,2024-12-20 10:14:00+00:00,2024-12-20 11:23:00+00:00,0.28061,0.27566,16041.318528831085,-79.40452671771436,-1.7640141121129078,0.0,Long,Closed
5,btc_any_breakout_down,0,0.05,0.25,0.0125,0.3,20,0.4525947231350827,0.3900414937759336,,2024-12-20 11:25:00+00:00,2024-12-21 07:43:00+00:00,0.27428,0.34901,16324.679285255857,1219.9432829871694,27.24588012250253,0.0,Long,Closed
5,btc_any_breakout_down,0,0.05,0.25,0.0125,0.3,20,0.4525947231350827,0.3900414937759336,,2024-12-21 13:22:00+00:00,2024-12-22 14:30:00+00:00,0.31977,0.31137,15146.874376133246,-127.23374475951914,-2.626888075804482,0.0,Long,Closed
5,btc_any_breakout_down,0,0.05,0.25,0.0125,0.3,20,0.4525947231350827,0.3900414937759336,,2024-12-22 14:59:00+00:00,2024-12-23 01:17:00+00:00,0.30988,0.30444,15507.118548561613,-84.35872490417569,-1.7555182651349015,0.0,Long,Closed
5,btc_any_breakout_down,0,0.05,0.25,0.0125,0.3,20,0.4525947231350827,0.3900414937759336,,2024-12-23 02:11:00+00:00,2024-12-23 14:48:00+00:00,0.30539,0.30574,15652.242307727887,5.4782848077047674,0.11460755100036035,0.0,Long,Closed
5,btc_any_breakout_down,0,0.05,0.25,0.0125,0.3,20,0.4525947231350827,0.3900414937759336,,2024-12-23 14:51:00+00:00,2024-12-26 08:01:00+00:00,0.30527,0.32301,15663.77883119642,277.8754364654251,5.811249058210777,0.0,Long,Closed
5,btc_any_breakout_down,0,0.05,0.25,0.0125,0.3,20,0.4525947231350827,0.3900414937759336,,2024-12-26 08:05:00+00:00,2025-01-07 15:07:00+00:00,0.32221,0.37215,15098.986359017284,754.0433787693228,15.499208590670671,0.0,Long,Closed
5,btc_any_breakout_down,0,0.05,0.25,0.0125,0.3,20,0.4525947231350827,0.3900414937759336,,2025-01-07 15:10:00+00:00,2025-01-07 20:53:00+00:00,0.36914,0.35214,13792.212733298356,-234.4676164660723,-4.605298802622316,0.0,Long,Closed
5,btc_any_breakout_down,0,0.05,0.25,0.0125,0.3,20,0.4525947231350827,0.3900414937759336,,2025-01-07 21:40:00+00:00,2025-01-08 17:08:00+00:00,0.34879,0.33457,14395.24391017499,-204.70036840268858,-4.0769517474698285,0.0,Long,Closed
5,btc_any_breakout_down,0,0.05,0.25,0.0125,0.3,20,0.4525947231350827,0.3900414937759336,,2025-01-08 17:11:00+00:00,2025-01-09 13:38:00+00:00,0.33438,0.32322,14831.948719747377,-165.5245477123808,-3.337520186614033,0.0,Long,Closed
5,btc_any_breakout_down,0,0.05,0.25,0.0125,0.3,20,0.4525947231350827,0.3900414937759336,,2025-01-09 14:42:00+00:00,2025-01-09 17:52:00+00:00,0.31845,0.31837,15417.960899969894,-1.2334368719975828,-0.02512168315277106,0.0,Long,Closed
5,btc_any_breakout_down,0,0.05,0.25,0.0125,0.3,20,0.4525947231350827,0.3900414937759336,,2025-01-09 17:53:00+00:00,2025-01-13 06:47:00+00:00,0.31879,0.32616,15400.356402439895,113.50062668598184,2.311866746133815,0.0,Long,Closed
5,btc_any_breakout_down,0,0.05,0.25,0.0125,0.3,20,0.4525947231350827,0.3900414937759336,,2025-01-13 06:51:00+00:00,2025-01-17 12:46:00+00:00,0.32577,0.41244,15174.908080976176,1315.2092833782053,26.60465972925684,0.0,Long,Closed
5,btc_any_breakout_down,0,0.05,0.25,0.0125,0.3,20,0.4525947231350827,0.3900414937759336,,2025-01-17 14:41:00+00:00,2025-01-18 05:57:00+00:00,0.41138,0.38676,12976.062498305873,-319.470658708291,-5.984734308911476,0.0,Long,Closed
5,btc_any_breakout_down,0,0.05,0.25,0.0125,0.3,20,0.4525947231350827,0.3900414937759336,,2025-01-18 05:59:00+00:00,2025-01-19 08:47:00+00:00,0.38764,0.3771,13523.50478005516,-142.53774038178108,-2.7190176452378436,0.0,Long,Closed
5,btc_any_breakout_down,0,0.05,0.25,0.0125,0.3,20,0.4525947231350827,0.3900414937759336,,2025-01-19 09:15:00+00:00,2025-01-19 21:47:00+00:00,0.36692,0.37399,14170.636844069682,100.1864024875722,1.9268505396271576,0.0,Long,Closed
5,btc_any_breakout_down,0,0.05,0.25,0.0125,0.3,20,0.4525947231350827,0.3900414937759336,,2025-01-19 21:48:00+00:00,2025-01-19 22:48:00+00:00,0.37431,0.35297,13971.16291729401,-298.14461665505314,-5.70115679516976,0.0,Long,Closed
5,btc_any_breakout_down,0,0.05,0.25,0.0125,0.3,20,0.4525947231350827,0.3900414937759336,,2025-01-19 22:49:00+00:00,2025-01-20 00:38:00+00:00,0.35847,0.34856,14339.00356117891,-142.0995252912835,-2.7645270176025987,0.0,Long,Closed
5,btc_any_breakout_down,0,0.05,0.25,0.0125,0.3,20,0.4525947231350827,0.3900414937759336,,2025-01-20 00:39:00+00:00,2025-01-20 12:20:00+00:00,0.34864,0.36551,14621.020964285279,246.65662366749257,4.83880220284534,0.0,Long,Closed
5,btc_any_breakout_down,0,0.05,0.25,0.0125,0.3,20,0.4525947231350827,0.3900414937759336,,2025-01-20 12:22:00+00:00,2025-01-20 17:39:00+00:00,0.36722,0.35449,14082.756211776774,-179.27348657591756,-3.4665867872120106,0.0,Long,Closed
5,btc_any_breakout_down,0,0.05,0.25,0.0125,0.3,20,0.4525947231350827,0.3900414937759336,,2025-01-20 17:40:00+00:00,2025-01-21 00:57:00+00:00,0.35529,0.34482,14404.254806259369,-150.8125478215352,-2.9468884573165504,0.0,Long,Closed
5,btc_any_breakout_down,0,0.05,0.25,0.0125,0.3,20,0.4525947231350827,0.3900414937759336,,2025-01-21 00:58:00+00:00,2025-01-22 08:47:00+00:00,0.34448,0.36315,14724.930114286552,274.91444523372957,5.419763121226189,0.0,Long,Closed
5,btc_any_breakout_down,0,0.05,0.25,0.0125,0.3,20,0.4525947231350827,0.3900414937759336,,2025-01-22 13:51:00+00:00,2025-01-23 10:41:00+00:00,0.36101,0.34687,14279.15642043032,-201.90727178488487,-3.9167890086147223,0.0,Long,Closed
5,btc_any_breakout_down,0,0.05,0.25,0.0125,0.3,20,0.4525947231350827,0.3900414937759336,,2025-01-23 10:44:00+00:00,2025-01-26 23:01:00+00:00,0.34689,0.34224,14685.76804694308,-68.2888214182849,-1.3404825737265333,0.0,Long,Closed
5,btc_any_breakout_down,0,0.05,0.25,0.0125,0.3,20,0.4525947231350827,0.3900414937759336,,2025-01-26 23:06:00+00:00,2025-01-27 05:51:00+00:00,0.34155,0.31902,14855.392860133505,-334.6920011388074,-6.596398770311805,0.0,Long,Closed
5,btc_any_breakout_down,0,0.05,0.25,0.0125,0.3,20,0.4525947231350827,0.3900414937759336,,2025-01-27 06:16:00+00:00,2025-01-28 20:50:00+00:00,0.31868,0.32033,15606.413427378426,25.750582155174015,0.5177607631479776,0.0,Long,Closed
5,btc_any_breakout_down,0,0.05,0.25,0.0125,0.3,20,0.4525947231350827,0.3900414937759336,,2025-01-28 20:52:00+00:00,2025-02-01 22:19:00+00:00,0.32066,0.31011,15534.138981112423,-163.8851662507359,-3.2900891910434695,0.0,Long,Closed
5,btc_any_breakout_down,0,0.05,0.25,0.0125,0.3,20,0.4525947231350827,0.3900414937759336,,2025-02-02 03:10:00+00:00,2025-02-02 16:48:00+00:00,0.30558,0.28272,16139.83721385002,-368.95667870861143,-7.4808560769683865,0.0,Long,Closed
5,btc_any_breakout_down,0,0.05,0.25,0.0125,0.3,20,0.4525947231350827,0.3900414937759336,,2025-02-02 17:24:00+00:00,2025-02-02 22:39:00+00:00,0.27693,0.25983,17409.903052019305,-297.7093421895297,-6.174845628859271,0.0,Long,Closed
5,btc_any_breakout_down,0,0.05,0.25,0.0125,0.3,20,0.4525947231350827,0.3900414937759336,,2025-02-02 22:40:00+00:00,2025-02-03 00:35:00+00:00,0.25477,0.25129,18573.66114353671,-64.63634077950792,-1.3659379047768612,0.0,Long,Closed
5,btc_any_breakout_down,0,0.05,0.25,0.0125,0.3,20,0.4525947231350827,0.3900414937759336,,2025-02-03 00:37:00+00:00,2025-02-03 01:45:00+00:00,0.2505,0.24305,18812.85727467064,-140.15578669629576,-2.974051896207574,0.0,Long,Closed
5,btc_any_breakout_down,0,0.05,0.25,0.0125,0.3,20,0.4525947231350827,0.3900414937759336,,2025-02-03 01:47:00+00:00,2025-02-03 01:55:00+00:00,0.23981999999999998,0.221,19475.331545726407,-366.52573969057084,-7.8475523309148505,0.0,Long,Closed
5,btc_any_breakout_down,0,0.05,0.25,0.0125,0.3,20,0.4525947231350827,0.3900414937759336,,2025-02-03 01:59:00+00:00,2025-02-03 02:05:00+00:00,0.22922999999999996,0.21806,19895.37272341725,-222.23131332056983,-4.8728351437420745,0.0,Long,Closed
5,btc_any_breakout_down,0,0.05,0.25,0.0125,0.3,20,0.4525947231350827,0.3900414937759336,,2025-02-03 02:06:00+00:00,2025-02-03 04:25:00+00:00,0.21048,0.22809,21350.94496100705,375.99014076333333,8.366590649942967,0.0,Long,Closed
5,btc_any_breakout_down,0,0.05,0.25,0.0125,0.3,20,0.4525947231350827,0.3900414937759336,,2025-02-03 04:27:00+00:00,2025-02-03 14:08:00+00:00,0.22708000000000003,0.24342,20286.876596889924,331.4875635931812,7.195701955258055,0.0,Long,Closed
5,btc_any_breakout_down,0,0.05,0.25,0.0125,0.3,20,0.4525947231350827,0.3900414937759336,,2025-02-03 14:35:00+00:00,2025-02-04 05:04:00+00:00,0.2544,0.27388,18499.175340800783,360.3639356387994,7.657232704402518,0.0,Long,Closed
5,btc_any_breakout_down,0,0.05,0.25,0.0125,0.3,20,0.4525947231350827,0.3900414937759336,,2025-02-04 05:05:00+00:00,2025-02-04 05:34:00+00:00,0.27298,0.2592,17636.08831193259,-243.0252969384319,-5.047988863653031,0.0,Long,Closed
5,btc_any_breakout_down,0,0.05,0.25,0.0125,0.3,20,0.4525947231350827,0.3900414937759336,,2025-02-04 05:38:00+00:00,2025-02-04 20:24:00+00:00,0.25884,0.26148,18317.848084955294,48.35911894428136,1.0199350950393935,0.0,Long,Closed
5,btc_any_breakout_down,0,0.05,0.25,0.0125,0.3,20,0.4525947231350827,0.3900414937759336,,2025-02-04 20:44:00+00:00,2025-02-05 18:13:00+00:00,0.26392,0.25544,18020.231638349174,-152.81156429320072,-3.2130948772355206,0.0,Long,Closed
5,btc_any_breakout_down,0,0.05,0.25,0.0125,0.3,20,0.4525947231350827,0.3900414937759336,,2025-02-05 20:44:00+00:00,2025-02-06 15:31:00+00:00,0.25475,0.25037,18488.9345032587,-80.98153312427257,-1.7193326790971428,0.0,Long,Closed
5,btc_any_breakout_down,0,0.05,0.25,0.0125,0.3,20,0.4525947231350827,0.3900414937759336,,2025-02-06 16:26:00+00:00,2025-02-07 20:05:00+00:00,0.2483,0.24791,18871.37174695075,-7.359834981310996,-0.15706806282722946,0.0,Long,Closed
5,btc_any_breakout_down,0,0.05,0.25,0.0125,0.3,20,0.4525947231350827,0.3900414937759336,,2025-02-09 21:43:00+00:00,2025-02-14 21:10:00+00:00,0.24327999999999997,0.27196,19251.700321742348,552.1387652275707,11.78888523512003,0.0,Long,Closed
5,btc_any_breakout_down,0,0.05,0.25,0.0125,0.3,20,0.4525947231350827,0.3900414937759336,,2025-02-16 23:05:00+00:00,2025-02-18 14:35:00+00:00,0.26604,0.25272,18227.31650820083,-242.7878558892353,-5.0067658998646865,0.0,Long,Closed
5,btc_any_breakout_down,0,0.05,0.25,0.0125,0.3,20,0.4525947231350827,0.3900414937759336,,2025-02-18 14:41:00+00:00,2025-02-21 17:39:00+00:00,0.25126,0.24664,19009.627187276044,-87.82447760521518,-1.838732786754753,0.0,Long,Closed
5,btc_any_breakout_down,0,0.05,0.25,0.0125,0.3,20,0.4525947231350827,0.3900414937759336,,2025-02-21 17:44:00+00:00,2025-02-24 13:15:00+00:00,0.246,0.23143,19308.99017802201,-281.3319868937806,-5.922764227642274,0.0,Long,Closed
5,btc_any_breakout_down,0,0.05,0.25,0.0125,0.3,20,0.4525947231350827,0.3900414937759336,,2025-02-24 14:42:00+00:00,2025-02-24 22:01:00+00:00,0.22694,0.21536,20558.790815745484,-238.07079764633272,-5.102670309332864,0.0,Long,Closed
5,btc_any_breakout_down,0,0.05,0.25,0.0125,0.3,20,0.4525947231350827,0.3900414937759336,,2025-02-24 22:02:00+00:00,2025-02-25 07:24:00+00:00,0.21023,0.20233,21853.164383919426,-172.6399986329634,-3.7577890881415583,0.0,Long,Closed
5,btc_any_breakout_down,0,0.05,0.25,0.0125,0.3,20,0.4525947231350827,0.3900414937759336,,2025-02-25 07:25:00+00:00,2025-02-25 10:22:00+00:00,0.20256,0.19607,22424.954328798838,-145.5379535939046,-3.203988941548187,0.0,Long,Closed
5,btc_any_breakout_down,0,0.05,0.25,0.0125,0.3,20,0.4525947231350827,0.3900414937759336,,2025-02-25 10:25:00+00:00,2025-02-26 14:02:00+00:00,0.19626,0.20341,22922.334468375215,163.89469144888335,3.643126464893521,0.0,Long,Closed
5,btc_any_breakout_down,0,0.05,0.25,0.0125,0.3,20,0.4525947231350827,0.3900414937759336,,2025-02-26 14:03:00+00:00,2025-02-26 17:52:00+00:00,0.20361,0.20208,22336.357596375346,-34.174627122454694,-0.7514365699130782,0.0,Long,Closed
5,btc_any_breakout_down,0,0.05,0.25,0.0125,0.3,20,0.4525947231350827,0.3900414937759336,,2025-02-26 17:55:00+00:00,2025-02-28 01:30:00+00:00,0.20135,0.20046,22536.147911900905,-20.057171641592504,-0.44201638937175614,0.0,Long,Closed
5,btc_any_breakout_down,0,0.05,0.25,0.0125,0.3,20,0.4525947231350827,0.3900414937759336,,2025-02-28 01:31:00+00:00,2025-02-28 03:49:00+00:00,0.20011000000000004,0.18994,22645.7260035419,-230.3070334560216,-5.082204787366958,0.0,Long,Closed
5,btc_any_breakout_down,0,0.05,0.25,0.0125,0.3,20,0.4525947231350827,0.3900414937759336,,2025-02-28 03:53:00+00:00,2025-03-02 23:03:00+00:00,0.18957,0.23798,23540.349847190817,1139.5883361025071,25.536741045524074,0.0,Long,Closed
5,btc_any_breakout_down,0,0.05,0.25,0.0125,0.3,20,0.4525947231350827,0.3900414937759336,,2025-03-02 23:26:00+00:00,2025-03-03 02:35:00+00:00,0.23911999999999997,0.22867,20092.09025327332,-209.96234314670528,-4.370190699230493,0.0,Long,Closed
5,btc_any_breakout_down,0,0.05,0.25,0.0125,0.3,20,0.4525947231350827,0.3900414937759336,,2025-03-03 02:37:00+00:00,2025-03-03 08:51:00+00:00,0.2286,0.2175,20741.17199658226,-230.22700916206304,-4.855643044619422,0.0,Long,Closed
5,btc_any_breakout_down,0,0.05,0.25,0.0125,0.3,20,0.4525947231350827,0.3900414937759336,,2025-03-03 08:54:00+00:00,2025-03-03 14:59:00+00:00,0.21643,0.21286,21588.33717908832,-77.07036372934544,-1.6494940627454633,0.0,Long,Closed
5,btc_any_breakout_down,0,0.05,0.25,0.0125,0.3,20,0.4525947231350827,0.3900414937759336,,2025-03-03 15:05:00+00:00,2025-03-03 18:38:00+00:00,0.21382000000000004,0.20742,21743.722320415683,-139.15982285066093,-2.993171826770192,0.0,Long,Closed
5,btc_any_breakout_down,0,0.05,0.25,0.0125,0.3,20,0.4525947231350827,0.3900414937759336,,2025-03-03 18:39:00+00:00,2025-03-03 20:39:00+00:00,0.20585,0.19634,22382.777554996763,-212.86021454801994,-4.61986883653147,0.0,Long,Closed
5,btc_any_breakout_down,0,0.05,0.25,0.0125,0.3,20,0.4525947231350827,0.3900414937759336,,2025-03-03 20:41:00+00:00,2025-03-04 01:41:00+00:00,0.19615999999999997,0.19069,23162.91137505953,-126.70112522157524,-2.788539967373564,0.0,Long,Closed
5,btc_any_breakout_down,0,0.05,0.25,0.0125,0.3,20,0.4525947231350827,0.3900414937759336,,2025-03-04 01:43:00+00:00,2025-03-04 15:21:00+00:00,0.18966,0.18842,23756.33427061692,-29.45785449556479,-0.6538015395971696,0.0,Long,Closed
5,btc_any_breakout_down,0,0.05,0.25,0.0125,0.3,20,0.4525947231350827,0.3900414937759336,,2025-03-04 15:43:00+00:00,2025-03-04 16:35:00+00:00,0.19141,0.18361,23492.967981905524,-183.24515025886285,-4.0750222036466175,0.0,Long,Closed
5,btc_any_breakout_down,0,0.05,0.25,0.0125,0.3,20,0.4525947231350827,0.3900414937759336,,2025-03-04 16:48:00+00:00,2025-03-06 14:32:00+00:00,0.18793,0.20447,23635.478403335692,390.9308127911718,8.801149364124926,0.0,Long,Closed
5,btc_any_breakout_down,0,0.05,0.25,0.0125,0.3,20,0.4525947231350827,0.3900414937759336,,2025-03-06 14:35:00+00:00,2025-03-07 00:20:00+00:00,0.20371,0.19643,22380.31859101776,-162.92871934260984,-3.5737077217613393,0.0,Long,Closed
5,btc_any_breakout_down,0,0.05,0.25,0.0125,0.3,20,0.4525947231350827,0.3900414937759336,,2025-03-07 00:21:00+00:00,2025-03-07 23:13:00+00:00,0.19613,0.19655,22996.054068084664,9.658342708595228,0.21414368021209687,0.0,Long,Closed
5,btc_any_breakout_down,0,0.05,0.25,0.0125,0.3,20,0.4525947231350827,0.3900414937759336,,2025-03-08 01:32:00+00:00,2025-03-09 10:50:00+00:00,0.19663,0.18392,22952.31443414547,-291.7239164579887,-6.463917001474846,0.0,Long,Closed
5,btc_any_breakout_down,0,0.05,0.25,0.0125,0.3,20,0.4525947231350827,0.3900414937759336,,2025-03-09 12:06:00+00:00,2025-03-09 16:32:00+00:00,0.18487,0.17347,23938.964744137105,-272.90419808316256,-6.166495375128458,0.0,Long,Closed
5,btc_any_breakout_down,0,0.05,0.25,0.0125,0.3,20,0.4525947231350827,0.3900414937759336,,2025-03-09 16:35:00+00:00,2025-03-10 00:35:00+00:00,0.17355,0.16475,25028.66697103819,-220.25226934513648,-5.070584845865754,0.0,Long,Closed
5,btc_any_breakout_down,0,0.05,0.25,0.0125,0.3,20,0.4525947231350827,0.3900414937759336,,2025-03-10 00:46:00+00:00,2025-03-10 14:01:00+00:00,0.16917,0.17041,25286.09961589016,31.354763523704605,0.7329904829461678,0.0,Long,Closed
5,btc_any_breakout_down,0,0.05,0.25,0.0125,0.3,20,0.4525947231350827,0.3900414937759336,,2025-03-10 14:02:00+00:00,2025-03-10 17:03:00+00:00,0.16992,0.16105,25229.848758693795,-223.78875848961388,-5.220103578154424,0.0,Long,Closed
5,btc_any_breakout_down,0,0.05,0.25,0.0125,0.3,20,0.4525947231350827,0.3900414937759336,,2025-03-10 17:04:00+00:00,2025-03-10 18:58:00+00:00,0.16064,0.15307,26269.41778841114,-198.8594926582723,-4.712400398406373,0.0,Long,Closed
5,btc_any_breakout_down,0,0.05,0.25,0.0125,0.3,20,0.4525947231350827,0.3900414937759336,,2025-03-10 19:02:00+00:00,2025-03-11 00:29:00+00:00,0.15171,0.15046,27422.46012611485,-34.2780751576438,-0.8239404126293642,0.0,Long,Closed
5,btc_any_breakout_down,0,0.05,0.25,0.0125,0.3,20,0.4525947231350827,0.3900414937759336,,2025-03-11 00:32:00+00:00,2025-03-11 00:51:00+00:00,0.15073,0.14311,27532.528383106153,-209.79786627926933,-5.055397067604336,0.0,Long,Closed
5,btc_any_breakout_down,0,0.05,0.25,0.0125,0.3,20,0.4525947231350827,0.3900414937759336,,2025-03-11 00:56:00+00:00,2025-03-11 14:37:00+00:00,0.14548,0.15408,28093.47431469487,241.6038791063761,5.911465493538636,0.0,Long,Closed
5,btc_any_breakout_down,0,0.05,0.25,0.0125,0.3,20,0.4525947231350827,0.3900414937759336,,2025-03-11 14:38:00+00:00,2025-03-12 15:02:00+00:00,0.15349,0.16375,27099.61435294627,278.0420432612291,6.684474558603175,0.0,Long,Closed
5,btc_any_breakout_down,0,0.05,0.25,0.0125,0.3,20,0.4525947231350827,0.3900414937759336,,2025-03-12 15:04:00+00:00,2025-03-13 18:03:00+00:00,0.16337,0.16388,25971.306971978283,13.245366555709552,0.3121748178980377,0.0,Long,Closed
5,btc_any_breakout_down,0,0.05,0.25,0.0125,0.3,20,0.4525947231350827,0.3900414937759336,,2025-03-13 18:06:00+00:00,2025-03-18 13:35:00+00:00,0.16361,0.16526,25957.496668778218,42.82986950348368,1.0084958132143422,0.0,Long,Closed
5,btc_any_breakout_down,0,0.05,0.25,0.0125,0.3,20,0.4525947231350827,0.3900414937759336,,2025-03-18 13:36:00+00:00,2025-03-20 15:56:00+00:00,0.16493,0.16986,25827.65410070848,127.33033471649287,2.989146910810648,0.0,Long,Closed
5,btc_any_breakout_down,0,0.05,0.25,0.0125,0.3,20,0.4525947231350827,0.3900414937759336,,2025-03-20 16:28:00+00:00,2025-03-27 13:37:00+00:00,0.16874,0.18963,25470.866962455835,532.0864108457026,12.379992888467472,0.0,Long,Closed
5,btc_any_breakout_down,0,0.05,0.25,0.0125,0.3,20,0.4525947231350827,0.3900414937759336,,2025-03-27 13:41:00+00:00,2025-03-28 04:40:00+00:00,0.18963,0.18457,23506.72369613726,-118.94402190245364,-2.668354163370755,0.0,Long,Closed
5,btc_any_breakout_down,0,0.05,0.25,0.0125,0.3,20,0.4525947231350827,0.3900414937759336,,2025-03-28 14:08:00+00:00,2025-03-29 11:23:00+00:00,0.17836,0.16986,24791.97582377087,-210.73179450205134,-4.765642520744538,0.0,Long,Closed
5,btc_any_breakout_down,0,0.05,0.25,0.0125,0.3,20,0.4525947231350827,0.3900414937759336,,2025-03-29 11:25:00+00:00,2025-03-31 13:45:00+00:00,0.16939,0.16106,25731.609124370716,-214.34430400600831,-4.917645669756189,0.0,Long,Closed
5,btc_any_breakout_down,0,0.05,0.25,0.0125,0.3,20,0.4525947231350827,0.3900414937759336,,2025-03-31 13:56:00+00:00,2025-04-02 21:09:00+00:00,0.16304,0.16992,26339.388974333622,181.2149961434152,4.219823356231597,0.0,Long,Closed
5,btc_any_breakout_down,0,0.05,0.25,0.0125,0.3,20,0.4525947231350827,0.3900414937759336,,2025-04-02 21:11:00+00:00,2025-04-03 12:44:00+00:00,0.16978,0.15815,25613.962052175633,-297.890378666802,-6.850041229826822,0.0,Long,Closed
5,btc_any_breakout_down,0,0.05,0.25,0.0125,0.3,20,0.4525947231350827,0.3900414937759336,,2025-04-03 12:46:00+00:00,2025-04-06 17:33:00+00:00,0.15708,0.15857,27115.936870501257,40.40274593704635,0.9485612426788773,0.0,Long,Closed
5,btc_any_breakout_down,0,0.05,0.25,0.0125,0.3,20,0.4525947231350827,0.3900414937759336,,2025-04-06 17:45:00+00:00,2025-04-06 20:36:00+00:00,0.15718,0.14908,27175.799639899804,-220.1239770831885,-5.153327395342922,0.0,Long,Closed
5,btc_any_breakout_down,0,0.05,0.25,0.0125,0.3,20,0.4525947231350827,0.3900414937759336,,2025-04-06 20:38:00+00:00,2025-04-07 03:35:00+00:00,0.15047,0.14384,27948.793741440124,-185.30050250574777,-4.406193925699469,0.0,Long,Closed
5,btc_any_breakout_down,0,0.05,0.25,0.0125,0.3,20,0.4525947231350827,0.3900414937759336,,2025-04-07 03:36:00+00:00,2025-04-07 06:29:00+00:00,0.14294,0.1357,29032.215219831895,-210.193238191584,-5.06506226388697,0.0,Long,Closed
5,btc_any_breakout_down,0,0.05,0.25,0.0125,0.3,20,0.4525947231350827,0.3900414937759336,,2025-04-07 06:30:00+00:00,2025-04-07 16:21:00+00:00,0.13632,0.14446,29979.510505173825,244.03321551211502,5.971244131455402,0.0,Long,Closed
5,btc_any_breakout_down,0,0.05,0.25,0.0125,0.3,20,0.4525947231350827,0.3900414937759336,,2025-04-07 16:27:00+00:00,2025-04-08 16:38:00+00:00,0.14558,0.14763,28575.469410076454,58.57971229065697,1.4081604616018741,0.0,Long,Closed
5,btc_any_breakout_down,0,0.05,0.25,0.0125,0.3,20,0.4525947231350827,0.3900414937759336,,2025-04-08 16:40:00+00:00,2025-04-09 01:10:00+00:00,0.14698,0.1396,28422.851751300368,-209.76064592459625,-5.021091304939437,0.0,Long,Closed
5,btc_any_breakout_down,0,0.05,0.25,0.0125,0.3,20,0.4525947231350827,0.3900414937759336,,2025-04-09 01:11:00+00:00,2025-04-10 03:15:00+00:00,0.13916,0.1547,29567.85395680331,459.48445048872327,11.167002012072432,0.0,Long,Closed
5,btc_any_breakout_down,0,0.05,0.25,0.0125,0.3,20,0.4525947231350827,0.3900414937759336,,2025-04-10 07:30:00+00:00,2025-04-10 15:37:00+00:00,0.15671,0.15005,27136.16164747218,-180.72683657216476,-4.2498883287601315,0.0,Long,Closed
5,btc_any_breakout_down,0,0.05,0.25,0.0125,0.3,20,0.4525947231350827,0.3900414937759336,,2025-04-10 15:38:00+00:00,2025-04-14 15:49:00+00:00,0.15029,0.15996,27934.592060707408,270.1275052270403,6.4342271608224015,0.0,Long,Closed
5,btc_any_breakout_down,0,0.05,0.25,0.0125,0.3,20,0.4525947231350827,0.3900414937759336,,2025-04-14 16:11:00+00:00,2025-04-16 08:27:00+00:00,0.15923,0.15304,26875.13717497851,-166.35709911311733,-3.8874583935188176,0.0,Long,Closed
5,btc_any_breakout_down,0,0.05,0.25,0.0125,0.3,20,0.4525947231350827,0.3900414937759336,,2025-04-16 08:34:00+00:00,2025-04-24 08:48:00+00:00,0.15349,0.17014,27555.026142666582,458.7911852753996,10.847612222294636,0.0,Long,Closed
5,btc_any_breakout_down,0,0.05,0.25,0.0125,0.3,20,0.4525947231350827,0.3900414937759336,,2025-04-24 14:12:00+00:00,2025-04-29 22:09:00+00:00,0.17529,0.17456,24913.334007761496,-18.186733825666124,-0.41645273546694583,0.0,Long,Closed
5,btc_any_breakout_down,0,0.05,0.25,0.0125,0.3,20,0.4525947231350827,0.3900414937759336,,2025-04-30 12:36:00+00:00,2025-05-04 22:03:00+00:00,0.17255,0.17122,25277.324242670606,-33.61884124275184,-0.7707910750507084,0.0,Long,Closed
5,btc_any_breakout_down,0,0.05,0.25,0.0125,0.3,20,0.4525947231350827,0.3900414937759336,,2025-05-04 22:34:00+00:00,2025-05-10 23:15:00+00:00,0.17034,0.24767,25546.064610191304,1975.4771763060935,45.397440413291065,0.0,Long,Closed
5,btc_any_breakout_down,0,0.05,0.25,0.0125,0.3,20,0.4525947231350827,0.3900414937759336,,2025-05-10 23:20:00+00:00,2025-05-11 02:53:00+00:00,0.24739,0.23586,19985.285575778387,-230.43034268872543,-4.660657261813344,0.0,Long,Closed
5,btc_any_breakout_down,0,0.05,0.25,0.0125,0.3,20,0.4525947231350827,0.3900414937759336,,2025-05-11 22:05:00+00:00,2025-05-12 14:28:00+00:00,0.23139,0.23446,21068.45886073381,64.68016870245265,1.3267643372660847,0.0,Long,Closed
5,btc_any_breakout_down,0,0.05,0.25,0.0125,0.3,20,0.4525947231350827,0.3900414937759336,,2025-05-12 14:29:00+00:00,2025-05-12 18:29:00+00:00,0.23464,0.22549,20859.336628008576,-190.8629301462788,-3.89959086259803,0.0,Long,Closed
5,btc_any_breakout_down,0,0.05,0.25,0.0125,0.3,20,0.4525947231350827,0.3900414937759336,,2025-05-12 18:32:00+00:00,2025-05-15 13:39:00+00:00,0.22435,0.22311,21560.84629976398,-26.735449411707123,-0.5527078225986138,0.0,Long,Closed
5,btc_any_breakout_down,0,0.05,0.25,0.0125,0.3,20,0.4525947231350827,0.3900414937759336,,2025-05-15 13:49:00+00:00,2025-05-19 02:14:00+00:00,0.22156000000000003,0.22226,21796.15107658664,15.257305753610126,0.31594150568693624,0.0,Long,Closed
5,btc_any_breakout_down,0,0.05,0.25,0.0125,0.3,20,0.4525947231350827,0.3900414937759336,,2025-05-19 04:06:00+00:00,2025-05-23 12:13:00+00:00,0.21868,0.23063,22104.135834345252,264.1444232204258,5.4646058167184925,0.0,Long,Closed
5,btc_any_breakout_down,0,0.05,0.25,0.0125,0.3,20,0.4525947231350827,0.3900414937759336,,2025-05-23 12:15:00+00:00,2025-05-23 23:42:00+00:00,0.22936,0.22382,21420.36863978352,-118.66884226440106,-2.4154168119986124,0.0,Long,Closed
5,btc_any_breakout_down,0,0.05,0.25,0.0125,0.3,20,0.4525947231350827,0.3900414937759336,,2025-05-23 23:48:00+00:00,2025-05-29 14:34:00+00:00,0.22348000000000004,0.21853,21824.660365766187,-108.03206881054302,-2.214963307678547,0.0,Long,Closed
5,btc_any_breakout_down,0,0.05,0.25,0.0125,0.3,20,0.4525947231350827,0.3900414937759336,,2025-05-29 17:43:00+00:00,2025-05-30 00:53:00+00:00,0.21852,0.20913,22171.7255990219,-208.1925033748148,-4.297089511257534,0.0,Long,Closed
5,btc_any_breakout_down,0,0.05,0.25,0.0125,0.3,20,0.4525947231350827,0.3900414937759336,,2025-05-30 00:57:00+00:00,2025-05-30 16:32:00+00:00,0.20521,0.19509,23305.43212750753,-235.85097313037568,-4.931533550996528,0.0,Long,Closed
5,btc_any_breakout_down,0,0.05,0.25,0.0125,0.3,20,0.4525947231350827,0.3900414937759336,,2025-05-30 16:33:00+00:00,2025-06-05 16:59:00+00:00,0.19518,0.18106,24140.549415650727,-340.86455774898786,-7.234347781534986,0.0,Long,Closed
5,btc_any_breakout_down,0,0.05,0.25,0.0125,0.3,20,0.4525947231350827,0.3900414937759336,,2025-06-05 18:16:00+00:00,2025-06-05 20:21:00+00:00,0.17821,0.17054,25865.51297694861,-198.3884845331968,-4.3039111160990045,0.0,Long,Closed
5,btc_any_breakout_down,0,0.05,0.25,0.0125,0.3,20,0.4525947231350827,0.3900414937759336,,2025-06-05 20:38:00+00:00,2025-06-12 03:20:00+00:00,0.17036,0.19061,26708.009639951,540.8371952090074,11.886593096971112,0.0,Long,Closed
5,btc_any_breakout_down,0,0.05,0.25,0.0125,0.3,20,0.4525947231350827,0.3900414937759336,,2025-06-12 18:49:00+00:00,2025-06-13 00:10:00+00:00,0.18633,0.17697,25289.688621396213,-236.71148549626832,-5.023345677024629,0.0,Long,Closed
5,btc_any_breakout_down,0,0.05,0.25,0.0125,0.3,20,0.4525947231350827,0.3900414937759336,,2025-06-13 00:12:00+00:00,2025-06-17 00:09:00+00:00,0.17503,0.16963,26516.678484693344,-143.1900638173438,-3.0851853967891163,0.0,Long,Closed
5,btc_any_breakout_down,0,0.05,0.25,0.0125,0.3,20,0.4525947231350827,0.3900414937759336,,2025-06-17 16:49:00+00:00,2025-06-20 17:20:00+00:00,0.16597,0.15947,27705.351666148537,-180.08478582996577,-3.9163704283906786,0.0,Long,Closed
5,btc_any_breakout_down,0,0.05,0.25,0.0125,0.3,20,0.4525947231350827,0.3900414937759336,,2025-06-20 17:23:00+00:00,2025-06-21 21:31:00+00:00,0.1592,0.1504,28544.16947413117,-251.1886913723547,-5.527638190954782,0.0,Long,Closed
5,btc_any_breakout_down,0,0.05,0.25,0.0125,0.3,20,0.4525947231350827,0.3900414937759336,,2025-06-21 21:32:00+00:00,2025-06-22 13:28:00+00:00,0.15227,0.1491,29348.36259847623,-93.03430943716921,-2.0818283312536843,0.0,Long,Closed
5,btc_any_breakout_down,0,0.05,0.25,0.0125,0.3,20,0.4525947231350827,0.3900414937759336,,2025-06-22 13:29:00+00:00,2025-06-26 15:32:00+00:00,0.14884,0.15903,29837.173340760717,304.0407963423522,6.846277882289718,0.0,Long,Closed
5,btc_any_breakout_down,0,0.05,0.25,0.0125,0.3,20,0.4525947231350827,0.3900414937759336,,2025-07-01 14:40:00+00:00,2025-07-11 05:48:00+00:00,0.15914,0.20098,28479.18259985881,1191.5689999780925,26.29131582254618,0.0,Long,Closed
5,btc_any_breakout_down,0,0.05,0.25,0.0125,0.3,20,0.4525947231350827,0.3900414937759336,,2025-07-14 03:45:00+00:00,2025-07-15 01:22:00+00:00,0.20518,0.19297,23831.015785822005,-290.976702744887,-5.950872404717815,0.0,Long,Closed
5,btc_any_breakout_down,0,0.05,0.25,0.0125,0.3,20,0.4525947231350827,0.3900414937759336,,2025-07-15 01:58:00+00:00,2025-07-18 14:17:00+00:00,0.19336,0.24715,24836.340546708172,1335.9467580074324,27.81857674803475,0.0,Long,Closed
5,btc_any_breakout_down,0,0.05,0.25,0.0125,0.3,20,0.4525947231350827,0.3900414937759336,,2025-07-18 14:18:00+00:00,2025-07-18 20:49:00+00:00,0.24553,0.23203,21191.458622220183,-286.08469139997305,-5.4983097788457735,0.0,Long,Closed
5,btc_any_breakout_down,0,0.05,0.25,0.0125,0.3,20,0.4525947231350827,0.3900414937759336,,2025-07-20 22:08:00+00:00,2025-07-22 01:17:00+00:00,0.26852,0.26411,19057.47589786135,-84.0434687095676,-1.6423357664233393,0.0,Long,Closed
5,btc_any_breakout_down,0,0.05,0.25,0.0125,0.3,20,0.4525947231350827,0.3900414937759336,,2025-07-22 01:24:00+00:00,2025-07-23 20:34:00+00:00,0.26841,0.23503,18971.35124429365,-633.2637045345218,-12.436198353265523,0.0,Long,Closed
5,btc_any_breakout_down,0,0.05,0.25,0.0125,0.3,20,0.4525947231350827,0.3900414937759336,,2025-07-25 03:04:00+00:00,2025-07-29 00:34:00+00:00,0.22495,0.2255,21792.048349057575,11.9856265919816,0.24449877750611113,0.0,Long,Closed
5,btc_any_breakout_down,0,0.05,0.25,0.0125,0.3,20,0.4525947231350827,0.3900414937759336,,2025-07-29 00:40:00+00:00,2025-07-30 19:04:00+00:00,0.22401,0.21265,21899.54450291548,-248.77882555311953,-5.071202178474169,0.0,Long,Closed
5,btc_any_breakout_down,0,0.05,0.25,0.0125,0.3,20,0.4525947231350827,0.3900414937759336,,2025-08-01 00:50:00+00:00,2025-08-01 22:27:00+00:00,0.20438,0.19836,23637.74986022194,-142.2992541585363,-2.945493688227816,0.0,Long,Closed
5,btc_any_breakout_down,0,0.05,0.25,0.0125,0.3,20,0.4525947231350827,0.3900414937759336,,2025-08-02 17:52:00+00:00,2025-08-11 12:44:00+00:00,0.19184,0.22704,24960.349980111547,878.6043192999259,18.348623853210995,0.0,Long,Closed
5,btc_any_breakout_down,0,0.05,0.25,0.0125,0.3,20,0.4525947231350827,0.3900414937759336,,2025-08-11 14:48:00+00:00,2025-08-14 12:30:00+00:00,0.22831,0.23382,22127.698462505265,121.9236185284035,2.4133853094476705,0.0,Long,Closed
5,btc_any_breakout_down,0,0.05,0.25,0.0125,0.3,20,0.4525947231350827,0.3900414937759336,,2025-08-14 12:33:00+00:00,2025-08-20 11:53:00+00:00,0.22825,0.2134,22293.765264109956,-331.06241417203273,-6.506024096385539,0.0,Long,Closed
5,btc_any_breakout_down,0,0.05,0.25,0.0125,0.3,20,0.4525947231350827,0.3900414937759336,,2025-08-20 13:45:00+00:00,2025-08-25 00:42:00+00:00,0.21055,0.2256,23696.191865502202,356.6276875758085,7.147945856091198,0.0,Long,Closed
5,btc_any_breakout_down,0,0.05,0.25,0.0125,0.3,20,0.4525947231350827,0.3900414937759336,,2025-08-25 13:33:00+00:00,2025-08-25 20:33:00+00:00,0.21810000000000002,0.20784,23366.44430790569,-239.73971859911217,-4.704264099037134,0.0,Long,Closed
5,btc_any_breakout_down,0,0.05,0.25,0.0125,0.3,20,0.4525947231350827,0.3900414937759336,,2025-08-25 20:34:00+00:00,2025-08-29 20:08:00+00:00,0.20816,0.21075,24136.719773128825,62.514104212403254,1.2442352036894615,0.0,Long,Closed
5,btc_any_breakout_down,0,0.05,0.25,0.0125,0.3,20,0.4525947231350827,0.3900414937759336,,2025-09-01 10:39:00+00:00,2025-09-04 23:05:00+00:00,0.21518,0.21431,23436.443067377164,-20.38970546861856,-0.4043126684636203,0.0,Long,Open
6,btc_strong_down,0,0.06,0.06,0.0175,0.5,10,0.4483218389094815,0.4253968253968254,,2024-08-01 14:06:00+00:00,2024-08-02 15:06:00+00:00,0.11934999999999998,0.11178,41893.59028068706,-317.13447842480036,-6.342689568496008,0.0,Long,Closed
6,btc_strong_down,0,0.06,0.06,0.0175,0.5,10,0.4483218389094815,0.4253968253968254,,2024-08-02 15:09:00+00:00,2024-08-03 18:33:00+00:00,0.11162,0.10654,43374.240824113964,-220.34114338649852,-4.551155706862561,0.0,Long,Closed
6,btc_strong_down,0,0.06,0.06,0.0175,0.5,10,0.4483218389094815,0.4253968253968254,,2024-08-03 19:47:00+00:00,2024-08-04 17:02:00+00:00,0.10678000000000001,0.10143,44308.505235946344,-237.05050301231313,-5.010301554598243,0.0,Long,Closed
6,btc_strong_down,0,0.06,0.06,0.0175,0.5,10,0.4483218389094815,0.4253968253968254,,2024-08-04 17:10:00+00:00,2024-08-05 00:54:00+00:00,0.10003000000000001,0.09922,46113.53531528736,-37.35196360538248,-0.8097570728781305,0.0,Long,Closed
6,btc_strong_down,0,0.06,0.06,0.0175,0.5,10,0.4483218389094815,0.4253968253968254,,2024-08-05 00:55:00+00:00,2024-08-05 01:10:00+00:00,0.0987,0.08948,46545.70370603347,-429.15138816962826,-9.341438703140824,0.0,Long,Closed
6,btc_strong_down,0,0.06,0.06,0.0175,0.5,10,0.4483218389094815,0.4253968253968254,,2024-08-05 01:12:00+00:00,2024-08-05 05:10:00+00:00,0.0922,0.08976,47499.84014859749,-115.89960996257832,-2.6464208242950207,0.0,Long,Closed
6,btc_strong_down,0,0.06,0.06,0.0175,0.5,10,0.4483218389094815,0.4253968253968254,,2024-08-05 05:12:00+00:00,2024-08-05 06:21:00+00:00,0.08845,0.08686,48858.51279501865,-77.68503534407955,-1.7976257772752944,0.0,Long,Closed
6,btc_strong_down,0,0.06,0.06,0.0175,0.5,10,0.4483218389094815,0.4253968253968254,,2024-08-05 06:22:00+00:00,2024-08-05 10:21:00+00:00,0.08627,0.08428,49642.89949052231,-98.78936998613972,-2.306711487191383,0.0,Long,Closed
6,btc_strong_down,0,0.06,0.06,0.0175,0.5,10,0.4483218389094815,0.4253968253968254,,2024-08-05 10:23:00+00:00,2024-08-05 13:48:00+00:00,0.08421,0.08938,50270.73095896319,259.89967905784033,6.139413371333586,0.0,Long,Closed
6,btc_strong_down,0,0.06,0.06,0.0175,0.5,10,0.4483218389094815,0.4253968253968254,,2024-08-05 13:49:00+00:00,2024-08-05 15:15:00+00:00,0.08949,0.09525,48756.82303702324,280.8393006932538,6.436473348977538,0.0,Long,Closed
6,btc_strong_down,0,0.06,0.06,0.0175,0.5,10,0.4483218389094815,0.4253968253968254,,2024-08-05 15:16:00+00:00,2024-08-06 13:23:00+00:00,0.09529,0.09427,47262.75311081789,-48.208008173033704,-1.0704166229404855,0.0,Long,Closed
6,btc_strong_down,0,0.06,0.06,0.0175,0.5,10,0.4483218389094815,0.4253968253968254,,2024-08-06 13:31:00+00:00,2024-08-07 13:35:00+00:00,0.09566000000000001,0.1015,46827.97135525109,273.47535271466677,6.104955049132353,0.0,Long,Closed
6,btc_strong_down,0,0.06,0.06,0.0175,0.5,10,0.4483218389094815,0.4253968253968254,,2024-08-07 13:40:00+00:00,2024-08-07 22:22:00+00:00,0.1004,0.09457,45979.09777092284,-268.05814000448026,-5.806772908366536,0.0,Long,Closed
6,btc_strong_down,0,0.06,0.06,0.0175,0.5,10,0.4483218389094815,0.4253968253968254,,2024-08-07 22:36:00+00:00,2024-08-08 12:32:00+00:00,0.09541,0.10144,46979.062427401885,283.2837464372342,6.320092233518518,0.0,Long,Closed
6,btc_strong_down,0,0.06,0.06,0.0175,0.5,10,0.4483218389094815,0.4253968253968254,,2024-08-08 12:35:00+00:00,2024-08-08 22:57:00+00:00,0.10172,0.10791,45457.277029266916,281.3805448111625,6.085332284703113,0.0,Long,Closed
6,btc_strong_down,0,0.06,0.06,0.0175,0.5,10,0.4483218389094815,0.4253968253968254,,2024-08-08 22:58:00+00:00,2024-08-11 19:23:00+00:00,0.10764,0.10328,44264.255776873026,-192.99215518716665,-4.0505388331475345,0.0,Long,Closed
6,btc_strong_down,0,0.06,0.06,0.0175,0.5,10,0.4483218389094815,0.4253968253968254,,2024-08-11 20:04:00+00:00,2024-08-12 23:20:00+00:00,0.10229,0.10846,45636.01930031312,281.57423908293185,6.03187017303744,0.0,Long,Closed
6,btc_strong_down,0,0.06,0.06,0.0175,0.5,10,0.4483218389094815,0.4253968253968254,,2024-08-12 23:26:00+00:00,2024-08-14 14:01:00+00:00,0.10727,0.10241,44829.82692057887,-217.87295883401384,-4.5306236599235685,0.0,Long,Closed
6,btc_strong_down,0,0.06,0.06,0.0175,0.5,10,0.4483218389094815,0.4253968253968254,,2024-08-14 14:10:00+00:00,2024-08-15 18:32:00+00:00,0.10224000000000001,0.09797,45969.86555510063,-196.29132592027963,-4.1764475743348966,0.0,Long,Closed
6,btc_strong_down,0,0.06,0.06,0.0175,0.5,10,0.4483218389094815,0.4253968253968254,,2024-08-15 19:04:00+00:00,2024-08-20 05:19:00+00:00,0.09899,0.10551,46487.659272586614,303.0995384572652,6.586523891302162,0.0,Long,Closed
6,btc_strong_down,0,0.06,0.06,0.0175,0.5,10,0.4483218389094815,0.4253968253968254,,2024-08-20 13:45:00+00:00,2024-08-23 17:41:00+00:00,0.10461,0.11116,45438.89839042139,297.6247844572599,6.261351687219191,0.0,Long,Closed
6,btc_strong_down,0,0.06,0.06,0.0175,0.5,10,0.4483218389094815,0.4253968253968254,,2024-08-23 18:07:00+00:00,2024-08-26 13:41:00+00:00,0.11171,0.1071,43883.050334353335,-202.30086204136842,-4.126756780950667,0.0,Long,Closed
6,btc_strong_down,0,0.06,0.06,0.0175,0.5,10,0.4483218389094815,0.4253968253968254,,2024-08-26 14:15:00+00:00,2024-08-27 21:47:00+00:00,0.10667999999999998,0.09981,45003.985019028194,-309.1773770807231,-6.439820022497177,0.0,Long,Closed
6,btc_strong_down,0,0.06,0.06,0.0175,0.5,10,0.4483218389094815,0.4253968253968254,,2024-08-27 21:48:00+00:00,2024-09-01 22:26:00+00:00,0.09909,0.09579,46891.07309808826,-154.74054122369125,-3.330305782621859,0.0,Long,Closed
6,btc_strong_down,0,0.06,0.06,0.0175,0.5,10,0.4483218389094815,0.4253968253968254,,2024-09-01 22:32:00+00:00,2024-09-04 01:01:00+00:00,0.09566,0.09417,47763.60195147105,-71.16776690769075,-1.5575998327409333,0.0,Long,Closed
6,btc_strong_down,0,0.06,0.06,0.0175,0.5,10,0.4483218389094815,0.4253968253968254,,2024-09-04 01:02:00+00:00,2024-09-06 01:41:00+00:00,0.09359,0.09929,48439.8149292005,276.10694509644236,6.090394272892392,0.0,Long,Closed
6,btc_strong_down,0,0.06,0.06,0.0175,0.5,10,0.4483218389094815,0.4253968253968254,,2024-09-06 07:16:00+00:00,2024-09-06 16:32:00+00:00,0.09829,0.09216,47528.08781943327,-291.34717833312516,-6.236646657849205,0.0,Long,Closed
6,btc_strong_down,0,0.06,0.06,0.0175,0.5,10,0.4483218389094815,0.4253968253968254,,2024-09-06 16:41:00+00:00,2024-09-09 09:09:00+00:00,0.09215,0.0985,49114.07664249087,311.8743866798177,6.8909386869235085,0.0,Long,Closed
6,btc_strong_down,0,0.06,0.06,0.0175,0.5,10,0.4483218389094815,0.4253968253968254,,2024-09-09 14:18:00+00:00,2024-09-09 16:46:00+00:00,0.09732,0.10378,48107.268351268416,310.7729535491935,6.637895602137268,0.0,Long,Closed
6,btc_strong_down,0,0.06,0.06,0.0175,0.5,10,0.4483218389094815,0.4253968253968254,,2024-09-09 17:42:00+00:00,2024-09-11 14:16:00+00:00,0.10289,0.09824,47013.177497522,-218.61127536347794,-4.519389639420754,0.0,Long,Closed
6,btc_strong_down,0,0.06,0.06,0.0175,0.5,10,0.4483218389094815,0.4253968253968254,,2024-09-11 14:21:00+00:00,2024-09-13 13:44:00+00:00,0.09836,0.10541,48067.10243023892,338.873072133184,7.167547783651883,0.0,Long,Closed
6,btc_strong_down,0,0.06,0.06,0.0175,0.5,10,0.4483218389094815,0.4253968253968254,,2024-09-13 14:09:00+00:00,2024-09-16 01:37:00+00:00,0.10555,0.10119,46398.074193319684,-202.29560348287396,-4.130743723353864,0.0,Long,Closed
6,btc_strong_down,0,0.06,0.06,0.0175,0.5,10,0.4483218389094815,0.4253968253968254,,2024-09-16 13:35:00+00:00,2024-09-20 04:10:00+00:00,0.10076,0.10682,47599.92982694974,288.4555747513159,6.014291385470435,0.0,Long,Closed
6,btc_strong_down,0,0.06,0.06,0.0175,0.5,10,0.4483218389094815,0.4253968253968254,,2024-09-20 08:33:00+00:00,2024-09-26 10:32:00+00:00,0.10609,0.11506,46567.97734696119,417.714756802241,8.455085304929758,0.0,Long,Closed
6,btc_strong_down,0,0.06,0.06,0.0175,0.5,10,0.4483218389094815,0.4253968253968254,,2024-09-26 14:28:00+00:00,2024-09-27 12:35:00+00:00,0.11454000000000002,0.12337,44955.946351844184,396.96100628678323,7.709097258599597,0.0,Long,Closed
6,btc_strong_down,0,0.06,0.06,0.0175,0.5,10,0.4483218389094815,0.4253968253968254,,2024-09-29 22:17:00+00:00,2024-09-30 18:13:00+00:00,0.12611,0.11763,42405.31756628043,-359.597092962058,-6.724288319720878,0.0,Long,Closed
6,btc_strong_down,0,0.06,0.06,0.0175,0.5,10,0.4483218389094815,0.4253968253968254,,2024-09-30 23:41:00+00:00,2024-10-01 15:10:00+00:00,0.1137,0.10839,45452.38392086716,-241.35215861980396,-4.670184696569908,0.0,Long,Closed
6,btc_strong_down,0,0.06,0.06,0.0175,0.5,10,0.4483218389094815,0.4253968253968254,,2024-10-01 16:27:00+00:00,2024-10-01 17:21:00+00:00,0.1102,0.10344,45800.907191403756,-309.6141326138895,-6.134301270417426,0.0,Long,Closed
6,btc_strong_down,0,0.06,0.06,0.0175,0.5,10,0.4483218389094815,0.4253968253968254,,2024-10-01 17:22:00+00:00,2024-10-03 16:31:00+00:00,0.10273,0.10198,47624.38339516937,-35.718287546376814,-0.7300691132093795,0.0,Long,Closed
6,btc_strong_down,0,0.06,0.06,0.0175,0.5,10,0.4483218389094815,0.4253968253968254,,2024-10-03 17:03:00+00:00,2024-10-04 12:52:00+00:00,0.10229,0.10952,47654.646225560275,344.54309221080075,7.0681396030892545,0.0,Long,Closed
6,btc_strong_down,0,0.06,0.06,0.0175,0.5,10,0.4483218389094815,0.4253968253968254,,2024-10-04 14:08:00+00:00,2024-10-07 14:20:00+00:00,0.10735,0.11394,47013.18405699079,309.8168829355691,6.138798323241728,0.0,Long,Closed
6,btc_strong_down,0,0.06,0.06,0.0175,0.5,10,0.4483218389094815,0.4253968253968254,,2024-10-07 14:25:00+00:00,2024-10-08 14:15:00+00:00,0.11382,0.10688,45701.754963852974,-317.17017944914005,-6.0973466877526,0.0,Long,Closed
6,btc_strong_down,0,0.06,0.06,0.0175,0.5,10,0.4483218389094815,0.4253968253968254,,2024-10-08 14:17:00+00:00,2024-10-10 17:09:00+00:00,0.10646000000000001,0.10425,47371.67631280458,-104.6914046512984,-2.0758970505354175,0.0,Long,Closed
6,btc_strong_down,0,0.06,0.06,0.0175,0.5,10,0.4483218389094815,0.4253968253968254,,2024-10-10 17:52:00+00:00,2024-10-11 17:34:00+00:00,0.10456,0.11088,47731.85690450963,301.66533563650137,6.044376434583024,0.0,Long,Closed
6,btc_strong_down,0,0.06,0.06,0.0175,0.5,10,0.4483218389094815,0.4253968253968254,,2024-10-11 19:08:00+00:00,2024-10-15 14:00:00+00:00,0.11116,0.11821,46254.728551221466,326.0958362861111,6.34220942785174,0.0,Long,Closed
6,btc_strong_down,0,0.06,0.06,0.0175,0.5,10,0.4483218389094815,0.4253968253968254,,2024-10-15 14:02:00+00:00,2024-10-15 15:07:00+00:00,0.11794,0.11067,44978.154518372336,-326.99118334856666,-6.164151263354244,0.0,Long,Closed
6,btc_strong_down,0,0.06,0.06,0.0175,0.5,10,0.4483218389094815,0.4253968253968254,,2024-10-15 15:09:00+00:00,2024-10-15 18:20:00+00:00,0.11056,0.1172,46501.70000201294,308.77128801336585,6.005788712011576,0.0,Long,Closed
6,btc_strong_down,0,0.06,0.06,0.0175,0.5,10,0.4483218389094815,0.4253968253968254,,2024-10-15 19:06:00+00:00,2024-10-16 11:27:00+00:00,0.11501,0.12594,46044.80998373388,503.2697731222115,9.50352143291888,0.0,Long,Closed
6,btc_strong_down,0,0.06,0.06,0.0175,0.5,10,0.4483218389094815,0.4253968253968254,,2024-10-16 11:53:00+00:00,2024-10-18 01:08:00+00:00,0.12584,0.13393,44081.75844556849,356.6214258246491,6.4287984742530195,0.0,Long,Closed
6,btc_strong_down,0,0.06,0.06,0.0175,0.5,10,0.4483218389094815,0.4253968253968254,,2024-10-18 14:11:00+00:00,2024-10-21 06:58:00+00:00,0.13383,0.14726,42782.329789304815,574.5666890703633,10.035119181050579,0.0,Long,Closed
6,btc_strong_down,0,0.06,0.06,0.0175,0.5,10,0.4483218389094815,0.4253968253968254,,2024-10-21 13:18:00+00:00,2024-10-23 18:04:00+00:00,0.14227,0.13334,42263.60118252509,-377.4139585599505,-6.276797638293409,0.0,Long,Closed
6,btc_strong_down,0,0.06,0.06,0.0175,0.5,10,0.4483218389094815,0.4253968253968254,,2024-10-25 13:59:00+00:00,2024-10-25 23:22:00+00:00,0.13864,0.12939,42009.056267728425,-388.5837704764881,-6.671956145412581,0.0,Long,Closed
6,btc_strong_down,0,0.06,0.06,0.0175,0.5,10,0.4483218389094815,0.4253968253968254,,2024-10-25 23:23:00+00:00,2024-10-28 07:13:00+00:00,0.12839,0.14414,43849.54962006095,690.6304065159593,12.2673105382039,0.0,Long,Closed
6,btc_strong_down,0,0.06,0.06,0.0175,0.5,10,0.4483218389094815,0.4253968253968254,,2024-10-28 13:56:00+00:00,2024-10-28 19:17:00+00:00,0.14707,0.1563,40627.99264960634,374.9963721558661,6.275923029849724,0.0,Long,Closed
6,btc_strong_down,0,0.06,0.06,0.0175,0.5,10,0.4483218389094815,0.4253968253968254,,2024-10-29 02:25:00+00:00,2024-10-31 14:03:00+00:00,0.1676,0.16524,36770.0302210951,-86.77727132178461,-1.4081145584725567,0.0,Long,Closed
6,btc_strong_down,0,0.06,0.06,0.0175,0.5,10,0.4483218389094815,0.4253968253968254,,2024-10-31 14:04:00+00:00,2024-10-31 20:55:00+00:00,0.16495,0.15677,37097.71706210758,-303.4593255680411,-4.959078508638999,0.0,Long,Closed
6,btc_strong_down,0,0.06,0.06,0.0175,0.5,10,0.4483218389094815,0.4253968253968254,,2024-11-01 01:31:00+00:00,2024-11-03 02:15:00+00:00,0.1615,0.15563,36950.70443721749,-216.90063504646696,-3.634674922600624,0.0,Long,Closed
6,btc_strong_down,0,0.06,0.06,0.0175,0.5,10,0.4483218389094815,0.4253968253968254,,2024-11-03 02:22:00+00:00,2024-11-03 15:51:00+00:00,0.15482,0.1451,37844.519113082235,-367.8487257791594,-6.278258622916937,0.0,Long,Closed
6,btc_strong_down,0,0.06,0.06,0.0175,0.5,10,0.4483218389094815,0.4253968253968254,,2024-11-03 15:55:00+00:00,2024-11-04 15:53:00+00:00,0.14577,0.1585,38932.318626588545,495.60841611647174,8.732935446250934,0.0,Long,Closed
6,btc_strong_down,0,0.06,0.06,0.0175,0.5,10,0.4483218389094815,0.4253968253968254,,2024-11-04 21:24:00+00:00,2024-11-05 14:23:00+00:00,0.15557,0.17177,38072.689427627745,616.7775687275698,10.413318763257703,0.0,Long,Closed
6,btc_strong_down,0,0.06,0.06,0.0175,0.5,10,0.4483218389094815,0.4253968253968254,,2024-11-05 14:29:00+00:00,2024-11-05 19:56:00+00:00,0.17348,0.16809,35919.74336303801,-193.60741672677523,-3.10698639612636,0.0,Long,Closed
6,btc_strong_down,0,0.06,0.06,0.0175,0.5,10,0.4483218389094815,0.4253968253968254,,2024-11-05 19:57:00+00:00,2024-11-06 00:31:00+00:00,0.16738,0.17748,36650.45626870861,370.1696083139568,6.034173736408171,0.0,Long,Closed
6,btc_strong_down,0,0.06,0.06,0.0175,0.5,10,0.4483218389094815,0.4253968253968254,,2024-11-06 00:32:00+00:00,2024-11-06 02:28:00+00:00,0.17697,0.18786,35710.22305709118,388.8843290917239,6.153585353449753,0.0,Long,Closed
6,btc_strong_down,0,0.06,0.06,0.0175,0.5,10,0.4483218389094815,0.4253968253968254,,2024-11-06 02:29:00+00:00,2024-11-06 03:02:00+00:00,0.18862,0.20188,34535.46993404351,457.940331325417,7.030007422330612,0.0,Long,Closed
6,btc_strong_down,0,0.06,0.06,0.0175,0.5,10,0.4483218389094815,0.4253968253968254,,2024-11-06 03:05:00+00:00,2024-11-06 03:21:00+00:00,0.20517,0.20334,32865.674828785865,-60.14418493667836,-0.8919432665594418,0.0,Long,Closed
6,btc_strong_down,0,0.06,0.06,0.0175,0.5,10,0.4483218389094815,0.4253968253968254,,2024-11-06 03:23:00+00:00,2024-11-06 05:02:00+00:00,0.20362,0.20012,32968.16821605764,-115.3885887562019,-1.7188881249386136,0.0,Long,Closed
6,btc_strong_down,0,0.06,0.06,0.0175,0.5,10,0.4483218389094815,0.4253968253968254,,2024-11-06 05:08:00+00:00,2024-11-06 07:42:00+00:00,0.20172,0.198,32992.68351068588,-122.73278265975114,-1.8441403926234334,0.0,Long,Closed
6,btc_strong_down,0,0.06,0.06,0.0175,0.5,10,0.4483218389094815,0.4253968253968254,,2024-11-06 07:46:00+00:00,2024-11-06 08:04:00+00:00,0.20011,0.19027,32951.46532629893,-324.2424188107816,-4.917295487481887,0.0,Long,Closed
6,btc_strong_down,0,0.06,0.06,0.0175,0.5,10,0.4483218389094815,0.4253968253968254,,2024-11-06 08:10:00+00:00,2024-11-06 11:19:00+00:00,0.19075,0.20321,33718.461426161404,420.13202936997095,6.5321100917431165,0.0,Long,Closed
6,btc_strong_down,0,0.06,0.06,0.0175,0.5,10,0.4483218389094815,0.4253968253968254,,2024-11-06 13:18:00+00:00,2024-11-07 15:09:00+00:00,0.19789,0.19049,33563.40659823777,-248.36920882696086,-3.7394512102683506,0.0,Long,Closed
6,btc_strong_down,0,0.06,0.06,0.0175,0.5,10,0.4483218389094815,0.4253968253968254,,2024-11-07 16:10:00+00:00,2024-11-10 02:26:00+00:00,0.19358,0.22881,33669.16999334536,1186.164858865557,18.19919413162517,0.0,Long,Closed
6,btc_strong_down,0,0.06,0.06,0.0175,0.5,10,0.4483218389094815,0.4253968253968254,,2024-11-10 04:36:00+00:00,2024-11-10 12:08:00+00:00,0.22728,0.2433,31286.344406655106,501.2072373946139,7.048574445617726,0.0,Long,Closed
6,btc_strong_down,0,0.06,0.06,0.0175,0.5,10,0.4483218389094815,0.4253968253968254,,2024-11-10 12:12:00+00:00,2024-11-10 17:38:00+00:00,0.2418,0.27107,30444.019749552856,891.0964580694126,12.105045492142274,0.0,Long,Closed
6,btc_strong_down,0,0.06,0.06,0.0175,0.5,10,0.4483218389094815,0.4253968253968254,,2024-11-10 19:18:00+00:00,2024-11-10 21:03:00+00:00,0.27313,0.25656,28583.136984134246,-473.62257982710435,-6.0667081609489975,0.0,Long,Closed
6,btc_strong_down,0,0.06,0.06,0.0175,0.5,10,0.4483218389094815,0.4253968253968254,,2024-11-10 21:12:00+00:00,2024-11-10 21:18:00+00:00,0.24802,0.26309,30522.13899912521,459.9686347168172,6.076122893315059,0.0,Long,Closed
6,btc_strong_down,0,0.06,0.06,0.0175,0.5,10,0.4483218389094815,0.4253968253968254,,2024-11-10 22:11:00+00:00,2024-11-10 22:35:00+00:00,0.27525,0.26878,28338.18431215783,-183.3480524996603,-2.3505903723887265,0.0,Long,Closed
6,btc_strong_down,0,0.06,0.06,0.0175,0.5,10,0.4483218389094815,0.4253968253968254,,2024-11-10 22:37:00+00:00,2024-11-11 01:39:00+00:00,0.27345,0.29646,28189.472319150165,648.6397580636458,8.414701042238075,0.0,Long,Closed
6,btc_strong_down,0,0.06,0.06,0.0175,0.5,10,0.4483218389094815,0.4253968253968254,,2024-11-11 01:56:00+00:00,2024-11-11 05:55:00+00:00,0.29267,0.27306,27446.376754376724,-538.2234481533269,-6.70037926675094,0.0,Long,Closed
6,btc_strong_down,0,0.06,0.06,0.0175,0.5,10,0.4483218389094815,0.4253968253968254,,2024-11-11 06:44:00+00:00,2024-11-11 15:05:00+00:00,0.27676,0.29537,28051.81153572327,522.0442126798107,6.724237606590555,0.0,Long,Closed
6,btc_strong_down,0,0.06,0.06,0.0175,0.5,10,0.4483218389094815,0.4253968253968254,,2024-11-11 15:16:00+00:00,2024-11-11 16:05:00+00:00,0.30041,0.31874,26712.298082509493,489.63642385239837,6.1016610632136,0.0,Long,Closed
6,btc_strong_down,0,0.06,0.06,0.0175,0.5,10,0.4483218389094815,0.4253968253968254,,2024-11-11 16:08:00+00:00,2024-11-11 23:21:00+00:00,0.31921,0.33913,25906.016975949613,516.0478581609168,6.240406002318229,0.0,Long,Closed
6,btc_strong_down,0,0.06,0.06,0.0175,0.5,10,0.4483218389094815,0.4253968253968254,,2024-11-11 23:28:00+00:00,2024-11-12 00:19:00+00:00,0.33672,0.32756,25325.1473270769,-231.97834951602454,-2.7203611309099562,0.0,Long,Closed
6,btc_strong_down,0,0.06,0.06,0.0175,0.5,10,0.4483218389094815,0.4253968253968254,,2024-11-12 00:30:00+00:00,2024-11-12 00:58:00+00:00,0.34155,0.36301,24627.417459274835,528.5043786760361,6.283121065729739,0.0,Long,Closed
6,btc_strong_down,0,0.06,0.06,0.0175,0.5,10,0.4483218389094815,0.4253968253968254,,2024-11-12 01:23:00+00:00,2024-11-12 04:24:00+00:00,0.35651,0.37977,24335.212539769822,566.0370436750454,6.52436116798967,0.0,Long,Closed
6,btc_strong_down,0,0.06,0.06,0.0175,0.5,10,0.4483218389094815,0.4253968253968254,,2024-11-12 04:25:00+00:00,2024-11-12 05:17:00+00:00,0.37586,0.4156,23835.377918349546,947.2179184752094,10.573085723407633,0.0,Long,Closed
6,btc_strong_down,0,0.06,0.06,0.0175,0.5,10,0.4483218389094815,0.4253968253968254,,2024-11-12 06:46:00+00:00,2024-11-12 10:04:00+00:00,0.40215,0.39904,23454.865357773135,-72.9446312626751,-0.773343279870702,0.0,Long,Closed
6,btc_strong_down,0,0.06,0.06,0.0175,0.5,10,0.4483218389094815,0.4253968253968254,,2024-11-12 10:06:00+00:00,2024-11-12 10:11:00+00:00,0.38695,0.41095,24281.953192911562,582.7668766298775,6.202351725029074,0.0,Long,Closed
6,btc_strong_down,0,0.06,0.06,0.0175,0.5,10,0.4483218389094815,0.4253968253968254,,2024-11-12 10:13:00+00:00,2024-11-12 10:35:00+00:00,0.40799,0.38803,23743.92810194384,-473.9288049147999,-4.892276771489506,0.0,Long,Closed
6,btc_strong_down,0,0.06,0.06,0.0175,0.5,10,0.4483218389094815,0.4253968253968254,,2024-11-12 10:36:00+00:00,2024-11-12 10:49:00+00:00,0.37827,0.35846,24983.00373768649,-494.91330404356995,-5.237000026436149,0.0,Long,Closed
6,btc_strong_down,0,0.06,0.06,0.0175,0.5,10,0.4483218389094815,0.4253968253968254,,2024-11-12 10:50:00+00:00,2024-11-12 10:54:00+00:00,0.35381,0.37759,26010.75201897313,618.5356830111796,6.7211215058929765,0.0,Long,Closed
6,btc_strong_down,0,0.06,0.06,0.0175,0.5,10,0.4483218389094815,0.4253968253968254,,2024-11-12 10:59:00+00:00,2024-11-12 12:44:00+00:00,0.38395999999999997,0.37578,24773.757717831213,-202.64933813185962,-2.130430253151373,0.0,Long,Closed
6,btc_strong_down,0,0.06,0.06,0.0175,0.5,10,0.4483218389094815,0.4253968253968254,,2024-11-12 12:51:00+00:00,2024-11-12 13:42:00+00:00,0.36447,0.35167,25820.526639428605,-330.50274098468617,-3.511948857244767,0.0,Long,Closed
6,btc_strong_down,0,0.06,0.06,0.0175,0.5,10,0.4483218389094815,0.4253968253968254,,2024-11-12 13:49:00+00:00,2024-11-12 13:58:00+00:00,0.34155,0.363,27069.40703785741,580.638780962041,6.28019323671497,0.0,Long,Closed
6,btc_strong_down,0,0.06,0.06,0.0175,0.5,10,0.4483218389094815,0.4253968253968254,,2024-11-12 14:01:00+00:00,2024-11-12 16:11:00+00:00,0.36498,0.35903,26127.117552362375,-155.4563494365575,-1.6302263137706317,0.0,Long,Closed
6,btc_strong_down,0,0.06,0.06,0.0175,0.5,10,0.4483218389094815,0.4253968253968254,,2024-11-12 16:12:00+00:00,2024-11-12 17:35:00+00:00,0.35716,0.37972,26481.541016751435,597.4235653379128,6.316496808153213,0.0,Long,Closed
6,btc_strong_down,0,0.06,0.06,0.0175,0.5,10,0.4483218389094815,0.4253968253968254,,2024-11-12 17:46:00+00:00,2024-11-13 01:01:00+00:00,0.37617,0.39963,25937.366010611957,608.490606608957,6.236541988994343,0.0,Long,Closed
6,btc_strong_down,0,0.06,0.06,0.0175,0.5,10,0.4483218389094815,0.4253968253968254,,2024-11-13 01:20:00+00:00,2024-11-13 04:34:00+00:00,0.39116,0.36615,25721.199190910058,-643.2871917646607,-6.393803047346356,0.0,Long,Closed
6,btc_strong_down,0,0.06,0.06,0.0175,0.5,10,0.4483218389094815,0.4253968253968254,,2024-11-13 04:36:00+00:00,2024-11-13 11:18:00+00:00,0.36319,0.39268,26816.434041779918,790.8166398920894,8.119716952559262,0.0,Long,Closed
6,btc_strong_down,0,0.06,0.06,0.0175,0.5,10,0.4483218389094815,0.4253968253968254,,2024-11-13 11:24:00+00:00,2024-11-13 14:32:00+00:00,0.38611,0.41338,26248.657117350216,715.8008795901405,7.0627541374219796,0.0,Long,Closed
6,btc_strong_down,0,0.06,0.06,0.0175,0.5,10,0.4483218389094815,0.4253968253968254,,2024-11-13 14:34:00+00:00,2024-11-13 18:20:00+00:00,0.4146,0.40308,25308.175203509796,-291.55017834443424,-2.7785817655571763,0.0,Long,Closed
6,btc_strong_down,0,0.06,0.06,0.0175,0.5,10,0.4483218389094815,0.4253968253968254,,2024-11-13 18:24:00+00:00,2024-11-13 19:56:00+00:00,0.40638,0.38161,25461.376913733315,-630.6783061531751,-6.095280279541323,0.0,Long,Closed
6,btc_strong_down,0,0.06,0.06,0.0175,0.5,10,0.4483218389094815,0.4253968253968254,,2024-11-13 19:59:00+00:00,2024-11-14 14:28:00+00:00,0.38397,0.41383,26126.14318078589,780.1266353782667,7.776649217386774,0.0,Long,Closed
6,btc_strong_down,0,0.06,0.06,0.0175,0.5,10,0.4483218389094815,0.4253968253968254,,2024-11-14 14:36:00+00:00,2024-11-14 15:00:00+00:00,0.4075,0.38251,25574.76936151041,-639.1134863441439,-6.1325153374233015,0.0,Long,Closed
6,btc_strong_down,0,0.06,0.06,0.0175,0.5,10,0.4483218389094815,0.4253968253968254,,2024-11-14 15:06:00+00:00,2024-11-14 22:33:00+00:00,0.39159,0.37541,25797.80324227743,-417.4084564600489,-4.131872621874921,0.0,Long,Closed
6,btc_strong_down,0,0.06,0.06,0.0175,0.5,10,0.4483218389094815,0.4253968253968254,,2024-11-14 22:45:00+00:00,2024-11-14 23:40:00+00:00,0.37688,0.35264,26250.948692988208,-636.3229963180329,-6.431755465930788,0.0,Long,Closed
6,btc_strong_down,0,0.06,0.06,0.0175,0.5,10,0.4483218389094815,0.4253968253968254,,2024-11-14 23:48:00+00:00,2024-11-15 15:07:00+00:00,0.35902,0.35731,26670.648000819947,-45.60680808140205,-0.476296585148459,0.0,Long,Closed
6,btc_strong_down,0,0.06,0.06,0.0175,0.5,10,0.4483218389094815,0.4253968253968254,,2024-11-15 15:10:00+00:00,2024-11-17 02:06:00+00:00,0.35618,0.35088,26819.284185562574,-142.14220618348008,-1.4880116794878833,0.0,Long,Closed
6,btc_strong_down,0,0.06,0.06,0.0175,0.5,10,0.4483218389094815,0.4253968253968254,,2024-11-17 02:07:00+00:00,2024-11-18 01:30:00+00:00,0.34567,0.36861,27429.113137159537,629.2238553664392,6.636387305811896,0.0,Long,Closed
6,btc_strong_down,0,0.06,0.06,0.0175,0.5,10,0.4483218389094815,0.4253968253968254,,2024-11-18 07:02:00+00:00,2024-11-19 18:14:00+00:00,0.38034,0.4055,25755.990602632264,648.0207235622274,6.615133827627908,0.0,Long,Closed
6,btc_strong_down,0,0.06,0.06,0.0175,0.5,10,0.4483218389094815,0.4253968253968254,,2024-11-19 18:18:00+00:00,2024-11-19 20:53:00+00:00,0.40664999999999996,0.38753,24886.373607737045,-475.82746337993194,-4.701832042296812,0.0,Long,Closed
6,btc_strong_down,0,0.06,0.06,0.0175,0.5,10,0.4483218389094815,0.4253968253968254,,2024-11-19 20:54:00+00:00,2024-11-20 18:21:00+00:00,0.38666,0.37113,25557.673656174167,-396.91067188038505,-4.016448559457924,0.0,Long,Closed
6,btc_strong_down,0,0.06,0.06,0.0175,0.5,10,0.4483218389094815,0.4253968253968254,,2024-11-20 18:38:00+00:00,2024-11-22 03:17:00+00:00,0.37095,0.39637,26105.06742136706,663.5908138511513,6.852675562744312,0.0,Long,Closed
6,btc_strong_down,0,0.06,0.06,0.0175,0.5,10,0.4483218389094815,0.4253968253968254,,2024-11-22 03:29:00+00:00,2024-11-23 16:17:00+00:00,0.39345,0.4416,25455.509383356683,1225.682776808624,12.237895539458634,0.0,Long,Closed
6,btc_strong_down,0,0.06,0.06,0.0175,0.5,10,0.4483218389094815,0.4253968253968254,,2024-11-23 16:21:00+00:00,2024-11-23 16:23:00+00:00,0.44286,0.4146,23999.25835543061,-678.2190411244683,-6.381249153231263,0.0,Long,Closed
6,btc_strong_down,0,0.06,0.06,0.0175,0.5,10,0.4483218389094815,0.4253968253968254,,2024-11-24 12:32:00+00:00,2024-11-25 15:11:00+00:00,0.41199,0.40103,24974.397521114024,-273.71939683140954,-2.6602587441442735,0.0,Long,Closed
6,btc_strong_down,0,0.06,0.06,0.0175,0.5,10,0.4483218389094815,0.4253968253968254,,2024-11-25 15:12:00+00:00,2024-11-25 21:43:00+00:00,0.39852,0.39538,25475.113761688404,-79.99185721170034,-0.7879152865602608,0.0,Long,Closed
6,btc_strong_down,0,0.06,0.06,0.0175,0.5,10,0.4483218389094815,0.4253968253968254,,2024-11-25 21:44:00+00:00,2024-11-26 11:03:00+00:00,0.39232,0.37247,25775.760623221377,-511.6488483709436,-5.05964518760195,0.0,Long,Closed
6,btc_strong_down,0,0.06,0.06,0.0175,0.5,10,0.4483218389094815,0.4253968253968254,,2024-11-26 11:31:00+00:00,2024-11-26 16:25:00+00:00,0.36677,0.38936,26873.850051849222,607.0802726712736,6.159173323881449,0.0,Long,Closed
6,btc_strong_down,0,0.06,0.06,0.0175,0.5,10,0.4483218389094815,0.4253968253968254,,2024-11-26 17:03:00+00:00,2024-11-29 15:31:00+00:00,0.38699,0.41752,26254.068890287544,801.536723220479,7.889092741414509,0.0,Long,Closed
6,btc_strong_down,0,0.06,0.06,0.0175,0.5,10,0.4483218389094815,0.4253968253968254,,2024-11-29 15:32:00+00:00,2024-12-02 03:56:00+00:00,0.41703,0.44273,25323.910705375194,650.8245051281428,6.1626261899623564,0.0,Long,Closed
6,btc_strong_down,0,0.06,0.06,0.0175,0.5,10,0.4483218389094815,0.4253968253968254,,2024-12-02 07:23:00+00:00,2024-12-02 08:40:00+00:00,0.42914,0.40109,25367.57872495383,-711.5605832349556,-6.536328470895285,0.0,Long,Closed
6,btc_strong_down,0,0.06,0.06,0.0175,0.5,10,0.4483218389094815,0.4253968253968254,,2024-12-02 14:52:00+00:00,2024-12-03 13:51:00+00:00,0.42318,0.40098,24884.121277964958,-552.4274923708217,-5.245994612221747,0.0,Long,Closed
6,btc_strong_down,0,0.06,0.06,0.0175,0.5,10,0.4483218389094815,0.4253968253968254,,2024-12-03 13:55:00+00:00,2024-12-04 01:34:00+00:00,0.3917,0.41753,26178.832515250957,676.1992438689322,6.594332397242788,0.0,Long,Closed
6,btc_strong_down,0,0.06,0.06,0.0175,0.5,10,0.4483218389094815,0.4253968253968254,,2024-12-04 02:08:00+00:00,2024-12-05 03:16:00+00:00,0.4142,0.44121,25573.028291062932,690.727494141609,6.521004345726694,0.0,Long,Closed
6,btc_strong_down,0,0.06,0.06,0.0175,0.5,10,0.4483218389094815,0.4253968253968254,,2024-12-05 03:17:00+00:00,2024-12-05 20:03:00+00:00,0.4447999999999999,0.42983,24590.180002763205,-368.1149946413643,-3.365557553956827,0.0,Long,Closed
6,btc_strong_down,0,0.06,0.06,0.0175,0.5,10,0.4483218389094815,0.4253968253968254,,2024-12-05 20:04:00+00:00,2024-12-08 23:49:00+00:00,0.42838,0.46629,25103.073364555745,951.6575112503069,8.849619496708518,0.0,Long,Closed
6,btc_strong_down,0,0.06,0.06,0.0175,0.5,10,0.4483218389094815,0.4253968253968254,,2024-12-09 00:26:00+00:00,2024-12-09 15:52:00+00:00,0.45868,0.43108,24482.173461963772,-675.7079875501986,-6.017266939914524,0.0,Long,Closed
6,btc_strong_down,0,0.06,0.06,0.0175,0.5,10,0.4483218389094815,0.4253968253968254,,2024-12-09 19:01:00+00:00,2024-12-09 21:03:00+00:00,0.43255,0.40407,25180.046999788334,-717.1277385539724,-6.58420991792857,0.0,Long,Closed
6,btc_strong_down,0,0.06,0.06,0.0175,0.5,10,0.4483218389094815,0.4253968253968254,,2024-12-09 21:04:00+00:00,2024-12-09 21:16:00+00:00,0.39012,0.41526,26999.55260043437,678.7687523749191,6.444171024300206,0.0,Long,Closed
6,btc_strong_down,0,0.06,0.06,0.0175,0.5,10,0.4483218389094815,0.4253968253968254,,2024-12-09 21:18:00+00:00,2024-12-09 22:21:00+00:00,0.41962,0.39717,25910.227912561168,-581.6846166369978,-5.35007864258138,0.0,Long,Closed
6,btc_strong_down,0,0.06,0.06,0.0175,0.5,10,0.4483218389094815,0.4253968253968254,,2024-12-09 22:22:00+00:00,2024-12-09 23:11:00+00:00,0.39273,0.41679,26943.720949126415,648.2659260359796,6.126346344817032,0.0,Long,Closed
6,btc_strong_down,0,0.06,0.06,0.0175,0.5,10,0.4483218389094815,0.4253968253968254,,2024-12-10 02:27:00+00:00,2024-12-10 15:42:00+00:00,0.40117,0.38101,27184.835584336834,-548.046285380231,-5.025300994590825,0.0,Long,Closed
6,btc_strong_down,0,0.06,0.06,0.0175,0.5,10,0.4483218389094815,0.4253968253968254,,2024-12-10 15:46:00+00:00,2024-12-11 13:30:00+00:00,0.38281,0.40848,27772.83077421774,712.928565974169,6.705676445233926,0.0,Long,Closed
6,btc_strong_down,0,0.06,0.06,0.0175,0.5,10,0.4483218389094815,0.4253968253968254,,2024-12-11 15:28:00+00:00,2024-12-17 23:16:00+00:00,0.41815,0.39332,26278.085930085796,-652.4848736440308,-5.938060504603615,0.0,Long,Closed
6,btc_strong_down,0,0.06,0.06,0.0175,0.5,10,0.4483218389094815,0.4253968253968254,,2024-12-18 01:53:00+00:00,2024-12-18 20:07:00+00:00,0.39042,0.35938,27308.89604744471,-847.6681333126835,-7.950412376415141,0.0,Long,Closed
6,btc_strong_down,0,0.06,0.06,0.0175,0.5,10,0.4483218389094815,0.4253968253968254,,2024-12-18 20:08:00+00:00,2024-12-19 02:27:00+00:00,0.36001,0.34399,28438.39095632627,-455.5830231203454,-4.4498763923224205,0.0,Long,Closed
6,btc_strong_down,0,0.06,0.06,0.0175,0.5,10,0.4483218389094815,0.4253968253968254,,2024-12-19 14:43:00+00:00,2024-12-19 17:35:00+00:00,0.36004,0.33762,27803.33745313534,-623.3508256992955,-6.22708587934675,0.0,Long,Closed
6,btc_strong_down,0,0.06,0.06,0.0175,0.5,10,0.4483218389094815,0.4253968253968254,,2024-12-19 17:49:00+00:00,2024-12-19 18:11:00+00:00,0.33391,0.31201,29045.665609826607,-636.1000768552021,-6.558653529394142,0.0,Long,Closed
6,btc_strong_down,0,0.06,0.06,0.0175,0.5,10,0.4483218389094815,0.4253968253968254,,2024-12-19 18:13:00+00:00,2024-12-19 20:10:00+00:00,0.31084,0.30077,30178.188667319522,-303.8943598799069,-3.239608801955983,0.0,Long,Closed
6,btc_strong_down,0,0.06,0.06,0.0175,0.5,10,0.4483218389094815,0.4253968253968254,,2024-12-19 20:12:00+00:00,2024-12-19 21:22:00+00:00,0.30186,0.32044,30572.586581228534,568.0386586792265,6.155171271450344,0.0,Long,Closed
6,btc_strong_down,0,0.06,0.06,0.0175,0.5,10,0.4483218389094815,0.4253968253968254,,2024-12-19 21:25:00+00:00,2024-12-20 08:39:00+00:00,0.32123,0.30588,29613.237601560435,-454.5631971839539,-4.778507611368814,0.0,Long,Closed
6,btc_strong_down,0,0.06,0.06,0.0175,0.5,10,0.4483218389094815,0.4253968253968254,,2024-12-20 08:40:00+00:00,2024-12-20 10:14:00+00:00,0.30524,0.28061,30419.92765088875,-749.2428180413899,-8.069060411479493,0.0,Long,Closed
6,btc_strong_down,0,0.06,0.06,0.0175,0.5,10,0.4483218389094815,0.4253968253968254,,2024-12-20 10:17:00+00:00,2024-12-20 11:33:00+00:00,0.28472,0.27249,31296.56261287085,-382.7569607554087,-4.295448159595373,0.0,Long,Closed
6,btc_strong_down,0,0.06,0.06,0.0175,0.5,10,0.4483218389094815,0.4253968253968254,,2024-12-20 11:34:00+00:00,2024-12-20 12:49:00+00:00,0.2715,0.29111,32115.575789167153,629.7864412255676,7.222836095764269,0.0,Long,Closed
6,btc_strong_down,0,0.06,0.06,0.0175,0.5,10,0.4483218389094815,0.4253968253968254,,2024-12-20 13:21:00+00:00,2024-12-20 15:16:00+00:00,0.28718,0.30545,31458.569703223293,574.7480684778893,6.361863639529212,0.0,Long,Closed
6,btc_strong_down,0,0.06,0.06,0.0175,0.5,10,0.4483218389094815,0.4253968253968254,,2024-12-20 15:19:00+00:00,2024-12-21 05:46:00+00:00,0.3065,0.33689,30413.200918794813,924.2571759221755,9.915171288743894,0.0,Long,Closed
6,btc_strong_down,0,0.06,0.06,0.0175,0.5,10,0.4483218389094815,0.4253968253968254,,2024-12-21 05:48:00+00:00,2024-12-21 13:22:00+00:00,0.33627,0.31977,29094.997084401515,-480.0674518926262,-4.90677134445536,0.0,Long,Closed
6,btc_strong_down,0,0.06,0.06,0.0175,0.5,10,0.4483218389094815,0.4253968253968254,,2024-12-21 13:25:00+00:00,2024-12-22 22:07:00+00:00,0.31839,0.30851,29975.002178540104,-296.15302152397635,-3.1031125349414252,0.0,Long,Closed
6,btc_strong_down,0,0.06,0.06,0.0175,0.5,10,0.4483218389094815,0.4253968253968254,,2024-12-22 22:20:00+00:00,2024-12-24 13:51:00+00:00,0.30929,0.3293,30378.170755159867,607.8671968107483,6.46965630961233,0.0,Long,Closed
6,btc_strong_down,0,0.06,0.06,0.0175,0.5,10,0.4483218389094815,0.4253968253968254,,2024-12-24 13:55:00+00:00,2024-12-26 08:06:00+00:00,0.3302,0.32127,29374.91832607138,-262.3180206518173,-2.704421562689278,0.0,Long,Closed
6,btc_strong_down,0,0.06,0.06,0.0175,0.5,10,0.4483218389094815,0.4253968253968254,,2024-12-26 08:08:00+00:00,2025-01-02 14:31:00+00:00,0.32015,0.341,29887.362239396723,623.151502691424,6.5125722317663834,0.0,Long,Closed
6,btc_strong_down,0,0.06,0.06,0.0175,0.5,10,0.4483218389094815,0.4253968253968254,,2025-01-02 14:32:00+00:00,2025-01-03 14:39:00+00:00,0.34053,0.36377,29013.639832873967,674.2769897159906,6.824655683787033,0.0,Long,Closed
6,btc_strong_down,0,0.06,0.06,0.0175,0.5,10,0.4483218389094815,0.4253968253968254,,2025-01-03 14:40:00+00:00,2025-01-06 02:07:00+00:00,0.36273,0.38654,28167.378676003,670.6652862756309,6.564111046784104,0.0,Long,Closed
6,btc_strong_down,0,0.06,0.06,0.0175,0.5,10,0.4483218389094815,0.4253968253968254,,2025-01-06 02:15:00+00:00,2025-01-07 15:15:00+00:00,0.38586,0.3637,27347.965350864004,-606.0309121751452,-5.743015601513492,0.0,Long,Closed
6,btc_strong_down,0,0.06,0.06,0.0175,0.5,10,0.4483218389094815,0.4253968253968254,,2025-01-07 15:34:00+00:00,2025-01-08 06:39:00+00:00,0.3668,0.34578,27942.940169566005,-587.3606023642787,-5.73064340239914,0.0,Long,Closed
6,btc_strong_down,0,0.06,0.06,0.0175,0.5,10,0.4483218389094815,0.4253968253968254,,2025-01-08 11:33:00+00:00,2025-01-08 17:24:00+00:00,0.34682,0.33066,28705.92858835901,-463.88780598788253,-4.6594775387809335,0.0,Long,Closed
6,btc_strong_down,0,0.06,0.06,0.0175,0.5,10,0.4483218389094815,0.4253968253968254,,2025-01-08 17:27:00+00:00,2025-01-09 14:10:00+00:00,0.32915,0.32184,29542.294546622306,-215.95417313580765,-2.2208719428831696,0.0,Long,Closed
6,btc_strong_down,0,0.06,0.06,0.0175,0.5,10,0.4483218389094815,0.4253968253968254,,2025-01-09 14:42:00+00:00,2025-01-09 20:21:00+00:00,0.31845,0.31495,30195.852295345667,-105.68548303371063,-1.0990736379337498,0.0,Long,Closed
6,btc_strong_down,0,0.06,0.06,0.0175,0.5,10,0.4483218389094815,0.4253968253968254,,2025-01-09 20:22:00+00:00,2025-01-10 07:42:00+00:00,0.31495,0.33901,30363.633662282813,730.5490259145226,7.63930782663913,0.0,Long,Closed
6,btc_strong_down,0,0.06,0.06,0.0175,0.5,10,0.4483218389094815,0.4253968253968254,,2025-01-10 13:30:00+00:00,2025-01-13 08:23:00+00:00,0.32692,0.3235,30369.20633455657,-103.86268566418403,-1.0461274929646454,0.0,Long,Closed
6,btc_strong_down,0,0.06,0.06,0.0175,0.5,10,0.4483218389094815,0.4253968253968254,,2025-01-13 10:30:00+00:00,2025-01-14 08:11:00+00:00,0.31983,0.34429,30880.060007069827,755.3262677729272,7.647812900603437,0.0,Long,Closed
6,btc_strong_down,0,0.06,0.06,0.0175,0.5,10,0.4483218389094815,0.4253968253968254,,2025-01-14 13:32:00+00:00,2025-01-15 15:28:00+00:00,0.35075,0.37205,29234.590808118624,622.696784212927,6.072701354240915,0.0,Long,Closed
6,btc_strong_down,0,0.06,0.06,0.0175,0.5,10,0.4483218389094815,0.4253968253968254,,2025-01-15 20:13:00+00:00,2025-01-17 12:46:00+00:00,0.37726,0.41244,28005.569416460985,985.2359320710966,9.325133859937436,0.0,Long,Closed
6,btc_strong_down,0,0.06,0.06,0.0175,0.5,10,0.4483218389094815,0.4253968253968254,,2025-01-17 14:41:00+00:00,2025-01-18 05:57:00+00:00,0.41138,0.38676,26880.25447053726,-661.7918650646279,-5.984734308911474,0.0,Long,Closed
6,btc_strong_down,0,0.06,0.06,0.0175,0.5,10,0.4483218389094815,0.4253968253968254,,2025-01-18 05:59:00+00:00,2025-01-19 08:47:00+00:00,0.38764,0.3771,27672.848910219032,-291.6718275137082,-2.7190176452378463,0.0,Long,Closed
6,btc_strong_down,0,0.06,0.06,0.0175,0.5,10,0.4483218389094815,0.4253968253968254,,2025-01-19 09:15:00+00:00,2025-01-19 15:07:00+00:00,0.36692,0.3902,28838.077068026952,671.3504341436674,6.344707293142918,0.0,Long,Closed
6,btc_strong_down,0,0.06,0.06,0.0175,0.5,10,0.4483218389094815,0.4253968253968254,,2025-01-19 20:16:00+00:00,2025-01-19 22:00:00+00:00,0.3939,0.36959,27715.010040295212,-673.7518940795762,-6.171617161716168,0.0,Long,Closed
6,btc_strong_down,0,0.06,0.06,0.0175,0.5,10,0.4483218389094815,0.4253968253968254,,2025-01-19 22:03:00+00:00,2025-01-19 22:48:00+00:00,0.37144,0.35297,28483.91801591777,-526.097965754001,-4.972539306482876,0.0,Long,Closed
6,btc_strong_down,0,0.06,0.06,0.0175,0.5,10,0.4483218389094815,0.4253968253968254,,2025-01-19 22:55:00+00:00,2025-01-20 07:06:00+00:00,0.36324,0.38514,28402.757198974494,622.0203826575398,6.029071688140056,0.0,Long,Closed
6,btc_strong_down,0,0.06,0.06,0.0175,0.5,10,0.4483218389094815,0.4253968253968254,,2025-01-20 07:09:00+00:00,2025-01-20 16:13:00+00:00,0.38215,0.36097,27811.141479220896,-589.0399765298971,-5.542326311657712,0.0,Long,Closed
6,btc_strong_down,0,0.06,0.06,0.0175,0.5,10,0.4483218389094815,0.4253968253968254,,2025-01-20 16:17:00+00:00,2025-01-20 17:39:00+00:00,0.36405,0.35449,28384.858475537196,-271.35924702613556,-2.626012910314517,0.0,Long,Closed
6,btc_strong_down,0,0.06,0.06,0.0175,0.5,10,0.4483218389094815,0.4253968253968254,,2025-01-20 17:41:00+00:00,2025-01-21 01:30:00+00:00,0.35241,0.34075,28937.39707870449,-337.41004993769457,-3.308646179166314,0.0,Long,Closed
6,btc_strong_down,0,0.06,0.06,0.0175,0.5,10,0.4483218389094815,0.4253968253968254,,2025-01-21 01:39:00+00:00,2025-01-21 12:15:00+00:00,0.3432,0.38595,29222.386595388696,1249.257026952866,12.456293706293698,0.0,Long,Closed
6,btc_strong_down,0,0.06,0.06,0.0175,0.5,10,0.4483218389094815,0.4253968253968254,,2025-01-21 12:20:00+00:00,2025-01-22 13:51:00+00:00,0.38063,0.36101,27989.78428661386,-549.1595677033656,-5.154612090481585,0.0,Long,Closed
6,btc_strong_down,0,0.06,0.06,0.0175,0.5,10,0.4483218389094815,0.4253968253968254,,2025-01-22 13:53:00+00:00,2025-01-23 21:17:00+00:00,0.36109,0.34387,28744.00235166344,-494.97172049564506,-4.768894181506002,0.0,Long,Closed
6,btc_strong_down,0,0.06,0.06,0.0175,0.5,10,0.4483218389094815,0.4253968253968254,,2025-01-23 21:18:00+00:00,2025-01-24 14:44:00+00:00,0.34239,0.36309,29591.068515185394,612.5351182643371,6.045737317094535,0.0,Long,Closed
6,btc_strong_down,0,0.06,0.06,0.0175,0.5,10,0.4483218389094815,0.4253968253968254,,2025-01-24 14:45:00+00:00,2025-01-26 23:14:00+00:00,0.36224,0.34002,28815.021830958744,-640.2697850839049,-6.134054770318037,0.0,Long,Closed
6,btc_strong_down,0,0.06,0.06,0.0175,0.5,10,0.4483218389094815,0.4253968253968254,,2025-01-26 23:15:00+00:00,2025-01-27 06:18:00+00:00,0.33849,0.3182,29891.041435506348,-606.4892307264254,-5.994268663771471,0.0,Long,Closed
6,btc_strong_down,0,0.06,0.06,0.0175,0.5,10,0.4483218389094815,0.4253968253968254,,2025-01-27 06:37:00+00:00,2025-01-28 00:04:00+00:00,0.31559,0.33686,31099.128616690432,661.4784656770062,6.739757280015217,0.0,Long,Closed
6,btc_strong_down,0,0.06,0.06,0.0175,0.5,10,0.4483218389094815,0.4253968253968254,,2025-01-28 00:10:00+00:00,2025-01-28 21:57:00+00:00,0.33609,0.31637,30186.299006158573,-595.2738164014481,-5.867475973697531,0.0,Long,Closed
6,btc_strong_down,0,0.06,0.06,0.0175,0.5,10,0.4483218389094815,0.4253968253968254,,2025-01-28 22:17:00+00:00,2025-01-31 15:37:00+00:00,0.31915,0.3412,30855.949631142445,680.3736893666901,6.908976970076758,0.0,Long,Closed
6,btc_strong_down,0,0.06,0.06,0.0175,0.5,10,0.4483218389094815,0.4253968253968254,,2025-01-31 18:21:00+00:00,2025-02-01 22:19:00+00:00,0.33031,0.31011,30843.338589393166,-623.035439505742,-6.115467288304926,0.0,Long,Closed
6,btc_strong_down,0,0.06,0.06,0.0175,0.5,10,0.4483218389094815,0.4253968253968254,,2025-02-02 03:10:00+00:00,2025-02-02 16:48:00+00:00,0.30558,0.28272,32319.9995081798,-738.8351887569897,-7.480856076968383,0.0,Long,Closed
6,btc_strong_down,0,0.06,0.06,0.0175,0.5,10,0.4483218389094815,0.4253968253968254,,2025-02-02 17:24:00+00:00,2025-02-02 22:39:00+00:00,0.27693,0.25983,34329.71456805363,-587.0381191137167,-6.174845628859275,0.0,Long,Closed
6,btc_strong_down,0,0.06,0.06,0.0175,0.5,10,0.4483218389094815,0.4253968253968254,,2025-02-02 22:40:00+00:00,2025-02-03 00:43:00+00:00,0.25477,0.24793,36163.63306423139,-247.359250159343,-2.6847745024924468,0.0,Long,Closed
6,btc_strong_down,0,0.06,0.06,0.0175,0.5,10,0.4483218389094815,0.4253968253968254,,2025-02-03 00:44:00+00:00,2025-02-03 01:47:00+00:00,0.24584000000000003,0.23982,36974.16681864042,-222.58448424821654,-2.448747152619603,0.0,Long,Closed
6,btc_strong_down,0,0.06,0.06,0.0175,0.5,10,0.4483218389094815,0.4253968253968254,,2025-02-03 01:48:00+00:00,2025-02-03 01:55:00+00:00,0.23712000000000003,0.221,37864.52820753396,-610.3761947054481,-6.798245614035096,0.0,Long,Closed
6,btc_strong_down,0,0.06,0.06,0.0175,0.5,10,0.4483218389094815,0.4253968253968254,,2025-02-03 01:59:00+00:00,2025-02-03 02:06:00+00:00,0.22923,0.21048,37836.4473725853,-709.4333882359742,-8.179557649522312,0.0,Long,Closed
6,btc_strong_down,0,0.06,0.06,0.0175,0.5,10,0.4483218389094815,0.4253968253968254,,2025-02-03 02:07:00+00:00,2025-02-03 02:09:00+00:00,0.20344,0.21646,40889.36363104473,532.3795144762025,6.399921352732993,0.0,Long,Closed
6,btc_strong_down,0,0.06,0.06,0.0175,0.5,10,0.4483218389094815,0.4253968253968254,,2025-02-03 02:21:00+00:00,2025-02-03 04:27:00+00:00,0.23041999999999999,0.22708,37256.84356539295,-124.43785750841198,-1.4495269507855169,0.0,Long,Closed
6,btc_strong_down,0,0.06,0.06,0.0175,0.5,10,0.4483218389094815,0.4253968253968254,,2025-02-03 04:29:00+00:00,2025-02-03 06:25:00+00:00,0.22614,0.24419,37686.844280461824,680.2475392623364,7.981781197488287,0.0,Long,Closed
6,btc_strong_down,0,0.06,0.06,0.0175,0.5,10,0.4483218389094815,0.4253968253968254,,2025-02-03 06:41:00+00:00,2025-02-03 14:21:00+00:00,0.24288999999999997,0.24091,36488.23226651903,-72.2466998877062,-0.8151838280703033,0.0,Long,Closed
6,btc_strong_down,0,0.06,0.06,0.0175,0.5,10,0.4483218389094815,0.4253968253968254,,2025-02-03 14:35:00+00:00,2025-02-03 15:25:00+00:00,0.2544,0.26987,34695.374942102804,536.7374503543306,6.080974842767298,0.0,Long,Closed
6,btc_strong_down,0,0.06,0.06,0.0175,0.5,10,0.4483218389094815,0.4253968253968254,,2025-02-03 15:26:00+00:00,2025-02-03 19:49:00+00:00,0.26861,0.28687,33859.022785630164,618.2657560656062,6.797959867465836,0.0,Long,Closed
6,btc_strong_down,0,0.06,0.06,0.0175,0.5,10,0.4483218389094815,0.4253968253968254,,2025-02-03 20:05:00+00:00,2025-02-04 05:04:00+00:00,0.28167,0.27388,33386.604851354154,-260.0816517920466,-2.765647743813659,0.0,Long,Closed
6,btc_strong_down,0,0.06,0.06,0.0175,0.5,10,0.4483218389094815,0.4253968253968254,,2025-02-04 05:05:00+00:00,2025-02-04 21:05:00+00:00,0.27298,0.25889,33973.053566506336,-478.68032475207474,-5.16155029672504,0.0,Long,Closed
6,btc_strong_down,0,0.06,0.06,0.0175,0.5,10,0.4483218389094815,0.4253968253968254,,2025-02-04 21:06:00+00:00,2025-02-06 15:31:00+00:00,0.25872,0.25037,34920.470006991585,-291.5859245583815,-3.227427334570211,0.0,Long,Closed
6,btc_strong_down,0,0.06,0.06,0.0175,0.5,10,0.4483218389094815,0.4253968253968254,,2025-02-06 16:26:00+00:00,2025-02-09 21:40:00+00:00,0.2483,0.24501,35798.755690413505,-117.77790622145949,-1.3250100684655552,0.0,Long,Closed
6,btc_strong_down,0,0.06,0.06,0.0175,0.5,10,0.4483218389094815,0.4253968253968254,,2025-02-09 21:43:00+00:00,2025-02-11 15:08:00+00:00,0.24328000000000002,0.25856,36295.38837890062,554.5935344296013,6.28082867477803,0.0,Long,Closed
6,btc_strong_down,0,0.06,0.06,0.0175,0.5,10,0.4483218389094815,0.4253968253968254,,2025-02-11 19:17:00+00:00,2025-02-12 22:26:00+00:00,0.25063,0.26627,36337.385197437434,568.316704487921,6.2402745082392315,0.0,Long,Closed
6,btc_strong_down,0,0.06,0.06,0.0175,0.5,10,0.4483218389094815,0.4253968253968254,,2025-02-13 14:38:00+00:00,2025-02-14 13:34:00+00:00,0.25399,0.26946,36975.46046804089,572.0103734405911,6.090790976022663,0.0,Long,Closed
6,btc_strong_down,0,0.06,0.06,0.0175,0.5,10,0.4483218389094815,0.4253968253968254,,2025-02-14 15:15:00+00:00,2025-02-14 17:49:00+00:00,0.2691,0.28638,35962.10476030473,621.4251702580659,6.421404682274249,0.0,Long,Closed
6,btc_strong_down,0,0.06,0.06,0.0175,0.5,10,0.4483218389094815,0.4253968253968254,,2025-02-14 19:53:00+00:00,2025-02-18 14:35:00+00:00,0.27531,0.25272,36279.52118022242,-819.5543834612254,-8.205295848316451,0.0,Long,Closed
6,btc_strong_down,0,0.06,0.06,0.0175,0.5,10,0.4483218389094815,0.4253968253968254,,2025-02-18 14:41:00+00:00,2025-02-21 19:17:00+00:00,0.25126,0.24354,38121.22018783898,-294.29581985011646,-3.0725145267849983,0.0,Long,Closed
6,btc_strong_down,0,0.06,0.06,0.0175,0.5,10,0.4483218389094815,0.4253968253968254,,2025-02-21 19:38:00+00:00,2025-02-24 14:55:00+00:00,0.24096,0.22567,39140.06422008369,-598.4515819250792,-6.345451527224431,0.0,Long,Closed
6,btc_strong_down,0,0.06,0.06,0.0175,0.5,10,0.4483218389094815,0.4253968253968254,,2025-02-24 14:57:00+00:00,2025-02-24 22:02:00+00:00,0.22448,0.21023,40680.52424941565,-579.6974705541725,-6.348004276550244,0.0,Long,Closed
6,btc_strong_down,0,0.06,0.06,0.0175,0.5,10,0.4483218389094815,0.4253968253968254,,2025-02-24 22:06:00+00:00,2025-02-25 07:26:00+00:00,0.21129,0.1988,41848.24340116304,-522.6845600805264,-5.911306734819442,0.0,Long,Closed
6,btc_strong_down,0,0.06,0.06,0.0175,0.5,10,0.4483218389094815,0.4253968253968254,,2025-02-25 07:32:00+00:00,2025-02-25 22:04:00+00:00,0.20068,0.21342,42758.486486901915,544.7431178431307,6.348415387681886,0.0,Long,Closed
6,btc_strong_down,0,0.06,0.06,0.0175,0.5,10,0.4483218389094815,0.4253968253968254,,2025-02-25 22:09:00+00:00,2025-02-26 17:55:00+00:00,0.21409000000000003,0.20135,41352.443491583166,-526.8301300827698,-5.95076836844318,0.0,Long,Closed
6,btc_strong_down,0,0.06,0.06,0.0175,0.5,10,0.4483218389094815,0.4253968253968254,,2025-02-26 17:57:00+00:00,2025-02-28 01:32:00+00:00,0.20112,0.19842,42709.47475174849,-115.31558182972003,-1.342482100238653,0.0,Long,Closed
6,btc_strong_down,0,0.06,0.06,0.0175,0.5,10,0.4483218389094815,0.4253968253968254,,2025-02-28 01:33:00+00:00,2025-02-28 04:04:00+00:00,0.19799,0.1869,43093.44800826706,-477.90633841168165,-5.601292994595686,0.0,Long,Closed
6,btc_strong_down,0,0.06,0.06,0.0175,0.5,10,0.4483218389094815,0.4253968253968254,,2025-02-28 04:06:00+00:00,2025-02-28 16:39:00+00:00,0.18781,0.19944,44156.959703694985,513.5454413539737,6.1924285181832825,0.0,Long,Closed
6,btc_strong_down,0,0.06,0.06,0.0175,0.5,10,0.4483218389094815,0.4253968253968254,,2025-02-28 16:41:00+00:00,2025-03-02 15:35:00+00:00,0.19996999999999998,0.21351,42755.86999363876,578.9144797138688,6.771015652347853,0.0,Long,Closed
6,btc_strong_down,0,0.06,0.06,0.0175,0.5,10,0.4483218389094815,0.4253968253968254,,2025-03-02 15:39:00+00:00,2025-03-02 16:35:00+00:00,0.21548999999999996,0.23026,41019.762227875435,605.8618881057209,6.854146364100432,0.0,Long,Closed
6,btc_strong_down,0,0.06,0.06,0.0175,0.5,10,0.4483218389094815,0.4253968253968254,,2025-03-02 16:37:00+00:00,2025-03-03 03:19:00+00:00,0.23014000000000004,0.22682,39724.86098260943,-131.88653846226407,-1.4426001564265312,0.0,Long,Closed
6,btc_strong_down,0,0.06,0.06,0.0175,0.5,10,0.4483218389094815,0.4253968253968254,,2025-03-03 03:22:00+00:00,2025-03-03 14:59:00+00:00,0.22662,0.21286,40050.90564516197,-551.100461677428,-6.07183831965404,0.0,Long,Closed
6,btc_strong_down,0,0.06,0.06,0.0175,0.5,10,0.4483218389094815,0.4253968253968254,,2025-03-03 15:05:00+00:00,2025-03-03 18:47:00+00:00,0.21382000000000004,0.20495,41159.78863748896,-365.0873252145284,-4.148349078664312,0.0,Long,Closed
6,btc_strong_down,0,0.06,0.06,0.0175,0.5,10,0.4483218389094815,0.4253968253968254,,2025-03-03 18:49:00+00:00,2025-03-03 21:57:00+00:00,0.20579,0.19349,41878.819883670854,-515.1094845691523,-5.97696681082658,0.0,Long,Closed
6,btc_strong_down,0,0.06,0.06,0.0175,0.5,10,0.4483218389094815,0.4253968253968254,,2025-03-03 21:58:00+00:00,2025-03-04 01:45:00+00:00,0.19358,0.18823,43189.831602314545,-231.0655990723826,-2.76371525984089,0.0,Long,Closed
6,btc_strong_down,0,0.06,0.06,0.0175,0.5,10,0.4483218389094815,0.4253968253968254,,2025-03-04 01:47:00+00:00,2025-03-04 16:29:00+00:00,0.18924,0.18597,43569.83091333682,-142.47334708661128,-1.7279644895370945,0.0,Long,Closed
6,btc_strong_down,0,0.06,0.06,0.0175,0.5,10,0.4483218389094815,0.4253968253968254,,2025-03-04 16:35:00+00:00,2025-03-04 17:21:00+00:00,0.18361,0.19468,44517.82652631422,492.812339646297,6.0290833832579755,0.0,Long,Closed
6,btc_strong_down,0,0.06,0.06,0.0175,0.5,10,0.4483218389094815,0.4253968253968254,,2025-03-04 17:22:00+00:00,2025-03-05 10:36:00+00:00,0.19435,0.20624,43325.568810494995,515.1410131567864,6.117828659634691,0.0,Long,Closed
6,btc_strong_down,0,0.06,0.06,0.0175,0.5,10,0.4483218389094815,0.4253968253968254,,2025-03-05 10:37:00+00:00,2025-03-06 16:58:00+00:00,0.20608999999999997,0.2027,42107.30654033721,-142.74376917174231,-1.644912416905226,0.0,Long,Closed
6,btc_strong_down,0,0.06,0.06,0.0175,0.5,10,0.4483218389094815,0.4253968253968254,,2025-03-06 17:01:00+00:00,2025-03-07 00:53:00+00:00,0.20196,0.19132,42614.98772188663,-453.42346936087324,-5.268369974252321,0.0,Long,Closed
6,btc_strong_down,0,0.06,0.06,0.0175,0.5,10,0.4483218389094815,0.4253968253968254,,2025-03-07 00:54:00+00:00,2025-03-07 09:28:00+00:00,0.19084,0.20234,43910.14035648599,504.9666140995869,6.025990358415402,0.0,Long,Closed
6,btc_strong_down,0,0.06,0.06,0.0175,0.5,10,0.4483218389094815,0.4253968253968254,,2025-03-07 09:34:00+00:00,2025-03-08 01:33:00+00:00,0.20282000000000003,0.19555,42561.35732512365,-309.4210677536503,-3.5844591263189187,0.0,Long,Closed
6,btc_strong_down,0,0.06,0.06,0.0175,0.5,10,0.4483218389094815,0.4253968253968254,,2025-03-08 01:37:00+00:00,2025-03-09 10:50:00+00:00,0.19667,0.18392,43105.62850869352,-549.5967634858434,-6.482940967102264,0.0,Long,Closed
6,btc_strong_down,0,0.06,0.06,0.0175,0.5,10,0.4483218389094815,0.4253968253968254,,2025-03-09 12:06:00+00:00,2025-03-09 16:32:00+00:00,0.18487,0.17347,44370.5608106336,-505.8243932412224,-6.166495375128461,0.0,Long,Closed
6,btc_strong_down,0,0.06,0.06,0.0175,0.5,10,0.4483218389094815,0.4253968253968254,,2025-03-09 16:35:00+00:00,2025-03-10 14:03:00+00:00,0.17355,0.16884,45807.3948743372,-215.7528298581292,-2.713915298184973,0.0,Long,Closed
6,btc_strong_down,0,0.06,0.06,0.0175,0.5,10,0.4483218389094815,0.4253968253968254,,2025-03-10 14:05:00+00:00,2025-03-10 17:07:00+00:00,0.16845,0.15952,46553.85553880771,-415.72592996155254,-5.301276343128522,0.0,Long,Closed
6,btc_strong_down,0,0.06,0.06,0.0175,0.5,10,0.4483218389094815,0.4253968253968254,,2025-03-10 17:11:00+00:00,2025-03-10 19:02:00+00:00,0.15951,0.15171,47859.90847301975,-373.3072860895545,-4.889975550122254,0.0,Long,Closed
6,btc_strong_down,0,0.06,0.06,0.0175,0.5,10,0.4483218389094815,0.4253968253968254,,2025-03-10 19:17:00+00:00,2025-03-11 00:35:00+00:00,0.15566,0.14786,47844.5352530297,-373.18737497363145,-5.010921238596939,0.0,Long,Closed
6,btc_strong_down,0,0.06,0.06,0.0175,0.5,10,0.4483218389094815,0.4253968253968254,,2025-03-11 00:37:00+00:00,2025-03-11 05:10:00+00:00,0.14802,0.15803,49053.416227535374,491.02469643762834,6.76259964869611,0.0,Long,Closed
6,btc_strong_down,0,0.06,0.06,0.0175,0.5,10,0.4483218389094815,0.4253968253968254,,2025-03-11 13:07:00+00:00,2025-03-11 18:52:00+00:00,0.15819,0.168,47451.79226385107,465.5020821083799,6.201403375687477,0.0,Long,Closed
6,btc_strong_down,0,0.06,0.06,0.0175,0.5,10,0.4483218389094815,0.4253968253968254,,2025-03-11 19:14:00+00:00,2025-03-12 15:06:00+00:00,0.167,0.16229,46342.21592378916,-218.27183700104797,-2.8203592814371388,0.0,Long,Closed
6,btc_strong_down,0,0.06,0.06,0.0175,0.5,10,0.4483218389094815,0.4253968253968254,,2025-03-12 15:07:00+00:00,2025-03-13 00:23:00+00:00,0.16175,0.17262,47171.64847463534,512.755818919286,6.720247295208654,0.0,Long,Closed
6,btc_strong_down,0,0.06,0.06,0.0175,0.5,10,0.4483218389094815,0.4253968253968254,,2025-03-13 08:25:00+00:00,2025-03-18 13:40:00+00:00,0.16877,0.16396,46728.636903667175,-224.76474350664012,-2.850032588730237,0.0,Long,Closed
6,btc_strong_down,0,0.06,0.06,0.0175,0.5,10,0.4483218389094815,0.4253968253968254,,2025-03-18 13:43:00+00:00,2025-03-19 18:57:00+00:00,0.16409,0.17398,47376.49874141379,468.5535725525806,6.027180205984497,0.0,Long,Closed
6,btc_strong_down,0,0.06,0.06,0.0175,0.5,10,0.4483218389094815,0.4253968253968254,,2025-03-19 18:59:00+00:00,2025-03-20 16:34:00+00:00,0.17391,0.16798,46048.45302026841,-273.06732641019244,-3.409809671669264,0.0,Long,Closed
6,btc_strong_down,0,0.06,0.06,0.0175,0.5,10,0.4483218389094815,0.4253968253968254,,2025-03-21 12:40:00+00:00,2025-03-24 14:04:00+00:00,0.16673,0.17781,47212.576030407145,523.1153424169115,6.645474719606555,0.0,Long,Closed
6,btc_strong_down,0,0.06,0.06,0.0175,0.5,10,0.4483218389094815,0.4253968253968254,,2025-03-24 14:30:00+00:00,2025-03-26 07:32:00+00:00,0.18054,0.19979,45049.90845662035,867.210737789942,10.662457073224772,0.0,Long,Closed
6,btc_strong_down,0,0.06,0.06,0.0175,0.5,10,0.4483218389094815,0.4253968253968254,,2025-03-26 13:51:00+00:00,2025-03-28 04:40:00+00:00,0.19885,0.18457,43082.30244733825,-615.2152789479896,-7.181292431481009,0.0,Long,Closed
6,btc_strong_down,0,0.06,0.06,0.0175,0.5,10,0.4483218389094815,0.4253968253968254,,2025-03-28 14:08:00+00:00,2025-03-29 17:16:00+00:00,0.17836,0.16651,46306.95336498775,-548.7373973751046,-6.643866337743887,0.0,Long,Closed
6,btc_strong_down,0,0.06,0.06,0.0175,0.5,10,0.4483218389094815,0.4253968253968254,,2025-03-29 17:35:00+00:00,2025-04-02 22:03:00+00:00,0.16931,0.16802,47161.653201179266,-60.83853262952016,-0.7619160120488908,0.0,Long,Closed
6,btc_strong_down,0,0.06,0.06,0.0175,0.5,10,0.4483218389094815,0.4253968253968254,,2025-04-02 22:06:00+00:00,2025-04-03 12:46:00+00:00,0.16737,0.15708,47526.55934263549,-489.0482956357191,-6.1480552070263474,0.0,Long,Closed
6,btc_strong_down,0,0.06,0.06,0.0175,0.5,10,0.4483218389094815,0.4253968253968254,,2025-04-03 12:47:00+00:00,2025-04-04 10:08:00+00:00,0.15597,0.16615,49432.558116041815,503.223441621305,6.526896197986784,0.0,Long,Closed
6,btc_strong_down,0,0.06,0.06,0.0175,0.5,10,0.4483218389094815,0.4253968253968254,,2025-04-04 10:09:00+00:00,2025-04-06 17:33:00+00:00,0.16587,0.15857,47999.08247524986,-350.3933020693239,-4.4010369566528,0.0,Long,Closed
6,btc_strong_down,0,0.06,0.06,0.0175,0.5,10,0.4483218389094815,0.4253968253968254,,2025-04-06 17:45:00+00:00,2025-04-06 22:44:00+00:00,0.15718,0.1479,49538.18017009182,-459.7143119784514,-5.904059040590397,0.0,Long,Closed
6,btc_strong_down,0,0.06,0.06,0.0175,0.5,10,0.4483218389094815,0.4253968253968254,,2025-04-06 22:47:00+00:00,2025-04-07 03:44:00+00:00,0.14777,0.14037,51137.267396263145,-378.4157787323484,-5.0077823644853625,0.0,Long,Closed
6,btc_strong_down,0,0.06,0.06,0.0175,0.5,10,0.4483218389094815,0.4253968253968254,,2025-04-07 04:10:00+00:00,2025-04-07 06:43:00+00:00,0.14062,0.1339,52391.879631486496,-352.0734311235901,-4.77883658085622,0.0,Long,Closed
6,btc_strong_down,0,0.06,0.06,0.0175,0.5,10,0.4483218389094815,0.4253968253968254,,2025-04-07 06:46:00+00:00,2025-04-07 10:14:00+00:00,0.13169,0.13995,54607.86239059789,451.0609433463378,6.27230617358948,0.0,Long,Closed
6,btc_strong_down,0,0.06,0.06,0.0175,0.5,10,0.4483218389094815,0.4253968253968254,,2025-04-07 10:53:00+00:00,2025-04-07 14:11:00+00:00,0.13935,0.14881,53224.54158515253,503.5041633955434,6.7886616433441045,0.0,Long,Closed
6,btc_strong_down,0,0.06,0.06,0.0175,0.5,10,0.4483218389094815,0.4253968253968254,,2025-04-07 14:14:00+00:00,2025-04-07 16:58:00+00:00,0.14962,0.14409,51253.789276759635,-283.433454700481,-3.696029942521056,0.0,Long,Closed
6,btc_strong_down,0,0.06,0.06,0.0175,0.5,10,0.4483218389094815,0.4253968253968254,,2025-04-07 17:02:00+00:00,2025-04-08 14:05:00+00:00,0.14604,0.15542,51539.81939358077,483.4435059117877,6.422897836209258,0.0,Long,Closed
6,btc_strong_down,0,0.06,0.06,0.0175,0.5,10,0.4483218389094815,0.4253968253968254,,2025-04-08 14:23:00+00:00,2025-04-08 17:11:00+00:00,0.15431,0.14426,50344.09291163521,-505.95813376193473,-6.512863715896583,0.0,Long,Closed
6,btc_strong_down,0,0.06,0.06,0.0175,0.5,10,0.4483218389094815,0.4253968253968254,,2025-04-08 17:13:00+00:00,2025-04-09 01:20:00+00:00,0.14375,0.13775,52282.55937609366,-313.69535625656044,-4.173913043478241,0.0,Long,Closed
6,btc_strong_down,0,0.06,0.06,0.0175,0.5,10,0.4483218389094815,0.4253968253968254,,2025-04-09 01:23:00+00:00,2025-04-09 07:02:00+00:00,0.1375,0.14613,53518.32896134678,461.8631789364226,6.276363636363634,0.0,Long,Closed
6,btc_strong_down,0,0.06,0.06,0.0175,0.5,10,0.4483218389094815,0.4253968253968254,,2025-04-09 07:07:00+00:00,2025-04-09 17:26:00+00:00,0.14572,0.15496,52084.146456583825,481.2575132588345,6.340927806752676,0.0,Long,Closed
6,btc_strong_down,0,0.06,0.06,0.0175,0.5,10,0.4483218389094815,0.4253968253968254,,2025-04-09 17:28:00+00:00,2025-04-09 21:10:00+00:00,0.15469,0.16403,50619.50079696692,472.7861374436725,6.037882216045013,0.0,Long,Closed
6,btc_strong_down,0,0.06,0.06,0.0175,0.5,10,0.4483218389094815,0.4253968253968254,,2025-04-09 21:33:00+00:00,2025-04-10 15:18:00+00:00,0.16161,0.15325,49914.75556589721,-417.287356530901,-5.1729472186127134,0.0,Long,Closed
6,btc_strong_down,0,0.06,0.06,0.0175,0.5,10,0.4483218389094815,0.4253968253968254,,2025-04-10 15:21:00+00:00,2025-04-12 13:23:00+00:00,0.1533,0.16252,51259.49098981864,472.61250692612794,6.014350945857797,0.0,Long,Closed
6,btc_strong_down,0,0.06,0.06,0.0175,0.5,10,0.4483218389094815,0.4253968253968254,,2025-04-12 14:26:00+00:00,2025-04-15 14:01:00+00:00,0.16623,0.15892,48693.895339001756,-355.9523749281025,-4.3975215063466235,0.0,Long,Closed
6,btc_strong_down,0,0.06,0.06,0.0175,0.5,10,0.4483218389094815,0.4253968253968254,,2025-04-15 14:02:00+00:00,2025-04-22 14:38:00+00:00,0.15838,0.17008,49983.64714445139,584.8086715900818,7.387296375805032,0.0,Long,Closed
6,btc_strong_down,0,0.06,0.06,0.0175,0.5,10,0.4483218389094815,0.4253968253968254,,2025-04-22 15:33:00+00:00,2025-04-23 00:27:00+00:00,0.17145,0.1822,47878.76564907117,514.6967307275154,6.270049577136196,0.0,Long,Closed
6,btc_strong_down,0,0.06,0.06,0.0175,0.5,10,0.4483218389094815,0.4253968253968254,,2025-04-23 10:08:00+00:00,2025-04-24 08:48:00+00:00,0.18105000000000002,0.17014,46761.46222533559,-510.1675528784108,-6.0259596796465,0.0,Long,Closed
6,btc_strong_down,0,0.06,0.06,0.0175,0.5,10,0.4483218389094815,0.4253968253968254,,2025-04-24 14:12:00+00:00,2025-04-30 12:36:00+00:00,0.17529,0.17255,46842.82594248276,-128.3493430824028,-1.5631239659992018,0.0,Long,Closed
6,btc_strong_down,0,0.06,0.06,0.0175,0.5,10,0.4483218389094815,0.4253968253968254,,2025-04-30 12:39:00+00:00,2025-05-04 22:03:00+00:00,0.17204,0.17122,47354.70988093817,-38.83086210236888,-0.47663334108346384,0.0,Long,Closed
6,btc_strong_down,0,0.06,0.06,0.0175,0.5,10,0.4483218389094815,0.4253968253968254,,2025-05-04 22:34:00+00:00,2025-05-08 15:24:00+00:00,0.17034,0.18859,47713.33131892344,870.7682965703534,10.713866384877312,0.0,Long,Closed
6,btc_strong_down,0,0.06,0.06,0.0175,0.5,10,0.4483218389094815,0.4253968253968254,,2025-05-08 15:29:00+00:00,2025-05-09 07:57:00+00:00,0.18886,0.20544,45339.79140713013,751.733741530219,8.778989727840747,0.0,Long,Closed
6,btc_strong_down,0,0.06,0.06,0.0175,0.5,10,0.4483218389094815,0.4253968253968254,,2025-05-09 08:40:00+00:00,2025-05-10 23:15:00+00:00,0.20695,0.24767,43192.75127284708,1758.8088318303326,19.676250302005307,0.0,Long,Closed
6,btc_strong_down,0,0.06,0.06,0.0175,0.5,10,0.4483218389094815,0.4253968253968254,,2025-05-10 23:20:00+00:00,2025-05-11 02:53:00+00:00,0.24739,0.23586,39686.90849197975,-457.5900549125272,-4.660657261813338,0.0,Long,Closed
6,btc_strong_down,0,0.06,0.06,0.0175,0.5,10,0.4483218389094815,0.4253968253968254,,2025-05-11 22:05:00+00:00,2025-05-12 07:04:00+00:00,0.23138999999999998,0.24542,41442.36684547563,581.4364068420236,6.063356238385415,0.0,Long,Closed
6,btc_strong_down,0,0.06,0.06,0.0175,0.5,10,0.4483218389094815,0.4253968253968254,,2025-05-12 07:07:00+00:00,2025-05-12 18:05:00+00:00,0.24394,0.22813,40502.03930390924,-640.3372413948055,-6.481101910305817,0.0,Long,Closed
6,btc_strong_down,0,0.06,0.06,0.0175,0.5,10,0.4483218389094815,0.4253968253968254,,2025-05-12 18:07:00+00:00,2025-05-15 13:39:00+00:00,0.22641,0.22311,42223.83661100754,-139.3386608163255,-1.4575327944878824,0.0,Long,Closed
6,btc_strong_down,0,0.06,0.06,0.0175,0.5,10,0.4483218389094815,0.4253968253968254,,2025-05-15 13:49:00+00:00,2025-05-19 00:07:00+00:00,0.22156,0.23487,42833.677183110914,570.1162433072059,6.007402058133232,0.0,Long,Closed
6,btc_strong_down,0,0.06,0.06,0.0175,0.5,10,0.4483218389094815,0.4253968253968254,,2025-05-19 00:30:00+00:00,2025-05-22 03:46:00+00:00,0.22885000000000003,0.24279,42714.82472511976,595.444656668169,6.091326196198379,0.0,Long,Closed
6,btc_strong_down,0,0.06,0.06,0.0175,0.5,10,0.4483218389094815,0.4253968253968254,,2025-05-22 03:50:00+00:00,2025-05-23 23:42:00+00:00,0.24225,0.22382,41581.05249402577,-766.3387974648958,-7.6078431372549105,0.0,Long,Closed
6,btc_strong_down,0,0.06,0.06,0.0175,0.5,10,0.4483218389094815,0.4253968253968254,,2025-05-23 23:48:00+00:00,2025-05-30 00:49:00+00:00,0.22348,0.21149,43358.87134394709,-519.8728674139256,-5.3651333452657965,0.0,Long,Closed
6,btc_strong_down,0,0.06,0.06,0.0175,0.5,10,0.4483218389094815,0.4253968253968254,,2025-05-30 00:53:00+00:00,2025-05-30 16:32:00+00:00,0.20913,0.19509,45091.111434219536,-633.0792045364415,-6.713527470951074,0.0,Long,Closed
6,btc_strong_down,0,0.06,0.06,0.0175,0.5,10,0.4483218389094815,0.4253968253968254,,2025-05-30 16:33:00+00:00,2025-06-05 16:59:00+00:00,0.19518,0.18106,46692.10232590486,-659.292484841777,-7.234347781534997,0.0,Long,Closed
6,btc_strong_down,0,0.06,0.06,0.0175,0.5,10,0.4483218389094815,0.4253968253968254,,2025-06-05 18:16:00+00:00,2025-06-05 20:41:00+00:00,0.17821,0.16864,49288.582512480905,-471.6917346444425,-5.370069019695867,0.0,Long,Closed
6,btc_strong_down,0,0.06,0.06,0.0175,0.5,10,0.4483218389094815,0.4253968253968254,,2025-06-05 20:43:00+00:00,2025-06-06 15:16:00+00:00,0.16855,0.18388,50714.1644747968,777.4481413986341,9.095223969148611,0.0,Long,Closed
6,btc_strong_down,0,0.06,0.06,0.0175,0.5,10,0.4483218389094815,0.4253968253968254,,2025-06-09 21:30:00+00:00,2025-06-12 18:49:00+00:00,0.19384,0.18633,46102.95343028434,-346.23318026143716,-3.874329343788711,0.0,Long,Closed
6,btc_strong_down,0,0.06,0.06,0.0175,0.5,10,0.4483218389094815,0.4253968253968254,,2025-06-12 19:49:00+00:00,2025-06-13 00:25:00+00:00,0.18475,0.17356,47434.26199077456,-530.789391676768,-6.056833558863336,0.0,Long,Closed
6,btc_strong_down,0,0.06,0.06,0.0175,0.5,10,0.4483218389094815,0.4253968253968254,,2025-06-13 00:27:00+00:00,2025-06-17 16:49:00+00:00,0.174,0.16597,48839.57015492653,-392.1817483440591,-4.614942528735622,0.0,Long,Closed
6,btc_strong_down,0,0.06,0.06,0.0175,0.5,10,0.4483218389094815,0.4253968253968254,,2025-06-17 16:52:00+00:00,2025-06-20 17:20:00+00:00,0.16488,0.15947,50351.73661320467,-272.4028950774373,-3.281174187287724,0.0,Long,Closed
6,btc_strong_down,0,0.06,0.06,0.0175,0.5,10,0.4483218389094815,0.4253968253968254,,2025-06-20 17:23:00+00:00,2025-06-21 21:31:00+00:00,0.1592,0.1504,51292.66887717631,-451.375486119151,-5.527638190954767,0.0,Long,Closed
6,btc_strong_down,0,0.06,0.06,0.0175,0.5,10,0.4483218389094815,0.4253968253968254,,2025-06-21 23:50:00+00:00,2025-06-22 13:44:00+00:00,0.15307,0.14749,51872.37957919182,-289.44787805189026,-3.6453909975828043,0.0,Long,Closed
6,btc_strong_down,0,0.06,0.06,0.0175,0.5,10,0.4483218389094815,0.4253968253968254,,2025-06-22 14:11:00+00:00,2025-06-23 22:03:00+00:00,0.14879,0.16007,52391.83549405838,590.9799043729781,7.581154647489745,0.0,Long,Closed
6,btc_strong_down,0,0.06,0.06,0.0175,0.5,10,0.4483218389094815,0.4253968253968254,,2025-06-23 22:12:00+00:00,2025-07-03 12:38:00+00:00,0.16191,0.17164,49971.411002084096,486.22182905027785,6.00951145698227,0.0,Long,Closed
6,btc_strong_down,0,0.06,0.06,0.0175,0.5,10,0.4483218389094815,0.4253968253968254,,2025-07-03 12:41:00+00:00,2025-07-10 16:24:00+00:00,0.17158,0.18199,48571.990149624515,505.63441745759155,6.067140692388395,0.0,Long,Closed
6,btc_strong_down,0,0.06,0.06,0.0175,0.5,10,0.4483218389094815,0.4253968253968254,,2025-07-10 16:29:00+00:00,2025-07-11 05:48:00+00:00,0.18278,0.20098,46978.87776891001,855.0155753941617,9.957325746799427,0.0,Long,Closed
6,btc_strong_down,0,0.06,0.06,0.0175,0.5,10,0.4483218389094815,0.4253968253968254,,2025-07-14 03:45:00+00:00,2025-07-15 01:22:00+00:00,0.20518,0.19297,43933.65370064554,-536.4299116848815,-5.950872404717803,0.0,Long,Closed
6,btc_strong_down,0,0.06,0.06,0.0175,0.5,10,0.4483218389094815,0.4253968253968254,,2025-07-15 01:58:00+00:00,2025-07-16 15:06:00+00:00,0.19336000000000003,0.20497,45232.16854807618,525.1454768431649,6.004344228382297,0.0,Long,Closed
6,btc_strong_down,0,0.06,0.06,0.0175,0.5,10,0.4483218389094815,0.4253968253968254,,2025-07-16 15:07:00+00:00,2025-07-17 22:51:00+00:00,0.20508,0.21946,43927.56411584549,631.6783719858577,7.01189779598205,0.0,Long,Closed
6,btc_strong_down,0,0.06,0.06,0.0175,0.5,10,0.4483218389094815,0.4253968253968254,,2025-07-17 22:53:00+00:00,2025-07-18 14:17:00+00:00,0.218,0.24715,42772.95428839689,1246.8316175067685,13.371559633027513,0.0,Long,Closed
6,btc_strong_down,0,0.06,0.06,0.0175,0.5,10,0.4483218389094815,0.4253968253968254,,2025-07-18 14:18:00+00:00,2025-07-20 22:08:00+00:00,0.24553,0.26852,40516.10737434898,931.4653085362825,9.363417912271405,0.0,Long,Closed
6,btc_strong_down,0,0.06,0.06,0.0175,0.5,10,0.4483218389094815,0.4253968253968254,,2025-07-20 22:10:00+00:00,2025-07-22 13:52:00+00:00,0.26932,0.26278,38666.46553502171,-252.87868459904166,-2.4283380365364593,0.0,Long,Closed
6,btc_strong_down,0,0.06,0.06,0.0175,0.5,10,0.4483218389094815,0.4253968253968254,,2025-07-22 13:58:00+00:00,2025-07-23 20:34:00+00:00,0.26226,0.23503,39225.24653242022,-1068.103463077803,-10.382826203004658,0.0,Long,Closed
6,btc_strong_down,0,0.06,0.06,0.0175,0.5,10,0.4483218389094815,0.4253968253968254,,2025-07-25 03:04:00+00:00,2025-07-28 13:41:00+00:00,0.22495,0.2386,43357.01900001612,591.8233093502204,6.068015114469886,0.0,Long,Closed
6,btc_strong_down,0,0.06,0.06,0.0175,0.5,10,0.4483218389094815,0.4253968253968254,,2025-07-28 13:47:00+00:00,2025-07-29 16:46:00+00:00,0.23646,0.2207,42497.98307844344,-669.7682133162689,-6.664975048634021,0.0,Long,Closed
6,btc_strong_down,0,0.06,0.06,0.0175,0.5,10,0.4483218389094815,0.4253968253968254,,2025-07-30 18:56:00+00:00,2025-08-01 00:50:00+00:00,0.21702,0.20438,44761.72229320156,-565.7881697860685,-5.824347986360712,0.0,Long,Closed
6,btc_strong_down,0,0.06,0.06,0.0175,0.5,10,0.4483218389094815,0.4253968253968254,,2025-08-01 00:51:00+00:00,2025-08-02 17:52:00+00:00,0.20398,0.19184,46236.37065975864,-561.3095398094702,-5.95156387881165,0.0,Long,Closed
6,btc_strong_down,0,0.06,0.06,0.0175,0.5,10,0.4483218389094815,0.4253968253968254,,2025-08-05 12:39:00+00:00,2025-08-10 03:09:00+00:00,0.20327,0.23973,45017.16985916679,1641.3260130652216,17.936734392679693,0.0,Long,Closed
6,btc_strong_down,0,0.06,0.06,0.0175,0.5,10,0.4483218389094815,0.4253968253968254,,2025-08-11 14:48:00+00:00,2025-08-13 13:42:00+00:00,0.22831,0.24263,43674.40376595612,625.4174619284913,6.272173798782353,0.0,Long,Closed
6,btc_strong_down,0,0.06,0.06,0.0175,0.5,10,0.4483218389094815,0.4253968253968254,,2025-08-13 13:55:00+00:00,2025-08-14 12:31:00+00:00,0.24366,0.23228,42206.40176791303,-480.30885211885106,-4.670442419765255,0.0,Long,Closed
6,btc_strong_down,0,0.06,0.06,0.0175,0.5,10,0.4483218389094815,0.4253968253968254,,2025-08-14 12:33:00+00:00,2025-08-20 11:53:00+00:00,0.22824999999999998,0.2134,44003.756533232256,-653.4557845184991,-6.506024096385543,0.0,Long,Closed
6,btc_strong_down,0,0.06,0.06,0.0175,0.5,10,0.4483218389094815,0.4253968253968254,,2025-08-20 13:45:00+00:00,2025-08-22 14:08:00+00:00,0.21055,0.22353,46151.17329114705,599.0422293190895,6.16480645927334,0.0,Long,Closed
6,btc_strong_down,0,0.06,0.06,0.0175,0.5,10,0.4483218389094815,0.4253968253968254,,2025-08-22 14:09:00+00:00,2025-08-24 19:34:00+00:00,0.22337,0.23748,44843.312222368964,632.7391354576248,6.316873349151618,0.0,Long,Closed
6,btc_strong_down,0,0.06,0.06,0.0175,0.5,10,0.4483218389094815,0.4253968253968254,,2025-08-24 19:35:00+00:00,2025-08-25 08:15:00+00:00,0.2352,0.22121,43932.9090937048,-614.6213982209301,-5.9481292517006805,0.0,Long,Closed
6,btc_strong_down,0,0.06,0.06,0.0175,0.5,10,0.4483218389094815,0.4253968253968254,,2025-08-25 13:33:00+00:00,2025-08-25 21:31:00+00:00,0.2181,0.20589,45968.40678463505,-561.274246840394,-5.598349381017882,0.0,Long,Closed
6,btc_strong_down,0,0.06,0.06,0.0175,0.5,10,0.4483218389094815,0.4253968253968254,,2025-08-25 21:39:00+00:00,2025-08-27 13:42:00+00:00,0.20773,0.22088,46912.20524868198,616.8954990201673,6.330332643335092,0.0,Long,Closed
6,btc_strong_down,0,0.06,0.06,0.0175,0.5,10,0.4483218389094815,0.4253968253968254,,2025-08-27 14:44:00+00:00,2025-09-01 20:44:00+00:00,0.22113,0.2072,45464.297679278214,-633.3176666723448,-6.2994618550174035,0.0,Long,Closed
6,btc_strong_down,0,0.06,0.06,0.0175,0.5,10,0.4483218389094815,0.4253968253968254,,2025-09-01 20:45:00+00:00,2025-09-03 14:42:00+00:00,0.20708,0.21953,47019.80544950077,585.3965778462843,6.01216920996716,0.0,Long,Closed
6,btc_strong_down,0,0.06,0.06,0.0175,0.5,10,0.4483218389094815,0.4253968253968254,,2025-09-03 14:46:00+00:00,2025-09-04 23:05:00+00:00,0.21902,0.21431,45792.89380607141,-215.6845298265962,-2.150488539859372,0.0,Long,Open
7,btc_any_sustained_down,0,0.05,0.25,0.05,0.5,180,0.4422247004238182,0.3788546255506608,,2024-08-01 15:03:00+00:00,2024-08-02 15:00:00+00:00,0.11585,0.11336,43159.257660768235,-107.46655157531313,-2.1493310315062626,0.0,Long,Closed
7,btc_any_sustained_down,0,0.05,0.25,0.05,0.5,180,0.4422247004238182,0.3788546255506608,,2024-08-02 15:01:00+00:00,2024-08-03 18:33:00+00:00,0.11365,0.10654,43521.92454212357,-309.44088349449885,-6.256049274087115,0.0,Long,Closed
7,btc_any_sustained_down,0,0.05,0.25,0.05,0.5,180,0.4422247004238182,0.3788546255506608,,2024-08-03 18:35:00+00:00,2024-08-04 17:02:00+00:00,0.10748,0.10143,44580.81766342663,-269.7139468637306,-5.628954224041672,0.0,Long,Closed
7,btc_any_sustained_down,0,0.05,0.25,0.05,0.5,180,0.4422247004238182,0.3788546255506608,,2024-08-04 17:43:00+00:00,2024-08-05 00:38:00+00:00,0.09996,0.10047,46585.52730125279,23.758618923639006,0.5102040816326548,0.0,Long,Closed
7,btc_any_sustained_down,0,0.05,0.25,0.05,0.5,180,0.4422247004238182,0.3788546255506608,,2024-08-05 00:39:00+00:00,2024-08-05 01:07:00+00:00,0.10057,0.09526,46421.08599478023,-246.49596663228385,-5.279904544098655,0.0,Long,Closed
7,btc_any_sustained_down,0,0.05,0.25,0.05,0.5,180,0.4422247004238182,0.3788546255506608,,2024-08-05 01:08:00+00:00,2024-08-05 02:07:00+00:00,0.09318,0.0909,48780.00252392044,-111.21840575453916,-2.4468770122343972,0.0,Long,Closed
7,btc_any_sustained_down,0,0.05,0.25,0.05,0.5,180,0.4422247004238182,0.3788546255506608,,2024-08-05 02:08:00+00:00,2024-08-05 05:12:00+00:00,0.09214,0.08845,48727.06134471063,-179.80285636198278,-4.004775341871078,0.0,Long,Closed
7,btc_any_sustained_down,0,0.05,0.25,0.05,0.5,180,0.4422247004238182,0.3788546255506608,,2024-08-05 05:13:00+00:00,2024-08-05 06:21:00+00:00,0.08979,0.08686,49001.11375565928,-143.57326330408068,-3.2631696179975274,0.0,Long,Closed
7,btc_any_sustained_down,0,0.05,0.25,0.05,0.5,180,0.4422247004238182,0.3788546255506608,,2024-08-05 06:22:00+00:00,2024-08-05 10:09:00+00:00,0.08627,0.08545,50168.34788998036,-41.138045269784016,-0.9505042309029818,0.0,Long,Closed
7,btc_any_sustained_down,0,0.05,0.25,0.05,0.5,180,0.4422247004238182,0.3788546255506608,,2024-08-05 10:10:00+00:00,2024-08-05 11:26:00+00:00,0.08579,0.08119,50209.2825484755,-230.9626997229875,-5.361930294906171,0.0,Long,Closed
7,btc_any_sustained_down,0,0.05,0.25,0.05,0.5,180,0.4422247004238182,0.3788546255506608,,2024-08-05 11:27:00+00:00,2024-08-05 18:53:00+00:00,0.08093,0.0934,51797.516371830214,645.9150291567221,15.408377610280471,0.0,Long,Closed
7,btc_any_sustained_down,0,0.05,0.25,0.05,0.5,180,0.4422247004238182,0.3788546255506608,,2024-08-05 19:12:00+00:00,2024-08-06 12:45:00+00:00,0.09354,0.09501,48267.37774802844,70.9530452896015,1.571520205259775,0.0,Long,Closed
7,btc_any_sustained_down,0,0.05,0.25,0.05,0.5,180,0.4422247004238182,0.3788546255506608,,2024-08-06 13:42:00+00:00,2024-08-07 14:36:00+00:00,0.09476,0.09625,48020.33597715683,71.55030060596346,1.5723934149430092,0.0,Long,Closed
7,btc_any_sustained_down,0,0.05,0.25,0.05,0.5,180,0.4422247004238182,0.3788546255506608,,2024-08-07 14:37:00+00:00,2024-08-08 00:45:00+00:00,0.09648,0.09389,47535.05584057176,-123.1157946270805,-2.684494195688218,0.0,Long,Closed
7,btc_any_sustained_down,0,0.05,0.25,0.05,0.5,180,0.4422247004238182,0.3788546255506608,,2024-08-08 13:29:00+00:00,2024-08-09 13:37:00+00:00,0.10152,0.10237,44568.797184641684,37.883477606945235,0.837273443656418,0.0,Long,Closed
7,btc_any_sustained_down,0,0.05,0.25,0.05,0.5,180,0.4422247004238182,0.3788546255506608,,2024-08-09 13:38:00+00:00,2024-08-11 15:09:00+00:00,0.10256,0.10418,44301.54084426966,71.76849616771597,1.5795631825272816,0.0,Long,Closed
7,btc_any_sustained_down,0,0.05,0.25,0.05,0.5,180,0.4422247004238182,0.3788546255506608,,2024-08-11 20:06:00+00:00,2024-08-13 10:23:00+00:00,0.10257,0.10349,44647.0729947563,41.07530715517623,0.8969484254655453,0.0,Long,Closed
7,btc_any_sustained_down,0,0.05,0.25,0.05,0.5,180,0.4422247004238182,0.3788546255506608,,2024-08-13 14:34:00+00:00,2024-08-14 14:11:00+00:00,0.10426,0.1016,44120.352298578,-117.36013711421765,-2.5513140226357223,0.0,Long,Closed
7,btc_any_sustained_down,0,0.05,0.25,0.05,0.5,180,0.4422247004238182,0.3788546255506608,,2024-08-14 14:12:00+00:00,2024-08-15 18:12:00+00:00,0.10182000000000001,0.0994,44601.334336010936,-107.93522909314652,-2.3767432724415647,0.0,Long,Closed
7,btc_any_sustained_down,0,0.05,0.25,0.05,0.5,180,0.4422247004238182,0.3788546255506608,,2024-08-15 18:14:00+00:00,2024-08-26 06:50:00+00:00,0.09963,0.10841,45040.05066291339,395.45164482038035,8.812606644584983,0.0,Long,Closed
7,btc_any_sustained_down,0,0.05,0.25,0.05,0.5,180,0.4422247004238182,0.3788546255506608,,2024-08-26 14:16:00+00:00,2024-08-27 21:37:00+00:00,0.10681,0.10129,43863.552756822864,-242.12681121766218,-5.1680554255219535,0.0,Long,Closed
7,btc_any_sustained_down,0,0.05,0.25,0.05,0.5,180,0.4422247004238182,0.3788546255506608,,2024-08-27 21:38:00+00:00,2024-09-01 22:18:00+00:00,0.10069,0.09681,45327.26849088707,-175.86980174464225,-3.8534114609196632,0.0,Long,Closed
7,btc_any_sustained_down,0,0.05,0.25,0.05,0.5,180,0.4422247004238182,0.3788546255506608,,2024-09-01 22:20:00+00:00,2024-09-04 01:00:00+00:00,0.09686,0.09509,46211.72582567725,-81.79475471144906,-1.8273797233120042,0.0,Long,Closed
7,btc_any_sustained_down,0,0.05,0.25,0.05,0.5,180,0.4422247004238182,0.3788546255506608,,2024-09-04 01:01:00+00:00,2024-09-06 14:06:00+00:00,0.09417,0.09431,47097.48737516591,6.593648232523265,0.1486673038122553,0.0,Long,Closed
7,btc_any_sustained_down,0,0.05,0.25,0.05,0.5,180,0.4422247004238182,0.3788546255506608,,2024-09-06 14:07:00+00:00,2024-09-06 20:36:00+00:00,0.09466,0.09014,46888.519017912906,-211.93610596096642,-4.774984153813651,0.0,Long,Closed
7,btc_any_sustained_down,0,0.05,0.25,0.05,0.5,180,0.4422247004238182,0.3788546255506608,,2024-09-06 20:38:00+00:00,2024-09-11 13:50:00+00:00,0.09032,0.09924,47968.32547891,427.8774632718769,9.875996457041621,0.0,Long,Closed
7,btc_any_sustained_down,0,0.05,0.25,0.05,0.5,180,0.4422247004238182,0.3788546255506608,,2024-09-11 13:52:00+00:00,2024-09-15 23:10:00+00:00,0.09908999999999998,0.10256,45881.90421728823,159.21020763399065,3.50186698960542,0.0,Long,Closed
7,btc_any_sustained_down,0,0.05,0.25,0.05,0.5,180,0.4422247004238182,0.3788546255506608,,2024-09-15 23:11:00+00:00,2024-09-30 10:13:00+00:00,0.10243,0.1193,45162.96976186748,761.8992998827052,16.469784242897607,0.0,Long,Closed
7,btc_any_sustained_down,0,0.05,0.25,0.05,0.5,180,0.4422247004238182,0.3788546255506608,,2024-10-01 13:37:00+00:00,2024-10-01 15:06:00+00:00,0.11465,0.10973,43671.98118316126,-214.86614742115398,-4.291321412996087,0.0,Long,Closed
7,btc_any_sustained_down,0,0.05,0.25,0.05,0.5,180,0.4422247004238182,0.3788546255506608,,2024-10-01 15:07:00+00:00,2024-10-01 17:17:00+00:00,0.1096,0.10608,44704.01066550056,-157.35811754256247,-3.2116788321167986,0.0,Long,Closed
7,btc_any_sustained_down,0,0.05,0.25,0.05,0.5,180,0.4422247004238182,0.3788546255506608,,2024-10-01 17:19:00+00:00,2024-10-02 19:06:00+00:00,0.10494,0.10276,45939.3988009108,-100.14788938598576,-2.0773775490756665,0.0,Long,Closed
7,btc_any_sustained_down,0,0.05,0.25,0.05,0.5,180,0.4422247004238182,0.3788546255506608,,2024-10-02 19:20:00+00:00,2024-10-08 13:25:00+00:00,0.10242999999999998,0.10715,46576.26247656534,219.83995888938898,4.608024992677939,0.0,Long,Closed
7,btc_any_sustained_down,0,0.05,0.25,0.05,0.5,180,0.4422247004238182,0.3788546255506608,,2024-10-08 14:09:00+00:00,2024-10-10 16:32:00+00:00,0.10759,0.10472,45364.12812454021,-130.1950477174314,-2.667534157449597,0.0,Long,Closed
7,btc_any_sustained_down,0,0.05,0.25,0.05,0.5,180,0.4422247004238182,0.3788546255506608,,2024-10-10 17:54:00+00:00,2024-10-15 15:01:00+00:00,0.10399,0.11157,46308.57795038528,351.01902086392056,7.289162419463412,0.0,Long,Closed
7,btc_any_sustained_down,0,0.05,0.25,0.05,0.5,180,0.4422247004238182,0.3788546255506608,,2024-10-15 15:05:00+00:00,2024-10-17 10:34:00+00:00,0.11167999999999999,0.12128,44691.426678837095,429.03769611683674,8.595988538681961,0.0,Long,Closed
7,btc_any_sustained_down,0,0.05,0.25,0.05,0.5,180,0.4422247004238182,0.3788546255506608,,2024-10-18 14:15:00+00:00,2024-10-21 15:09:00+00:00,0.13358,0.13933,38970.335226463125,224.079427552163,4.304536607276539,0.0,Long,Closed
7,btc_any_sustained_down,0,0.05,0.25,0.05,0.5,180,0.4422247004238182,0.3788546255506608,,2024-10-22 00:32:00+00:00,2024-10-23 18:04:00+00:00,0.14113,0.13334,37679.423888096266,-293.52271208827005,-5.519733578969746,0.0,Long,Closed
7,btc_any_sustained_down,0,0.05,0.25,0.05,0.5,180,0.4422247004238182,0.3788546255506608,,2024-10-23 18:06:00+00:00,2024-10-25 15:52:00+00:00,0.13342,0.13633,38756.826092661446,112.7823639296439,2.1810822965072525,0.0,Long,Closed
7,btc_any_sustained_down,0,0.05,0.25,0.05,0.5,180,0.4422247004238182,0.3788546255506608,,2024-10-25 15:53:00+00:00,2024-10-25 23:22:00+00:00,0.13617,0.12939,38388.242044853585,-260.2722810641071,-4.979070279797308,0.0,Long,Closed
7,btc_any_sustained_down,0,0.05,0.25,0.05,0.5,180,0.4422247004238182,0.3788546255506608,,2024-10-25 23:24:00+00:00,2024-10-28 22:08:00+00:00,0.12871,0.16162,39602.13486687639,1303.3062584689033,25.56910884935128,0.0,Long,Closed
7,btc_any_sustained_down,0,0.05,0.25,0.05,0.5,180,0.4422247004238182,0.3788546255506608,,2024-10-29 19:22:00+00:00,2024-10-31 18:08:00+00:00,0.17336,0.16338,33161.30542195496,-330.94982811111004,-5.75680664513151,0.0,Long,Closed
7,btc_any_sustained_down,0,0.05,0.25,0.05,0.5,180,0.4422247004238182,0.3788546255506608,,2024-10-31 20:00:00+00:00,2024-11-01 15:41:00+00:00,0.1598,0.16029,34939.73087543527,17.120468128962784,0.30663329161450925,0.0,Long,Closed
7,btc_any_sustained_down,0,0.05,0.25,0.05,0.5,180,0.4422247004238182,0.3788546255506608,,2024-11-01 15:42:00+00:00,2024-11-03 02:22:00+00:00,0.16053,0.15482,34834.16948831394,-198.903107778272,-3.5569675450071525,0.0,Long,Closed
7,btc_any_sustained_down,0,0.05,0.25,0.05,0.5,180,0.4422247004238182,0.3788546255506608,,2024-11-03 02:26:00+00:00,2024-11-03 15:51:00+00:00,0.15322,0.1451,35847.0021803283,-291.07765770426613,-5.299569246834623,0.0,Long,Closed
7,btc_any_sustained_down,0,0.05,0.25,0.05,0.5,180,0.4422247004238182,0.3788546255506608,,2024-11-04 16:45:00+00:00,2024-11-05 19:50:00+00:00,0.15521,0.16885,34449.705851541585,469.8939878150277,8.788093550673292,0.0,Long,Closed
7,btc_any_sustained_down,0,0.05,0.25,0.05,0.5,180,0.4422247004238182,0.3788546255506608,,2024-11-05 19:52:00+00:00,2024-11-06 03:06:00+00:00,0.16882,0.21136,33064.12652011186,1406.5479421655582,25.198436204241197,0.0,Long,Closed
7,btc_any_sustained_down,0,0.05,0.25,0.05,0.5,180,0.4422247004238182,0.3788546255506608,,2024-11-06 03:11:00+00:00,2024-11-06 05:01:00+00:00,0.20645,0.20225,30443.980674294322,-127.86471883203558,-2.034390893678848,0.0,Long,Closed
7,btc_any_sustained_down,0,0.05,0.25,0.05,0.5,180,0.4422247004238182,0.3788546255506608,,2024-11-06 05:03:00+00:00,2024-11-06 07:42:00+00:00,0.19994,0.198,31115.47189552888,-60.364015477325665,-0.970291087326192,0.0,Long,Closed
7,btc_any_sustained_down,0,0.05,0.25,0.05,0.5,180,0.4422247004238182,0.3788546255506608,,2024-11-06 07:43:00+00:00,2024-11-06 08:03:00+00:00,0.19985,0.19181,30978.461061062706,-249.06682693094353,-4.0230172629472,0.0,Long,Closed
7,btc_any_sustained_down,0,0.05,0.25,0.05,0.5,180,0.4422247004238182,0.3788546255506608,,2024-11-06 08:05:00+00:00,2024-11-06 14:49:00+00:00,0.19199,0.19414,31598.06255319501,67.93583448936988,1.1198499921871032,0.0,Long,Closed
7,btc_any_sustained_down,0,0.05,0.25,0.05,0.5,180,0.4422247004238182,0.3788546255506608,,2024-11-06 14:50:00+00:00,2024-11-07 15:09:00+00:00,0.19338,0.19049,31546.59192694485,-91.16965066887042,-1.4944668528286245,0.0,Long,Closed
7,btc_any_sustained_down,0,0.05,0.25,0.05,0.5,180,0.4422247004238182,0.3788546255506608,,2024-11-07 18:09:00+00:00,2024-11-10 12:08:00+00:00,0.19284,0.2433,31398.543463483504,1584.3705031673771,26.166770379589288,0.0,Long,Closed
7,btc_any_sustained_down,0,0.05,0.25,0.05,0.5,180,0.4422247004238182,0.3788546255506608,,2024-11-10 12:10:00+00:00,2024-11-10 20:42:00+00:00,0.24207,0.26159,28285.538782508564,552.1337170345669,8.06378320320568,0.0,Long,Closed
7,btc_any_sustained_down,0,0.05,0.25,0.05,0.5,180,0.4422247004238182,0.3788546255506608,,2024-11-10 22:34:00+00:00,2024-11-11 05:27:00+00:00,0.27258,0.27866,26132.317967565967,158.8844932428019,2.2305378237581746,0.0,Long,Closed
7,btc_any_sustained_down,0,0.05,0.25,0.05,0.5,180,0.4422247004238182,0.3788546255506608,,2024-11-11 14:46:00+00:00,2024-11-12 00:19:00+00:00,0.28863,0.32756,24954.403486195242,971.4749277175815,13.487856425181038,0.0,Long,Closed
7,btc_any_sustained_down,0,0.05,0.25,0.05,0.5,180,0.4422247004238182,0.3788546255506608,,2024-11-12 00:20:00+00:00,2024-11-12 02:52:00+00:00,0.33075,0.34597,23245.130588297274,353.7908875538851,4.601662887377181,0.0,Long,Closed
7,btc_any_sustained_down,0,0.05,0.25,0.05,0.5,180,0.4422247004238182,0.3788546255506608,,2024-11-12 02:53:00+00:00,2024-11-12 10:03:00+00:00,0.3447,0.40228,22817.587426330912,1313.8366840081353,16.704380620829724,0.0,Long,Closed
7,btc_any_sustained_down,0,0.05,0.25,0.05,0.5,180,0.4422247004238182,0.3788546255506608,,2024-11-12 10:04:00+00:00,2024-11-12 10:35:00+00:00,0.39904,0.38803,21356.60767807822,-235.136250535641,-2.759121892542099,0.0,Long,Closed
7,btc_any_sustained_down,0,0.05,0.25,0.05,0.5,180,0.4422247004238182,0.3788546255506608,,2024-11-12 10:37:00+00:00,2024-11-12 10:49:00+00:00,0.37869,0.35846,22193.80655045687,-448.9807065157429,-5.342100398743041,0.0,Long,Closed
7,btc_any_sustained_down,0,0.05,0.25,0.05,0.5,180,0.4422247004238182,0.3788546255506608,,2024-11-12 10:50:00+00:00,2024-11-12 12:44:00+00:00,0.35381,0.37578,23119.98600755954,507.946092586084,6.209547497244295,0.0,Long,Closed
7,btc_any_sustained_down,0,0.05,0.25,0.05,0.5,180,0.4422247004238182,0.3788546255506608,,2024-11-12 12:53:00+00:00,2024-11-12 13:36:00+00:00,0.3661,0.35545,23037.57250922612,-245.35014722325832,-2.909041245561324,0.0,Long,Closed
7,btc_any_sustained_down,0,0.05,0.25,0.05,0.5,180,0.4422247004238182,0.3788546255506608,,2024-11-12 13:37:00+00:00,2024-11-12 16:09:00+00:00,0.35521,0.36077,23398.49728897287,130.0956449266887,1.5652712479941384,0.0,Long,Closed
7,btc_any_sustained_down,0,0.05,0.25,0.05,0.5,180,0.4422247004238182,0.3788546255506608,,2024-11-12 16:11:00+00:00,2024-11-12 21:03:00+00:00,0.35903,0.37426,23330.719005318213,355.32685045099606,4.241985349413694,0.0,Long,Closed
7,btc_any_sustained_down,0,0.05,0.25,0.05,0.5,180,0.4422247004238182,0.3788546255506608,,2024-11-12 21:05:00+00:00,2024-11-13 01:21:00+00:00,0.37398,0.38917,22873.125487204925,347.4427761506431,4.061714530188784,0.0,Long,Closed
7,btc_any_sustained_down,0,0.05,0.25,0.05,0.5,180,0.4422247004238182,0.3788546255506608,,2024-11-13 01:22:00+00:00,2024-11-13 04:31:00+00:00,0.39003,0.37032,22377.28599794944,-441.056307019584,-5.053457426351826,0.0,Long,Closed
7,btc_any_sustained_down,0,0.05,0.25,0.05,0.5,180,0.4422247004238182,0.3788546255506608,,2024-11-13 04:41:00+00:00,2024-11-13 15:03:00+00:00,0.36057,0.40964,23593.989251103605,1157.757052551653,13.609007959619483,0.0,Long,Closed
7,btc_any_sustained_down,0,0.05,0.25,0.05,0.5,180,0.4422247004238182,0.3788546255506608,,2024-11-13 15:04:00+00:00,2024-11-13 18:50:00+00:00,0.41296000000000005,0.40246,22002.526226623046,-231.02652537954236,-2.5426191398682723,0.0,Long,Closed
7,btc_any_sustained_down,0,0.05,0.25,0.05,0.5,180,0.4422247004238182,0.3788546255506608,,2024-11-13 19:05:00+00:00,2024-11-13 21:17:00+00:00,0.39202,0.37437,22883.143635162705,-403.8874851606215,-4.502321310137235,0.0,Long,Closed
7,btc_any_sustained_down,0,0.05,0.25,0.05,0.5,180,0.4422247004238182,0.3788546255506608,,2024-11-13 21:19:00+00:00,2024-11-14 14:43:00+00:00,0.37283,0.39276,23519.315037084387,468.73994868909176,5.345599871254994,0.0,Long,Closed
7,btc_any_sustained_down,0,0.05,0.25,0.05,0.5,180,0.4422247004238182,0.3788546255506608,,2024-11-14 14:44:00+00:00,2024-11-14 22:31:00+00:00,0.39479,0.37767,22804.72200314273,-390.41684069380244,-4.3364826869981385,0.0,Long,Closed
7,btc_any_sustained_down,0,0.05,0.25,0.05,0.5,180,0.4422247004238182,0.3788546255506608,,2024-11-14 22:35:00+00:00,2024-11-14 23:35:00+00:00,0.37374,0.35628,23566.83196680531,-411.4768861404209,-4.671696901589343,0.0,Long,Closed
7,btc_any_sustained_down,0,0.05,0.25,0.05,0.5,180,0.4422247004238182,0.3788546255506608,,2024-11-15 04:40:00+00:00,2024-11-15 14:36:00+00:00,0.35766,0.36082,24051.13609630265,76.00159006431568,0.8835206620812983,0.0,Long,Closed
7,btc_any_sustained_down,0,0.05,0.25,0.05,0.5,180,0.4422247004238182,0.3788546255506608,,2024-11-15 14:37:00+00:00,2024-11-17 01:45:00+00:00,0.36097,0.35756,23935.86761014977,-81.6213085506115,-0.9446768429509468,0.0,Long,Closed
7,btc_any_sustained_down,0,0.05,0.25,0.05,0.5,180,0.4422247004238182,0.3788546255506608,,2024-11-17 02:08:00+00:00,2024-11-18 13:06:00+00:00,0.34673,0.36036,24801.198272316953,338.040332451681,3.931012603466686,0.0,Long,Closed
7,btc_any_sustained_down,0,0.05,0.25,0.05,0.5,180,0.4422247004238182,0.3788546255506608,,2024-11-18 13:07:00+00:00,2024-11-19 20:53:00+00:00,0.35941,0.38753,24396.4821323455,686.029077561554,7.823933669068735,0.0,Long,Closed
7,btc_any_sustained_down,0,0.05,0.25,0.05,0.5,180,0.4422247004238182,0.3788546255506608,,2024-11-19 20:55:00+00:00,2024-11-20 16:31:00+00:00,0.38693,0.37558,23547.810151621932,-267.26764522090707,-2.9333471170495753,0.0,Long,Closed
7,btc_any_sustained_down,0,0.05,0.25,0.05,0.5,180,0.4422247004238182,0.3788546255506608,,2024-11-20 18:23:00+00:00,2024-11-23 16:23:00+00:00,0.37033,0.4146,24242.487401389622,1073.2149172595182,11.95420300812788,0.0,Long,Closed
7,btc_any_sustained_down,0,0.05,0.25,0.05,0.5,180,0.4422247004238182,0.3788546255506608,,2024-11-25 01:25:00+00:00,2024-11-25 17:40:00+00:00,0.41375,0.39974,22995.354242867375,-322.1649129425732,-3.386102719033246,0.0,Long,Closed
7,btc_any_sustained_down,0,0.05,0.25,0.05,0.5,180,0.4422247004238182,0.3788546255506608,,2024-11-25 17:44:00+00:00,2024-11-25 22:35:00+00:00,0.39912,0.38256,23434.6696770773,-388.0781298523998,-4.149128081779913,0.0,Long,Closed
7,btc_any_sustained_down,0,0.05,0.25,0.05,0.5,180,0.4422247004238182,0.3788546255506608,,2024-11-25 23:18:00+00:00,2024-11-26 10:13:00+00:00,0.39439,0.38681,23223.728534163874,-176.03586228896347,-1.921955424833301,0.0,Long,Closed
7,btc_any_sustained_down,0,0.05,0.25,0.05,0.5,180,0.4422247004238182,0.3788546255506608,,2024-11-26 15:21:00+00:00,2024-11-26 18:35:00+00:00,0.37744,0.37057,24033.45794151232,-165.10985605819042,-1.8201568461212465,0.0,Long,Closed
7,btc_any_sustained_down,0,0.05,0.25,0.05,0.5,180,0.4422247004238182,0.3788546255506608,,2024-11-26 18:36:00+00:00,2024-12-02 08:18:00+00:00,0.37155,0.41968,24192.257939484098,1164.3733746273701,12.953842013188002,0.0,Long,Closed
7,btc_any_sustained_down,0,0.05,0.25,0.05,0.5,180,0.4422247004238182,0.3788546255506608,,2024-12-02 08:20:00+00:00,2024-12-02 17:58:00+00:00,0.41976,0.40892,22800.695932744904,-247.1595439109551,-2.582428054126171,0.0,Long,Closed
7,btc_any_sustained_down,0,0.05,0.25,0.05,0.5,180,0.4422247004238182,0.3788546255506608,,2024-12-02 18:00:00+00:00,2024-12-03 13:55:00+00:00,0.41221,0.3917,22918.51326453391,-470.0587070555921,-4.975619223211486,0.0,Long,Closed
7,btc_any_sustained_down,0,0.05,0.25,0.05,0.5,180,0.4422247004238182,0.3788546255506608,,2024-12-03 13:56:00+00:00,2024-12-05 07:16:00+00:00,0.39818,0.43173,23135.795367034327,776.2059345640027,8.425837560902117,0.0,Long,Closed
7,btc_any_sustained_down,0,0.05,0.25,0.05,0.5,180,0.4422247004238182,0.3788546255506608,,2024-12-05 15:22:00+00:00,2024-12-05 22:28:00+00:00,0.44408999999999993,0.41518,21617.94673721032,-624.9748401727502,-6.509941678488593,0.0,Long,Closed
7,btc_any_sustained_down,0,0.05,0.25,0.05,0.5,180,0.4422247004238182,0.3788546255506608,,2024-12-05 22:29:00+00:00,2024-12-09 07:13:00+00:00,0.41805000000000003,0.43986,22217.023194453668,484.5532758710342,5.217079296734837,0.0,Long,Closed
7,btc_any_sustained_down,0,0.05,0.25,0.05,0.5,180,0.4422247004238182,0.3788546255506608,,2024-12-09 15:08:00+00:00,2024-12-09 20:28:00+00:00,0.44368,0.4217,21479.67720964856,-472.12330506807484,-4.954020915975473,0.0,Long,Closed
7,btc_any_sustained_down,0,0.05,0.25,0.05,0.5,180,0.4422247004238182,0.3788546255506608,,2024-12-09 21:04:00+00:00,2024-12-09 22:21:00+00:00,0.39012,0.39717,23823.545401012085,167.9559950771345,1.8071362657643726,0.0,Long,Closed
7,btc_any_sustained_down,0,0.05,0.25,0.05,0.5,180,0.4422247004238182,0.3788546255506608,,2024-12-09 22:22:00+00:00,2024-12-10 02:56:00+00:00,0.39273,0.39846,23879.05056751815,136.82695975187744,1.459017645710777,0.0,Long,Closed
7,btc_any_sustained_down,0,0.05,0.25,0.05,0.5,180,0.4422247004238182,0.3788546255506608,,2024-12-10 02:58:00+00:00,2024-12-10 15:39:00+00:00,0.39747,0.38471,23766.405034989664,-303.2593282464677,-3.210305180265173,0.0,Long,Closed
7,btc_any_sustained_down,0,0.05,0.25,0.05,0.5,180,0.4422247004238182,0.3788546255506608,,2024-12-10 15:41:00+00:00,2024-12-10 17:58:00+00:00,0.38338,0.36776,24244.361586765368,-378.6969279852765,-4.074286608586796,0.0,Long,Closed
7,btc_any_sustained_down,0,0.05,0.25,0.05,0.5,180,0.4422247004238182,0.3788546255506608,,2024-12-10 17:59:00+00:00,2024-12-11 01:26:00+00:00,0.36697,0.37803,24812.53203570174,274.42660431486,3.0138703436248058,0.0,Long,Closed
7,btc_any_sustained_down,0,0.05,0.25,0.05,0.5,180,0.4422247004238182,0.3788546255506608,,2024-12-11 01:29:00+00:00,2024-12-16 14:57:00+00:00,0.37678,0.39713,24530.676212375653,499.19926092184505,5.401029778650678,0.0,Long,Closed
7,btc_any_sustained_down,0,0.05,0.25,0.05,0.5,180,0.4422247004238182,0.3788546255506608,,2024-12-16 19:05:00+00:00,2024-12-18 04:28:00+00:00,0.40883,0.38357,23218.1293294519,-586.4899468619551,-6.178607245065187,0.0,Long,Closed
7,btc_any_sustained_down,0,0.05,0.25,0.05,0.5,180,0.4422247004238182,0.3788546255506608,,2024-12-18 14:35:00+00:00,2024-12-18 20:06:00+00:00,0.38313,0.3681,24010.186725990763,-360.87310649164283,-3.9229504345783592,0.0,Long,Closed
7,btc_any_sustained_down,0,0.05,0.25,0.05,0.5,180,0.4422247004238182,0.3788546255506608,,2024-12-18 20:07:00+00:00,2024-12-19 02:11:00+00:00,0.35938,0.34601,25094.847479222608,-335.51811079720574,-3.7202960654460404,0.0,Long,Closed
7,btc_any_sustained_down,0,0.05,0.25,0.05,0.5,180,0.4422247004238182,0.3788546255506608,,2024-12-19 02:13:00+00:00,2024-12-19 15:24:00+00:00,0.34636,0.34443,25553.837717070153,-49.318906793943825,-0.5572236978865742,0.0,Long,Closed
7,btc_any_sustained_down,0,0.05,0.25,0.05,0.5,180,0.4422247004238182,0.3788546255506608,,2024-12-19 16:10:00+00:00,2024-12-19 17:49:00+00:00,0.34964,0.33391,25243.587056078955,-397.08162439212356,-4.498913167829786,0.0,Long,Closed
7,btc_any_sustained_down,0,0.05,0.25,0.05,0.5,180,0.4422247004238182,0.3788546255506608,,2024-12-19 17:52:00+00:00,2024-12-19 18:13:00+00:00,0.32497,0.31084,26548.995187529268,-375.1373019997882,-4.348093670184936,0.0,Long,Closed
7,btc_any_sustained_down,0,0.05,0.25,0.05,0.5,180,0.4422247004238182,0.3788546255506608,,2024-12-19 18:17:00+00:00,2024-12-19 20:10:00+00:00,0.3118,0.30077,27068.820766810426,-298.5690930579203,-3.537524053880708,0.0,Long,Closed
7,btc_any_sustained_down,0,0.05,0.25,0.05,0.5,180,0.4422247004238182,0.3788546255506608,,2024-12-19 20:11:00+00:00,2024-12-20 08:17:00+00:00,0.30442,0.30901,27234.65530701837,125.00706785921466,1.5077852966296605,0.0,Long,Closed
7,btc_any_sustained_down,0,0.05,0.25,0.05,0.5,180,0.4422247004238182,0.3788546255506608,,2024-12-20 08:41:00+00:00,2024-12-20 10:11:00+00:00,0.30513,0.28812,27376.12592171252,-465.66790192833014,-5.574673090158296,0.0,Long,Closed
7,btc_any_sustained_down,0,0.05,0.25,0.05,0.5,180,0.4422247004238182,0.3788546255506608,,2024-12-20 11:22:00+00:00,2024-12-21 07:43:00+00:00,0.27892,0.34901,29113.879791796844,2040.5918346070393,25.129069267173364,0.0,Long,Closed
7,btc_any_sustained_down,0,0.05,0.25,0.05,0.5,180,0.4422247004238182,0.3788546255506608,,2024-12-21 13:24:00+00:00,2024-12-22 14:30:00+00:00,0.31958,0.31137,28602.350800524113,-234.82530007230343,-2.568996808310913,0.0,Long,Closed
7,btc_any_sustained_down,0,0.05,0.25,0.05,0.5,180,0.4422247004238182,0.3788546255506608,,2024-12-22 14:57:00+00:00,2024-12-23 01:17:00+00:00,0.31054,0.30444,29056.889994188656,-177.24702896455165,-1.9643202163972528,0.0,Long,Closed
7,btc_any_sustained_down,0,0.05,0.25,0.05,0.5,180,0.4422247004238182,0.3788546255506608,,2024-12-23 02:16:00+00:00,2024-12-23 14:48:00+00:00,0.3047,0.30574,29322.950785405545,30.495868816820803,0.34131933048899477,0.0,Long,Closed
7,btc_any_sustained_down,0,0.05,0.25,0.05,0.5,180,0.4422247004238182,0.3788546255506608,,2024-12-23 14:49:00+00:00,2024-12-26 08:01:00+00:00,0.30631,0.32301,29218.6054608778,487.95071119665954,5.451993078906992,0.0,Long,Closed
7,btc_any_sustained_down,0,0.05,0.25,0.05,0.5,180,0.4422247004238182,0.3788546255506608,,2024-12-26 08:03:00+00:00,2025-01-07 15:07:00+00:00,0.3228,0.37215,28481.804195538443,1405.5770370498212,15.28810408921932,0.0,Long,Closed
7,btc_any_sustained_down,0,0.05,0.25,0.05,0.5,180,0.4422247004238182,0.3788546255506608,,2025-01-07 15:08:00+00:00,2025-01-07 20:53:00+00:00,0.3739,0.35214,26468.881820927305,-575.9628684233794,-5.819737897833658,0.0,Long,Closed
7,btc_any_sustained_down,0,0.05,0.25,0.05,0.5,180,0.4422247004238182,0.3788546255506608,,2025-01-07 21:42:00+00:00,2025-01-08 17:08:00+00:00,0.34773,0.33457,27632.74229612927,-363.64688861706054,-3.784545480689034,0.0,Long,Closed
7,btc_any_sustained_down,0,0.05,0.25,0.05,0.5,180,0.4422247004238182,0.3788546255506608,,2025-01-08 17:09:00+00:00,2025-01-09 13:38:00+00:00,0.33482,0.32322,28155.15809785706,-326.59983393514085,-3.464548115405281,0.0,Long,Closed
7,btc_any_sustained_down,0,0.05,0.25,0.05,0.5,180,0.4422247004238182,0.3788546255506608,,2025-01-09 13:40:00+00:00,2025-01-09 17:52:00+00:00,0.32307,0.31837,28673.69337096273,-134.76635884352618,-1.4547930788993242,0.0,Long,Closed
7,btc_any_sustained_down,0,0.05,0.25,0.05,0.5,180,0.4422247004238182,0.3788546255506608,,2025-01-09 17:53:00+00:00,2025-01-13 06:47:00+00:00,0.31879,0.32616,28847.287988754877,212.60451247712263,2.3118667461338096,0.0,Long,Closed
7,btc_any_sustained_down,0,0.05,0.25,0.05,0.5,180,0.4422247004238182,0.3788546255506608,,2025-01-13 06:49:00+00:00,2025-01-13 14:35:00+00:00,0.32678,0.31024,28467.25379207335,-470.84837772089304,-5.061509272293285,0.0,Long,Closed
7,btc_any_sustained_down,0,0.05,0.25,0.05,0.5,180,0.4422247004238182,0.3788546255506608,,2025-01-13 14:36:00+00:00,2025-01-17 12:46:00+00:00,0.31348,0.41244,28924.030258113064,2862.3220343428693,31.56820211815747,0.0,Long,Closed
7,btc_any_sustained_down,0,0.05,0.25,0.05,0.5,180,0.4422247004238182,0.3788546255506608,,2025-01-17 14:44:00+00:00,2025-01-18 05:57:00+00:00,0.41081,0.38676,25555.04009757483,-614.5987143466755,-5.854287870305015,0.0,Long,Closed
7,btc_any_sustained_down,0,0.05,0.25,0.05,0.5,180,0.4422247004238182,0.3788546255506608,,2025-01-18 05:59:00+00:00,2025-01-19 08:47:00+00:00,0.38764,0.3771,26289.770574015525,-277.0941818501233,-2.7190176452378463,0.0,Long,Closed
7,btc_any_sustained_down,0,0.05,0.25,0.05,0.5,180,0.4422247004238182,0.3788546255506608,,2025-01-19 09:17:00+00:00,2025-01-19 21:47:00+00:00,0.36721,0.37399,27375.124790681944,185.60334608082303,1.8463549467607037,0.0,Long,Closed
7,btc_any_sustained_down,0,0.05,0.25,0.05,0.5,180,0.4422247004238182,0.3788546255506608,,2025-01-19 21:48:00+00:00,2025-01-19 22:48:00+00:00,0.37431,0.35297,27103.794307997996,-578.3949705326759,-5.701156795169767,0.0,Long,Closed
7,btc_any_sustained_down,0,0.05,0.25,0.05,0.5,180,0.4422247004238182,0.3788546255506608,,2025-01-19 22:49:00+00:00,2025-01-20 00:38:00+00:00,0.35847,0.34856,27494.696242810813,-272.4724397662558,-2.764527017602595,0.0,Long,Closed
7,btc_any_sustained_down,0,0.05,0.25,0.05,0.5,180,0.4422247004238182,0.3788546255506608,,2025-01-20 00:39:00+00:00,2025-01-20 12:20:00+00:00,0.34864,0.36551,27879.15196844098,470.32129370759867,4.8388022028453355,0.0,Long,Closed
7,btc_any_sustained_down,0,0.05,0.25,0.05,0.5,180,0.4422247004238182,0.3788546255506608,,2025-01-20 12:21:00+00:00,2025-01-20 17:39:00+00:00,0.36834,0.35449,27026.519490500796,-374.3172949434338,-3.760112939132301,0.0,Long,Closed
7,btc_any_sustained_down,0,0.05,0.25,0.05,0.5,180,0.4422247004238182,0.3788546255506608,,2025-01-20 17:40:00+00:00,2025-01-21 00:57:00+00:00,0.35529,0.34482,27492.441503164588,-287.84586253813177,-2.9468884573165437,0.0,Long,Closed
7,btc_any_sustained_down,0,0.05,0.25,0.05,0.5,180,0.4422247004238182,0.3788546255506608,,2025-01-21 00:58:00+00:00,2025-01-22 08:47:00+00:00,0.34448,0.36315,27937.37404316732,521.5907733859331,5.419763121226187,0.0,Long,Closed
7,btc_any_sustained_down,0,0.05,0.25,0.05,0.5,180,0.4422247004238182,0.3788546255506608,,2025-01-22 13:54:00+00:00,2025-01-23 10:41:00+00:00,0.36107,0.34687,27376.02680112789,-388.7395805760152,-3.932755421386427,0.0,Long,Closed
7,btc_any_sustained_down,0,0.05,0.25,0.05,0.5,180,0.4422247004238182,0.3788546255506608,,2025-01-23 10:43:00+00:00,2025-01-26 23:01:00+00:00,0.34713,0.34224,27915.455900657504,-136.5065793542144,-1.4086941491660105,0.0,Long,Closed
7,btc_any_sustained_down,0,0.05,0.25,0.05,0.5,180,0.4422247004238182,0.3788546255506608,,2025-01-26 23:08:00+00:00,2025-01-27 05:51:00+00:00,0.34124,0.31902,28197.27733301527,-626.5435023395985,-6.5115461258937914,0.0,Long,Closed
7,btc_any_sustained_down,0,0.05,0.25,0.05,0.5,180,0.4422247004238182,0.3788546255506608,,2025-01-27 06:20:00+00:00,2025-01-28 20:50:00+00:00,0.31875,0.32033,29203.975422583004,46.142281167682086,0.49568627450981406,0.0,Long,Closed
7,btc_any_sustained_down,0,0.05,0.25,0.05,0.5,180,0.4422247004238182,0.3788546255506608,,2025-01-28 20:56:00+00:00,2025-02-01 22:19:00+00:00,0.3204,0.31011,29125.587723258963,-299.7022976723347,-3.211610486891385,0.0,Long,Closed
7,btc_any_sustained_down,0,0.05,0.25,0.05,0.5,180,0.4422247004238182,0.3788546255506608,,2025-02-02 03:11:00+00:00,2025-02-02 16:48:00+00:00,0.30513,0.28272,30092.049807282157,-674.3628361811934,-7.3444105790974366,0.0,Long,Closed
7,btc_any_sustained_down,0,0.05,0.25,0.05,0.5,180,0.4422247004238182,0.3788546255506608,,2025-02-02 22:33:00+00:00,2025-02-03 00:35:00+00:00,0.26467,0.25129,33418.240600012876,-447.1360592281726,-5.055351947708471,0.0,Long,Closed
7,btc_any_sustained_down,0,0.05,0.25,0.05,0.5,180,0.4422247004238182,0.3788546255506608,,2025-02-03 00:37:00+00:00,2025-02-03 01:45:00+00:00,0.2505,0.24305,34416.118602759765,-256.4000835905608,-2.9740518962075915,0.0,Long,Closed
7,btc_any_sustained_down,0,0.05,0.25,0.05,0.5,180,0.4422247004238182,0.3788546255506608,,2025-02-03 01:46:00+00:00,2025-02-03 01:54:00+00:00,0.24194,0.22831,35103.90042240242,-478.46616275734414,-5.633628172274109,0.0,Long,Closed
7,btc_any_sustained_down,0,0.05,0.25,0.05,0.5,180,0.4422247004238182,0.3788546255506608,,2025-02-03 01:55:00+00:00,2025-02-03 02:05:00+00:00,0.221,0.21806,37347.532067046915,-109.8017442771179,-1.3303167420814477,0.0,Long,Closed
7,btc_any_sustained_down,0,0.05,0.25,0.05,0.5,180,0.4422247004238182,0.3788546255506608,,2025-02-03 02:06:00+00:00,2025-02-03 04:25:00+00:00,0.21048,0.22809,38953.36238444893,685.9687115901452,8.366590649942982,0.0,Long,Closed
7,btc_any_sustained_down,0,0.05,0.25,0.05,0.5,180,0.4422247004238182,0.3788546255506608,,2025-02-03 04:27:00+00:00,2025-02-03 14:08:00+00:00,0.22708,0.24342,37616.20605281788,614.6488069030438,7.195701955258055,0.0,Long,Closed
7,btc_any_sustained_down,0,0.05,0.25,0.05,0.5,180,0.4422247004238182,0.3788546255506608,,2025-02-03 16:07:00+00:00,2025-02-04 05:04:00+00:00,0.26709,0.27388,33131.94980690182,224.96593918886538,2.542214234902116,0.0,Long,Closed
7,btc_any_sustained_down,0,0.05,0.25,0.05,0.5,180,0.4422247004238182,0.3788546255506608,,2025-02-04 05:06:00+00:00,2025-02-04 05:34:00+00:00,0.27382,0.2592,32728.418097727845,-478.4894725887825,-5.339273975604428,0.0,Long,Closed
7,btc_any_sustained_down,0,0.05,0.25,0.05,0.5,180,0.4422247004238182,0.3788546255506608,,2025-02-04 07:47:00+00:00,2025-02-04 20:24:00+00:00,0.25909,0.26148,33665.71734619417,80.46106445740406,0.9224593770504459,0.0,Long,Closed
7,btc_any_sustained_down,0,0.05,0.25,0.05,0.5,180,0.4422247004238182,0.3788546255506608,,2025-02-04 21:02:00+00:00,2025-02-05 18:13:00+00:00,0.25957,0.25544,33758.4514368153,-139.42240443404808,-1.5910929614362315,0.0,Long,Closed
7,btc_any_sustained_down,0,0.05,0.25,0.05,0.5,180,0.4422247004238182,0.3788546255506608,,2025-02-05 18:14:00+00:00,2025-02-06 15:31:00+00:00,0.25568,0.25037,33999.41347480102,-180.53688555119334,-2.076814768460575,0.0,Long,Closed
7,btc_any_sustained_down,0,0.05,0.25,0.05,0.5,180,0.4422247004238182,0.3788546255506608,,2025-02-06 16:23:00+00:00,2025-02-07 20:05:00+00:00,0.24814,0.24791,34668.74181696432,-7.973810617902927,-0.09268961070364821,0.0,Long,Closed
7,btc_any_sustained_down,0,0.05,0.25,0.05,0.5,180,0.4422247004238182,0.3788546255506608,,2025-02-07 20:07:00+00:00,2025-02-14 21:10:00+00:00,0.24789,0.27196,34687.62228872716,834.9310684896609,9.709951994836398,0.0,Long,Closed
7,btc_any_sustained_down,0,0.05,0.25,0.05,0.5,180,0.4422247004238182,0.3788546255506608,,2025-02-14 21:12:00+00:00,2025-02-18 14:35:00+00:00,0.27115,0.25272,33251.63276193031,-612.8275918023774,-6.796975843629006,0.0,Long,Closed
7,btc_any_sustained_down,0,0.05,0.25,0.05,0.5,180,0.4422247004238182,0.3788546255506608,,2025-02-19 14:44:00+00:00,2025-02-21 17:39:00+00:00,0.25179,0.24664,34591.391347933655,-178.145665441858,-2.045355256364427,0.0,Long,Closed
7,btc_any_sustained_down,0,0.05,0.25,0.05,0.5,180,0.4422247004238182,0.3788546255506608,,2025-02-21 17:40:00+00:00,2025-02-24 13:15:00+00:00,0.24651,0.23143,34970.969107846686,-527.3622141463284,-6.117398888483231,0.0,Long,Closed
7,btc_any_sustained_down,0,0.05,0.25,0.05,0.5,180,0.4422247004238182,0.3788546255506608,,2025-02-24 22:03:00+00:00,2025-02-25 07:24:00+00:00,0.21325,0.20233,39188.804162729764,-427.9417414570089,-5.120750293083233,0.0,Long,Closed
7,btc_any_sustained_down,0,0.05,0.25,0.05,0.5,180,0.4422247004238182,0.3788546255506608,,2025-02-25 07:25:00+00:00,2025-02-25 10:22:00+00:00,0.20256,0.19607,40200.63989422205,-260.9021529135007,-3.2039889415481784,0.0,Long,Closed
7,btc_any_sustained_down,0,0.05,0.25,0.05,0.5,180,0.4422247004238182,0.3788546255506608,,2025-02-25 10:23:00+00:00,2025-02-26 14:02:00+00:00,0.19695,0.20341,40683.37415850149,262.8145970639216,3.2800203097233056,0.0,Long,Closed
7,btc_any_sustained_down,0,0.05,0.25,0.05,0.5,180,0.4422247004238182,0.3788546255506608,,2025-02-26 14:03:00+00:00,2025-02-26 17:52:00+00:00,0.20361,0.20208,39998.02484676011,-61.19697801554321,-0.751436569913072,0.0,Long,Closed
7,btc_any_sustained_down,0,0.05,0.25,0.05,0.5,180,0.4422247004238182,0.3788546255506608,,2025-02-26 17:54:00+00:00,2025-02-28 01:30:00+00:00,0.20182,0.20046,40201.16613834633,-54.67358594815141,-0.6738678029927708,0.0,Long,Closed
7,btc_any_sustained_down,0,0.05,0.25,0.05,0.5,180,0.4422247004238182,0.3788546255506608,,2025-02-28 01:31:00+00:00,2025-02-28 03:49:00+00:00,0.20011,0.18994,40408.088336749686,-410.9502583847443,-5.082204787366948,0.0,Long,Closed
7,btc_any_sustained_down,0,0.05,0.25,0.05,0.5,180,0.4422247004238182,0.3788546255506608,,2025-02-28 04:04:00+00:00,2025-03-02 17:32:00+00:00,0.1869,0.23463,42164.72674090212,2012.5224073432582,25.537720706260032,0.0,Long,Closed
7,btc_any_sustained_down,0,0.05,0.25,0.05,0.5,180,0.4422247004238182,0.3788546255506608,,2025-03-02 17:50:00+00:00,2025-03-03 02:35:00+00:00,0.23149000000000003,0.22867,38389.773344620655,-108.25916083183074,-1.218195170417734,0.0,Long,Closed
7,btc_any_sustained_down,0,0.05,0.25,0.05,0.5,180,0.4422247004238182,0.3788546255506608,,2025-03-03 06:42:00+00:00,2025-03-03 14:59:00+00:00,0.22179,0.21286,39824.69476139736,-355.6345242192783,-4.02633121421164,0.0,Long,Closed
7,btc_any_sustained_down,0,0.05,0.25,0.05,0.5,180,0.4422247004238182,0.3788546255506608,,2025-03-03 15:00:00+00:00,2025-03-03 18:38:00+00:00,0.21380999999999997,0.20742,40479.40596333512,-258.6634041057114,-2.9886347691875965,0.0,Long,Closed
7,btc_any_sustained_down,0,0.05,0.25,0.05,0.5,180,0.4422247004238182,0.3788546255506608,,2025-03-03 18:39:00+00:00,2025-03-03 20:39:00+00:00,0.20585,0.19634,41416.42014558089,-393.87015558447456,-4.619868836531459,0.0,Long,Closed
7,btc_any_sustained_down,0,0.05,0.25,0.05,0.5,180,0.4422247004238182,0.3788546255506608,,2025-03-03 20:41:00+00:00,2025-03-04 01:41:00+00:00,0.19616,0.19069,42458.375862436726,-232.24731596752918,-2.788539967373576,0.0,Long,Closed
7,btc_any_sustained_down,0,0.05,0.25,0.05,0.5,180,0.4422247004238182,0.3788546255506608,,2025-03-04 01:42:00+00:00,2025-03-04 15:21:00+00:00,0.19067,0.18842,43071.85897724773,-96.91168269880745,-1.1800492998374161,0.0,Long,Closed
7,btc_any_sustained_down,0,0.05,0.25,0.05,0.5,180,0.4422247004238182,0.3788546255506608,,2025-03-04 15:22:00+00:00,2025-03-04 16:35:00+00:00,0.18842,0.18361,43329.028287031215,-208.41262606062082,-2.5528075575841287,0.0,Long,Closed
7,btc_any_sustained_down,0,0.05,0.25,0.05,0.5,180,0.4422247004238182,0.3788546255506608,,2025-03-04 19:29:00+00:00,2025-03-06 14:32:00+00:00,0.19923,0.20447,40454.99772530297,211.98418808058886,2.6301259850424294,0.0,Long,Closed
7,btc_any_sustained_down,0,0.05,0.25,0.05,0.5,180,0.4422247004238182,0.3788546255506608,,2025-03-06 14:37:00+00:00,2025-03-07 00:20:00+00:00,0.20367,0.19643,40093.49089631465,-290.27687408931797,-3.554769971031569,0.0,Long,Closed
7,btc_any_sustained_down,0,0.05,0.25,0.05,0.5,180,0.4422247004238182,0.3788546255506608,,2025-03-07 00:21:00+00:00,2025-03-07 23:13:00+00:00,0.19613,0.19655,40894.82921433614,17.175828270022066,0.2141436802121153,0.0,Long,Closed
7,btc_any_sustained_down,0,0.05,0.25,0.05,0.5,180,0.4422247004238182,0.3788546255506608,,2025-03-08 01:34:00+00:00,2025-03-09 10:50:00+00:00,0.1961,0.18392,40944.878979820285,-498.7086259742109,-6.211116777154511,0.0,Long,Closed
7,btc_any_sustained_down,0,0.05,0.25,0.05,0.5,180,0.4422247004238182,0.3788546255506608,,2025-03-09 12:08:00+00:00,2025-03-09 16:32:00+00:00,0.1844,0.17347,42190.54476657078,-461.14265429861916,-5.927331887201741,0.0,Long,Closed
7,btc_any_sustained_down,0,0.05,0.25,0.05,0.5,180,0.4422247004238182,0.3788546255506608,,2025-03-09 16:38:00+00:00,2025-03-10 14:01:00+00:00,0.17217,0.17041,43848.3192647171,-77.1730419059013,-1.0222454550734634,0.0,Long,Closed
7,btc_any_sustained_down,0,0.05,0.25,0.05,0.5,180,0.4422247004238182,0.3788546255506608,,2025-03-10 14:02:00+00:00,2025-03-10 17:03:00+00:00,0.16992,0.16105,44201.85149984341,-392.0704228036102,-5.220103578154415,0.0,Long,Closed
7,btc_any_sustained_down,0,0.05,0.25,0.05,0.5,180,0.4422247004238182,0.3788546255506608,,2025-03-10 17:04:00+00:00,2025-03-10 18:58:00+00:00,0.16064,0.15307,45535.006196785274,-344.69999690966415,-4.71240039840637,0.0,Long,Closed
7,btc_any_sustained_down,0,0.05,0.25,0.05,0.5,180,0.4422247004238182,0.3788546255506608,,2025-03-10 18:59:00+00:00,2025-03-11 00:29:00+00:00,0.15206,0.15046,46970.88910296432,-75.15342256474287,-1.052216230435354,0.0,Long,Closed
7,btc_any_sustained_down,0,0.05,0.25,0.05,0.5,180,0.4422247004238182,0.3788546255506608,,2025-03-11 00:30:00+00:00,2025-03-11 00:51:00+00:00,0.15128,0.14311,46964.679308000945,-383.7014299463681,-5.400581702802755,0.0,Long,Closed
7,btc_any_sustained_down,0,0.05,0.25,0.05,0.5,180,0.4422247004238182,0.3788546255506608,,2025-03-11 13:09:00+00:00,2025-03-11 14:37:00+00:00,0.15656,0.15408,44155.377942904954,-109.50533729840481,-1.5840572304547853,0.0,Long,Closed
7,btc_any_sustained_down,0,0.05,0.25,0.05,0.5,180,0.4422247004238182,0.3788546255506608,,2025-03-11 14:38:00+00:00,2025-03-12 15:02:00+00:00,0.15349,0.16375,44681.8248882142,458.43552335307777,6.684474558603168,0.0,Long,Closed
7,btc_any_sustained_down,0,0.05,0.25,0.05,0.5,180,0.4422247004238182,0.3788546255506608,,2025-03-12 15:03:00+00:00,2025-03-13 18:03:00+00:00,0.16395,0.16388,43229.22271283035,-3.0260455898987857,-0.04269594388534022,0.0,Long,Closed
7,btc_any_sustained_down,0,0.05,0.25,0.05,0.5,180,0.4422247004238182,0.3788546255506608,,2025-03-14 13:44:00+00:00,2025-03-18 13:35:00+00:00,0.17001,0.16526,41679.41909872118,-197.9772407189257,-2.793953296864892,0.0,Long,Closed
7,btc_any_sustained_down,0,0.05,0.25,0.05,0.5,180,0.4422247004238182,0.3788546255506608,,2025-03-18 13:37:00+00:00,2025-03-20 15:56:00+00:00,0.16464,0.16986,42437.61795805469,221.52436574104559,3.1705539358600596,0.0,Long,Closed
7,btc_any_sustained_down,0,0.05,0.25,0.05,0.5,180,0.4422247004238182,0.3788546255506608,,2025-03-20 15:58:00+00:00,2025-03-27 13:37:00+00:00,0.16978,0.18963,41805.22796256713,829.8337750569581,11.691600895276249,0.0,Long,Closed
7,btc_any_sustained_down,0,0.05,0.25,0.05,0.5,180,0.4422247004238182,0.3788546255506608,,2025-03-28 14:10:00+00:00,2025-03-29 11:23:00+00:00,0.17845,0.16986,42099.23502949356,-361.63242890334914,-4.813673297842526,0.0,Long,Closed
7,btc_any_sustained_down,0,0.05,0.25,0.05,0.5,180,0.4422247004238182,0.3788546255506608,,2025-03-29 11:24:00+00:00,2025-03-31 13:45:00+00:00,0.16981,0.16106,43176.44588988547,-377.7939015364964,-5.152817855249965,0.0,Long,Closed
7,btc_any_sustained_down,0,0.05,0.25,0.05,0.5,180,0.4422247004238182,0.3788546255506608,,2025-03-31 17:47:00+00:00,2025-04-02 21:09:00+00:00,0.16432,0.16992,43469.421408186485,243.42875988584456,3.407984420642652,0.0,Long,Closed
7,btc_any_sustained_down,0,0.05,0.25,0.05,0.5,180,0.4422247004238182,0.3788546255506608,,2025-04-02 21:10:00+00:00,2025-04-03 12:44:00+00:00,0.17001,0.15815,42730.48471111184,-506.78354867378494,-6.9760602317510525,0.0,Long,Closed
7,btc_any_sustained_down,0,0.05,0.25,0.05,0.5,180,0.4422247004238182,0.3788546255506608,,2025-04-03 12:48:00+00:00,2025-04-06 17:33:00+00:00,0.15616,0.15857,44897.655810702054,108.20335050379163,1.5432889344262248,0.0,Long,Closed
7,btc_any_sustained_down,0,0.05,0.25,0.05,0.5,180,0.4422247004238182,0.3788546255506608,,2025-04-06 17:55:00+00:00,2025-04-06 20:36:00+00:00,0.15756,0.14908,44842.089404995735,-380.26091815436484,-5.3820766692053965,0.0,Long,Closed
7,btc_any_sustained_down,0,0.05,0.25,0.05,0.5,180,0.4422247004238182,0.3788546255506608,,2025-04-06 20:38:00+00:00,2025-04-07 03:35:00+00:00,0.15047,0.14384,45691.427843250785,-302.9341666007531,-4.40619392569948,0.0,Long,Closed
7,btc_any_sustained_down,0,0.05,0.25,0.05,0.5,180,0.4422247004238182,0.3788546255506608,,2025-04-07 03:37:00+00:00,2025-04-07 06:29:00+00:00,0.14251,0.1357,47180.703559564725,-321.300591240637,-4.778612027226178,0.0,Long,Closed
7,btc_any_sustained_down,0,0.05,0.25,0.05,0.5,180,0.4422247004238182,0.3788546255506608,,2025-04-07 06:30:00+00:00,2025-04-07 16:21:00+00:00,0.13632,0.14446,48144.59924188124,391.8970378289141,5.971244131455412,0.0,Long,Closed
7,btc_any_sustained_down,0,0.05,0.25,0.05,0.5,180,0.4422247004238182,0.3788546255506608,,2025-04-07 16:23:00+00:00,2025-04-08 16:38:00+00:00,0.14458,0.14763,46749.34491331933,142.58550198562534,2.109558721814933,0.0,Long,Closed
7,btc_any_sustained_down,0,0.05,0.25,0.05,0.5,180,0.4422247004238182,0.3788546255506608,,2025-04-08 16:39:00+00:00,2025-04-09 01:09:00+00:00,0.14756,0.14007,46288.37787042912,-346.6999502495146,-5.075901328273251,0.0,Long,Closed
7,btc_any_sustained_down,0,0.05,0.25,0.05,0.5,180,0.4422247004238182,0.3788546255506608,,2025-04-09 01:10:00+00:00,2025-04-10 03:15:00+00:00,0.1396,0.1547,47685.98182976908,720.0583256295131,10.816618911174784,0.0,Long,Closed
7,btc_any_sustained_down,0,0.05,0.25,0.05,0.5,180,0.4422247004238182,0.3788546255506608,,2025-04-10 07:32:00+00:00,2025-04-10 15:37:00+00:00,0.15638,0.15005,44871.417228868915,-284.03607105874016,-4.047832203606599,0.0,Long,Closed
7,btc_any_sustained_down,0,0.05,0.25,0.05,0.5,180,0.4422247004238182,0.3788546255506608,,2025-04-10 15:38:00+00:00,2025-04-14 15:49:00+00:00,0.15029,0.15996,45744.72147661953,442.3514566789099,6.434227160822395,0.0,Long,Closed
7,btc_any_sustained_down,0,0.05,0.25,0.05,0.5,180,0.4422247004238182,0.3788546255506608,,2025-04-15 13:56:00+00:00,2025-04-16 17:50:00+00:00,0.15925,0.15118,44559.811108700815,-359.5976756472146,-5.067503924646768,0.0,Long,Closed
7,btc_any_sustained_down,0,0.05,0.25,0.05,0.5,180,0.4422247004238182,0.3788546255506608,,2025-04-16 17:51:00+00:00,2025-04-24 08:48:00+00:00,0.15125,0.17014,45727.94103297188,863.8008061128394,12.489256198347116,0.0,Long,Closed
7,btc_any_sustained_down,0,0.05,0.25,0.05,0.5,180,0.4422247004238182,0.3788546255506608,,2025-04-25 01:21:00+00:00,2025-04-29 22:09:00+00:00,0.18191,0.17456,40394.98369684688,-296.90313017182416,-4.040459567918196,0.0,Long,Closed
7,btc_any_sustained_down,0,0.05,0.25,0.05,0.5,180,0.4422247004238182,0.3788546255506608,,2025-04-30 13:43:00+00:00,2025-05-04 22:03:00+00:00,0.16958,0.17122,42456.65714829286,69.62891772320017,0.9670951763179604,0.0,Long,Closed
7,btc_any_sustained_down,0,0.05,0.25,0.05,0.5,180,0.4422247004238182,0.3788546255506608,,2025-05-04 22:05:00+00:00,2025-05-10 23:15:00+00:00,0.17097,0.24767,42315.11012498744,3245.568946586536,44.86167163829911,0.0,Long,Closed
7,btc_any_sustained_down,0,0.05,0.25,0.05,0.5,180,0.4422247004238182,0.3788546255506608,,2025-05-12 07:43:00+00:00,2025-05-12 14:28:00+00:00,0.24663,0.23446,35913.71224653275,-437.0698780403036,-4.9345172931111385,0.0,Long,Closed
7,btc_any_sustained_down,0,0.05,0.25,0.05,0.5,180,0.4422247004238182,0.3788546255506608,,2025-05-12 14:29:00+00:00,2025-05-12 18:29:00+00:00,0.23463999999999996,0.22549,36817.52434513391,-336.88034775797496,-3.8995908625980196,0.0,Long,Closed
7,btc_any_sustained_down,0,0.05,0.25,0.05,0.5,180,0.4422247004238182,0.3788546255506608,,2025-05-12 18:31:00+00:00,2025-05-15 13:39:00+00:00,0.22577000000000003,0.22311,37517.93302238221,-99.7977018395377,-1.1781901935598293,0.0,Long,Closed
7,btc_any_sustained_down,0,0.05,0.25,0.05,0.5,180,0.4422247004238182,0.3788546255506608,,2025-05-18 18:03:00+00:00,2025-05-19 02:14:00+00:00,0.22921,0.22226,36737.1619368416,-255.32327546104807,-3.0321539199860266,0.0,Long,Closed
7,btc_any_sustained_down,0,0.05,0.25,0.05,0.5,180,0.4422247004238182,0.3788546255506608,,2025-05-19 02:16:00+00:00,2025-05-23 12:13:00+00:00,0.22271000000000002,0.23063,37236.15127211593,294.9103180751572,3.556194153832326,0.0,Long,Closed
7,btc_any_sustained_down,0,0.05,0.25,0.05,0.5,180,0.4422247004238182,0.3788546255506608,,2025-05-23 12:15:00+00:00,2025-05-23 23:42:00+00:00,0.22935999999999998,0.22382,36799.43498801238,-203.86886983358818,-2.4154168119986004,0.0,Long,Closed
7,btc_any_sustained_down,0,0.05,0.25,0.05,0.5,180,0.4422247004238182,0.3788546255506608,,2025-05-26 16:20:00+00:00,2025-05-29 14:34:00+00:00,0.22513,0.21853,37038.084546411956,-244.45135800631851,-2.9316394971794026,0.0,Long,Closed
7,btc_any_sustained_down,0,0.05,0.25,0.05,0.5,180,0.4422247004238182,0.3788546255506608,,2025-05-30 00:59:00+00:00,2025-05-30 16:32:00+00:00,0.20378000000000002,0.19509,40318.76678246425,-350.3700833396142,-4.264402787319657,0.0,Long,Closed
7,btc_any_sustained_down,0,0.05,0.25,0.05,0.5,180,0.4422247004238182,0.3788546255506608,,2025-05-30 16:33:00+00:00,2025-06-05 16:59:00+00:00,0.19518,0.18106,41197.731597811035,-581.7119701610918,-7.234347781534993,0.0,Long,Closed
7,btc_any_sustained_down,0,0.05,0.25,0.05,0.5,180,0.4422247004238182,0.3788546255506608,,2025-06-05 19:18:00+00:00,2025-06-12 03:20:00+00:00,0.17241,0.19061,44951.669092165255,818.1203774774067,10.556232237109203,0.0,Long,Closed
7,btc_any_sustained_down,0,0.05,0.25,0.05,0.5,180,0.4422247004238182,0.3788546255506608,,2025-06-12 19:51:00+00:00,2025-06-13 00:12:00+00:00,0.18433,0.17503,44263.96927748557,-411.65491428061614,-5.045299191667123,0.0,Long,Closed
7,btc_any_sustained_down,0,0.05,0.25,0.05,0.5,180,0.4422247004238182,0.3788546255506608,,2025-06-13 00:26:00+00:00,2025-06-17 00:09:00+00:00,0.17439,0.16963,45606.68616192791,-217.0878261307762,-2.729514307013009,0.0,Long,Closed
7,btc_any_sustained_down,0,0.05,0.25,0.05,0.5,180,0.4422247004238182,0.3788546255506608,,2025-06-17 16:51:00+00:00,2025-06-20 17:20:00+00:00,0.16529,0.15947,47460.86325073035,-276.2222241192503,-3.5210841551212977,0.0,Long,Closed
7,btc_any_sustained_down,0,0.05,0.25,0.05,0.5,180,0.4422247004238182,0.3788546255506608,,2025-06-20 17:22:00+00:00,2025-06-21 21:31:00+00:00,0.15978,0.1504,48233.16419234944,-452.4270801242383,-5.870572036550263,0.0,Long,Closed
7,btc_any_sustained_down,0,0.05,0.25,0.05,0.5,180,0.4422247004238182,0.3788546255506608,,2025-06-21 21:32:00+00:00,2025-06-22 13:28:00+00:00,0.15227,0.1491,49126.42959605619,-155.73078181949677,-2.0818283312536763,0.0,Long,Closed
7,btc_any_sustained_down,0,0.05,0.25,0.05,0.5,180,0.4422247004238182,0.3788546255506608,,2025-06-22 13:29:00+00:00,2025-06-26 15:32:00+00:00,0.14884,0.15903,49735.394004849004,506.80366490941196,6.846277882289716,0.0,Long,Closed
7,btc_any_sustained_down,0,0.05,0.25,0.05,0.5,180,0.4422247004238182,0.3788546255506608,,2025-06-26 15:34:00+00:00,2025-07-11 05:48:00+00:00,0.15913,0.20098,48111.71919899725,2013.4754484780342,26.29925218374913,0.0,Long,Closed
7,btc_any_sustained_down,0,0.05,0.25,0.05,0.5,180,0.4422247004238182,0.3788546255506608,,2025-07-15 02:00:00+00:00,2025-07-18 14:17:00+00:00,0.19365,0.24715,44734.08520720604,2393.2735585855244,27.627162406403322,0.0,Long,Closed
7,btc_any_sustained_down,0,0.05,0.25,0.05,0.5,180,0.4422247004238182,0.3788546255506608,,2025-07-18 14:19:00+00:00,2025-07-18 20:49:00+00:00,0.24612000000000003,0.23203,40059.289694735126,-564.4353917988192,-5.7248496668292015,0.0,Long,Closed
7,btc_any_sustained_down,0,0.05,0.25,0.05,0.5,180,0.4422247004238182,0.3788546255506608,,2025-07-20 22:14:00+00:00,2025-07-22 01:17:00+00:00,0.26674,0.26411,35904.53131802055,-94.42891736639285,-0.9859788558146386,0.0,Long,Closed
7,btc_any_sustained_down,0,0.05,0.25,0.05,0.5,180,0.4422247004238182,0.3788546255506608,,2025-07-22 13:53:00+00:00,2025-07-23 20:34:00+00:00,0.26282,0.23503,36260.40721819345,-1007.676716593598,-10.573776729320466,0.0,Long,Closed
7,btc_any_sustained_down,0,0.05,0.25,0.05,0.5,180,0.4422247004238182,0.3788546255506608,,2025-07-25 03:37:00+00:00,2025-07-29 00:34:00+00:00,0.22291,0.2255,40492.22496428517,104.87486265749976,1.1619039074065898,0.0,Long,Closed
7,btc_any_sustained_down,0,0.05,0.25,0.05,0.5,180,0.4422247004238182,0.3788546255506608,,2025-07-30 18:56:00+00:00,2025-08-01 00:50:00+00:00,0.21702,0.20438,41832.82323342345,-528.7668856704713,-5.824347986360693,0.0,Long,Closed
7,btc_any_sustained_down,0,0.05,0.25,0.05,0.5,180,0.4422247004238182,0.3788546255506608,,2025-08-01 00:52:00+00:00,2025-08-01 22:27:00+00:00,0.20415,0.19836,43174.99806653108,-249.98323880521457,-2.8361498897869173,0.0,Long,Closed
7,btc_any_sustained_down,0,0.05,0.25,0.05,0.5,180,0.4422247004238182,0.3788546255506608,,2025-08-07 16:46:00+00:00,2025-08-11 12:44:00+00:00,0.21134,0.22704,41114.71674022765,645.5010528215735,7.428787735402661,0.0,Long,Closed
7,btc_any_sustained_down,0,0.05,0.25,0.05,0.5,180,0.4422247004238182,0.3788546255506608,,2025-08-12 13:45:00+00:00,2025-08-14 12:30:00+00:00,0.22417000000000004,0.23382,40201.34167056473,387.9429471209478,4.3047687023241075,0.0,Long,Closed
7,btc_any_sustained_down,0,0.05,0.25,0.05,0.5,180,0.4422247004238182,0.3788546255506608,,2025-08-14 12:33:00+00:00,2025-08-20 11:53:00+00:00,0.22825,0.2134,40332.55744074905,-598.9384779951233,-6.506024096385541,0.0,Long,Closed
7,btc_any_sustained_down,0,0.05,0.25,0.05,0.5,180,0.4422247004238182,0.3788546255506608,,2025-08-20 13:47:00+00:00,2025-08-25 00:42:00+00:00,0.21041,0.2256,42328.96248682766,642.9769401749109,7.219238629342698,0.0,Long,Closed
7,btc_any_sustained_down,0,0.05,0.25,0.05,0.5,180,0.4422247004238182,0.3788546255506608,,2025-08-25 00:43:00+00:00,2025-08-25 19:35:00+00:00,0.22562,0.21498,40900.299029079266,-435.17918166940217,-4.715893981030037,0.0,Long,Closed
7,btc_any_sustained_down,0,0.05,0.25,0.05,0.5,180,0.4422247004238182,0.3788546255506608,,2025-08-25 19:37:00+00:00,2025-08-29 20:08:00+00:00,0.21533,0.21075,41844.31280409679,-191.64695264276452,-2.126967909719978,0.0,Long,Closed
7,btc_any_sustained_down,0,0.05,0.25,0.05,0.5,180,0.4422247004238182,0.3788546255506608,,2025-09-02 12:45:00+00:00,2025-09-04 23:05:00+00:00,0.20812,0.21431,42833.52104451653,265.13949526555734,2.974245627522583,0.0,Long,Open
8,btc_vol_breakout_2m,0,0.05,0.1,0.003,0.5,360,0.42749790680006644,0.36721311475409835,,2024-08-01 15:02:00+00:00,2024-08-02 15:00:00+00:00,0.11622,0.11336,43021.855102392015,-123.04250559284083,-2.4608501118568165,0.0,Long,Closed
8,btc_vol_breakout_2m,0,0.05,0.1,0.003,0.5,360,0.42749790680006644,0.36721311475409835,,2024-08-02 15:06:00+00:00,2024-08-03 18:33:00+00:00,0.11178,0.10654,44180.34305961334,-231.5049976323744,-4.68777956700663,0.0,Long,Closed
8,btc_vol_breakout_2m,0,0.05,0.1,0.003,0.5,360,0.42749790680006644,0.36721311475409835,,2024-08-03 18:34:00+00:00,2024-08-04 17:02:00+00:00,0.10698,0.10143,45080.63421562341,-250.19751989671022,-5.1878855860908635,0.0,Long,Closed
8,btc_vol_breakout_2m,0,0.05,0.1,0.003,0.5,360,0.42749790680006644,0.36721311475409835,,2024-08-04 17:10:00+00:00,2024-08-05 00:38:00+00:00,0.10003,0.10047,46962.18622852182,20.663361940550203,0.43986803958813636,0.0,Long,Closed
8,btc_vol_breakout_2m,0,0.05,0.1,0.003,0.5,360,0.42749790680006644,0.36721311475409835,,2024-08-05 00:39:00+00:00,2024-08-05 01:07:00+00:00,0.10057,0.09526,46812.75896797566,-248.5757501199514,-5.279904544098652,0.0,Long,Closed
8,btc_vol_breakout_2m,0,0.05,0.1,0.003,0.5,360,0.42749790680006644,0.36721311475409835,,2024-08-05 01:08:00+00:00,2024-08-05 02:07:00+00:00,0.09318,0.0909,49191.57860430711,-112.15679921782066,-2.446877012234395,0.0,Long,Closed
8,btc_vol_breakout_2m,0,0.05,0.1,0.003,0.5,360,0.42749790680006644,0.36721311475409835,,2024-08-05 03:24:00+00:00,2024-08-05 05:12:00+00:00,0.09217,0.08845,49122.19697016845,-182.7345727290267,-4.03602039709233,0.0,Long,Closed
8,btc_vol_breakout_2m,0,0.05,0.1,0.003,0.5,360,0.42749790680006644,0.36721311475409835,,2024-08-05 05:13:00+00:00,2024-08-05 06:21:00+00:00,0.08979,0.08686,49406.6778970477,-144.7615662383496,-3.263169617997546,0.0,Long,Closed
8,btc_vol_breakout_2m,0,0.05,0.1,0.003,0.5,360,0.42749790680006644,0.36721311475409835,,2024-08-05 06:24:00+00:00,2024-08-05 10:09:00+00:00,0.08276,0.08545,52728.912823305196,141.84077549469112,3.2503624939584377,0.0,Long,Closed
8,btc_vol_breakout_2m,0,0.05,0.1,0.003,0.5,360,0.42749790680006644,0.36721311475409835,,2024-08-05 10:10:00+00:00,2024-08-05 11:26:00+00:00,0.08579,0.08119,51693.26510087519,-237.78901946402675,-5.361930294906185,0.0,Long,Closed
8,btc_vol_breakout_2m,0,0.05,0.1,0.003,0.5,360,0.42749790680006644,0.36721311475409835,,2024-08-05 11:44:00+00:00,2024-08-05 14:00:00+00:00,0.08218,0.09123,52517.28770104734,475.28145369447884,11.012411779021669,0.0,Long,Closed
8,btc_vol_breakout_2m,0,0.05,0.1,0.003,0.5,360,0.42749790680006644,0.36721311475409835,,2024-08-05 14:01:00+00:00,2024-08-05 18:53:00+00:00,0.09095,0.0934,50066.095988117755,122.66193517088868,2.6937877954920326,0.0,Long,Closed
8,btc_vol_breakout_2m,0,0.05,0.1,0.003,0.5,360,0.42749790680006644,0.36721311475409835,,2024-08-05 19:02:00+00:00,2024-08-06 12:45:00+00:00,0.0939,0.09501,49146.35141325617,54.55245006871428,1.1821086261980815,0.0,Long,Closed
8,btc_vol_breakout_2m,0,0.05,0.1,0.003,0.5,360,0.42749790680006644,0.36721311475409835,,2024-08-06 13:23:00+00:00,2024-08-07 14:36:00+00:00,0.09427,0.09625,49242.798586391335,97.50074120105455,2.1003500583430506,0.0,Long,Closed
8,btc_vol_breakout_2m,0,0.05,0.1,0.003,0.5,360,0.42749790680006644,0.36721311475409835,,2024-08-07 14:37:00+00:00,2024-08-08 00:45:00+00:00,0.09648,0.09389,48620.11809017039,-125.92610585354123,-2.6844941956882242,0.0,Long,Closed
8,btc_vol_breakout_2m,0,0.05,0.1,0.003,0.5,360,0.42749790680006644,0.36721311475409835,,2024-08-08 01:12:00+00:00,2024-08-08 22:52:00+00:00,0.09671,0.1068,47853.43749780652,482.84118435286746,10.433254058525481,0.0,Long,Closed
8,btc_vol_breakout_2m,0,0.05,0.1,0.003,0.5,360,0.42749790680006644,0.36721311475409835,,2024-08-08 22:54:00+00:00,2024-08-09 13:37:00+00:00,0.10689,0.10237,45554.55639058193,-205.90659488543042,-4.228646271868278,0.0,Long,Closed
8,btc_vol_breakout_2m,0,0.05,0.1,0.003,0.5,360,0.42749790680006644,0.36721311475409835,,2024-08-09 13:38:00+00:00,2024-08-11 15:09:00+00:00,0.10256,0.10418,46473.998002599335,75.28787676421052,1.5795631825272927,0.0,Long,Closed
8,btc_vol_breakout_2m,0,0.05,0.1,0.003,0.5,360,0.42749790680006644,0.36721311475409835,,2024-08-11 19:23:00+00:00,2024-08-13 10:23:00+00:00,0.10328,0.10349,46514.496258023755,9.768044214185466,0.20333075135554826,0.0,Long,Closed
8,btc_vol_breakout_2m,0,0.05,0.1,0.003,0.5,360,0.42749790680006644,0.36721311475409835,,2024-08-13 10:24:00+00:00,2024-08-14 14:11:00+00:00,0.10352,0.1016,46453.836897563626,-89.1913668433217,-1.8547140649149827,0.0,Long,Closed
8,btc_vol_breakout_2m,0,0.05,0.1,0.003,0.5,360,0.42749790680006644,0.36721311475409835,,2024-08-14 14:12:00+00:00,2024-08-15 18:12:00+00:00,0.10182,0.0994,46791.45071905446,-113.23531074011134,-2.3767432724415545,0.0,Long,Closed
8,btc_vol_breakout_2m,0,0.05,0.1,0.003,0.5,360,0.42749790680006644,0.36721311475409835,,2024-08-15 18:13:00+00:00,2024-08-23 14:10:00+00:00,0.09979,0.1099,47175.948059365364,476.9488348801833,10.131275678925732,0.0,Long,Closed
8,btc_vol_breakout_2m,0,0.05,0.1,0.003,0.5,360,0.42749790680006644,0.36721311475409835,,2024-08-23 14:16:00+00:00,2024-08-26 06:50:00+00:00,0.10959,0.10841,45133.3358361544,-53.257336286662394,-1.076740578519942,0.0,Long,Closed
8,btc_vol_breakout_2m,0,0.05,0.1,0.003,0.5,360,0.42749790680006644,0.36721311475409835,,2024-08-26 09:32:00+00:00,2024-08-27 14:12:00+00:00,0.10851000000000001,0.10367,45337.14502019012,-219.4317818977206,-4.460418394618017,0.0,Long,Closed
8,btc_vol_breakout_2m,0,0.05,0.1,0.003,0.5,360,0.42749790680006644,0.36721311475409835,,2024-08-27 14:15:00+00:00,2024-08-27 22:14:00+00:00,0.10358,0.09752,46435.77635829282,-281.40080473125454,-5.850550299285578,0.0,Long,Closed
8,btc_vol_breakout_2m,0,0.05,0.1,0.003,0.5,360,0.42749790680006644,0.36721311475409835,,2024-08-27 22:15:00+00:00,2024-09-01 22:18:00+00:00,0.09661,0.09681,48329.544693368625,9.665908938673965,0.2070179070489649,0.0,Long,Closed
8,btc_vol_breakout_2m,0,0.05,0.1,0.003,0.5,360,0.42749790680006644,0.36721311475409835,,2024-09-01 22:19:00+00:00,2024-09-04 01:00:00+00:00,0.09689,0.09509,48239.759183565686,-86.83156653041897,-1.8577768603571214,0.0,Long,Closed
8,btc_vol_breakout_2m,0,0.05,0.1,0.003,0.5,360,0.42749790680006644,0.36721311475409835,,2024-09-04 01:01:00+00:00,2024-09-06 14:06:00+00:00,0.09417,0.09431,49172.07692503419,6.884090769504837,0.1486673038122555,0.0,Long,Closed
8,btc_vol_breakout_2m,0,0.05,0.1,0.003,0.5,360,0.42749790680006644,0.36721311475409835,,2024-09-06 14:07:00+00:00,2024-09-06 20:36:00+00:00,0.09466,0.09014,48953.903754650564,-221.27164497102058,-4.77498415381365,0.0,Long,Closed
8,btc_vol_breakout_2m,0,0.05,0.1,0.003,0.5,360,0.42749790680006644,0.36721311475409835,,2024-09-06 20:37:00+00:00,2024-09-09 16:10:00+00:00,0.09039,0.10001,50042.49039639022,481.40875761327425,10.64277021794447,0.0,Long,Closed
8,btc_vol_breakout_2m,0,0.05,0.1,0.003,0.5,360,0.42749790680006644,0.36721311475409835,,2024-09-09 16:11:00+00:00,2024-09-11 13:50:00+00:00,0.10055,0.09924,47379.861618461946,-62.06761872018524,-1.3028344107409269,0.0,Long,Closed
8,btc_vol_breakout_2m,0,0.05,0.1,0.003,0.5,360,0.42749790680006644,0.36721311475409835,,2024-09-11 15:05:00+00:00,2024-09-15 23:10:00+00:00,0.09876,0.10256,47924.37501393535,182.11262505295417,3.8477116241393245,0.0,Long,Closed
8,btc_vol_breakout_2m,0,0.05,0.1,0.003,0.5,360,0.42749790680006644,0.36721311475409835,,2024-09-15 23:12:00+00:00,2024-09-26 10:32:00+00:00,0.10267,0.11506,46986.145796266996,582.1583464157475,12.067790006817948,0.0,Long,Closed
8,btc_vol_breakout_2m,0,0.05,0.1,0.003,0.5,360,0.42749790680006644,0.36721311475409835,,2024-09-26 10:33:00+00:00,2024-09-27 14:23:00+00:00,0.11504,0.12656,44464.071297901646,512.2261013518264,10.013908205841435,0.0,Long,Closed
8,btc_vol_breakout_2m,0,0.05,0.1,0.003,0.5,360,0.42749790680006644,0.36721311475409835,,2024-09-29 22:17:00+00:00,2024-09-30 10:13:00+00:00,0.12611,0.1193,42591.86276097469,-290.05058540223763,-5.400047577511695,0.0,Long,Closed
8,btc_vol_breakout_2m,0,0.05,0.1,0.003,0.5,360,0.42749790680006644,0.36721311475409835,,2024-09-30 18:13:00+00:00,2024-10-01 14:52:00+00:00,0.11763,0.1116,44429.43568890079,-267.90949720407116,-5.126243305279255,0.0,Long,Closed
8,btc_vol_breakout_2m,0,0.05,0.1,0.003,0.5,360,0.42749790680006644,0.36721311475409835,,2024-10-01 15:10:00+00:00,2024-10-01 17:17:00+00:00,0.10839,0.10608,46981.08470784541,-108.5263056751237,-2.1311929144755206,0.0,Long,Closed
8,btc_vol_breakout_2m,0,0.05,0.1,0.003,0.5,360,0.42749790680006644,0.36721311475409835,,2024-10-01 17:20:00+00:00,2024-10-02 19:06:00+00:00,0.10403,0.10276,48428.49772801887,-61.50419211458393,-1.220801691819667,0.0,Long,Closed
8,btc_vol_breakout_2m,0,0.05,0.1,0.003,0.5,360,0.42749790680006644,0.36721311475409835,,2024-10-02 19:24:00+00:00,2024-10-07 00:38:00+00:00,0.10232,0.11265,48937.29986892603,505.5223076460061,10.095777951524635,0.0,Long,Closed
8,btc_vol_breakout_2m,0,0.05,0.1,0.003,0.5,360,0.42749790680006644,0.36721311475409835,,2024-10-07 00:41:00+00:00,2024-10-08 13:25:00+00:00,0.11274999999999999,0.10715,46652.11242937041,-261.25182960447455,-4.9667405764966785,0.0,Long,Closed
8,btc_vol_breakout_2m,0,0.05,0.1,0.003,0.5,360,0.42749790680006644,0.36721311475409835,,2024-10-08 14:01:00+00:00,2024-10-10 16:32:00+00:00,0.10833,0.10472,47349.762407544324,-170.93264229123542,-3.332410228007024,0.0,Long,Closed
8,btc_vol_breakout_2m,0,0.05,0.1,0.003,0.5,360,0.42749790680006644,0.36721311475409835,,2024-10-10 17:10:00+00:00,2024-10-14 14:25:00+00:00,0.10449,0.11497,48271.9249733339,505.8897737205398,10.029667910804871,0.0,Long,Closed
8,btc_vol_breakout_2m,0,0.05,0.1,0.003,0.5,360,0.42749790680006644,0.36721311475409835,,2024-10-14 14:30:00+00:00,2024-10-15 15:01:00+00:00,0.11482,0.11157,46132.018179097104,-149.92905908206558,-2.8305173314753524,0.0,Long,Closed
8,btc_vol_breakout_2m,0,0.05,0.1,0.003,0.5,360,0.42749790680006644,0.36721311475409835,,2024-10-15 15:02:00+00:00,2024-10-16 11:27:00+00:00,0.11219,0.12594,46545.26961211246,639.9974571665462,12.255994295391744,0.0,Long,Closed
8,btc_vol_breakout_2m,0,0.05,0.1,0.003,0.5,360,0.42749790680006644,0.36721311475409835,,2024-10-16 11:28:00+00:00,2024-10-17 10:34:00+00:00,0.12575,0.12128,44070.874961162386,-196.99681107639572,-3.554671968190852,0.0,Long,Closed
8,btc_vol_breakout_2m,0,0.05,0.1,0.003,0.5,360,0.42749790680006644,0.36721311475409835,,2024-10-17 13:36:00+00:00,2024-10-18 01:08:00+00:00,0.12075,0.13393,45080.03412693973,594.1548497930653,10.915113871635604,0.0,Long,Closed
8,btc_vol_breakout_2m,0,0.05,0.1,0.003,0.5,360,0.42749790680006644,0.36721311475409835,,2024-10-18 13:45:00+00:00,2024-10-21 15:09:00+00:00,0.13417,0.13933,42785.209403924164,220.77168052424895,3.8458671834240192,0.0,Long,Closed
8,btc_vol_breakout_2m,0,0.05,0.1,0.003,0.5,360,0.42749790680006644,0.36721311475409835,,2024-10-22 00:33:00+00:00,2024-10-23 18:04:00+00:00,0.14139,0.13334,41381.125864535185,-333.11806320950836,-5.693471956998375,0.0,Long,Closed
8,btc_vol_breakout_2m,0,0.05,0.1,0.003,0.5,360,0.42749790680006644,0.36721311475409835,,2024-10-23 18:05:00+00:00,2024-10-25 15:52:00+00:00,0.13342,0.13633,42604.69460636993,123.97966130453551,2.1810822965072525,0.0,Long,Closed
8,btc_vol_breakout_2m,0,0.05,0.1,0.003,0.5,360,0.42749790680006644,0.36721311475409835,,2024-10-25 15:53:00+00:00,2024-10-25 23:22:00+00:00,0.13617,0.12939,42199.51667058929,-286.11272302659563,-4.979070279797316,0.0,Long,Closed
8,btc_vol_breakout_2m,0,0.05,0.1,0.003,0.5,360,0.42749790680006644,0.36721311475409835,,2024-10-25 23:24:00+00:00,2024-10-28 07:13:00+00:00,0.12871,0.14414,43533.927616508794,671.7285031227311,11.988190505788216,0.0,Long,Closed
8,btc_vol_breakout_2m,0,0.05,0.1,0.003,0.5,360,0.42749790680006644,0.36721311475409835,,2024-10-28 07:14:00+00:00,2024-10-28 22:08:00+00:00,0.14436,0.16162,41141.00910974101,710.0938172341312,11.956220559711854,0.0,Long,Closed
8,btc_vol_breakout_2m,0,0.05,0.1,0.003,0.5,360,0.42749790680006644,0.36721311475409835,,2024-10-29 01:55:00+00:00,2024-10-30 15:13:00+00:00,0.16782,0.16577,37505.44025562673,-76.88615252403451,-1.2215468954832513,0.0,Long,Closed
8,btc_vol_breakout_2m,0,0.05,0.1,0.003,0.5,360,0.42749790680006644,0.36721311475409835,,2024-10-30 20:03:00+00:00,2024-10-31 19:58:00+00:00,0.1686,0.15931,37103.91404173939,-344.69536144775793,-5.5100830367734135,0.0,Long,Closed
8,btc_vol_breakout_2m,0,0.05,0.1,0.003,0.5,360,0.42749790680006644,0.36721311475409835,,2024-10-31 20:00:00+00:00,2024-11-01 15:41:00+00:00,0.1598,0.16029,38068.66224476459,18.65364449993467,0.3066332916145185,0.0,Long,Closed
8,btc_vol_breakout_2m,0,0.05,0.1,0.003,0.5,360,0.42749790680006644,0.36721311475409835,,2024-11-01 15:42:00+00:00,2024-11-03 02:22:00+00:00,0.16053,0.15482,37953.64759835139,-216.71532778658639,-3.5569675450071627,0.0,Long,Closed
8,btc_vol_breakout_2m,0,0.05,0.1,0.003,0.5,360,0.42749790680006644,0.36721311475409835,,2024-11-03 16:35:00+00:00,2024-11-05 01:44:00+00:00,0.1458,0.16228,41044.86546687281,676.4193828940643,11.303155006858717,0.0,Long,Closed
8,btc_vol_breakout_2m,0,0.05,0.1,0.003,0.5,360,0.42749790680006644,0.36721311475409835,,2024-11-05 01:49:00+00:00,2024-11-05 14:50:00+00:00,0.16186,0.17887,39061.85021943092,664.4420722325203,10.509081922649209,0.0,Long,Closed
8,btc_vol_breakout_2m,0,0.05,0.1,0.003,0.5,360,0.42749790680006644,0.36721311475409835,,2024-11-05 14:56:00+00:00,2024-11-05 19:56:00+00:00,0.17634,0.16809,37738.30164814194,-311.3409885971714,-4.678462061925831,0.0,Long,Closed
8,btc_vol_breakout_2m,0,0.05,0.1,0.003,0.5,360,0.42749790680006644,0.36721311475409835,,2024-11-05 19:57:00+00:00,2024-11-06 00:45:00+00:00,0.16738,0.18487,38828.42405505296,679.1091367228764,10.449277094037523,0.0,Long,Closed
8,btc_vol_breakout_2m,0,0.05,0.1,0.003,0.5,360,0.42749790680006644,0.36721311475409835,,2024-11-06 00:48:00+00:00,2024-11-06 03:02:00+00:00,0.18285,0.20188,37400.36197263441,711.7288883392321,10.40743779053868,0.0,Long,Closed
8,btc_vol_breakout_2m,0,0.05,0.1,0.003,0.5,360,0.42749790680006644,0.36721311475409835,,2024-11-06 03:05:00+00:00,2024-11-06 03:21:00+00:00,0.20517,0.20334,35066.14334876355,-64.17104232823658,-0.8919432665594286,0.0,Long,Closed
8,btc_vol_breakout_2m,0,0.05,0.1,0.003,0.5,360,0.42749790680006644,0.36721311475409835,,2024-11-06 04:03:00+00:00,2024-11-06 05:02:00+00:00,0.2061,0.20012,34752.232458523526,-207.8183501019712,-2.901504124211555,0.0,Long,Closed
8,btc_vol_breakout_2m,0,0.05,0.1,0.003,0.5,360,0.42749790680006644,0.36721311475409835,,2024-11-06 05:06:00+00:00,2024-11-06 07:42:00+00:00,0.20207,0.198,34931.09286213052,-142.1695479488708,-2.014153511159493,0.0,Long,Closed
8,btc_vol_breakout_2m,0,0.05,0.1,0.003,0.5,360,0.42749790680006644,0.36721311475409835,,2024-11-06 07:43:00+00:00,2024-11-06 08:03:00+00:00,0.19985,0.19181,34963.42837466239,-281.1059641322854,-4.023017262947207,0.0,Long,Closed
8,btc_vol_breakout_2m,0,0.05,0.1,0.003,0.5,360,0.42749790680006644,0.36721311475409835,,2024-11-06 08:04:00+00:00,2024-11-06 14:49:00+00:00,0.19027,0.19414,35985.11682666808,139.26240211920594,2.033951752772383,0.0,Long,Closed
8,btc_vol_breakout_2m,0,0.05,0.1,0.003,0.5,360,0.42749790680006644,0.36721311475409835,,2024-11-06 14:51:00+00:00,2024-11-07 15:09:00+00:00,0.19272,0.19049,35888.95485507336,-80.03236932681375,-1.1571191365711937,0.0,Long,Closed
8,btc_vol_breakout_2m,0,0.05,0.1,0.003,0.5,360,0.42749790680006644,0.36721311475409835,,2024-11-07 15:11:00+00:00,2024-11-10 02:26:00+00:00,0.19102,0.22881,35998.86501416779,1360.3971088854005,19.7832687676683,0.0,Long,Closed
8,btc_vol_breakout_2m,0,0.05,0.1,0.003,0.5,360,0.42749790680006644,0.36721311475409835,,2024-11-10 02:28:00+00:00,2024-11-10 17:38:00+00:00,0.2291,0.27107,32984.293974024586,1384.3508180898107,18.319511130510676,0.0,Long,Closed
8,btc_vol_breakout_2m,0,0.05,0.1,0.003,0.5,360,0.42749790680006644,0.36721311475409835,,2024-11-10 17:39:00+00:00,2024-11-10 20:42:00+00:00,0.27216,0.26159,30308.92547947508,-320.36534231805217,-3.883744855967085,0.0,Long,Closed
8,btc_vol_breakout_2m,0,0.05,0.1,0.003,0.5,360,0.42749790680006644,0.36721311475409835,,2024-11-10 21:16:00+00:00,2024-11-10 22:22:00+00:00,0.25907,0.2864,31222.042256281748,853.298414864179,10.549272397421532,0.0,Long,Closed
8,btc_vol_breakout_2m,0,0.05,0.1,0.003,0.5,360,0.42749790680006644,0.36721311475409835,,2024-11-10 22:23:00+00:00,2024-11-10 22:35:00+00:00,0.28374,0.26878,30011.079490967088,-448.9657491848675,-5.272432508634664,0.0,Long,Closed
8,btc_vol_breakout_2m,0,0.05,0.1,0.003,0.5,360,0.42749790680006644,0.36721311475409835,,2024-11-10 22:36:00+00:00,2024-11-11 05:27:00+00:00,0.27338,0.27866,30327.239813353455,160.12782621450606,1.9313775696832225,0.0,Long,Closed
8,btc_vol_breakout_2m,0,0.05,0.1,0.003,0.5,360,0.42749790680006644,0.36721311475409835,,2024-11-11 06:30:00+00:00,2024-11-11 15:31:00+00:00,0.28309,0.31249,29569.83550560536,869.3531638647964,10.385389805362239,0.0,Long,Closed
8,btc_vol_breakout_2m,0,0.05,0.1,0.003,0.5,360,0.42749790680006644,0.36721311475409835,,2024-11-11 15:36:00+00:00,2024-11-11 23:32:00+00:00,0.31217,0.34386,28207.7115520845,893.9023790855572,10.151520005125406,0.0,Long,Closed
8,btc_vol_breakout_2m,0,0.05,0.1,0.003,0.5,360,0.42749790680006644,0.36721311475409835,,2024-11-11 23:34:00+00:00,2024-11-12 00:19:00+00:00,0.34537,0.32756,26790.261182954502,-477.1345516684196,-5.156788371891015,0.0,Long,Closed
8,btc_vol_breakout_2m,0,0.05,0.1,0.003,0.5,360,0.42749790680006644,0.36721311475409835,,2024-11-12 00:20:00+00:00,2024-11-12 00:59:00+00:00,0.33075,0.36386,27253.167736728006,902.3523837630655,10.010582010582025,0.0,Long,Closed
8,btc_vol_breakout_2m,0,0.05,0.1,0.003,0.5,360,0.42749790680006644,0.36721311475409835,,2024-11-12 01:01:00+00:00,2024-11-12 02:52:00+00:00,0.36061,0.34597,26247.639890198057,-384.2654479924986,-4.059787582152454,0.0,Long,Closed
8,btc_vol_breakout_2m,0,0.05,0.1,0.003,0.5,360,0.42749790680006644,0.36721311475409835,,2024-11-12 02:56:00+00:00,2024-11-12 04:29:00+00:00,0.34842,0.38775,26614.51322199665,1046.7488050211286,11.288100568279667,0.0,Long,Closed
8,btc_vol_breakout_2m,0,0.05,0.1,0.003,0.5,360,0.42749790680006644,0.36721311475409835,,2024-11-12 06:41:00+00:00,2024-11-12 10:03:00+00:00,0.40352000000000005,0.40228,24277.36691940582,-30.10393498006306,-0.30729579698651704,0.0,Long,Closed
8,btc_vol_breakout_2m,0,0.05,0.1,0.003,0.5,360,0.42749790680006644,0.36721311475409835,,2024-11-12 10:06:00+00:00,2024-11-12 10:35:00+00:00,0.38695,0.38803,25278.07502733843,27.30032102952464,0.2791058276262995,0.0,Long,Closed
8,btc_vol_breakout_2m,0,0.05,0.1,0.003,0.5,360,0.42749790680006644,0.36721311475409835,,2024-11-12 10:37:00+00:00,2024-11-12 10:49:00+00:00,0.37869,0.35846,25865.48705364115,-523.258803095161,-5.342100398743041,0.0,Long,Closed
8,btc_vol_breakout_2m,0,0.05,0.1,0.003,0.5,360,0.42749790680006644,0.36721311475409835,,2024-11-12 10:51:00+00:00,2024-11-12 11:21:00+00:00,0.36024,0.39646,26463.945954907253,958.5241224867405,10.054408172329556,0.0,Long,Closed
8,btc_vol_breakout_2m,0,0.05,0.1,0.003,0.5,360,0.42749790680006644,0.36721311475409835,,2024-11-12 11:56:00+00:00,2024-11-12 12:44:00+00:00,0.396,0.37578,25284.429171816057,-511.25115785412163,-5.106060606060615,0.0,Long,Closed
8,btc_vol_breakout_2m,0,0.05,0.1,0.003,0.5,360,0.42749790680006644,0.36721311475409835,,2024-11-12 13:06:00+00:00,2024-11-12 13:36:00+00:00,0.36358,0.35545,26835.932595610586,-218.17613200231608,-2.236096594972241,0.0,Long,Closed
8,btc_vol_breakout_2m,0,0.05,0.1,0.003,0.5,360,0.42749790680006644,0.36721311475409835,,2024-11-12 13:50:00+00:00,2024-11-12 14:53:00+00:00,0.34255,0.38017,28164.998707082003,1059.567251360424,10.982338344767177,0.0,Long,Closed
8,btc_vol_breakout_2m,0,0.05,0.1,0.003,0.5,360,0.42749790680006644,0.36721311475409835,,2024-11-12 15:42:00+00:00,2024-11-12 21:03:00+00:00,0.36957,0.37426,27539.313074089216,129.1593783174776,1.2690424006277485,0.0,Long,Closed
8,btc_vol_breakout_2m,0,0.05,0.1,0.003,0.5,360,0.42749790680006644,0.36721311475409835,,2024-11-12 22:09:00+00:00,2024-11-13 01:21:00+00:00,0.37509,0.38917,27306.202836518944,384.4713359381876,3.753765762883584,0.0,Long,Closed
8,btc_vol_breakout_2m,0,0.05,0.1,0.003,0.5,360,0.42749790680006644,0.36721311475409835,,2024-11-13 01:24:00+00:00,2024-11-13 04:33:00+00:00,0.38825,0.36866,26875.774088651597,-526.4964143966845,-5.045717965228587,0.0,Long,Closed
8,btc_vol_breakout_2m,0,0.05,0.1,0.003,0.5,360,0.42749790680006644,0.36721311475409835,,2024-11-13 04:39:00+00:00,2024-11-13 13:30:00+00:00,0.36264,0.39933,28047.84657710302,1029.0754909139105,10.117471872931839,0.0,Long,Closed
8,btc_vol_breakout_2m,0,0.05,0.1,0.003,0.5,360,0.42749790680006644,0.36721311475409835,,2024-11-13 13:31:00+00:00,2024-11-13 15:03:00+00:00,0.398,0.40964,26848.765899943704,312.5196350753449,2.9246231155778912,0.0,Long,Closed
8,btc_vol_breakout_2m,0,0.05,0.1,0.003,0.5,360,0.42749790680006644,0.36721311475409835,,2024-11-13 15:04:00+00:00,2024-11-13 18:50:00+00:00,0.41295999999999994,0.40246,26254.52500415359,-275.67251254361145,-2.5426191398682567,0.0,Long,Closed
8,btc_vol_breakout_2m,0,0.05,0.1,0.003,0.5,360,0.42749790680006644,0.36721311475409835,,2024-11-13 19:03:00+00:00,2024-11-13 21:17:00+00:00,0.39507,0.37437,27094.520944246487,-560.856583545903,-5.239577796339896,0.0,Long,Closed
8,btc_vol_breakout_2m,0,0.05,0.1,0.003,0.5,360,0.42749790680006644,0.36721311475409835,,2024-11-13 21:22:00+00:00,2024-11-14 14:28:00+00:00,0.37392,0.41383,27877.096966384546,1112.5749399284068,10.673406076166021,0.0,Long,Closed
8,btc_vol_breakout_2m,0,0.05,0.1,0.003,0.5,360,0.42749790680006644,0.36721311475409835,,2024-11-14 14:33:00+00:00,2024-11-14 14:43:00+00:00,0.41352,0.39276,26552.746100877135,-551.2350090542095,-5.020313406848522,0.0,Long,Closed
8,btc_vol_breakout_2m,0,0.05,0.1,0.003,0.5,360,0.42749790680006644,0.36721311475409835,,2024-11-14 14:44:00+00:00,2024-11-14 22:31:00+00:00,0.39479,0.37767,27114.34956079842,-464.1976644808692,-4.336482686998154,0.0,Long,Closed
8,btc_vol_breakout_2m,0,0.05,0.1,0.003,0.5,360,0.42749790680006644,0.36721311475409835,,2024-11-14 22:33:00+00:00,2024-11-14 23:35:00+00:00,0.37541,0.35628,27895.834503255563,-533.6473140472808,-5.095761966916189,0.0,Long,Closed
8,btc_vol_breakout_2m,0,0.05,0.1,0.003,0.5,360,0.42749790680006644,0.36721311475409835,,2024-11-14 23:48:00+00:00,2024-11-15 14:36:00+00:00,0.35902,0.36082,28426.136632620834,51.16704593871691,0.501364826472057,0.0,Long,Closed
8,btc_vol_breakout_2m,0,0.05,0.1,0.003,0.5,360,0.42749790680006644,0.36721311475409835,,2024-11-15 14:39:00+00:00,2024-11-17 01:45:00+00:00,0.36003,0.35756,28417.451592403104,-70.19110543323586,-0.6860539399494505,0.0,Long,Closed
8,btc_vol_breakout_2m,0,0.05,0.1,0.003,0.5,360,0.42749790680006644,0.36721311475409835,,2024-11-17 02:07:00+00:00,2024-11-18 07:02:00+00:00,0.34567,0.38034,29496.454838708225,1022.6420892580154,10.029797205427155,0.0,Long,Closed
8,btc_vol_breakout_2m,0,0.05,0.1,0.003,0.5,360,0.42749790680006644,0.36721311475409835,,2024-11-18 07:03:00+00:00,2024-11-18 13:06:00+00:00,0.38007,0.36036,28172.075114387553,-555.2716005045786,-5.185886810324413,0.0,Long,Closed
8,btc_vol_breakout_2m,0,0.05,0.1,0.003,0.5,360,0.42749790680006644,0.36721311475409835,,2024-11-18 13:08:00+00:00,2024-11-19 13:23:00+00:00,0.3602,0.40059,28955.37142829813,1169.5074519889604,11.213214880621864,0.0,Long,Closed
8,btc_vol_breakout_2m,0,0.05,0.1,0.003,0.5,360,0.42749790680006644,0.36721311475409835,,2024-11-19 13:33:00+00:00,2024-11-19 20:53:00+00:00,0.39599,0.38753,27815.04208305126,-235.31525602261354,-2.1364175863026835,0.0,Long,Closed
8,btc_vol_breakout_2m,0,0.05,0.1,0.003,0.5,360,0.42749790680006644,0.36721311475409835,,2024-11-19 21:14:00+00:00,2024-11-20 16:31:00+00:00,0.38873,0.37558,28031.849578000565,-368.61882195070757,-3.3828106912252727,0.0,Long,Closed
8,btc_vol_breakout_2m,0,0.05,0.1,0.003,0.5,360,0.42749790680006644,0.36721311475409835,,2024-11-20 18:33:00+00:00,2024-11-23 16:17:00+00:00,0.37296,0.4416,28722.950116583026,1971.543296002259,18.404118404118407,0.0,Long,Closed
8,btc_vol_breakout_2m,0,0.05,0.1,0.003,0.5,360,0.42749790680006644,0.36721311475409835,,2024-11-23 16:21:00+00:00,2024-11-23 16:23:00+00:00,0.44286,0.4146,26415.30759942631,-746.4965927597859,-6.3812491532312565,0.0,Long,Closed
8,btc_vol_breakout_2m,0,0.05,0.1,0.003,0.5,360,0.42749790680006644,0.36721311475409835,,2024-11-24 13:10:00+00:00,2024-11-25 14:51:00+00:00,0.41516,0.40614,27278.723449036617,-246.05408551030996,-2.1726563252721816,0.0,Long,Closed
8,btc_vol_breakout_2m,0,0.05,0.1,0.003,0.5,360,0.42749790680006644,0.36721311475409835,,2024-11-25 14:59:00+00:00,2024-11-25 17:40:00+00:00,0.40457,0.39974,27688.676333754076,-133.73630669203158,-1.193860147811251,0.0,Long,Closed
8,btc_vol_breakout_2m,0,0.05,0.1,0.003,0.5,360,0.42749790680006644,0.36721311475409835,,2024-11-25 18:17:00+00:00,2024-11-25 22:35:00+00:00,0.40441,0.38256,27534.283600803323,-601.6240966775513,-5.402932667342537,0.0,Long,Closed
8,btc_vol_breakout_2m,0,0.05,0.1,0.003,0.5,360,0.42749790680006644,0.36721311475409835,,2024-11-25 23:43:00+00:00,2024-11-26 10:13:00+00:00,0.39316,0.38681,27557.044416171775,-174.98723204269118,-1.6151185268084276,0.0,Long,Closed
8,btc_vol_breakout_2m,0,0.05,0.1,0.003,0.5,360,0.42749790680006644,0.36721311475409835,,2024-11-26 11:31:00+00:00,2024-11-26 18:35:00+00:00,0.36677,0.37057,29301.28954560283,111.34490027329048,1.0360716525342832,0.0,Long,Closed
8,btc_vol_breakout_2m,0,0.05,0.1,0.003,0.5,360,0.42749790680006644,0.36721311475409835,,2024-11-26 20:26:00+00:00,2024-11-29 16:37:00+00:00,0.37973,0.42079,28447.861419370067,1168.0691898793339,10.81294604060779,0.0,Long,Closed
8,btc_vol_breakout_2m,0,0.05,0.1,0.003,0.5,360,0.42749790680006644,0.36721311475409835,,2024-12-02 03:56:00+00:00,2024-12-02 08:18:00+00:00,0.44273000000000007,0.41968,25718.928041282637,-592.8212913515654,-5.206333431210901,0.0,Long,Closed
8,btc_vol_breakout_2m,0,0.05,0.1,0.003,0.5,360,0.42749790680006644,0.36721311475409835,,2024-12-02 08:21:00+00:00,2024-12-02 17:58:00+00:00,0.4214,0.40892,26317.34780740693,-328.44050063643954,-2.961556715709549,0.0,Long,Closed
8,btc_vol_breakout_2m,0,0.05,0.1,0.003,0.5,360,0.42749790680006644,0.36721311475409835,,2024-12-02 17:59:00+00:00,2024-12-03 13:55:00+00:00,0.41074,0.3917,26600.550508163466,-506.4744816754319,-4.635535862102542,0.0,Long,Closed
8,btc_vol_breakout_2m,0,0.05,0.1,0.003,0.5,360,0.42749790680006644,0.36721311475409835,,2024-12-03 13:56:00+00:00,2024-12-05 03:15:00+00:00,0.39818,0.43815,26803.638743496274,1071.3414405775457,10.03817369029082,0.0,Long,Closed
8,btc_vol_breakout_2m,0,0.05,0.1,0.003,0.5,360,0.42749790680006644,0.36721311475409835,,2024-12-05 05:39:00+00:00,2024-12-05 20:04:00+00:00,0.44951,0.42838,24934.581199915727,-526.867700754221,-4.7006740673177605,0.0,Long,Closed
8,btc_vol_breakout_2m,0,0.05,0.1,0.003,0.5,360,0.42749790680006644,0.36721311475409835,,2024-12-05 20:05:00+00:00,2024-12-09 07:13:00+00:00,0.43162,0.43986,25357.74464759976,208.94781589622107,1.9090866966312872,0.0,Long,Closed
8,btc_vol_breakout_2m,0,0.05,0.1,0.003,0.5,360,0.42749790680006644,0.36721311475409835,,2024-12-09 08:34:00+00:00,2024-12-09 20:25:00+00:00,0.43654,0.42256,25311.27423087259,-353.8516137475981,-3.202455674165019,0.0,Long,Closed
8,btc_vol_breakout_2m,0,0.05,0.1,0.003,0.5,360,0.42749790680006644,0.36721311475409835,,2024-12-09 20:39:00+00:00,2024-12-09 21:04:00+00:00,0.41765,0.39012,26032.46221925373,-716.6736848960554,-6.591643720818868,0.0,Long,Closed
8,btc_vol_breakout_2m,0,0.05,0.1,0.003,0.5,360,0.42749790680006644,0.36721311475409835,,2024-12-09 21:05:00+00:00,2024-12-09 21:24:00+00:00,0.38376,0.42379,27397.646975774685,1096.7278084402606,10.430998540754636,0.0,Long,Closed
8,btc_vol_breakout_2m,0,0.05,0.1,0.003,0.5,360,0.42749790680006644,0.36721311475409835,,2024-12-09 22:20:00+00:00,2024-12-10 02:56:00+00:00,0.40385,0.39846,27392.55888979429,-147.6458924159906,-1.334653955676607,0.0,Long,Closed
8,btc_vol_breakout_2m,0,0.05,0.1,0.003,0.5,360,0.42749790680006644,0.36721311475409835,,2024-12-10 03:28:00+00:00,2024-12-10 15:39:00+00:00,0.38988,0.38471,28184.728535537673,-145.71504652872864,-1.3260490407304708,0.0,Long,Closed
8,btc_vol_breakout_2m,0,0.05,0.1,0.003,0.5,360,0.42749790680006644,0.36721311475409835,,2024-12-10 15:43:00+00:00,2024-12-10 17:58:00+00:00,0.38298,0.36776,28502.28324761362,-433.8047510286797,-3.974097864118234,0.0,Long,Closed
8,btc_vol_breakout_2m,0,0.05,0.1,0.003,0.5,360,0.42749790680006644,0.36721311475409835,,2024-12-10 19:48:00+00:00,2024-12-11 01:26:00+00:00,0.38351,0.37803,27897.32226710314,-152.8773260237267,-1.428906677791988,0.0,Long,Closed
8,btc_vol_breakout_2m,0,0.05,0.1,0.003,0.5,360,0.42749790680006644,0.36721311475409835,,2024-12-11 01:28:00+00:00,2024-12-11 15:21:00+00:00,0.37756,0.41607,28134.50418382472,1083.4597561190894,10.199703358406605,0.0,Long,Closed
8,btc_vol_breakout_2m,0,0.05,0.1,0.003,0.5,360,0.42749790680006644,0.36721311475409835,,2024-12-11 15:22:00+00:00,2024-12-16 14:57:00+00:00,0.41567,0.39713,26858.30894147859,-497.95304777501406,-4.460268963360367,0.0,Long,Closed
8,btc_vol_breakout_2m,0,0.05,0.1,0.003,0.5,360,0.42749790680006644,0.36721311475409835,,2024-12-16 14:58:00+00:00,2024-12-18 01:52:00+00:00,0.39737,0.39041,27468.648246764722,-191.18179179748404,-1.7515162191408653,0.0,Long,Closed
8,btc_vol_breakout_2m,0,0.05,0.1,0.003,0.5,360,0.42749790680006644,0.36721311475409835,,2024-12-18 01:53:00+00:00,2024-12-18 20:05:00+00:00,0.39042,0.37045,27712.78586629311,-553.4243337498738,-5.115004354285133,0.0,Long,Closed
8,btc_vol_breakout_2m,0,0.05,0.1,0.003,0.5,360,0.42749790680006644,0.36721311475409835,,2024-12-18 20:07:00+00:00,2024-12-19 02:11:00+00:00,0.35938,0.34601,29336.395155665923,-392.22760323125294,-3.7202960654460417,0.0,Long,Closed
8,btc_vol_breakout_2m,0,0.05,0.1,0.003,0.5,360,0.42749790680006644,0.36721311475409835,,2024-12-19 02:12:00+00:00,2024-12-19 15:24:00+00:00,0.34558,0.34443,29940.3897489079,-34.43144821124406,-0.3327738873777415,0.0,Long,Closed
8,btc_vol_breakout_2m,0,0.05,0.1,0.003,0.5,360,0.42749790680006644,0.36721311475409835,,2024-12-19 15:26:00+00:00,2024-12-19 17:49:00+00:00,0.34712,0.33391,29757.963140475826,-393.10269308568604,-3.8056003687485638,0.0,Long,Closed
8,btc_vol_breakout_2m,0,0.05,0.1,0.003,0.5,360,0.42749790680006644,0.36721311475409835,,2024-12-19 17:50:00+00:00,2024-12-19 18:09:00+00:00,0.33569,0.3177,30185.685658730155,-543.0404850005561,-5.35911108463166,0.0,Long,Closed
8,btc_vol_breakout_2m,0,0.05,0.1,0.003,0.5,360,0.42749790680006644,0.36721311475409835,,2024-12-19 18:15:00+00:00,2024-12-19 20:10:00+00:00,0.30798,0.30077,32019.977194229654,-230.86403557039557,-2.341061107864145,0.0,Long,Closed
8,btc_vol_breakout_2m,0,0.05,0.1,0.003,0.5,360,0.42749790680006644,0.36721311475409835,,2024-12-19 20:11:00+00:00,2024-12-20 08:17:00+00:00,0.30442,0.30901,32015.24393434613,146.94996965864812,1.5077852966296499,0.0,Long,Closed
8,btc_vol_breakout_2m,0,0.05,0.1,0.003,0.5,360,0.42749790680006644,0.36721311475409835,,2024-12-20 08:41:00+00:00,2024-12-20 10:11:00+00:00,0.30513,0.28812,32181.547351368186,-547.408120446773,-5.574673090158294,0.0,Long,Closed
8,btc_vol_breakout_2m,0,0.05,0.1,0.003,0.5,360,0.42749790680006644,0.36721311475409835,,2024-12-20 10:14:00+00:00,2024-12-20 11:23:00+00:00,0.28061,0.27566,34018.215612770706,-168.3901672832144,-1.7640141121128907,0.0,Long,Closed
8,btc_vol_breakout_2m,0,0.05,0.1,0.003,0.5,360,0.42749790680006644,0.36721311475409835,,2024-12-20 11:24:00+00:00,2024-12-20 15:16:00+00:00,0.27672,0.30545,34192.166809258386,982.3409524299932,10.382335935241397,0.0,Long,Closed
8,btc_vol_breakout_2m,0,0.05,0.1,0.003,0.5,360,0.42749790680006644,0.36721311475409835,,2024-12-20 15:23:00+00:00,2024-12-21 05:52:00+00:00,0.30669,0.33747,32452.401042332574,998.8849040829955,10.036192898366417,0.0,Long,Closed
8,btc_vol_breakout_2m,0,0.05,0.1,0.003,0.5,360,0.42749790680006644,0.36721311475409835,,2024-12-21 07:43:00+00:00,2024-12-21 13:22:00+00:00,0.34901,0.31977,29948.33766285916,-875.6893932620005,-8.377983438869933,0.0,Long,Closed
8,btc_vol_breakout_2m,0,0.05,0.1,0.003,0.5,360,0.42749790680006644,0.36721311475409835,,2024-12-21 13:23:00+00:00,2024-12-22 14:30:00+00:00,0.31882,0.31137,31410.904683154993,-234.0112398895053,-2.3367417351483657,0.0,Long,Closed
8,btc_vol_breakout_2m,0,0.05,0.1,0.003,0.5,360,0.42749790680006644,0.36721311475409835,,2024-12-22 18:13:00+00:00,2024-12-23 01:17:00+00:00,0.31686,0.30444,31235.93704203346,-387.9503380620554,-3.919712175724293,0.0,Long,Closed
8,btc_vol_breakout_2m,0,0.05,0.1,0.003,0.5,360,0.42749790680006644,0.36721311475409835,,2024-12-23 01:35:00+00:00,2024-12-23 14:48:00+00:00,0.31233,0.30574,31067.921243901303,-204.73760099730862,-2.1099478116095054,0.0,Long,Closed
8,btc_vol_breakout_2m,0,0.05,0.1,0.003,0.5,360,0.42749790680006644,0.36721311475409835,,2024-12-23 14:51:00+00:00,2024-12-24 15:36:00+00:00,0.30527,0.33766,31451.0926118159,1018.7008896967181,10.610279424771527,0.0,Long,Closed
8,btc_vol_breakout_2m,0,0.05,0.1,0.003,0.5,360,0.42749790680006644,0.36721311475409835,,2024-12-24 18:23:00+00:00,2024-12-26 08:01:00+00:00,0.33518,0.32301,30164.16697433439,-367.0979120776483,-3.6308848976669132,0.0,Long,Closed
8,btc_vol_breakout_2m,0,0.05,0.1,0.003,0.5,360,0.42749790680006644,0.36721311475409835,,2024-12-26 08:02:00+00:00,2025-01-03 14:39:00+00:00,0.32256,0.36377,30775.286862656794,1268.2495716100857,12.77591765873015,0.0,Long,Closed
8,btc_vol_breakout_2m,0,0.05,0.1,0.003,0.5,360,0.42749790680006644,0.36721311475409835,,2025-01-03 14:40:00+00:00,2025-01-07 15:07:00+00:00,0.36273,0.37215,29115.32356359722,274.2663479690855,2.5969729550905605,0.0,Long,Closed
8,btc_vol_breakout_2m,0,0.05,0.1,0.003,0.5,360,0.42749790680006644,0.36721311475409835,,2025-01-07 15:08:00+00:00,2025-01-07 20:53:00+00:00,0.3739,0.35214,28612.288018743413,-622.6033872878561,-5.81973789783364,0.0,Long,Closed
8,btc_vol_breakout_2m,0,0.05,0.1,0.003,0.5,360,0.42749790680006644,0.36721311475409835,,2025-01-08 06:38:00+00:00,2025-01-08 17:08:00+00:00,0.34701,0.33457,29932.37312055628,-372.3587216197211,-3.584911097662901,0.0,Long,Closed
8,btc_vol_breakout_2m,0,0.05,0.1,0.003,0.5,360,0.42749790680006644,0.36721311475409835,,2025-01-08 17:11:00+00:00,2025-01-09 13:38:00+00:00,0.33438,0.32322,30506.170930541226,-340.4488675848406,-3.3375201866140376,0.0,Long,Closed
8,btc_vol_breakout_2m,0,0.05,0.1,0.003,0.5,360,0.42749790680006644,0.36721311475409835,,2025-01-09 13:39:00+00:00,2025-01-09 17:52:00+00:00,0.3237,0.31837,30986.805690336594,-165.159674329494,-1.6465863453815257,0.0,Long,Closed
8,btc_vol_breakout_2m,0,0.05,0.1,0.003,0.5,360,0.42749790680006644,0.36721311475409835,,2025-01-09 17:53:00+00:00,2025-01-13 06:47:00+00:00,0.31879,0.32616,31205.022631817832,229.981016796497,2.311866746133814,0.0,Long,Closed
8,btc_vol_breakout_2m,0,0.05,0.1,0.003,0.5,360,0.42749790680006644,0.36721311475409835,,2025-01-13 06:48:00+00:00,2025-01-13 14:35:00+00:00,0.32679,0.31024,30792.98532144636,-509.62390706993756,-5.064414455766704,0.0,Long,Closed
8,btc_vol_breakout_2m,0,0.05,0.1,0.003,0.5,360,0.42749790680006644,0.36721311475409835,,2025-01-13 14:36:00+00:00,2025-01-14 08:13:00+00:00,0.31348,0.34502,31287.5708806319,986.8099855751316,10.061247926502503,0.0,Long,Closed
8,btc_vol_breakout_2m,0,0.05,0.1,0.003,0.5,360,0.42749790680006644,0.36721311475409835,,2025-01-14 08:17:00+00:00,2025-01-16 00:01:00+00:00,0.34564,0.3874,29803.93679101971,1244.6124003929835,12.081934961231342,0.0,Long,Closed
8,btc_vol_breakout_2m,0,0.05,0.1,0.003,0.5,360,0.42749790680006644,0.36721311475409835,,2025-01-16 00:36:00+00:00,2025-01-17 14:36:00+00:00,0.37532,0.41296,29105.134052660516,1095.5172457421413,10.028775444953634,0.0,Long,Closed
8,btc_vol_breakout_2m,0,0.05,0.1,0.003,0.5,360,0.42749790680006644,0.36721311475409835,,2025-01-17 14:37:00+00:00,2025-01-18 05:57:00+00:00,0.41241,0.38676,27815.759888255903,-713.4742411337629,-6.219538808467293,0.0,Long,Closed
8,btc_vol_breakout_2m,0,0.05,0.1,0.003,0.5,360,0.42749790680006644,0.36721311475409835,,2025-01-18 05:58:00+00:00,2025-01-19 08:47:00+00:00,0.38889,0.3771,28580.730836351497,-336.96681656058536,-3.0317056236982287,0.0,Long,Closed
8,btc_vol_breakout_2m,0,0.05,0.1,0.003,0.5,360,0.42749790680006644,0.36721311475409835,,2025-01-19 09:15:00+00:00,2025-01-19 21:47:00+00:00,0.36692,0.37399,29832.870943716454,210.91839757207345,1.9268505396271494,0.0,Long,Closed
8,btc_vol_breakout_2m,0,0.05,0.1,0.003,0.5,360,0.42749790680006644,0.36721311475409835,,2025-01-19 21:49:00+00:00,2025-01-19 22:48:00+00:00,0.37464,0.35297,29499.61617941085,-639.256682607831,-5.784219517403355,0.0,Long,Closed
8,btc_vol_breakout_2m,0,0.05,0.1,0.003,0.5,360,0.42749790680006644,0.36721311475409835,,2025-01-19 22:49:00+00:00,2025-01-20 00:38:00+00:00,0.35847,0.34856,29938.649996235563,-296.69202146269527,-2.7645270176025964,0.0,Long,Closed
8,btc_vol_breakout_2m,0,0.05,0.1,0.003,0.5,360,0.42749790680006644,0.36721311475409835,,2025-01-20 00:41:00+00:00,2025-01-20 07:05:00+00:00,0.34968,0.38495,30266.992259835322,1067.5168170043926,10.08636467627546,0.0,Long,Closed
8,btc_vol_breakout_2m,0,0.05,0.1,0.003,0.5,360,0.42749790680006644,0.36721311475409835,,2025-01-20 07:11:00+00:00,2025-01-20 16:12:00+00:00,0.38297,0.36301,29029.74191691624,-579.4336486616467,-5.211896493197888,0.0,Long,Closed
8,btc_vol_breakout_2m,0,0.05,0.1,0.003,0.5,360,0.42749790680006644,0.36721311475409835,,2025-01-20 16:13:00+00:00,2025-01-20 17:39:00+00:00,0.36097,0.35449,29996.408115883834,-194.37672459092755,-1.7951630329390282,0.0,Long,Closed
8,btc_vol_breakout_2m,0,0.05,0.1,0.003,0.5,360,0.42749790680006644,0.36721311475409835,,2025-01-20 17:40:00+00:00,2025-01-21 00:57:00+00:00,0.35529,0.34482,30202.412325973502,-316.21925705294234,-2.946888457316556,0.0,Long,Closed
8,btc_vol_breakout_2m,0,0.05,0.1,0.003,0.5,360,0.42749790680006644,0.36721311475409835,,2025-01-21 01:00:00+00:00,2025-01-21 12:15:00+00:00,0.34539,0.38595,30610.34033054997,1241.5554038071077,11.743246764527067,0.0,Long,Closed
8,btc_vol_breakout_2m,0,0.05,0.1,0.003,0.5,360,0.42749790680006644,0.36721311475409835,,2025-01-21 12:16:00+00:00,2025-01-22 08:47:00+00:00,0.38207,0.36315,29296.41989340227,-554.2882643831726,-4.951972151699965,0.0,Long,Closed
8,btc_vol_breakout_2m,0,0.05,0.1,0.003,0.5,360,0.42749790680006644,0.36721311475409835,,2025-01-22 13:55:00+00:00,2025-01-23 10:41:00+00:00,0.36042,0.34687,30287.273227014648,-410.3925522260488,-3.7595028022862245,0.0,Long,Closed
8,btc_vol_breakout_2m,0,0.05,0.1,0.003,0.5,360,0.42749790680006644,0.36721311475409835,,2025-01-23 10:42:00+00:00,2025-01-26 23:01:00+00:00,0.34736,0.34224,30835.279653292244,-157.87663182485812,-1.4739751266697545,0.0,Long,Closed
8,btc_vol_breakout_2m,0,0.05,0.1,0.003,0.5,360,0.42749790680006644,0.36721311475409835,,2025-01-26 23:02:00+00:00,2025-01-27 05:51:00+00:00,0.34254,0.31902,31038.723724105694,-730.0307819909649,-6.866351375021885,0.0,Long,Closed
8,btc_vol_breakout_2m,0,0.05,0.1,0.003,0.5,360,0.42749790680006644,0.36721311475409835,,2025-01-27 06:01:00+00:00,2025-01-28 20:50:00+00:00,0.32165,0.32033,31919.754495444373,-42.134075933985514,-0.41038395771800623,0.0,Long,Closed
8,btc_vol_breakout_2m,0,0.05,0.1,0.003,0.5,360,0.42749790680006644,0.36721311475409835,,2025-01-28 20:52:00+00:00,2025-02-01 22:19:00+00:00,0.32066,0.31011,31952.603990184896,-337.0999720964501,-3.2900891910434673,0.0,Long,Closed
8,btc_vol_breakout_2m,0,0.05,0.1,0.003,0.5,360,0.42749790680006644,0.36721311475409835,,2025-02-01 22:20:00+00:00,2025-02-02 15:39:00+00:00,0.30996,0.2943,32511.84672036541,-509.1355196409222,-5.052264808362368,0.0,Long,Closed
8,btc_vol_breakout_2m,0,0.05,0.1,0.003,0.5,360,0.42749790680006644,0.36721311475409835,,2025-02-02 17:24:00+00:00,2025-02-02 22:39:00+00:00,0.27693,0.25983,35470.350809316435,-606.5429988393116,-6.174845628859284,0.0,Long,Closed
8,btc_vol_breakout_2m,0,0.05,0.1,0.003,0.5,360,0.42749790680006644,0.36721311475409835,,2025-02-02 22:41:00+00:00,2025-02-03 00:35:00+00:00,0.25393,0.25129,37488.80695547728,-98.97045036245981,-1.0396565982751131,0.0,Long,Closed
8,btc_vol_breakout_2m,0,0.05,0.1,0.003,0.5,360,0.42749790680006644,0.36721311475409835,,2025-02-03 00:36:00+00:00,2025-02-03 01:45:00+00:00,0.25328,0.24305,37389.638048891014,-382.4959972401557,-4.039008212255219,0.0,Long,Closed
8,btc_vol_breakout_2m,0,0.05,0.1,0.003,0.5,360,0.42749790680006644,0.36721311475409835,,2025-02-03 01:46:00+00:00,2025-02-03 01:54:00+00:00,0.24194,0.22831,38351.6554782303,-522.7330641682784,-5.633628172274111,0.0,Long,Closed
8,btc_vol_breakout_2m,0,0.05,0.1,0.003,0.5,360,0.42749790680006644,0.36721311475409835,,2025-02-03 01:56:00+00:00,2025-02-03 02:05:00+00:00,0.22798,0.21806,39553.614327216856,-392.3718541259914,-4.3512588823581035,0.0,Long,Closed
8,btc_vol_breakout_2m,0,0.05,0.1,0.003,0.5,360,0.42749790680006644,0.36721311475409835,,2025-02-03 02:08:00+00:00,2025-02-03 02:38:00+00:00,0.21162,0.23343,41684.373250429555,909.1361805918677,10.306209242982694,0.0,Long,Closed
8,btc_vol_breakout_2m,0,0.05,0.1,0.003,0.5,360,0.42749790680006644,0.36721311475409835,,2025-02-03 03:10:00+00:00,2025-02-03 04:25:00+00:00,0.23638,0.22809,39241.11666618088,-325.30885716263947,-3.5070648955072334,0.0,Long,Closed
8,btc_vol_breakout_2m,0,0.05,0.1,0.003,0.5,360,0.42749790680006644,0.36721311475409835,,2025-02-03 04:28:00+00:00,2025-02-03 07:41:00+00:00,0.22708999999999996,0.25402,40130.17186565026,1080.7055283419631,11.858734422475688,0.0,Long,Closed
8,btc_vol_breakout_2m,0,0.05,0.1,0.003,0.5,360,0.42749790680006644,0.36721311475409835,,2025-02-03 07:48:00+00:00,2025-02-03 14:08:00+00:00,0.25458,0.24342,37919.371094121685,-423.1801814103965,-4.383690784822044,0.0,Long,Closed
8,btc_vol_breakout_2m,0,0.05,0.1,0.003,0.5,360,0.42749790680006644,0.36721311475409835,,2025-02-03 14:15:00+00:00,2025-02-03 15:45:00+00:00,0.24572,0.27114,38425.53883459344,976.7771971753664,10.345108253296448,0.0,Long,Closed
8,btc_vol_breakout_2m,0,0.05,0.1,0.003,0.5,360,0.42749790680006644,0.36721311475409835,,2025-02-03 16:05:00+00:00,2025-02-04 05:04:00+00:00,0.26807,0.27388,37043.72738845818,215.22405612694274,2.1673443503562577,0.0,Long,Closed
8,btc_vol_breakout_2m,0,0.05,0.1,0.003,0.5,360,0.42749790680006644,0.36721311475409835,,2025-02-04 05:06:00+00:00,2025-02-04 05:34:00+00:00,0.27382,0.2592,36658.84168098552,-535.9522653760087,-5.339273975604415,0.0,Long,Closed
8,btc_vol_breakout_2m,0,0.05,0.1,0.003,0.5,360,0.42749790680006644,0.36721311475409835,,2025-02-04 05:46:00+00:00,2025-02-04 20:24:00+00:00,0.26019,0.26148,37549.282817938634,48.43857483514148,0.4957915369537712,0.0,Long,Closed
8,btc_vol_breakout_2m,0,0.05,0.1,0.003,0.5,360,0.42749790680006644,0.36721311475409835,,2025-02-04 21:02:00+00:00,2025-02-05 18:13:00+00:00,0.25957,0.25544,37732.27716537744,-155.83430469300947,-1.5910929614362281,0.0,Long,Closed
8,btc_vol_breakout_2m,0,0.05,0.1,0.003,0.5,360,0.42749790680006644,0.36721311475409835,,2025-02-05 18:14:00+00:00,2025-02-06 15:31:00+00:00,0.25568,0.25037,38001.60369004426,-201.7885155941367,-2.0768147684605927,0.0,Long,Closed
8,btc_vol_breakout_2m,0,0.05,0.1,0.003,0.5,360,0.42749790680006644,0.36721311475409835,,2025-02-06 19:16:00+00:00,2025-02-07 20:05:00+00:00,0.24820999999999996,0.24791,38738.79285151062,-11.621637855452718,-0.12086539623705249,0.0,Long,Closed
8,btc_vol_breakout_2m,0,0.05,0.1,0.003,0.5,360,0.42749790680006644,0.36721311475409835,,2025-02-09 21:43:00+00:00,2025-02-14 13:34:00+00:00,0.24328,0.26946,39499.938156633194,1034.1083809406573,10.761262742518912,0.0,Long,Closed
8,btc_vol_breakout_2m,0,0.05,0.1,0.003,0.5,360,0.42749790680006644,0.36721311475409835,,2025-02-14 14:38:00+00:00,2025-02-14 21:10:00+00:00,0.27208,0.27196,37219.19709356091,-4.4663036512265535,-0.044104675095552666,0.0,Long,Closed
8,btc_vol_breakout_2m,0,0.05,0.1,0.003,0.5,360,0.42749790680006644,0.36721311475409835,,2025-02-16 23:05:00+00:00,2025-02-18 14:35:00+00:00,0.26604,0.25272,38055.803613706354,-506.9033041345683,-5.006765899864679,0.0,Long,Closed
8,btc_vol_breakout_2m,0,0.05,0.1,0.003,0.5,360,0.42749790680006644,0.36721311475409835,,2025-02-18 14:41:00+00:00,2025-02-21 17:39:00+00:00,0.25126,0.24664,39285.65765073292,-181.49973834638695,-1.8387327867547647,0.0,Long,Closed
8,btc_vol_breakout_2m,0,0.05,0.1,0.003,0.5,360,0.42749790680006644,0.36721311475409835,,2025-02-21 19:17:00+00:00,2025-02-24 14:42:00+00:00,0.24353999999999998,0.22694,40158.349643384914,-666.6286040801897,-6.816128767348281,0.0,Long,Closed
8,btc_vol_breakout_2m,0,0.05,0.1,0.003,0.5,360,0.42749790680006644,0.36721311475409835,,2025-02-24 14:57:00+00:00,2025-02-24 22:01:00+00:00,0.22448000000000004,0.21536,42083.259845464476,-383.7993297906378,-4.0627227369921775,0.0,Long,Closed
8,btc_vol_breakout_2m,0,0.05,0.1,0.003,0.5,360,0.42749790680006644,0.36721311475409835,,2025-02-24 22:03:00+00:00,2025-02-25 07:24:00+00:00,0.21325000000000002,0.20233,43399.5334359416,-473.922905120482,-5.1207502930832325,0.0,Long,Closed
8,btc_vol_breakout_2m,0,0.05,0.1,0.003,0.5,360,0.42749790680006644,0.36721311475409835,,2025-02-25 07:26:00+00:00,2025-02-25 10:22:00+00:00,0.1988,0.19607,45362.117971098116,-123.83858206109835,-1.3732394366197238,0.0,Long,Closed
8,btc_vol_breakout_2m,0,0.05,0.1,0.003,0.5,360,0.42749790680006644,0.36721311475409835,,2025-02-25 10:26:00+00:00,2025-02-26 14:02:00+00:00,0.19787,0.20341,45262.393296728944,250.75365886387954,2.799818062364192,0.0,Long,Closed
8,btc_vol_breakout_2m,0,0.05,0.1,0.003,0.5,360,0.42749790680006644,0.36721311475409835,,2025-02-26 14:21:00+00:00,2025-02-26 17:52:00+00:00,0.20273,0.20208,44795.77068542246,-29.117250945524574,-0.3206234893700979,0.0,Long,Closed
8,btc_vol_breakout_2m,0,0.05,0.1,0.003,0.5,360,0.42749790680006644,0.36721311475409835,,2025-02-26 17:58:00+00:00,2025-02-28 01:30:00+00:00,0.20135,0.20046,45030.48406050625,-40.07713081385009,-0.4420163893717356,0.0,Long,Closed
8,btc_vol_breakout_2m,0,0.05,0.1,0.003,0.5,360,0.42749790680006644,0.36721311475409835,,2025-02-28 01:31:00+00:00,2025-02-28 03:49:00+00:00,0.20010999999999998,0.18994,45209.381840867565,-459.779413321623,-5.082204787366947,0.0,Long,Closed
8,btc_vol_breakout_2m,0,0.05,0.1,0.003,0.5,360,0.42749790680006644,0.36721311475409835,,2025-02-28 04:05:00+00:00,2025-03-01 04:11:00+00:00,0.1882,0.20751,46848.88253727522,904.6519217947844,10.260361317747076,0.0,Long,Closed
8,btc_vol_breakout_2m,0,0.05,0.1,0.003,0.5,360,0.42749790680006644,0.36721311475409835,,2025-03-01 04:14:00+00:00,2025-03-02 16:35:00+00:00,0.20797,0.23026,44570.30174742795,993.4720259501682,10.717892003654367,0.0,Long,Closed
8,btc_vol_breakout_2m,0,0.05,0.1,0.003,0.5,360,0.42749790680006644,0.36721311475409835,,2025-03-02 16:38:00+00:00,2025-03-03 02:35:00+00:00,0.23095,0.22867,42286.302954698745,-96.41277073671154,-0.9872266724399057,0.0,Long,Closed
8,btc_vol_breakout_2m,0,0.05,0.1,0.003,0.5,360,0.42749790680006644,0.36721311475409835,,2025-03-03 02:37:00+00:00,2025-03-03 08:51:00+00:00,0.2286,0.2175,42510.12809282292,-471.8624218303339,-4.855643044619418,0.0,Long,Closed
8,btc_vol_breakout_2m,0,0.05,0.1,0.003,0.5,360,0.42749790680006644,0.36721311475409835,,2025-03-03 09:12:00+00:00,2025-03-03 14:59:00+00:00,0.21858,0.21286,43379.46779716421,-248.13055579977845,-2.6168908408820486,0.0,Long,Closed
8,btc_vol_breakout_2m,0,0.05,0.1,0.003,0.5,360,0.42749790680006644,0.36721311475409835,,2025-03-03 15:00:00+00:00,2025-03-03 18:38:00+00:00,0.21381,0.20742,43766.98373885349,-279.67102609127323,-2.9886347691875907,0.0,Long,Closed
8,btc_vol_breakout_2m,0,0.05,0.1,0.003,0.5,360,0.42749790680006644,0.36721311475409835,,2025-03-03 18:40:00+00:00,2025-03-03 20:39:00+00:00,0.20717,0.19634,44494.77858839903,-481.87845211236163,-5.227590867403583,0.0,Long,Closed
8,btc_vol_breakout_2m,0,0.05,0.1,0.003,0.5,360,0.42749790680006644,0.36721311475409835,,2025-03-03 21:47:00+00:00,2025-03-04 01:41:00+00:00,0.19645,0.19069,45696.330130325514,-263.21086155067496,-2.9320437770425043,0.0,Long,Closed
8,btc_vol_breakout_2m,0,0.05,0.1,0.003,0.5,360,0.42749790680006644,0.36721311475409835,,2025-03-04 01:42:00+00:00,2025-03-04 15:21:00+00:00,0.19067,0.18842,46391.349574275504,-104.38053654211944,-1.1800492998374106,0.0,Long,Closed
8,btc_vol_breakout_2m,0,0.05,0.1,0.003,0.5,360,0.42749790680006644,0.36721311475409835,,2025-03-04 15:41:00+00:00,2025-03-04 16:35:00+00:00,0.19282,0.18361,45603.40397809382,-420.00735063824504,-4.776475469349664,0.0,Long,Closed
8,btc_vol_breakout_2m,0,0.05,0.1,0.003,0.5,360,0.42749790680006644,0.36721311475409835,,2025-03-04 16:49:00+00:00,2025-03-06 06:06:00+00:00,0.18906,0.21581,45399.580449259105,1214.4387770176818,14.148947424098177,0.0,Long,Closed
8,btc_vol_breakout_2m,0,0.05,0.1,0.003,0.5,360,0.42749790680006644,0.36721311475409835,,2025-03-06 12:39:00+00:00,2025-03-07 00:20:00+00:00,0.20809999999999998,0.19643,44163.690861344396,-515.3902723518895,-5.607880826525713,0.0,Long,Closed
8,btc_vol_breakout_2m,0,0.05,0.1,0.003,0.5,360,0.42749790680006644,0.36721311475409835,,2025-03-07 00:21:00+00:00,2025-03-07 23:13:00+00:00,0.19613,0.19655,45545.14318089952,19.12896013597856,0.21414368021211275,0.0,Long,Closed
8,btc_vol_breakout_2m,0,0.05,0.1,0.003,0.5,360,0.42749790680006644,0.36721311475409835,,2025-03-08 01:33:00+00:00,2025-03-09 10:50:00+00:00,0.19555,0.18392,45729.14043537618,-531.8299032634241,-5.9473280490922935,0.0,Long,Closed
8,btc_vol_breakout_2m,0,0.05,0.1,0.003,0.5,360,0.42749790680006644,0.36721311475409835,,2025-03-09 12:07:00+00:00,2025-03-09 16:32:00+00:00,0.18434,0.17347,47067.47564557936,-511.6234602674476,-5.896712596289464,0.0,Long,Closed
8,btc_vol_breakout_2m,0,0.05,0.1,0.003,0.5,360,0.42749790680006644,0.36721311475409835,,2025-03-09 16:39:00+00:00,2025-03-10 14:01:00+00:00,0.17246,0.17041,48826.43355196785,-100.09418878153338,-1.1886814333758469,0.0,Long,Closed
8,btc_vol_breakout_2m,0,0.05,0.1,0.003,0.5,360,0.42749790680006644,0.36721311475409835,,2025-03-10 14:04:00+00:00,2025-03-10 17:03:00+00:00,0.16951,0.16105,49380.91933208429,-417.76257754943344,-4.990855996696364,0.0,Long,Closed
8,btc_vol_breakout_2m,0,0.05,0.1,0.003,0.5,360,0.42749790680006644,0.36721311475409835,,2025-03-10 17:11:00+00:00,2025-03-10 18:58:00+00:00,0.15951,0.15307,51167.18918692803,-329.51669836381643,-4.037364428562471,0.0,Long,Closed
8,btc_vol_breakout_2m,0,0.05,0.1,0.003,0.5,360,0.42749790680006644,0.36721311475409835,,2025-03-10 19:16:00+00:00,2025-03-11 00:29:00+00:00,0.15605,0.15046,51245.88271723796,-286.4644843893593,-3.582185197052216,0.0,Long,Closed
8,btc_vol_breakout_2m,0,0.05,0.1,0.003,0.5,360,0.42749790680006644,0.36721311475409835,,2025-03-11 00:30:00+00:00,2025-03-11 00:51:00+00:00,0.15128,0.14311,51914.911130554625,-424.14482393663184,-5.400581702802757,0.0,Long,Closed
8,btc_vol_breakout_2m,0,0.05,0.1,0.003,0.5,360,0.42749790680006644,0.36721311475409835,,2025-03-11 01:00:00+00:00,2025-03-11 13:27:00+00:00,0.14703,0.16241,51973.17107979316,799.3473712072191,10.460450248248662,0.0,Long,Closed
8,btc_vol_breakout_2m,0,0.05,0.1,0.003,0.5,360,0.42749790680006644,0.36721311475409835,,2025-03-11 13:28:00+00:00,2025-03-11 14:41:00+00:00,0.16113,0.15308,49905.598147245066,-401.7400650853224,-4.995965990194248,0.0,Long,Closed
8,btc_vol_breakout_2m,0,0.05,0.1,0.003,0.5,360,0.42749790680006644,0.36721311475409835,,2025-03-11 15:08:00+00:00,2025-03-12 15:02:00+00:00,0.1578,0.16375,49685.79845958768,295.6305008345471,3.770595690747787,0.0,Long,Closed
8,btc_vol_breakout_2m,0,0.05,0.1,0.003,0.5,360,0.42749790680006644,0.36721311475409835,,2025-03-12 15:08:00+00:00,2025-03-13 18:03:00+00:00,0.16248,0.16388,49164.41560401409,68.83018184561934,0.8616445100935451,0.0,Long,Closed
8,btc_vol_breakout_2m,0,0.05,0.1,0.003,0.5,360,0.42749790680006644,0.36721311475409835,,2025-03-13 18:05:00+00:00,2025-03-18 13:35:00+00:00,0.164,0.16526,48918.59352599402,61.637427842751094,0.7682926829268121,0.0,Long,Closed
8,btc_vol_breakout_2m,0,0.05,0.1,0.003,0.5,360,0.42749790680006644,0.36721311475409835,,2025-03-18 13:38:00+00:00,2025-03-20 15:56:00+00:00,0.16508,0.16986,48785.24383440996,233.19346552847946,2.895565786285436,0.0,Long,Closed
8,btc_vol_breakout_2m,0,0.05,0.1,0.003,0.5,360,0.42749790680006644,0.36721311475409835,,2025-03-20 16:34:00+00:00,2025-03-25 13:40:00+00:00,0.16798,0.18765,48637.12813994902,956.6923105127971,11.709727348493868,0.0,Long,Closed
8,btc_vol_breakout_2m,0,0.05,0.1,0.003,0.5,360,0.42749790680006644,0.36721311475409835,,2025-03-25 13:43:00+00:00,2025-03-27 13:37:00+00:00,0.18699,0.18963,46250.6601433501,122.10174277844453,1.4118402053585786,0.0,Long,Closed
8,btc_vol_breakout_2m,0,0.05,0.1,0.003,0.5,360,0.42749790680006644,0.36721311475409835,,2025-03-27 14:00:00+00:00,2025-03-28 04:40:00+00:00,0.19184,0.18457,45399.61327978658,-330.05518854404727,-3.7896163469557833,0.0,Long,Closed
8,btc_vol_breakout_2m,0,0.05,0.1,0.003,0.5,360,0.42749790680006644,0.36721311475409835,,2025-03-28 12:39:00+00:00,2025-03-29 11:20:00+00:00,0.18055,0.17065,47324.476418289865,-468.5123165410687,-5.483245638327323,0.0,Long,Closed
8,btc_vol_breakout_2m,0,0.05,0.1,0.003,0.5,360,0.42749790680006644,0.36721311475409835,,2025-03-29 11:22:00+00:00,2025-03-31 13:45:00+00:00,0.17051,0.16106,48737.188781019875,-460.56643398063807,-5.542196938595979,0.0,Long,Closed
8,btc_vol_breakout_2m,0,0.05,0.1,0.003,0.5,360,0.42749790680006644,0.36721311475409835,,2025-03-31 13:52:00+00:00,2025-04-02 20:16:00+00:00,0.16235,0.17904,49768.369830990945,830.6340924792385,10.28025870033877,0.0,Long,Closed
8,btc_vol_breakout_2m,0,0.05,0.1,0.003,0.5,360,0.42749790680006644,0.36721311475409835,,2025-04-02 20:17:00+00:00,2025-04-02 21:09:00+00:00,0.1783,0.16992,47645.607898491304,-399.2701941893574,-4.699943914750424,0.0,Long,Closed
8,btc_vol_breakout_2m,0,0.05,0.1,0.003,0.5,360,0.42749790680006644,0.36721311475409835,,2025-04-02 21:18:00+00:00,2025-04-03 12:44:00+00:00,0.16868,0.15815,49179.37391040029,-517.8588072765142,-6.2425895186151195,0.0,Long,Closed
8,btc_vol_breakout_2m,0,0.05,0.1,0.003,0.5,360,0.42749790680006644,0.36721311475409835,,2025-04-03 12:48:00+00:00,2025-04-04 17:49:00+00:00,0.15616,0.1719,51464.18665194713,810.0462979016474,10.079405737704915,0.0,Long,Closed
8,btc_vol_breakout_2m,0,0.05,0.1,0.003,0.5,360,0.42749790680006644,0.36721311475409835,,2025-04-04 17:51:00+00:00,2025-04-06 17:33:00+00:00,0.17179,0.15857,49139.47573501884,-649.62386921695,-7.695442109552371,0.0,Long,Closed
8,btc_vol_breakout_2m,0,0.05,0.1,0.003,0.5,360,0.42749790680006644,0.36721311475409835,,2025-04-06 17:45:00+00:00,2025-04-06 20:36:00+00:00,0.15718,0.14908,51640.53061401204,-418.2882979734977,-5.153327395342922,0.0,Long,Closed
8,btc_vol_breakout_2m,0,0.05,0.1,0.003,0.5,360,0.42749790680006644,0.36721311475409835,,2025-04-06 20:37:00+00:00,2025-04-07 03:35:00+00:00,0.15041,0.14384,52574.39301192516,-345.41376208834845,-4.368060634266341,0.0,Long,Closed
8,btc_vol_breakout_2m,0,0.05,0.1,0.003,0.5,360,0.42749790680006644,0.36721311475409835,,2025-04-07 03:38:00+00:00,2025-04-07 06:29:00+00:00,0.14247,0.1357,54292.18482402954,-367.5580912586811,-4.75187758826421,0.0,Long,Closed
8,btc_vol_breakout_2m,0,0.05,0.1,0.003,0.5,360,0.42749790680006644,0.36721311475409835,,2025-04-07 06:46:00+00:00,2025-04-07 13:51:00+00:00,0.13169,0.1461,57340.94104525893,826.282960462182,10.942364644240273,0.0,Long,Closed
8,btc_vol_breakout_2m,0,0.05,0.1,0.003,0.5,360,0.42749790680006644,0.36721311475409835,,2025-04-07 13:52:00+00:00,2025-04-07 16:21:00+00:00,0.14475,0.14446,55021.554448920484,-15.95625079018555,-0.20034542314333317,0.0,Long,Closed
8,btc_vol_breakout_2m,0,0.05,0.1,0.003,0.5,360,0.42749790680006644,0.36721311475409835,,2025-04-07 16:32:00+00:00,2025-04-08 16:38:00+00:00,0.1468,0.14763,54198.85477579119,44.98504946390676,0.5653950953678483,0.0,Long,Closed
8,btc_vol_breakout_2m,0,0.05,0.1,0.003,0.5,360,0.42749790680006644,0.36721311475409835,,2025-04-08 16:41:00+00:00,2025-04-09 01:10:00+00:00,0.14736,0.1396,54145.52392656149,-420.16926567011615,-5.266015200868609,0.0,Long,Closed
8,btc_vol_breakout_2m,0,0.05,0.1,0.003,0.5,360,0.42749790680006644,0.36721311475409835,,2025-04-09 01:12:00+00:00,2025-04-09 17:24:00+00:00,0.13924,0.154,55794.310348915846,823.5240207499974,10.60040218328066,0.0,Long,Closed
8,btc_vol_breakout_2m,0,0.05,0.1,0.003,0.5,360,0.42749790680006644,0.36721311475409835,,2025-04-09 17:26:00+00:00,2025-04-10 03:15:00+00:00,0.15496,0.1547,52791.44155496929,-13.725774804291177,-0.16778523489931862,0.0,Long,Closed
8,btc_vol_breakout_2m,0,0.05,0.1,0.003,0.5,360,0.42749790680006644,0.36721311475409835,,2025-04-10 03:17:00+00:00,2025-04-10 15:37:00+00:00,0.15468,0.15005,52842.63573801328,-244.66140346700195,-2.9932764416860667,0.0,Long,Closed
8,btc_vol_breakout_2m,0,0.05,0.1,0.003,0.5,360,0.42749790680006644,0.36721311475409835,,2025-04-10 15:40:00+00:00,2025-04-12 13:56:00+00:00,0.15031,0.16584,53565.08678213289,831.8657977265229,10.331980573481463,0.0,Long,Closed
8,btc_vol_breakout_2m,0,0.05,0.1,0.003,0.5,360,0.42749790680006644,0.36721311475409835,,2025-04-12 14:26:00+00:00,2025-04-14 15:49:00+00:00,0.16623,0.15996,50937.26218543978,-319.3766339027079,-3.771882331709084,0.0,Long,Closed
8,btc_vol_breakout_2m,0,0.05,0.1,0.003,0.5,360,0.42749790680006644,0.36721311475409835,,2025-04-14 16:18:00+00:00,2025-04-16 08:27:00+00:00,0.16032,0.15304,51818.94196690558,-377.24189751907124,-4.540918163672639,0.0,Long,Closed
8,btc_vol_breakout_2m,0,0.05,0.1,0.003,0.5,360,0.42749790680006644,0.36721311475409835,,2025-04-16 08:28:00+00:00,2025-04-22 14:38:00+00:00,0.15324,0.17008,52982.19673306426,892.2201929848034,10.989297833463864,0.0,Long,Closed
8,btc_vol_breakout_2m,0,0.05,0.1,0.003,0.5,360,0.42749790680006644,0.36721311475409835,,2025-04-22 14:40:00+00:00,2025-04-24 08:48:00+00:00,0.17065,0.17014,50191.04555445162,-25.597433232769617,-0.2988573102841992,0.0,Long,Closed
8,btc_vol_breakout_2m,0,0.05,0.1,0.003,0.5,360,0.42749790680006644,0.36721311475409835,,2025-04-24 14:02:00+00:00,2025-04-29 22:09:00+00:00,0.17531,0.17456,48783.886870405484,-36.58791515280427,-0.4278135873595364,0.0,Long,Closed
8,btc_vol_breakout_2m,0,0.05,0.1,0.003,0.5,360,0.42749790680006644,0.36721311475409835,,2025-04-30 13:41:00+00:00,2025-05-04 22:03:00+00:00,0.1689,0.17122,50526.99378137586,117.22262557279282,1.373593842510371,0.0,Long,Closed
8,btc_vol_breakout_2m,0,0.05,0.1,0.003,0.5,360,0.42749790680006644,0.36721311475409835,,2025-05-04 22:04:00+00:00,2025-05-08 15:24:00+00:00,0.17118,0.18859,50196.40473455298,873.9194064285675,10.170580675312538,0.0,Long,Closed
8,btc_vol_breakout_2m,0,0.05,0.1,0.003,0.5,360,0.42749790680006644,0.36721311475409835,,2025-05-08 15:25:00+00:00,2025-05-09 08:39:00+00:00,0.18909,0.20962,47752.81752432737,980.3653437744397,10.857263736844873,0.0,Long,Closed
8,btc_vol_breakout_2m,0,0.05,0.1,0.003,0.5,360,0.42749790680006644,0.36721311475409835,,2025-05-09 08:40:00+00:00,2025-05-10 23:15:00+00:00,0.20695,0.24767,46000.30411965346,1873.1323837522887,19.676250302005315,0.0,Long,Closed
8,btc_vol_breakout_2m,0,0.05,0.1,0.003,0.5,360,0.42749790680006644,0.36721311475409835,,2025-05-10 23:16:00+00:00,2025-05-11 02:53:00+00:00,0.24938999999999997,0.23586,41927.619910334935,-567.2806973868319,-5.425237579694457,0.0,Long,Closed
8,btc_vol_breakout_2m,0,0.05,0.1,0.003,0.5,360,0.42749790680006644,0.36721311475409835,,2025-05-11 02:54:00+00:00,2025-05-12 14:28:00+00:00,0.23630999999999996,0.23446,43048.06728765187,-79.63892448215483,-0.7828699589522127,0.0,Long,Closed
8,btc_vol_breakout_2m,0,0.05,0.1,0.003,0.5,360,0.42749790680006644,0.36721311475409835,,2025-05-12 14:31:00+00:00,2025-05-12 18:29:00+00:00,0.23435999999999998,0.22549,43236.34288489476,-383.5063613890161,-3.7847755589691037,0.0,Long,Closed
8,btc_vol_breakout_2m,0,0.05,0.1,0.003,0.5,360,0.42749790680006644,0.36721311475409835,,2025-05-12 18:32:00+00:00,2025-05-15 13:39:00+00:00,0.22435,0.22311,44310.7472155535,-54.94532654728573,-0.5527078225986121,0.0,Long,Closed
8,btc_vol_breakout_2m,0,0.05,0.1,0.003,0.5,360,0.42749790680006644,0.36721311475409835,,2025-05-15 13:51:00+00:00,2025-05-19 02:14:00+00:00,0.22171000000000002,0.22226,44714.46247140762,24.59295435927379,0.2480718055117004,0.0,Long,Closed
8,btc_vol_breakout_2m,0,0.05,0.1,0.003,0.5,360,0.42749790680006644,0.36721311475409835,,2025-05-19 04:06:00+00:00,2025-05-22 01:04:00+00:00,0.21868,0.24088,45390.25037367578,1007.6635582956023,10.15182001097494,0.0,Long,Closed
8,btc_vol_breakout_2m,0,0.05,0.1,0.003,0.5,360,0.42749790680006644,0.36721311475409835,,2025-05-22 01:05:00+00:00,2025-05-23 12:13:00+00:00,0.24000000000000002,0.23063,43457.38221193008,-407.19567132578595,-3.9041666666666766,0.0,Long,Closed
8,btc_vol_breakout_2m,0,0.05,0.1,0.003,0.5,360,0.42749790680006644,0.36721311475409835,,2025-05-23 12:15:00+00:00,2025-05-23 23:42:00+00:00,0.22936,0.22382,44585.690160447884,-247.00472348888252,-2.415416811998617,0.0,Long,Closed
8,btc_vol_breakout_2m,0,0.05,0.1,0.003,0.5,360,0.42749790680006644,0.36721311475409835,,2025-05-23 23:48:00+00:00,2025-05-29 14:34:00+00:00,0.22348,0.21853,45206.1550628955,-223.77046756133313,-2.2149633076785435,0.0,Long,Closed
8,btc_vol_breakout_2m,0,0.05,0.1,0.003,0.5,360,0.42749790680006644,0.36721311475409835,,2025-05-29 14:40:00+00:00,2025-05-30 00:53:00+00:00,0.21986,0.20913,45441.582369122254,-487.5881788206825,-4.8803784226325915,0.0,Long,Closed
8,btc_vol_breakout_2m,0,0.05,0.1,0.003,0.5,360,0.42749790680006644,0.36721311475409835,,2025-05-30 00:59:00+00:00,2025-05-30 16:32:00+00:00,0.20378,0.19509,47830.95598324113,-415.65100749436533,-4.264402787319657,0.0,Long,Closed
8,btc_vol_breakout_2m,0,0.05,0.1,0.003,0.5,360,0.42749790680006644,0.36721311475409835,,2025-05-30 16:35:00+00:00,2025-06-05 16:59:00+00:00,0.19532,0.18106,48838.6581328983,-696.4392649751298,-7.3008396477575275,0.0,Long,Closed
8,btc_vol_breakout_2m,0,0.05,0.1,0.003,0.5,360,0.42749790680006644,0.36721311475409835,,2025-06-05 18:14:00+00:00,2025-06-05 20:21:00+00:00,0.17838,0.17054,51524.53791921812,-403.9523772866705,-4.395111559591887,0.0,Long,Closed
8,btc_vol_breakout_2m,0,0.05,0.1,0.003,0.5,360,0.42749790680006644,0.36721311475409835,,2025-06-05 20:43:00+00:00,2025-06-09 09:46:00+00:00,0.16855,0.1857,53331.18294504179,914.629787507467,10.175022248590924,0.0,Long,Closed
8,btc_vol_breakout_2m,0,0.05,0.1,0.003,0.5,360,0.42749790680006644,0.36721311475409835,,2025-06-09 09:47:00+00:00,2025-06-12 03:20:00+00:00,0.18542,0.19061,50945.34451051951,264.4063380095977,2.799050803581074,0.0,Long,Closed
8,btc_vol_breakout_2m,0,0.05,0.1,0.003,0.5,360,0.42749790680006644,0.36721311475409835,,2025-06-12 03:21:00+00:00,2025-06-13 00:01:00+00:00,0.19042,0.18085,50301.90604004478,-481.38924080322795,-5.025732591114373,0.0,Long,Closed
8,btc_vol_breakout_2m,0,0.05,0.1,0.003,0.5,360,0.42749790680006644,0.36721311475409835,,2025-06-13 00:02:00+00:00,2025-06-13 02:43:00+00:00,0.17955,0.17044,52006.651783590714,-473.78059774850954,-5.07379560011137,0.0,Long,Closed
8,btc_vol_breakout_2m,0,0.05,0.1,0.003,0.5,360,0.42749790680006644,0.36721311475409835,,2025-06-13 02:44:00+00:00,2025-06-17 00:09:00+00:00,0.17047,0.16963,53387.12986959263,-44.84518909045801,-0.49275532351733653,0.0,Long,Closed
8,btc_vol_breakout_2m,0,0.05,0.1,0.003,0.5,360,0.42749790680006644,0.36721311475409835,,2025-06-17 16:49:00+00:00,2025-06-20 17:20:00+00:00,0.16597,0.15947,54699.53265243253,-355.5469622408109,-3.916370428390667,0.0,Long,Closed
8,btc_vol_breakout_2m,0,0.05,0.1,0.003,0.5,360,0.42749790680006644,0.36721311475409835,,2025-06-20 17:21:00+00:00,2025-06-21 21:31:00+00:00,0.15974,0.1504,55719.9696582185,-520.4245166077599,-5.847001377238002,0.0,Long,Closed
8,btc_vol_breakout_2m,0,0.05,0.1,0.003,0.5,360,0.42749790680006644,0.36721311475409835,,2025-06-21 21:32:00+00:00,2025-06-22 13:28:00+00:00,0.15227,0.1491,56744.570137912546,-179.88028733718056,-2.0818283312536687,0.0,Long,Closed
8,btc_vol_breakout_2m,0,0.05,0.1,0.003,0.5,360,0.42749790680006644,0.36721311475409835,,2025-06-22 13:30:00+00:00,2025-06-23 22:24:00+00:00,0.14819,0.16419,57699.94973501148,923.199195760184,10.796949861664084,0.0,Long,Closed
8,btc_vol_breakout_2m,0,0.05,0.1,0.003,0.5,360,0.42749790680006644,0.36721311475409835,,2025-06-23 22:27:00+00:00,2025-06-26 15:32:00+00:00,0.16449,0.15903,54788.46829054316,-299.14503686636453,-3.319350720408523,0.0,Long,Closed
8,btc_vol_breakout_2m,0,0.05,0.1,0.003,0.5,360,0.42749790680006644,0.36721311475409835,,2025-06-26 15:33:00+00:00,2025-07-09 19:37:00+00:00,0.15883,0.17539,55799.17289352303,924.0343031167413,10.426241893848768,0.0,Long,Closed
8,btc_vol_breakout_2m,0,0.05,0.1,0.003,0.5,360,0.42749790680006644,0.36721311475409835,,2025-07-09 19:38:00+00:00,2025-07-11 00:18:00+00:00,0.17526,0.19315,53204.38081842197,951.8263728415695,10.207691429875618,0.0,Long,Closed
8,btc_vol_breakout_2m,0,0.05,0.1,0.003,0.5,360,0.42749790680006644,0.36721311475409835,,2025-07-11 00:19:00+00:00,2025-07-15 01:22:00+00:00,0.19277,0.19297,50840.44700242475,10.16808940048577,0.10375058359704109,0.0,Long,Closed
8,btc_vol_breakout_2m,0,0.05,0.1,0.003,0.5,360,0.42749790680006644,0.36721311475409835,,2025-07-15 02:00:00+00:00,2025-07-17 13:53:00+00:00,0.19365,0.21405,50635.667510238374,1032.967617208862,10.53446940356312,0.0,Long,Closed
8,btc_vol_breakout_2m,0,0.05,0.1,0.003,0.5,360,0.42749790680006644,0.36721311475409835,,2025-07-17 21:18:00+00:00,2025-07-18 14:17:00+00:00,0.21582,0.24715,47827.26726884483,1498.4282835329086,14.516726902048003,0.0,Long,Closed
8,btc_vol_breakout_2m,0,0.05,0.1,0.003,0.5,360,0.42749790680006644,0.36721311475409835,,2025-07-18 14:19:00+00:00,2025-07-18 20:49:00+00:00,0.24612000000000003,0.23203,44983.32099678427,-633.814992844691,-5.724849666829194,0.0,Long,Closed
8,btc_vol_breakout_2m,0,0.05,0.1,0.003,0.5,360,0.42749790680006644,0.36721311475409835,,2025-07-20 22:10:00+00:00,2025-07-22 01:17:00+00:00,0.26932,0.26411,39931.633251545376,-208.04380924055113,-1.9345017080053442,0.0,Long,Closed
8,btc_vol_breakout_2m,0,0.05,0.1,0.003,0.5,360,0.42749790680006644,0.36721311475409835,,2025-07-22 01:24:00+00:00,2025-07-23 20:34:00+00:00,0.26841,0.23503,39679.46634881683,-1324.5005867235068,-12.436198353265535,0.0,Long,Closed
8,btc_vol_breakout_2m,0,0.05,0.1,0.003,0.5,360,0.42749790680006644,0.36721311475409835,,2025-07-23 20:35:00+00:00,2025-07-25 03:33:00+00:00,0.23444,0.22268,42604.14293347624,-501.0247208976816,-5.016208838082249,0.0,Long,Closed
8,btc_vol_breakout_2m,0,0.05,0.1,0.003,0.5,360,0.42749790680006644,0.36721311475409835,,2025-07-25 03:35:00+00:00,2025-07-29 00:34:00+00:00,0.22243000000000002,0.2255,43778.28039776708,134.399320821145,1.3802095041136546,0.0,Long,Closed
8,btc_vol_breakout_2m,0,0.05,0.1,0.003,0.5,360,0.42749790680006644,0.36721311475409835,,2025-07-29 00:40:00+00:00,2025-07-30 19:04:00+00:00,0.22401,0.21265,43769.486046542144,-497.22136148871687,-5.071202178474157,0.0,Long,Closed
8,btc_vol_breakout_2m,0,0.05,0.1,0.003,0.5,360,0.42749790680006644,0.36721311475409835,,2025-07-30 19:07:00+00:00,2025-08-01 00:50:00+00:00,0.21075,0.20438,45343.7337534593,-288.8395840095345,-3.0225385527876503,0.0,Long,Closed
8,btc_vol_breakout_2m,0,0.05,0.1,0.003,0.5,360,0.42749790680006644,0.36721311475409835,,2025-08-01 00:51:00+00:00,2025-08-01 22:27:00+00:00,0.20398,0.19836,46140.66132236877,-259.3105166317109,-2.7551720756936793,0.0,Long,Closed
8,btc_vol_breakout_2m,0,0.05,0.1,0.003,0.5,360,0.42749790680006644,0.36721311475409835,,2025-08-02 17:52:00+00:00,2025-08-07 16:44:00+00:00,0.19184,0.21259,48384.679098315915,1003.9820912900559,10.816305254378655,0.0,Long,Closed
8,btc_vol_breakout_2m,0,0.05,0.1,0.003,0.5,360,0.42749790680006644,0.36721311475409835,,2025-08-07 16:45:00+00:00,2025-08-10 03:09:00+00:00,0.21263999999999997,0.23973,46012.54648168714,1246.479884188906,12.739841986455996,0.0,Long,Closed
8,btc_vol_breakout_2m,0,0.05,0.1,0.003,0.5,360,0.42749790680006644,0.36721311475409835,,2025-08-11 01:34:00+00:00,2025-08-12 12:30:00+00:00,0.23641,0.22567,44022.45178275202,-472.8011321467566,-4.542955035742987,0.0,Long,Closed
8,btc_vol_breakout_2m,0,0.05,0.1,0.003,0.5,360,0.42749790680006644,0.36721311475409835,,2025-08-12 12:31:00+00:00,2025-08-14 12:30:00+00:00,0.22723,0.23382,44760.582933094345,294.97224152909257,2.9001452273027413,0.0,Long,Closed
8,btc_vol_breakout_2m,0,0.05,0.1,0.003,0.5,360,0.42749790680006644,0.36721311475409835,,2025-08-14 12:31:00+00:00,2025-08-14 12:34:00+00:00,0.23228,0.22042,44422.39271849309,-526.8495776413274,-5.105906664370582,0.0,Long,Closed
8,btc_vol_breakout_2m,0,0.05,0.1,0.003,0.5,360,0.42749790680006644,0.36721311475409835,,2025-08-14 12:35:00+00:00,2025-08-20 11:53:00+00:00,0.22404,0.2134,44880.416853378454,-477.52763531994606,-4.749151937154073,0.0,Long,Closed
8,btc_vol_breakout_2m,0,0.05,0.1,0.003,0.5,360,0.42749790680006644,0.36721311475409835,,2025-08-20 13:52:00+00:00,2025-08-22 15:04:00+00:00,0.2098,0.23093,46788.583289661285,988.6427649105444,10.071496663489054,0.0,Long,Closed
8,btc_vol_breakout_2m,0,0.05,0.1,0.003,0.5,360,0.42749790680006644,0.36721311475409835,,2025-08-24 19:34:00+00:00,2025-08-25 00:42:00+00:00,0.23748,0.2256,43416.566265058995,-515.7888072289006,-5.002526528549771,0.0,Long,Closed
8,btc_vol_breakout_2m,0,0.05,0.1,0.003,0.5,360,0.42749790680006644,0.36721311475409835,,2025-08-25 00:43:00+00:00,2025-08-25 19:35:00+00:00,0.22562,0.21498,44555.765238062944,-474.0733421329878,-4.715893981030033,0.0,Long,Closed
8,btc_vol_breakout_2m,0,0.05,0.1,0.003,0.5,360,0.42749790680006644,0.36721311475409835,,2025-08-25 19:36:00+00:00,2025-08-29 20:08:00+00:00,0.2154,0.21075,45569.33649928165,-211.89741472165952,-2.1587743732590514,0.0,Long,Closed
8,btc_vol_breakout_2m,0,0.05,0.1,0.003,0.5,360,0.42749790680006644,0.36721311475409835,,2025-08-29 21:35:00+00:00,2025-09-01 20:44:00+00:00,0.21223,0.2072,45750.772155606835,-230.1263839427029,-2.370070206851063,0.0,Long,Closed
8,btc_vol_breakout_2m,0,0.05,0.1,0.003,0.5,360,0.42749790680006644,0.36721311475409835,,2025-09-01 23:45:00+00:00,2025-09-04 23:05:00+00:00,0.2105,0.21431,45580.1576371168,173.660400597415,1.8099762470308787,0.0,Long,Open
9,btc_any_sustained_down,0,0.06,0.1,0.035,0.3,5,0.41695540073094733,0.38461538461538464,,2024-08-01 15:03:00+00:00,2024-08-02 15:06:00+00:00,0.11585,0.11178,25895.55459646094,-105.39490720759613,-3.513163573586538,0.0,Long,Closed
9,btc_any_sustained_down,0,0.06,0.1,0.035,0.3,5,0.41695540073094733,0.38461538461538464,,2024-08-02 15:08:00+00:00,2024-08-03 18:33:00+00:00,0.11223,0.10654,26449.091400140078,-150.49533006679712,-5.069945647331375,0.0,Long,Closed
9,btc_any_sustained_down,0,0.06,0.1,0.035,0.3,5,0.41695540073094733,0.38461538461538464,,2024-08-03 18:35:00+00:00,2024-08-04 17:02:00+00:00,0.10748000000000002,0.10143,27197.92453310087,-164.54744342526055,-5.628954224041691,0.0,Long,Closed
9,btc_any_sustained_down,0,0.06,0.1,0.035,0.3,5,0.41695540073094733,0.38461538461538464,,2024-08-04 17:43:00+00:00,2024-08-05 00:54:00+00:00,0.09996,0.09922,28750.18703271413,-21.275138404208064,-0.7402961184473654,0.0,Long,Closed
9,btc_any_sustained_down,0,0.06,0.1,0.035,0.3,5,0.41695540073094733,0.38461538461538464,,2024-08-05 00:55:00+00:00,2024-08-05 01:10:00+00:00,0.0987,0.08948,29052.54462278462,-267.8644614220739,-9.34143870314082,0.0,Long,Closed
9,btc_any_sustained_down,0,0.06,0.1,0.035,0.3,5,0.41695540073094733,0.38461538461538464,,2024-08-05 01:11:00+00:00,2024-08-05 05:10:00+00:00,0.0912,0.08976,30560.60105090153,-44.00726551329808,-1.5789473684210482,0.0,Long,Closed
9,btc_any_sustained_down,0,0.06,0.1,0.035,0.3,5,0.41695540073094733,0.38461538461538464,,2024-08-05 05:11:00+00:00,2024-08-05 06:21:00+00:00,0.08977,0.08686,30900.35241381564,-89.92002552420354,-3.2416174668597537,0.0,Long,Closed
9,btc_any_sustained_down,0,0.06,0.1,0.035,0.3,5,0.41695540073094733,0.38461538461538464,,2024-08-05 06:22:00+00:00,2024-08-05 10:21:00+00:00,0.08627,0.08428,31841.296262095388,-63.36417956156993,-2.3067114871913796,0.0,Long,Closed
9,btc_any_sustained_down,0,0.06,0.1,0.035,0.3,5,0.41695540073094733,0.38461538461538464,,2024-08-05 10:22:00+00:00,2024-08-05 14:16:00+00:00,0.08437,0.09282,32333.049361888086,273.2142671079546,10.015408320493076,0.0,Long,Closed
9,btc_any_sustained_down,0,0.06,0.1,0.035,0.3,5,0.41695540073094733,0.38461538461538464,,2024-08-05 14:27:00+00:00,2024-08-06 13:23:00+00:00,0.09209,0.09427,30512.581765608473,66.51742824902658,2.367249429905531,0.0,Long,Closed
9,btc_any_sustained_down,0,0.06,0.1,0.035,0.3,5,0.41695540073094733,0.38461538461538464,,2024-08-06 13:42:00+00:00,2024-08-07 20:51:00+00:00,0.09476,0.09526,29863.432706517437,14.931716353258707,0.5276487969607425,0.0,Long,Closed
9,btc_any_sustained_down,0,0.06,0.1,0.035,0.3,5,0.41695540073094733,0.38461538461538464,,2024-08-07 22:12:00+00:00,2024-08-08 22:33:00+00:00,0.0959,0.10556,29555.1449236243,285.50269996221095,10.072992700729936,0.0,Long,Closed
9,btc_any_sustained_down,0,0.06,0.1,0.035,0.3,5,0.41695540073094733,0.38461538461538464,,2024-08-08 23:31:00+00:00,2024-08-11 19:23:00+00:00,0.10637,0.10328,27451.24760895208,-84.8243551116625,-2.904954404437361,0.0,Long,Closed
9,btc_any_sustained_down,0,0.06,0.1,0.035,0.3,5,0.41695540073094733,0.38461538461538464,,2024-08-11 20:06:00+00:00,2024-08-14 14:01:00+00:00,0.10257,0.10241,28220.160881648964,-4.515225741063659,-0.15599103051573932,0.0,Long,Closed
9,btc_any_sustained_down,0,0.06,0.1,0.035,0.3,5,0.41695540073094733,0.38461538461538464,,2024-08-14 14:02:00+00:00,2024-08-15 18:32:00+00:00,0.10249,0.09797,28228.971937832124,-127.5949531590013,-4.410186359644847,0.0,Long,Closed
9,btc_any_sustained_down,0,0.06,0.1,0.035,0.3,5,0.41695540073094733,0.38461538461538464,,2024-08-15 19:12:00+00:00,2024-08-23 14:02:00+00:00,0.09896,0.10906,28849.119320540765,291.37610513746176,10.206143896523848,0.0,Long,Closed
9,btc_any_sustained_down,0,0.06,0.1,0.035,0.3,5,0.41695540073094733,0.38461538461538464,,2024-08-23 14:19:00+00:00,2024-08-26 13:41:00+00:00,0.10889,0.1071,27021.045821489144,-48.36767202046576,-1.6438607769308542,0.0,Long,Closed
9,btc_any_sustained_down,0,0.06,0.1,0.035,0.3,5,0.41695540073094733,0.38461538461538464,,2024-08-26 14:16:00+00:00,2024-08-27 21:47:00+00:00,0.10681,0.09981,27411.39760224523,-191.879783215717,-6.553693474393796,0.0,Long,Closed
9,btc_any_sustained_down,0,0.06,0.1,0.035,0.3,5,0.41695540073094733,0.38461538461538464,,2024-08-27 21:48:00+00:00,2024-09-01 22:26:00+00:00,0.09909,0.09579,28966.06562651224,-95.58801656749029,-3.3303057826218554,0.0,Long,Closed
9,btc_any_sustained_down,0,0.06,0.1,0.035,0.3,5,0.41695540073094733,0.38461538461538464,,2024-09-01 22:27:00+00:00,2024-09-04 01:01:00+00:00,0.09602,0.09417,29593.532992718716,-54.748036036529356,-1.9266819412622278,0.0,Long,Closed
9,btc_any_sustained_down,0,0.06,0.1,0.035,0.3,5,0.41695540073094733,0.38461538461538464,,2024-09-04 01:02:00+00:00,2024-09-06 15:19:00+00:00,0.09359,0.09295,30186.41550539472,-19.319305923452703,-0.6838337429212551,0.0,Long,Closed
9,btc_any_sustained_down,0,0.06,0.1,0.035,0.3,5,0.41695540073094733,0.38461538461538464,,2024-09-06 15:20:00+00:00,2024-09-09 16:46:00+00:00,0.09359,0.10378,30124.48803689343,306.9685330959437,10.887915375574302,0.0,Long,Closed
9,btc_any_sustained_down,0,0.06,0.1,0.035,0.3,5,0.41695540073094733,0.38461538461538464,,2024-09-10 14:15:00+00:00,2024-09-16 01:37:00+00:00,0.10155,0.10119,28670.028511094428,-10.32121026399409,-0.3545051698670638,0.0,Long,Closed
9,btc_any_sustained_down,0,0.06,0.1,0.035,0.3,5,0.41695540073094733,0.38461538461538464,,2024-09-16 13:36:00+00:00,2024-09-25 01:39:00+00:00,0.10086,0.11095,28835.465320468382,290.94984508352536,10.00396589331745,0.0,Long,Closed
9,btc_any_sustained_down,0,0.06,0.1,0.035,0.3,5,0.41695540073094733,0.38461538461538464,,2024-09-26 14:30:00+00:00,2024-09-27 14:23:00+00:00,0.11467,0.12656,26123.920691963885,310.61341702745085,10.368884625446944,0.0,Long,Closed
9,btc_any_sustained_down,0,0.06,0.1,0.035,0.3,5,0.41695540073094733,0.38461538461538464,,2024-09-30 01:50:00+00:00,2024-09-30 23:41:00+00:00,0.12281,0.1137,25151.160417357984,-229.1270714021316,-7.417962706619995,0.0,Long,Closed
9,btc_any_sustained_down,0,0.06,0.1,0.035,0.3,5,0.41695540073094733,0.38461538461538464,,2024-10-01 13:37:00+00:00,2024-10-01 15:10:00+00:00,0.11465,0.10839,26341.69986423981,-164.89904115014133,-5.460095944177937,0.0,Long,Closed
9,btc_any_sustained_down,0,0.06,0.1,0.035,0.3,5,0.41695540073094733,0.38461538461538464,,2024-10-01 15:11:00+00:00,2024-10-01 17:18:00+00:00,0.10846,0.10505,27388.956086022976,-93.39634025333817,-3.144016227180521,0.0,Long,Closed
9,btc_any_sustained_down,0,0.06,0.1,0.035,0.3,5,0.41695540073094733,0.38461538461538464,,2024-10-01 17:19:00+00:00,2024-10-03 16:31:00+00:00,0.10494,0.10198,28040.66395096293,-83.00036529485033,-2.820659424433011,0.0,Long,Closed
9,btc_any_sustained_down,0,0.06,0.1,0.035,0.3,5,0.41695540073094733,0.38461538461538464,,2024-10-04 14:10:00+00:00,2024-10-08 13:25:00+00:00,0.10717,0.10715,27224.84991532701,-0.5444969983068404,-0.01866193897546984,0.0,Long,Closed
9,btc_any_sustained_down,0,0.06,0.1,0.035,0.3,5,0.41695540073094733,0.38461538461538464,,2024-10-08 14:09:00+00:00,2024-10-10 17:09:00+00:00,0.10759,0.10425,27117.05378126316,-90.57095962941912,-3.104377730272336,0.0,Long,Closed
9,btc_any_sustained_down,0,0.06,0.1,0.035,0.3,5,0.41695540073094733,0.38461538461538464,,2024-10-10 17:54:00+00:00,2024-10-14 14:22:00+00:00,0.10399,0.11468,27794.523785337795,297.1234592652613,10.27983459948073,0.0,Long,Closed
9,btc_any_sustained_down,0,0.06,0.1,0.035,0.3,5,0.41695540073094733,0.38461538461538464,,2024-10-15 14:20:00+00:00,2024-10-18 01:08:00+00:00,0.11670000000000001,0.13393,25531.187371181284,439.902358405453,14.764353041987984,0.0,Long,Closed
9,btc_any_sustained_down,0,0.06,0.1,0.035,0.3,5,0.41695540073094733,0.38461538461538464,,2024-10-18 14:15:00+00:00,2024-10-21 06:58:00+00:00,0.13358,0.14726,23292.86026155481,318.64632837806994,10.24105405000749,0.0,Long,Closed
9,btc_any_sustained_down,0,0.06,0.1,0.035,0.3,5,0.41695540073094733,0.38461538461538464,,2024-10-21 07:00:00+00:00,2024-10-23 18:04:00+00:00,0.14698,0.13334,21819.663711062134,-297.6202130188876,-9.280174173356922,0.0,Long,Closed
9,btc_any_sustained_down,0,0.06,0.1,0.035,0.3,5,0.41695540073094733,0.38461538461538464,,2024-10-23 18:06:00+00:00,2024-10-25 17:56:00+00:00,0.13342,0.13466,23368.071566078896,28.976408741937576,0.9293958926697564,0.0,Long,Closed
9,btc_any_sustained_down,0,0.06,0.1,0.035,0.3,5,0.41695540073094733,0.38461538461538464,,2024-10-25 17:58:00+00:00,2024-10-28 13:46:00+00:00,0.1343,0.1485,23279.680051890005,330.5714567368377,10.573343261355163,0.0,Long,Closed
9,btc_any_sustained_down,0,0.06,0.1,0.035,0.3,5,0.41695540073094733,0.38461538461538464,,2024-10-28 14:00:00+00:00,2024-10-28 22:08:00+00:00,0.14643,0.16162,22028.49462534917,334.6128333590541,10.373557331147994,0.0,Long,Closed
9,btc_any_sustained_down,0,0.06,0.1,0.035,0.3,5,0.41695540073094733,0.38461538461538464,,2024-10-29 19:22:00+00:00,2024-10-31 19:58:00+00:00,0.17336,0.15931,19185.60404936315,-269.5577368935519,-8.104522381172117,0.0,Long,Closed
9,btc_any_sustained_down,0,0.06,0.1,0.035,0.3,5,0.41695540073094733,0.38461538461538464,,2024-10-31 20:00:00+00:00,2024-11-03 02:15:00+00:00,0.1598,0.15563,20307.56568791946,-84.68254891862443,-2.6095118898623366,0.0,Long,Closed
9,btc_any_sustained_down,0,0.06,0.1,0.035,0.3,5,0.41695540073094733,0.38461538461538464,,2024-11-03 02:26:00+00:00,2024-11-05 14:23:00+00:00,0.15322,0.17177,21013.863935869616,389.8071760103817,12.106774572510126,0.0,Long,Closed
9,btc_any_sustained_down,0,0.06,0.1,0.035,0.3,5,0.41695540073094733,0.38461538461538464,,2024-11-05 15:31:00+00:00,2024-11-05 19:58:00+00:00,0.17348,0.16611,19233.838973121146,-141.75339323190246,-4.2483283375605145,0.0,Long,Closed
9,btc_any_sustained_down,0,0.06,0.1,0.035,0.3,5,0.41695540073094733,0.38461538461538464,,2024-11-05 19:59:00+00:00,2024-11-06 00:45:00+00:00,0.16784,0.18487,19626.789603714762,334.2442269512626,10.146568160152531,0.0,Long,Closed
9,btc_any_sustained_down,0,0.06,0.1,0.035,0.3,5,0.41695540073094733,0.38461538461538464,,2024-11-06 01:18:00+00:00,2024-11-06 03:02:00+00:00,0.18134,0.20188,18718.614950771283,384.4803510888423,11.326789456269996,0.0,Long,Closed
9,btc_any_sustained_down,0,0.06,0.1,0.035,0.3,5,0.41695540073094733,0.38461538461538464,,2024-11-06 03:11:00+00:00,2024-11-06 05:02:00+00:00,0.20645,0.20012,17000.618747878503,-107.61391667407088,-3.0661177040445615,0.0,Long,Closed
9,btc_any_sustained_down,0,0.06,0.1,0.035,0.3,5,0.41695540073094733,0.38461538461538464,,2024-11-06 05:03:00+00:00,2024-11-06 07:42:00+00:00,0.19994,0.198,17392.68563317643,-33.741810128361976,-0.9702910873261894,0.0,Long,Closed
9,btc_any_sustained_down,0,0.06,0.1,0.035,0.3,5,0.41695540073094733,0.38461538461538464,,2024-11-06 07:43:00+00:00,2024-11-06 08:04:00+00:00,0.19985,0.19027,17349.867512928628,-166.2117307738563,-4.793595196397299,0.0,Long,Closed
9,btc_any_sustained_down,0,0.06,0.1,0.035,0.3,5,0.41695540073094733,0.38461538461538464,,2024-11-06 08:05:00+00:00,2024-11-06 14:54:00+00:00,0.19199,0.19237,17800.445352500803,6.7641692339507244,0.19792697536331244,0.0,Long,Closed
9,btc_any_sustained_down,0,0.06,0.1,0.035,0.3,5,0.41695540073094733,0.38461538461538464,,2024-11-06 14:55:00+00:00,2024-11-07 15:09:00+00:00,0.19271,0.19049,17744.469690191552,-39.39272271222535,-1.151990036842928,0.0,Long,Closed
9,btc_any_sustained_down,0,0.06,0.1,0.035,0.3,5,0.41695540073094733,0.38461538461538464,,2024-11-07 18:09:00+00:00,2024-11-10 02:26:00+00:00,0.19284,0.22881,17671.22452387029,635.6339461236144,18.652769135034227,0.0,Long,Closed
9,btc_any_sustained_down,0,0.06,0.1,0.035,0.3,5,0.41695540073094733,0.38461538461538464,,2024-11-10 05:55:00+00:00,2024-11-10 17:38:00+00:00,0.22543,0.27107,15962.42346191825,728.5250068019491,20.245752561770843,0.0,Long,Closed
9,btc_any_sustained_down,0,0.06,0.1,0.035,0.3,5,0.41695540073094733,0.38461538461538464,,2024-11-10 19:19:00+00:00,2024-11-10 21:03:00+00:00,0.276,0.25656,13829.58921398846,-268.84721431993603,-7.043478260869573,0.0,Long,Closed
9,btc_any_sustained_down,0,0.06,0.1,0.035,0.3,5,0.41695540073094733,0.38461538461538464,,2024-11-10 22:34:00+00:00,2024-11-11 05:27:00+00:00,0.27258,0.27866,13707.214244496425,83.33986260653865,2.2305378237581728,0.0,Long,Closed
9,btc_any_sustained_down,0,0.06,0.1,0.035,0.3,5,0.41695540073094733,0.38461538461538464,,2024-11-11 14:46:00+00:00,2024-11-11 16:02:00+00:00,0.28863,0.31775,13031.612852256512,379.48056625770914,10.089041333194736,0.0,Long,Closed
9,btc_any_sustained_down,0,0.06,0.1,0.035,0.3,5,0.41695540073094733,0.38461538461538464,,2024-11-11 16:28:00+00:00,2024-11-12 00:19:00+00:00,0.31935,0.32756,12134.518827067825,99.62439957022661,2.570847033035848,0.0,Long,Closed
9,btc_any_sustained_down,0,0.06,0.1,0.035,0.3,5,0.41695540073094733,0.38461538461538464,,2024-11-12 00:20:00+00:00,2024-11-12 00:59:00+00:00,0.33075,0.36386,11806.639175495624,390.91782310066037,10.010582010582016,0.0,Long,Closed
9,btc_any_sustained_down,0,0.06,0.1,0.035,0.3,5,0.41695540073094733,0.38461538461538464,,2024-11-12 01:28:00+00:00,2024-11-12 05:17:00+00:00,0.35917,0.4156,11198.934360401414,631.9558659574523,15.71122309769748,0.0,Long,Closed
9,btc_any_sustained_down,0,0.06,0.1,0.035,0.3,5,0.41695540073094733,0.38461538461538464,,2024-11-12 07:04:00+00:00,2024-11-12 10:04:00+00:00,0.40317,0.39904,10446.977736470008,-43.14601805162056,-1.0243817744375687,0.0,Long,Closed
9,btc_any_sustained_down,0,0.06,0.1,0.035,0.3,5,0.41695540073094733,0.38461538461538464,,2024-11-12 10:05:00+00:00,2024-11-12 10:35:00+00:00,0.3977399999999999,0.38803,10557.057898620018,-102.50903219560041,-2.4412933071856,0.0,Long,Closed
9,btc_any_sustained_down,0,0.06,0.1,0.035,0.3,5,0.41695540073094733,0.38461538461538464,,2024-11-12 10:37:00+00:00,2024-11-12 10:49:00+00:00,0.37869,0.35846,11006.922545983378,-222.67004310524362,-5.342100398743033,0.0,Long,Closed
9,btc_any_sustained_down,0,0.06,0.1,0.035,0.3,5,0.41695540073094733,0.38461538461538464,,2024-11-12 10:50:00+00:00,2024-11-12 11:05:00+00:00,0.35381,0.39191,11592.127090830878,441.6600421606563,10.768491563268418,0.0,Long,Closed
9,btc_any_sustained_down,0,0.06,0.1,0.035,0.3,5,0.41695540073094733,0.38461538461538464,,2024-11-12 11:53:00+00:00,2024-11-12 12:44:00+00:00,0.39075999999999994,0.37578,10835.061159420284,-162.30921616811565,-3.8335551233493663,0.0,Long,Closed
9,btc_any_sustained_down,0,0.06,0.1,0.035,0.3,5,0.41695540073094733,0.38461538461538464,,2024-11-12 12:53:00+00:00,2024-11-12 13:42:00+00:00,0.3661,0.35167,11431.892198319134,-164.9622044217449,-3.9415460256760406,0.0,Long,Closed
9,btc_any_sustained_down,0,0.06,0.1,0.035,0.3,5,0.41695540073094733,0.38461538461538464,,2024-11-12 14:33:00+00:00,2024-11-12 16:11:00+00:00,0.35387,0.35903,11687.136723876312,60.30562549520164,1.4581626020855083,0.0,Long,Closed
9,btc_any_sustained_down,0,0.06,0.1,0.035,0.3,5,0.41695540073094733,0.38461538461538464,,2024-11-12 16:12:00+00:00,2024-11-12 18:34:00+00:00,0.35716,0.39413,11630.13428190915,429.9660644021815,10.351103147048947,0.0,Long,Closed
9,btc_any_sustained_down,0,0.06,0.1,0.035,0.3,5,0.41695540073094733,0.38461538461538464,,2024-11-12 19:40:00+00:00,2024-11-13 01:25:00+00:00,0.38273,0.38255,11190.156453498095,-2.0142281616299442,-0.047030543725348324,0.0,Long,Closed
9,btc_any_sustained_down,0,0.06,0.1,0.035,0.3,5,0.41695540073094733,0.38461538461538464,,2024-11-13 02:20:00+00:00,2024-11-13 04:37:00+00:00,0.38551,0.36178,11107.894246579435,-263.59033047133016,-6.1554823480584195,0.0,Long,Closed
9,btc_any_sustained_down,0,0.06,0.1,0.035,0.3,5,0.41695540073094733,0.38461538461538464,,2024-11-13 04:41:00+00:00,2024-11-13 13:28:00+00:00,0.36057,0.39879,11656.896613299607,445.5265885603112,10.599883517763548,0.0,Long,Closed
9,btc_any_sustained_down,0,0.06,0.1,0.035,0.3,5,0.41695540073094733,0.38461538461538464,,2024-11-13 13:58:00+00:00,2024-11-13 18:20:00+00:00,0.39691,0.40308,10926.369172924675,67.4156977969451,1.5545085787710027,0.0,Long,Closed
9,btc_any_sustained_down,0,0.06,0.1,0.035,0.3,5,0.41695540073094733,0.38461538461538464,,2024-11-13 19:05:00+00:00,2024-11-14 14:59:00+00:00,0.39202,0.38835,11114.254113985551,-40.78931259832734,-0.9361767256772698,0.0,Long,Closed
9,btc_any_sustained_down,0,0.06,0.1,0.035,0.3,5,0.41695540073094733,0.38461538461538464,,2024-11-14 15:01:00+00:00,2024-11-14 22:33:00+00:00,0.38587,0.37541,11259.680990968767,-117.77626316553233,-2.7107575090056013,0.0,Long,Closed
9,btc_any_sustained_down,0,0.06,0.1,0.035,0.3,5,0.41695540073094733,0.38461538461538464,,2024-11-14 22:35:00+00:00,2024-11-14 23:39:00+00:00,0.37374,0.35487,11530.583360184777,-217.58210800668667,-5.048964520789852,0.0,Long,Closed
9,btc_any_sustained_down,0,0.06,0.1,0.035,0.3,5,0.41695540073094733,0.38461538461538464,,2024-11-15 04:40:00+00:00,2024-11-15 15:07:00+00:00,0.35766,0.35731,11866.480994893065,-4.1532683482118955,-0.09785830117987557,0.0,Long,Closed
9,btc_any_sustained_down,0,0.06,0.1,0.035,0.3,5,0.41695540073094733,0.38461538461538464,,2024-11-15 15:08:00+00:00,2024-11-17 02:06:00+00:00,0.3576,0.35088,11864.987729667198,-79.73271754336292,-1.879194630872468,0.0,Long,Closed
9,btc_any_sustained_down,0,0.06,0.1,0.035,0.3,5,0.41695540073094733,0.38461538461538464,,2024-11-17 02:08:00+00:00,2024-11-19 13:23:00+00:00,0.34673,0.40059,12167.968727442047,655.3667956600284,15.533700573933604,0.0,Long,Closed
9,btc_any_sustained_down,0,0.06,0.1,0.035,0.3,5,0.41695540073094733,0.38461538461538464,,2024-11-19 13:35:00+00:00,2024-11-19 20:53:00+00:00,0.39548,0.38753,11165.191250035374,-88.7632704377811,-2.010215434408817,0.0,Long,Closed
9,btc_any_sustained_down,0,0.06,0.1,0.035,0.3,5,0.41695540073094733,0.38461538461538464,,2024-11-19 20:55:00+00:00,2024-11-20 18:21:00+00:00,0.38693,0.37113,11343.087520824582,-179.2207828290284,-4.08342594267697,0.0,Long,Closed
9,btc_any_sustained_down,0,0.06,0.1,0.035,0.3,5,0.41695540073094733,0.38461538461538464,,2024-11-20 18:23:00+00:00,2024-11-23 16:17:00+00:00,0.37033,0.4416,11706.35546562241,834.3119540349089,19.244997704749814,0.0,Long,Closed
9,btc_any_sustained_down,0,0.06,0.1,0.035,0.3,5,0.41695540073094733,0.38461538461538464,,2024-11-23 16:23:00+00:00,2024-11-25 15:11:00+00:00,0.4146,0.40103,11060.077679195414,-150.08525410668244,-3.2730342498794163,0.0,Long,Closed
9,btc_any_sustained_down,0,0.06,0.1,0.035,0.3,5,0.41695540073094733,0.38461538461538464,,2024-11-25 15:12:00+00:00,2024-11-25 21:43:00+00:00,0.39852,0.39538,11393.362013355454,-35.77515672193567,-0.7879152865602632,0.0,Long,Closed
9,btc_any_sustained_down,0,0.06,0.1,0.035,0.3,5,0.41695540073094733,0.38461538461538464,,2024-11-25 22:22:00+00:00,2024-11-26 11:03:00+00:00,0.39051,0.37247,11599.575126234497,-209.2563352772704,-4.619600010243017,0.0,Long,Closed
9,btc_any_sustained_down,0,0.06,0.1,0.035,0.3,5,0.41695540073094733,0.38461538461538464,,2024-11-26 15:21:00+00:00,2024-11-29 15:31:00+00:00,0.37744,0.41752,11834.922588921823,474.3436973639864,10.618906316235686,0.0,Long,Closed
9,btc_any_sustained_down,0,0.06,0.1,0.035,0.3,5,0.41695540073094733,0.38461538461538464,,2024-11-29 15:34:00+00:00,2024-12-02 08:40:00+00:00,0.41639,0.40109,11069.613322058283,-169.36508382749162,-3.6744398280458204,0.0,Long,Closed
9,btc_any_sustained_down,0,0.06,0.1,0.035,0.3,5,0.41695540073094733,0.38461538461538464,,2024-12-02 16:41:00+00:00,2024-12-03 13:52:00+00:00,0.41777,0.40013,10911.426780342299,-192.47756840523834,-4.222419034396921,0.0,Long,Closed
9,btc_any_sustained_down,0,0.06,0.1,0.035,0.3,5,0.41695540073094733,0.38461538461538464,,2024-12-03 13:55:00+00:00,2024-12-05 02:42:00+00:00,0.3917,0.43173,11490.231032683254,459.95394823831066,10.219555782486598,0.0,Long,Closed
9,btc_any_sustained_down,0,0.06,0.1,0.035,0.3,5,0.41695540073094733,0.38461538461538464,,2024-12-05 03:13:00+00:00,2024-12-05 20:03:00+00:00,0.43528,0.42983,10656.84083802041,-58.07978256721162,-1.2520676346259962,0.0,Long,Closed
9,btc_any_sustained_down,0,0.06,0.1,0.035,0.3,5,0.41695540073094733,0.38461538461538464,,2024-12-05 20:04:00+00:00,2024-12-09 08:34:00+00:00,0.4283799999999999,0.43654,10787.818631129747,88.02860003001933,1.9048508333722527,0.0,Long,Closed
9,btc_any_sustained_down,0,0.06,0.1,0.035,0.3,5,0.41695540073094733,0.38461538461538464,,2024-12-09 15:08:00+00:00,2024-12-09 20:49:00+00:00,0.44368,0.41437,10475.329798982073,-307.03191640816476,-6.606112513523264,0.0,Long,Closed
9,btc_any_sustained_down,0,0.06,0.1,0.035,0.3,5,0.41695540073094733,0.38461538461538464,,2024-12-09 21:04:00+00:00,2024-12-09 22:21:00+00:00,0.39012,0.39717,11677.39349505259,82.32562414012045,1.8071362657643733,0.0,Long,Closed
9,btc_any_sustained_down,0,0.06,0.1,0.035,0.3,5,0.41695540073094733,0.38461538461538464,,2024-12-09 22:22:00+00:00,2024-12-10 02:59:00+00:00,0.3927300000000001,0.39655,11662.675215878473,44.5514193246554,0.9726784304738543,0.0,Long,Closed
9,btc_any_sustained_down,0,0.06,0.1,0.035,0.3,5,0.41695540073094733,0.38461538461538464,,2024-12-10 03:00:00+00:00,2024-12-10 15:42:00+00:00,0.39641,0.38101,11588.123062812114,-178.45709516730676,-3.8848666784389945,0.0,Long,Closed
9,btc_any_sustained_down,0,0.06,0.1,0.035,0.3,5,0.41695540073094733,0.38461538461538464,,2024-12-10 15:43:00+00:00,2024-12-17 23:16:00+00:00,0.38298,0.39332,11854.694069609792,122.57753667976613,2.6998798892892775,0.0,Long,Closed
9,btc_any_sustained_down,0,0.06,0.1,0.035,0.3,5,0.41695540073094733,0.38461538461538464,,2024-12-18 01:54:00+00:00,2024-12-18 20:07:00+00:00,0.3901,0.35938,11732.591632358592,-360.42521494605626,-7.874903870802365,0.0,Long,Closed
9,btc_any_sustained_down,0,0.06,0.1,0.035,0.3,5,0.41695540073094733,0.38461538461538464,,2024-12-18 20:08:00+00:00,2024-12-19 02:27:00+00:00,0.36001,0.34399,12412.867507289437,-198.8541374667766,-4.449876392322431,0.0,Long,Closed
9,btc_any_sustained_down,0,0.06,0.1,0.035,0.3,5,0.41695540073094733,0.38461538461538464,,2024-12-19 02:28:00+00:00,2024-12-19 17:35:00+00:00,0.34552,0.33762,12760.766931173992,-100.81005875627488,-2.2864088909469866,0.0,Long,Closed
9,btc_any_sustained_down,0,0.06,0.1,0.035,0.3,5,0.41695540073094733,0.38461538461538464,,2024-12-19 17:38:00+00:00,2024-12-19 18:09:00+00:00,0.33851,0.3177,12935.680400674588,-269.1915091380388,-6.147528876547235,0.0,Long,Closed
9,btc_any_sustained_down,0,0.06,0.1,0.035,0.3,5,0.41695540073094733,0.38461538461538464,,2024-12-19 18:11:00+00:00,2024-12-19 20:10:00+00:00,0.31201,0.30077,13775.519116986448,-154.83683487492817,-3.6024486394666955,0.0,Long,Closed
9,btc_any_sustained_down,0,0.06,0.1,0.035,0.3,5,0.41695540073094733,0.38461538461538464,,2024-12-19 20:11:00+00:00,2024-12-20 08:39:00+00:00,0.30442,0.30588,13966.390740517916,20.39093048115592,0.47960055186912254,0.0,Long,Closed
9,btc_any_sustained_down,0,0.06,0.1,0.035,0.3,5,0.41695540073094733,0.38461538461538464,,2024-12-20 08:41:00+00:00,2024-12-20 10:14:00+00:00,0.30513,0.28061,13953.94077400718,-342.15062777865614,-8.035919116442173,0.0,Long,Closed
9,btc_any_sustained_down,0,0.06,0.1,0.035,0.3,5,0.41695540073094733,0.38461538461538464,,2024-12-20 11:22:00+00:00,2024-12-20 15:17:00+00:00,0.27892,0.3075,14897.177542088106,425.7613341528777,10.24666571059801,0.0,Long,Closed
9,btc_any_sustained_down,0,0.06,0.1,0.035,0.3,5,0.41695540073094733,0.38461538461538464,,2024-12-20 16:49:00+00:00,2024-12-21 07:43:00+00:00,0.30886,0.34901,13866.635887732558,556.7454308924616,12.999417211681655,0.0,Long,Closed
9,btc_any_sustained_down,0,0.06,0.1,0.035,0.3,5,0.41695540073094733,0.38461538461538464,,2024-12-21 13:24:00+00:00,2024-12-22 22:07:00+00:00,0.31958,0.30851,13924.127885201882,-154.14009568918482,-3.4639213968333435,0.0,Long,Closed
9,btc_any_sustained_down,0,0.06,0.1,0.035,0.3,5,0.41695540073094733,0.38461538461538464,,2024-12-22 22:08:00+00:00,2024-12-24 15:41:00+00:00,0.30833,0.33926,14282.200113015475,441.7484494955688,10.031459799565406,0.0,Long,Closed
9,btc_any_sustained_down,0,0.06,0.1,0.035,0.3,5,0.41695540073094733,0.38461538461538464,,2024-12-24 18:26:00+00:00,2024-12-26 08:06:00+00:00,0.33465,0.32127,13554.92393753095,-181.3648822841642,-3.998207082025999,0.0,Long,Closed
9,btc_any_sustained_down,0,0.06,0.1,0.035,0.3,5,0.41695540073094733,0.38461538461538464,,2024-12-26 08:07:00+00:00,2025-01-03 14:39:00+00:00,0.32114,0.36377,13955.738403840953,594.9331281557397,13.274584293454566,0.0,Long,Closed
9,btc_any_sustained_down,0,0.06,0.1,0.035,0.3,5,0.41695540073094733,0.38461538461538464,,2025-01-06 17:43:00+00:00,2025-01-07 15:15:00+00:00,0.38466,0.3637,12115.18163951595,-253.93420716425408,-5.448967919721308,0.0,Long,Closed
9,btc_any_sustained_down,0,0.06,0.1,0.035,0.3,5,0.41695540073094733,0.38461538461538464,,2025-01-07 15:16:00+00:00,2025-01-08 06:38:00+00:00,0.36729,0.34701,12480.72506005317,-253.10910421787867,-5.521522502654586,0.0,Long,Closed
9,btc_any_sustained_down,0,0.06,0.1,0.035,0.3,5,0.41695540073094733,0.38461538461538464,,2025-01-08 06:39:00+00:00,2025-01-08 17:24:00+00:00,0.34578,0.33066,13037.517427386101,-197.12726350207777,-4.372722540343569,0.0,Long,Closed
9,btc_any_sustained_down,0,0.06,0.1,0.035,0.3,5,0.41695540073094733,0.38461538461538464,,2025-01-08 17:25:00+00:00,2025-01-09 14:10:00+00:00,0.33145,0.32184,13422.762398524488,-128.99274664982022,-2.8993815055061067,0.0,Long,Closed
9,btc_any_sustained_down,0,0.06,0.1,0.035,0.3,5,0.41695540073094733,0.38461538461538464,,2025-01-09 17:50:00+00:00,2025-01-13 08:23:00+00:00,0.32008,0.3235,13778.670248050475,47.1230522483329,1.0684828792801861,0.0,Long,Closed
9,btc_any_sustained_down,0,0.06,0.1,0.035,0.3,5,0.41695540073094733,0.38461538461538464,,2025-01-13 12:04:00+00:00,2025-01-14 09:25:00+00:00,0.31498,0.34903,14046.64959257888,478.28841862731133,10.810210172074427,0.0,Long,Closed
9,btc_any_sustained_down,0,0.06,0.1,0.035,0.3,5,0.41695540073094733,0.38461538461538464,,2025-01-14 15:27:00+00:00,2025-01-16 00:01:00+00:00,0.35156,0.3874,12993.23078353251,465.6773912818062,10.19456138354764,0.0,Long,Closed
9,btc_any_sustained_down,0,0.06,0.1,0.035,0.3,5,0.41695540073094733,0.38461538461538464,,2025-01-16 00:38:00+00:00,2025-01-17 12:46:00+00:00,0.37437,0.41244,12574.73470535361,478.72015023281256,10.169084061222868,0.0,Long,Closed
9,btc_any_sustained_down,0,0.06,0.1,0.035,0.3,5,0.41695540073094733,0.38461538461538464,,2025-01-17 14:44:00+00:00,2025-01-18 05:57:00+00:00,0.41080999999999995,0.38676,11808.912822747923,-284.0043533870876,-5.854287870305008,0.0,Long,Closed
9,btc_any_sustained_down,0,0.06,0.1,0.035,0.3,5,0.41695540073094733,0.38461538461538464,,2025-01-18 05:59:00+00:00,2025-01-19 08:47:00+00:00,0.38764,0.3771,12294.959680881611,-129.58887503649203,-2.7190176452378463,0.0,Long,Closed
9,btc_any_sustained_down,0,0.06,0.1,0.035,0.3,5,0.41695540073094733,0.38461538461538464,,2025-01-19 09:17:00+00:00,2025-01-19 21:54:00+00:00,0.36721,0.37149,12873.128477399852,55.09698988327182,1.1655456006100149,0.0,Long,Closed
9,btc_any_sustained_down,0,0.06,0.1,0.035,0.3,5,0.41695540073094733,0.38461538461538464,,2025-01-19 22:08:00+00:00,2025-01-19 22:48:00+00:00,0.36948,0.35297,12838.775049125748,-211.9681760610656,-4.468442134892271,0.0,Long,Closed
9,btc_any_sustained_down,0,0.06,0.1,0.035,0.3,5,0.41695540073094733,0.38461538461538464,,2025-01-19 22:49:00+00:00,2025-01-20 16:13:00+00:00,0.35847,0.36097,13055.709410362546,32.6392735259069,0.6974084302731166,0.0,Long,Closed
9,btc_any_sustained_down,0,0.06,0.1,0.035,0.3,5,0.41695540073094733,0.38461538461538464,,2025-01-20 16:14:00+00:00,2025-01-20 17:39:00+00:00,0.3642,0.35449,12877.188177897951,-125.0374972073887,-2.6661175178473275,0.0,Long,Closed
9,btc_any_sustained_down,0,0.06,0.1,0.035,0.3,5,0.41695540073094733,0.38461538461538464,,2025-01-20 17:40:00+00:00,2025-01-21 01:30:00+00:00,0.35529,0.34075,13094.544415064365,-190.39467579503616,-4.092431534802562,0.0,Long,Closed
9,btc_any_sustained_down,0,0.06,0.1,0.035,0.3,5,0.41695540073094733,0.38461538461538464,,2025-01-21 01:31:00+00:00,2025-01-21 12:15:00+00:00,0.33918,0.38595,13548.093291142482,633.6443232267347,13.789138510525403,0.0,Long,Closed
9,btc_any_sustained_down,0,0.06,0.1,0.035,0.3,5,0.41695540073094733,0.38461538461538464,,2025-01-21 14:35:00+00:00,2025-01-22 13:51:00+00:00,0.36892,0.36101,12971.201288782737,-102.60220219427174,-2.1440962810365454,0.0,Long,Closed
9,btc_any_sustained_down,0,0.06,0.1,0.035,0.3,5,0.41695540073094733,0.38461538461538464,,2025-01-22 13:54:00+00:00,2025-01-23 21:17:00+00:00,0.36107,0.34387,13167.95889661131,-226.48889302171483,-4.76361924280611,0.0,Long,Closed
9,btc_any_sustained_down,0,0.06,0.1,0.035,0.3,5,0.41695540073094733,0.38461538461538464,,2025-01-23 21:33:00+00:00,2025-01-26 23:08:00+00:00,0.34362,0.34124,13638.927451524742,-32.46064733462845,-0.6926255747628101,0.0,Long,Closed
9,btc_any_sustained_down,0,0.06,0.1,0.035,0.3,5,0.41695540073094733,0.38461538461538464,,2025-01-26 23:09:00+00:00,2025-01-27 05:51:00+00:00,0.34121,0.31902,13706.720367786826,-304.15212496118966,-6.503326397233375,0.0,Long,Closed
9,btc_any_sustained_down,0,0.06,0.1,0.035,0.3,5,0.41695540073094733,0.38461538461538464,,2025-01-27 06:20:00+00:00,2025-01-28 21:56:00+00:00,0.31875,0.31666,14386.272687699407,-30.067309917291823,-0.6556862745098053,0.0,Long,Closed
9,btc_any_sustained_down,0,0.06,0.1,0.035,0.3,5,0.41695540073094733,0.38461538461538464,,2025-01-28 21:58:00+00:00,2025-02-01 22:19:00+00:00,0.31639,0.31011,14465.072303893923,-90.84065406845366,-1.984892063592398,0.0,Long,Closed
9,btc_any_sustained_down,0,0.06,0.1,0.035,0.3,5,0.41695540073094733,0.38461538461538464,,2025-02-02 03:11:00+00:00,2025-02-02 16:48:00+00:00,0.30513,0.28272,14909.553403495107,-334.1230917723251,-7.344410579097429,0.0,Long,Closed
9,btc_any_sustained_down,0,0.06,0.1,0.035,0.3,5,0.41695540073094733,0.38461538461538464,,2025-02-02 22:33:00+00:00,2025-02-03 00:43:00+00:00,0.26467,0.24793,16810.046860153263,-281.4001844389659,-6.324857369554546,0.0,Long,Closed
9,btc_any_sustained_down,0,0.06,0.1,0.035,0.3,5,0.41695540073094733,0.38461538461538464,,2025-02-03 00:44:00+00:00,2025-02-03 01:47:00+00:00,0.24583999999999998,0.23982,17754.21024709191,-106.88034568749299,-2.448747152619583,0.0,Long,Closed
9,btc_any_sustained_down,0,0.06,0.1,0.035,0.3,5,0.41695540073094733,0.38461538461538464,,2025-02-03 01:48:00+00:00,2025-02-03 01:55:00+00:00,0.23712,0.221,18271.891630561855,-294.54289308465695,-6.7982456140350855,0.0,Long,Closed
9,btc_any_sustained_down,0,0.06,0.1,0.035,0.3,5,0.41695540073094733,0.38461538461538464,,2025-02-03 01:56:00+00:00,2025-02-03 02:06:00+00:00,0.22798,0.21048,18616.843913998724,-325.79476849497723,-7.676111939643819,0.0,Long,Closed
9,btc_any_sustained_down,0,0.06,0.1,0.035,0.3,5,0.41695540073094733,0.38461538461538464,,2025-02-03 02:07:00+00:00,2025-02-03 02:13:00+00:00,0.20344,0.22693,20382.076508872084,478.774977193405,11.546401887534403,0.0,Long,Closed
9,btc_any_sustained_down,0,0.06,0.1,0.035,0.3,5,0.41695540073094733,0.38461538461538464,,2025-02-03 02:26:00+00:00,2025-02-03 04:27:00+00:00,0.23115000000000002,0.22708,18560.078469058873,-75.53951936907015,-1.7607614103396187,0.0,Long,Closed
9,btc_any_sustained_down,0,0.06,0.1,0.035,0.3,5,0.41695540073094733,0.38461538461538464,,2025-02-03 04:28:00+00:00,2025-02-03 07:41:00+00:00,0.22709,0.25402,18792.110098693192,506.07152495780883,11.858734422475699,0.0,Long,Closed
9,btc_any_sustained_down,0,0.06,0.1,0.035,0.3,5,0.41695540073094733,0.38461538461538464,,2025-02-03 14:01:00+00:00,2025-02-03 19:16:00+00:00,0.24899,0.27568,17748.99289047584,473.72062024680054,10.719305996224756,0.0,Long,Closed
9,btc_any_sustained_down,0,0.06,0.1,0.035,0.3,5,0.41695540073094733,0.38461538461538464,,2025-02-03 20:09:00+00:00,2025-02-04 05:04:00+00:00,0.27882,0.27388,16359.794583866364,-80.81738524429966,-1.7717523850512835,0.0,Long,Closed
9,btc_any_sustained_down,0,0.06,0.1,0.035,0.3,5,0.41695540073094733,0.38461538461538464,,2025-02-04 05:06:00+00:00,2025-02-04 21:05:00+00:00,0.27382,0.25889,16569.98287305649,-247.38984429473294,-5.45248703527864,0.0,Long,Closed
9,btc_any_sustained_down,0,0.06,0.1,0.035,0.3,5,0.41695540073094733,0.38461538461538464,,2025-02-04 21:06:00+00:00,2025-02-06 15:31:00+00:00,0.25872,0.25037,17250.215511023147,-144.03929951704413,-3.2274273345702107,0.0,Long,Closed
9,btc_any_sustained_down,0,0.06,0.1,0.035,0.3,5,0.41695540073094733,0.38461538461538464,,2025-02-06 16:23:00+00:00,2025-02-09 21:40:00+00:00,0.24814,0.24501,17811.573979031175,-55.750226554368055,-1.2613847021842615,0.0,Long,Closed
9,btc_any_sustained_down,0,0.06,0.1,0.035,0.3,5,0.41695540073094733,0.38461538461538464,,2025-02-09 21:42:00+00:00,2025-02-14 13:34:00+00:00,0.24439,0.26946,18016.44461389781,451.6722664704175,10.258193870452951,0.0,Long,Closed
9,btc_any_sustained_down,0,0.06,0.1,0.035,0.3,5,0.41695540073094733,0.38461538461538464,,2025-02-14 15:16:00+00:00,2025-02-16 23:02:00+00:00,0.26952,0.26585,16839.34616774863,-61.80040043563804,-1.3616800237459312,0.0,Long,Closed
9,btc_any_sustained_down,0,0.06,0.1,0.035,0.3,5,0.41695540073094733,0.38461538461538464,,2025-02-19 14:44:00+00:00,2025-02-21 19:17:00+00:00,0.25179,0.24354,17951.46931570324,-148.09962185455151,-3.2765399737876755,0.0,Long,Closed
9,btc_any_sustained_down,0,0.06,0.1,0.035,0.3,5,0.41695540073094733,0.38461538461538464,,2025-02-21 19:19:00+00:00,2025-02-24 14:42:00+00:00,0.24287,0.22694,18427.844412420443,-293.5555614898576,-6.559064520113639,0.0,Long,Closed
9,btc_any_sustained_down,0,0.06,0.1,0.035,0.3,5,0.41695540073094733,0.38461538461538464,,2025-02-24 22:03:00+00:00,2025-02-25 07:26:00+00:00,0.21325,0.1988,20574.461448992246,-297.3009679379379,-6.776084407971863,0.0,Long,Closed
9,btc_any_sustained_down,0,0.06,0.1,0.035,0.3,5,0.41695540073094733,0.38461538461538464,,2025-02-25 07:27:00+00:00,2025-02-26 17:55:00+00:00,0.20138,0.20135,21344.29245017487,-0.6403287735056438,-0.014897209256141934,0.0,Long,Closed
9,btc_any_sustained_down,0,0.06,0.1,0.035,0.3,5,0.41695540073094733,0.38461538461538464,,2025-02-26 17:56:00+00:00,2025-02-28 01:32:00+00:00,0.20136,0.19842,21345.458457410426,-62.755647864786624,-1.460071513706793,0.0,Long,Closed
9,btc_any_sustained_down,0,0.06,0.1,0.035,0.3,5,0.41695540073094733,0.38461538461538464,,2025-02-28 01:33:00+00:00,2025-02-28 04:04:00+00:00,0.19799,0.1869,21613.69170475644,-239.69584100574866,-5.601292994595681,0.0,Long,Closed
9,btc_any_sustained_down,0,0.06,0.1,0.035,0.3,5,0.41695540073094733,0.38461538461538464,,2025-02-28 04:05:00+00:00,2025-03-01 04:11:00+00:00,0.1882,0.20751,22355.93022488312,431.69301264249316,10.26036131774708,0.0,Long,Closed
9,btc_any_sustained_down,0,0.06,0.1,0.035,0.3,5,0.41695540073094733,0.38461538461538464,,2025-03-01 04:53:00+00:00,2025-03-02 16:35:00+00:00,0.20835,0.23026,20815.425832089033,456.0659799810701,10.515958723302122,0.0,Long,Closed
9,btc_any_sustained_down,0,0.06,0.1,0.035,0.3,5,0.41695540073094733,0.38461538461538464,,2025-03-02 17:04:00+00:00,2025-03-03 03:19:00+00:00,0.22517,0.22682,19868.16079455554,32.782465311016495,0.7327796775769385,0.0,Long,Closed
9,btc_any_sustained_down,0,0.06,0.1,0.035,0.3,5,0.41695540073094733,0.38461538461538464,,2025-03-03 06:42:00+00:00,2025-03-03 18:26:00+00:00,0.22179000000000001,0.20985,20215.2870088975,-241.3705268862359,-5.38347085080481,0.0,Long,Closed
9,btc_any_sustained_down,0,0.06,0.1,0.035,0.3,5,0.41695540073094733,0.38461538461538464,,2025-03-03 18:27:00+00:00,2025-03-03 20:39:00+00:00,0.20933,0.19634,21072.64772195818,-273.733693908237,-6.2055128266373725,0.0,Long,Closed
9,btc_any_sustained_down,0,0.06,0.1,0.035,0.3,5,0.41695540073094733,0.38461538461538464,,2025-03-03 20:41:00+00:00,2025-03-04 01:45:00+00:00,0.19616,0.18823,22068.807297435942,-175.00564186866723,-4.042618270799352,0.0,Long,Closed
9,btc_any_sustained_down,0,0.06,0.1,0.035,0.3,5,0.41695540073094733,0.38461538461538464,,2025-03-04 01:46:00+00:00,2025-03-04 16:29:00+00:00,0.18931,0.18597,22590.01398185217,-75.4506466993862,-1.7643019386191945,0.0,Long,Closed
9,btc_any_sustained_down,0,0.06,0.1,0.035,0.3,5,0.41695540073094733,0.38461538461538464,,2025-03-04 19:29:00+00:00,2025-03-06 16:58:00+00:00,0.19923,0.2027,21351.605445438032,74.09007089566967,1.7417055664307513,0.0,Long,Closed
9,btc_any_sustained_down,0,0.06,0.1,0.035,0.3,5,0.41695540073094733,0.38461538461538464,,2025-03-06 16:59:00+00:00,2025-03-07 00:53:00+00:00,0.20282999999999998,0.19132,21082.22340957117,-242.65639144416446,-5.674702953212057,0.0,Long,Closed
9,btc_any_sustained_down,0,0.06,0.1,0.035,0.3,5,0.41695540073094733,0.38461538461538464,,2025-03-07 00:54:00+00:00,2025-03-08 01:33:00+00:00,0.19084,0.19555,22025.311552767085,103.73921741353297,2.468036051142318,0.0,Long,Closed
9,btc_any_sustained_down,0,0.06,0.1,0.035,0.3,5,0.41695540073094733,0.38461538461538464,,2025-03-08 01:34:00+00:00,2025-03-09 10:50:00+00:00,0.1961,0.18392,21593.229076767624,-263.00553015502965,-6.211116777154513,0.0,Long,Closed
9,btc_any_sustained_down,0,0.06,0.1,0.035,0.3,5,0.41695540073094733,0.38461538461538464,,2025-03-09 12:08:00+00:00,2025-03-09 16:36:00+00:00,0.1844,0.17247,22535.415200149793,-268.84750333778675,-6.46963123644251,0.0,Long,Closed
9,btc_any_sustained_down,0,0.06,0.1,0.035,0.3,5,0.41695540073094733,0.38461538461538464,,2025-03-09 16:38:00+00:00,2025-03-10 14:03:00+00:00,0.17217,0.16884,23667.74880586796,-78.81360352354068,-1.9341348667015252,0.0,Long,Closed
9,btc_any_sustained_down,0,0.06,0.1,0.035,0.3,5,0.41695540073094733,0.38461538461538464,,2025-03-10 14:04:00+00:00,2025-03-10 17:07:00+00:00,0.16951,0.15952,23899.665098514684,-238.75765433416154,-5.893457613120166,0.0,Long,Closed
9,btc_any_sustained_down,0,0.06,0.1,0.035,0.3,5,0.41695540073094733,0.38461538461538464,,2025-03-10 17:08:00+00:00,2025-03-10 19:02:00+00:00,0.15994,0.15171,24881.861539008227,-204.7777204660374,-5.14567962986119,0.0,Long,Closed
9,btc_any_sustained_down,0,0.06,0.1,0.035,0.3,5,0.41695540073094733,0.38461538461538464,,2025-03-10 19:44:00+00:00,2025-03-11 00:35:00+00:00,0.1565,0.14786,25036.240373221495,-216.3131168246341,-5.520766773162949,0.0,Long,Closed
9,btc_any_sustained_down,0,0.06,0.1,0.035,0.3,5,0.41695540073094733,0.38461538461538464,,2025-03-11 00:36:00+00:00,2025-03-11 18:12:00+00:00,0.14934,0.16491,25802.046895418334,401.73787016166307,10.425873844917627,0.0,Long,Closed
9,btc_any_sustained_down,0,0.06,0.1,0.035,0.3,5,0.41695540073094733,0.38461538461538464,,2025-03-12 02:03:00+00:00,2025-03-12 15:06:00+00:00,0.1658,0.16229,23967.424875815883,-84.12566131411404,-2.1170084439083308,0.0,Long,Closed
9,btc_any_sustained_down,0,0.06,0.1,0.035,0.3,5,0.41695540073094733,0.38461538461538464,,2025-03-12 15:07:00+00:00,2025-03-18 13:40:00+00:00,0.16175,0.16396,24411.5075487854,53.94943168281543,1.366306027820703,0.0,Long,Closed
9,btc_any_sustained_down,0,0.06,0.1,0.035,0.3,5,0.41695540073094733,0.38461538461538464,,2025-03-18 13:41:00+00:00,2025-03-20 16:34:00+00:00,0.16421,0.16798,24144.364993123952,91.0242560240772,2.295840691797087,0.0,Long,Closed
9,btc_any_sustained_down,0,0.06,0.1,0.035,0.3,5,0.41695540073094733,0.38461538461538464,,2025-03-21 12:42:00+00:00,2025-03-24 14:18:00+00:00,0.16657,0.18474,23966.22112221953,435.4662377907289,10.908326829561148,0.0,Long,Closed
9,btc_any_sustained_down,0,0.06,0.1,0.035,0.3,5,0.41695540073094733,0.38461538461538464,,2025-03-24 14:32:00+00:00,2025-03-26 07:32:00+00:00,0.18022,0.19979,22875.892374127878,447.68121376168256,10.858950172011985,0.0,Long,Closed
9,btc_any_sustained_down,0,0.06,0.1,0.035,0.3,5,0.41695540073094733,0.38461538461538464,,2025-03-26 13:53:00+00:00,2025-03-28 04:40:00+00:00,0.19828,0.18457,21469.627233174448,-294.34858936682167,-6.914464393786564,0.0,Long,Closed
9,btc_any_sustained_down,0,0.06,0.1,0.035,0.3,5,0.41695540073094733,0.38461538461538464,,2025-03-28 14:10:00+00:00,2025-03-29 17:16:00+00:00,0.17845,0.16651,23360.56660680181,-278.925165285214,-6.690949845895218,0.0,Long,Closed
9,btc_any_sustained_down,0,0.06,0.1,0.035,0.3,5,0.41695540073094733,0.38461538461538464,,2025-03-30 22:09:00+00:00,2025-04-02 22:03:00+00:00,0.16512,0.16802,24739.67757629736,71.74506497126276,1.7562984496124134,0.0,Long,Closed
9,btc_any_sustained_down,0,0.06,0.1,0.035,0.3,5,0.41695540073094733,0.38461538461538464,,2025-04-02 22:06:00+00:00,2025-04-03 12:46:00+00:00,0.16737,0.15708,24535.693857259957,-252.47228979120518,-6.1480552070263546,0.0,Long,Closed
9,btc_any_sustained_down,0,0.06,0.1,0.035,0.3,5,0.41695540073094733,0.38461538461538464,,2025-04-03 12:48:00+00:00,2025-04-04 17:49:00+00:00,0.15616,0.1719,25811.97101659988,406.28042380128227,10.079405737704922,0.0,Long,Closed
9,btc_any_sustained_down,0,0.06,0.1,0.035,0.3,5,0.41695540073094733,0.38461538461538464,,2025-04-06 17:55:00+00:00,2025-04-06 22:44:00+00:00,0.15756,0.1479,26356.191426076555,-254.60080917589994,-6.13099771515614,0.0,Long,Closed
9,btc_any_sustained_down,0,0.06,0.1,0.035,0.3,5,0.41695540073094733,0.38461538461538464,,2025-04-06 22:49:00+00:00,2025-04-07 03:44:00+00:00,0.14803,0.14037,27536.994381813496,-210.93337696469143,-5.174626764844965,0.0,Long,Closed
9,btc_any_sustained_down,0,0.06,0.1,0.035,0.3,5,0.41695540073094733,0.38461538461538464,,2025-04-07 04:12:00+00:00,2025-04-07 06:43:00+00:00,0.14113,0.1339,28434.92712570286,-205.58452311883184,-5.122936299865376,0.0,Long,Closed
9,btc_any_sustained_down,0,0.06,0.1,0.035,0.3,5,0.41695540073094733,0.38461538461538464,,2025-04-07 06:55:00+00:00,2025-04-07 13:51:00+00:00,0.13094,0.1461,30176.76728512903,457.4797920425567,11.57782190316177,0.0,Long,Closed
9,btc_any_sustained_down,0,0.06,0.1,0.035,0.3,5,0.41695540073094733,0.38461538461538464,,2025-04-07 14:20:00+00:00,2025-04-08 17:00:00+00:00,0.1503,0.14537,27202.85991967772,-134.11009940401118,-3.280106453759149,0.0,Long,Closed
9,btc_any_sustained_down,0,0.06,0.1,0.035,0.3,5,0.41695540073094733,0.38461538461538464,,2025-04-08 17:13:00+00:00,2025-04-09 01:20:00+00:00,0.14375,0.13775,28162.482199000755,-168.97489319400393,-4.1739130434782465,0.0,Long,Closed
9,btc_any_sustained_down,0,0.06,0.1,0.035,0.3,5,0.41695540073094733,0.38461538461538464,,2025-04-09 01:21:00+00:00,2025-04-09 17:22:00+00:00,0.13766,0.15185,29040.13038027137,412.079450096051,10.308005230277502,0.0,Long,Closed
9,btc_any_sustained_down,0,0.06,0.1,0.035,0.3,5,0.41695540073094733,0.38461538461538464,,2025-04-09 18:46:00+00:00,2025-04-10 03:18:00+00:00,0.15955,0.1542,25830.699988573946,-138.19424493887027,-3.3531808210592216,0.0,Long,Closed
9,btc_any_sustained_down,0,0.06,0.1,0.035,0.3,5,0.41695540073094733,0.38461538461538464,,2025-04-10 07:32:00+00:00,2025-04-15 14:01:00+00:00,0.15638,0.15892,26089.205203320827,66.26658121643504,1.624248625143884,0.0,Long,Closed
9,btc_any_sustained_down,0,0.06,0.1,0.035,0.3,5,0.41695540073094733,0.38461538461538464,,2025-04-15 14:02:00+00:00,2025-04-22 21:22:00+00:00,0.15838,0.1755,25885.27518664126,443.15591119529836,10.80944563707539,0.0,Long,Closed
9,btc_any_sustained_down,0,0.06,0.1,0.035,0.3,5,0.41695540073094733,0.38461538461538464,,2025-04-23 13:57:00+00:00,2025-04-24 08:48:00+00:00,0.18054,0.17014,23444.425930092122,-243.8220296729578,-5.760496288911038,0.0,Long,Closed
9,btc_any_sustained_down,0,0.06,0.1,0.035,0.3,5,0.41695540073094733,0.38461538461538464,,2025-04-25 01:21:00+00:00,2025-04-30 12:36:00+00:00,0.18191,0.17255,22865.75805902338,-214.02349543245873,-5.145401572206033,0.0,Long,Closed
9,btc_any_sustained_down,0,0.06,0.1,0.035,0.3,5,0.41695540073094733,0.38461538461538464,,2025-04-30 13:43:00+00:00,2025-05-04 22:03:00+00:00,0.16958,0.17122,24149.681565557294,39.60547776751355,0.9670951763179518,0.0,Long,Closed
9,btc_any_sustained_down,0,0.06,0.1,0.035,0.3,5,0.41695540073094733,0.38461538461538464,,2025-05-04 22:05:00+00:00,2025-05-08 15:24:00+00:00,0.17097,0.18859,24022.838177560156,423.2824086886103,10.305901620167289,0.0,Long,Closed
9,btc_any_sustained_down,0,0.06,0.1,0.035,0.3,5,0.41695540073094733,0.38461538461538464,,2025-05-08 15:57:00+00:00,2025-05-09 08:39:00+00:00,0.18903000000000003,0.20962,22399.457048214794,461.20482062274186,10.892450933714207,0.0,Long,Closed
9,btc_any_sustained_down,0,0.06,0.1,0.035,0.3,5,0.41695540073094733,0.38461538461538464,,2025-05-09 08:41:00+00:00,2025-05-10 23:15:00+00:00,0.20722999999999997,0.24767,21099.892930612677,853.2796701139769,19.514549051778225,0.0,Long,Closed
9,btc_any_sustained_down,0,0.06,0.1,0.035,0.3,5,0.41695540073094733,0.38461538461538464,,2025-05-12 07:43:00+00:00,2025-05-12 18:05:00+00:00,0.24663,0.22813,18767.038531586015,-347.19021283434085,-7.50111503061265,0.0,Long,Closed
9,btc_any_sustained_down,0,0.06,0.1,0.035,0.3,5,0.41695540073094733,0.38461538461538464,,2025-05-12 18:09:00+00:00,2025-05-15 13:39:00+00:00,0.22693,0.22311,19937.239012888364,-76.16025302923299,-1.6833384744194122,0.0,Long,Closed
9,btc_any_sustained_down,0,0.06,0.1,0.035,0.3,5,0.41695540073094733,0.38461538461538464,,2025-05-18 18:03:00+00:00,2025-05-19 04:06:00+00:00,0.22921000000000002,0.21868,19639.237264019837,-206.80116839012862,-4.594040399633518,0.0,Long,Closed
9,btc_any_sustained_down,0,0.06,0.1,0.035,0.3,5,0.41695540073094733,0.38461538461538464,,2025-05-19 04:08:00+00:00,2025-05-22 01:04:00+00:00,0.21897,0.24088,20274.326267383425,444.2104885183717,10.005936886331481,0.0,Long,Closed
9,btc_any_sustained_down,0,0.06,0.1,0.035,0.3,5,0.41695540073094733,0.38461538461538464,,2025-05-22 06:00:00+00:00,2025-05-23 23:42:00+00:00,0.23802999999999996,0.22382,19210.73969383884,-272.98461104945,-5.969835734991389,0.0,Long,Closed
9,btc_any_sustained_down,0,0.06,0.1,0.035,0.3,5,0.41695540073094733,0.38461538461538464,,2025-05-26 16:20:00+00:00,2025-05-30 00:49:00+00:00,0.22513,0.21149,19947.750126636274,-272.0873117273186,-6.058721627504104,0.0,Long,Closed
9,btc_any_sustained_down,0,0.06,0.1,0.035,0.3,5,0.41695540073094733,0.38461538461538464,,2025-05-30 00:59:00+00:00,2025-05-30 23:18:00+00:00,0.20378,0.1907,21637.112535535525,-283.0134319648041,-6.418686819118645,0.0,Long,Closed
9,btc_any_sustained_down,0,0.06,0.1,0.035,0.3,5,0.41695540073094733,0.38461538461538464,,2025-06-02 13:50:00+00:00,2025-06-05 16:59:00+00:00,0.18973,0.18106,22791.89776472876,-197.6057536201988,-4.569651610182902,0.0,Long,Closed
9,btc_any_sustained_down,0,0.06,0.1,0.035,0.3,5,0.41695540073094733,0.38461538461538464,,2025-06-05 19:18:00+00:00,2025-06-09 21:12:00+00:00,0.17241,0.19108,24737.68944270012,461.852661895211,10.828838234441152,0.0,Long,Closed
9,btc_any_sustained_down,0,0.06,0.1,0.035,0.3,5,0.41695540073094733,0.38461538461538464,,2025-06-12 19:51:00+00:00,2025-06-13 00:32:00+00:00,0.18433,0.17282,23889.658956135685,-274.96997458512124,-6.244235881299832,0.0,Long,Closed
9,btc_any_sustained_down,0,0.06,0.1,0.035,0.3,5,0.41695540073094733,0.38461538461538464,,2025-06-13 00:33:00+00:00,2025-06-17 16:49:00+00:00,0.17274,0.16597,25014.992723219606,-169.3515007361966,-3.919184902165101,0.0,Long,Closed
9,btc_any_sustained_down,0,0.06,0.1,0.035,0.3,5,0.41695540073094733,0.38461538461538464,,2025-06-17 16:51:00+00:00,2025-06-20 17:20:00+00:00,0.16529,0.15947,25835.10431839855,-150.360307133079,-3.5210841551212892,0.0,Long,Closed
9,btc_any_sustained_down,0,0.06,0.1,0.035,0.3,5,0.41695540073094733,0.38461538461538464,,2025-06-20 17:22:00+00:00,2025-06-21 21:31:00+00:00,0.15978,0.1504,26443.711983027733,-248.04201840080032,-5.870572036550261,0.0,Long,Closed
9,btc_any_sustained_down,0,0.06,0.1,0.035,0.3,5,0.41695540073094733,0.38461538461538464,,2025-06-21 21:32:00+00:00,2025-06-22 13:44:00+00:00,0.15227,0.14749,27259.23487967382,-130.2991427248403,-3.1391607013856833,0.0,Long,Closed
9,btc_any_sustained_down,0,0.06,0.1,0.035,0.3,5,0.41695540073094733,0.38461538461538464,,2025-06-22 14:20:00+00:00,2025-06-23 22:14:00+00:00,0.14782,0.16275,27815.410311936677,415.28407595721455,10.100121769719928,0.0,Long,Closed
9,btc_any_sustained_down,0,0.06,0.1,0.035,0.3,5,0.41695540073094733,0.38461538461538464,,2025-06-23 22:39:00+00:00,2025-07-10 16:24:00+00:00,0.16381,0.18199,25860.809322371308,470.1495134807101,11.098223551675714,0.0,Long,Closed
9,btc_any_sustained_down,0,0.06,0.1,0.035,0.3,5,0.41695540073094733,0.38461538461538464,,2025-07-15 02:00:00+00:00,2025-07-17 13:53:00+00:00,0.19365,0.21405,22604.203610337503,461.1257536508847,10.53446940356312,0.0,Long,Closed
9,btc_any_sustained_down,0,0.06,0.1,0.035,0.3,5,0.41695540073094733,0.38461538461538464,,2025-07-17 22:54:00+00:00,2025-07-18 14:17:00+00:00,0.21861,0.24715,20656.15367657986,589.5266259295895,13.05521247884361,0.0,Long,Closed
9,btc_any_sustained_down,0,0.06,0.1,0.035,0.3,5,0.41695540073094733,0.38461538461538464,,2025-07-18 14:19:00+00:00,2025-07-21 14:20:00+00:00,0.24611999999999998,0.27892,19065.901767495532,625.3615779738539,13.326832439460434,0.0,Long,Closed
9,btc_any_sustained_down,0,0.06,0.1,0.035,0.3,5,0.41695540073094733,0.38461538461538464,,2025-07-22 13:53:00+00:00,2025-07-23 20:34:00+00:00,0.26282,0.23503,18568.252859021977,-516.0117469522211,-10.573776729320453,0.0,Long,Closed
9,btc_any_sustained_down,0,0.06,0.1,0.035,0.3,5,0.41695540073094733,0.38461538461538464,,2025-07-25 03:37:00+00:00,2025-07-29 00:40:00+00:00,0.22291,0.22401,21198.26249303526,23.31808874233866,0.4934727019873465,0.0,Long,Closed
9,btc_any_sustained_down,0,0.06,0.1,0.035,0.3,5,0.41695540073094733,0.38461538461538464,,2025-07-30 18:56:00+00:00,2025-08-01 00:50:00+00:00,0.21702,0.20438,21805.82489607037,-275.62562668632927,-5.8243479863607,0.0,Long,Closed
9,btc_any_sustained_down,0,0.06,0.1,0.035,0.3,5,0.41695540073094733,0.38461538461538464,,2025-08-01 00:52:00+00:00,2025-08-02 17:52:00+00:00,0.20415,0.19184,22775.471128774396,-280.36604959521264,-6.029879990203279,0.0,Long,Closed
9,btc_any_sustained_down,0,0.06,0.1,0.035,0.3,5,0.41695540073094733,0.38461538461538464,,2025-08-07 16:46:00+00:00,2025-08-10 03:09:00+00:00,0.21134,0.23973,21602.64321028073,613.2990407398702,13.433330178858716,0.0,Long,Closed
9,btc_any_sustained_down,0,0.06,0.1,0.035,0.3,5,0.41695540073094733,0.38461538461538464,,2025-08-12 13:45:00+00:00,2025-08-14 00:32:00+00:00,0.22417,0.24747,21187.011323025785,493.65736382650084,10.393897488513183,0.0,Long,Closed
9,btc_any_sustained_down,0,0.06,0.1,0.035,0.3,5,0.41695540073094733,0.38461538461538464,,2025-08-14 12:33:00+00:00,2025-08-20 11:53:00+00:00,0.22825,0.2134,21457.128312949135,-318.638355447295,-6.5060240963855485,0.0,Long,Closed
9,btc_any_sustained_down,0,0.06,0.1,0.035,0.3,5,0.41695540073094733,0.38461538461538464,,2025-08-20 13:47:00+00:00,2025-08-22 15:05:00+00:00,0.21041,0.23151,22822.09985645384,481.5463069711759,10.028040492372032,0.0,Long,Closed
9,btc_any_sustained_down,0,0.06,0.1,0.035,0.3,5,0.41695540073094733,0.38461538461538464,,2025-08-24 19:36:00+00:00,2025-08-25 08:15:00+00:00,0.23376,0.22121,21160.429170464602,-265.5633860893313,-5.368754277891866,0.0,Long,Closed
9,btc_any_sustained_down,0,0.06,0.1,0.035,0.3,5,0.41695540073094733,0.38461538461538464,,2025-08-25 19:37:00+00:00,2025-09-01 20:44:00+00:00,0.21533,0.2072,22601.5553200251,-183.75064475180443,-3.7756002414898133,0.0,Long,Closed
9,btc_any_sustained_down,0,0.06,0.1,0.035,0.3,5,0.41695540073094733,0.38461538461538464,,2025-09-02 12:45:00+00:00,2025-09-04 23:05:00+00:00,0.20812,0.21431,23119.679577337425,143.1108165837186,2.9742456275225817,0.0,Long,Open
10,btc_any_breakout_down,0,0.1,0.06,0.03,0.5,60,0.4084025007632482,0.5869565217391305,,2024-08-01 14:06:00+00:00,2024-08-03 18:33:00+00:00,0.11934999999999998,0.10654,41893.59028068706,-536.6568914956006,-10.73313782991201,0.0,Long,Closed
10,btc_any_breakout_down,0,0.1,0.06,0.03,0.5,60,0.4084025007632482,0.5869565217391305,,2024-08-03 19:47:00+00:00,2024-08-05 00:57:00+00:00,0.10678,0.09739,44312.33896096834,-416.0928628434922,-8.793781607042506,0.0,Long,Closed
10,btc_any_breakout_down,0,0.1,0.06,0.03,0.5,60,0.4084025007632482,0.5869565217391305,,2024-08-05 01:01:00+00:00,2024-08-05 06:18:00+00:00,0.09781,0.08807,46249.10666425165,-450.4662989098106,-9.95808199570595,0.0,Long,Closed
10,btc_any_breakout_down,0,0.1,0.06,0.03,0.5,60,0.4084025007632482,0.5869565217391305,,2024-08-05 06:19:00+00:00,2024-08-05 11:27:00+00:00,0.08799,0.08093,48850.91457410556,-344.8874568931851,-8.02363904989203,0.0,Long,Closed
10,btc_any_breakout_down,0,0.1,0.06,0.03,0.5,60,0.4084025007632482,0.5869565217391305,,2024-08-05 11:28:00+00:00,2024-08-05 13:33:00+00:00,0.08118,0.08633,50824.68890033204,261.7471478367097,6.343927075634386,0.0,Long,Closed
10,btc_any_breakout_down,0,0.1,0.06,0.03,0.5,60,0.4084025007632482,0.5869565217391305,,2024-08-05 13:35:00+00:00,2024-08-05 14:06:00+00:00,0.08631,0.09208,49320.146203769094,284.57724359574786,6.685204495423479,0.0,Long,Closed
10,btc_any_breakout_down,0,0.1,0.06,0.03,0.5,60,0.4084025007632482,0.5869565217391305,,2024-08-05 14:07:00+00:00,2024-08-05 16:12:00+00:00,0.09158,0.09725,48035.711297719856,272.36248305807203,6.191308145883391,0.0,Long,Closed
10,btc_any_breakout_down,0,0.1,0.06,0.03,0.5,60,0.4084025007632482,0.5869565217391305,,2024-08-05 16:27:00+00:00,2024-08-08 16:02:00+00:00,0.09832,0.10474,46127.864952951786,296.1408929979498,6.529698942229439,0.0,Long,Closed
10,btc_any_breakout_down,0,0.1,0.06,0.03,0.5,60,0.4084025007632482,0.5869565217391305,,2024-08-08 17:06:00+00:00,2024-08-11 09:20:00+00:00,0.10333,0.10995,45324.32138462397,300.0470075662106,6.4066582792993305,0.0,Long,Closed
10,btc_any_breakout_down,0,0.1,0.06,0.03,0.5,60,0.4084025007632482,0.5869565217391305,,2024-08-11 09:21:00+00:00,2024-08-15 18:18:00+00:00,0.1098,0.09878,44019.905577926234,-485.099359468747,-10.036429872495445,0.0,Long,Closed
10,btc_any_breakout_down,0,0.1,0.06,0.03,0.5,60,0.4084025007632482,0.5869565217391305,,2024-08-15 18:19:00+00:00,2024-08-20 05:19:00+00:00,0.09883,0.10551,46451.84612690405,310.2983321277188,6.759081250632394,0.0,Long,Closed
10,btc_any_breakout_down,0,0.1,0.06,0.03,0.5,60,0.4084025007632482,0.5869565217391305,,2024-08-20 13:45:00+00:00,2024-08-23 17:41:00+00:00,0.10460999999999998,0.11116,45368.369360345925,297.16281931026606,6.261351687219201,0.0,Long,Closed
10,btc_any_breakout_down,0,0.1,0.06,0.03,0.5,60,0.4084025007632482,0.5869565217391305,,2024-08-23 18:07:00+00:00,2024-08-27 14:13:00+00:00,0.11171,0.10324,43814.93624958302,-371.11251003396865,-7.582132306866001,0.0,Long,Closed
10,btc_any_breakout_down,0,0.1,0.06,0.03,0.5,60,0.4084025007632482,0.5869565217391305,,2024-08-27 21:14:00+00:00,2024-09-04 01:04:00+00:00,0.10217,0.09213,46089.95080183944,-462.74310605046776,-9.82675932269746,0.0,Long,Closed
10,btc_any_breakout_down,0,0.1,0.06,0.03,0.5,60,0.4084025007632482,0.5869565217391305,,2024-09-04 01:05:00+00:00,2024-09-04 16:03:00+00:00,0.09295,0.09901,48172.55212908769,291.92566590227125,6.5196342119418995,0.0,Long,Closed
10,btc_any_breakout_down,0,0.1,0.06,0.03,0.5,60,0.4084025007632482,0.5869565217391305,,2024-09-04 17:29:00+00:00,2024-09-06 21:00:00+00:00,0.09869999999999998,0.08918,46845.00054052521,-445.9644051457999,-9.645390070921984,0.0,Long,Closed
10,btc_any_breakout_down,0,0.1,0.06,0.03,0.5,60,0.4084025007632482,0.5869565217391305,,2024-09-06 21:11:00+00:00,2024-09-08 22:15:00+00:00,0.09007,0.09598,48857.77007635104,288.74942115123486,6.561563228599983,0.0,Long,Closed
10,btc_any_breakout_down,0,0.1,0.06,0.03,0.5,60,0.4084025007632482,0.5869565217391305,,2024-09-08 22:26:00+00:00,2024-09-09 16:25:00+00:00,0.09669000000000001,0.1025,47005.83370930349,273.1038938510528,6.008894404798831,0.0,Long,Closed
10,btc_any_breakout_down,0,0.1,0.06,0.03,0.5,60,0.4084025007632482,0.5869565217391305,,2024-09-09 17:42:00+00:00,2024-09-23 03:26:00+00:00,0.10289,0.10909,45500.495755448355,282.10307368378017,6.025852852560996,0.0,Long,Closed
10,btc_any_breakout_down,0,0.1,0.06,0.03,0.5,60,0.4084025007632482,0.5869565217391305,,2024-09-23 14:38:00+00:00,2024-09-26 10:32:00+00:00,0.10625,0.11506,45389.15336583502,399.87844115300686,8.29176470588236,0.0,Long,Closed
10,btc_any_breakout_down,0,0.1,0.06,0.03,0.5,60,0.4084025007632482,0.5869565217391305,,2024-09-26 14:28:00+00:00,2024-09-27 12:35:00+00:00,0.11454,0.12337,43849.631270267804,387.1922441164643,7.7090972585996065,0.0,Long,Closed
10,btc_any_breakout_down,0,0.1,0.06,0.03,0.5,60,0.4084025007632482,0.5869565217391305,,2024-09-29 22:17:00+00:00,2024-09-30 23:42:00+00:00,0.12611,0.11338,41361.77057929352,-526.5353394744061,-10.094362064864,0.0,Long,Closed
10,btc_any_breakout_down,0,0.1,0.06,0.03,0.5,60,0.4084025007632482,0.5869565217391305,,2024-10-01 13:35:00+00:00,2024-10-01 17:21:00+00:00,0.11522,0.10344,42986.15880938642,-506.3769507745719,-10.223919458427355,0.0,Long,Closed
10,btc_any_breakout_down,0,0.1,0.06,0.03,0.5,60,0.4084025007632482,0.5869565217391305,,2024-10-01 17:22:00+00:00,2024-10-04 12:52:00+00:00,0.10273,0.10952,45747.85109150411,310.62790891131317,6.609559038255626,0.0,Long,Closed
10,btc_any_breakout_down,0,0.1,0.06,0.03,0.5,60,0.4084025007632482,0.5869565217391305,,2024-10-04 14:08:00+00:00,2024-10-07 14:20:00+00:00,0.10735,0.11394,45225.809940250336,298.0380875062492,6.138798323241722,0.0,Long,Closed
10,btc_any_breakout_down,0,0.1,0.06,0.03,0.5,60,0.4084025007632482,0.5869565217391305,,2024-10-07 14:25:00+00:00,2024-10-16 11:27:00+00:00,0.11382,0.12594,43964.23950833771,532.8465828410526,10.648392198207688,0.0,Long,Closed
10,btc_any_breakout_down,0,0.1,0.06,0.03,0.5,60,0.4084025007632482,0.5869565217391305,,2024-10-16 11:53:00+00:00,2024-10-18 01:08:00+00:00,0.12584,0.13393,41882.01710314308,338.8255183644269,6.428798474253009,0.0,Long,Closed
10,btc_any_breakout_down,0,0.1,0.06,0.03,0.5,60,0.4084025007632482,0.5869565217391305,,2024-10-18 14:11:00+00:00,2024-10-21 06:58:00+00:00,0.13383,0.14726,40647.431752534845,545.8950084365424,10.035119181050575,0.0,Long,Closed
10,btc_any_breakout_down,0,0.1,0.06,0.03,0.5,60,0.4084025007632482,0.5869565217391305,,2024-10-21 13:18:00+00:00,2024-10-25 23:22:00+00:00,0.14227,0.12939,40154.58842805939,-517.1910989534053,-9.05320868770648,0.0,Long,Closed
10,btc_any_breakout_down,0,0.1,0.06,0.03,0.5,60,0.4084025007632482,0.5869565217391305,,2024-10-25 23:23:00+00:00,2024-10-28 07:13:00+00:00,0.12839,0.14414,42481.48412012857,669.083374892025,12.26731053820391,0.0,Long,Closed
10,btc_any_breakout_down,0,0.1,0.06,0.03,0.5,60,0.4084025007632482,0.5869565217391305,,2024-10-28 13:56:00+00:00,2024-10-28 19:17:00+00:00,0.14707,0.1563,39360.43675548595,363.29683125313477,6.2759230298497215,0.0,Long,Closed
10,btc_any_breakout_down,0,0.1,0.06,0.03,0.5,60,0.4084025007632482,0.5869565217391305,,2024-10-29 02:25:00+00:00,2024-10-31 20:48:00+00:00,0.1676,0.15728,35622.839196037516,-367.627700503107,-6.157517899761333,0.0,Long,Closed
10,btc_any_breakout_down,0,0.1,0.06,0.03,0.5,60,0.4084025007632482,0.5869565217391305,,2024-11-01 01:31:00+00:00,2024-11-03 02:29:00+00:00,0.1615,0.15178,35830.17956039835,-348.2693453270722,-6.018575851393193,0.0,Long,Closed
10,btc_any_breakout_down,0,0.1,0.06,0.03,0.5,60,0.4084025007632482,0.5869565217391305,,2024-11-03 15:55:00+00:00,2024-11-04 15:53:00+00:00,0.14577,0.1585,38502.01911463811,490.1307033293424,8.732935446250927,0.0,Long,Closed
10,btc_any_breakout_down,0,0.1,0.06,0.03,0.5,60,0.4084025007632482,0.5869565217391305,,2024-11-04 21:24:00+00:00,2024-11-05 14:23:00+00:00,0.15557,0.17177,37651.89096873091,609.9606336934403,10.413318763257687,0.0,Long,Closed
10,btc_any_breakout_down,0,0.1,0.06,0.03,0.5,60,0.4084025007632482,0.5869565217391305,,2024-11-05 14:29:00+00:00,2024-11-06 00:45:00+00:00,0.17348,0.18487,35522.74034385629,404.60401251652365,6.565598339866276,0.0,Long,Closed
10,btc_any_breakout_down,0,0.1,0.06,0.03,0.5,60,0.4084025007632482,0.5869565217391305,,2024-11-06 00:46:00+00:00,2024-11-06 02:52:00+00:00,0.1843,0.19559,34534.92675588959,389.8993230739943,6.125881714595781,0.0,Long,Closed
10,btc_any_breakout_down,0,0.1,0.06,0.03,0.5,60,0.4084025007632482,0.5869565217391305,,2024-11-06 03:05:00+00:00,2024-11-06 08:03:00+00:00,0.20517,0.19181,31972.201894270354,-427.1486173074518,-6.511673246576008,0.0,Long,Closed
10,btc_any_breakout_down,0,0.1,0.06,0.03,0.5,60,0.4084025007632482,0.5869565217391305,,2024-11-06 08:10:00+00:00,2024-11-06 11:19:00+00:00,0.19075,0.20321,33269.52741281113,414.53831156362685,6.532110091743122,0.0,Long,Closed
10,btc_any_breakout_down,0,0.1,0.06,0.03,0.5,60,0.4084025007632482,0.5869565217391305,,2024-11-06 13:18:00+00:00,2024-11-10 02:26:00+00:00,0.19789,0.22881,33116.537014379384,1023.96332448461,15.624842083986042,0.0,Long,Closed
10,btc_any_breakout_down,0,0.1,0.06,0.03,0.5,60,0.4084025007632482,0.5869565217391305,,2024-11-10 04:36:00+00:00,2024-11-10 12:08:00+00:00,0.22728,0.2433,31086.823178536786,498.01090732015837,7.048574445617726,0.0,Long,Closed
10,btc_any_breakout_down,0,0.1,0.06,0.03,0.5,60,0.4084025007632482,0.5869565217391305,,2024-11-10 12:12:00+00:00,2024-11-10 17:38:00+00:00,0.2418,0.27107,30249.87024680695,885.4137021240394,12.105045492142267,0.0,Long,Closed
10,btc_any_breakout_down,0,0.1,0.06,0.03,0.5,60,0.4084025007632482,0.5869565217391305,,2024-11-10 19:18:00+00:00,2024-11-10 21:12:00+00:00,0.27313,0.24802,28400.854819096916,-713.1454645075237,-9.193424376670452,0.0,Long,Closed
10,btc_any_breakout_down,0,0.1,0.06,0.03,0.5,60,0.4084025007632482,0.5869565217391305,,2024-11-10 22:11:00+00:00,2024-11-11 01:39:00+00:00,0.27525,0.29646,26886.658472247695,570.2660261963738,7.70572207084469,0.0,Long,Closed
10,btc_any_breakout_down,0,0.1,0.06,0.03,0.5,60,0.4084025007632482,0.5869565217391305,,2024-11-11 01:56:00+00:00,2024-11-11 15:31:00+00:00,0.29267,0.31249,26260.586180969574,520.4848181068164,6.772132435849243,0.0,Long,Closed
10,btc_any_breakout_down,0,0.1,0.06,0.03,0.5,60,0.4084025007632482,0.5869565217391305,,2024-11-11 15:42:00+00:00,2024-11-11 17:04:00+00:00,0.30589,0.32721,25976.4234418836,553.8173477809578,6.969825754356135,0.0,Long,Closed
10,btc_any_breakout_down,0,0.1,0.06,0.03,0.5,60,0.4084025007632482,0.5869565217391305,,2024-11-11 18:55:00+00:00,2024-11-11 23:30:00+00:00,0.32182,0.34295,25551.043566367076,539.8935505573354,6.565782114225333,0.0,Long,Closed
10,btc_any_breakout_down,0,0.1,0.06,0.03,0.5,60,0.4084025007632482,0.5869565217391305,,2024-11-11 23:31:00+00:00,2024-11-12 00:59:00+00:00,0.34268,0.36386,24783.42364832182,524.9129128714576,6.180693358235105,0.0,Long,Closed
10,btc_any_breakout_down,0,0.1,0.06,0.03,0.5,60,0.4084025007632482,0.5869565217391305,,2024-11-12 01:23:00+00:00,2024-11-12 04:24:00+00:00,0.35651,0.37977,24558.189313743373,571.2234834376704,6.524361167989673,0.0,Long,Closed
10,btc_any_breakout_down,0,0.1,0.06,0.03,0.5,60,0.4084025007632482,0.5869565217391305,,2024-11-12 04:25:00+00:00,2024-11-12 05:17:00+00:00,0.37586,0.4156,24053.774846915036,955.8970124164025,10.57308572340764,0.0,Long,Closed
10,btc_any_breakout_down,0,0.1,0.06,0.03,0.5,60,0.4084025007632482,0.5869565217391305,,2024-11-12 06:46:00+00:00,2024-11-12 10:36:00+00:00,0.40215,0.37827,23669.775755737133,-565.2342450470023,-5.938082804923531,0.0,Long,Closed
10,btc_any_breakout_down,0,0.1,0.06,0.03,0.5,60,0.4084025007632482,0.5869565217391305,,2024-11-12 10:38:00+00:00,2024-11-12 11:21:00+00:00,0.37254,0.39646,24792.46040061789,593.0356527827807,6.420787029580725,0.0,Long,Closed
10,btc_any_breakout_down,0,0.1,0.06,0.03,0.5,60,0.4084025007632482,0.5869565217391305,,2024-11-12 11:44:00+00:00,2024-11-12 13:01:00+00:00,0.39127,0.35934,24363.485634057244,-777.9260962954486,-8.160605208679437,0.0,Long,Closed
10,btc_any_breakout_down,0,0.1,0.06,0.03,0.5,60,0.4084025007632482,0.5869565217391305,,2024-11-12 13:02:00+00:00,2024-11-12 15:00:00+00:00,0.36058,0.38297,25358.41692797674,567.7749550173994,6.209440346109049,0.0,Long,Closed
10,btc_any_breakout_down,0,0.1,0.06,0.03,0.5,60,0.4084025007632482,0.5869565217391305,,2024-11-12 15:18:00+00:00,2024-11-13 01:09:00+00:00,0.37804,0.405,24938.169118078913,672.333039423409,7.1315204740239295,0.0,Long,Closed
10,btc_any_breakout_down,0,0.1,0.06,0.03,0.5,60,0.4084025007632482,0.5869565217391305,,2024-11-13 01:20:00+00:00,2024-11-13 14:33:00+00:00,0.39116,0.41517,24961.12070025119,599.3165080130311,6.138153185397281,0.0,Long,Closed
10,btc_any_breakout_down,0,0.1,0.06,0.03,0.5,60,0.4084025007632482,0.5869565217391305,,2024-11-13 14:34:00+00:00,2024-11-13 19:17:00+00:00,0.4146,0.38782,24272.673003176,-650.0221830250539,-6.459237819585148,0.0,Long,Closed
10,btc_any_breakout_down,0,0.1,0.06,0.03,0.5,60,0.4084025007632482,0.5869565217391305,,2024-11-13 19:18:00+00:00,2024-11-14 14:28:00+00:00,0.38628,0.41383,25210.829283432337,694.5583467585602,7.132132132132125,0.0,Long,Closed
10,btc_any_breakout_down,0,0.1,0.06,0.03,0.5,60,0.4084025007632482,0.5869565217391305,,2024-11-14 14:36:00+00:00,2024-11-14 23:11:00+00:00,0.4075,0.36576,24750.228979100673,-1033.0745575876626,-10.24294478527608,0.0,Long,Closed
10,btc_any_breakout_down,0,0.1,0.06,0.03,0.5,60,0.4084025007632482,0.5869565217391305,,2024-11-14 23:22:00+00:00,2024-11-17 02:10:00+00:00,0.36535,0.34205,26191.81888651893,-610.26938005589,-6.377446284384824,0.0,Long,Closed
10,btc_any_breakout_down,0,0.1,0.06,0.03,0.5,60,0.4084025007632482,0.5869565217391305,,2024-11-17 20:27:00+00:00,2024-11-19 13:23:00+00:00,0.35913,0.40059,25795.801910622184,1069.493947214396,11.54456603458358,0.0,Long,Closed
10,btc_any_breakout_down,0,0.1,0.06,0.03,0.5,60,0.4084025007632482,0.5869565217391305,,2024-11-19 13:31:00+00:00,2024-11-20 16:31:00+00:00,0.39751000000000003,0.37558,24650.432225023127,-540.5839786947563,-5.516842343588832,0.0,Long,Closed
10,btc_any_breakout_down,0,0.1,0.06,0.03,0.5,60,0.4084025007632482,0.5869565217391305,,2024-11-20 17:20:00+00:00,2024-11-22 14:12:00+00:00,0.37709,0.40547,25268.507052484994,717.120230149525,7.526054787981658,0.0,Long,Closed
10,btc_any_breakout_down,0,0.1,0.06,0.03,0.5,60,0.4084025007632482,0.5869565217391305,,2024-11-22 14:31:00+00:00,2024-11-23 16:17:00+00:00,0.39616,0.4416,24957.243132815853,1134.0571279551514,11.47011308562196,0.0,Long,Closed
10,btc_any_breakout_down,0,0.1,0.06,0.03,0.5,60,0.4084025007632482,0.5869565217391305,,2024-11-23 16:21:00+00:00,2024-11-25 15:12:00+00:00,0.44286,0.39852,23605.85738940953,-1046.6837166464175,-10.01219346971954,0.0,Long,Closed
10,btc_any_breakout_down,0,0.1,0.06,0.03,0.5,60,0.4084025007632482,0.5869565217391305,,2024-11-25 15:19:00+00:00,2024-11-26 11:03:00+00:00,0.40825,0.37247,24325.163858299315,-870.3543628499501,-8.76423759951011,0.0,Long,Closed
10,btc_any_breakout_down,0,0.1,0.06,0.03,0.5,60,0.4084025007632482,0.5869565217391305,,2024-11-26 11:31:00+00:00,2024-11-26 16:25:00+00:00,0.36677,0.38936,25889.715526694443,584.8486737480271,6.159173323881448,0.0,Long,Closed
10,btc_any_breakout_down,0,0.1,0.06,0.03,0.5,60,0.4084025007632482,0.5869565217391305,,2024-11-26 17:03:00+00:00,2024-11-29 15:31:00+00:00,0.38699,0.41752,25292.63107728813,772.1840267896059,7.889092741414499,0.0,Long,Closed
10,btc_any_breakout_down,0,0.1,0.06,0.03,0.5,60,0.4084025007632482,0.5869565217391305,,2024-11-29 15:32:00+00:00,2024-12-02 03:56:00+00:00,0.41703,0.44273,24396.535774391617,626.9909694018643,6.16262618996235,0.0,Long,Closed
10,btc_any_breakout_down,0,0.1,0.06,0.03,0.5,60,0.4084025007632482,0.5869565217391305,,2024-12-02 07:23:00+00:00,2024-12-05 04:53:00+00:00,0.4291400000000001,0.45635,24438.604648122913,664.9744324754229,6.340588153050271,0.0,Long,Closed
10,btc_any_breakout_down,0,0.1,0.06,0.03,0.5,60,0.4084025007632482,0.5869565217391305,,2024-12-05 05:39:00+00:00,2024-12-09 20:39:00+00:00,0.44951,0.41765,24070.81047125354,-766.8960216141386,-7.087717737091507,0.0,Long,Closed
10,btc_any_breakout_down,0,0.1,0.06,0.03,0.5,60,0.4084025007632482,0.5869565217391305,,2024-12-09 20:49:00+00:00,2024-12-10 15:42:00+00:00,0.41437,0.38101,25186.722021686197,-840.2290466434515,-8.050775876631995,0.0,Long,Closed
10,btc_any_breakout_down,0,0.1,0.06,0.03,0.5,60,0.4084025007632482,0.5869565217391305,,2024-12-10 15:46:00+00:00,2024-12-11 13:30:00+00:00,0.38281,0.40848,26165.741440412694,671.6745827753948,6.705676445233938,0.0,Long,Closed
10,btc_any_breakout_down,0,0.1,0.06,0.03,0.5,60,0.4084025007632482,0.5869565217391305,,2024-12-11 15:28:00+00:00,2024-12-18 19:59:00+00:00,0.41815,0.37431,24757.490786062608,-1085.368396060985,-10.484275977520031,0.0,Long,Closed
10,btc_any_breakout_down,0,0.1,0.06,0.03,0.5,60,0.4084025007632482,0.5869565217391305,,2024-12-18 20:02:00+00:00,2024-12-19 17:49:00+00:00,0.37102,0.33391,26439.708301874798,-981.1775750825745,-10.002156217993647,0.0,Long,Closed
10,btc_any_breakout_down,0,0.1,0.06,0.03,0.5,60,0.4084025007632482,0.5869565217391305,,2024-12-19 17:51:00+00:00,2024-12-20 09:09:00+00:00,0.33139,0.29396,28121.16173276291,-1052.575083657317,-11.294848969492152,0.0,Long,Closed
10,btc_any_breakout_down,0,0.1,0.06,0.03,0.5,60,0.4084025007632482,0.5869565217391305,,2024-12-20 09:11:00+00:00,2024-12-20 11:35:00+00:00,0.29468,0.26805,29838.415382081046,-794.5970016248184,-9.036921406271212,0.0,Long,Closed
10,btc_any_breakout_down,0,0.1,0.06,0.03,0.5,60,0.4084025007632482,0.5869565217391305,,2024-12-20 11:48:00+00:00,2024-12-20 12:21:00+00:00,0.26594,0.28208,31569.097330146775,509.5252309085681,6.069038128901245,0.0,Long,Closed
10,btc_any_breakout_down,0,0.1,0.06,0.03,0.5,60,0.4084025007632482,0.5869565217391305,,2024-12-20 12:22:00+00:00,2024-12-20 13:34:00+00:00,0.2808,0.29987,30805.727775760388,587.4652286837518,6.791310541310555,0.0,Long,Closed
10,btc_any_breakout_down,0,0.1,0.06,0.03,0.5,60,0.4084025007632482,0.5869565217391305,,2024-12-20 13:36:00+00:00,2024-12-20 19:20:00+00:00,0.29933,0.3184,29880.001916865644,569.8116365546284,6.370894998830728,0.0,Long,Closed
10,btc_any_breakout_down,0,0.1,0.06,0.03,0.5,60,0.4084025007632482,0.5869565217391305,,2024-12-20 21:08:00+00:00,2024-12-21 05:46:00+00:00,0.30915,0.33689,29852.45606357014,828.1071312034364,8.972990457706624,0.0,Long,Closed
10,btc_any_breakout_down,0,0.1,0.06,0.03,0.5,60,0.4084025007632482,0.5869565217391305,,2024-12-21 05:48:00+00:00,2024-12-22 14:26:00+00:00,0.33627,0.31392,28676.18389286712,-640.9127100055812,-6.646444821125892,0.0,Long,Closed
10,btc_any_breakout_down,0,0.1,0.06,0.03,0.5,60,0.4084025007632482,0.5869565217391305,,2024-12-22 14:27:00+00:00,2024-12-24 13:58:00+00:00,0.31327,0.33318,29758.623560033313,592.4941950802622,6.355539949564262,0.0,Long,Closed
10,btc_any_breakout_down,0,0.1,0.06,0.03,0.5,60,0.4084025007632482,0.5869565217391305,,2024-12-24 15:40:00+00:00,2025-01-03 14:39:00+00:00,0.33841,0.36377,28423.306344941833,720.8150489077234,7.493868384503988,0.0,Long,Closed
10,btc_any_breakout_down,0,0.1,0.06,0.03,0.5,60,0.4084025007632482,0.5869565217391305,,2025-01-03 14:40:00+00:00,2025-01-06 02:07:00+00:00,0.36273,0.38654,27511.202890981247,655.0417408342637,6.564111046784111,0.0,Long,Closed
10,btc_any_breakout_down,0,0.1,0.06,0.03,0.5,60,0.4084025007632482,0.5869565217391305,,2025-01-06 02:15:00+00:00,2025-01-07 20:53:00+00:00,0.38586,0.35214,26710.878285032806,-900.690815771306,-8.73892085212253,0.0,Long,Closed
10,btc_any_breakout_down,0,0.1,0.06,0.03,0.5,60,0.4084025007632482,0.5869565217391305,,2025-01-07 21:40:00+00:00,2025-01-09 19:49:00+00:00,0.34879,0.31687,28258.591379274367,-902.0142368264387,-9.15163852174662,0.0,Long,Closed
10,btc_any_breakout_down,0,0.1,0.06,0.03,0.5,60,0.4084025007632482,0.5869565217391305,,2025-01-09 20:13:00+00:00,2025-01-10 07:42:00+00:00,0.31604,0.33901,29759.862576774736,683.584043388515,7.26806733324895,0.0,Long,Closed
10,btc_any_breakout_down,0,0.1,0.06,0.03,0.5,60,0.4084025007632482,0.5869565217391305,,2025-01-10 13:30:00+00:00,2025-01-13 14:35:00+00:00,0.32692,0.31024,29814.936346684644,-497.3131382626998,-5.102165667441575,0.0,Long,Closed
10,btc_any_breakout_down,0,0.1,0.06,0.03,0.5,60,0.4084025007632482,0.5869565217391305,,2025-01-13 14:36:00+00:00,2025-01-13 20:51:00+00:00,0.31348,0.33374,30299.994964038517,613.8778979714207,6.46293224448131,0.0,Long,Closed
10,btc_any_breakout_down,0,0.1,0.06,0.03,0.5,60,0.4084025007632482,0.5869565217391305,,2025-01-13 20:53:00+00:00,2025-01-14 09:51:00+00:00,0.333,0.3547,29445.589700638153,638.9692965038485,6.516516516516521,0.0,Long,Closed
10,btc_any_breakout_down,0,0.1,0.06,0.03,0.5,60,0.4084025007632482,0.5869565217391305,,2025-01-14 13:32:00+00:00,2025-01-15 15:28:00+00:00,0.35075,0.37205,28866.332198330518,614.8528758244393,6.0727013542409045,0.0,Long,Closed
10,btc_any_breakout_down,0,0.1,0.06,0.03,0.5,60,0.4084025007632482,0.5869565217391305,,2025-01-15 20:13:00+00:00,2025-01-17 12:46:00+00:00,0.37726,0.41244,27652.792388476515,972.8252362266048,9.325133859937454,0.0,Long,Closed
10,btc_any_breakout_down,0,0.1,0.06,0.03,0.5,60,0.4084025007632482,0.5869565217391305,,2025-01-17 14:41:00+00:00,2025-01-19 09:15:00+00:00,0.41138,0.36692,26541.65266806833,-1180.0418776223178,-10.807525888472941,0.0,Long,Closed
10,btc_any_breakout_down,0,0.1,0.06,0.03,0.5,60,0.4084025007632482,0.5869565217391305,,2025-01-19 09:16:00+00:00,2025-01-19 15:05:00+00:00,0.36552,0.38766,28257.50748462134,625.621215709516,6.0571240971766205,0.0,Long,Closed
10,btc_any_breakout_down,0,0.1,0.06,0.03,0.5,60,0.4084025007632482,0.5869565217391305,,2025-01-19 15:06:00+00:00,2025-01-19 22:48:00+00:00,0.38859,0.35297,27384.89087118441,-975.4498128315881,-9.166473661185307,0.0,Long,Closed
10,btc_any_breakout_down,0,0.1,0.06,0.03,0.5,60,0.4084025007632482,0.5869565217391305,,2025-01-19 22:49:00+00:00,2025-01-20 06:54:00+00:00,0.35847,0.38016,28325.298734113745,614.3757295429259,6.050715541049448,0.0,Long,Closed
10,btc_any_breakout_down,0,0.1,0.06,0.03,0.5,60,0.4084025007632482,0.5869565217391305,,2025-01-20 06:56:00+00:00,2025-01-21 00:55:00+00:00,0.3792,0.3466,27586.913771068612,-899.333388936835,-8.597046413502094,0.0,Long,Closed
10,btc_any_breakout_down,0,0.1,0.06,0.03,0.5,60,0.4084025007632482,0.5869565217391305,,2025-01-21 00:58:00+00:00,2025-01-21 12:15:00+00:00,0.34448,0.38595,29062.03845657454,1205.2027347941457,12.038434742220153,0.0,Long,Closed
10,btc_any_breakout_down,0,0.1,0.06,0.03,0.5,60,0.4084025007632482,0.5869565217391305,,2025-01-21 12:20:00+00:00,2025-01-23 10:41:00+00:00,0.38063,0.34687,27885.065220602348,-941.3998018475359,-8.869505819299588,0.0,Long,Closed
10,btc_any_breakout_down,0,0.1,0.06,0.03,0.5,60,0.4084025007632482,0.5869565217391305,,2025-01-23 10:44:00+00:00,2025-01-27 02:02:00+00:00,0.34689,0.32586,29240.371512566246,-614.925012909267,-6.062440543111639,0.0,Long,Closed
10,btc_any_breakout_down,0,0.1,0.06,0.03,0.5,60,0.4084025007632482,0.5869565217391305,,2025-01-27 05:51:00+00:00,2025-01-30 14:55:00+00:00,0.31902,0.33823,30831.076319790205,592.264976103168,6.021566046015905,0.0,Long,Closed
10,btc_any_breakout_down,0,0.1,0.06,0.03,0.5,60,0.4084025007632482,0.5869565217391305,,2025-01-30 14:57:00+00:00,2025-02-02 03:09:00+00:00,0.33701,0.30684,30063.981649182682,-907.0303263558417,-8.952256609596155,0.0,Long,Closed
10,btc_any_breakout_down,0,0.1,0.06,0.03,0.5,60,0.4084025007632482,0.5869565217391305,,2025-02-02 03:10:00+00:00,2025-02-02 17:36:00+00:00,0.30558,0.26859,31672.057374216685,-1171.549402272276,-12.104849793834683,0.0,Long,Closed
10,btc_any_breakout_down,0,0.1,0.06,0.03,0.5,60,0.4084025007632482,0.5869565217391305,,2025-02-02 17:50:00+00:00,2025-02-03 00:43:00+00:00,0.27369,0.24793,33222.158614772175,-855.8028059165299,-9.412108590010583,0.0,Long,Closed
10,btc_any_breakout_down,0,0.1,0.06,0.03,0.5,60,0.4084025007632482,0.5869565217391305,,2025-02-03 00:44:00+00:00,2025-02-03 01:54:00+00:00,0.24584,0.22831,35245.16428701078,-617.8477299512988,-7.130654083957043,0.0,Long,Closed
10,btc_any_breakout_down,0,0.1,0.06,0.03,0.5,60,0.4084025007632482,0.5869565217391305,,2025-02-03 01:55:00+00:00,2025-02-03 02:07:00+00:00,0.221,0.20344,37808.81141784199,-663.9227284973058,-7.945701357466067,0.0,Long,Closed
10,btc_any_breakout_down,0,0.1,0.06,0.03,0.5,60,0.4084025007632482,0.5869565217391305,,2025-02-03 02:21:00+00:00,2025-02-03 06:26:00+00:00,0.23042,0.24453,34822.43711090369,491.34458763485054,6.123600381911285,0.0,Long,Closed
10,btc_any_breakout_down,0,0.1,0.06,0.03,0.5,60,0.4084025007632482,0.5869565217391305,,2025-02-03 06:41:00+00:00,2025-02-03 14:39:00+00:00,0.24289,0.258,34046.10421553729,514.436634696769,6.220923051587145,0.0,Long,Closed
10,btc_any_breakout_down,0,0.1,0.06,0.03,0.5,60,0.4084025007632482,0.5869565217391305,,2025-02-03 14:40:00+00:00,2025-02-03 16:25:00+00:00,0.25671,0.27257,33215.2100434741,526.7932312894973,6.178177710256686,0.0,Long,Closed
10,btc_any_breakout_down,0,0.1,0.06,0.03,0.5,60,0.4084025007632482,0.5869565217391305,,2025-02-03 16:26:00+00:00,2025-02-03 22:08:00+00:00,0.27174,0.29194,32347.365812559747,653.4167894137063,7.433576212556113,0.0,Long,Closed
10,btc_any_breakout_down,0,0.1,0.06,0.03,0.5,60,0.4084025007632482,0.5869565217391305,,2025-02-03 22:09:00+00:00,2025-02-04 05:34:00+00:00,0.29065,0.2592,31366.87280444465,-986.488149699785,-10.820574574230182,0.0,Long,Closed
10,btc_any_breakout_down,0,0.1,0.06,0.03,0.5,60,0.4084025007632482,0.5869565217391305,,2025-02-04 05:38:00+00:00,2025-02-04 12:35:00+00:00,0.25884,0.27493,33316.09297543635,536.0559359747713,6.216195333024266,0.0,Long,Closed
10,btc_any_breakout_down,0,0.1,0.06,0.03,0.5,60,0.4084025007632482,0.5869565217391305,,2025-02-04 12:45:00+00:00,2025-02-06 16:21:00+00:00,0.27118,0.24748,32788.42640957789,-777.085705906994,-8.739582565085898,0.0,Long,Closed
10,btc_any_breakout_down,0,0.1,0.06,0.03,0.5,60,0.4084025007632482,0.5869565217391305,,2025-02-06 16:26:00+00:00,2025-02-12 21:13:00+00:00,0.24830000000000002,0.26363,34244.95618524299,524.9751783197735,6.173983084977831,0.0,Long,Closed
10,btc_any_breakout_down,0,0.1,0.06,0.03,0.5,60,0.4084025007632482,0.5869565217391305,,2025-02-13 14:38:00+00:00,2025-02-14 13:34:00+00:00,0.25399,0.26946,34511.2414266535,533.8889048703277,6.090790976022656,0.0,Long,Closed
10,btc_any_breakout_down,0,0.1,0.06,0.03,0.5,60,0.4084025007632482,0.5869565217391305,,2025-02-14 15:15:00+00:00,2025-02-14 17:49:00+00:00,0.2691,0.28638,33565.420521705266,580.0104666150692,6.421404682274272,0.0,Long,Closed
10,btc_any_breakout_down,0,0.1,0.06,0.03,0.5,60,0.4084025007632482,0.5869565217391305,,2025-02-14 19:53:00+00:00,2025-02-18 16:36:00+00:00,0.27531,0.24367,33861.68281463957,-1071.3836442551965,-11.492499364352915,0.0,Long,Closed
10,btc_any_breakout_down,0,0.1,0.06,0.03,0.5,60,0.4084025007632482,0.5869565217391305,,2025-02-18 19:07:00+00:00,2025-02-24 13:15:00+00:00,0.24666999999999997,0.23143,35621.55135837688,-542.8724427016623,-6.1782948879069055,0.0,Long,Closed
10,btc_any_breakout_down,0,0.1,0.06,0.03,0.5,60,0.4084025007632482,0.5869565217391305,,2025-02-24 14:42:00+00:00,2025-02-25 00:14:00+00:00,0.22694000000000003,0.20454,37522.3929330219,-840.5016016996915,-9.87045033929674,0.0,Long,Closed
10,btc_any_breakout_down,0,0.1,0.06,0.03,0.5,60,0.4084025007632482,0.5869565217391305,,2025-02-25 00:21:00+00:00,2025-02-28 02:31:00+00:00,0.21243,0.1916,38107.05197651059,-793.7698926707162,-9.805583015581611,0.0,Long,Closed
10,btc_any_breakout_down,0,0.1,0.06,0.03,0.5,60,0.4084025007632482,0.5869565217391305,,2025-02-28 02:32:00+00:00,2025-03-01 01:44:00+00:00,0.19128,0.20283,40245.69272811997,464.8377510097862,6.038268506900886,0.0,Long,Closed
10,btc_any_breakout_down,0,0.1,0.06,0.03,0.5,60,0.4084025007632482,0.5869565217391305,,2025-03-01 04:51:00+00:00,2025-03-02 16:21:00+00:00,0.20825,0.22177,38082.18478050266,514.8711382323972,6.492196878751516,0.0,Long,Closed
10,btc_any_breakout_down,0,0.1,0.06,0.03,0.5,60,0.4084025007632482,0.5869565217391305,,2025-03-02 16:22:00+00:00,2025-03-02 17:32:00+00:00,0.2205,0.23463,37134.016098212596,524.7036474677452,6.408163265306138,0.0,Long,Closed
10,btc_any_breakout_down,0,0.1,0.06,0.03,0.5,60,0.4084025007632482,0.5869565217391305,,2025-03-02 17:34:00+00:00,2025-03-03 08:51:00+00:00,0.23276,0.2175,36305.21727697951,-554.0176156467078,-6.556109297130098,0.0,Long,Closed
10,btc_any_breakout_down,0,0.1,0.06,0.03,0.5,60,0.4084025007632482,0.5869565217391305,,2025-03-03 08:54:00+00:00,2025-03-03 19:52:00+00:00,0.21643,0.2016,37764.60548706924,-560.0490993732365,-6.852099986138701,0.0,Long,Closed
10,btc_any_breakout_down,0,0.1,0.06,0.03,0.5,60,0.4084025007632482,0.5869565217391305,,2025-03-03 19:54:00+00:00,2025-03-06 06:06:00+00:00,0.20004,0.21581,39458.95328874114,622.2676933634493,7.883423315336953,0.0,Long,Closed
10,btc_any_breakout_down,0,0.1,0.06,0.03,0.5,60,0.4084025007632482,0.5869565217391305,,2025-03-06 12:37:00+00:00,2025-03-09 10:50:00+00:00,0.20847,0.18392,39355.79633789755,-966.1848000953842,-11.77627476375497,0.0,Long,Closed
10,btc_any_breakout_down,0,0.1,0.06,0.03,0.5,60,0.4084025007632482,0.5869565217391305,,2025-03-09 12:06:00+00:00,2025-03-09 18:18:00+00:00,0.18487,0.16633,41766.703426807,-774.3546815330019,-10.02866879428788,0.0,Long,Closed
10,btc_any_breakout_down,0,0.1,0.06,0.03,0.5,60,0.4084025007632482,0.5869565217391305,,2025-03-09 18:29:00+00:00,2025-03-10 09:23:00+00:00,0.16948,0.17969,43274.918112740794,441.8369139310835,6.024309653056408,0.0,Long,Closed
10,btc_any_breakout_down,0,0.1,0.06,0.03,0.5,60,0.4084025007632482,0.5869565217391305,,2025-03-10 09:27:00+00:00,2025-03-10 17:04:00+00:00,0.17868,0.16064,42283.14069125168,-762.7878580701808,-10.096261473024407,0.0,Long,Closed
10,btc_any_breakout_down,0,0.1,0.06,0.03,0.5,60,0.4084025007632482,0.5869565217391305,,2025-03-10 17:06:00+00:00,2025-03-11 00:51:00+00:00,0.16009,0.14311,44810.77924715947,-760.8870316167686,-10.606533824723604,0.0,Long,Closed
10,btc_any_breakout_down,0,0.1,0.06,0.03,0.5,60,0.4084025007632482,0.5869565217391305,,2025-03-11 00:56:00+00:00,2025-03-11 02:08:00+00:00,0.14548,0.15428,46695.862894345446,410.9235934702392,6.04894143524882,0.0,Long,Closed
10,btc_any_breakout_down,0,0.1,0.06,0.03,0.5,60,0.4084025007632482,0.5869565217391305,,2025-03-11 02:31:00+00:00,2025-03-11 16:28:00+00:00,0.15374,0.16345,45523.45473269479,442.03274545446675,6.315857941979972,0.0,Long,Closed
10,btc_any_breakout_down,0,0.1,0.06,0.03,0.5,60,0.4084025007632482,0.5869565217391305,,2025-03-11 16:57:00+00:00,2025-03-12 12:30:00+00:00,0.16301,0.17306,44290.48710712061,445.11939542656273,6.165265934605248,0.0,Long,Closed
10,btc_any_breakout_down,0,0.1,0.06,0.03,0.5,60,0.4084025007632482,0.5869565217391305,,2025-03-12 12:32:00+00:00,2025-03-24 14:18:00+00:00,0.17247,0.18474,43151.57419287418,529.4698153465652,7.114280744477286,0.0,Long,Closed
10,btc_any_breakout_down,0,0.1,0.06,0.03,0.5,60,0.4084025007632482,0.5869565217391305,,2025-03-24 14:30:00+00:00,2025-03-26 07:32:00+00:00,0.18054,0.19979,42689.08224614098,821.7648332382132,10.662457073224763,0.0,Long,Closed
10,btc_any_breakout_down,0,0.1,0.06,0.03,0.5,60,0.4084025007632482,0.5869565217391305,,2025-03-26 13:51:00+00:00,2025-03-28 14:08:00+00:00,0.19885,0.17836,40824.58800773145,-836.4958082784178,-10.304249434246925,0.0,Long,Closed
10,btc_any_breakout_down,0,0.1,0.06,0.03,0.5,60,0.4084025007632482,0.5869565217391305,,2025-03-28 14:12:00+00:00,2025-03-31 13:45:00+00:00,0.1783,0.16106,43184.07975994499,-744.4935350614505,-9.669097027481758,0.0,Long,Closed
10,btc_any_breakout_down,0,0.1,0.06,0.03,0.5,60,0.4084025007632482,0.5869565217391305,,2025-03-31 13:56:00+00:00,2025-04-01 08:33:00+00:00,0.16304,0.17385,44942.803322297994,485.831703914042,6.6302747791953,0.0,Long,Closed
10,btc_any_breakout_down,0,0.1,0.06,0.03,0.5,60,0.4084025007632482,0.5869565217391305,,2025-04-01 14:01:00+00:00,2025-04-03 12:44:00+00:00,0.16998,0.15815,44536.94849761434,-526.8721007267768,-6.959642310860089,0.0,Long,Closed
10,btc_any_breakout_down,0,0.1,0.06,0.03,0.5,60,0.4084025007632482,0.5869565217391305,,2025-04-03 12:46:00+00:00,2025-04-04 13:56:00+00:00,0.15708,0.16652,46517.40804215112,439.1243319179066,6.009676597911893,0.0,Long,Closed
10,btc_any_breakout_down,0,0.1,0.06,0.03,0.5,60,0.4084025007632482,0.5869565217391305,,2025-04-04 14:01:00+00:00,2025-04-06 18:19:00+00:00,0.16659,0.15488,45179.88247325801,-529.056423761851,-7.029233447385794,0.0,Long,Closed
10,btc_any_breakout_down,0,0.1,0.06,0.03,0.5,60,0.4084025007632482,0.5869565217391305,,2025-04-06 18:21:00+00:00,2025-04-07 06:16:00+00:00,0.15386,0.14,47198.676779794136,-654.1736601679459,-9.00818926296632,0.0,Long,Closed
10,btc_any_breakout_down,0,0.1,0.06,0.03,0.5,60,0.4084025007632482,0.5869565217391305,,2025-04-07 06:17:00+00:00,2025-04-07 14:10:00+00:00,0.13882,0.14736,49956.06958114935,426.62483422301466,6.151851318253843,0.0,Long,Closed
10,btc_any_breakout_down,0,0.1,0.06,0.03,0.5,60,0.4084025007632482,0.5869565217391305,,2025-04-07 14:14:00+00:00,2025-04-09 01:10:00+00:00,0.14962,0.1396,47775.79198213247,-478.71343566096766,-6.696965646303974,0.0,Long,Closed
10,btc_any_breakout_down,0,0.1,0.06,0.03,0.5,60,0.4084025007632482,0.5869565217391305,,2025-04-09 01:11:00+00:00,2025-04-09 13:32:00+00:00,0.13916,0.14803,49646.86173136085,440.3676635571701,6.373958033917783,0.0,Long,Closed
10,btc_any_breakout_down,0,0.1,0.06,0.03,0.5,60,0.4084025007632482,0.5869565217391305,,2025-04-09 13:34:00+00:00,2025-04-09 17:30:00+00:00,0.14712,0.156,48457.32130447771,430.3010131837618,6.0358890701468155,0.0,Long,Closed
10,btc_any_breakout_down,0,0.1,0.06,0.03,0.5,60,0.4084025007632482,0.5869565217391305,,2025-04-09 17:32:00+00:00,2025-04-12 14:24:00+00:00,0.15688,0.16635,46814.072009858755,443.32926193336334,6.036460989291191,0.0,Long,Closed
10,btc_any_breakout_down,0,0.1,0.06,0.03,0.5,60,0.4084025007632482,0.5869565217391305,,2025-04-12 14:26:00+00:00,2025-04-16 17:49:00+00:00,0.16623,0.15211,45514.38517640212,-642.6631186907971,-8.494254947963656,0.0,Long,Closed
10,btc_any_breakout_down,0,0.1,0.06,0.03,0.5,60,0.4084025007632482,0.5869565217391305,,2025-04-16 17:50:00+00:00,2025-04-21 11:24:00+00:00,0.15118,0.16039,47919.86167831674,441.3419260572973,6.092075671385105,0.0,Long,Closed
10,btc_any_breakout_down,0,0.1,0.06,0.03,0.5,60,0.4084025007632482,0.5869565217391305,,2025-04-21 14:48:00+00:00,2025-04-22 14:39:00+00:00,0.16087,0.17082,46405.144847122356,461.731191228866,6.185118418598848,0.0,Long,Closed
10,btc_any_breakout_down,0,0.1,0.06,0.03,0.5,60,0.4084025007632482,0.5869565217391305,,2025-04-22 15:33:00+00:00,2025-04-23 00:27:00+00:00,0.17145,0.1822,44888.07959854772,482.5468556843889,6.270049577136204,0.0,Long,Closed
10,btc_any_breakout_down,0,0.1,0.06,0.03,0.5,60,0.4084025007632482,0.5869565217391305,,2025-04-23 10:08:00+00:00,2025-05-06 13:52:00+00:00,0.18105,0.16442,43840.56710860647,-729.0686310161245,-9.185307925987283,0.0,Long,Closed
10,btc_any_breakout_down,0,0.1,0.06,0.03,0.5,60,0.4084025007632482,0.5869565217391305,,2025-05-06 22:06:00+00:00,2025-05-08 15:24:00+00:00,0.17047,0.18859,44423.067750954055,804.9459876472883,10.629436264445369,0.0,Long,Closed
10,btc_any_breakout_down,0,0.1,0.06,0.03,0.5,60,0.4084025007632482,0.5869565217391305,,2025-05-08 15:29:00+00:00,2025-05-09 07:57:00+00:00,0.18886,0.20544,42228.493875509805,700.1484284559529,8.778989727840731,0.0,Long,Closed
10,btc_any_breakout_down,0,0.1,0.06,0.03,0.5,60,0.4084025007632482,0.5869565217391305,,2025-05-09 08:40:00+00:00,2025-05-10 23:15:00+00:00,0.20695,0.24767,40228.787473093784,1638.1162259043795,19.67625030200532,0.0,Long,Closed
10,btc_any_breakout_down,0,0.1,0.06,0.03,0.5,60,0.4084025007632482,0.5869565217391305,,2025-05-10 23:20:00+00:00,2025-05-12 18:07:00+00:00,0.24739,0.22641,36963.521890573385,-775.4946892642292,-8.480536804236221,0.0,Long,Closed
10,btc_any_breakout_down,0,0.1,0.06,0.03,0.5,60,0.4084025007632482,0.5869565217391305,,2025-05-12 18:09:00+00:00,2025-05-19 06:38:00+00:00,0.22693,0.21539,38587.48660766243,-445.2995954524231,-5.0852685850262045,0.0,Long,Closed
10,btc_any_breakout_down,0,0.1,0.06,0.03,0.5,60,0.4084025007632482,0.5869565217391305,,2025-05-19 18:32:00+00:00,2025-05-21 23:25:00+00:00,0.22165,0.23559,38502.18153914109,536.7204106556273,6.289194676291457,0.0,Long,Closed
10,btc_any_breakout_down,0,0.1,0.06,0.03,0.5,60,0.4084025007632482,0.5869565217391305,,2025-05-21 23:29:00+00:00,2025-05-25 21:31:00+00:00,0.2352,0.21838,37425.03717465322,-629.4891252776679,-7.151360544217695,0.0,Long,Closed
10,btc_any_breakout_down,0,0.1,0.06,0.03,0.5,60,0.4084025007632482,0.5869565217391305,,2025-05-25 22:14:00+00:00,2025-05-30 00:57:00+00:00,0.22133,0.20521,38348.2771465215,-618.1742276019258,-7.283242217503267,0.0,Long,Closed
10,btc_any_breakout_down,0,0.1,0.06,0.03,0.5,60,0.4084025007632482,0.5869565217391305,,2025-05-30 00:58:00+00:00,2025-06-05 16:59:00+00:00,0.2013,0.18106,40628.599438840734,-822.3228526421371,-10.054644808743179,0.0,Long,Closed
10,btc_any_breakout_down,0,0.1,0.06,0.03,0.5,60,0.4084025007632482,0.5869565217391305,,2025-06-05 18:16:00+00:00,2025-06-09 21:12:00+00:00,0.17821,0.19108,43585.52068187852,560.9456511757762,7.22181695752202,0.0,Long,Closed
10,btc_any_breakout_down,0,0.1,0.06,0.03,0.5,60,0.4084025007632482,0.5869565217391305,,2025-06-09 21:30:00+00:00,2025-06-12 20:48:00+00:00,0.19384,0.18115,41517.9966276592,-526.8633772049961,-6.5466364011556015,0.0,Long,Closed
10,btc_any_breakout_down,0,0.1,0.06,0.03,0.5,60,0.4084025007632482,0.5869565217391305,,2025-06-13 00:01:00+00:00,2025-06-20 17:20:00+00:00,0.18085,0.15947,43043.498909057016,-920.2700066756388,-11.821951893834665,0.0,Long,Closed
10,btc_any_breakout_down,0,0.1,0.06,0.03,0.5,60,0.4084025007632482,0.5869565217391305,,2025-06-20 17:23:00+00:00,2025-06-22 20:12:00+00:00,0.1592,0.14458,46006.795065107675,-672.6193438518749,-9.183417085427143,0.0,Long,Closed
10,btc_any_breakout_down,0,0.1,0.06,0.03,0.5,60,0.4084025007632482,0.5869565217391305,,2025-06-22 22:13:00+00:00,2025-06-23 18:35:00+00:00,0.14848,0.15764,47063.389698539904,431.10064963862624,6.1691810344827696,0.0,Long,Closed
10,btc_any_breakout_down,0,0.1,0.06,0.03,0.5,60,0.4084025007632482,0.5869565217391305,,2025-06-23 22:12:00+00:00,2025-07-03 12:38:00+00:00,0.16191,0.17164,44490.90499202346,432.8965055723884,6.009511456982276,0.0,Long,Closed
10,btc_any_breakout_down,0,0.1,0.06,0.03,0.5,60,0.4084025007632482,0.5869565217391305,,2025-07-03 12:41:00+00:00,2025-07-10 16:24:00+00:00,0.17158,0.18199,43244.96258331223,450.18006049228006,6.067140692388386,0.0,Long,Closed
10,btc_any_breakout_down,0,0.1,0.06,0.03,0.5,60,0.4084025007632482,0.5869565217391305,,2025-07-10 16:29:00+00:00,2025-07-11 05:48:00+00:00,0.18278,0.20098,41826.57134418894,761.243598464238,9.957325746799421,0.0,Long,Closed
10,btc_any_breakout_down,0,0.1,0.06,0.03,0.5,60,0.4084025007632482,0.5869565217391305,,2025-07-14 03:45:00+00:00,2025-07-15 04:10:00+00:00,0.20518,0.18902,39115.3256142069,-632.1036619255838,-7.87601130714495,0.0,Long,Closed
10,btc_any_breakout_down,0,0.1,0.06,0.03,0.5,60,0.4084025007632482,0.5869565217391305,,2025-07-15 13:44:00+00:00,2025-07-16 15:08:00+00:00,0.19418,0.20595,39703.525999382946,467.3105010127374,6.061386342568753,0.0,Long,Closed
10,btc_any_breakout_down,0,0.1,0.06,0.03,0.5,60,0.4084025007632482,0.5869565217391305,,2025-07-16 15:15:00+00:00,2025-07-17 21:20:00+00:00,0.20411,0.21645,38916.6916322892,480.2319747424481,6.045759639410114,0.0,Long,Closed
10,btc_any_breakout_down,0,0.1,0.06,0.03,0.5,60,0.4084025007632482,0.5869565217391305,,2025-07-17 21:37:00+00:00,2025-07-18 01:11:00+00:00,0.21328,0.2278,38369.28880550344,557.1220734559092,6.807951987996991,0.0,Long,Closed
10,btc_any_breakout_down,0,0.1,0.06,0.03,0.5,60,0.4084025007632482,0.5869565217391305,,2025-07-18 14:17:00+00:00,2025-07-20 22:08:00+00:00,0.24715000000000004,0.26852,34238.166915499605,731.669626984225,8.64657090835523,0.0,Long,Closed
10,btc_any_breakout_down,0,0.1,0.06,0.03,0.5,60,0.4084025007632482,0.5869565217391305,,2025-07-20 22:10:00+00:00,2025-07-23 20:34:00+00:00,0.26932,0.23503,32778.099534597655,-1123.9610330413543,-12.732065943858615,0.0,Long,Closed
10,btc_any_breakout_down,0,0.1,0.06,0.03,0.5,60,0.4084025007632482,0.5869565217391305,,2025-07-25 03:04:00+00:00,2025-07-28 13:41:00+00:00,0.22495,0.2386,36745.13114086314,501.5710400727821,6.068015114469886,0.0,Long,Closed
10,btc_any_breakout_down,0,0.1,0.06,0.03,0.5,60,0.4084025007632482,0.5869565217391305,,2025-07-28 13:47:00+00:00,2025-07-30 19:04:00+00:00,0.23646,0.21265,36017.09705731859,-857.5670809347557,-10.069356339338578,0.0,Long,Closed
10,btc_any_breakout_down,0,0.1,0.06,0.03,0.5,60,0.4084025007632482,0.5869565217391305,,2025-08-01 00:50:00+00:00,2025-08-10 03:09:00+00:00,0.20438,0.23973,39572.45929007817,1398.8864359042627,17.296212936686555,0.0,Long,Closed
10,btc_any_breakout_down,0,0.1,0.06,0.03,0.5,60,0.4084025007632482,0.5869565217391305,,2025-08-11 14:48:00+00:00,2025-08-13 13:42:00+00:00,0.22831,0.24263,38488.294194990616,551.1523728722659,6.27217379878236,0.0,Long,Closed
10,btc_any_breakout_down,0,0.1,0.06,0.03,0.5,60,0.4084025007632482,0.5869565217391305,,2025-08-13 13:55:00+00:00,2025-08-14 12:34:00+00:00,0.24366,0.22042,37194.60984197013,-864.4027327273852,-9.537880653369443,0.0,Long,Closed
10,btc_any_breakout_down,0,0.1,0.06,0.03,0.5,60,0.4084025007632482,0.5869565217391305,,2025-08-14 12:35:00+00:00,2025-08-25 19:57:00+00:00,0.22404,0.21349,38522.75159672714,-406.41502934547134,-4.70898053918943,0.0,Long,Closed
10,btc_any_breakout_down,0,0.1,0.06,0.03,0.5,60,0.4084025007632482,0.5869565217391305,,2025-08-25 20:10:00+00:00,2025-09-04 23:05:00+00:00,0.21253,0.21431,39652.89489981655,70.5821529216737,0.8375288194607848,0.0,Long,Open
